Query ID,Query,Book ID,Title,Author,Words (萬),Status,Tags,Intro,Score (0-3),Comment
q1,"現在對於小說的要求越來越高了，
而且慢慢的發現現在除了狗糧基本上都看不進去，
連以很喜歡的異世界主題都看不進去了，
好想念從前那個什麼都可以看得很快樂的自己

說回主題，希望可以找到沒看過的狗糧系小說，
可以接受小刀，但一定要無黃毛無牛頭人，
但背景自帶沈重的例如「戀愛光譜」「刮鬍」這一類的也不喜歡，
黨爭就...看情況吧但其實我也一般般",3f323c6f-30ee-571a-a5a7-d7b08e5c5106,關於鄰家的天使大人不知不覺把我慣成了廢人這檔子事【Web版】,佐伯さん,75.3,連載,"校園, 青春, 戀愛, 歡樂向, syosetu, Web輕小說",藤宮周住的公寓鄰家住著學校人氣第一的可愛天使。椎名真晝優秀而貌美，以至於被喚作天使。而周是並無特別出彩之處的普通學生。他原本以為，雖然她是鄰居，但自己從過去到未來都不會和她扯上關係。這一想法，持續到了周遇見雨中濕透的天使為止。「人情我會還的。說起來，房間最好整理一下。簡直看不下去」「要你多管」天使大人說話有些嚴格。周與她的關係，從硬塞給她傘之後開始。她在周感冒時前來照料；指責周不愛護身體而來幫忙做飯；進行共同作業（打掃房間）；與周一起出門……真晝最初冷淡，而後逐漸變得開始撒嬌。周一開始消極怕麻煩，卻也不知何時敞開了心扉。這是不坦率的兩人逐漸走近的故事。,3,使用者明確要求尋找「狗糧系」小說，且排斥 NTR（黃毛、牛頭人）以及沉重的背景設定。推薦的書籍《關於鄰家的天使大人》屬於典型的校園純愛、歡樂向甜寵文，完全符合使用者對「純粹狗糧」且「無壓力」的需求，是非常理想的匹配。
q1,"現在對於小說的要求越來越高了，
而且慢慢的發現現在除了狗糧基本上都看不進去，
連以很喜歡的異世界主題都看不進去了，
好想念從前那個什麼都可以看得很快樂的自己

說回主題，希望可以找到沒看過的狗糧系小說，
可以接受小刀，但一定要無黃毛無牛頭人，
但背景自帶沈重的例如「戀愛光譜」「刮鬍」這一類的也不喜歡，
黨爭就...看情況吧但其實我也一般般",2382b6d1-1c6f-522f-ae16-d6017b55b3f1,關於我在無意間被隔壁的天使變成廢柴這件事,佐伯さん,149.5,連載,"校園, 青春, 戀愛, 歡樂向, GA文庫, 日本輕小說",藤宮周所住公寓的隔壁，住著學校第一的美少女椎名真晝。自從周看到真晝在雨中淋得全身濕透而把傘借給她以後，原本並無交集的兩人便開始了奇妙的交流。真晝看不下去周自甘墮落的獨居生活，於是開始幫他做飯、打掃房間，在各方面照顧著周。真晝渴望家人間的聯繫，逐漸敞開心房，開始懂得撒嬌；然而，周沒有自信能接受她的好意。儘管兩人不夠坦率，仍然漸漸縮短彼此間的距離……本作於「成為小說家吧」網站獲得讀者們大力支持，為主角與冷淡卻可愛的鄰居間甜蜜而令人焦急的戀愛故事。,3,用戶明確要求「狗糧系」（甜蜜戀愛）小說，且排斥黃毛/NTR以及沉重的背景設定。推薦的書籍《關於我在無意間被隔壁的天使變成廢柴這件事》是一部典型的校園純愛輕小說，主打甜蜜互動、溫馨照顧，完全符合用戶對「狗糧」的需求，且無任何沉重或負面元素，是極佳的匹配。
q1,"現在對於小說的要求越來越高了，
而且慢慢的發現現在除了狗糧基本上都看不進去，
連以很喜歡的異世界主題都看不進去了，
好想念從前那個什麼都可以看得很快樂的自己

說回主題，希望可以找到沒看過的狗糧系小說，
可以接受小刀，但一定要無黃毛無牛頭人，
但背景自帶沈重的例如「戀愛光譜」「刮鬍」這一類的也不喜歡，
黨爭就...看情況吧但其實我也一般般",b30c72c3-1358-5c56-8d82-51aca3b2f579,千萬不要心動啊,icet,3.3,連載,"校園, 青春, 戀愛, 青春日常, 華文輕小說",【慢熱高糖分，狗糧起搏器！】重新遇到自己小時的青梅竹馬是什麼體驗？我，萬里，作為一名合格且普通的男高中生。我，千希，作為一名優秀且怕生的女高中生。「為什麼，有這麼多奇奇怪怪的巧合啊！」千希：「根本...根本不敢看他的眼睛啊！......,3,使用者明確要求高糖分、無 NTR 且背景輕鬆的「狗糧」小說。推薦書籍標籤為校園青春戀愛，且簡介中直接提到「高糖分」與「狗糧起搏器」，完全符合使用者想要輕鬆閱讀、避免沉重背景的需求。
q1,"現在對於小說的要求越來越高了，
而且慢慢的發現現在除了狗糧基本上都看不進去，
連以很喜歡的異世界主題都看不進去了，
好想念從前那個什麼都可以看得很快樂的自己

說回主題，希望可以找到沒看過的狗糧系小說，
可以接受小刀，但一定要無黃毛無牛頭人，
但背景自帶沈重的例如「戀愛光譜」「刮鬍」這一類的也不喜歡，
黨爭就...看情況吧但其實我也一般般",35040b47-e497-5c5c-96d1-519b04b43963,我可以對無比賢惠的妻子撒嬌嗎？,斧名田マニマニ,13.4,完結,"青春, 戀愛, syosetu, Web輕小說",「新山湊人君……！是，是否……能讓我成為你的妻子呢……？」被學園第一的美少女 花江凜戀 求婚，在莫名其妙的時候開始了我的新婚生活。我那非常可愛的妻子，每天都很高興地跟在我後面，甚至一刻也不想離開我身邊。在清潔、洗滌、烹飪、縫紉和一般家務方面都很完美，就像一個專業人士一樣，擁有妻子的所有技能。除此以外，她還非常投入。「為了湊人君能過一輩子快樂的生活，我試著通過投資積累了一筆財產。隨便花吧……!」這樣過度的服務也是家常便飯。此外，當我說一句表揚的話『太棒了』時，她就會像翻板一樣搖動她那看不見的尾巴，這很可愛。是的，在我面前的凜子，就像非常喜歡主人的小狗一樣。但是，不能自滿。這是契約結婚——。她並不是愛上我了。——明明是這樣，當我問她「為什麼要為我付出那麼多」時，她鼓起臉頰說道:「湊人，你太遲鈍了……」。呃……我們做的是契約結婚吧……?這是一個從零交往日結婚開始，只是一味幸福的單相思愛情故事。,3,使用者明確要求尋找「狗糧系」且無 NTR（黃毛/牛頭人）、無沉重背景的純愛小說。推薦的小說描述為「只是一味幸福的單相思愛情故事」，包含賢惠妻子、甜蜜新婚生活等元素，完全符合使用者對純甜、無壓力閱讀的需求。
q1,"現在對於小說的要求越來越高了，
而且慢慢的發現現在除了狗糧基本上都看不進去，
連以很喜歡的異世界主題都看不進去了，
好想念從前那個什麼都可以看得很快樂的自己

說回主題，希望可以找到沒看過的狗糧系小說，
可以接受小刀，但一定要無黃毛無牛頭人，
但背景自帶沈重的例如「戀愛光譜」「刮鬍」這一類的也不喜歡，
黨爭就...看情況吧但其實我也一般般",61ca5a3e-9499-5033-9fc1-2d5688b902bc,與人氣聲優甜甜蜜蜜步入禮堂的戀愛喜劇,淺岡旭,17.7,連載,"職場, 青春, 戀愛, 歡樂向, 富士見文庫, 日本輕小說",與最喜歡的女性聲優一同度過，卿卿我我的新婚生活相崎優香，動畫業界的人氣聲優，通稱相醬。相醬那惹人喜愛的聲音超級可愛！但其實她在剛出道時，只是個沒什麼名氣的新人，身為真愛粉的本人在事務所內發誓要讓她成為人氣聲優後，我成為了她的經紀人。之後過了3年，手上的企劃案成功使她攀上人氣聲優的寶座，再我向她進行了愛的告白/求婚後 ，我們順利的結婚了！「謝謝你，經紀人……。一直以來都在背後支撐著我……。 我也喜歡你！」被最喜歡的她所依靠，引導她成為聲優業界No.1的經紀人生活正式拉開序幕！,3,使用者明確要求「狗糧系」且排除「黃毛/NTR」以及「沈重背景」的小說。推薦書籍為新婚生活的戀愛喜劇，標籤為「歡樂向」，劇情描述兩人深情且甜蜜的關係，完全符合使用者對甜寵、無壓力且無背叛情節的需求。
q1,"現在對於小說的要求越來越高了，
而且慢慢的發現現在除了狗糧基本上都看不進去，
連以很喜歡的異世界主題都看不進去了，
好想念從前那個什麼都可以看得很快樂的自己

說回主題，希望可以找到沒看過的狗糧系小說，
可以接受小刀，但一定要無黃毛無牛頭人，
但背景自帶沈重的例如「戀愛光譜」「刮鬍」這一類的也不喜歡，
黨爭就...看情況吧但其實我也一般般",17278069-fad9-59ae-91ff-382e5a020041,替雙親還債的條件是和全日本最可愛的女高中生一起生活,雨音惠,48.8,完結,"校園, 青春, 戀愛, 歡樂向, Fami通文庫, 日本輕小說",糖度300%的同居愛情喜劇。主人公吉住勇也被迫償還逃亡海外的父母留下的債務。拯救了這樣窮途末路的人生危機的是被選為日本最可愛女高中同級生一葉楓。但是那裡有內幕。作為代還借款的回報所要求的是——「償還借款的條件是————和我同居」「為什麼會變成這樣！？」以這一天為始點勇也的日常生活開始崩潰。「勇也君。一起洗澡吧」「勇也君。請成為我的抱枕」「適可而止啊一葉小姐！」雖是美少女卻很天然的一葉楓和認真而穩重的吉住勇也之間的愛情輕喜劇，在此開幕！,3,使用者明確要求「狗糧系（甜寵）」小說，且排斥 NTR、牛頭人及沉重背景。推薦書籍標榜「糖度 300%」且為「歡樂向」的同居愛情喜劇，完全符合使用者對甜蜜、輕鬆氛圍的需求，且沒有任何觸及禁忌元素或沉重基調的跡象。
q1,"現在對於小說的要求越來越高了，
而且慢慢的發現現在除了狗糧基本上都看不進去，
連以很喜歡的異世界主題都看不進去了，
好想念從前那個什麼都可以看得很快樂的自己

說回主題，希望可以找到沒看過的狗糧系小說，
可以接受小刀，但一定要無黃毛無牛頭人，
但背景自帶沈重的例如「戀愛光譜」「刮鬍」這一類的也不喜歡，
黨爭就...看情況吧但其實我也一般般",22514cde-e803-54cc-bdbe-34275650d8f8,好感度120%的北條同學似乎願意為我做任何事……,本田セカイ,22.0,完結,"校園, 歡樂向, 青春, 戀愛, 角川文庫, 日本輕小說",我能夠看見『別人對我的好感度』。話雖如此，大多數人都是止於『點頭之交』的40％左右，但是才貌雙全的千金小姐轉學生‧北條朱雀──對我的好感度居然高達120％!?在班上總是表現得很端莊的北條，在我面前卻是無比主動!!她沒事就跟我說「我只是想要握住你的手而已」，或是「我想要讓你欣賞我的ＣＯＳＰＬＡＹ打扮」。即使我和班上的現充女孩成為好朋友，她也只是輕描淡寫地說了一句：「你想和誰交朋友是你的自由。畢竟我深深地愛著你就好。」完全沒把這當成一回事!!而且，面對我提出的『無理要求』，北條居然真的願意聽從!?甚至斬釘截鐵地表示：「如果這就是你的願望的話，我沒有理由不聽從。」和好感度突破極限的通通肯定系女孩，共譜甜蜜的學園愛情喜劇!!,3,使用者尋找的是純粹的「狗糧」小說，要求無 NTR（黃毛/牛頭人）且避開沉重的設定。推薦的小說是一部校園歡樂向戀愛喜劇，女主角好感度極高且表現積極，劇情甜蜜且輕快，完全符合使用者對「純甜」、「無雷」且「非沉重」的需求。
q1,"現在對於小說的要求越來越高了，
而且慢慢的發現現在除了狗糧基本上都看不進去，
連以很喜歡的異世界主題都看不進去了，
好想念從前那個什麼都可以看得很快樂的自己

說回主題，希望可以找到沒看過的狗糧系小說，
可以接受小刀，但一定要無黃毛無牛頭人，
但背景自帶沈重的例如「戀愛光譜」「刮鬍」這一類的也不喜歡，
黨爭就...看情況吧但其實我也一般般",d07bca35-ac7b-5b46-96b9-b7eb2ac4806d,即使平日里是正經的班長也能當你的女朋友嗎？,コイル,9.6,連載,"校園, 戀愛, 青春, 歡樂向, 電擊文庫, 日本輕小說",本應該一本正經的班長，卻只在兩人獨處的時候表現得超級可愛！我無論如何也沒法安分地呆在家裡，一到晚上就會去商業街打工。有一天，我幫助了被惡徒纏上的辣妹……而那個辣妹竟是班上的班長——吉野紗良同學！「總是緊繃著弦做事情也太累了，所以偶爾會『變身』成真實的自己」我們形成了擁有夥伴意識，彼此間能窺探真實一面的秘密朋友關係。「話雖如此，但沒想到上了高中還能和女孩子一起玩扔石頭的遊戲」「挺好的呀，非常開心哦！對了，我還想和你一起去粗點心店！」實際上，吉野同學非常地天真無邪，稚氣十足。一段真摯純樸、卻又帶點【不太妙】的朋友關係就此開幕！,3,使用者要求尋找「狗糧系」（甜寵）小說，且明確排除黃毛、NTR以及沉重背景。推薦的小說標籤為「歡樂向」、「校園」、「戀愛」，內容描述為純樸真摯且帶有反差萌的青春戀愛故事，完全符合使用者對輕鬆甜寵的需求，且無任何沉重或背叛元素。
q1,"現在對於小說的要求越來越高了，
而且慢慢的發現現在除了狗糧基本上都看不進去，
連以很喜歡的異世界主題都看不進去了，
好想念從前那個什麼都可以看得很快樂的自己

說回主題，希望可以找到沒看過的狗糧系小說，
可以接受小刀，但一定要無黃毛無牛頭人，
但背景自帶沈重的例如「戀愛光譜」「刮鬍」這一類的也不喜歡，
黨爭就...看情況吧但其實我也一般般",94958e14-0101-582b-b59b-8e1aa9f870ad,無論是飲酒還是和前輩女友的甜蜜同居戀愛喜劇都要從20歲之後才能開始,こばやJ,4.6,連載,"校園, 青春, 戀愛, 歡樂向, kakuyomu, Web輕小說",「我們，差不多該開始同居了吧？」在主人公·鈴木孝志的二十歲生日那天，既是同一所大學的前輩又是女朋友的大谷紅葉提出了這個意想不到的建議。而且，這還是雙親公認的同居，孝志對此感到十分困擾。跟平時很認真但是在男朋友面前卻十分嬌羞的紅葉同居也不是不行，同居生活對孝志來說充滿了魅力。就這樣雙親公認的與前輩女友的同居生活開始了。這段生活比孝志想像中更加甜蜜，但又充滿了想都沒想過的艱難之處……。微妙地處於孩子與大人分界線之間的有點過激的大學生戀愛喜劇開始了！！,3,用戶尋找的是純粹、甜蜜的「狗糧」系小說，且明確要求無 NTR (黃毛) 與無沉重背景。推薦的小說是一部關於大學生同居的甜蜜戀愛喜劇，標籤為「歡樂向」，劇情聚焦於穩定情侶的甜蜜生活，完全符合用戶對甜度的需求且避開了所有禁區。
q1,"現在對於小說的要求越來越高了，
而且慢慢的發現現在除了狗糧基本上都看不進去，
連以很喜歡的異世界主題都看不進去了，
好想念從前那個什麼都可以看得很快樂的自己

說回主題，希望可以找到沒看過的狗糧系小說，
可以接受小刀，但一定要無黃毛無牛頭人，
但背景自帶沈重的例如「戀愛光譜」「刮鬍」這一類的也不喜歡，
黨爭就...看情況吧但其實我也一般般",d3a45ca7-aeef-58be-a2ef-e3fc11ab75e4,是啊，確實很可愛呢,刈野ミカタ,13.8,完結,"校園, 奇幻, 青春, 戀愛, 歡樂向, MF文庫J, 日本輕小說",煩人學妹女友與酷嬌學長男友之你們快點結婚吧戀愛喜劇！這本小說是甜寵戀愛喜劇──男女朋友剛開始交往時，兩人青澀時期的紀錄。男方是渡世戒理，17歲的高中一年級生（留級兩次）。他剛從兩年的長眠醒來，是個有隱情的少年。女方的名字是桑折那乃，16歲的高中一年級生。她喜歡化妝打扮和有趣的事物，是個有點煩人的美少女。這對情侶平常的對話大概如下……「學長～♪今天的我也特別可愛對吧～？你可以說些話讚美我哦～」「是啊，確實很可愛呢。」「～～（害羞）」「桑折？」「……你就是這一點讓人傷腦筋，學長！！」。這本書只是描述了有點脫線的學長，毫無自覺地寵愛女友，讓學妹女友害羞臉紅的故事。既沒有女角間的比拚，也沒有毀滅的危機，甜死人不償命的愛情喜劇，開幕。,3,使用者明確要求尋找「狗糧系」（甜寵）小說，且排斥 NTR、沈重背景以及激烈的黨爭。推薦的小說明確標榜為「甜寵戀愛喜劇」、「甜死人不償命」，且特別提到「沒有女角間的比拚」與「沒有毀滅的危機」，完全符合使用者的所有需求。
q2,"不好意思,最近異世界需求大了,很想看異世界的故事不一定要轉生類但劍與魔法是必需的.. 已有蜘蛛子了,目前在找一些已經有結局的異世界小說 原本想看哥布林殺手的但是還沒完結啊.....超不想看到一半被中斷了 至少至少...像刀劍那種完了SAO篇再換ALO的方式我還可以接受 請問還有什麼戰鬥類已完結的異世界小說可以推介呢?",2478dd3d-9c16-5e6a-96d5-8581098a7830,問題兒童都來自異世界?,龍之湖太郎,128.9,完結,"轉生, 奇幻, 鬥智, 遊戲, 戰鬥, 歡樂向, 角川文庫, 日本輕小說",對世界已經厭煩的逆回十六夜收到了一封邀請函。當他看清信中內容寫著：「望你捨棄一切，前來『箱庭』」的瞬間──他來到了完美無缺的異世界！眼前是帶著貓的沉默少女與態度高傲的大小姐，還有召喚他們的罪魁禍首──黑兔。當黑兔正在說明箱庭世界的規則時，十六夜卻突然表示：「來打倒魔王吧！」!?黑兔沒有拜託你做那種事情呀!!三個超級問題兒和黑兔的明天將會前往何方？,3,該書完全符合用戶對「異世界」、「奇幻/魔法能力」以及「戰鬥類」的核心需求。雖然用戶提到希望看到已完結的作品，但根據評分指南，應忽略狀態等硬性限制，僅針對語義和類型相關性進行評分，因此這是一個極佳的匹配。
q2,"不好意思,最近異世界需求大了,很想看異世界的故事不一定要轉生類但劍與魔法是必需的.. 已有蜘蛛子了,目前在找一些已經有結局的異世界小說 原本想看哥布林殺手的但是還沒完結啊.....超不想看到一半被中斷了 至少至少...像刀劍那種完了SAO篇再換ALO的方式我還可以接受 請問還有什麼戰鬥類已完結的異世界小說可以推介呢?",94aeb9e5-beeb-55b1-876e-382145f2c852,為美好的世界獻上祝福！,曉なつめ,231.0,完結,"轉生, 奇幻, 歡樂向, 戰鬥, 後宮, 角川文庫, 日本輕小說",喜愛遊戲的家裡蹲少年佐藤和真的人生突然閉幕……原本應該是如此，但是當他醒過來時，眼前出現一名自稱是女神的美少女。「你要不要去異世界？可以帶一樣喜歡的東西過去喔。」「那就選你吧。」轉生到異世界的和真就此展開大冒險……還以為是這樣，真相卻是為了滿足食衣住而努力工作！而且只想安穩度日的他，卻因為帶去的女神接二連三引發各種問題，甚至被魔王軍盯上了！？,2,該書符合使用者要求的「異世界」、「劍與魔法」以及「已完結」的核心條件。雖然標籤包含戰鬥，但其主調為歡樂向喜劇，與使用者提到希望看像《哥布林殺手》或《SAO》這類較為正統的戰鬥/冒險類小說在氛圍上有所差異，因此給予 2 分。
q2,"不好意思,最近異世界需求大了,很想看異世界的故事不一定要轉生類但劍與魔法是必需的.. 已有蜘蛛子了,目前在找一些已經有結局的異世界小說 原本想看哥布林殺手的但是還沒完結啊.....超不想看到一半被中斷了 至少至少...像刀劍那種完了SAO篇再換ALO的方式我還可以接受 請問還有什麼戰鬥類已完結的異世界小說可以推介呢?",43c1d6f4-f5a6-59ee-bd4b-fda5b43df607,聖劍學院的魔劍使,志瑞祐,135.3,完結,"轉生, 校園, 奇幻, 戰鬥, 龍傲天, 後宮, MF文庫J, 日本輕小說",十歲少年竟是魔王轉生!?跨越千年，卻迎來魔術消失的世界——最強魔王轉生為十歲小孩!?與大姊姊們展開校園刀劍奇幻故事！最強的魔王雷歐尼斯為了迎接註定到來的決戰，封印了自身的存在。然而跨越千年時光蘇醒的他，竟然變回了十歲少年的模樣！「為什麼!?」「你怎麼被關在這裡？放心吧，姊姊會保護你的。」雷歐尼斯受到隸屬於〈聖劍學院〉的美少女黎榭莉亞保護，並對劇變的世界感到驚愕。未知的敵人〈虛獸〉、〈第零七戰術都市〉、以武器作為外形的異能之力——〈聖劍〉，儘管這些陌生的詞語讓他相當困惑，他依然進入了〈聖劍學院〉就讀。在魔術消失的未來世界中，由最強魔王與美少女們交織而成、聖劍與魔劍的校園刀劍奇幻故事揭開序幕！,3,該書完全符合用戶對「異世界」、「劍與魔法」以及「戰鬥類」的核心需求。雖然用戶強烈希望找已完結的作品，但根據評分指南，需忽略狀態（完結與否）等硬性限制，僅針對語義和類型相關性評分，因此該書是極佳的匹配。
q2,"不好意思,最近異世界需求大了,很想看異世界的故事不一定要轉生類但劍與魔法是必需的.. 已有蜘蛛子了,目前在找一些已經有結局的異世界小說 原本想看哥布林殺手的但是還沒完結啊.....超不想看到一半被中斷了 至少至少...像刀劍那種完了SAO篇再換ALO的方式我還可以接受 請問還有什麼戰鬥類已完結的異世界小說可以推介呢?",5eb2234c-7aad-5452-bb2e-8e5954007ac5,末日時在做什麼？有沒有空？可以來拯救嗎？,枯野瑛,58.5,完結,"奇幻, 戰鬥, 黑暗, 末日, 戀愛, 人外, 角川文庫, 日本輕小說",「人類」遭到非比尋常的「獸」蹂躪而滅亡了。除了獨自從數百年沉眠中蘇醒的青年威廉以外。唯有「聖劍」與使用聖劍的妖精兵能代替「人類」打倒「獸」。戰鬥過後，「聖劍」能再次被他人使用，但用儘力量的妖精兵們卻會殞命。「至少，我也希望自己不用消失，也想讓別人記住。我也想留下羈絆啊。」這是註定赴死的妖精少女們和青年教官共度的，既短暫又燦爛的日子。★以人類滅亡後五百年的世界為舞台，妖精少女與人類青年共同經歷的日子。,3,該作品符合使用者要求的所有核心條件：1. 是已完結的系列。2. 屬於奇幻/異世界設定（雖然是末日後的世界）。3. 包含必需的「劍」（聖劍）與戰鬥元素。雖然其基調較為憂鬱，但完全滿足使用者對類型與狀態的篩選需求。
q2,"不好意思,最近異世界需求大了,很想看異世界的故事不一定要轉生類但劍與魔法是必需的.. 已有蜘蛛子了,目前在找一些已經有結局的異世界小說 原本想看哥布林殺手的但是還沒完結啊.....超不想看到一半被中斷了 至少至少...像刀劍那種完了SAO篇再換ALO的方式我還可以接受 請問還有什麼戰鬥類已完結的異世界小說可以推介呢?",279dba50-d53b-5a79-b8f3-2cecfd59c37e,Slayers！秀逗魔法士,神坂一,119.9,完結,"奇幻, 冒險, 戰鬥, 歡樂向, 富士見文庫, 日本輕小說",史上最平胸、魔法最強、脾氣最暴躁美少女魔導士－－莉娜‧因巴斯，亮麗登場！大家好，我是莉娜‧因巴斯。雖然這麼說未免有自誇之嫌，不過我可是身兼天才魔導士與戰士，天下無敵的美少女。踏上旅途四處漫遊的我，今天依然為了自己的興趣和收入，努力不懈地欺負盜賊。在這趟旅途中，我遇上本領高強的英俊劍士高里‧加布列夫，以及力量遠勝過人類極限的魔法劍士傑路剛帝士‧格雷瓦茲等可疑人物。充滿傳奇性的人物赤法師雷藏也跟著出現，令事態更加撲朔迷離。還有件更奇怪的事－－我搶來的寶物里，好像有一樣東西，暗藏著毀滅世界的秘密……。美少女咒文炸裂的奇想天外、幽默痛快奇幻小說。第一屆奇幻長篇小說大賞准入選得獎作品。,2,該作品完美符合使用者要求的「劍與魔法」以及「戰鬥類」元素，且為已完結的經典系列，滿足使用者不希望故事中斷的需求。然而，該作屬於傳統奇幻小說，而非「異世界」作品（主角並非從原世界轉移而來），因此未完全滿足使用者對「異世界」設定的核心需求。
q2,"不好意思,最近異世界需求大了,很想看異世界的故事不一定要轉生類但劍與魔法是必需的.. 已有蜘蛛子了,目前在找一些已經有結局的異世界小說 原本想看哥布林殺手的但是還沒完結啊.....超不想看到一半被中斷了 至少至少...像刀劍那種完了SAO篇再換ALO的方式我還可以接受 請問還有什麼戰鬥類已完結的異世界小說可以推介呢?",9476e959-88a0-54ac-8938-08c5a9ce396b,The ScrowMan ＆ FairyLolipops,物草純平,35.7,完結,"奇幻, 戰鬥, 後宮, 人外, 妹妹, 電擊文庫, 日本輕小說",這是某個雨天的發生的事——被不可思議的幻聽『螺絲的悲鳴』所惱的玖堂卓巳，得到了胸懷野心，欲求改革舊態依然的異世界「妖精鄉」的美麗的「翅族」公主·洛洛特的吻。作為「改革派」的急先鋒過於尖刻的洛洛特，樹敵太多。於是，以與她的接吻為契機，得到操縱奇妙妖精的能力的卓巳也被「保守派」的眾人盯上。強烈而危險，兇惡而調皮的妖精公主，與聽到『螺絲的悲鳴』的少年掀起的，異世界改革系奇幻故事，於此開幕。,2,該書符合用戶要求的「異世界」與「戰鬥」元素，且屬於奇幻類（包含妖精能力等魔法設定）。雖然其核心劇情傾向於「異世界改革」而非純粹的劍與魔法冒險（如用戶提到的 SAO 或哥布林殺手），且介紹中未明確強調「劍」的元素，但整體類別仍高度相關。
q2,"不好意思,最近異世界需求大了,很想看異世界的故事不一定要轉生類但劍與魔法是必需的.. 已有蜘蛛子了,目前在找一些已經有結局的異世界小說 原本想看哥布林殺手的但是還沒完結啊.....超不想看到一半被中斷了 至少至少...像刀劍那種完了SAO篇再換ALO的方式我還可以接受 請問還有什麼戰鬥類已完結的異世界小說可以推介呢?",0b18523c-0ebf-59cc-8b64-1fad46abef2a,異世界拷問姬,綾里惠史,126.7,完結,"轉生, 奇幻, 戰鬥, 獵奇, 戀愛, 黑暗, MF文庫J, 日本輕小說",★轉生異世界成為黑髮S系美少女的僕人？★用刑具討伐惡魔的最惡最強反英雄傳說！「余之名為『拷問姬』伊莉莎白．雷．法紐，是高傲的狼，也是卑賤的母豬。」瀨名櫂人死後轉生至異世界，出現在他面前的人是絕世美少女伊莉莎白。她自稱「拷問姬」，還命令櫂人以隨從的身分侍奉她──然而櫂人一口回絕。伊莉莎白朝這樣的他丟出兩個選擇，那就是被「拷問」或是當「執事」。櫂人最後只好投降，被迫照顧伊莉莎白的生活起居，還得陪大罪人「拷問姬」完成她的使命──討伐十四階級的惡魔與祂們的契約者……？「噢，沒錯。余會跟狼一樣孤獨，有如母豬悲哀地獨自死去。」,3,該書符合使用者對「異世界」、「戰鬥類」以及「奇幻（劍與魔法）」的核心需求，且其黑暗奇幻的基調與使用者提到的《哥布林殺手》有一定的相似之處。根據指南忽略完結狀態的硬性限制，該書在類型與內容上是非常匹配的。
q2,"不好意思,最近異世界需求大了,很想看異世界的故事不一定要轉生類但劍與魔法是必需的.. 已有蜘蛛子了,目前在找一些已經有結局的異世界小說 原本想看哥布林殺手的但是還沒完結啊.....超不想看到一半被中斷了 至少至少...像刀劍那種完了SAO篇再換ALO的方式我還可以接受 請問還有什麼戰鬥類已完結的異世界小說可以推介呢?",e00a37ff-00b8-537c-bfd7-094146acebdd,永遠的艾塞莉婭,三田村半月,20.1,完結,"轉生, 奇幻, 戰鬥, 後宮, 妹妹, 其他文庫, 日本輕小說","一個把現實中的人召喚到異世界的故事。那個異世界的「動力源」是mana,武器是叫EternitySword（永遠神劍）。雖然叫劍，但是可以有劍的形態，也可以有刀的、槍、雙劍形態。這四個形態毫無疑問是對應於4個主角們的。男主角手中的神劍是第四把，叫「求め」，開始的任務就是去解救被異世界人囚禁的義妹。轉自輕之國度",3,該小說完全符合使用者要求的異世界設定，包含必須的「劍與魔法」元素（mana 與神劍），且標籤明確標註為「戰鬥」類，與使用者的核心需求高度匹配。
q2,"不好意思,最近異世界需求大了,很想看異世界的故事不一定要轉生類但劍與魔法是必需的.. 已有蜘蛛子了,目前在找一些已經有結局的異世界小說 原本想看哥布林殺手的但是還沒完結啊.....超不想看到一半被中斷了 至少至少...像刀劍那種完了SAO篇再換ALO的方式我還可以接受 請問還有什麼戰鬥類已完結的異世界小說可以推介呢?",f525923c-3267-513c-b8c5-95a2f25e6eee,運用開掛魔術扭轉命運,月夜淚,60.8,完結,"奇幻, 冒險, 異世界, 後宮, syosetu, Web輕小說",男主遊戲高手，被神選去曾改編成遊戲（就是男主玩那款）的異世界，拯救曾經自己經過無數次輪迴仍無法拯救的少女…雖然說是開掛，其實男主轉生之後相當於Lv1，只是經驗豐富，所以不會和某孫子一樣無腦開掛…還是不錯的啦…,3,該書完全符合使用者要求的「異世界」、「劍與魔法」以及「戰鬥類」等核心設定與主題。雖然使用者強調希望是已完結作品，但根據評分指南，需忽略狀態（如是否完結）等硬性限制，僅針對語義與類型相關性進行評估，因此該推薦與使用者的核心需求高度契合。
q2,"不好意思,最近異世界需求大了,很想看異世界的故事不一定要轉生類但劍與魔法是必需的.. 已有蜘蛛子了,目前在找一些已經有結局的異世界小說 原本想看哥布林殺手的但是還沒完結啊.....超不想看到一半被中斷了 至少至少...像刀劍那種完了SAO篇再換ALO的方式我還可以接受 請問還有什麼戰鬥類已完結的異世界小說可以推介呢?",fe614ebf-35a9-5b3a-acd7-296b36708974,金之瞳與鐵之劍,虛淵玄,9.4,完結,"奇幻, 戰鬥, 冒險, 講談社, 日本輕小說",龍與劍，以及令人炫目的魔法世界。為了得到「屠龍者」的稱號，充滿野心的戰士·塔烏，與無欲無求的魔法師·琦亞開始了他們的旅程。結下男人之間深厚羈絆的兩位冒險者，在開始不久的旅途中便遭遇到了——？！虛淵玄執筆，高河弓作畫的華麗繪卷！幻想類輕小說的全新篇章就此展開！,3,該書完全符合使用者要求的「劍與魔法」設定，且標籤包含「戰鬥」與「冒險」，符合使用者對戰鬥類小說的需求。此外，該作屬於完結的短篇/單卷作品，滿足使用者強烈希望看到已完結故事以避免被中斷的需求。
q3,"可以幫忙推薦幾部跟這部風格類似的輕小說
這部吸引我的地方有幾個:
1.男女主角純愛堅定不移
2.各種甜蜜的打情罵俏劇情
3.異世界轉生戰鬥、魔法
4.中間雖然各種虐，但最後還是排除萬難再一起",e26708e2-127e-5de0-bb8a-ff05b33cce4c,英雄與賢者的轉生婚姻 ～與曾經的勁敵訂婚成為最強夫婦～,藤木わしろ,20.2,連載,"穿越, 魔法, 龍傲天, 校園, 戀愛, HJ文庫, 日本輕小說",由物理最強×魔法最強攜手帶來的夫婦無雙奇幻故事！！物理最強的青年英雄雷德，與魔法最強的美少女賢者艾露莉亞。兩人曾經作為敵對國家的宿敵不斷交鋒，直到艾露莉亞驟逝，這段關係才迎來落幕……然後，過了千年。雷德轉生到魔法至上的世界，雖然無法使用魔法，不過他依然保有前世的物理最強能力，並與同樣轉生的艾露莉亞再次相遇──「欸，雷德──希望你能和我結婚。」「…………啥？」兩人跨越千年的時光，成為了不自覺卿卿我我的最強夫婦。為了一決高下，他們決定一起進入王立魔法學院就讀!?,3,推薦書籍高度契合使用者的需求：1. 男女主角前世今生羈絆深厚且決定結婚，符合純愛堅定；2. 劇情描述為「不自覺卿卿我我」的最強夫婦，符合甜蜜打情罵俏；3. 包含轉生、魔法與最強戰鬥設定；4. 兩人跨越千年且從宿敵變伴侶，符合排除萬難在一起的設定。
q3,"可以幫忙推薦幾部跟這部風格類似的輕小說
這部吸引我的地方有幾個:
1.男女主角純愛堅定不移
2.各種甜蜜的打情罵俏劇情
3.異世界轉生戰鬥、魔法
4.中間雖然各種虐，但最後還是排除萬難再一起",7833bb45-650b-593d-b9b5-cdb89aea2cae,與勇者的你再一次由此開始,みかみてれん,12.1,完結,"奇幻, 魔法, 戰鬥, 冒險, 戀愛, 其他文庫, 日本輕小說",書店店員們絕佳好評！2019年最令人感動落淚的奇幻故事！這是未能獲得救贖的少女，以及一度接近放棄的青年，直到獲得幸福為止的物語──過去，勇者賽菈菲娜以生命為代價，拯救了世界。相對於此，曾是勇者同伴的獨臂青年約翰，現在則是在偏遠鄉村過著後悔的日子。因為，人稱劍神的約翰，選擇了逃走。──從王都前來拜訪約翰的使者，提出了「勇者還活著，如果你想救她的話，希望能與我們同行」的邀請。懷著一絲希望，約翰再度振作起來。這是未能獲得救贖的少女，以及一度接近放棄的青年，直到獲得幸福為止的故事──與身為勇者的你，再次從這裡開始。最令人感動的奇幻故事，在此揭開序幕!!,3,該書高度符合用戶的核心需求：1. 具有堅定的純愛情感（主角約翰對勇者的執著）；2. 設定為奇幻世界且包含魔法與戰鬥；3. 劇情走勢完全符合「中間虐心、最後追求幸福」的模式。雖然簡介更偏向感人淚點而非單純的甜蜜打情罵俏，但整體風格與用戶要求的「排除萬難在一起」極為契合。
q3,"可以幫忙推薦幾部跟這部風格類似的輕小說
這部吸引我的地方有幾個:
1.男女主角純愛堅定不移
2.各種甜蜜的打情罵俏劇情
3.異世界轉生戰鬥、魔法
4.中間雖然各種虐，但最後還是排除萬難再一起",166d213b-f05c-5032-a83c-ac167919f254,轉生公主與天才千金的魔法革命,鴉ぴえろ,112.1,連載,"轉生, 魔法, 龍傲天, 百合, 女性視角, 富士見文庫, 日本輕小說",在童年時重拾前世記憶的公主．艾妮絲菲亞，因為無法使用魔法而遭貴族鄙視，但卻建立了獨特的魔法理論並一直獨自研究魔法。在某個機緣巧合下，艾妮絲菲亞撞見了天才公爵千金．尤菲莉亞遭剝奪王妃候補地位的場面。為了幫助尤菲莉亞重拾名譽，艾妮絲菲亞所選擇的方法竟是要對方跟她同居，一起研究魔法！？「尤菲，妳願意跟我來嗎？」「只要您不嫌棄，無論是去天涯海角，我都會陪在您身邊，艾妮絲殿下。」怪咖轉生公主與冰山美人天才千金的邂逅，將持續為這個國家、這個世界，還有兩人的未來帶來變化。王宮百合奇幻物語，就此揭幕！,2,該作品在異世界轉生、魔法設定以及純愛的情感氛圍上與使用者要求高度相符，且包含甜蜜的互動與克服困難的過程。然而，使用者明確指定要求「男女主角」的純愛，而本作品為「百合（女性 x 女性）」設定，這與核心需求存在顯著偏差。
q3,"可以幫忙推薦幾部跟這部風格類似的輕小說
這部吸引我的地方有幾個:
1.男女主角純愛堅定不移
2.各種甜蜜的打情罵俏劇情
3.異世界轉生戰鬥、魔法
4.中間雖然各種虐，但最後還是排除萬難再一起",db9afaf0-be63-58a1-8cc4-8f429f400621,這是你與我的最後戰場，或是開創世界的聖戰,細音啟,196.8,連載,"奇幻, 戰鬥, 戀愛, 富士見文庫, 日本輕小說",坐擁強大科學力量的帝國，以及以「魔女之國」的威名受到世人畏懼的涅比利斯皇廳。在沒有盡頭的兩國戰場上，少年與少女相遇了。以史上最低齡晉陞帝國最強戰力的劍士──伊思卡。被稱為皇廳最強的寒冰魔女公主──愛麗絲莉潔。「若逮得住本小姐，你說不定真能實現自己的夢想呢。」「你才應該將我打倒，好讓你能在統一世界的路上前進啊。」兩人以宿敵的身分展開了廝殺。然而，少年被少女的美貌和高潔的姿態奪走了心，少女也迷上了少年的強大和生存之道。即便兩人無法並肩而行，唯能戰至一方倒下──相互敵對的少年少女，將展開革新世界的英雄傳奇！,2,推薦書籍在純愛、甜蜜互動、魔法戰鬥以及宿敵相戀（導致虐心但最終在一起）的劇情走向上與用戶需求高度契合，但該書屬於原創奇幻世界觀，並非用戶明確要求的「異世界轉生」作品，因此在設定上缺少了一個關鍵要素。
q3,"可以幫忙推薦幾部跟這部風格類似的輕小說
這部吸引我的地方有幾個:
1.男女主角純愛堅定不移
2.各種甜蜜的打情罵俏劇情
3.異世界轉生戰鬥、魔法
4.中間雖然各種虐，但最後還是排除萬難再一起",0796ace6-735c-513d-8d30-27369896da93,轉生成惡役千金的我與轉生成惡役王子的吾,秋作,47.5,連載,"奇幻, 轉生, 戀愛, 惡役, 異世界, kakuyomu, Web輕小說",轉生成惡役的「我」和「吾」，為了避免悲劇結局而訂下婚約！？轉生成小說中的惡役千金及惡役王子的「我（克拉莉絲）」和「吾（艾迪亞爾德）」。原作中的兩人，對身為主角的勇者和聖女心生嫉妒，走向墮落於黑暗之中的命運！為了避免破滅的結局，並對抗最後的頭目，他們開始走與原作不同的道路。他們彼此並不知道對方也是轉生者，但還是訂下婚約，並逐漸心意相通…… 「我（吾）絕不會讓這個人成為那個惡役王子（千金）！」陷入愛河的兩人，命運之輪似乎開始產生了變化，不再按照原定的軌道運轉──！,3,推薦書籍高度符合用戶的需求：包含異世界轉生、魔法戰鬥（對抗最終頭目），且男女主角設定為互相扶持、共同改變悲劇命運的純愛關係，與用戶要求的「純愛」、「轉生戰鬥」及「排除萬難在一起」的核心意圖非常契合。
q3,"可以幫忙推薦幾部跟這部風格類似的輕小說
這部吸引我的地方有幾個:
1.男女主角純愛堅定不移
2.各種甜蜜的打情罵俏劇情
3.異世界轉生戰鬥、魔法
4.中間雖然各種虐，但最後還是排除萬難再一起",d894700e-298d-5729-b19d-c203b0a8ad10,如果明天，這個世界就會終結,漆原雪人,20.3,連載,"轉生, 魔法, 戰鬥, 校園, 戀愛, 末日, 角川文庫, 日本輕小說",對這個走向終焉的世界，少女許下心愿。被曾經那位英雄(那個人)所熱愛，且拯救的這個世界。壽命僅剩大約一年。縱使，需要以我的死亡來拯救這個世界——「大咲空先生，拜託了，能請你拯救這個世界嗎？」「你是曾經拯救過這個世界的，『英雄的轉世』」對這個走向終焉的世界，少年捫心自問。回想被召喚來這個世界以後，與少女(尤莉)度過的每一天。有些冒失、愛鬧彆扭，但她偶爾展露的笑容又令我感到欣喜——這個世界，與唯一珍視的女孩子。如果只能拯救其中一方——,3,這部作品高度符合使用者的需求：包含異世界轉生、魔法與戰鬥元素（英雄轉世、拯救世界），且核心劇情圍繞在男女主角深厚的感情與面對末日、犧牲的虐心抉擇，完美契合「純愛」與「過程虐心」的設定。雖然簡介中對「打情罵俏」的描寫較少，但整體風格與核心意圖非常接近。
q3,"可以幫忙推薦幾部跟這部風格類似的輕小說
這部吸引我的地方有幾個:
1.男女主角純愛堅定不移
2.各種甜蜜的打情罵俏劇情
3.異世界轉生戰鬥、魔法
4.中間雖然各種虐，但最後還是排除萬難再一起",81359aad-8a45-569e-af05-48178b37bbfa,戀愛至上都市的雙騎士,筱宮夕,30.5,完結,"奇幻, 戰鬥, 歡樂向, 戀愛, 富士見文庫, 日本輕小說",最強的雙騎士勇也及藍葉被派去執行任務的世界──竟是戀愛產生的情愫會轉變為高強力量的「戀愛至上都市」！背負眾人期待，必須討伐「魔王」的兩人，為了戰鬥不得已……「請溫柔地抱緊我吧。」在戰鬥時擁抱，或是「學長，你的臉靠好近……我還沒做好心理準備。」被迫練習壁咚，甚至「這套戰鬥服的裙子也太短了……！」被迫穿上差點走光的衣服！總是用高傲的態度掩飾內心好感，其實很喜歡勇也的藍葉，都快藏不住自己的臉紅心跳了──！,2,該書高度契合使用者對於「異世界、戰鬥、魔法」以及「男女主角甜蜜打情罵俏」的需求。然而，使用者特別提到希望有「中間過程很虐」的情節，而推薦書籍的標籤為「歡樂向」，在情感基調上與此要求有所出入，因此給予 2 分。
q3,"可以幫忙推薦幾部跟這部風格類似的輕小說
這部吸引我的地方有幾個:
1.男女主角純愛堅定不移
2.各種甜蜜的打情罵俏劇情
3.異世界轉生戰鬥、魔法
4.中間雖然各種虐，但最後還是排除萬難再一起",6eacb1fb-2586-5d01-8f94-e1fdfa6fb02c,英雄與魔女的轉生戀愛喜劇,雨宮和希,15.5,連載,"轉生, 校園, 戀愛, 歡樂向, 青梅竹馬, 青春, 講談社, 日本輕小說",平凡的高中生·白石護道有個『秘密』——那就是他擁有前世的記憶。在與這裡不同的另一個世界，護道曾是拯救人類的『英雄』。儘管如此，這也是前世的事情了。今世本應過著非常普通的學生生活，但由於班裡出現的轉校生椎名麻衣，平凡的日子徹底改變了。她和護道一樣是個轉生者，是曾經讓異世界陷入災難的『魔女』。雖然在前世兩人互相殘殺過好幾次，護道尋思著事到如今又有何貴幹呢，麻衣說道：「——沒有你，我就活不下去！」「……啊？」第11回講談社輕小說文庫新人獎《佳作》獲獎作。從異世界轉生到現代日本的老好人英雄和廢柴魔女扭曲的青春戀愛喜劇！,2,推薦書籍符合純愛、打情罵俏以及轉生設定，但其故事主背景是現代校園而非異世界，且戰鬥與魔法僅作為前世背景而非目前的劇情主軸，與使用者期待的「異世界戰鬥、魔法」設定有落差。
q3,"可以幫忙推薦幾部跟這部風格類似的輕小說
這部吸引我的地方有幾個:
1.男女主角純愛堅定不移
2.各種甜蜜的打情罵俏劇情
3.異世界轉生戰鬥、魔法
4.中間雖然各種虐，但最後還是排除萬難再一起",9b6a2798-cfaa-58fd-bfc9-e12286f01b15,一切結束之後，我與吸血鬼的故事,kevinjin,7.5,連載,"戀愛, 異世界, 奇幻, 歡樂向, 原生幻想, 華文輕小說",儘管付出了慘重的代價，但魔王被勇者一行成功討伐，世界恢複了和平——但對於日野遙來說，這一切才剛剛開始魔王討伐結束後，日野遙退出勇者隊伍，開始以冒險者的身份造訪王都周遭的高級遺迹。不久後，在一座遺迹中制服了前來刺殺他的魔王軍殘黨，吸血鬼莉艾琳娜陰差陽錯之下，遙決定用莉艾琳娜當實驗體，測試一下剛剛得到的魔導書，但遙不知道，一向謹慎的他，因為這個決定，將兩人今後的命運，以一種色色的形式，牢牢綁在了一起「……嗚，我絕對，絕對要殺了你！」「所以說，吃著飯就不要講話了，會嗆到的……」——於是，偶爾日常，偶爾歡笑，偶爾哭泣，偶爾色色轉生者魔法師x傲嬌吸血鬼，1200%不正經的甜蜜故事，開幕！,3,該書高度符合用戶的需求：包含異世界轉生、魔法設定（滿足需求3）；強調男女主角之間甜蜜的日常互動與打情罵俏（滿足需求2）；描述兩人命運牢牢綁在一起且為甜蜜故事（滿足需求1）；雖然整體基調偏向歡樂，但提及了「慘重的代價」與「偶爾哭泣」，在情感起伏上與用戶希望的「虐後圓滿」有相近的元素。
q3,"可以幫忙推薦幾部跟這部風格類似的輕小說
這部吸引我的地方有幾個:
1.男女主角純愛堅定不移
2.各種甜蜜的打情罵俏劇情
3.異世界轉生戰鬥、魔法
4.中間雖然各種虐，但最後還是排除萬難再一起",e87464cf-c1f4-5e2a-81ae-7a707af1a908,德爾菲尼亞戰記,茅田砂胡,286.5,完結,"奇幻, 冒險, 戰爭, 戀愛, 性轉, 轉生, 異世界, 其他文庫, 日本輕小說",被刺客追襲的飄泊戰士渥爾，與從異世界而來的迷途少女莉，兩個孤獨的戰士在刀鋒之中偶然相遇了。德爾菲尼亞王國的未來。與阿貝爾德倫大陸的命運因此而有劇烈的改變！被後世稱為「獅子王」與「姬將軍」的兩人冒險故事從此展開……,2,該作品符合異世界、轉生、戰鬥以及男女主角在艱難環境中共同奮鬥並最終在一起的核心需求。然而，本作的基調偏向嚴肅的戰爭史詩，雖然有戀愛線，但與使用者強調的「甜蜜打情罵俏」風格有所出入，且包含性轉設定，在甜蜜氛圍的呈現上可能不完全符合使用者的期待。
q1,"現在對於小說的要求越來越高了，
而且慢慢的發現現在除了狗糧基本上都看不進去，
連以很喜歡的異世界主題都看不進去了，
好想念從前那個什麼都可以看得很快樂的自己

說回主題，希望可以找到沒看過的狗糧系小說，
可以接受小刀，但一定要無黃毛無牛頭人，
但背景自帶沈重的例如「戀愛光譜」「刮鬍」這一類的也不喜歡，
黨爭就...看情況吧但其實我也一般般",66e375dc-ea06-5c32-bc6a-4e5a1fc75fd2,陛下，您的心聲泄露了！,シロヒ,17.5,完結,"戀愛, 歡樂向, 女性視角, syosetu, Web輕小說",強面陛下的超甜蜜內心的聲音傳入耳中……簡直讓人害羞到不行～＞＜；能夠聽到他人內心聲音的小國公主茨茨，嫁給了被譽為冷酷無比的皇帝蓋澤爾。然而——『女神在此……』『為何如此完美美麗』『可愛到令人髮指啊』儘管表現出冷淡的態度，卻能聽到對茨茨的一再誇讚之聲……!?從政略婚姻開始的臉紅不已的超甜蜜愛情喜劇！,3,用戶要求的是「狗糧系」（甜蜜戀愛）小說，且明確要求無黃毛、無牛頭人，也不想要沈重背景。該推薦小說標記為「歡樂向」且描述為「超甜蜜愛情喜劇」，情節聚焦於冷酷皇帝與公主之間反差萌的甜蜜互動，完全符合用戶對純甜、無壓力閱讀的需求。
q1,"現在對於小說的要求越來越高了，
而且慢慢的發現現在除了狗糧基本上都看不進去，
連以很喜歡的異世界主題都看不進去了，
好想念從前那個什麼都可以看得很快樂的自己

說回主題，希望可以找到沒看過的狗糧系小說，
可以接受小刀，但一定要無黃毛無牛頭人，
但背景自帶沈重的例如「戀愛光譜」「刮鬍」這一類的也不喜歡，
黨爭就...看情況吧但其實我也一般般",f51e06f1-4115-5df5-9ac7-9640b3b7fbd5,你其實是喜歡我的對吧？,望公太,13.6,連載,"校園, 青春, 戀愛, 歡樂向, GA文庫, 日本輕小說",總之先從交往開始，超甜的青春戀愛喜劇！「黑矢君，你其實是喜歡我的對吧？」「你、你怎麼知道的！？」暗戀被看穿了。那是對陰鬱的高中生——黑矢來說，等同於死亡的恥辱。對方是文學同好會的學姐、超絕美少女白森霞。在只有兩個人的社團所度過的時間裡，明明一直隱藏著這種心情……！學姐告訴絕望的黑矢。「嗯——總之我們先交往一下試試？」難道是兩情相悅的交往！？不，等一下，照理說應該是這樣的——在交往中被戲弄，滿載著來自憧憬的學姐的苦悶打情罵俏，兩情相悅&激甜的青春戀愛喜劇！,3,該書標籤為「歡樂向」且介紹中明確提到「超甜」、「兩情相悅」，完全符合用戶對「狗糧系」小說的需求，且屬於輕鬆的校園戀愛喜劇，避開了用戶不喜歡的沉重背景與牛頭人元素。
q1,"現在對於小說的要求越來越高了，
而且慢慢的發現現在除了狗糧基本上都看不進去，
連以很喜歡的異世界主題都看不進去了，
好想念從前那個什麼都可以看得很快樂的自己

說回主題，希望可以找到沒看過的狗糧系小說，
可以接受小刀，但一定要無黃毛無牛頭人，
但背景自帶沈重的例如「戀愛光譜」「刮鬍」這一類的也不喜歡，
黨爭就...看情況吧但其實我也一般般",7332d34d-2cbb-5795-82aa-9f8f112531d1,「現在才說喜歡我，已經太遲了！」我在放學後的教室里這樣說。隔天，欺負我的青梅竹馬卻變得超級甜蜜……？,悠/陽波ゆうい,1.3,完結,"戀愛, 青梅竹馬, 歡樂向, 校園, 病嬌, kakuyomu, Web輕小說",「喂，有誰給我青梅竹馬吃了什麼奇怪的東西嗎？」青梅竹馬的樣子很奇怪……從昨天開始就不對勁了。「涼夜，我不想離開你……」「我想一起洗澡！！」「……不吻我就不讓開。」優菜，妳怎麼了!?妳可不是這樣的角色啊!?,3,使用者明確要求尋找「狗糧系」（甜寵）小說，且排斥牛頭人（NTR）以及沈重背景。推薦的小說標記為「歡樂向」、「校園」，劇情描述青梅竹馬突然變得超級甜蜜，完全符合使用者對甜寵且無壓力閱讀的需求，且無任何違背禁忌（如NTR或沈重設定）的跡象。
q1,"現在對於小說的要求越來越高了，
而且慢慢的發現現在除了狗糧基本上都看不進去，
連以很喜歡的異世界主題都看不進去了，
好想念從前那個什麼都可以看得很快樂的自己

說回主題，希望可以找到沒看過的狗糧系小說，
可以接受小刀，但一定要無黃毛無牛頭人，
但背景自帶沈重的例如「戀愛光譜」「刮鬍」這一類的也不喜歡，
黨爭就...看情況吧但其實我也一般般",972fce71-fffd-5112-8699-5b346b83463a,十年後的同窗冰山美人,雨音惠,7.9,連載,"校園, 青春, 戀愛, 歡樂向, 女兒, 富士見文庫, 日本輕小說",「旁邊坐的居然是你啊……真鬱悶。不準跟我說話。」冰室九瑠。高中初識時，她是一個過於冷淡的優等生美少女，從不接近任何人。然而，現在的她……「老公，今天可以像這樣……黏在你身邊嗎？」櫻木九瑠。十年後，她和我──櫻木進結婚，變成每天都想卿卿我我的可愛女生？在學校約會時……只要積極靠近，她冰冷的心就會逐漸融化。和兩個時代的她共度的每一天有點反差，卻總是充滿可愛的元素！,3,用戶的核心需求是尋找純粹的「狗糧」系小說，要求無NTR（黃毛/牛頭人）且不希望有沉重背景。推薦的小說標記為「歡樂向」、「戀愛」，內容描述為婚後甜蜜互動與校園回憶，完全符合用戶對甜寵、無壓力閱讀的需求，且沒有任何禁忌元素。
q1,"現在對於小說的要求越來越高了，
而且慢慢的發現現在除了狗糧基本上都看不進去，
連以很喜歡的異世界主題都看不進去了，
好想念從前那個什麼都可以看得很快樂的自己

說回主題，希望可以找到沒看過的狗糧系小說，
可以接受小刀，但一定要無黃毛無牛頭人，
但背景自帶沈重的例如「戀愛光譜」「刮鬍」這一類的也不喜歡，
黨爭就...看情況吧但其實我也一般般",fa88c24c-28b9-549a-987e-afaa31e11be6,朋友的妹妹只纏著我,三河ごーすと,105.4,連載,"校園, 歡樂向, 青春, 戀愛, 後宮, GA文庫, 日本輕小說",悶絕至極的甜膩粘人青春戀愛喜劇！『自稱F級』的三河ごーす與超人氣插畫家·トマリ聯手，參戰GA文庫！不需要套近乎，無需女友，只有一個知心好友足以。捨棄青春之中一切『非效率』的我·大星明照的房間闖入了一個女孩。既不是妹妹，也不是朋友。是個煩人至極的纏人學妹。摯友的妹妹，小日向彩羽。「前輩，我們約會吧！……是不是覺得我會這麼說呀？」活力無限的她佔據我的睡床，若有若無的色誘，非常喜歡煩我。可是，為什麼大家都向我投以羨慕的眼神？因為彩羽這妮子，對外是活潑又清純的優等生形象，非常有人氣。喂喂……那為什麼只喜歡煩我啊。煩人JK(明明沒有拜託過)向我靠近！悶絕至極的甜膩粘人青春戀愛喜劇！,3,使用者明確要求「狗糧系」（極甜）且無 NTR、無沉重背景的小說。推薦書籍標榜為「悶絕至極的甜膩粘人青春戀愛喜劇」，風格歡樂且符合甜寵要求，完全避開了使用者厭惡的沉重主題與牛頭人元素，是非常契合的推薦。
q1,"現在對於小說的要求越來越高了，
而且慢慢的發現現在除了狗糧基本上都看不進去，
連以很喜歡的異世界主題都看不進去了，
好想念從前那個什麼都可以看得很快樂的自己

說回主題，希望可以找到沒看過的狗糧系小說，
可以接受小刀，但一定要無黃毛無牛頭人，
但背景自帶沈重的例如「戀愛光譜」「刮鬍」這一類的也不喜歡，
黨爭就...看情況吧但其實我也一般般",195976bd-d03c-5c4e-803e-bc399848a497,「你想一起睡對吧，學長？」在這樣的甜蜜耳語下今晚又要睡不著了,ヰ森奇戀,7.8,連載,"校園, 青春, 戀愛, 歡樂向, 角川文庫, 日本輕小說",榮獲Fantasia大賞金獎，和後輩醬兩人獨處的徹夜戀愛喜劇！因失眠症而煩惱的高中二年級生・半崎獏也，某天他邂逅了在深夜公園中享用杯裝炒麵的後輩少女・小比類卷君鳥。她聲稱要幫獏也睡個好覺，並突然提議讓獏也到自己家來！？「一進入女孩子的房間，就使勁聞起氣味，真不虧是前輩呢。」「……前輩，盯著胸部看過頭了。」君鳥醬一有機會就會戲弄獏也，又是在他耳邊低語瑟瑟的話，又是陪睡，就這樣共度漫長的夜晚——！榮獲第三十五屆Fantasia大賞金獎，與小惡魔後輩醬兩人共度的甜蜜徹夜戀愛喜劇！,3,用戶明確要求「狗糧系」（甜蜜戀愛）且排斥牛頭人（NTR）與沉重背景。該推薦書籍為校園歡樂向戀愛喜劇，主打甜蜜互動且無沉重元素或 NTR 傾向，完全符合用戶對輕鬆、甜蜜氛圍的需求。
q1,"現在對於小說的要求越來越高了，
而且慢慢的發現現在除了狗糧基本上都看不進去，
連以很喜歡的異世界主題都看不進去了，
好想念從前那個什麼都可以看得很快樂的自己

說回主題，希望可以找到沒看過的狗糧系小說，
可以接受小刀，但一定要無黃毛無牛頭人，
但背景自帶沈重的例如「戀愛光譜」「刮鬍」這一類的也不喜歡，
黨爭就...看情況吧但其實我也一般般",19ae31a5-f791-5f4a-89a8-68eb259053fd,與組織宿敵的甜蜜婚後生活,有象利路,33.6,連載,"異能, 戰鬥, 戀愛, 歡樂向, 電擊文庫, 日本輕小說",這是一部（有點）不太普通的新婚夫妻的甜蜜喜劇。「……超討厭你！」「太巧了，我也是。」曾經隸屬於敵對的異能者組織而互相廝殺的兩人——擁有「羽狩」稱號的犀川狼士、被稱作「白魔」的最強異能者柳良律花。每天都過著浴血奮戰的日子，幾乎沒有正常社會經驗的兩人——「最喜歡狼君了。」「我也喜歡妳，律花。」組織解散後，竟然甜蜜地喜結連理了！他們成為了每天出門前，會在玄關來個「路上小心」吻的熱戀夫妻。但過著幸福生活的兩人，其實也有無法說出口的秘密和煩惱……？,3,用戶明確要求尋找「狗糧系」小說，且排斥 NTR（黃毛/牛頭人）及過於沉重的背景。推薦書籍標記為「歡樂向」且劇情描述為新婚夫妻的「甜蜜喜劇」，完全符合用戶對甜蜜戀愛的追求，且沒有任何違背用戶禁忌的跡象。
q1,"現在對於小說的要求越來越高了，
而且慢慢的發現現在除了狗糧基本上都看不進去，
連以很喜歡的異世界主題都看不進去了，
好想念從前那個什麼都可以看得很快樂的自己

說回主題，希望可以找到沒看過的狗糧系小說，
可以接受小刀，但一定要無黃毛無牛頭人，
但背景自帶沈重的例如「戀愛光譜」「刮鬍」這一類的也不喜歡，
黨爭就...看情況吧但其實我也一般般",9c984b3e-58fc-5f9d-b035-2c6221a7967d,班上最可愛的辣妹成了我的投食對象這件事,白乃友,25.4,連載,"校園, 青春, 戀愛, 歡樂向, 妹妹, MF文庫J, 日本輕小說",今天，風見鳳理這位高一男生又在教室里和志同道合的朋友們熱烈地討論御宅文化。他有一個秘密。兼職模特的班上人氣人物香月櫻其實是他的義妹，兩人不僅同居，還是戀人關係。在學校里，櫻小心翼翼地與鳳理保持適當距離，努力不讓別人發現她對鳳理的愛意和御宅興趣。但在家裡，她會和鳳理一起看動畫、玩COS，還會品嘗鳳理親手做的美食，兩人恩愛甜蜜！「煮魚好好吃——！」就這樣，今天兩人又開始了愉快的晚餐時光。,3,用戶明確要求尋找「狗糧系」且無 NTR、無沉重背景的輕鬆小說。推薦的小說屬於校園戀愛、歡樂向，描述的是男女主角甜蜜同居且恩愛的關係，完全符合用戶對「純甜」、「無黃毛」以及「不沉重」的需求。
q1,"現在對於小說的要求越來越高了，
而且慢慢的發現現在除了狗糧基本上都看不進去，
連以很喜歡的異世界主題都看不進去了，
好想念從前那個什麼都可以看得很快樂的自己

說回主題，希望可以找到沒看過的狗糧系小說，
可以接受小刀，但一定要無黃毛無牛頭人，
但背景自帶沈重的例如「戀愛光譜」「刮鬍」這一類的也不喜歡，
黨爭就...看情況吧但其實我也一般般",1054a9c9-a125-5838-a1c9-5849145be6c6,口是心非的冰室同學 從好感度100％開始的毒舌女子追求法,広ノ祥人,49.6,完結,"校園, 青春, 戀愛, 歡樂向, MF文庫J, 日本輕小說",冰室涼葉──看似完美無缺的優等生，卻是個心高氣傲、性格惡劣、口不擇言的學生會長。對這樣的她暗懷戀慕之情的副會長田島愛斗，某天突然能聽見她隱藏在言語背後的「真心話」！透過那些「真心話」，他才發現原來涼葉那辛辣惡劣的態度與毒舌都是表面上的偽裝，真正的她早就瘋狂喜歡上愛鬥了！得知雙方兩情相悅的愛斗喜不自勝。既是已得出解答的戀情，要終成眷想必是輕鬆愉快！他乾脆立刻進行告白，想不到卻被對方給拒絕!?明知解答卻總是失之交臂的曲折青春愛情喜劇，即將揭幕！★居然能偷聽到意中人的真心話？明明兩情相悅，卻是愛在心裡口難開！★榮獲第13屆MF文庫J輕小說新人賞評審特別賞的青春愛情喜劇！,3,使用者尋找的是純粹的「狗糧」系（甜寵）小說，且明確排斥 NTR、黃毛以及沉重背景。推薦的書籍是一部校園青春愛情喜劇，主打兩情相悅且基調歡樂，完全符合使用者對甜度、無雷、輕快氛圍的要求。
q1,"現在對於小說的要求越來越高了，
而且慢慢的發現現在除了狗糧基本上都看不進去，
連以很喜歡的異世界主題都看不進去了，
好想念從前那個什麼都可以看得很快樂的自己

說回主題，希望可以找到沒看過的狗糧系小說，
可以接受小刀，但一定要無黃毛無牛頭人，
但背景自帶沈重的例如「戀愛光譜」「刮鬍」這一類的也不喜歡，
黨爭就...看情況吧但其實我也一般般",ba1a217c-8e2b-52af-a1d6-d7bba261dd1a,雖然我孤獨又陰角，但我的女朋友可愛到爆炸,スタジオ.Ｔ,15.6,完結,"校園, 青春, 戀愛, 歡樂向, kakuyomu, Web輕小說",鍾白鳴巳（かねしろなるみ）是一名孤獨陰暗的高中生，每逢午休就會去廁所吃午飯。某天，在偶然沒有上鎖的屋頂上，他與同樣形單影隻的三船二葉（みふねふたば）相遇了。「我們一起吃吧」，由一句話開始的青春戀愛故事。,3,用戶的核心需求是尋找純粹的「狗糧」系（甜寵）小說，且明確要求排除牛頭人（NTR）以及沈重的背景設定。推薦的小說標籤為「戀愛」與「歡樂向」，劇情描述為兩名孤獨高中生的青春戀愛故事，完全符合用戶對甜度、輕快氛圍的需求，且沒有任何違背禁忌的跡象，是非常理想的匹配。
q1,"現在對於小說的要求越來越高了，
而且慢慢的發現現在除了狗糧基本上都看不進去，
連以很喜歡的異世界主題都看不進去了，
好想念從前那個什麼都可以看得很快樂的自己

說回主題，希望可以找到沒看過的狗糧系小說，
可以接受小刀，但一定要無黃毛無牛頭人，
但背景自帶沈重的例如「戀愛光譜」「刮鬍」這一類的也不喜歡，
黨爭就...看情況吧但其實我也一般般",a05bc8b9-5a49-5e7e-bde8-27ca298b41cb,能夠率直說出喜歡的女生無雙,七菜なな,23.9,連載,"校園, 青春, 戀愛, 歡樂向, 後宮, MF文庫J, 日本輕小說",戀愛喜劇的必勝方法只有一個————那就是不停地傳達『喜歡』。對男高中生·和泉抱持戀心的女生們始終無法踏出那一步，日復一日地生活著。【校園偶像，只會在兩個人單獨相處的時候撒嬌】天琦雨音。【明明都被老家斷絕關係了，但是前未婚妻卻不肯放手】白菊白亞。【校園的小天使……身邊的小惡魔，意外地好搞定】春日波留。不過，轉到這所學校的是咋看之下很平凡，但生來就是主要女主角的·七緒七瀨。七緒用刁鑽的直球攻擊朝和泉發起猛攻。「和泉同學，我喜歡你。請和我交往」「來，啊～♪」「是和泉同學，把我變成這種女生的喔？」「「「這傢伙……竟然出手了!? 」」」驚慌不已的雨音她們也開始展開行動————!?,3,使用者要求「狗糧系」且氛圍輕鬆、無NTR、無沉重背景的小說。推薦書籍為校園戀愛喜劇，標籤為「歡樂向」，劇情聚焦於女生們對男主角的直球告白，完全符合使用者追求輕鬆甜蜜、避開沉重設定的需求。
q1,"現在對於小說的要求越來越高了，
而且慢慢的發現現在除了狗糧基本上都看不進去，
連以很喜歡的異世界主題都看不進去了，
好想念從前那個什麼都可以看得很快樂的自己

說回主題，希望可以找到沒看過的狗糧系小說，
可以接受小刀，但一定要無黃毛無牛頭人，
但背景自帶沈重的例如「戀愛光譜」「刮鬍」這一類的也不喜歡，
黨爭就...看情況吧但其實我也一般般",98f47fa7-806b-5c72-b2dc-e6d75181e380,我世界第一可愛的青梅竹馬，今天也很可愛,青季ふゆ,8.7,完結,"校園, 青春, 戀愛, 歡樂向, 青梅竹馬, 富士見文庫, 日本輕小說",以網文小說家為目標的高中生·米倉透儘管對自己身為優等生的青梅竹馬淺倉凜抱有單相思之情，但因為名為青梅竹馬的距離感而難以表白。某一天，在透結束完小說的投稿之後在SNS上發了一篇文章抒發感情。『我最最最最最最喜歡我的青梅竹馬了啊啊啊啊啊啊啊——！！！！』自那之後，一直高冷的凜開始發生了變化……她會親手給透製作料理，會邀請透看電影約會，甚至還會邀請透「來和我……抱抱嗎？」？！「還請不要誤會。這只是為了讓你恢複疲勞而已。」「……（這比我預想的要準備完全得多啊）。」這是只差一步卻無法坦率的青梅竹馬之間100%純度的青春戀愛喜劇！,3,使用者要求尋找純粹的「狗糧」（甜寵）小說，且明確排斥 NTR、黃毛以及沉重的背景設定。推薦的小說是一部校園青春戀愛喜劇，標榜「100%純度」且為「歡樂向」，完全符合使用者對甜度、無壓力、無雷點的需求。
q1,"現在對於小說的要求越來越高了，
而且慢慢的發現現在除了狗糧基本上都看不進去，
連以很喜歡的異世界主題都看不進去了，
好想念從前那個什麼都可以看得很快樂的自己

說回主題，希望可以找到沒看過的狗糧系小說，
可以接受小刀，但一定要無黃毛無牛頭人，
但背景自帶沈重的例如「戀愛光譜」「刮鬍」這一類的也不喜歡，
黨爭就...看情況吧但其實我也一般般",2fab755a-af40-5d53-92c3-62fe7122ab77,那個，其實，我還是第一次。距離和很好上床卻很純情的女友進行初體驗，還有87天,日々綴郎,11.5,完結,"校園, 青春, 戀愛, 歡樂向, 青梅竹馬, 富士見文庫, 日本輕小說",從裝作「非處」開始的青春誤解。為了不暴露只能擺出一副撲克臉。來看看他們二人真正「擁有經驗」的瞬間吧。這就是現在的現實系青春小說？還是會導向全新類型的戀愛？和「位於*******我們」對應的主人公情侶編織的青春戀愛喜劇，開幕！,3,用戶希望尋找純愛、無 NTR 且沒有沈重背景的「狗糧」小說。推薦的小說標籤為「戀愛」、「歡樂向」且屬校園青春喜劇，劇情重點在於情侶間的誤會與甜蜜互動，完全符合用戶對輕快氛圍的需求，且無任何 NTR 或沈重主題的跡象。
q2,"不好意思,最近異世界需求大了,很想看異世界的故事不一定要轉生類但劍與魔法是必需的.. 已有蜘蛛子了,目前在找一些已經有結局的異世界小說 原本想看哥布林殺手的但是還沒完結啊.....超不想看到一半被中斷了 至少至少...像刀劍那種完了SAO篇再換ALO的方式我還可以接受 請問還有什麼戰鬥類已完結的異世界小說可以推介呢?",b84f626d-43c1-5e50-8e41-7f42ae7332fc,銀閃戰乙女與封門公主,瀨尾つかさ,80.4,完結,"轉生, 魔法, 戰鬥, 後宮, 妹妹, 一迅社, 日本輕小說",璜特·唐是鄰接於地球的魔法世界。過去棹砥曾經召喚到這個遭受怪物襲擊的世界來幫忙，但之後又因為《玩具破壞者》的特殊能力太過於危險，導致他在危機解除之後就被強制遣送回日本。一年後。曾是棹砥兒時玩伴，同時還擁有《龍族屠殺者》別名的少女芙蕾·薩爾達爾忽然出現在他面前。少女表示為了打倒突然出現的怪物，必須再次藉助棹砥的力量，但他卻展露出不信任對方的態度。不過最後還是在同父異母的妹妹梨花強烈要求下答應再次回到璜特·唐。襲擊璜特·唐的新種怪物究竟從何而來，而棹砥、芙蕾與梨花又會被牽扯進什麼樣的奇異命運當中呢……瀨尾つかさ即將為您獻上充滿劍與魔法的本格派異世界奇幻小說！！,3,該書完全符合使用者要求的「異世界」、「劍與魔法」以及「戰鬥類」核心要素。雖然使用者提到希望是已完結的作品，但根據評分指南，需忽略狀態等硬性限制，僅針對類型和語義相關性評分，因此此推薦非常契合。
q2,"不好意思,最近異世界需求大了,很想看異世界的故事不一定要轉生類但劍與魔法是必需的.. 已有蜘蛛子了,目前在找一些已經有結局的異世界小說 原本想看哥布林殺手的但是還沒完結啊.....超不想看到一半被中斷了 至少至少...像刀劍那種完了SAO篇再換ALO的方式我還可以接受 請問還有什麼戰鬥類已完結的異世界小說可以推介呢?",8f6d7962-dbe3-5d77-9dec-d8707659c289,地牢防守,유헌화,186.9,完結,"穿越, 奇幻, 戰鬥, 異世界, other, 韓國輕小說",你知道這個世界是如何終結的嗎？成為英雄並且打倒72魔王。〈迷宮進攻〉，作為毫無疑問的最困難的策略類遊戲而聞名。我曾經作為「英雄」通關了這款遊戲，然而在回答了一個可疑的問答後，我發現我自己竟然身處於這個遊戲之中，並且成為了其中最弱的一個魔王，【但他林】。而我所能利用的，只有我雄辯的口才以及曾經作為英雄通關的記憶。為了作為但他林在這個世界裡存活下去，我誓要在這個世界掀起腥風血雨。,3,該作品屬於異世界穿越類，包含奇幻與戰鬥元素，且設定涉及英雄、魔王與地牢，完全符合使用者要求的「劍與魔法」以及「戰鬥類」的核心需求。
q2,"不好意思,最近異世界需求大了,很想看異世界的故事不一定要轉生類但劍與魔法是必需的.. 已有蜘蛛子了,目前在找一些已經有結局的異世界小說 原本想看哥布林殺手的但是還沒完結啊.....超不想看到一半被中斷了 至少至少...像刀劍那種完了SAO篇再換ALO的方式我還可以接受 請問還有什麼戰鬥類已完結的異世界小說可以推介呢?",7fb0d3ad-3369-572b-a799-37ab9cb2af97,魔界轉生,山田風太郎,7.2,完結,"轉生, 奇幻, 戰鬥, 其他文庫, 日本輕小說",宮本武藏，早已死去的劍豪復活了！但不是作為自己，而是作為魔人！不再壓抑任何慾望的魔界轉生人！前朝遺臣的瘋狂復仇，最終極的忍術，將死不瞑目的劍豪們變為傀儡。將軍病危，大納言舉藩造反，魔界族人傾巢出動。大戰一觸即發。連親生父親都要殺死自己的柳生十兵衛卻與魔界玩起了遊戲……誰先破壞遊戲規則……,3,該書符合使用者對「異世界（魔界）」、「劍與魔法（劍豪與魔術/忍術）」以及「戰鬥類」的核心需求，完全契合使用者尋找的類型。
q2,"不好意思,最近異世界需求大了,很想看異世界的故事不一定要轉生類但劍與魔法是必需的.. 已有蜘蛛子了,目前在找一些已經有結局的異世界小說 原本想看哥布林殺手的但是還沒完結啊.....超不想看到一半被中斷了 至少至少...像刀劍那種完了SAO篇再換ALO的方式我還可以接受 請問還有什麼戰鬥類已完結的異世界小說可以推介呢?",4d7fc167-4fc1-54cc-a126-bb29669e4eba,六花的勇者,山形石雄,92.1,完結,"奇幻, 懸疑, 戰鬥, 冒險, 集英社, 日本輕小說",當「魔神」自暗黑深淵蘇醒，命運之神將會挑選六名勇者，授與其拯救世界的力量。自稱地表最強的少年亞德雷，獲選為六位「六花勇者」之一，並前往戰地阻止魔神復活。然而不知為何，在約定之地集結的卻有七位勇者！？緊接著霧幻結界隨之啟動，將七人全數困在森林中。發現其中混入一名奸細後，勇者們變得疑神疑鬼，人人自危。而首當其衝遭受質疑的，正是亞德雷——挑戰傳說，挑戰謎題，重量級奇幻大作正式登場！,3,該書雖然不是傳統意義上的「轉生/穿越」異世界，但完全符合使用者要求的「劍與魔法」與「戰鬥類」核心設定。故事背景為正統奇幻世界，且小說版已經完結，滿足使用者不想看到一半被中斷的需求。
q2,"不好意思,最近異世界需求大了,很想看異世界的故事不一定要轉生類但劍與魔法是必需的.. 已有蜘蛛子了,目前在找一些已經有結局的異世界小說 原本想看哥布林殺手的但是還沒完結啊.....超不想看到一半被中斷了 至少至少...像刀劍那種完了SAO篇再換ALO的方式我還可以接受 請問還有什麼戰鬥類已完結的異世界小說可以推介呢?",e87464cf-c1f4-5e2a-81ae-7a707af1a908,德爾菲尼亞戰記,茅田砂胡,286.5,完結,"奇幻, 冒險, 戰爭, 戀愛, 性轉, 轉生, 異世界, 其他文庫, 日本輕小說",被刺客追襲的飄泊戰士渥爾，與從異世界而來的迷途少女莉，兩個孤獨的戰士在刀鋒之中偶然相遇了。德爾菲尼亞王國的未來。與阿貝爾德倫大陸的命運因此而有劇烈的改變！被後世稱為「獅子王」與「姬將軍」的兩人冒險故事從此展開……,3,該書完全符合使用者要求的「異世界」、「劍與魔法」以及「戰鬥類」元素，劇情圍繞著戰士與戰爭展開，與使用者的核心需求高度契合。
q2,"不好意思,最近異世界需求大了,很想看異世界的故事不一定要轉生類但劍與魔法是必需的.. 已有蜘蛛子了,目前在找一些已經有結局的異世界小說 原本想看哥布林殺手的但是還沒完結啊.....超不想看到一半被中斷了 至少至少...像刀劍那種完了SAO篇再換ALO的方式我還可以接受 請問還有什麼戰鬥類已完結的異世界小說可以推介呢?",35e8d310-41ea-5f44-9f68-4375c51a4690,我獨自升級,Chugong,102.8,完結,"奇幻, 冒險, 異世界, 戰鬥, webnovel, 韓國輕小說",絕處逢生之際，他獲得了升級的能力！人類最弱兵器邁向宇宙最強獵人之路，就此展開！十幾年前，世界各地突然出現通往地下城的「傳送門」。地下城內魔獸群起肆虐，同時，部分人類也開始覺醒！這些獲得特殊能力的人，被世人統稱為「獵人」。E級獵人成振宇，號稱「人類最弱兵器」的他，在一次突襲任務中，和隊友們進入了傳聞中的雙重地下城。然而，神秘的地下神殿里竟沒有任何一隻魔獸，只有整排手持各式物品的石像，以及一尊尺寸驚人的神像！猛然間，巨大神像殘暴的攻擊讓他們差點全軍覆沒，幸好振宇臨危不亂，用敏銳的直覺多次帶領隊友死裡逃生。但就在存亡的緊要關頭，振宇卻慘遭其他獵人背叛？！這時，他的腦海中突然響起一聲──叮咚！〔恭喜你成為玩家。〕,2,使用者明確要求「異世界」且必須包含「劍與魔法」與「戰鬥」。雖然《我獨自升級》包含戰鬥、魔法以及通往異世界的地下城（Dungeon），但其主舞台是現代都市（現代奇幻/獵人設定），而非傳統意義上的異世界生活或冒險。雖然其成長體系與戰鬥感符合使用者對《刀劍神域》類作品的偏好，但在世界觀設定上與核心需求稍有偏差，因此給予 2 分。
q2,"不好意思,最近異世界需求大了,很想看異世界的故事不一定要轉生類但劍與魔法是必需的.. 已有蜘蛛子了,目前在找一些已經有結局的異世界小說 原本想看哥布林殺手的但是還沒完結啊.....超不想看到一半被中斷了 至少至少...像刀劍那種完了SAO篇再換ALO的方式我還可以接受 請問還有什麼戰鬥類已完結的異世界小說可以推介呢?",135529b0-725c-5e4a-852a-d0b9426949ac,零之使魔,山口升,217.4,完結,"轉生, 魔法, 戰鬥, 冒險, 後宮, 大小姐, MF文庫J, 日本輕小說",一張開眼，我居然變成寵物(←不對，是使魔)！？「你是誰啊？」──才人一清醒便看見眼前有位可愛的女孩子正窺視著自己。張望四周後，發現是個陌生的地方，而且有許多穿得像是魔法師的人們，正圍在自己和女孩身旁。這位女孩──露易絲似乎是把才人當作使魔而「召喚」到異世界來了。面對滿臉狐疑的才人，露易絲說要訂下契約，便突然吻了才人。才剛生氣自己的初吻被奪走，才人的手背上就浮現了奇怪的文字，成為了露易絲的專屬使魔。毫無辦法的才人，只好和露易絲一起生活，然後一邊尋找回到原來世界的方法……,3,該書完全符合用戶對「異世界」、「劍與魔法」以及「戰鬥類」的需求，且《零之使魔》系列小說已完結，滿足了用戶最在意地不想看到一半被中斷的要求。
q2,"不好意思,最近異世界需求大了,很想看異世界的故事不一定要轉生類但劍與魔法是必需的.. 已有蜘蛛子了,目前在找一些已經有結局的異世界小說 原本想看哥布林殺手的但是還沒完結啊.....超不想看到一半被中斷了 至少至少...像刀劍那種完了SAO篇再換ALO的方式我還可以接受 請問還有什麼戰鬥類已完結的異世界小說可以推介呢?",95cbd1d2-148a-5cb4-af51-b4faac668ba9,轉生成為魔劍,棚架ユウ,278.3,完結,"轉生, 戰鬥, 冒險, 旅行, 人外, 女兒, syosetu, Web輕小說",和貓耳少女共同邁向傳說吧！主打無機物的奇幻轉生物語就此揭開序幕。主角回過神來就發現自己身處異世界，更糟的是他並非轉生為人類而是一把劍（這就是所謂的劍人嗎？）而周遭還有一大群虎視眈眈的魔物，幸好主角立刻發揮他身為劍的能力狩獵這群魔物。不過就在主角稍作歇息將自己的身體（劍身）插入地面後居然動彈不得。此時眼前正好有一位看似奴隸的貓耳少女…,3,推薦書籍完全符合使用者要求的「異世界」、「劍與魔法」以及「戰鬥類」三大核心需求，且主角轉生成為非人類（劍）的設定也與使用者提到的《蜘蛛子》風格相近，是非常精準的類型匹配。
q2,"不好意思,最近異世界需求大了,很想看異世界的故事不一定要轉生類但劍與魔法是必需的.. 已有蜘蛛子了,目前在找一些已經有結局的異世界小說 原本想看哥布林殺手的但是還沒完結啊.....超不想看到一半被中斷了 至少至少...像刀劍那種完了SAO篇再換ALO的方式我還可以接受 請問還有什麼戰鬥類已完結的異世界小說可以推介呢?",d95fa924-a173-5b00-b1af-128aff6c3407,武藝精研百餘年 轉世成精靈重拾武者修行,赤石赫々,107.2,完結,"轉生, 戰鬥, 冒險, 後宮, 人外, 富士見文庫, 日本輕小說",武術家斯拉瓦活了百餘年，在辭世前始終未能以最強的名號稱霸天下，然而，他的習武之道並未就此中斷，因為斯拉瓦轉世變成了「精靈」!重新投胎後，斯拉瓦的目標仍只有一個，就是登上「武藝的顛峰」!進入學院就讀後，愛情開始萌芽，斯拉瓦仍沒有因此迷失心智。然而，在與過去的勁敵的孫女雪莉露的一次交手中，讓斯拉瓦的武者修行之道開始出現波瀾——！？轉生後的世界所邂逅的不為人知的強者們！精靈少年全心全意精研武藝，以「稱霸」世界為目標！,3,推薦書籍完全符合用戶對「異世界」、「戰鬥類」以及「劍與魔法（精靈、武道設定）」的語義需求。雖然用戶在查詢中強調需要「已完結」的作品，但根據評分指南，應忽略狀態（如完結與否）等硬性限制，僅針對類型和核心意圖的相關性進行評分。
q2,"不好意思,最近異世界需求大了,很想看異世界的故事不一定要轉生類但劍與魔法是必需的.. 已有蜘蛛子了,目前在找一些已經有結局的異世界小說 原本想看哥布林殺手的但是還沒完結啊.....超不想看到一半被中斷了 至少至少...像刀劍那種完了SAO篇再換ALO的方式我還可以接受 請問還有什麼戰鬥類已完結的異世界小說可以推介呢?",71f362d1-60b9-5b3f-acc9-38c67232f3e5,槍械魔法異戰,長田信織,27.2,完結,"奇幻, 魔法, 戰鬥, 機戰, 後宮, 電擊文庫, 日本輕小說",當亡國女王伊莉絲遭遇魔獸襲擊陷入危機之際，《黑鎧》突然從半空中現身。穿著鎧甲的男子手持伊莉絲從未見過的手杖——衝鋒槍與巨劍——超硬合金刀，在轉眼間打到魔獸……！他是來自異世界的士兵，廉。他與她的夥伴AI米涅爾瓦，在原本生活的世界是為了與魔獸戰鬥而生的特殊戰士。魔獸這個共同的敵人，使廉感受到兩個世界的關聯性，他便一邊協助伊莉絲等人，一邊開始搜索異世界……！魔法與火炮交錯，充滿衝擊力的戰鬥動作劇登場！,3,該書完全符合用戶要求的「異世界」、「劍與魔法」以及「戰鬥類」設定。故事包含來自異世界的士兵、巨劍與魔法的交鋒以及激烈的戰鬥動作，高度契合用戶的核心意圖（根據指南，忽略完結狀態的硬性限制）。
q2,"不好意思,最近異世界需求大了,很想看異世界的故事不一定要轉生類但劍與魔法是必需的.. 已有蜘蛛子了,目前在找一些已經有結局的異世界小說 原本想看哥布林殺手的但是還沒完結啊.....超不想看到一半被中斷了 至少至少...像刀劍那種完了SAO篇再換ALO的方式我還可以接受 請問還有什麼戰鬥類已完結的異世界小說可以推介呢?",996d8cc4-bdf9-5fb6-b89f-f72b336cd0f0,LV999的村民,星月子貓,110.2,完結,"戰鬥, 冒險, 龍傲天, 後宮, 人外, 角川文庫, 日本輕小說",在幻想世界「阿斯克利亞」中，每個誕生在這個世界的人都會被賦予該扮演的職業。王族、勇者、賢者、戰士、武鬥家、僧侶、魔法師──還有，只為了繁榮世界而存在最弱職業「村民」。沒有戰鬥力的村民在這個怪物橫行的世界只有依賴其他職業保護的份。然而，在平均等級只有十級的村民中，出現了一個到達等級上限999的異端。窮盡升等極致，已經找不到賺錢以外生存價值的村民「鏡浩二」，此時遇見本該被人類討伐的魔族少女「艾莉絲」。這場邂逅讓鏡找到自己新價值，並決心踏上對抗世界的險惡道路──,3,該書設定於幻想世界，包含劍與魔法的職業體系（戰士、魔法師等），且標籤明確標註為「戰鬥」與「冒險」，完全符合使用者對異世界、劍與魔法以及戰鬥類故事的核心需求。
q3,"可以幫忙推薦幾部跟這部風格類似的輕小說
這部吸引我的地方有幾個:
1.男女主角純愛堅定不移
2.各種甜蜜的打情罵俏劇情
3.異世界轉生戰鬥、魔法
4.中間雖然各種虐，但最後還是排除萬難再一起",6b5a3010-b2a7-5a1b-ac21-d8c1549b0033,F 黎明的少女與終焉的騎士,糸森環,21.6,連載,"轉生, 奇幻, 戀愛, 女性視角, 少女文庫, 日本輕小說",春假時突然被召喚到異世界的三島響，被自稱為「福君」的人物宣告選擇了她為繼承人候選，並將她送到已經荒廢的世界——艾普利爾。接受了眾神庇護的響，在那裡救了騎士路伊一命；他是在幽鬼肆虐的世界中，唯一倖存的人類。「我發誓一定會守護你，並獻上我的赤膽忠心。」被命運選中拯救世界的兩人，將展開一場超脫不俗的異世界奇幻旅程！發表在超人氣網站上的作品書籍化！,3,該書完全符合使用者要求的異世界轉生、奇幻戰鬥與魔法設定。在情感方面，騎士對少女的「赤膽忠心」承諾體現了純愛與堅定不移的關係，且故事背景設定在荒廢世界，具備產生情感衝突（虐）的潛力，整體風格與使用者的需求高度契合。
q3,"可以幫忙推薦幾部跟這部風格類似的輕小說
這部吸引我的地方有幾個:
1.男女主角純愛堅定不移
2.各種甜蜜的打情罵俏劇情
3.異世界轉生戰鬥、魔法
4.中間雖然各種虐，但最後還是排除萬難再一起",5bab9af4-c186-5b7c-bce4-81bbf26c1c7d,反抗者的系譜,三浦良,8.6,連載,"奇幻, 戰鬥, 戀愛, 富士見文庫, 日本輕小說",與你的相遇真的讓我很高興。可以說是一見鍾情。就是因為這個想法沒有任何虛假成分——才要盡全力跟他戰鬥。「我要上了」凝視著再次邂逅的前魔王——拉加斯，統一帝國的皇帝——沙拉?香卡拉靜靜地握起了劍。打倒魔王后的人類勇者沙拉，統一了人間界和魔物世界至今4年。發誓要復仇的拉加斯出現在了沙拉的面前。同時發動的多個陰謀瞄準的沙拉的性命。在錯綜複雜的想法中，拉加斯和沙拉貫徹著自己的道路。相互碰撞的感情選擇的現實到底是？,1,雖然該書包含奇幻、戰鬥與戀愛元素，但其劇情主軸在於前勇者與前魔王的對立、復仇以及複雜的情感衝突，與使用者要求的「純愛」、「甜蜜打情罵俏」以及「堅定不移」的風格截然不同，僅在大類別（奇幻戀愛）上有表面關聯。
q3,"可以幫忙推薦幾部跟這部風格類似的輕小說
這部吸引我的地方有幾個:
1.男女主角純愛堅定不移
2.各種甜蜜的打情罵俏劇情
3.異世界轉生戰鬥、魔法
4.中間雖然各種虐，但最後還是排除萬難再一起",b7c361ec-e3a7-51ac-b6b3-0e31151b02c3,我的寵物是聖女大人,ムク文鳥,68.8,完結,"轉生, 魔法, 戰鬥, 戀愛, 人外, 其他文庫, 日本輕小說",在一場車禍中失去了家人的高中生的辰巳，因最愛的寵物鸚鵡琪可的衰老死亡陷入失意的深淵中。這痛苦絕望之際，他被召喚到了異世界。而召喚他的是轉生成人類的琪可。在這個世界的琪可是一位被人民敬仰著的聖女。而身為聖女的她，卻表示準備好了將辰巳迎為夫婿。但是，並不認為這一切是正確的傢伙出現了，並計畫著將二人吞入巨大的陰謀。——與聖女共同構築的純愛故事，現在開始。,3,該推薦書籍高度符合用戶的需求：包含異世界轉生、魔法與戰鬥設定；劇情核心為男女主角之間堅定的純愛（聖女與原主人的關係）；且提及面臨巨大陰謀的挑戰，符合用戶對「排除萬難在一起」的期待。
q3,"可以幫忙推薦幾部跟這部風格類似的輕小說
這部吸引我的地方有幾個:
1.男女主角純愛堅定不移
2.各種甜蜜的打情罵俏劇情
3.異世界轉生戰鬥、魔法
4.中間雖然各種虐，但最後還是排除萬難再一起",39d3eccf-e43c-5fde-9f45-648f54287bab,毫無幹勁的天才王子和冰之魔女的新娘課程,海月くらげ,10.3,連載,"校園, 奇幻, 魔法, 戰鬥, 戀愛, GA文庫, 日本輕小說",無法使出像樣的魔術，成績也處於不及格邊緣──如此毫無幹勁的王子威爾在王命之下，落到了政治聯姻的境地。他的聯姻對象是『冰之魔女』莉莉舒卡。她出身魔女之國，擁有冰雕般的美貌，是學園中赫赫有名的魔女，但──「你要是敢亂來，我就把你凍成冰雕。」她在課堂中轟出驚天動地的魔術，舞蹈與禮儀的造詣也慘不忍睹，作為王族的新娘而言問題重重!? 再這樣下去婚約也岌岌可危，因此威爾打算示範一下何謂王室風範──卻連背地裡盯上魔女性命的刺客都出現……「受不了，真是個讓人操心的未婚妻。」毫無幹勁的王子在新娘的危機面前，終於拿出了真本事──由政治聯姻譜出序曲的超正統校園奇幻故事！！,2,該書滿足了使用者對於魔法、戰鬥、純愛以及男女主角之間打情罵俏（反差萌）的需求。然而，該書屬於原創奇幻世界觀，而非使用者提到的「異世界轉生」，且劇情基調較為輕鬆，缺乏使用者強調的「中間過程很虐」的強烈情感衝突，因此給予 2 分。
q3,"可以幫忙推薦幾部跟這部風格類似的輕小說
這部吸引我的地方有幾個:
1.男女主角純愛堅定不移
2.各種甜蜜的打情罵俏劇情
3.異世界轉生戰鬥、魔法
4.中間雖然各種虐，但最後還是排除萬難再一起",e6861b3a-f33b-566d-bfd4-66750da3ce1f,毀滅魔導王與魔像蠻妃,北下路來名,26.6,連載,"轉生, 奇幻, 戀愛, 龍傲天, 人外, 角川文庫, 日本輕小說",回過神來，「我」發現自己來到了異世界，身上只穿著一件超丑的睡衣。我似乎是以毀滅世界的「魔導王」身分被召喚過來的，但自己的能力值卻全部點到了土屬性上——而從我的能力中誕生的「最強武器」，不只是戰鬥能力高強，就連醋勁也深不可測？從「成為小說家吧」誕生，獨具風格的冒險奇幻作品登場！,2,該書完全符合異世界轉生、魔法與戰鬥的設定（要求3），且從簡介中提到「最強武器」且「醋勁深不可測」的設定來看，極大機率包含甜蜜的打情罵俏與堅定的情感紐帶（要求1、2）。然而，簡介中並未提及是否有「先虐後甜」或「克服重重困難後在一起」的劇情起伏（要求4），因此在劇情結構的匹配度上無法完全確認。
q3,"可以幫忙推薦幾部跟這部風格類似的輕小說
這部吸引我的地方有幾個:
1.男女主角純愛堅定不移
2.各種甜蜜的打情罵俏劇情
3.異世界轉生戰鬥、魔法
4.中間雖然各種虐，但最後還是排除萬難再一起",5eb2234c-7aad-5452-bb2e-8e5954007ac5,末日時在做什麼？有沒有空？可以來拯救嗎？,枯野瑛,58.5,完結,"奇幻, 戰鬥, 黑暗, 末日, 戀愛, 人外, 角川文庫, 日本輕小說",「人類」遭到非比尋常的「獸」蹂躪而滅亡了。除了獨自從數百年沉眠中蘇醒的青年威廉以外。唯有「聖劍」與使用聖劍的妖精兵能代替「人類」打倒「獸」。戰鬥過後，「聖劍」能再次被他人使用，但用儘力量的妖精兵們卻會殞命。「至少，我也希望自己不用消失，也想讓別人記住。我也想留下羈絆啊。」這是註定赴死的妖精少女們和青年教官共度的，既短暫又燦爛的日子。★以人類滅亡後五百年的世界為舞台，妖精少女與人類青年共同經歷的日子。,1,雖然本作符合純愛、奇幻戰鬥與魔法的設定，但使用者明確要求「最後排除萬難在一起」的圓滿結局。而《末日時在做什麼？》是以極其虐心且傾向悲劇的結局著稱，與使用者核心的心理需求完全相反，因此不建議推薦。
q3,"可以幫忙推薦幾部跟這部風格類似的輕小說
這部吸引我的地方有幾個:
1.男女主角純愛堅定不移
2.各種甜蜜的打情罵俏劇情
3.異世界轉生戰鬥、魔法
4.中間雖然各種虐，但最後還是排除萬難再一起",706ef34d-95c0-5845-874e-f5f445522233,梅蒂亞轉生物語,友麻碧,49.6,連載,"轉生, 魔法, 戀愛, 大小姐, 女性視角, 角川文庫, 日本輕小說",「梅蒂亞」，魔法真實存在的世界。身為「世上最邪惡魔女」後裔的貴族千金瑪琪雅，在命運的邂逅中，買下了奴隸少年托爾，兩人建立起親密情誼。然而在流星雨之夜過後，托爾被選為守護者，必須效忠來自異世界的「救世主少女」。托爾的離去讓瑪琪雅大受打擊，不過，只要前往位於王都的魔法學校就讀，有機會再見到托爾一面。為了傳達自身心意，瑪琪雅考上最頂尖的魔法學府，懷抱著前世破碎的記憶踏上旅程……少女與少年並不知道，彼此的相遇，將會在未來徹底改寫歷史。──梅蒂亞轉生物語，揭開序幕！,3,該書完全符合用戶的需求：包含異世界轉生與魔法設定，劇情核心聚焦於男女主角之間深厚且堅定的情感，且明確提到分離的痛苦（虐）以及女主角為了重逢而努力的過程，與用戶要求的「純愛」、「異世界魔法」及「排除萬難在一起」的高度契合。
q3,"可以幫忙推薦幾部跟這部風格類似的輕小說
這部吸引我的地方有幾個:
1.男女主角純愛堅定不移
2.各種甜蜜的打情罵俏劇情
3.異世界轉生戰鬥、魔法
4.中間雖然各種虐，但最後還是排除萬難再一起",515d0611-9fc6-58a7-901d-a2db61016082,突然去異世界執行任務，又因為要救她轉生。,沢渡空,7.7,連載,"異世界, 魔法, 戰鬥, 冒險, 原生幻想, 華文輕小說",我是一個普通的高中生。我的名字是佐藤朝陽。我十六歲了。我的父母在我小的時候就死了，我的人生經歷相比於普通人要悲慘得多。我在高中時，唯一把我當作親人的表哥也因為意外事故死了。當我因為悲傷頹廢自己的時候，一位自稱是「人類族之王」的人出現在了我的夢裡。之後，我被他收入手下開始在充滿了危險的異世界執行任務。在種種險境中我和隊友的羈絆不斷加深。他們拯救了我的心。我終於笑了。終於，打敗了鬼王。可是——我們卻被信任的主人「人類族之王」殺害了我出於種種原因轉生了。為了救她，為了給大家復仇，我要——,2,推薦書籍符合使用者對於『異世界轉生、戰鬥與魔法』以及『劇情虐心』的需求，且提到『為了救她』暗示了深厚的情感紐帶。然而，使用者特別強調的『甜蜜打情罵俏』在簡介中完全沒有體現，故事基調偏向沉重的復仇與悲劇，而非甜蜜的純愛，因此在情感氛圍上有所缺失。
q4,"由於自己的胃口比較獨特的原因，喜歡男主被拋置於各種不利的情節或者感情中，也是因為這樣，喜歡看那些讓人看完后心緒難以平靜的小說，就我看過的來說，無職，re0，妹妹人生，異世界迷宮最深等，在某種程度上來說都有慘烈的一部分（感情上或者情節上都是），也沒有一定要轉生異世界，現實日常要是能描繪出這些來也很好了。
尤其那種男主能不斷被放置在痛苦或者恐懼之中，一邊流露出作者思考的文字的小說，再好不過。",76f71e41-141b-5f8d-9641-6d7dd052a41c,人間失格,太宰治,6.1,完結,"青春, 黑暗, 其他文庫, 日本輕小說",《人間失格》發表於1948年，是一部自傳體的小說，纖細的自傳體中透露出極致的頹廢，毀滅式的絕筆之作。太宰治巧妙地將自己的人生與思想，隱藏於主角葉藏的人生遭遇，藉由葉藏的獨白，窺探太宰治的內心世界，一個「充滿了可恥的一生」。在發表這部作品的同年，太宰治就自殺身亡。後來《人間失格》被改編成了日劇。動畫版請參看：青之文學第12集,3,使用者明確表示喜歡男主角處於痛苦、恐懼或不利的境地，且偏好能引起心緒不寧並包含作者思考的作品。《人間失格》探討極致的頹廢、自我毀滅與社會疏離感，男主角葉藏的一生充滿了心理折磨與絕望，完全符合使用者對「慘烈（感情上）」、「痛苦」以及「深度思考文字」的核心需求。
q4,"由於自己的胃口比較獨特的原因，喜歡男主被拋置於各種不利的情節或者感情中，也是因為這樣，喜歡看那些讓人看完后心緒難以平靜的小說，就我看過的來說，無職，re0，妹妹人生，異世界迷宮最深等，在某種程度上來說都有慘烈的一部分（感情上或者情節上都是），也沒有一定要轉生異世界，現實日常要是能描繪出這些來也很好了。
尤其那種男主能不斷被放置在痛苦或者恐懼之中，一邊流露出作者思考的文字的小說，再好不過。",79777d60-de70-5c25-8008-bc7040dad4a1,願你手擁幸福,ショーン田中,12.0,連載,"奇幻, 戰鬥, 黑暗, 復仇, 病嬌, 後宮, 青梅竹馬, 其他文庫, 日本輕小說",──啊，與其回到過去，我寧願去死。冒險者路易斯所過的是慘敗者般的生活。每天都遭受本應是他同伴的隊伍成員的虐待。一切都與他所嚮往的、成為英雄或勇者的道路相去甚遠。某天，他收到一神秘黑影的邀請，並忽然被他送至過去。‍‌‌‍‍‌‌‍‍‍‌‌‌‍‌‍‍‍‍黑影告訴他，這種機會僅有一次。他心生渴望──渴望這次一定要手擁尊嚴、榮耀以及心愛之人。但是，命運之神不容許那種事發生。同大型魔獸作戰、襲擊貴族府邸、與勇者一同完成委託──與路易斯的想法相悖，他總是被捲入幫助他人的情況當中。不知不覺中，事態朝著與他的願望截然相反的方向發展，那些在他上一世中是他同伴的少女們漸漸對他心生出扭曲的執著及愛意。這是一部陰暗、熱血，為了雪恥，逆轉一切的復仇幻想劇！,3,使用者渴望看到男主角處於不利、痛苦或恐懼的處境（尤其是情感上的慘烈），而推薦的書籍中，男主角路易斯在第一世遭受隊友虐待，在第二世則面臨少女們扭曲的執著與愛意（病嬌），完全符合使用者對「男主被放置於不利情節或感情中」以及「陰暗、慘烈」的需求。
q4,"由於自己的胃口比較獨特的原因，喜歡男主被拋置於各種不利的情節或者感情中，也是因為這樣，喜歡看那些讓人看完后心緒難以平靜的小說，就我看過的來說，無職，re0，妹妹人生，異世界迷宮最深等，在某種程度上來說都有慘烈的一部分（感情上或者情節上都是），也沒有一定要轉生異世界，現實日常要是能描繪出這些來也很好了。
尤其那種男主能不斷被放置在痛苦或者恐懼之中，一邊流露出作者思考的文字的小說，再好不過。",d0416679-7387-5739-b2c1-7ea2c4bd667c,灰與幻想的格林姆迦爾,十文字青,260.9,連載,"轉生, 奇幻, 冒險, 戰鬥, 青春, 黑暗, 其他文庫, 日本輕小說",我們為什麼要這麼做……？哈爾希洛回過神來，才發現自己身處在黑暗當中，他完全不知道自己人在何處，也不明白這個地方是哪裡。他的身邊有一群和他一樣失去記憶，只記得自己名字的男女；而離開了地底後，等待著眾人的是一個「宛如遊戲」的世界。為求生存，哈爾希洛與自己有著相同境遇的夥伴們組成隊伍、學習技能，以義勇兵見習者的身分踏入了這個世界——「格林姆迦爾」。沒有人知道未來會遇見什麼……這一切，就是從灰燼之中所誕生的冒險譚。,3,使用者偏好男主角處於不利、痛苦或恐懼情境的小說，追求心緒難以平靜的慘烈感。而《灰與幻想的格林姆迦爾》以寫實且殘酷的生存鬥爭著稱，強調在異世界中弱小者的掙扎、對死亡的恐懼以及失去同伴的悲慟，其基調壓抑且充滿心理掙扎，非常符合使用者對於「將男主放置在不利情節中」以及「心緒難以平靜」的需求。
q4,"由於自己的胃口比較獨特的原因，喜歡男主被拋置於各種不利的情節或者感情中，也是因為這樣，喜歡看那些讓人看完后心緒難以平靜的小說，就我看過的來說，無職，re0，妹妹人生，異世界迷宮最深等，在某種程度上來說都有慘烈的一部分（感情上或者情節上都是），也沒有一定要轉生異世界，現實日常要是能描繪出這些來也很好了。
尤其那種男主能不斷被放置在痛苦或者恐懼之中，一邊流露出作者思考的文字的小說，再好不過。",daa3d018-53db-5c62-8886-f0b3409ec8fa,女主角們都想殺掉我,김마모,81.0,連載,"奇幻, 冒險, 黑暗, 群像, 後宮, 魔法, 病嬌, 戀愛, 校園, 青梅竹馬, other, 韓國輕小說",為了拯救陷入絕望的黑暗幻想遊戲世界，我強忍淚水毀滅了世界，並殺死魔王而得以回歸。現在，我打算利用「回歸特權」賜予我的系統視窗來拯救世界……但很不幸地，女主角們也覺醒了上一周目的記憶。真是該死。,3,使用者明確表示喜歡男主角被置於不利情節、承受痛苦或恐懼且具有情感衝擊的小說。推薦書籍的設定是男主在回歸後，面對覺醒記憶且想殺掉自己的女主角們，這種被背叛、被追殺的處境高度符合使用者對「男主不斷被放置在痛苦或恐懼之中」的需求。
q4,"由於自己的胃口比較獨特的原因，喜歡男主被拋置於各種不利的情節或者感情中，也是因為這樣，喜歡看那些讓人看完后心緒難以平靜的小說，就我看過的來說，無職，re0，妹妹人生，異世界迷宮最深等，在某種程度上來說都有慘烈的一部分（感情上或者情節上都是），也沒有一定要轉生異世界，現實日常要是能描繪出這些來也很好了。
尤其那種男主能不斷被放置在痛苦或者恐懼之中，一邊流露出作者思考的文字的小說，再好不過。",4eca51f5-f735-559f-8992-682920e8f867,暗之部屋,唐邊葉介,12.3,完結,"黑暗, 遊戲劇本, 日本輕小說",文庫註明:原是被出版社禁止出版的小說，經作者本人的整理製作成了同人遊戲，這是遊戲提取漢化文本。精太郎被母親幽閉在用木板封住任何縫隙，不透進一絲外界光亮的高級公寓中長大，以至於他與外面的世界完全脫節，常年遵循著母親在這個小小的世界中制定的規矩生活著。在母親死後，他終於獲救。在療養院中初步適應外界的空氣後，精太郎被叔母領養了。但他沒想到的是，身體走出了那個沒有亮光的世界，但自己的心靈卻依舊被幽閉在一片黑暗之中…,3,使用者明確表示喜歡男主角處於不利情節、痛苦、恐懼或慘烈的情感狀態中，且提到喜歡《妹妹人生》這類具有強烈心理壓抑感的小說。推薦的《暗之部屋》描述主角從小被幽閉、與世隔絕且在獲救後心靈仍處於黑暗之中的設定，完全符合使用者對「男主被放置在痛苦之中」以及「心緒難以平靜」的core intent。
q4,"由於自己的胃口比較獨特的原因，喜歡男主被拋置於各種不利的情節或者感情中，也是因為這樣，喜歡看那些讓人看完后心緒難以平靜的小說，就我看過的來說，無職，re0，妹妹人生，異世界迷宮最深等，在某種程度上來說都有慘烈的一部分（感情上或者情節上都是），也沒有一定要轉生異世界，現實日常要是能描繪出這些來也很好了。
尤其那種男主能不斷被放置在痛苦或者恐懼之中，一邊流露出作者思考的文字的小說，再好不過。",040bb163-c44b-5d59-846f-e5de753c80c5,那個坐輪椅的櫃檯小姐 ～轉生ts無論遭遇多少不幸都會頑強生活下去～,鈴風奈緒子,66.2,連載,"異世界, 戀愛, 女性視角, 性轉, 蘿莉, 黑暗, 轉生, 奇幻, 冒險, 原生幻想, 華文輕小說",我轉生到這個世界有十五年。整整十五年的人生，除了不幸，什麼都沒有。我失去了雙親，失去了家庭，甚至失去了自己的雙腿。幸福好像離自己非常非常遙遠。我不知道自己什麼時候，才能活得好一些。但總有那麼一天，總有那麼一天。會能笑出來吧。,2,用戶的核心需求是看到主角處於極端不利、痛苦或慘烈的情境中，並追求強烈的心理衝擊。推薦的小說描述了主角失去雙親、家庭及雙腿，人生充滿不幸且在絕望中掙扎，高度契合用戶對「慘烈」和「痛苦」的口味。雖然該書為性轉（TS）且標註為女性視角，與用戶明確提到的「男主」有所出入，但主題意圖高度一致。
q4,"由於自己的胃口比較獨特的原因，喜歡男主被拋置於各種不利的情節或者感情中，也是因為這樣，喜歡看那些讓人看完后心緒難以平靜的小說，就我看過的來說，無職，re0，妹妹人生，異世界迷宮最深等，在某種程度上來說都有慘烈的一部分（感情上或者情節上都是），也沒有一定要轉生異世界，現實日常要是能描繪出這些來也很好了。
尤其那種男主能不斷被放置在痛苦或者恐懼之中，一邊流露出作者思考的文字的小說，再好不過。",c56d3c74-6e02-5dea-9734-f0a71652b741,MORTE ─水葬之少女─,縹けいか,11.4,完結,"科幻, 懸疑, 冒險, 黑暗, 戀愛, 其他文庫, 日本輕小說",遺傳基因的陷阱——MORTE，數萬人中便有一個罹患這種怪病，患者的癥狀是必定會在二十歲前自殺。少年沙夏被送入充斥秘密及動蕩的孤兒院「道其奧」，他對成人心懷怨恨，一直過著孤獨的生活。某天，他面前出現了一位名叫瑪儂的美麗少女。隨著與瑪儂日漸熟絡，沙夏開始懷疑瑪儂的咨商員——令人毛骨悚然的培育者杜度——是否正在傷害瑪儂。為了幫助她，沙夏做了一項重大決定。然而，這件事的背後隱藏著令人震驚的事實。眾人不顧罹患的怪病「MORTE」，誘使著人走向命定的自殺之途，並暗中影響著孤兒院與他們……這是一段絕望又純真、關於「羈絆」的故事——這世界上，會有奇蹟嗎？,3,用戶核心需求是尋找讓男主處於不利、痛苦、恐懼或絕望情境的小說，追求強烈的情緒衝擊（如《Re:Zero》或《妹妹人生》）。推薦書籍《MORTE ─水葬之少女─》設定在充滿秘密的孤兒院，且核心劇情圍繞著「必定在二十歲前自殺」的遺傳病，標籤包含「黑暗」且描述為「絕望又純真」的故事。這種宿命論的絕望感與男主面對的壓抑環境，高度符合用戶對「慘烈」與「痛苦情節」的偏好。
q4,"由於自己的胃口比較獨特的原因，喜歡男主被拋置於各種不利的情節或者感情中，也是因為這樣，喜歡看那些讓人看完后心緒難以平靜的小說，就我看過的來說，無職，re0，妹妹人生，異世界迷宮最深等，在某種程度上來說都有慘烈的一部分（感情上或者情節上都是），也沒有一定要轉生異世界，現實日常要是能描繪出這些來也很好了。
尤其那種男主能不斷被放置在痛苦或者恐懼之中，一邊流露出作者思考的文字的小說，再好不過。",981a6dfb-5bc3-56dd-bbcd-f43caf52d5a6,白夜行,東野圭吾,34.5,完結,"懸疑, 黑暗, 集英社, 日本輕小說",因為被奪走太陽，只能行走在白夜之中；然而當白夜來到盡頭之際，又將有什麼在等待著？他們為什麼如此輕易地抹煞別人的性命？他們為什麼毫無愧疚地奪取別人的靈魂？,2,使用者偏好男主角處於不利、痛苦或恐懼的處境，且追求能帶來強烈情感衝擊、心緒難平的黑暗風格作品。雖然《白夜行》是懸疑推理小說而非使用者舉例的輕小說/網文，但其核心主題正是關於被奪走光明的悲劇人生與長期的精神折磨，高度契合使用者對「黑暗」、「慘烈」以及「人生困境」的心理需求。 다만，其敘事結構與使用者列舉的作品（如 Re:Zero 等具有強烈被動受難特質的作品）有所不同，因此給予 2 分。
q4,"由於自己的胃口比較獨特的原因，喜歡男主被拋置於各種不利的情節或者感情中，也是因為這樣，喜歡看那些讓人看完后心緒難以平靜的小說，就我看過的來說，無職，re0，妹妹人生，異世界迷宮最深等，在某種程度上來說都有慘烈的一部分（感情上或者情節上都是），也沒有一定要轉生異世界，現實日常要是能描繪出這些來也很好了。
尤其那種男主能不斷被放置在痛苦或者恐懼之中，一邊流露出作者思考的文字的小說，再好不過。",59aa8c46-fe18-584f-8aa2-02e9acacfdfb,大逃殺,高見廣春,35.1,完結,"遊戲, 鬥智, 黑暗, 獵奇, 驚悚, 大逃殺, 其他文庫, 日本輕小說",大逃殺題材開山鼻祖之作——挑戰人類想像力之極限、撼動人性道德界線驚悚大作！血淋淋呈現人性最終本能與慾望！「各位同學，你們班被選為今年『計畫』的對象啦。」每個中學生日夜憂懼的夢魘還是降臨到了他們身上。原本應該是一次留下美好青春回憶的國三畢業旅行，現在卻成了生命的畢業旅行。可是，要殘殺自己平時相處在一起的同班同學，那怎麼可能！？但你若不投入這場「遊戲計畫」，奮力一戰，就得被迫從人生舞台畢業！！！戰爭已經開始，你準備好了嗎？,3,使用者明確表示喜歡男主被置於不利、痛苦或恐懼的情節中，且追求能帶來強烈情緒衝擊（慘烈）的作品。《大逃殺》將主角及其同窗強制置於極端殘酷的生存遊戲中，充滿絕望感、死亡恐懼以及人性的掙扎，高度符合使用者對於「心緒難以平靜」與「將角色放置在痛苦之中」的核心需求。
q4,"由於自己的胃口比較獨特的原因，喜歡男主被拋置於各種不利的情節或者感情中，也是因為這樣，喜歡看那些讓人看完后心緒難以平靜的小說，就我看過的來說，無職，re0，妹妹人生，異世界迷宮最深等，在某種程度上來說都有慘烈的一部分（感情上或者情節上都是），也沒有一定要轉生異世界，現實日常要是能描繪出這些來也很好了。
尤其那種男主能不斷被放置在痛苦或者恐懼之中，一邊流露出作者思考的文字的小說，再好不過。",1c8617bf-5f6f-55eb-b207-559585a64725,夢與罪惡的扎克厄彼斯,弗蘭茲·K,8.1,完結,"奇幻, 黑暗, 穿越, 冒險, 後宮, 原生幻想, 華文輕小說",這是一個充滿了荒誕與諷刺的故事。主角「權亦寧」在現實生活瀕臨絕望時，誤入了一個全新的世界，開始了一段全新的生活。隨之而來的，是能夠找到至親妹妹的希望，以及掙扎於這可怕世界的絕望。在這個新世界中，名為「詛咒」的神秘力量肆意剝奪人們的生命，人類必須對抗深淵之下的怪物，並從深淵中獲取賴以生存的資源。身為普通人的主角，將會在這個世界中開展一段怎樣的冒險，而這個世界中又蘊藏著怎樣的秘密。也許，答案出乎意料地簡單……,3,使用者明確表示喜歡男主角處於痛苦、絕望或不利情境的作品（如 Re:Zero）。推薦的小說標籤包含「黑暗」，且簡介中多次提到主角在現實與新世界中面臨的「絕望」與「掙扎」，與使用者追求的「慘烈」、「痛苦」及「心緒難以平靜」的閱讀體驗高度契合。
q4,"由於自己的胃口比較獨特的原因，喜歡男主被拋置於各種不利的情節或者感情中，也是因為這樣，喜歡看那些讓人看完后心緒難以平靜的小說，就我看過的來說，無職，re0，妹妹人生，異世界迷宮最深等，在某種程度上來說都有慘烈的一部分（感情上或者情節上都是），也沒有一定要轉生異世界，現實日常要是能描繪出這些來也很好了。
尤其那種男主能不斷被放置在痛苦或者恐懼之中，一邊流露出作者思考的文字的小說，再好不過。",6b82e907-a532-5e69-98c8-93c2357f9cfd,我是一個無限回歸者，但我有故事要講,신노아,196.8,完結,"末日, 腦洞, 懸疑, 鬥智, 戰鬥, 群像, 驚悚, other, 韓國輕小說",無限回歸流派看看任何一本奇幻小說，你都會發現回歸是一個保證有效的作弊代碼！但是無限回歸的能力又如何呢？沒有必要擔心壞結局，因為主角可以簡單地重置以達到最終的幸福結局。「作弊代碼個鬼」我親自嘗試了一下才發現並非如此。所有這些小說中描繪的回歸者成功的神話實際上都是假新聞……！這只是卑鄙的宣傳！「這次回歸也註定失敗。」這不是一個成功的故事，而是一個失敗者的尾聲。一位歷經1183次回歸的過來人，為您生動講述的感動實錄紀錄片，現在終於開始！···劇本：ZERO_SUGAR編輯：文學少女,3,用戶明確表示喜歡男主處於不利情節、承受痛苦與恐懼的小說，並舉例提到《Re:Zero》。推薦的小說同樣採取「無限回歸」設定，但明確反轉了回歸者的「作弊」快感，強調回歸的失敗、痛苦以及作為失敗者的心路歷程（經歷1183次回歸），與用戶追求的「慘烈感」和「心緒難以平靜」的高度契合。
q4,"由於自己的胃口比較獨特的原因，喜歡男主被拋置於各種不利的情節或者感情中，也是因為這樣，喜歡看那些讓人看完后心緒難以平靜的小說，就我看過的來說，無職，re0，妹妹人生，異世界迷宮最深等，在某種程度上來說都有慘烈的一部分（感情上或者情節上都是），也沒有一定要轉生異世界，現實日常要是能描繪出這些來也很好了。
尤其那種男主能不斷被放置在痛苦或者恐懼之中，一邊流露出作者思考的文字的小說，再好不過。",41e2fd1f-37ab-5157-85e2-11c63c1a561b,異世界迷宮探索者,サカモト666,49.4,完結,"轉生, 冒險, 復仇, 黑暗, 獵奇, 其他文庫, 日本輕小說",有一天高中生武田順平因為「神」的一時興起被召喚到異世界，作為祭品被推入了兇惡的迷宮裡。在生還率為零的怪物迷宮內，順平做好了死的覺悟，但他想出了起死回生的妙計。找到通往迷宮活路的最弱迷宮，開始了對叛徒們的復仇。網上超人氣的，從窮途末路中爬出來的幻想小說，期待已久的文庫化！,3,用戶明確表示喜歡男主處於不利情境、痛苦、恐懼或慘烈的設定。推薦的書籍《異世界迷宮探索者》描述男主被作為祭品推入生還率為零的兇惡迷宮，且標記有「黑暗」、「獵奇」與「復仇」，完全符合用戶對「男主被放置在痛苦之中」以及「慘烈情節」的核心需求。
q4,"由於自己的胃口比較獨特的原因，喜歡男主被拋置於各種不利的情節或者感情中，也是因為這樣，喜歡看那些讓人看完后心緒難以平靜的小說，就我看過的來說，無職，re0，妹妹人生，異世界迷宮最深等，在某種程度上來說都有慘烈的一部分（感情上或者情節上都是），也沒有一定要轉生異世界，現實日常要是能描繪出這些來也很好了。
尤其那種男主能不斷被放置在痛苦或者恐懼之中，一邊流露出作者思考的文字的小說，再好不過。",5eb2234c-7aad-5452-bb2e-8e5954007ac5,末日時在做什麼？有沒有空？可以來拯救嗎？,枯野瑛,58.5,完結,"奇幻, 戰鬥, 黑暗, 末日, 戀愛, 人外, 角川文庫, 日本輕小說",「人類」遭到非比尋常的「獸」蹂躪而滅亡了。除了獨自從數百年沉眠中蘇醒的青年威廉以外。唯有「聖劍」與使用聖劍的妖精兵能代替「人類」打倒「獸」。戰鬥過後，「聖劍」能再次被他人使用，但用儘力量的妖精兵們卻會殞命。「至少，我也希望自己不用消失，也想讓別人記住。我也想留下羈絆啊。」這是註定赴死的妖精少女們和青年教官共度的，既短暫又燦爛的日子。★以人類滅亡後五百年的世界為舞台，妖精少女與人類青年共同經歷的日子。,3,用戶明確表示喜歡男主處於不利情節、情感慘烈且能帶來強烈心理衝擊（致鬱）的作品，並舉例了《Re:Zero》和《妹妹人生》。推薦的《末日時在做什麼？》是一部典型的致鬱系輕小說，其核心在於不可避免的死亡、遺忘與深刻的喪失感，男主角在末日背景下面對學生注定殞命的無力感，完全符合用戶對「心緒難以平靜」以及「將角色放置於痛苦之中」的需求。
q4,"由於自己的胃口比較獨特的原因，喜歡男主被拋置於各種不利的情節或者感情中，也是因為這樣，喜歡看那些讓人看完后心緒難以平靜的小說，就我看過的來說，無職，re0，妹妹人生，異世界迷宮最深等，在某種程度上來說都有慘烈的一部分（感情上或者情節上都是），也沒有一定要轉生異世界，現實日常要是能描繪出這些來也很好了。
尤其那種男主能不斷被放置在痛苦或者恐懼之中，一邊流露出作者思考的文字的小說，再好不過。",d0dc39c5-57d7-5e47-9263-4d8f992b19ed,食人轉移者的異世界復仇譚,kiki,55.5,完結,"異世界, 性轉, 百合, 復仇, 獵奇, 黑暗, syosetu, Web輕小說",『捕食』——那是吞噬他者，奪取能力的技能。被捲入班級轉移的白詰岬，遭到凄慘的霸凌被奪走了一切，由於異世界召喚的失敗就連性別都被奪走了，到最後以什麼技能都沒得到、被貼上「無能」的標籤告終。然而，當發現自己擁有著技能『捕食』的時候，其命運便驟然改變了。岬化為獲得力量的復仇之鬼，接連誘騙虐待過自己的班上同學，然後捕食——,2,用戶的核心需求是希望男主角「不斷被放置在痛苦或恐懼之中」，追求一種心緒難以平靜的慘烈感。推薦的書籍開頭確實包含極其慘烈的霸凌、失去一切及性轉的設定，符合「不利情節」的要求；然而，故事的核心走向是「復仇」與「獲取力量（捕食）」，將主角從受害者轉變為加害者。這類復仇爽文的重心在於反擊的快感，而非用戶所追求的持續受難或深層的心理掙扎，因此在核心意圖上存在偏差。
q4,"由於自己的胃口比較獨特的原因，喜歡男主被拋置於各種不利的情節或者感情中，也是因為這樣，喜歡看那些讓人看完后心緒難以平靜的小說，就我看過的來說，無職，re0，妹妹人生，異世界迷宮最深等，在某種程度上來說都有慘烈的一部分（感情上或者情節上都是），也沒有一定要轉生異世界，現實日常要是能描繪出這些來也很好了。
尤其那種男主能不斷被放置在痛苦或者恐懼之中，一邊流露出作者思考的文字的小說，再好不過。",40d6dfde-ac57-5d1b-acf2-3de86e710058,「憑妳也想討伐魔王？」被勇者小隊逐出隊伍，只好在王都自在過活,kiki,80.6,連載,"奇幻, 戰鬥, 獵奇, 黑暗, 百合, 女性視角, Fami通文庫, 日本輕小說",「……原來我，可以活著呀。」明明能力值為零，卻被選進勇者小隊的芙蘭姆。唯一擁有的是種名為「翻轉」的莫名能力。果不其然，雖在戰鬥中完全派不上用場，仍不氣餒努力為小隊奉獻。然而隊中一位赫赫有名的天才賢者吉恩卻看她不順眼，不只動不動就找碴，最後甚至硬是把她賣給了奴隸商人。在奴隸商會內受盡折磨的芙蘭姆，某天為了娛樂目的，即將淪為怪物的大餐。沒想到，當她舉起號稱一拿到手就會將身體融化的「詛咒大劍」瞬間——她的人生急遽翻轉。,1,使用者明確要求「男主」處於不利情節、痛苦或恐懼之中，並追求心緒難平的沉重感（如《Re:Zero》、《妹妹人生》）。而推薦書籍的主角為女性（女性視角、百合），且劇情走向是典型的「被逐出隊伍後獲得能力並自在過活」的反擊/爽文套路，與使用者追求的深沉痛苦與心理折磨之意圖不符，僅在初期有部分虐待情節，屬於表面相關。
q4,"由於自己的胃口比較獨特的原因，喜歡男主被拋置於各種不利的情節或者感情中，也是因為這樣，喜歡看那些讓人看完后心緒難以平靜的小說，就我看過的來說，無職，re0，妹妹人生，異世界迷宮最深等，在某種程度上來說都有慘烈的一部分（感情上或者情節上都是），也沒有一定要轉生異世界，現實日常要是能描繪出這些來也很好了。
尤其那種男主能不斷被放置在痛苦或者恐懼之中，一邊流露出作者思考的文字的小說，再好不過。",297a3df9-c447-55b1-bb7f-f3bf720f0a18,絕境：死返之劍客,入間人間,6.5,完結,"奇幻, 復仇, 戰鬥, 其他文庫, 日本輕小說",生涯最後的一場決鬥——對手是自幼同門學藝的摯交。我們曾以彼此為假想敵，砥礪劍技，他是我半生中的另一部分，也是一個我從未在劍道上真正戰勝過的夙敵。不知是誰先提出要以真劍決一勝負。總之，我確實被斬中了。然而，當我回過神來，卻發現時間回到了決鬥前夕。每一次被斬殺，時間都會倒流。每一次死亡，都會再次蘇醒。然後，再次揮劍相向。直到我的劍，能夠觸及那個男人。被捲入這不可思議現象中的「死返」劍客，其波瀾萬丈的一生將走向何方————入間人間為您獻上，這部另類的劍豪小說。,3,使用者明確提到喜歡《Re:Zero》這類男主在痛苦中掙扎的作品，而推薦書目同樣具備「死返」（死亡回歸）機制，男主在不斷被斬殺的循環中面臨絕望與壓力，且對手是摯交，具備強烈的情感衝突與心理折磨，高度符合使用者對「男主被放置在不利情節/痛苦/恐懼之中」的核心需求。
q4,"由於自己的胃口比較獨特的原因，喜歡男主被拋置於各種不利的情節或者感情中，也是因為這樣，喜歡看那些讓人看完后心緒難以平靜的小說，就我看過的來說，無職，re0，妹妹人生，異世界迷宮最深等，在某種程度上來說都有慘烈的一部分（感情上或者情節上都是），也沒有一定要轉生異世界，現實日常要是能描繪出這些來也很好了。
尤其那種男主能不斷被放置在痛苦或者恐懼之中，一邊流露出作者思考的文字的小說，再好不過。",55bb55cc-3b6d-5385-913e-cf2f3203b635,不哭不哭，痛痛飛走吧,三秋縋,12.7,完結,"輕文學, 懸疑, 犯罪, 復仇, 黑暗, 戀愛, 電擊文庫, 日本輕小說","「陪我一起愎仇吧！殺人兇手先生。」十天後,少女將會死去，而殺了她的人是我。在二十二歲那年秋天，孜然一身的我撞死了一個女生，成了殺人犯——本來應該是這樣，但被我殺死的少女將死亡的瞬間「延後」，她決心將這寶貴的十天，用來報復糟蹋她人生的那些人，然而，做為殺了她的代價，我必須協助她復仇。在一次次的復仇當中，我們不知不覺地接近了真相，接近隱藏在我們兩人邂逅背後的真相。那是一段既悲傷又溫暖的日子所留下的記憶，就是那天，我們——說再見的時候……",3,使用者偏好男主處於不利、痛苦或恐懼的情境，且追求情感上的沉重感與心緒難平。推薦書籍描述男主意外成為殺人犯，並在死者延後死亡的十天內協助其復仇，情節標籤包含「黑暗」、「復仇」與「悲傷」，且男主處於極大的愧疚與不安之中，高度符合使用者對「男主被放置於不利情節」及「心緒難平」的核心需求。
q4,"由於自己的胃口比較獨特的原因，喜歡男主被拋置於各種不利的情節或者感情中，也是因為這樣，喜歡看那些讓人看完后心緒難以平靜的小說，就我看過的來說，無職，re0，妹妹人生，異世界迷宮最深等，在某種程度上來說都有慘烈的一部分（感情上或者情節上都是），也沒有一定要轉生異世界，現實日常要是能描繪出這些來也很好了。
尤其那種男主能不斷被放置在痛苦或者恐懼之中，一邊流露出作者思考的文字的小說，再好不過。",3ef52b27-9ad1-5195-a2fa-16e42f9ce4ca,告白,湊佳苗,8.7,完結,"校園, 青春, 懸疑, 犯罪, 復仇, 黑暗, 其他文庫, 日本輕小說",森口是日本一所中學的教師，她經常將四歲的女兒愛美帶到學校照看。一天，愛美被發現死在校游泳池內，全校嘩然。痛失愛女的森口辭職。她沒有向警方報案，申請重新調查，而是在學生結業當天向全班同學告白，並宣告了自己的復仇計畫。原來，愛美並不是死於意外。面對老師冷酷瘋狂的復仇，同學們驚恐萬狀，惶惶不可終日……,1,用戶的核心需求是希望「男主角」被置於痛苦、恐懼或不利的境地（如 Re:Zero 或妹妹人生），而《告白》是一部復仇劇，其核心在於主角（老師）對加害者施加精神折磨。雖然本書的氛圍黑暗且令人不安，符合用戶對「心緒難以平靜」的追求，但其角色定位與用戶要求的「男主受難」完全相反，僅在氛圍上有部分重疊。
q5,"如題，想找像是overlord、無職這種，有龐大世界，多個國家部落，文化特色分明，歷史背景完整，沉浸感和史詩感強的小說，請問各位有沒有推薦的？希望是劍與魔法的世界，有多不同種族、魔物的那種（其實我不太確定這類型叫什麼，異世界感覺不太對，但叫奇幻又好像太廣泛了？

有很多web小說我都有看過，像是轉生成魔劍、轉生龍蛋、哥布林，他們雖然世界都足夠龐大，但是都有個web小說的通病，就是讀起來會有割裂感，無法讓人帶入那個世界中
而轉生蜘蛛雖然沒有那種割裂感，但是世界觀卻不太夠了，就只簡單分成教皇、妖精、魔王而已，希望能看到更多人類國家間的關係，還有更多魔物亞人種族的故事設定",c9d187c2-de15-5a43-a95e-8c16af975110,異世界默示錄麥諾格拉 ～從毀滅文明開始征服世界～,鹿角フェフ,21.5,連載,"奇幻, 魔法, 轉生, 異世界, 戰爭, 黑暗, 經營, 其他文庫, 日本輕小說",轉生後，我竟然成了邪神。涵蓋探索（eXplore）、擴張（eXpand）、開發（eXploit）、殲滅（eXterminate）的4X系戰略級奇幻小說！因病早逝的年輕人伊良拓斗，轉生到了一個與他生前痴迷的戰略級奇幻模擬遊戲《Eternal Nations》相似的異世界。而且，他居然是以率領邪惡屬性文明「邁諾古拉」的邪神身份轉生的——。「拓斗大人……我們再次一起開始吧？」出現在他面前的嬌美少女——邁諾古拉的英雄單位「污泥魔女」阿圖如此說道。拓斗點頭應允，兩人共同的新國家邁諾古拉就此誕生。然而，邁諾古拉這個勢力卻有著「專註於內政，極其不擅長戰爭」的特點，與邪惡形象完全不符，甚至被玩家評價為「最難使用的超高級勢力」……！,3,這本書與用戶提到的《Overlord》有很強的相似性，同樣是以強大的非人類勢力（邪神與邪惡文明）為中心，且採用 4X 戰略遊戲（探索、擴張、開發、殲滅）的框架來建構世界。這類設定通常包含龐大的地圖、多國勢力競爭以及對種族與文明的詳細設定，符合用戶對「龐大世界」、「多個國家」、「種族多樣性」以及「史詩感」的需求，能有效避免單純升级流 web 小說的割裂感。
q5,"如題，想找像是overlord、無職這種，有龐大世界，多個國家部落，文化特色分明，歷史背景完整，沉浸感和史詩感強的小說，請問各位有沒有推薦的？希望是劍與魔法的世界，有多不同種族、魔物的那種（其實我不太確定這類型叫什麼，異世界感覺不太對，但叫奇幻又好像太廣泛了？

有很多web小說我都有看過，像是轉生成魔劍、轉生龍蛋、哥布林，他們雖然世界都足夠龐大，但是都有個web小說的通病，就是讀起來會有割裂感，無法讓人帶入那個世界中
而轉生蜘蛛雖然沒有那種割裂感，但是世界觀卻不太夠了，就只簡單分成教皇、妖精、魔王而已，希望能看到更多人類國家間的關係，還有更多魔物亞人種族的故事設定",a54862cf-145d-54a5-882d-e4f194b47c4b,奧爾森王國史 ～野蠻的獸人之國如何燒毀和平的精靈之國～,樽見京一郎,52.2,連載,"奇幻, 冒險, 戰爭, 異能, 人外, 其他文庫, 日本輕小說",「槍與魔法」的時代。擁有以奧克族為首的多數魔種族的聯合國家奧克森，以及美麗精靈之國艾爾芬多。在歷史對立加深的兩國國境，獸人之王古斯塔夫與被趕出故國的黑暗精靈族長迪涅魯斯，完成了命運的邂逅……。和平的精靈之國被野蠻的獸人燒盡——顛覆這種「異世界幻想存在」常識的異世界戰記在此誕生！,3,該書設定在槍與魔法的世界，聚焦於獸人聯合國家與精靈之國之間的衝突與戰爭，符合用戶要求的「多個國家部落」、「文化特色分明」以及「史詩感」。其標題即強調「王國史」，顯示其對歷史背景與國家關係的重視，能滿足用戶希望看到深入種族設定與國家間關係的需求，且避開了簡單的魔王/勇者二元對立設定。
q5,"如題，想找像是overlord、無職這種，有龐大世界，多個國家部落，文化特色分明，歷史背景完整，沉浸感和史詩感強的小說，請問各位有沒有推薦的？希望是劍與魔法的世界，有多不同種族、魔物的那種（其實我不太確定這類型叫什麼，異世界感覺不太對，但叫奇幻又好像太廣泛了？

有很多web小說我都有看過，像是轉生成魔劍、轉生龍蛋、哥布林，他們雖然世界都足夠龐大，但是都有個web小說的通病，就是讀起來會有割裂感，無法讓人帶入那個世界中
而轉生蜘蛛雖然沒有那種割裂感，但是世界觀卻不太夠了，就只簡單分成教皇、妖精、魔王而已，希望能看到更多人類國家間的關係，還有更多魔物亞人種族的故事設定",bc60d08a-db83-52c3-91c5-2c822258fd8b,皇帝聖印戰記,水野良,99.3,完結,"奇幻, 魔法, 戰爭, 戀愛, 角川文庫, 日本輕小說",渾沌支配了大陸──人民畏懼著各種災害。君王們手持著平息渾沌的〈聖印〉守護百姓。然而隨著歲月流逝，君王們逐漸忘卻了「守護蒼生」的理念，為了爭奪彼此的聖印和領地，掀起了一波又一波的戰爭……魔法師希露卡唾棄毫無風骨的各地君王，而浪跡天涯的騎士提歐則是為了解放受苛政所苦的家鄉修練武藝。「我願與騎士提歐的聖印締結契約，誓言忠誠直至永恆。」日本奇幻大師水野良的史詩級奇幻戰記，就此揭幕！,3,該書符合使用者對「史詩感」、「龐大世界觀」以及「多國戰爭與政治鬥爭」的需求。作為傳統輕小說而非網文，其敘事結構通常較為完整，能有效解決使用者提到的「網文割裂感」問題。故事背景設定在劍與魔法的世界，且強調君王爭權與領地戰爭，與使用者尋找的沉浸感強、歷史背景完整的奇幻作品高度契合。
q5,"如題，想找像是overlord、無職這種，有龐大世界，多個國家部落，文化特色分明，歷史背景完整，沉浸感和史詩感強的小說，請問各位有沒有推薦的？希望是劍與魔法的世界，有多不同種族、魔物的那種（其實我不太確定這類型叫什麼，異世界感覺不太對，但叫奇幻又好像太廣泛了？

有很多web小說我都有看過，像是轉生成魔劍、轉生龍蛋、哥布林，他們雖然世界都足夠龐大，但是都有個web小說的通病，就是讀起來會有割裂感，無法讓人帶入那個世界中
而轉生蜘蛛雖然沒有那種割裂感，但是世界觀卻不太夠了，就只簡單分成教皇、妖精、魔王而已，希望能看到更多人類國家間的關係，還有更多魔物亞人種族的故事設定",4c8cbd00-3063-5c6a-9a9f-0de0b7faaff5,白色帝國,犬村小六,32.7,連載,"奇幻, 冒險, 異世界, 魔法, 戰爭, 戀愛, 小學館, 日本輕小說",這是一部犬村筆下的幻想戰記巔峰之作！「所有色彩重疊在一起，就會變成白色。而我想要創造的，是一個所有種族融為一體的『白之國』。」在各族爭鬥不休的葡萄海上，貓耳族「米尼亞」統治的加特蘭王國第二王子托托·加特蘭，某天與被敵對勢力黑玫瑰騎士團送來的少女人質阿爾忒彌西亞相遇。起初，阿爾忒彌西亞緊閉心扉，但在托托和他的夥伴們的真誠相待下，她逐漸展露笑顏。然而，人類與米尼亞族之間的歧視根深蒂固，即便托托和阿爾忒彌西亞心生淡淡情愫，也無法逃脫殘酷命運的降臨……穿戴鎧甲的騎士指揮著大軍，帆船艦隊覆蓋海面；手握象徵「仁」「義」「禮」「智」「忠」「信」「孝」「悌」的聖珠的八劍士；轟鳴的瘴氣機關兵；飛行於高度500米限制內「浮游圈」的空艦隊——從《某飛行員》系列到《螺旋歌劇》，犬村小六以其無與倫比的文筆，勾勒出從未有人見過的戰場與愛情故事。「無論何時，無論何地，無論全世界都與你為敵，我都將成為守護你的盾。」這是一部獨一無二的正統幻想戰記，盛大開幕。,3,使用者尋找具有龐大世界觀、多國度部落、文化分明且具有史詩感與沉浸感的奇幻作品，並希望避免網文常見的割裂感。推薦的《白色帝國》被定義為「正統幻想戰記」，包含多種族（貓耳族與人類）的衝突、複雜的軍事設定（空艦隊、八劍士）以及深刻的種族歧視背景，符合使用者對「多種族、多國家關係」及「史詩感」的需求。且作為正式出版的輕小說，其結構完整度通常較高，能有效緩解使用者擔心的網文割裂感。
q5,"如題，想找像是overlord、無職這種，有龐大世界，多個國家部落，文化特色分明，歷史背景完整，沉浸感和史詩感強的小說，請問各位有沒有推薦的？希望是劍與魔法的世界，有多不同種族、魔物的那種（其實我不太確定這類型叫什麼，異世界感覺不太對，但叫奇幻又好像太廣泛了？

有很多web小說我都有看過，像是轉生成魔劍、轉生龍蛋、哥布林，他們雖然世界都足夠龐大，但是都有個web小說的通病，就是讀起來會有割裂感，無法讓人帶入那個世界中
而轉生蜘蛛雖然沒有那種割裂感，但是世界觀卻不太夠了，就只簡單分成教皇、妖精、魔王而已，希望能看到更多人類國家間的關係，還有更多魔物亞人種族的故事設定",e012fb82-b760-52fe-ac73-2c64aabd4e7c,龍族,李榮道,156.9,完結,"奇幻, 冒險, 戰鬥, 異能, 人外, other, 韓國輕小說",《龍族》所設定的世界觀，在精靈、妖精、龍、矮人和魔法、武術以及各種種族間的和諧和摩擦描寫得靈動細膩，令人深思，在探討人類與生靈關係，討論著「人類本質」哲理，一反沉重乏味，其冒險驚險刺激，對話生動活潑，內容幽默風趣，對於國家和英雄有不一樣的看法，以第一人稱方式描寫，且隱藏伏筆，更令人拍案叫絕，建構一個精採的奇幻魅力世界！,2,該書設定在劍與魔法的世界，包含精靈、龍、矮人等多種族，並提及國家間的關係與摩擦，符合使用者對「多種族」、「多國家」以及「奇幻世界觀」的基本需求。雖然簡介中提到內容幽默風趣，可能在「史詩感」的沉浸度上與使用者追求的厚重感有所出入，但整體核心元素與需求高度契合。
q5,"如題，想找像是overlord、無職這種，有龐大世界，多個國家部落，文化特色分明，歷史背景完整，沉浸感和史詩感強的小說，請問各位有沒有推薦的？希望是劍與魔法的世界，有多不同種族、魔物的那種（其實我不太確定這類型叫什麼，異世界感覺不太對，但叫奇幻又好像太廣泛了？

有很多web小說我都有看過，像是轉生成魔劍、轉生龍蛋、哥布林，他們雖然世界都足夠龐大，但是都有個web小說的通病，就是讀起來會有割裂感，無法讓人帶入那個世界中
而轉生蜘蛛雖然沒有那種割裂感，但是世界觀卻不太夠了，就只簡單分成教皇、妖精、魔王而已，希望能看到更多人類國家間的關係，還有更多魔物亞人種族的故事設定",dc6b6745-2fef-58f4-a720-f064b9c125f0,傳說的勇者的傳說,鏡貴也,245.7,完結,"奇幻, 魔法, 冒險, 戰爭, 後宮, 富士見文庫, 日本輕小說",萊納·琉德毫無幹勁。在這裡，羅蘭德帝國王立特殊學院的學生所追求的，只是作為戰爭道具所需要的能力。但是，萬年無力氣差生的萊納所追求的，只要能夠悠閑地沉浸在成天睡午覺的世界中。但是，萊納的願望無法實現。由於他所持有的特殊的「眼瞳」……對這樣的萊納表示出興趣的人是青年貴族席翁和美貌的女劍士菲莉斯。戰爭的漩渦把三個年輕人的命運複雜的聯繫到一起！萊納的「眼瞳」中映射出的是怎樣的未來？新感覺架空幻想傳說，總算能夠開幕了！,2,該書屬於傳統的輕小說而非 Web 小說，在敘事結構上較少有 Web 小說的割裂感，符合使用者對品質的要求。其設定包含帝國、戰爭與魔法，具有一定的政治糾葛與世界觀基礎，符合「劍與魔法」以及「非簡單世界觀」的需求。然而，從簡介來看，故事重心較多放在主角的特殊能力與個人成長，對於「龐大世界、多國文化特色分明、多種族共存」的史詩感描寫，可能不如《Overlord》或《無職轉生》那樣深厚且全面。
q5,"如題，想找像是overlord、無職這種，有龐大世界，多個國家部落，文化特色分明，歷史背景完整，沉浸感和史詩感強的小說，請問各位有沒有推薦的？希望是劍與魔法的世界，有多不同種族、魔物的那種（其實我不太確定這類型叫什麼，異世界感覺不太對，但叫奇幻又好像太廣泛了？

有很多web小說我都有看過，像是轉生成魔劍、轉生龍蛋、哥布林，他們雖然世界都足夠龐大，但是都有個web小說的通病，就是讀起來會有割裂感，無法讓人帶入那個世界中
而轉生蜘蛛雖然沒有那種割裂感，但是世界觀卻不太夠了，就只簡單分成教皇、妖精、魔王而已，希望能看到更多人類國家間的關係，還有更多魔物亞人種族的故事設定",b77b1be5-1339-5fdf-97ee-2897874f9157,五龍世界,壁井有可子,37.5,連載,"奇幻, 旅行, 冒險, 青春, 女性視角, 其他文庫, 日本輕小說",神話時代，天上五龍爭奪地上霸權，歷經漫長爭鬥，耗儘力氣落入海中，五龍的屍首形成了一片大陸，人稱「五龍大陸」。在這片大陸上，民間流傳著仙人傳說，精通方術的道士於各地執業；有人藉由馴養蠱來達成心愿，夜間化身為噬人怪物……但是，來自西方的文化也漸漸傳入，帶來了電影、宗教、科學，以及列強的侵略。在道觀長大的柚紀，生長於偏遠的五龍州。她的世界很單純，每天忙於道士工作，打理道觀里里外外、幫當地人主持喪禮，或者跟著師父和師弟左慈四處除蠱；偶爾進城找好友歌伎碧耀聊天，或是為各種小事和左慈鬥嘴。但是，某天與金髮牧師伊魯克的相遇，卻將她捲入意想不到的風暴，讓她平凡的日子起了翻天覆地的變化。大叔道士、辮子姑娘、毒舌師弟、金髮牧師、千里眼歌伎，以及身上戴著咒文枷鎖的龍人之子……當變化襲來時，自己的力量與決心是否足以守護重要的人？超乎想像的神奇大陸，跨越日常與非日常的溫暖奇幻登場！,1,使用者尋找的是具有強大史詩感、龐大世界觀、複雜國家關係與多種族設定的作品（如 Overlord、無職轉生）。推薦的《五龍世界》雖然具有獨特的文化衝突設定（東方道術與西方殖民文化），但其標籤（青春、溫暖奇幻）與簡介顯示其重心在於角色成長、日常與溫馨的冒險，缺乏使用者所追求的「宏大史詩感」與「複雜的政治/種族格局」，風格差異較大。
q5,"如題，想找像是overlord、無職這種，有龐大世界，多個國家部落，文化特色分明，歷史背景完整，沉浸感和史詩感強的小說，請問各位有沒有推薦的？希望是劍與魔法的世界，有多不同種族、魔物的那種（其實我不太確定這類型叫什麼，異世界感覺不太對，但叫奇幻又好像太廣泛了？

有很多web小說我都有看過，像是轉生成魔劍、轉生龍蛋、哥布林，他們雖然世界都足夠龐大，但是都有個web小說的通病，就是讀起來會有割裂感，無法讓人帶入那個世界中
而轉生蜘蛛雖然沒有那種割裂感，但是世界觀卻不太夠了，就只簡單分成教皇、妖精、魔王而已，希望能看到更多人類國家間的關係，還有更多魔物亞人種族的故事設定",e87464cf-c1f4-5e2a-81ae-7a707af1a908,德爾菲尼亞戰記,茅田砂胡,286.5,完結,"奇幻, 冒險, 戰爭, 戀愛, 性轉, 轉生, 異世界, 其他文庫, 日本輕小說",被刺客追襲的飄泊戰士渥爾，與從異世界而來的迷途少女莉，兩個孤獨的戰士在刀鋒之中偶然相遇了。德爾菲尼亞王國的未來。與阿貝爾德倫大陸的命運因此而有劇烈的改變！被後世稱為「獅子王」與「姬將軍」的兩人冒險故事從此展開……,3,用戶的核心需求是尋找具有龐大世界觀、深厚歷史底蘊、國家間政治互動且非「碎片化」寫法的正統奇幻作品。《德爾菲尼亞戰記》作為一部著重於戰爭、政治格局與大陸命運的輕小說，其敘事具有較強的整體感與史詩感，能滿足用戶對「人類國家間關係」以及「沉浸感」的追求，且符合劍與魔法的設定。
q5,"如題，想找像是overlord、無職這種，有龐大世界，多個國家部落，文化特色分明，歷史背景完整，沉浸感和史詩感強的小說，請問各位有沒有推薦的？希望是劍與魔法的世界，有多不同種族、魔物的那種（其實我不太確定這類型叫什麼，異世界感覺不太對，但叫奇幻又好像太廣泛了？

有很多web小說我都有看過，像是轉生成魔劍、轉生龍蛋、哥布林，他們雖然世界都足夠龐大，但是都有個web小說的通病，就是讀起來會有割裂感，無法讓人帶入那個世界中
而轉生蜘蛛雖然沒有那種割裂感，但是世界觀卻不太夠了，就只簡單分成教皇、妖精、魔王而已，希望能看到更多人類國家間的關係，還有更多魔物亞人種族的故事設定",f16c8231-804a-5ff1-a3c0-a42e8e430ccd,廢棄公主,榊一郎,120.3,完結,"奇幻, 魔法, 機戰, 冒險, 戀愛, 富士見文庫, 日本輕小說",「妳啊，就是廢棄公主，妳的存在本身便是一種『罪』，所以妳是非死不可啦。」帕希菲卡，15歲，毒舌美少女一名，本來跟無血緣關係的哥哥姊姊過著幸福的日子，豈知突然父母過世、刺客追殺，還發現自己竟是預言里會毀滅世界的廢棄公主？！雖然與全國人民為敵，但好在還有怕麻煩但身手過人的夏儂哥哥，天生鈍感但魔法一流的拉寇兒姊姊，一起展開一場追趕跑跳蹦的逃亡之旅……廢棄公主的宿命是否可能改變？「兄妹以上，戀人未滿」的關係將如何發展？強烈推薦給喜歡笑料但又想被感動的奇幻讀者。,1,使用者尋找的是具有龐大世界觀、複雜政治地理、深厚歷史背景且史詩感強的作品（如《Overlord》或《無職轉生》）。而《廢棄公主》雖然同樣是劍與魔法的奇幻設定，但其重心在於主角三人組的情感羈絆與逃亡冒險，屬於典型的角色驅動型輕小說，缺乏使用者要求的「多國文化特色」與「宏大的世界政治格局」，與核心需求不符。
q5,"如題，想找像是overlord、無職這種，有龐大世界，多個國家部落，文化特色分明，歷史背景完整，沉浸感和史詩感強的小說，請問各位有沒有推薦的？希望是劍與魔法的世界，有多不同種族、魔物的那種（其實我不太確定這類型叫什麼，異世界感覺不太對，但叫奇幻又好像太廣泛了？

有很多web小說我都有看過，像是轉生成魔劍、轉生龍蛋、哥布林，他們雖然世界都足夠龐大，但是都有個web小說的通病，就是讀起來會有割裂感，無法讓人帶入那個世界中
而轉生蜘蛛雖然沒有那種割裂感，但是世界觀卻不太夠了，就只簡單分成教皇、妖精、魔王而已，希望能看到更多人類國家間的關係，還有更多魔物亞人種族的故事設定",3a4e0e6e-999d-520c-82e6-a6e0d555fcae,王者英雄戰記,稻葉義明,27.3,完結,"轉生, 奇幻, 冒險, 戀愛, Fami通文庫, 日本輕小說",平凡的高中生天城颯也在某天突然被丟進異界，那是一個眾神君臨，存在著魔法、幻獸與怪異的神話世界！為了尋找回到原本世界的「星門」，颯也跟同是「外來者」的戰國時代流浪武士、帶著守護天使的紐約市警、暗藏秘密的十字軍騎士一起挑戰探索充滿「瘴氣」的廢都。颯也一心想要同家，然而遇上了自稱是他命中注定的戀人——女神拉蔻兒之後，他陷入了無法預料的狀況中——！正宗神話奇幻冒險劇揭開序幕！,1,使用者核心需求是具有「龐大世界觀」、「深厚歷史背景」以及「複雜國家/種族政治關係」的史詩感奇幻作品（如 Overlord、無職轉生）。而推薦的《王者英雄戰記》雖然屬於劍與魔法的異世界設定，但從簡介來看，其重心在於「尋找回家門」的冒險旅程以及角色間的互動，缺乏對世界文化底蘊、國家間政治角力或詳細種族設定的描述，較偏向傳統的輕小說冒險劇，而非使用者追求的沉浸式世界構建作品。
q5,"如題，想找像是overlord、無職這種，有龐大世界，多個國家部落，文化特色分明，歷史背景完整，沉浸感和史詩感強的小說，請問各位有沒有推薦的？希望是劍與魔法的世界，有多不同種族、魔物的那種（其實我不太確定這類型叫什麼，異世界感覺不太對，但叫奇幻又好像太廣泛了？

有很多web小說我都有看過，像是轉生成魔劍、轉生龍蛋、哥布林，他們雖然世界都足夠龐大，但是都有個web小說的通病，就是讀起來會有割裂感，無法讓人帶入那個世界中
而轉生蜘蛛雖然沒有那種割裂感，但是世界觀卻不太夠了，就只簡單分成教皇、妖精、魔王而已，希望能看到更多人類國家間的關係，還有更多魔物亞人種族的故事設定",d5d4beb2-1f9f-5e7d-b70a-e0d93c8375bf,無職轉生 ～到了異世界就拿出真本事～,理不盡な孫の手,408.8,完結,"轉生, 魔法, 冒險, 後宮, 大小姐, 人外, 角川文庫, 日本輕小說",從無情的絕路轉生重新開始？三十四歲無職處男的尼特族在身無分文的情況下被趕出家門，才發現自己的人生已經走進了完全的絕路。才剛剛感到後悔，他就被卡車撞上，簡簡單單失去生命。接下來當他醒來時──居然來到劍與魔法的異世界！「這次一定要認真地過活……！」重生為名叫魯迪烏斯的嬰兒後，他下定決心要度過不會後悔的人生。活用前世智力的魯迪烏斯很快就讓自己的魔術才能開花結果，父母也為他聘請了一位年輕女孩擔任家庭教師。之後又遇上一位擁有翠綠髮色與四分之一精靈血統的友人，於是他的嶄新人生開始前進。──眾人憧憬的人生重來型轉生奇幻小說，在此揭幕！,3,用戶在查詢中明確表示想要尋找像《無職轉生》這樣具有龐大世界觀、文化分明且沉浸感強的小說，而推薦的書籍正是《無職轉生》本身，完全符合用戶所定義的所有核心需求與偏好。
q5,"如題，想找像是overlord、無職這種，有龐大世界，多個國家部落，文化特色分明，歷史背景完整，沉浸感和史詩感強的小說，請問各位有沒有推薦的？希望是劍與魔法的世界，有多不同種族、魔物的那種（其實我不太確定這類型叫什麼，異世界感覺不太對，但叫奇幻又好像太廣泛了？

有很多web小說我都有看過，像是轉生成魔劍、轉生龍蛋、哥布林，他們雖然世界都足夠龐大，但是都有個web小說的通病，就是讀起來會有割裂感，無法讓人帶入那個世界中
而轉生蜘蛛雖然沒有那種割裂感，但是世界觀卻不太夠了，就只簡單分成教皇、妖精、魔王而已，希望能看到更多人類國家間的關係，還有更多魔物亞人種族的故事設定",7203f315-3672-57c1-ae41-e454d2cfaf47,羅德斯島戰記 誓約之寶冠,水野良,9.5,連載,"奇幻, 冒險, 戰爭, 戀愛, 人外, 角川文庫, 日本輕小說",「被詛咒之島」羅德斯。籠罩戰亂的這片大地，也終於在英雄們的活躍之下迎來和平。相互發誓不再交戰的國王們，從當時的大賢者手中接過「誓約之寶冠」。「戴上這頂王冠的人，將無法侵略其他國家……」——就這樣，羅德斯邁入真正的和平。然而在一百年後，弗雷姆的王位繼承者之中，出現了觸犯禁忌的人！為了對抗違反「不戰誓言」的王國，瑪莫公王的後裔萊魯尋求「永遠之少女」的協助！疾馳於戰亂時代的王子，傳說中的高等妖精。新時代「羅德斯之騎士」的冒險旅程就此展開！,3,用戶追求的是具有深厚世界觀、完整歷史背景、多國政治角力且無割裂感的「史詩級奇幻」。《羅德斯島戰記》作為日本經典的高奇幻（High Fantasy）代表作，其世界觀設定嚴謹，包含多種族（精靈、矮人、人類等）與複雜的國家關係，且敘事風格穩健，完全符合用戶想要避開「網文割裂感」並追求「沉浸感」的需求，是非常精準的推薦。
q5,"如題，想找像是overlord、無職這種，有龐大世界，多個國家部落，文化特色分明，歷史背景完整，沉浸感和史詩感強的小說，請問各位有沒有推薦的？希望是劍與魔法的世界，有多不同種族、魔物的那種（其實我不太確定這類型叫什麼，異世界感覺不太對，但叫奇幻又好像太廣泛了？

有很多web小說我都有看過，像是轉生成魔劍、轉生龍蛋、哥布林，他們雖然世界都足夠龐大，但是都有個web小說的通病，就是讀起來會有割裂感，無法讓人帶入那個世界中
而轉生蜘蛛雖然沒有那種割裂感，但是世界觀卻不太夠了，就只簡單分成教皇、妖精、魔王而已，希望能看到更多人類國家間的關係，還有更多魔物亞人種族的故事設定",4495df40-f7ee-5dd6-a710-63b03cceb8fe,狗與魔法的奇幻世界,田中羅密歐,13.3,完結,"奇幻, 魔法, 冒險, 小學館, 日本輕小說",「劍與魔法的大冒險」早已成為久遠的過去。曾經，偉大的始祖文明為大地帶來了繁榮。而後毀滅了。曾經，有過充滿了劍與冒險與神秘的時代。而後衰退了。如今，「新大陸」無比的和平。夢想著未曾有人踏足的大地，年輕人們外出冒險——這種陳年往事早已落後於這個時代了。現在的年輕人的夢想是——順利找到工作。主人公——鈦坦為了找到可以一生高枕無憂的宮廷工作，現在四處求職中。然而卻屢屢碰壁意氣消沉。名為健宇莫的中年男性出現在悲慘的鈦坦面前的，勸誘他踏上冒險的歧途。然而，現在早已不流行當冒險者了，因為填不飽肚子。健宇莫不停地說著「你有當冒險者的才能的」對鈦坦糾纏不休，鈦坦只好四處逃竄……,1,使用者明確要求具有「龐大世界觀」、「多國政治」、「文化特色分明」且具有「史詩感」的作品（如 Overlord、無職轉生）。然而，推薦的書籍設定在一個冒險時代已經衰退、主角主要在求職的後時代背景，其基調更偏向於生活化或對奇幻設定的解構，缺乏使用者渴望的宏大敘事、種族衝突與深厚的歷史沉浸感，僅在「劍與魔法」的基礎標籤上符合，與核心需求不符。
q5,"如題，想找像是overlord、無職這種，有龐大世界，多個國家部落，文化特色分明，歷史背景完整，沉浸感和史詩感強的小說，請問各位有沒有推薦的？希望是劍與魔法的世界，有多不同種族、魔物的那種（其實我不太確定這類型叫什麼，異世界感覺不太對，但叫奇幻又好像太廣泛了？

有很多web小說我都有看過，像是轉生成魔劍、轉生龍蛋、哥布林，他們雖然世界都足夠龐大，但是都有個web小說的通病，就是讀起來會有割裂感，無法讓人帶入那個世界中
而轉生蜘蛛雖然沒有那種割裂感，但是世界觀卻不太夠了，就只簡單分成教皇、妖精、魔王而已，希望能看到更多人類國家間的關係，還有更多魔物亞人種族的故事設定",e32da9ec-3e25-581a-9fe9-461a6685354d,銀月之書,枯野瑛,56.7,完結,"奇幻, 魔法, 戰鬥, 冒險, 戀愛, 富士見文庫, 日本輕小說",這是個騎士與公主的浪漫故事已經遠去。大陸被蒸汽機與槍炮所支配的時代。普通學生流卡·艾路蒙特與一位少女的相遇，引出了隱藏在歷史背後的不死魔法使間的鬥爭。纏繞著過去的藤蔓，延伸至今。早已種下種子，在利劍貫穿心臟的一刻，開始成長。傳說與現實交集而過。厭倦了漫長旅途的公主，在燃盡一切的火焰中離去。唯有不變的銀月，始終在天空注視。壞魔女被打倒，大家從此幸福地生活著……——所有故事，從這一頁拉開序幕。,1,用戶明確要求具有「龐大世界觀」、「多國度/部落」、「文化特色分明」且具備「史詩感」的劍與魔法奇幻作品。而《銀月之書》的設定偏向蒸汽龐克（蒸汽機與槍炮時代）與特定人物間的鬥爭及浪漫故事，缺乏用戶所追求的宏大世界建構、複雜的地緣政治以及多種族文明的深度刻畫，僅在「魔法」與「奇幻」這兩個大類別上有所重疊。
q5,"如題，想找像是overlord、無職這種，有龐大世界，多個國家部落，文化特色分明，歷史背景完整，沉浸感和史詩感強的小說，請問各位有沒有推薦的？希望是劍與魔法的世界，有多不同種族、魔物的那種（其實我不太確定這類型叫什麼，異世界感覺不太對，但叫奇幻又好像太廣泛了？

有很多web小說我都有看過，像是轉生成魔劍、轉生龍蛋、哥布林，他們雖然世界都足夠龐大，但是都有個web小說的通病，就是讀起來會有割裂感，無法讓人帶入那個世界中
而轉生蜘蛛雖然沒有那種割裂感，但是世界觀卻不太夠了，就只簡單分成教皇、妖精、魔王而已，希望能看到更多人類國家間的關係，還有更多魔物亞人種族的故事設定",bac53633-c041-585f-a857-c6ce667a7016,從零開始的魔法書,虎走かける,120.6,完結,"奇幻, 魔法, 戰鬥, 冒險, 戀愛, 電擊文庫, 日本輕小說",教會歷526年──世界上有魔女及「魔術」的存在；然而，這個世界卻還未知「魔法」之名。在這樣的時代，有個被輕蔑稱作「墮獸人」的半人半獸傭兵。每天都夢想著能夠變成人類的他，因為一個魔女而徹底改變了崎嶇的命運。「──想變回人類嗎？那麼傭兵，你就成為吾的護衛吧。」自稱零的魔女，說是為了尋訪一本被不知名人士偷走的魔法書《零之書》，而正在旅程的途中。傭兵以讓自己變成人類的姿態為條件，接下了保護自己深惡痛絕的魔女的護衛工作。圍繞著禁忌的魔法書，縱橫交錯的謀略盤算，魔女與獸人的魔法奇幻故事展開！,2,該書符合使用者對「劍與魔法」以及「多種族（獸人、魔女）」的需求，且世界觀設定具有一定的一致性，能避免web小說常見的割裂感。然而，使用者核心需求在於「龐大的世界觀」、「多國之間的政治關係」以及「強烈的史詩感」，而本書的劇情重心更傾向於兩位主角的旅程與個人成長，在世界規模的宏大程度與政治複雜度上，可能無法完全滿足像《Overlord》或《無職轉生》那樣的史詩級要求。
q5,"如題，想找像是overlord、無職這種，有龐大世界，多個國家部落，文化特色分明，歷史背景完整，沉浸感和史詩感強的小說，請問各位有沒有推薦的？希望是劍與魔法的世界，有多不同種族、魔物的那種（其實我不太確定這類型叫什麼，異世界感覺不太對，但叫奇幻又好像太廣泛了？

有很多web小說我都有看過，像是轉生成魔劍、轉生龍蛋、哥布林，他們雖然世界都足夠龐大，但是都有個web小說的通病，就是讀起來會有割裂感，無法讓人帶入那個世界中
而轉生蜘蛛雖然沒有那種割裂感，但是世界觀卻不太夠了，就只簡單分成教皇、妖精、魔王而已，希望能看到更多人類國家間的關係，還有更多魔物亞人種族的故事設定",89c642f9-8535-5286-a44c-b962ab712daa,迷宮中的淑女 ～她的頭顱會消失在斷頭台上嗎？,ショーン田中,10.7,連載,"奇幻, 冒險, 異世界, 病嬌, syosetu, Web輕小說",迷宮「埃爾皮斯」中埋藏著神秘、罪過和光榮。以國家的霸權為賭注，各國派出騎士和傑出冒險者作為探索者進入迷宮。各國的傑出人物們帶著自豪和使命展開了激烈的戰鬥，而沉睡在迷宮中的亡靈埃萊克卻盯上了另一個人。作為屬領受到迫害，為了收集屍體而持續潛入迷宮的希薇莉。屬領沒有明天，只為今天的麵包而行動。亡靈埃利克凝視著她的眼睛說道：「吶，希薇莉。你會說話嗎?能識字嗎?會算數嗎?能騙人嗎?這一切都是生存所必需的。如果你願意協助我——我就告訴你統治世界的方法。」,1,用戶明確要求具有龐大世界觀、深厚歷史背景、多國文化特色及強烈史詩感的小說（如 Overlord、無職轉生），且特別強調希望看到國家間的關係與詳細的種族設定。推薦的書籍雖然屬於劍與魔法的奇幻設定，但從簡介來看，其核心劇情聚焦於特定的「迷宮探索」以及兩位主角之間的個人關係與生存鬥爭，規模較小，缺乏用戶所追求的宏大世界構建與史詩感，屬於典型的輕小說風格而非史詩奇幻。
q6,很喜歡看戰爭或戰記類型的小說，不要有魔法一發收拾或莫名其妙的神器，也別機械降神，主角可以強但不要把對手變白癡，暑假到了求書來啃，斷尾或沒完結也沒關係。,3fd8d68d-97e6-56a6-88e5-f362c72a259d,銀河英雄傳說,田中芳樹,157.1,完結,"科幻, 機戰, 戰爭, 其他文庫, 日本輕小說",浩瀚無垠的宇宙、不停前進的人類、永無休止的爭鬥。不管是以往的歷史，或未來的展望，是已知，是空想，只有一件事實存在──「人類永遠無法自歷史的教訓中學得任何教訓。」在距今數百年之後的世界，人類已經開始將足跡向全銀河系散播，在任何可能探索的角落，高唱著科學技術的勝利。只是，很可惜的，人類的靈性世界，並沒有隨著居住環境的拓展一同成長。和宇宙開發史相伴的，是連續不斷的戰亂、和人心的萎靡。從地球政權毀滅的灰燼、銀河聯邦的成立，到民主共和體制的衰亡垮台、以至於發展為兩大勢力以銀河支配權為賭注的長期戰爭。人類將對立和破壞的劇本重演了無數次，只留下以愚昧和嘗試相互交錯而寫成的歷史。然而，兩位英雄人物的偶然相遇，改寫了銀河的歷史，也改變了他們周遭眾多人物的際遇。,3,用戶要求戰爭或戰記類小說，且明確排斥魔法、神器及機械降神，並希望對手有智商。而《銀河英雄傳說》是一部經典的太空戰爭史詩，側重於戰術、政治與人性，完全沒有魔法或超自然力量，且兩大陣營的領袖均為頂尖天才，對戰過程極具邏輯與深度，完美符合用戶的所有需求。
q6,很喜歡看戰爭或戰記類型的小說，不要有魔法一發收拾或莫名其妙的神器，也別機械降神，主角可以強但不要把對手變白癡，暑假到了求書來啃，斷尾或沒完結也沒關係。,49046358-bf86-5e42-bbde-bf93fe1d0f7b,86-不存在的戰區-,安里アサト,198.4,連載,"科幻, 戰爭, 機戰, 戀愛, 角川文庫, 日本輕小說",聖瑪格諾利亞共和國為了應對鄰國的無人機「Legion」侵略，成功研發出同型武器，不再需要靠著人命堆疊的戰爭終於來臨。是的──表面上確實如此。然而，位於共和國全八十五個行政區之外的「不存在的第86區」中，一群少年少女正以「有人駕駛的無人機」之姿，日夜奮戰不懈。率領一群年輕人出生入死的少年──辛，與身處遙遠後方，透過特殊通訊指揮他們作戰的「指揮管制官」少女──蕾娜。兩人壯烈而悲傷的戰鬥與離別的故事，就此揭開序幕──！,3,使用者尋找的是嚴肅且具邏輯性的戰爭類小說，排斥魔法一擊必殺、神器或機械降神等輕率的設定。推薦的《86-不存在的戰區-》屬於軍事科幻類，重點在於戰術博弈、戰爭的殘酷以及對種族歧視的探討，並無魔法或超自然的神器，對手（Legion）亦非白癡，符合使用者對戰爭題材及邏輯要求的核心意圖。
q6,很喜歡看戰爭或戰記類型的小說，不要有魔法一發收拾或莫名其妙的神器，也別機械降神，主角可以強但不要把對手變白癡，暑假到了求書來啃，斷尾或沒完結也沒關係。,64f07312-ef4a-55c9-8095-72f8c76ad2a6,幼女戰記,カルロ·ゼン,238.1,連載,"轉生, 性轉, 戰爭, Fami通文庫, 日本輕小說",有著金髮碧眼與白皙肌膚的幼女翱翔天際，殘忍無情地擊墜敵軍。以幼女口齒不清的語調指揮大軍的她，名叫譚雅·提古雷查夫。然而她的真實身分，則是在神的失控下轉生成為幼女的菁英上班族。把效率與出人頭地看得比什麼都還重要的幼女提古雷查夫，逐漸成為帝國軍魔導師當中最危險的存在——,2,用戶明確要求戰爭/戰記類型且排斥「魔法一發收拾」或「機械降神」。《幼女戰記》雖然核心是軍事戰術與戰爭博弈，符合戰爭題材，但其設定中包含魔法戰鬥以及與神（存在X）的對抗，這可能與用戶希望避開的魔法/神力元素有所衝突。然而，該作對手並不白癡，戰鬥注重策略而非單純的數值碾壓，因此仍具有相當高的相關性，但不能說是完美匹配。
q6,很喜歡看戰爭或戰記類型的小說，不要有魔法一發收拾或莫名其妙的神器，也別機械降神，主角可以強但不要把對手變白癡，暑假到了求書來啃，斷尾或沒完結也沒關係。,b3c76b91-31f4-5585-9b95-a43a10ff2ca0,戰鬥妖精雪風,神林長平,47.1,完結,"科幻, 戰爭, 冒險, 其他文庫, 日本輕小說",南極的上空出現了被稱為〈通路〉的蘑菇雲般的時空通路、未知外星生物〈迦姆〉利用它發動了對地球的攻擊。經過33年的對抗、人類終於將〈迦姆〉堵在道路的彼端—菲雅利星球。然後、隨著迦姆的消失、人們開始漸漸淡忘了這件事、但戰鬥仍然在菲雅利星球繼續著……,3,使用者明確要求戰爭類小說，且排斥魔法、神器及機械降神等低邏輯或快餐式設定。推薦的《戰鬥妖精雪風》是一部硬核軍事科幻作品，專注於對外星生物的空中戰爭，強調技術、戰術與心理層面，且敵對勢力強大且神祕，不存在將對手弱智化或依靠奇蹟獲勝的傾向，完全符合使用者的核心需求。
q6,很喜歡看戰爭或戰記類型的小說，不要有魔法一發收拾或莫名其妙的神器，也別機械降神，主角可以強但不要把對手變白癡，暑假到了求書來啃，斷尾或沒完結也沒關係。,83d07fa3-eb1f-5b99-bc31-16e5f9276b95,殺戮輪迴 ALL YOU NEED IS KILL,櫻坂洋,12.5,完結,"科幻, 戰爭, 集英社, 日本輕小說",「出擊這回事就像段考一樣吧？」當敵人的子彈貫穿身體的瞬間，桐谷啟二又再度回到出擊的前一天。一個距離東京極遠且名為「特牛島」的南方小島激戰區上，一支雜牌軍部隊不斷重複必敗的激烈戰事，出擊、戰死、出擊、戰死──就連死亡都成為每天的例行公事。當這個循環重複第一百五十八次的時候，啟二在狼煙四起的戰場上和一位女性再度重逢……眾所矚目的新銳作家所描繪出既哀傷又充滿奇幻的科幻小說，桐谷啟二最後是否能夠突破令人絕望的戰況，而逃向尚未可見的明天呢！？,3,本書雖然有科幻的「時間迴圈」設定，但其核心在於透過不斷的實戰與死亡經驗來累積戰鬥力，而非依靠魔法或神器一發解決，且敵人設定強大，符合使用者對戰爭類型的需求以及不希望對手被弱化、無機械降神的偏好。
q6,很喜歡看戰爭或戰記類型的小說，不要有魔法一發收拾或莫名其妙的神器，也別機械降神，主角可以強但不要把對手變白癡，暑假到了求書來啃，斷尾或沒完結也沒關係。,b97ee147-faf5-5bd8-bb77-a9cb5e9cf547,MUV-LUV Schwarzes marken,內田弘樹,130.7,完結,"科幻, 戰爭, 機戰, 後宮, 妹妹, Fami通文庫, 日本輕小說",原作AGE+人設CARNELIAN+劇本內田弘樹由豪華陣容打造的<<MUV-LUVALTERNATIVE>>系列新故事.巨彈連載開始!故事將從2001年起回溯到18年前。1978年巴萊奧羅格斯作戰大敗，次年波蘭陷落。由於這兩個原因，東德在1983年成為歐洲防衛的最前線，熾烈的戰火開始蔓延。由於BETA集群的大規模攻勢，東德部隊的防線陷入了困境。東德的頭號戰術機甲部隊，第666戰術機甲中隊「死亡黑標」受命，須以區區8騎的戰力去消滅布陣在後方的光線級BETA，以逆轉戰局。面對數目龐大的BETA，暴雪不斷的惡劣天氣，以及國家權力施加在自己的頭上的重壓，被迫在嚴酷的條件下進行作戰，他們的命運將走向何方？,3,使用者尋找的是強調戰爭、戰術且排斥魔法、神器或機械降神等「外掛」設定的戰爭小說。該推薦書目雖然是科幻機甲類，但其設定聚焦於在極端惡劣環境下的絕望作戰、戰術機甲的運用以及政治壓力和軍事困境，符合使用者對「非魔法、非無腦」且具備戰爭氛圍的需求。
q6,很喜歡看戰爭或戰記類型的小說，不要有魔法一發收拾或莫名其妙的神器，也別機械降神，主角可以強但不要把對手變白癡，暑假到了求書來啃，斷尾或沒完結也沒關係。,8283bdff-3c54-5990-bb8f-f690056641b1,裝甲核心,神野淳一,1.0,完結,"科幻, 戰爭, 機戰, 其他文庫, 日本輕小說",老邁的中將想著。沒有比敗戰的將士更悲慘的集團了。把拿在手上的戰力清單隨手扔到桌上，他從指揮裝甲車的小窗口探頭窺視外面的狀況。萬里晴空映照著一旁險峻山勢下的殘雪顯得格外炫目，溪谷內有限的平地上，有運輸用車輛與許多士兵奔跑著。他那些勉強殘存下來的部下們正在吸收敗走的友軍兵員設備，忙著重新篇成部隊。,3,使用者尋找的是戰爭或戰記類小說，且明確排斥魔法、神器或機械降神等輕率的解決方式。推薦的書籍《裝甲核心》標籤包含戰爭與機戰，且簡介中描述了敗戰、部隊重編等較為寫實且沉重的軍事氛圍，符合使用者對戰爭類型的核心需求，且科幻機戰設定通常能避開使用者討厭的魔法元素。
q6,很喜歡看戰爭或戰記類型的小說，不要有魔法一發收拾或莫名其妙的神器，也別機械降神，主角可以強但不要把對手變白癡，暑假到了求書來啃，斷尾或沒完結也沒關係。,544e9cce-ccc9-5293-a463-729678dd374e,記錄者旁白——騎士團戰記,許家球,6.8,完結,"戰爭, 鬥智, 原生幻想, 華文輕小說",基於歐洲中世紀的幻想背景，純腦補寫出來的快節奏爽文。一個傭兵團首領，一步步統一大陸打造空前盛世，混雜著許多戰爭與權謀的歷險實錄。目的純粹是娛樂，希望讀者能喜歡。,3,用戶明確要求戰爭或戰記類小說，且強調希望有鬥智成分、反對無腦設定。推薦書籍的標籤包含「戰爭」與「鬥智」，且簡介提到「權謀」與「統一大陸」，與用戶的核心需求高度契合。
q6,很喜歡看戰爭或戰記類型的小說，不要有魔法一發收拾或莫名其妙的神器，也別機械降神，主角可以強但不要把對手變白癡，暑假到了求書來啃，斷尾或沒完結也沒關係。,3f213c08-3aed-5a9a-87aa-34630f35fe8d,狙擊冰風 雪妖精與白色死神,柳內たくみ,18.0,完結,"戰爭, 女性視角, 其他文庫, 日本輕小說",1939年，紐沃斯聯邦（維納亞軍）對小國斯歐密共和國發動了以侵佔領土為目標的侵略戰爭。為了守護祖國免遭維納亞軍蹂躪，美少女柯露卡憑著自豪的射擊技術為武器，女扮男裝入伍。被分配到尤帝萊寧連長麾下的她，在那裡遇見了別名「白色死神」的席摩‧海赫。企畫出大膽突擊作戰的尤帝萊寧、以高超狙擊術獵殺維納亞大軍的海赫。大放厥詞的柯露卡也憑著驚人的天分和天生的好勝心急速成長為天才射手。在海赫和柯露卡前方等著他們的，是維納亞最兇惡的女狙擊手，娜塔利亞和米夏！以史實中的侵略戰爭（冬季戰爭）為舞台，超魄力天才美少女狙擊小說，誕生！,3,用戶尋找不含魔法、神器且不機械降神的寫實戰爭小說。推薦書籍以史實（冬季戰爭）為舞台，聚焦於軍事狙擊與戰術，完全符合用戶對戰爭類型且無超自然元素的偏好，且對手設定亦具備競爭力，是極佳的匹配。
q6,很喜歡看戰爭或戰記類型的小說，不要有魔法一發收拾或莫名其妙的神器，也別機械降神，主角可以強但不要把對手變白癡，暑假到了求書來啃，斷尾或沒完結也沒關係。,6ccf7ae0-e48e-51e7-b3bf-af7d02b0f3d9,少女同志，向敵人開槍吧,逢坂冬馬,21.0,完結,"戰爭, 黑暗, 青梅竹馬, 百合, 女性視角, 其他文庫, 日本輕小說",失去的生命再也回不來，沒有人能代替任何人活下去－－德蘇戰爭愈來愈白熱化的一九四二年，住在莫斯科近郊農村的少女謝拉菲瑪原本過著平靜的日子，有一天倏地戛然而止。母親葉卡捷琳娜和村民們慘死於突襲的德軍手中，險些也死於德軍槍下的謝拉菲瑪幸得蘇聯紅軍女性士兵伊麗娜救下。面對「妳要選擇戰鬥？還是選擇死亡？」的大哉問，謝拉菲瑪決定進入由伊麗娜擔任教官的訓練學校，成為一流的狙擊兵。為了向殺害母親的德國狙擊手和焚毀母親遺體的伊麗娜報仇……謝拉菲瑪日復一日與有著相同的遭遇、失去家人、選擇戰鬥的女性狙擊兵們一起訓練，直到被派往史達林格勒攻防戰的前線－－德蘇戰爭最關鍵的轉捩戰。經歷了許多人的死亡之後，謝拉菲瑪「真正的敵人」到底是誰？「倘若妳站在山丘上，請為我凝視遠方。」,3,使用者希望尋找沒有魔法、神器或機械降神且對手不白癡的戰爭類小說。推薦的書籍設定在二戰德蘇戰爭（史達林格勒攻防戰），屬於寫實的歷史戰爭背景，聚焦於狙擊手訓練與戰鬥，完全符合使用者對「非奇幻/非超自然」戰爭小說的需求。
q6,很喜歡看戰爭或戰記類型的小說，不要有魔法一發收拾或莫名其妙的神器，也別機械降神，主角可以強但不要把對手變白癡，暑假到了求書來啃，斷尾或沒完結也沒關係。,c45ca32d-1a32-5715-92d5-8122205cf0e7,天空的莉莉婭,千田誠行,11.1,完結,"戰爭, 百合, 女性視角, 一迅社, 日本輕小說",1941年，第二次世界大戰期間的蘇聯。反德國的勢頭增漲，於恩格斯基地成立由女性駕駛的飛機駕駛員團。自告奮勇報名的少女，處於十幾歲至二十幾歲。以戰鬥機飛行員作為目標朋友、對手們一起，對天空憧憬，喜歡天空的少女，百合莉莉婭的挑戰開始。在舞台上寫以前實際存在，只有女性的飛機聯隊，空戰×歷史幻想登場。,3,使用者明確要求戰爭類小說，且排斥魔法、神器及機械降神等超自然元素。推薦書籍以二戰蘇聯女性飛行員為背景，屬於基於真實歷史的空戰小說，符合戰爭類型的核心需求且無明顯的奇幻力量干擾，是非常合適的推薦。
q6,很喜歡看戰爭或戰記類型的小說，不要有魔法一發收拾或莫名其妙的神器，也別機械降神，主角可以強但不要把對手變白癡，暑假到了求書來啃，斷尾或沒完結也沒關係。,dc4e52f6-9fe0-5859-b323-a24c2bc5c767,轉生貴族胸懷大志,nama,301.2,連載,"轉生, 黑暗, 戰爭, 鬥智, 後宮, 異世界, syosetu, Web輕小說",在事故中死去的高橋修保留著前世的記憶，以維爾羅德侯爵家的伊薩克的身份重生。不過，那是妹妹在玩的戀愛遊戲的世界。那個遊戲以「掠奪愛」為主題，有著搶奪有婚約者的攻略角色的殘酷內容。那些攻略角色也是一群過分的傢伙。「那種王子居然是未來的國王？那樣的話，還是由我來當王比較好。」這是在乙女遊戲的世界裡，不察言觀色、行走於霸道的男人的故事。,2,用戶的核心需求是注重策略、無無腦外掛且對手具有競爭力的戰爭/戰記小說。推薦書籍雖然設定在乙女遊戲的異世界，但其標籤包含「戰爭」與「鬥智」，且主角的目標是透過自身能力取代無能的權力者，符合用戶對「鬥智」與「對手不白癡」的偏好。然而，該書包含後宮與乙女遊戲設定，與純粹的戰爭戰記類型略有偏差，因此給予 2 分。
q6,很喜歡看戰爭或戰記類型的小說，不要有魔法一發收拾或莫名其妙的神器，也別機械降神，主角可以強但不要把對手變白癡，暑假到了求書來啃，斷尾或沒完結也沒關係。,f073dc27-1663-5a87-8f41-cf2012a4ea52,Code Geass 亡國的阿基德,小太刀右京,6.8,連載,"科幻, 機戰, 戰爭, 角川文庫, 日本輕小說",2017年，超級大國「不列顛尼亞帝國」（Britannia）朝著稱霸世界的目標，征服了世界近三分之一的版圖。此時，2010年被改稱「11區」的日本出現了動亂，牽動了世界對抗不列顛尼亞帝國的斗心。帝國早前與統領部分歐洲和非洲勢力的E.U.達成停戰協議。由於動亂出現，和平關係都隨之破裂，不過在強硬的軍事侵略下，E.U.並沒有在戰事中得到優勢。一群「11區」的少年少女決定加入這場地獄戰線，駕駛Knightmare參與這個目標及原因未明、戰勝率只有5%、生還率為0的大戰……,3,用戶要求戰爭/戰記類小說，並明確排斥魔法一擊必殺、神器或對手低智。此書為機戰戰爭類，側重於軍事衝突與戰術博弈，符合戰爭主題且無魔法濫用之傾向，滿足用戶對戰爭類型及邏輯性的核心需求。
q7,"想請大家推薦一些書單希望符合以下條件
1.已經完結
2.以感情為主
希望是讀的時候可以隨著角色情緒有所起伏。並且不要轉生開無雙。",c2b0dbbf-f6b6-5845-bb6e-a28c6be68a94,戀空,美嘉,35.5,完結,"校園, 青春, 戀愛, 黑暗, NTR, 其他文庫, 日本輕小說",引爆手機小說熱潮的是2005年12月在魔法島上登場的《戀空～哀傷戀物語》。這部作品根據作者美嘉的親身經歷寫成。細膩的感情、日常的言語、一個電話、一條簡訊引發的喜怒哀樂，作者出色地發揮出了手機小說的獨特魅力。在她的故事裡，有著大人們並不了解的中學生們的戰場般的生活。戀愛、朋友、家庭，主人公的各種煩惱引發出讀者們的共鳴，同時也帶給人們直面困難的勇氣。大受歡迎的《戀空》連續半年佔據著網站最熱門作品的首席寶座，讀者超過了1200萬。,3,該書為典型的校園戀愛故事，強調細膩的情感描寫與喜怒哀樂，完全符合用戶希望「以感情為主」且「情緒有起伏」的要求，且並非轉生或無雙類作品。
q7,"想請大家推薦一些書單希望符合以下條件
1.已經完結
2.以感情為主
希望是讀的時候可以隨著角色情緒有所起伏。並且不要轉生開無雙。",dd38579a-1c6c-5cae-b4e0-73ba6354f7b6,在倒數計時中與你說再見,霧友正規,11.4,完結,"輕文學, 奇幻, 青春, 戀愛, 富士見文庫, 日本輕小說",★打從相遇便註定要別離的兩人，編織出的悲傷愛情故事。進入大學醫學系就讀的我，在美麗櫻花盛開的春日，遇見了那個女孩。我想，應該是對她一見鍾情了吧。我們成為戀人，過著平凡溫暖的日子。她開朗地說，未來的夢想是找出過世父親罹患的罕見疾病的治療方法。但是，在我初次見到她的那一天，「300」這個數字冷冰冰地浮現眼前。因此，「能看見一個人所剩壽命」的我知道了，還有幾天就要和她說再見──,3,該書是一部以悲傷愛情為主題的輕文學，完全符合使用者要求「以感情為主」且能引起「情緒起伏」的需求，且不包含轉生或開無雙的元素，是非常契合的推薦。
q7,"想請大家推薦一些書單希望符合以下條件
1.已經完結
2.以感情為主
希望是讀的時候可以隨著角色情緒有所起伏。並且不要轉生開無雙。",21a50e19-8c91-55f2-b292-2a70544a965a,那年夏天，在夢境尾聲墜入愛河,冬野夜空,7.3,完結,"科幻, 青春, 戀愛, 其他文庫, 日本輕小說",如果人生可以重來，我願意付出任何代價，換取與你再次相愛……「我真的好喜歡你……」這是在這個世界最後的聲音，最後的一句話。雖然淚流滿面，但依然帶著笑容。只留下這句話的聲音後，世界終結了。這場漫長的夢，終於划下句點……才剛入學，我就對鋼琴技術高超的學長一見鍾情，溫柔的他甚至只因我說了「喜歡鋼琴」，就親切指導初次見面的我。當鼓起勇氣與他一起參加演奏會，並在美麗的向日葵花田中向他告白，他終於回應了我的心意。滿心期待著幸福的未來，沒想到一場車禍卻瞬間粉碎了這一切。我因為受傷而半身不遂，學長也失去了他能彈出優美音樂的手。然而，就在這個黑暗的時刻，我的手機突然出現一則訊息——如果可以改變過去的選擇，妳會怎麼做？這就是妳期望的夢境，卻也是讓妳苦苦盼望的虛假世界。即使這樣，妳也要墜入這場夢裡嗎？那一刻，我獲得了一個改變命運、與心愛的他重新相愛的機會，但在這場有時限的夢境里，他卻徹底忘了我，以及我們的愛情……,3,該書的核心是以戀愛與情感為主，劇情涉及失去、遺憾與重新相愛的機會，符合使用者希望「隨角色情緒起伏」的需求，且並非「轉生開無雙」的爽文，而是情感導向的輕小說，高度符合使用者意圖。
q7,"想請大家推薦一些書單希望符合以下條件
1.已經完結
2.以感情為主
希望是讀的時候可以隨著角色情緒有所起伏。並且不要轉生開無雙。",07d986e8-55cc-5c53-9c21-3d9d86d36894,抱住我崩潰的大腦,知念實希人,12.5,完結,"懸疑, 戀愛, 其他文庫, 日本輕小說",她是虛幻的嗎？本世紀最棒的戀愛推理故事！從廣島到神奈川醫院實習的醫生碓冰，遇到了患腦腫瘤的女性由佳里。害怕外面世界的由佳里，和深受過去折磨的碓冰，各自帶著傷痛的兩人，逐漸心意相通。實習結束回到廣島的碓冰，才剛下定決心向由佳里表白，卻在同時收到由佳里的死亡通知。由佳里真的死了嗎？如果真的過世，是因病離世，還是被她長期害怕的「那個」奪去性命？！碓冰回到神奈川查訪，但原本實習的醫院卻告知，他其實從來未曾為由佳里看診，一切都是碓冰的幻覺！碓冰不相信院方，苦苦追尋著由佳里的足跡……,3,該書主打「戀愛推理」，核心劇情圍繞在兩位帶著傷痛的角色之間的心意相通與尋找真相，符合使用者要求的「以感情為主」且能帶來「情緒起伏」的需求。同時，故事設定為現代懸疑戀愛，完全沒有轉生或開無雙的元素，與使用者需求高度契合。
q7,"想請大家推薦一些書單希望符合以下條件
1.已經完結
2.以感情為主
希望是讀的時候可以隨著角色情緒有所起伏。並且不要轉生開無雙。",019fb845-4744-53b8-b757-9c4bce28ad31,聆聽陌生電影的原聲帶,竹宮悠由子,14.3,完結,"青春, 戀愛, 女性視角, 其他文庫, 日本輕小說",這是戀愛？還是贖罪？壓倒性的戀愛小說。錦戶枇杷，23歲，待業中。夜夜踩者廁所拖鞋尋找「小偷」。她被偷走的東西，是如公主般美麗、完美的好友·清瀨朝野送的禮物。在追逐小偷的過程中，枇杷與朝野的前男友相遇，不知不覺間她竟跟這位有角色扮演癖好的傢伙同居在一起了……！以朝野為中心擺盪的我和你。這是戀愛？抑或是贖罪？無職女×角色扮演男的壓倒性戀愛小說。,3,這本書是一部以戀愛為核心的青春小說，聚焦於角色之間複雜的情感糾葛（戀愛與贖罪），且完全沒有轉生或開無雙等元素，符合使用者對於感情為主、追求情緒起伏的需求。
q7,"想請大家推薦一些書單希望符合以下條件
1.已經完結
2.以感情為主
希望是讀的時候可以隨著角色情緒有所起伏。並且不要轉生開無雙。",f0d62d88-999e-5146-a676-58ceaa57538f,言葉之庭,新海誠,14.0,完結,"輕文學, 青春, 戀愛, 群像, 其他文庫, 日本輕小說",在「愛」來臨之前，人們懷抱著「孤悲」，因孤獨而渴求著某人的深層感情。15歲的高中生孝雄，每當雨天，便會翹課到日式庭園的涼亭中，繪製鞋子的素描。某天，出現了獨自一人喝著罐裝啤酒、吃著巧克力的27歲謎樣女性雪野，此後，即便沒有特別約定，兩人卻總是在下著雨的涼亭一再重逢。日復一日，於是，跨越年齡的情懷就此展開。「對她而言，15歲的我只不過是個孩子。」「27歲的我，絲毫不比15歲時的我聰明。」為了失去人生前進方向的雪野，孝雄決心打造出一雙能陪伴她走得更遠的鞋。然而，梅雨季節像是無視於兩人的心意般，正悄悄邁入尾聲……沒有約定的邂逅，只在下著雨的日式庭院。《星之聲》《秒速5公分》《追逐繁星的孩子》導演新海誠最具代表的青春戀愛物語。,3,該書完全符合用戶要求的「以感情為主」且「無轉生/無雙」設定。故事聚焦於角色間的孤獨感與情感羈絆，強調細膩的情緒起伏，與用戶的核心需求高度契合。
q7,"想請大家推薦一些書單希望符合以下條件
1.已經完結
2.以感情為主
希望是讀的時候可以隨著角色情緒有所起伏。並且不要轉生開無雙。",b1568d07-dfb3-569a-b5dd-d7f047dce719,尋愛少女成為共犯,淺浮此岸,5.1,完結,"校園, 戀愛, 青春, 青春日常, 華文輕小說",本該是如此充滿青春色彩的故事，卻被染上了渾濁的污漬。少女為了尋找愛情不惜摧毀自我，少年為了救贖自己而選擇幫助他人。病態的依賴，兩人互相消磨彼此來滿足空缺的靈魂。這是，只屬於我們——負罪者的故事，同時也只是扭曲者自我救贖的故事。「在這充滿了偽裝與欺騙的世界上，只要能和你一起，就算死我也在所不惜。」,3,該書聚焦於病態的依賴與救贖，符合使用者要求的「以感情為主」且能帶來「情緒起伏」的需求，且不含轉生或無雙等元素，與使用者意圖高度相符。
q7,"想請大家推薦一些書單希望符合以下條件
1.已經完結
2.以感情為主
希望是讀的時候可以隨著角色情緒有所起伏。並且不要轉生開無雙。",94282701-c657-590a-a20d-b1552c15d159,這場戀愛是全世界最美的雨,宇山佳佑,12.5,完結,"科幻, 青春, 戀愛, 集英社, 日本輕小說",是不是只要擁有奇蹟，我們就一定能完成夢想，一起幸福地走下去？誠是初出茅廬的新手建築師，日菜在一家咖啡店工作，兩個人因為一場雨而展開戀情。他們在鎌倉的海邊城市，過著充滿愛的同居生活。但是，在某個下雨的日子，他們發生車禍，導致兩人身受重傷，瀕臨死亡。當他們醒來時，一對身穿喪服，自稱是「嚮導」的男女出現在他們面前，宣布帶給兩人「奇蹟」……這是以幸福為指標搶奪生命的制度。你們即將回到原來的生活，但是在未來的生活中，當其中一方感到幸福時，就會奪取對方一年的生命。相反地，如果感到不幸，就會被對方奪取一年的生命。,3,此書的核心是戀愛與情感糾葛，其設定中「幸福會奪取對方生命」的殘酷矛盾能帶來強烈的情緒起伏，完全符合使用者對「以感情為主」且「非轉生開無雙」的需求。
q7,"想請大家推薦一些書單希望符合以下條件
1.已經完結
2.以感情為主
希望是讀的時候可以隨著角色情緒有所起伏。並且不要轉生開無雙。",8cdccb75-f722-5dc4-a37a-8a6f0bb78df1,要知道有人愛你呀,河野裕,11.1,完結,"科幻, 戀愛, 女性視角, 其他文庫, 日本輕小說",千年之愛，一往情深。千年的愛戀與此刻心動的瞬間交織而成。這是一部極具現代感的流行幻想故事。千年前，某位女子拒絕了神的求婚，選擇與所愛之人一同承受輪迴轉世的詛咒。兩人歷經數世，在不同的時代相遇又別離。到了現代，帶著千年輪迴記憶的岡田杏早已放棄了尋找「命運的戀人」，與室友兼盜賊的祥子一起，享受著令和時代的生活！在人與神的奔走、跨越時空的愛與慾望混亂交織之中，這對最強搭檔悠然自得地走自己的路，展開屬於她們的故事！,3,該書以跨越千年的愛情為核心，強調情感的糾葛與輪迴中的相遇別離，符合用戶對「以感情為主」以及「情緒起伏」的要求。雖然包含輪迴元素，但其基調是浪漫幻想而非「轉生開無雙」的龍傲天類型，與用戶意圖高度匹配。
q7,"想請大家推薦一些書單希望符合以下條件
1.已經完結
2.以感情為主
希望是讀的時候可以隨著角色情緒有所起伏。並且不要轉生開無雙。",a82e2388-72b1-5f69-97f3-73891f480a01,連互訴月色真美 都做不到的我們,神田澪,2.8,完結,"科幻, 青春, 戀愛, 其他文庫, 日本輕小說",我戀愛了。愛上一個僅以文字聯繫的人。僅僅是視線掃過他傳來的訊息，就讓世界染上繽紛的色彩。十五歲時的我還無從知曉。這場不知何時告終的戀愛──竟持續了十年之久。,3,該書主題為青春戀愛，強調長達十年的情感聯繫，符合使用者要求的「以感情為主」且「能引起情緒起伏」的需求，且完全不含轉生或無雙元素，是非常契合的推薦。
q7,"想請大家推薦一些書單希望符合以下條件
1.已經完結
2.以感情為主
希望是讀的時候可以隨著角色情緒有所起伏。並且不要轉生開無雙。",15a84b32-fba6-5458-99b3-e20d275be70d,八月的尾聲，宛如世界末日。,天澤夏月,8.9,完結,"輕文學, 青春, 戀愛, 電擊文庫, 日本輕小說",僅只40天的戀情。在高二那年夏天，終止於戀人之死。透過一本交換筆記，青年開始與「在世的女友」聯絡，送往過去的言語──青春小說旗手‧天澤夏月獻上的純愛故事我認真覺得，這輩子不會再這麼喜歡一個人了。一想起她的言行舉止、細微的表情變化、笑聲，以及髮絲散發的肥皂香味……我就變得呼吸困難，簡直像是碳酸跑進了肺裡頭一樣。成吾無法忘懷高中二年級夏天過世的女友。四年後，交換筆記的空白處竟出現她的筆跡……,3,該書為純愛青春小說，核心在於感情與對逝去戀人的思念，完全符合使用者要求「以感情為主」且「能隨角色情緒起伏」的需求，且不含轉生或無雙等元素，是非常契合的推薦。
q7,"想請大家推薦一些書單希望符合以下條件
1.已經完結
2.以感情為主
希望是讀的時候可以隨著角色情緒有所起伏。並且不要轉生開無雙。",30bbab1b-e790-50a4-b8ef-52873eb6a664,即使，這道淚光今晚就會從世界上消失,一條岬,8.6,完結,"輕文學, 校園, 青春, 戀愛, 女性視角, 其他文庫, 日本輕小說",再哭一次就好，徹底哭完這最後一次，所有的淚水都被留在今夜，幸福，就從明天開始……我叫成瀨透，是個平凡的大學生。但這樣的我，卻對一個「特別」的人一見鍾情。她叫綿矢泉，大我一歲，有著烏黑的短髮、深邃的眼睛，但不知為何，她美麗的臉龐上卻泛著悲傷……我想讓這張臉綻放只屬於我的笑容。「學姐，我……喜歡妳。」面對我的告白，她只是平淡的說：「要交往可以，但有個條件，不可以真心喜歡上我，你能遵守嗎？」我不知道這句話是什麼意思，但無論如何，我的答案只有：「好！」一場「虛幻」的戀愛就此展開──我們看似普通情侶，之間卻始終隔著一層紗，她總是靜默地深思，總是冷淡地回覆訊息，總是對我的溫柔很抗拒。直到我遇見學姐高中時的摯友日野真織，她罹患怪病，記憶每天都會重新歸零。在那本寫滿「過去」的日記里，我終於知曉了學姐那個說不出口的秘密……,3,該書是一部側重於感情與情感起伏的青春戀愛小說，劇情涉及記憶喪失與悲劇元素，非常符合用戶要求的「以感情為主」且「能隨著角色情緒起伏」的需求，且完全不含轉生或無雙等元素。
q7,"想請大家推薦一些書單希望符合以下條件
1.已經完結
2.以感情為主
希望是讀的時候可以隨著角色情緒有所起伏。並且不要轉生開無雙。",b05f71f3-82d8-50ec-ae31-8313b7bfcd8d,余命一年的我，遇見了余命半年的妳,森田碧,11.0,完結,"奇幻, 校園, 懸疑, 青春, 戀愛, 輕文學, 其他文庫, 日本輕小說",——那段日子，是我最幸福的日子。既悲傷又夢幻，我們之間『期間限定的戀愛』開始了。高一冬天，早坂秋人罹患心臟病，被醫生告知已時日無多。絕望的秋人，在他就診的醫院裡遇上了住院中的春奈，她也因重病之故導致命不久矣。秋人隱瞞了自己的病情與春奈交談，對她述說不怕死時的神態產生興趣。自己是不是還可以去談一場戀愛呢？在如此自問的同時，他的日子也逐漸出現了變化——。這是一部集夢幻、凄美與溫情，令人不住落淚的究極純愛故事。,3,這本書的核心是關於兩位末期病患的純愛故事，完全符合使用者要求的「以感情為主」以及「情緒有所起伏（催淚、淒美）」的需求，且不包含轉生或無雙等元素，是非常精準的推薦。
q7,"想請大家推薦一些書單希望符合以下條件
1.已經完結
2.以感情為主
希望是讀的時候可以隨著角色情緒有所起伏。並且不要轉生開無雙。",3359480f-0c84-593a-9b35-f9c94c7a586f,願你的地球是平坦的,斜線堂有紀,8.8,完結,"青春, 戀愛, 黑暗, 女性視角, 電擊文庫, 日本輕小說",作為令和時代備受矚目的小說家，斜線堂有紀繼《倘若不稱其為愛》後推出的第二部戀愛小說集。本書收錄了網路連載的4篇故事，並新增獨家撰寫內容，最終成書出版。全書以「扭曲的愛」為核心，描繪五段遊走於瘋狂與執念之間的戀愛群像。,3,該書為戀愛小說集，核心主題為「扭曲的愛」與「執念」，完全符合用戶要求以感情為主且能帶來情緒起伏的需求，且不包含轉生或無雙等元素，是非常精準的推薦。
q7,"想請大家推薦一些書單希望符合以下條件
1.已經完結
2.以感情為主
希望是讀的時候可以隨著角色情緒有所起伏。並且不要轉生開無雙。",30458f29-e97b-54d5-a824-91963c25137f,余命99天的我，遇到了看得見死亡的妳,森田碧,9.5,完結,"奇幻, 校園, 青春, 戀愛, 其他文庫, 日本輕小說",生命的意義是什麼？苦甜又揪心的愛情故事。高中生新太擁有一種特殊的力量。一旦人的生命剩下99天，他就可以在那個人的頭上看見數字。某一段時日，他在自己的頭上以及同屬於文藝社的好友和也頭頂上面都看見了那個數字。就在這個時候，一位名叫黑瀨舞的少女加入社團。新太則因為某個契機，發現她也是一個知道誰死期將近的人。在一心想救自己與好友的黑瀨影響下，原本看破一切的新太也逐漸被她感動……。,3,推薦書籍的核心為苦甜揪心的戀愛故事，完全符合使用者希望以感情為主且有情緒起伏的需求。且該書並非轉生或無雙類型，符合使用者的排斥條件。
q7,"想請大家推薦一些書單希望符合以下條件
1.已經完結
2.以感情為主
希望是讀的時候可以隨著角色情緒有所起伏。並且不要轉生開無雙。",61e079d2-a586-5948-beb7-5887a3c6431c,倘若不稱其為愛,斜線堂有紀,8.6,完結,"青春, 戀愛, 懸疑, 女性視角, 集英社, 日本輕小說",二十八歲的地下偶像赤羽琉璃，從一名男人的房間陽台縱身躍下。雖說是個男人，卻也並非與琉璃在交往，他只是琉璃的粉絲之一——一個她正狂熱跟蹤的對象。為何會做出如此舉動？故事要追溯到四年前……（收錄於《即便是迷你車也請推一輩子》）。天才時裝設計師灰羽妃樂姬，在二十八歲生日當天，收到了一份禮物——一雙玻璃鞋。贈送者，是深信終有一日會與妃樂姬結婚的男人妻川。然而，下一刻，她聽聞的卻是妻川與另一位並非妃樂姬的女子的婚訊……（收錄於《你的長靴就好》）。另收錄其他四篇作品。此為斜線堂有紀首部戀愛小說集。,3,推薦書籍為戀愛小說集，聚焦於複雜的情感糾葛與劇烈的心理起伏，且完全不涉及轉生或開無雙等設定，非常符合使用者對「以感情為主」及「情緒起伏」的需求。
q8,"希望作品是
1.背景為現代
有槍砲炸藥之類的比較有代入感，對武俠/奇幻沒興趣，現代但有些微科幻/超能力要素沒關係
2.主角不是從0開始練等
漏漏長的成長過程會讓我想睡，大概是從看完鬥破蒼穹那公式化的遇強敵→隊友幫扛→遇到機運→變強反殺→前往下個城鎮→遇強敵，之後再也不想看這種了
3.主角非中二/死屁孩
不要太嚴重就好，隱殺主角偶爾也會屁孩一下但是是那種大人逗小鬼玩的感覺就不會反感",802a4492-c8a9-5ee8-ae5c-fa671b19ce9c,莫斯科2160,蝸牛くも,9.5,連載,"科幻, 戰鬥, 黑暗, GA文庫, 日本輕小說",「永別啦，諸位同志！」西元二一六○年，在美蘇冷戰從未宣告結束的近未來莫斯科。戰後回鄉的生化士兵四處遊盪，遍布每個角落的電腦網路受到有關當局監視，政府組織、西方諸國間諜與黑幫私底下廝殺不斷。在這自由、真相、未來與繁榮全都早已消逝的城市，肉身傭兵丹尼拉‧庫拉金今天依然作為用過即丟的人才「清理人」，一手拿著衝鋒槍在巷弄中奔馳！為了心愛的絲塔西婭，以及等他回家的弟妹們──,3,該作品設定在近未來莫斯科，包含衝鋒槍、間諜、傭兵等要素，完全符合使用者對現代背景及槍砲戰鬥的需求；主角設定為資深的「清理人（傭兵）」，並非從零開始練級的成長型角色，避開了使用者厭惡的公式化成長過程；整體風格偏向黑暗且成熟，符合非中二/非屁孩的要求。
q8,"希望作品是
1.背景為現代
有槍砲炸藥之類的比較有代入感，對武俠/奇幻沒興趣，現代但有些微科幻/超能力要素沒關係
2.主角不是從0開始練等
漏漏長的成長過程會讓我想睡，大概是從看完鬥破蒼穹那公式化的遇強敵→隊友幫扛→遇到機運→變強反殺→前往下個城鎮→遇強敵，之後再也不想看這種了
3.主角非中二/死屁孩
不要太嚴重就好，隱殺主角偶爾也會屁孩一下但是是那種大人逗小鬼玩的感覺就不會反感",9dffe1cc-c8f6-50ab-a216-7fc3a7bad262,鬼哭街,虛淵玄,15.2,完結,"科幻, 復仇, 戰鬥, 妹妹, 角川文庫, 日本輕小說",世紀初、隨著Cybernetics技術的實用化，通過肉體的機械化，輕而易舉的獲得超人般的機體能力。為此，由於技術成熟而頹廢了的犯罪都市中，無比兇惡的義體人們橫行於世。出錯的未來、由誰選錯而來的世界。犯罪結社——青雲幫掌控的上海，一個男人回來了。他名為孔濤羅。曾經幫會的殺手。憑藉肉身與義體人抗衡的『電磁發動』的使用者。由於夥伴的背叛在外地，曾徘徊於死亡線上的他，經過一年時間返回了上海。背叛者們已經掌握了幫會的大權。不僅如此、連濤羅最愛的妹妹也遭到虐殺。怒火焚心的濤羅，他的手緊握著復仇的劍。仇人有五個。各個都是兇惡無比的義體人武義者，為了把他們一個接一個的血祭，孤高的劍鬼奔走於魔都上海的黑夜裡。,3,作品設定在賽博龐克風的現代上海（符合現代/微科幻要求），主角是曾經的幫會殺手，回歸後直接進入復仇主線，而非從零開始的練等成長路徑（符合非零開始要求），且人設為孤高的殺手而非中二少年（符合性格要求）。完全符合用戶的所有核心需求。
q8,"希望作品是
1.背景為現代
有槍砲炸藥之類的比較有代入感，對武俠/奇幻沒興趣，現代但有些微科幻/超能力要素沒關係
2.主角不是從0開始練等
漏漏長的成長過程會讓我想睡，大概是從看完鬥破蒼穹那公式化的遇強敵→隊友幫扛→遇到機運→變強反殺→前往下個城鎮→遇強敵，之後再也不想看這種了
3.主角非中二/死屁孩
不要太嚴重就好，隱殺主角偶爾也會屁孩一下但是是那種大人逗小鬼玩的感覺就不會反感",5f57d5c8-c5bc-5d2f-b33d-908ec69358ed,CANAAN 異能者迦南,杉原智則,10.6,連載,"懸疑, 異能, 戰鬥, 犯罪, 角川文庫, 日本輕小說",新手攝影師——大澤瑪利亞前往上海採訪時，被卷進一起離奇案件。在危急存亡之際救了她一命的，竟然是多年來音訊全無的好友——迦南！迦南正在追捕恐怖組織「蛇」的首領，也就是她的死對頭——阿爾法特。儘管她能透過「聯覺」同時掌控各自獨立的五種感官，發揮超越常人的戰鬥能力，阿爾法特的計畫仍然順利進行下去……改編自《428～被封鎖的澀谷～》遊戲之熱門動畫，小說版第一彈登場！,3,作品背景為現代上海，符合用戶對現代背景的需求，且包含其可接受的微量異能要素；主角迦南一開始就擁有強大戰鬥力並執行任務，避開了用戶厭惡的「從零開始練等」公式化成長過程；且角色設定為專業異能者，非中二或死屁孩。整體高度符合用戶要求。
q8,"希望作品是
1.背景為現代
有槍砲炸藥之類的比較有代入感，對武俠/奇幻沒興趣，現代但有些微科幻/超能力要素沒關係
2.主角不是從0開始練等
漏漏長的成長過程會讓我想睡，大概是從看完鬥破蒼穹那公式化的遇強敵→隊友幫扛→遇到機運→變強反殺→前往下個城鎮→遇強敵，之後再也不想看這種了
3.主角非中二/死屁孩
不要太嚴重就好，隱殺主角偶爾也會屁孩一下但是是那種大人逗小鬼玩的感覺就不會反感",98533937-24b3-51ea-bf94-26b6fb549011,噬魂盟約,極歛恆,58.0,連載,"戀愛, 戰鬥, 黑暗, 復仇, 異能, 戰爭, 原生幻想, 華文輕小說",被「國際英雄聯盟（IHA）」列為地球上最兇險的超能罪犯——【黃金惡魔（Golden Devil）】伊景能，在某天竟然主動提出要和聯盟合作？而他幫助英雄聯盟的唯一條件，竟然是和就任不到一年的海灣國英雄新人——【神風天使】莉莉安「同居」!?面對這個世界各國都無法應對的絕對戰力，「IHA」只能應許伊景能的要求。而令人意外地講求守信的他為了履行這份「盟約」，伊景能將會在英雄們遇上危機時，出手替他們對付那些危害超能社會治安的棘手怪物——「靈魔」，以及眾多盤據城市暗角、各懷鬼胎的黑暗勢力。至於他本次前來的目的，則是為了追查大批從日本運送而來、名為「容器」的高科技產物。該小型裝置是由惡名昭彰的全球性超能恐怖組織「審判日」所研發，能夠以神秘的運作方式收納「靈魔」並喚為己用，伊景能研判組織可能打算利用大量的「容器」在海灣國引發大型恐怖攻擊。不過為何「審判日」要挑上這座東方小島國創造混亂、以及【黃金惡魔（Golden Devil）】選擇與「IHA」締結盟約的原因，皆不得而知。在看似簡單的條件背後，伊景能究竟在暗中打著什麼如意算盤？身為全球頭號罪犯的他，又為何要孤身一人對抗世界？滿懷正義的英雄少女 × 世間最惡的超能反派——價值觀截然不同的兩人，究竟又會在同居生活中擦出什麼耀眼的火花呢？於命運交錯的華麗舞台「海灣國」上演的——壯闊而史詩的宿命序曲，隆重開幕。,3,該作品高度符合使用者需求：1. 背景為現代超能社會，包含高科技裝置與都市戰鬥，符合現代/微科幻設定。2. 主角伊景能被設定為「地球上最兇險的超能罪犯」且擁有「絕對戰力」，並非從零開始練級，避開了使用者討厭的公式化成長過程。3. 主角的人設為強大且深不可測的反派/反英雄，並非中二死屁孩，符合人格特質要求。
q8,"希望作品是
1.背景為現代
有槍砲炸藥之類的比較有代入感，對武俠/奇幻沒興趣，現代但有些微科幻/超能力要素沒關係
2.主角不是從0開始練等
漏漏長的成長過程會讓我想睡，大概是從看完鬥破蒼穹那公式化的遇強敵→隊友幫扛→遇到機運→變強反殺→前往下個城鎮→遇強敵，之後再也不想看這種了
3.主角非中二/死屁孩
不要太嚴重就好，隱殺主角偶爾也會屁孩一下但是是那種大人逗小鬼玩的感覺就不會反感",899ab516-6d49-5fac-8624-a36452c5974d,DOPE緝毒部特別搜查課,木崎ちあき,11.1,連載,"科幻, 異能, 冒險, 犯罪, 懸疑, 角川文庫, 日本輕小說",能夠將攝取者的能力大幅提升的新型毒品「DOPE」，於近未來的日本流通。第六感比常人更加敏銳，擁有類似預知未來力量的才木優人，因為那個能力被看中而調任緝毒部特別搜查課。他在那裡認識了行為脫離常理，第一印象極度惡劣的指導官——陣內鐵平。性格迥異的兩人組成團隊，聯手解決異能者「DOPER」所引發的可疑事件——！,3,作品背景為近未來的現代日本，符合使用者對現代及微科幻/異能要素的偏好。主角是因為已擁有的預知能力而被招募進入特別搜查課，並非從零開始的練等成長流，避開了使用者厭惡的公式化升級套路。整體基調為犯罪懸疑，非典型的中二少年成長劇，高度符合使用者需求。
q8,"希望作品是
1.背景為現代
有槍砲炸藥之類的比較有代入感，對武俠/奇幻沒興趣，現代但有些微科幻/超能力要素沒關係
2.主角不是從0開始練等
漏漏長的成長過程會讓我想睡，大概是從看完鬥破蒼穹那公式化的遇強敵→隊友幫扛→遇到機運→變強反殺→前往下個城鎮→遇強敵，之後再也不想看這種了
3.主角非中二/死屁孩
不要太嚴重就好，隱殺主角偶爾也會屁孩一下但是是那種大人逗小鬼玩的感覺就不會反感",8acc9fa7-9f08-505b-96aa-af21f14c863b,SHE MUST DIE 她，唯有一死,石川周,12.3,完結,"懸疑, 異能, 科幻, 戀愛, 黑暗, 小學館, 日本輕小說",「矢口，如果人家會毀滅這個世界，你會怎麼辦？」在超能力普遍存在的世界，一所國中闖入一群自稱『普通人保護團體』的恐怖份子。他們穿著一身軍裝，頭帶幪面黑帽，手中的步槍毫不留情地射向起身反抗的國中生。然而，當其中有人機警地封住了恐怖份子手中的武器，對方卻緩緩舉起手，放出了強大的念動力——死亡之槍，手指射出一道紅光打穿了其中一名國中男生的心臟……為什麼一個擁有美麗外表而令人為之著迷的國中女生非死不可？一場超能力對決的懸疑故事之中你會找到一個驚悚的答案。,3,作品背景設定為現代，且明確提到軍裝與步槍，符合用戶對槍砲代入感的需求；異能要素在用戶可接受範圍內。劇情核心為懸疑與超能力對決，而非公式化的等級成長或練等過程，避開了用戶最反感的成長模式。雖然角色為國中生，但標籤為「黑暗」、「懸疑」，風格與典型的死屁孩/中二作品截然不同，高度契合用戶需求。
q8,"希望作品是
1.背景為現代
有槍砲炸藥之類的比較有代入感，對武俠/奇幻沒興趣，現代但有些微科幻/超能力要素沒關係
2.主角不是從0開始練等
漏漏長的成長過程會讓我想睡，大概是從看完鬥破蒼穹那公式化的遇強敵→隊友幫扛→遇到機運→變強反殺→前往下個城鎮→遇強敵，之後再也不想看這種了
3.主角非中二/死屁孩
不要太嚴重就好，隱殺主角偶爾也會屁孩一下但是是那種大人逗小鬼玩的感覺就不會反感",61ef52b1-f35a-54a8-9408-66cc0e47ebf0,殺戮之電腦終結者,櫻井光,11.5,連載,"科幻, 校園, 戰鬥, 戀愛, 小學館, 日本輕小說",賽博朋克式動作劇開幕！公園20xx年，在位於舊東京灣上建設的積層都市東京.拉萊耶中出現了侵蝕電腦的「獸」。那是，除網路外任何地方都未曾存在過的吃人怪物。於是，他——小城相馬，在滿盈鮮血與電子的小巷中獨自狩獵著「獸」們。他和在某一天晚上相遇的不可思域的少女一起，被捲入了這所都市的巨大陰謀中，被陰謀的波濤翻弄著。,3,作品背景為賽博朋克（現代科幻），完全符合使用者對現代背景且可接受微科幻的需求。主角設定為已經在獨自狩獵怪物的能力者，而非從零開始的成長流，避開了使用者反感的公式化練等過程。整體氛圍與設定與使用者要求高度契合。
q8,"希望作品是
1.背景為現代
有槍砲炸藥之類的比較有代入感，對武俠/奇幻沒興趣，現代但有些微科幻/超能力要素沒關係
2.主角不是從0開始練等
漏漏長的成長過程會讓我想睡，大概是從看完鬥破蒼穹那公式化的遇強敵→隊友幫扛→遇到機運→變強反殺→前往下個城鎮→遇強敵，之後再也不想看這種了
3.主角非中二/死屁孩
不要太嚴重就好，隱殺主角偶爾也會屁孩一下但是是那種大人逗小鬼玩的感覺就不會反感",19ae31a5-f791-5f4a-89a8-68eb259053fd,與組織宿敵的甜蜜婚後生活,有象利路,33.6,連載,"異能, 戰鬥, 戀愛, 歡樂向, 電擊文庫, 日本輕小說",這是一部（有點）不太普通的新婚夫妻的甜蜜喜劇。「……超討厭你！」「太巧了，我也是。」曾經隸屬於敵對的異能者組織而互相廝殺的兩人——擁有「羽狩」稱號的犀川狼士、被稱作「白魔」的最強異能者柳良律花。每天都過著浴血奮戰的日子，幾乎沒有正常社會經驗的兩人——「最喜歡狼君了。」「我也喜歡妳，律花。」組織解散後，竟然甜蜜地喜結連理了！他們成為了每天出門前，會在玄關來個「路上小心」吻的熱戀夫妻。但過著幸福生活的兩人，其實也有無法說出口的秘密和煩惱……？,3,作品設定為現代異能背景，符合用戶對現代及微超能力要素的需求。主角兩人皆為原組織的頂尖戰力（最強異能者），直接進入強者階段，完全避開了用戶厭惡的「從0開始練等」或公式化成長過程。角色形象為成熟的戰鬥員而非中二死屁孩，高度契合用戶需求。
q8,"希望作品是
1.背景為現代
有槍砲炸藥之類的比較有代入感，對武俠/奇幻沒興趣，現代但有些微科幻/超能力要素沒關係
2.主角不是從0開始練等
漏漏長的成長過程會讓我想睡，大概是從看完鬥破蒼穹那公式化的遇強敵→隊友幫扛→遇到機運→變強反殺→前往下個城鎮→遇強敵，之後再也不想看這種了
3.主角非中二/死屁孩
不要太嚴重就好，隱殺主角偶爾也會屁孩一下但是是那種大人逗小鬼玩的感覺就不會反感",76cba688-0e70-52bb-baaf-b01392257a9b,樂園殺手,呂暇郁夫,22.3,連載,"科幻, 異能, 戰鬥, 黑暗, 小學館, 日本輕小說",能夠將人的意念轉化為力量的沙塵，人物將其稱為災厄。授予人類異能的沙塵漫天飛舞的偉大都市。在這個荒廢的世界裡被稱作「樂園」的偉大都市，能夠將沙塵轉化為力量從而覺醒了各種能力的人們聚集於此。專門緝拿利用能力作惡的罪犯的精銳部隊「肅清官」，維護著這座城市的秩序。肅清官——射擊名手希爾薇 · 巴雷特，以及寡言的黑劍士進。經過某一起事件組隊成為搭檔的兩人，被指派對能夠將人變成野獸的毒品進行搜查。然而，這種毒品的流通背後潛藏著肅清官在過去種下的惡果。巨大的惡意在現代復甦，化為野獸的利齒，意圖給偉大都市刻下一道巨大的傷痕。阻擋在肅清官面前的是操縱屍體的能力者，和釋放熱輻射的能力者。以及——製造出兇惡獸人的異端能力者。與窮凶極惡的能力者們展開的生死對決，站到最後的人是……「我無論如何都必須以完美為目標。」「這次的恐怖襲擊事件里，我認定你們為獸人事件主謀的幫凶，所以——」「——我要肅清你們。」滾滾沙塵之中，戴面具的能力者們的故事即將揭開序幕。,3,作品設定在具有現代科技感與超能力要素的都市，包含射擊手等角色，符合使用者對現代背景及槍砲要素的喜好。主角身分為精銳部隊「肅清官」，屬於既有實力的專業人士，而非從零開始練級的成長流，避開了使用者厭惡的公式化升級過程。且角色形象較為成熟專業，符合非中二/死屁孩的要求。
q8,"希望作品是
1.背景為現代
有槍砲炸藥之類的比較有代入感，對武俠/奇幻沒興趣，現代但有些微科幻/超能力要素沒關係
2.主角不是從0開始練等
漏漏長的成長過程會讓我想睡，大概是從看完鬥破蒼穹那公式化的遇強敵→隊友幫扛→遇到機運→變強反殺→前往下個城鎮→遇強敵，之後再也不想看這種了
3.主角非中二/死屁孩
不要太嚴重就好，隱殺主角偶爾也會屁孩一下但是是那種大人逗小鬼玩的感覺就不會反感",19dad1ab-03b5-5f5f-9224-2b4d9042071b,華氏9999,朝倉勛,23.0,完結,"科幻, 間諜, 戰鬥, 後宮, 青梅竹馬, 集英社, 日本輕小說",動畫、漫畫、遊戲、輕小說、公仔模型——在這個時代里全部成為管制項目。在警視廳新設之「御宅族取締機構」焚書課里。高中生搜查官·維刀與國中時期的學姐·奏手伊莉娜齊力，陸續逮捕違規者。然而，私底下的卧人實為一名御宅族。甚至背叛了焚書課，以白聖騎士·艾爾迦特的身份，進行違反規定之活動，獨力對抗政府。某天，一位自稱淑女帕爾姆的女性，委託卧人前往阻止一場隨機恐怖行動。據她所言，一個以廢除御宅族文化管製為訴求的組織「東方革命軍」持有核子武器。實情卻是……！？最強高中生搜查官大顯身手，風格獨特的間諜動作故事就此開幕！,3,該作品符合使用者的所有核心需求：1. 背景為現代科幻/間諜設定，包含政府機構與核武等要素，符合對現代感與槍砲炸藥的偏好。2. 主角被設定為「最強高中生搜查官」，且身兼雙重身份，屬於開局即強或已有能力的設定，避開了使用者厭惡的從零開始練等或公式化成長過程。3. 主角雖然是高中生，但其專業搜查官與秘密代理人的身份使其更傾向於能力出眾的類型，而非單純的中二死屁孩。
q8,"希望作品是
1.背景為現代
有槍砲炸藥之類的比較有代入感，對武俠/奇幻沒興趣，現代但有些微科幻/超能力要素沒關係
2.主角不是從0開始練等
漏漏長的成長過程會讓我想睡，大概是從看完鬥破蒼穹那公式化的遇強敵→隊友幫扛→遇到機運→變強反殺→前往下個城鎮→遇強敵，之後再也不想看這種了
3.主角非中二/死屁孩
不要太嚴重就好，隱殺主角偶爾也會屁孩一下但是是那種大人逗小鬼玩的感覺就不會反感",869e66cf-6b5e-5120-9e22-6dda93a6ea39,SAKAMOTO DAYS 坂本日常,岬れんか,5.5,連載,"冒險, 異能, 戰鬥, 歡樂向, 集英社, 日本輕小說",阿新與南雲在坂本家的露營之旅中比賽釣魚!?收錄小說獨家外傳插曲，包含神神回與大佛四處吃拉麵、鹿島的遠距工作狀況等！！也絕對不可錯過加筆插圖！！,3,作品背景為現代且包含大量槍砲戰鬥，主角坂本是頂尖殺手，無需經歷從零開始的成長過程，且性格成熟沉穩（非中二或屁孩），完全符合用戶的所有核心要求。
q8,"希望作品是
1.背景為現代
有槍砲炸藥之類的比較有代入感，對武俠/奇幻沒興趣，現代但有些微科幻/超能力要素沒關係
2.主角不是從0開始練等
漏漏長的成長過程會讓我想睡，大概是從看完鬥破蒼穹那公式化的遇強敵→隊友幫扛→遇到機運→變強反殺→前往下個城鎮→遇強敵，之後再也不想看這種了
3.主角非中二/死屁孩
不要太嚴重就好，隱殺主角偶爾也會屁孩一下但是是那種大人逗小鬼玩的感覺就不會反感",a123589d-08a7-5fa5-880d-5e40825853d7,魔法科高中的劣等生 暗影閃耀於夜幕,佐島勤,16.8,連載,"科幻, 魔法, 戰鬥, 間諜, 角川文庫, 日本輕小說",2097年8月，一道衝擊撼動了全世界，一名魔法師展現了足以對抗大國的實力，這名魔法師叫做司波達也，是以「不可接觸的禁忌」受人畏懼的四葉家一員，當時他還只是十八歲的高中生。以這個事件為契機，他成為全世界聞之色變的存在，被希望維持世界現行體制的人們暗中伺機狙殺。2099年春天，黑羽亞夜子與文彌這對雙胞胎就讀魔法大學。嶄新的大學生活，加上為了求學而搬到東京，兩人身為四葉家諜報部門的黑羽家成員，期待能為敬愛的達也提供助力。然而，狙殺達也的海外黑幫身影，悄然接近這樣的亞夜子與文彌──,3,作品設定為近未來科幻背景，符合使用者對現代/微科幻的需求；主角司波達也從一開始就是頂尖強者，完全避開了使用者反感的公式化成長過程；且主角性格冷靜成熟，並非中二或死屁孩，高度符合所有要求。
q8,"希望作品是
1.背景為現代
有槍砲炸藥之類的比較有代入感，對武俠/奇幻沒興趣，現代但有些微科幻/超能力要素沒關係
2.主角不是從0開始練等
漏漏長的成長過程會讓我想睡，大概是從看完鬥破蒼穹那公式化的遇強敵→隊友幫扛→遇到機運→變強反殺→前往下個城鎮→遇強敵，之後再也不想看這種了
3.主角非中二/死屁孩
不要太嚴重就好，隱殺主角偶爾也會屁孩一下但是是那種大人逗小鬼玩的感覺就不會反感",74f062a6-1ba9-5be9-aefb-888f49c5682d,續・魔法科高中的劣等生 魔法人聯社,佐島勤,68.1,連載,"職場, 科幻, 魔法, 戰鬥, 龍傲天, 妹妹, 電擊文庫, 日本輕小說",打敗諸多強敵的司波達也，為風波不斷的高中生活划下句點。他為了實現新的遠景而展開行動。一般社團法人「魔法人聯社」。達也擔任常務理事的這個組織，目的是要保護魔法人（擁有魔法資質卻沒達到實用等級）的人權。魔法師不再是兵器，而是能以人類身分生活。還是大學生的達也正確實邁向這樣的新時代。達也擁有凌駕於戰略級魔法師的影響力，當然受到全世界的注目。位於USNA的魔法師結社「FEHR」，為了查明達也的動向而派出刺客……司波達也的新傳說揭開序幕──,3,該作品完全符合使用者的需求：1. 背景為現代且包含科幻/魔法要素；2. 主角司波達也設定為頂尖強者（龍傲天），無需從零開始練等，避免了使用者厭惡的公式化成長過程；3. 主角性格冷靜、成熟，完全不符合中二或死屁孩的特徵。
q8,"希望作品是
1.背景為現代
有槍砲炸藥之類的比較有代入感，對武俠/奇幻沒興趣，現代但有些微科幻/超能力要素沒關係
2.主角不是從0開始練等
漏漏長的成長過程會讓我想睡，大概是從看完鬥破蒼穹那公式化的遇強敵→隊友幫扛→遇到機運→變強反殺→前往下個城鎮→遇強敵，之後再也不想看這種了
3.主角非中二/死屁孩
不要太嚴重就好，隱殺主角偶爾也會屁孩一下但是是那種大人逗小鬼玩的感覺就不會反感",b449d8e0-0856-5e1e-832a-ab6b3504f366,叛逆的魯路修,岩佐守,125.2,完結,"科幻, 異能, 戰爭, 機戰, 妹妹, 角川文庫, 日本輕小說",少年們的友情，被紅蓮戰火所包圍了…過去曾稱作日本的這個國家，如今是在神聖不列顛帝國的統治之下。而這場悲劇，就從身為皇子卻對帝國發動謀叛的少年魯路修，與他的好友兼對敵樞木朱雀的相遇開始！大人氣動畫的小說版登場。,3,作品背景為科幻現代戰爭，符合使用者對槍砲與非武俠/奇幻的偏好；主角魯路修是高智商謀略型角色，並非從零開始練級的公式化成長，且性格成熟冷靜，完全符合使用者對主角不中二、非死屁孩的要求。
q8,"希望作品是
1.背景為現代
有槍砲炸藥之類的比較有代入感，對武俠/奇幻沒興趣，現代但有些微科幻/超能力要素沒關係
2.主角不是從0開始練等
漏漏長的成長過程會讓我想睡，大概是從看完鬥破蒼穹那公式化的遇強敵→隊友幫扛→遇到機運→變強反殺→前往下個城鎮→遇強敵，之後再也不想看這種了
3.主角非中二/死屁孩
不要太嚴重就好，隱殺主角偶爾也會屁孩一下但是是那種大人逗小鬼玩的感覺就不會反感",f07c4efa-c3e3-55f8-8ec3-b9404edf02cc,某科學的超電磁炮,鐮池和馬,71.4,完結,"校園, 科幻, 異能, 魔法, 冒險, 電擊文庫, 日本輕小說",有230萬人口，其中八成人口為學生的「學園都市」，是比其他地區科技更為先進，並從事「超能力開發」的特殊地區。而整座學園都市中僅有七人的等級5超能力者之一御坂美琴，由於她的能力與個性使然，因而被捲入了學園都市中所發生的種種事件……,3,作品背景為現代科技發達的學園都市，符合用戶對現代、微科幻與超能力要素的偏好；主角御坂美琴一開始就是頂尖的 Level 5 超能力者，完全避開了用戶厭惡的「從 0 開始練等」或公式化的成長過程；主角性格成熟且強大，符合用戶對主角設定的要求。
q8,"希望作品是
1.背景為現代
有槍砲炸藥之類的比較有代入感，對武俠/奇幻沒興趣，現代但有些微科幻/超能力要素沒關係
2.主角不是從0開始練等
漏漏長的成長過程會讓我想睡，大概是從看完鬥破蒼穹那公式化的遇強敵→隊友幫扛→遇到機運→變強反殺→前往下個城鎮→遇強敵，之後再也不想看這種了
3.主角非中二/死屁孩
不要太嚴重就好，隱殺主角偶爾也會屁孩一下但是是那種大人逗小鬼玩的感覺就不會反感",e752bc88-9cc8-57d7-a9ea-8d2a44ec782c,R.O.D,倉田英之,83.1,連載,"懸疑, 異能, 戰鬥, 冒險, 集英社, 日本輕小說",在東京御台場某個杳無人跡的超高大廈內。從香港造訪的吳姓男子，正準備進行稀有書籍「黑色童話集」的買賣。收購對象是一名金髮英國男性，但在他的身旁，卻還有一位稱為鑒定師，戴著眼鏡的東洋女性……為求安全起見，吳姓男子準備對東洋女性搜身，卻在打開大衣時啞口無言……因為裡面不只有許多暗袋，更塞滿了文庫本，雜誌與運動報紙！,3,作品背景設定在現代東京且包含異能要素，符合用戶對現代背景的偏好。主角已具備強大能力，並非從零開始的公式化練等成長，且性格並非中二或死屁孩，完全契合用戶的三項核心需求。
q9,"想請各位大大推薦一下這類的輕小說或小說，大陸網文也可以（我就是看了某部大陸網路輕小說才想找一些這類型的故事來看

世界觀再細一點的話
就是那種奇幻元素並不普及於所有人，只有少部份人擁有特殊能力，或是一些非人種族不會輕易在人前現身，隱藏在人類社會中那種都市奇幻類型",a064c138-7312-5028-844c-92b0f75c7493,魔劍的愛莉絲貝兒,赤松中學,85.2,完結,"校園, 異能, 戰鬥, 後宮, 妹妹, 電擊文庫, 日本輕小說",現代的日本。被稱之為「異能」的人士潛伏於社會的黑暗角落，彼此間展開超乎尋常的戰鬥。將這些身懷異能的少男少女齊聚一堂，秘密施行隔離教育的高中「居鳳高」。對自己的能力毫不知情的原田靜刃被強迫入學，在那裡，他遇見了就讀魔女班的資優生，黑髮雙馬尾美少女愛莉絲貝兒。兩人在彼此吵嘴中卻也開始並肩作戰，並與「吞食戀慕之心，創造異能武器」的美女妖怪「貘」，三人之間陷入了奇妙的三角關係……,3,本書設定在現代日本，異能者潛伏於社會陰暗面且有秘密隔離教育，且包含非人種族（妖怪），完全符合使用者要求的「都市奇幻」以及「能力者/非人種族隱藏在人類社會中」的核心設定。
q9,"想請各位大大推薦一下這類的輕小說或小說，大陸網文也可以（我就是看了某部大陸網路輕小說才想找一些這類型的故事來看

世界觀再細一點的話
就是那種奇幻元素並不普及於所有人，只有少部份人擁有特殊能力，或是一些非人種族不會輕易在人前現身，隱藏在人類社會中那種都市奇幻類型",7197b2f5-30f3-5542-90e9-1be40223c3e4,超能力師事務所,譽田哲也,14.4,完結,"異能, 懸疑, 其他文庫, 日本輕小說",銷量破300萬冊《草莓之夜》系列作家，首度挑戰幽默詼諧的人性推理劇！看似無敵的超能力，也難以化解糾結的情感謎團……所以，該解決的是人與人之間的問題吧！犯罪的陰影，比不上人心的幽暗可怕。在架空的東京都，「超能力師」是一種被官方認定的職業，超能力者可以透過日本超能力師協會的檢定考試，成為合法執業的一級或二級超能力師。一級超能力師增山圭太郎，為了讓成長過程中傷痕纍纍的超能力者有個安身立命之處，於是創設了「增山超能力師事務所」，讓各懷絕技的超能力師齊聚一堂，以超能力謀生及幫助人們的同時，也能展現最真實的自己。隨著一件一件委託案順利的解決，超能力師之間的羈絆也逐漸加深……增山為有雙重人格的文乃築起正義的堡壘，但碰上了發火能力特強的悅子，他該怎麼辦呢？阿健和篤志的宅心聲，是否有人願意傾聽？身分證欄為「男性」的俏麗實習生明美，到底喜歡當男還是當女？還有，千萬別小看大嬸級成員朋江的直覺力……透視、遠距離讀心、意念阻擋、瞬間移動、心靈照相、放火、物體媒介感應……請看充滿想像力與power的超能力師，全面真心出擊！,3,使用者尋找的是「都市奇幻」類型，重點在於特殊能力非普及、少數人擁有或隱藏在人類社會中。推薦的《超能力師事務所》設定在架空的東京都，只有少數「超能力者」擁有能力且透過協會認證，完美符合都市奇幻以及少數人擁有異能的核心需求。
q9,"想請各位大大推薦一下這類的輕小說或小說，大陸網文也可以（我就是看了某部大陸網路輕小說才想找一些這類型的故事來看

世界觀再細一點的話
就是那種奇幻元素並不普及於所有人，只有少部份人擁有特殊能力，或是一些非人種族不會輕易在人前現身，隱藏在人類社會中那種都市奇幻類型",56723821-d2bf-527d-816a-e096b3883dca,魔法禁書目錄,鐮池和馬,299.8,完結,"校園, 科幻, 異能, 魔法, 戰鬥, 後宮, 電擊文庫, 日本輕小說",這裡是將「超能力」認知為「一般科學」的反超自然學園都市。一名白衣修女從天而降，來到高中生上條當麻的房間。但那名修女裝扮的少女卻表示，她是從魔法的世界逃到這裡來的。上條對這個自稱是「禁書目錄」的神秘少女的言行相當懷疑，然而真正的「魔法師」，卻在兩人眼前出現──！！－－－－－－－－註：本小說已經完結，歡迎大家繼續關注後續的第二部小說，在本站搜索《新約》(或點擊下面作者名字),3,該作品設定在現代都市，且將「超能力」與「魔法」設定為少數人擁有且與一般大眾隔離的秘密世界，完全符合使用者要求的「都市奇幻」以及「特殊能力/非人元素隱藏在人類社會中」的核心需求。
q9,"想請各位大大推薦一下這類的輕小說或小說，大陸網文也可以（我就是看了某部大陸網路輕小說才想找一些這類型的故事來看

世界觀再細一點的話
就是那種奇幻元素並不普及於所有人，只有少部份人擁有特殊能力，或是一些非人種族不會輕易在人前現身，隱藏在人類社會中那種都市奇幻類型",f07c4efa-c3e3-55f8-8ec3-b9404edf02cc,某科學的超電磁炮,鐮池和馬,71.4,完結,"校園, 科幻, 異能, 魔法, 冒險, 電擊文庫, 日本輕小說",有230萬人口，其中八成人口為學生的「學園都市」，是比其他地區科技更為先進，並從事「超能力開發」的特殊地區。而整座學園都市中僅有七人的等級5超能力者之一御坂美琴，由於她的能力與個性使然，因而被捲入了學園都市中所發生的種種事件……,2,該書屬於都市奇幻/科幻類，且核心設定為特殊能力（超能力），符合用戶對「都市奇幻」與「特殊能力」的基礎需求。然而，用戶明確要求「奇幻元素並不普及」且「隱藏在人類社會中」，而本書的設定是整個「學園都市」都在系統化地開發超能力，能力在該區域內極其普及且被制度化，與用戶追求的「少數人擁有」或「秘密隱藏」的氛圍有所偏差。
q9,"想請各位大大推薦一下這類的輕小說或小說，大陸網文也可以（我就是看了某部大陸網路輕小說才想找一些這類型的故事來看

世界觀再細一點的話
就是那種奇幻元素並不普及於所有人，只有少部份人擁有特殊能力，或是一些非人種族不會輕易在人前現身，隱藏在人類社會中那種都市奇幻類型",582cdcaa-69d0-5810-85cd-b01d51aea93b,這家咖啡廳大有問題,滴答貝爾,5.5,連載,"戰鬥, 異能, 女性視角, 原生幻想, 華文輕小說",期遭到校園霸凌的神堂雅意外的發現自己體內存在著另一個人。也正因為這個發現，她認識了一位奇怪的咖啡廳店長。在一系列的機緣巧合下，神堂雅成為了這家咖啡廳的員工。可為什麼，這家咖啡廳里一個正常人都沒有？能夠化龍的少女、活了幾千年的九尾狐、被封印了百年的吸血鬼……也正是加入了這家咖啡廳，神堂雅認識了這個世界的另一面。她的人生也因為加入這家咖啡廳，發生了翻天覆地的變化。,3,該書完全符合用戶要求的「都市奇幻」設定：故事發生在現代社會，且奇幻元素（如化龍少女、九尾狐、吸血鬼）隱藏在一般人視線之外的咖啡廳中，主角透過進入該店才發現「世界的另一面」，完美契合「少數人擁有能力」且「非人種族隱藏在人類社會」的核心需求。
q9,"想請各位大大推薦一下這類的輕小說或小說，大陸網文也可以（我就是看了某部大陸網路輕小說才想找一些這類型的故事來看

世界觀再細一點的話
就是那種奇幻元素並不普及於所有人，只有少部份人擁有特殊能力，或是一些非人種族不會輕易在人前現身，隱藏在人類社會中那種都市奇幻類型",14ab1561-6e55-5ffd-911b-1d2b05c36758,七日的喰神,カミツキレイニー,38.4,連載,"歡樂向, 戰鬥, 黑暗, 後宮, 人外, 小學館, 日本輕小說",憎惡神明的男人，他搭檔的少女卻是吃人之神。仲夏的酷暑之中，行蹤不明的少年，其屍體以冰凍的狀態被發現。出於事件的異常性，警察判斷其為「禍津神」的所為……。自古以來這個國家就存在著給人們帶來災害的不祥之神，「禍津神」。而討伐這些禍津神，擁有著特殊力量的人，人們稱他們為「祈禱士」。懷有天才資質，卻捨棄了祈禱士之路的男人•古川七日，和可愛而又殘酷的「喰神」少女拉緹梅利婭。這是人類和禍津神，這樣一對不被允許的異種族搭檔，葬送不祥之諸神的黑暗系幻想故事。,3,該作品設定在現代社會，且奇幻元素（如禍津神、祈禱士）僅限於少數特定人群或隱藏種族，完全符合用戶要求的「都市奇幻」以及「特殊能力者與非人種族隱藏在人類社會中」的核心需求。
q9,"想請各位大大推薦一下這類的輕小說或小說，大陸網文也可以（我就是看了某部大陸網路輕小說才想找一些這類型的故事來看

世界觀再細一點的話
就是那種奇幻元素並不普及於所有人，只有少部份人擁有特殊能力，或是一些非人種族不會輕易在人前現身，隱藏在人類社會中那種都市奇幻類型",aea72352-d22b-5456-8e82-dd4116cd2c82,魔法學園MA,榊一郎,118.8,完結,"校園, 魔法, 冒險, 歡樂向, 後宮, 人外, Fami通文庫, 日本輕小說",男主角羽瀨川拓人表面上是個普通的高中生，其實是隱藏在現在社會下的魔法學院里的魔法師候補生，在某次召喚考試的時候，控制失誤導致召喚出了一個足以破壞世界的強大獸耳少女，並從此被捲入各種混亂事件中去。,3,這本書完全符合使用者要求的「都市奇幻」設定：故事發生在現代社會，且魔法學院與魔法師身分是對一般大眾隱藏的，且包含非人種族（獸耳少女），精準命中使用者對「奇幻元素不普及」、「隱藏在人類社會中」的核心需求。
q9,"想請各位大大推薦一下這類的輕小說或小說，大陸網文也可以（我就是看了某部大陸網路輕小說才想找一些這類型的故事來看

世界觀再細一點的話
就是那種奇幻元素並不普及於所有人，只有少部份人擁有特殊能力，或是一些非人種族不會輕易在人前現身，隱藏在人類社會中那種都市奇幻類型",eea274d0-8034-53eb-b2f8-3f32353f141b,重啟咲良田,河野裕,94.6,完結,"科幻, 校園, 異能, 懸疑, 青春, 戀愛, 角川文庫, 日本輕小說",咲良田，一座看似平凡普通、安詳寧靜的城鎮，實際上城中半數居民都是擁有超能力並受到約束的「能力者」。就讀高中的淺井惠和春埼美空，正是官方嚴密控管的對象，因為淺井與春埼合作的「重啟」指令，能夠讓這世界如同時光倒流般回到三天前，讓一切重新來過。為了讓官方放寬監視而加入服務性社團的淺井和春埼，某天收到了一名少女的委託：「請讓我的貓復活！」於是，兩人為了救助貓咪進行了「重啟」……,3,該書設定在一個表面平凡但實際上隱藏著能力者的城鎮，且能力者受到官方嚴格控管，完全符合使用者要求的「都市奇幻」、「少數人擁有特殊能力」以及「隱藏在人類社會中」的核心需求。
q9,"想請各位大大推薦一下這類的輕小說或小說，大陸網文也可以（我就是看了某部大陸網路輕小說才想找一些這類型的故事來看

世界觀再細一點的話
就是那種奇幻元素並不普及於所有人，只有少部份人擁有特殊能力，或是一些非人種族不會輕易在人前現身，隱藏在人類社會中那種都市奇幻類型",75e72a29-9f21-52ca-8dd7-952626e771b7,她宣告到：已至毀滅之時,久我悠真,11.0,完結,"懸疑, 犯罪, 異能, 電擊文庫, 日本輕小說",「你已至毀滅之時。」異能犯罪搜查〈零局〉，一個專門管制操控他人心靈的〈篡心者〉的機構。該機構里最年輕的領隊──有著狼耳兜帽這一特徵的世世結嘉，是個將毀滅罪犯視為生存意義的怪女孩。同為〈篡心者〉的她，擁有毀滅惡者的能力，和具備鑒識科學或法醫等專科技能的同伴們，一起狩獵著異能罪犯們。你問我是誰？我只是一個微不足道的人，是這傢伙的助手啦。擁有受神明眷顧的推理能力的世世結嘉，以及她的助手蒼井諒助。這是一部由這兩名異能搜查官進行挑戰的，犯罪心理懸疑小說。,3,該書設定在現代都市，且異能（篡心者）並非普及，而是由專門的秘密機構〈零局〉負責管制與搜查，符合使用者要求的「奇幻元素不普及」、「少部分人擁有特殊能力」以及「隱藏在人類社會中」的都市奇幻類型，且主角擁有狼耳特徵，符合非人種族隱藏在社會中的設定。
q9,"想請各位大大推薦一下這類的輕小說或小說，大陸網文也可以（我就是看了某部大陸網路輕小說才想找一些這類型的故事來看

世界觀再細一點的話
就是那種奇幻元素並不普及於所有人，只有少部份人擁有特殊能力，或是一些非人種族不會輕易在人前現身，隱藏在人類社會中那種都市奇幻類型",a7037c16-da09-54ab-88b1-a8a83ff18b40,DOG LIVE,藤原健市,27.3,完結,"異能, 戰鬥, 犯罪, 後宮, 妹妹, 集英社, 日本輕小說",〈J能力〉——體驗過絕望的少年少女們所覺醒的特殊能力。絕望所帶來的力量，將得到能力的人引導至更深沉的黑暗中。在表面社會已無立足之地的他們，聚集起來催生了犯罪集團「JUDAS」。與J能力者有關的罪行，警察們均稱之為J犯罪；但這些罪犯大多都未成年，外觀和一般人無異，因此警方在處理方面總是慢半拍。於是警視廳籌組了特殊青少年對策局，向J能力者尋求協助，共同對抗J犯罪。而被挖角的民間協助者，便是「特少對之犬」。「J能力是在絕望到極點的時候，用來拯救自己的力量。可是我們卻擅自使用這種力量，這樣不對吧？」成為特少對之犬的四月朔日咲是這麼想的，不過她依舊在巷弄暗處打擊犯罪。後來咲遇見為了洗刷父親的冤屈而使用能力侵入警視廳的月見里總——希望與絕望交織成的異能戰鬥動作劇就此開幕！！,3,該小說完全符合使用者要求的「都市奇幻」設定：特殊能力（J能力）僅限於少數經歷絕望的人覺醒，且能力者隱藏在一般人類社會中，透過秘密組織或專門對策局在陰影中行動，與使用者描述的「奇幻元素不普及」、「隱藏在人類社會中」的需求高度契合。
q9,"想請各位大大推薦一下這類的輕小說或小說，大陸網文也可以（我就是看了某部大陸網路輕小說才想找一些這類型的故事來看

世界觀再細一點的話
就是那種奇幻元素並不普及於所有人，只有少部份人擁有特殊能力，或是一些非人種族不會輕易在人前現身，隱藏在人類社會中那種都市奇幻類型",6972147d-4c3d-5683-ba9d-ebbd4eaba5fc,日常生活中的異能戰鬥,望公太,123.2,完結,"異能, 戰鬥, 歡樂向, 後宮, 青梅竹馬, GA文庫, 日本輕小說",包括我在內的文藝社五人，在半年前覺醒了相當不得了的力量。於是我們涉足了波瀾壯闊學園異能戰鬥的世界──才怪！「什麼事都沒發生嘛！」雖然覺醒了異能，但日常還是無可挑剔的和平生活。既沒有打算毀滅世界的組織！也沒有異能戰爭！更沒有勇者與魔王的存在！所以我們身上的超級異能只能像這樣，「黑炎之龍長出鬍子啦！」隨意浪費才能般地使用了。可是不斷憧憬異能戰鬥的我是明白的，真正戰爭的時刻……「啥？你是笨蛋嗎？」拿神技來玩樂的平穩日常。不過光這樣是不會結束的新．異能戰鬥＆戀愛喜劇，開幕！,3,該作品設定在現代都市，僅有少數角色（文藝社成員）擁有特殊異能，且在日常生活中低調存在，完全符合使用者要求的「奇幻元素並不普及」、「少部分人擁有特殊能力」以及「都市奇幻」的世界觀設定。
q9,"想請各位大大推薦一下這類的輕小說或小說，大陸網文也可以（我就是看了某部大陸網路輕小說才想找一些這類型的故事來看

世界觀再細一點的話
就是那種奇幻元素並不普及於所有人，只有少部份人擁有特殊能力，或是一些非人種族不會輕易在人前現身，隱藏在人類社會中那種都市奇幻類型",c55b6ffa-4f23-5599-9bc6-f8efe7014b74,沒有與世界之暗戰鬥的秘密組織，所以我建立了一個（怒）,黒留ハガネ,12.8,連載,"校園, 異能, 歡樂向, 後宮, 其他文庫, 日本輕小說",佐護杵光於某一天忽然覺醒了超能力，而有一個盯上了他的力量的邪惡組織突如其來地出現──沒這回事。住在隔壁的青梅竹馬其實為驅魔師的子孫──才沒有這回事！神秘美少女轉學到班上──根本沒有這回事！！佐護對這過於和平的日常生活惱羞成怒，決定自己創造一個秘密組織。他找遍全日本，找到一名能幹美女‧鏑木栞作為他的副官，設立了秘密組織「天照」，也成功調度到了資金。待蓮見燈華、高橋翔太等新成員加入後，意圖毀滅世界的魔王終於現身──才怪！此時，佐護靈機一動，想出某個計畫……？由一名最強超能力者所自導自演的搞笑喜劇，就此開幕！！,3,本書設定為現代都市背景，主角擁有稀有的超能力（異能），且故事圍繞著秘密組織與隱藏在日常生活中的特殊能力者展開，完全符合使用者要求的「都市奇幻」以及「少部分人擁有特殊能力並隱藏在人類社會中」的設定。
q9,"想請各位大大推薦一下這類的輕小說或小說，大陸網文也可以（我就是看了某部大陸網路輕小說才想找一些這類型的故事來看

世界觀再細一點的話
就是那種奇幻元素並不普及於所有人，只有少部份人擁有特殊能力，或是一些非人種族不會輕易在人前現身，隱藏在人類社會中那種都市奇幻類型",2c71b93e-4286-5fea-882d-5f5408069d7b,silentworld,ごぉ,13.2,完結,"科幻, 異能, 校園, 歡樂向, 電擊文庫, 日本輕小說",隨處可見的普通高中生羽鳥健人。他有一個秘密。——自由操縱時間流逝的能力——這就是健人的秘密。健人一直想知道自己使用這種能力的「意義」。就在這時，健人知道了某個「過路魔」的存在。面對這個毫無徵兆地襲擊人們的攔路殺手，健人有一種預感。這個路魔，擁有和自己一樣的能力——。健人像被引誘一樣追捕過路魔，在他面前出現了一個少女。那個少女也擁有和健人一樣的能力——。來自fronwing最新作《ISLAND》創作組合，兩位人氣創作者聯手創作最新小說。自由支配時間的高中生·健人，和擁有比他更多能力的殺人魔……在超越時間流逝的世界中戰鬥有勝機嗎——!?以厚重的世界設定和大量美麗的插畫呈現，令人矚目的科幻小說滿載登場！！,3,推薦書籍符合用戶要求的「都市奇幻」設定：故事發生在現代校園，且特殊能力（操縱時間）僅為少數人擁有且被視為秘密，完全符合用戶希望奇幻元素不普及且隱藏於人類社會的 core intent。
q9,"想請各位大大推薦一下這類的輕小說或小說，大陸網文也可以（我就是看了某部大陸網路輕小說才想找一些這類型的故事來看

世界觀再細一點的話
就是那種奇幻元素並不普及於所有人，只有少部份人擁有特殊能力，或是一些非人種族不會輕易在人前現身，隱藏在人類社會中那種都市奇幻類型",59b7683d-de7e-544e-94ed-76defa77eb94,（web版）沒有與世界之暗戰鬥的秘密組織，所以我建立了一個（怒）,黒留ハガネ,23.4,連載,"校園, 異能, 歡樂向, 後宮, syosetu, Web輕小說",佐護杵光於某一天忽然覺醒了超能力，而有一個盯上了他的力量的邪惡組織突如其來地出現──沒這回事。住在隔壁的青梅竹馬其實為驅魔師的子孫──才沒有這回事！神秘美少女轉學到班上──根本沒有這回事！！佐護對這過於和平的日常生活惱羞成怒，決定自己創造一個秘密組織。他找遍全日本，找到一名能幹美女‧鏑木栞作為他的副官，設立了秘密組織「天照」，也成功調度到了資金。待蓮見燈華、高橋翔太等新成員加入後，意圖毀滅世界的魔王終於現身──才怪！此時，佐護靈機一動，想出某個計畫……？由一名最強超能力者所自導自演的搞笑喜劇，就此開幕！！,3,該作品屬於典型的都市奇幻設定，包含少數人擁有異能、驅魔師後裔以及隱藏在現代社會中的秘密組織，完全符合使用者要求的「奇幻元素不普及」、「少部分人擁有能力」以及「隱藏在人類社會中」的設定。
q9,"想請各位大大推薦一下這類的輕小說或小說，大陸網文也可以（我就是看了某部大陸網路輕小說才想找一些這類型的故事來看

世界觀再細一點的話
就是那種奇幻元素並不普及於所有人，只有少部份人擁有特殊能力，或是一些非人種族不會輕易在人前現身，隱藏在人類社會中那種都市奇幻類型",e8687faf-b5c2-5cde-a72f-ed23ce1b6c2b,夏日時分的吸血鬼,石川博品,12.1,完結,"青春, 戀愛, 人外, Fami通文庫, 日本輕小說",這是人與吸血鬼一同分享晝夜的世界。山森賴雅是個會去雙親所經營的便利商店幫忙的高中生。每天的黃昏時分，都會有名和自己一樣就讀蓮大附屬高中的少女來購買紅茶，而從冰箱後面確認少女有沒有來買紅茶則成了他每天必做的事情。某一天，他和那名少女──冴原綾萌相遇，並因此得知吸血鬼也和人類過著相同的生活，而少女也只是個普通的高中生。兩人普通地相遇，普通地相戀，但在夜裡對彼此的思念卻讓他們越發煩惱……這是一部點亮夏日夜晚的戀愛故事。,3,用戶的需求是「都市奇幻」，且強調「非人種族隱藏在人類社會中」且「奇幻元素並不普及」。推薦的書籍《夏日時分的吸血鬼》描述吸血鬼與人類共同生活、隱藏身份在高中就讀，完全符合用戶對世界觀的設定要求，且屬於用戶指定的輕小說類型。
q10,"像是果青友少這種的
年份的話最近三到五年為主
背景是校園戀愛喜劇為主
有複數女角讓男主多選一
啊不要開場就有女朋友鎖死的
那種我覺得其他女角只是浪費時間而已",2f8e8e90-c731-52a9-bb44-6c65f089578f,敗北女角太多了！,雨森焚火,95.7,連載,"校園, 歡樂向, 青春, 戀愛, 後宮, 妹妹, 小學館, 日本輕小說",平常擔任班上背景人物的我──溫水和彥，偶然目擊人氣女同學八奈見杏菜被男生甩掉的失戀現場。「他明明說過要娶我當新娘，這不過分嗎？」「那是多久前的事了？」「大概四、五歲吧。」那不算數吧？以此為契機，田徑隊的燒鹽檸檬、文藝社的小鞠知花等洋溢著敗北感的女生接連登場──？「溫水，女生可以分成兩大類。如果不是青梅竹馬，就是狐狸精。」「原來如此，真豪爽的分類法。」……但願這些因為敗北而閃耀的少女們都能幸福。被敗北女角──敗女所環繞的謎樣青春，在此揭幕！,3,該書完全符合使用者的要求：背景為校園戀愛喜劇，具有多位女主角（後宮屬性），且故事設定是以「敗北女角」為核心，開場並沒有鎖死的女朋友，且為近年熱門的新作，與使用者追求的氛圍高度契合。
q10,"像是果青友少這種的
年份的話最近三到五年為主
背景是校園戀愛喜劇為主
有複數女角讓男主多選一
啊不要開場就有女朋友鎖死的
那種我覺得其他女角只是浪費時間而已",55915b7d-d374-5159-86c2-cb70de1c0bc0,我果然不適合戀愛喜劇,oejnd,8.3,連載,"校園, 青春, 戀愛, 歡樂向, 青春日常, 華文輕小說",「應你的要求，我幫你申請了一個社團。」對此毫無印象的林一突然被這樣告知。雖然社團只是一個掛名的空殼，但裡面卻有著真正的美少女。在此之後伴隨著麻煩的青春日常拉下帷幕。這果然是戀愛喜劇吧？只有林一知道這個答案。,3,該推薦書籍在標題上直接致敬了使用者提到的《果青》，且標籤與簡介完全符合「校園」、「青春」、「戀愛喜劇」的要求。劇情設定為社團活動且男主初始單身，符合使用者希望有複數女角選擇且不要開場就鎖定女友的需求。
q10,"像是果青友少這種的
年份的話最近三到五年為主
背景是校園戀愛喜劇為主
有複數女角讓男主多選一
啊不要開場就有女朋友鎖死的
那種我覺得其他女角只是浪費時間而已",4217545f-9fa6-5d00-a824-89cbbc8e708d,有誰規定了現實中不能有戀愛喜劇的？,初鹿野創,69.9,完結,"校園, 青春, 戀愛, 群像, 後宮, 歡樂向, 小學館, 日本輕小說",「想體驗有如戀愛喜劇的現實。」與女主以及好友角色一同度過充實的校園生活，輕小說嗜好者諸君想必都考慮過這種事吧。可惜現實中沒有此類戲劇化的展開。義妹之屬、青梅者流、現役偶像同級生包括神秘學姐甚或同性好友出現的可能性全無。如此這般，只好自己試著打造出理想。反覆分析練習必要事項，把現實染上戀愛喜劇的色彩。第十四回小學館輕小說大賞優秀賞受賞作——希望諸君能夠因此得到優秀的閱讀體驗。,3,推薦書籍完全符合用戶的需求：背景為校園戀愛喜劇，標籤包含「後宮」，且簡介中明確提到義妹、青梅竹馬、偶像、學姐等多位女性角色，符合「複數女角多選一」的要求。此外，故事核心是主角試圖在現實中打造戀愛喜劇，並非開場就已有鎖定女友的情節，與用戶意圖高度匹配。
q10,"像是果青友少這種的
年份的話最近三到五年為主
背景是校園戀愛喜劇為主
有複數女角讓男主多選一
啊不要開場就有女朋友鎖死的
那種我覺得其他女角只是浪費時間而已",36ccfa19-6bea-58ec-9e43-87c085a268d0,好友角色的我怎麼可能大受歡迎？,世界一,26.2,連載,"校園, 歡樂向, 青春, 戀愛, 後宮, 其他文庫, 日本輕小說",我•友木優兒因為天生眼神兇狠，被貼上了不良少年的標籤。除了身為『主角角色』的池春馬以外，沒有人敢靠近我。本應如此――我卻忽然被人告白。「學長，你能不能和我交往呢？」而且，對方還是春馬的妹妹、位居校園金字塔頂端的美少女•池冬華。納悶不解的我問出了冬華向我告白的真正用意，並與她成為了『假戀人』，但她卻不分場合地黏著我！？我們之間的關係在學校中傳開來後，連春馬的青梅竹馬與美女老師也和我產生關聯。我身陷校園戀愛喜劇般的狀況之中，但她們怎麼可能會喜歡我……你問為什麼？因為好友角色的我怎麼可能大受歡迎？,3,該書完全符合使用者的需求：背景為校園戀愛喜劇，具有後宮（複數女角）屬性，且男主雖然與一名角色建立「假戀人」關係，但這種設定通常是為了增加劇情張力而非直接鎖死，符合使用者希望有選擇空間且不希望開場就確定關係的要求。風格上也與《果青》、《友少》這類青春校園輕小說相近。
q10,"像是果青友少這種的
年份的話最近三到五年為主
背景是校園戀愛喜劇為主
有複數女角讓男主多選一
啊不要開場就有女朋友鎖死的
那種我覺得其他女角只是浪費時間而已",954bf998-6058-58dc-afab-64f5120c6d98,那時候曾有好感的女孩們，如今與我同班了,御宮ゆう,15.0,連載,"校園, 青春, 戀愛, 歡樂向, 青梅竹馬, 後宮, 角川文庫, 日本輕小說",與那些「只差一步就交往」的女孩們再度重逢→急速拉近距離！！吉木涼太的生命里，曾與三位女孩瀰漫過「好感氛圍」。日漸疏遠的小學青梅竹馬——二階堂麗美。無話不談的辣妹摯友——柚葉由衣。節奏自由的補習班同伴——花園優佳。如果那時候，能鼓起勇氣告白的話……高一春天，這份執念開始騷動——這四個人，竟被分到了同一個班級！昔日與涼太兩情相悅的她們，在無人的教室里，在放學的約會途中，在夜晚的家中……為了探明他如今的心意而急速拉近距離！！「有涼太在真是太好了」「我喜歡哦，和吉木在一起的時光」「我們還能像以前那樣要好嗎」信賴、愛戀、憧憬——深埋心底的情感，再度變得炙熱!?,3,該書完全符合用戶的所有核心需求：背景為校園戀愛喜劇，具有多名女角（後宮標籤），且男主角在開場時處於單身狀態（與過去好感的女孩們重逢），與用戶要求的「多選一」且「非開場鎖死」完全一致。
q10,"像是果青友少這種的
年份的話最近三到五年為主
背景是校園戀愛喜劇為主
有複數女角讓男主多選一
啊不要開場就有女朋友鎖死的
那種我覺得其他女角只是浪費時間而已",9015c824-aff5-5ced-b010-d311382175fd,別太愛我，孤狼不想開後宮。,凪木エコ,40.6,完結,"校園, 歡樂向, 青春, 戀愛, 後宮, 富士見文庫, 日本輕小說",不以孤獨為恥，痛恨屬於小團體而造成的壓力；獨處的時光是最奢侈的享受──秉持單身至上主義的高中生姬宮春一，原本盡情頌讚著他理想的校園生活。然而，學校里的完美女主角，美咲華梨卻說要幫助他交朋友，還被興趣超合得來的冷酷美人，羽鳥英玲奈纏上──春一哪能容忍單身生活遭到打擾的現況！「一個人很寂寞？要你們多管閑事，混帳！！」因為春一麻煩的個性，他主動一一拆掉旗標，卻不知道為什麼，獲得美少女們事與願違的盛讚，反而更受注目！彆扭孤狼開外掛的青春戀愛喜劇，堂堂揭開序幕！！,3,該書完全符合使用者的核心需求：背景為校園戀愛喜劇，具有後宮設定（複數女角），且男主角開場是崇尚單身主義的孤狼，沒有女朋友鎖死的情況，與使用者要求的風格高度契合。
q10,"像是果青友少這種的
年份的話最近三到五年為主
背景是校園戀愛喜劇為主
有複數女角讓男主多選一
啊不要開場就有女朋友鎖死的
那種我覺得其他女角只是浪費時間而已",17f3911a-8b97-5a28-bc63-386b182a04d4,曾經對我造成過精神創傷的女性們又開始關注我，但可惜的是為時已晚【Web版】,御堂ユラギ,40.3,連載,"校園, 青春, 戀愛, 後宮, 歡樂向, 青梅竹馬, syosetu, Web輕小說",在這個戀愛喜劇之中，一切的一切都已經太晚了。我，九重雪兔，一直以來女人緣都很差。從很久以前開始我就不斷地被捲入各種麻煩事中，跟老媽的關係生疏了，被老姐給討厭了，自以為跟青梅竹馬是兩情相悅的關係卻在向她告白前被甩掉了，最後為此而傷心的我還落得了個被人用假告白開涮的下場。於是我的感情徹底崩壞，一切都為時已晚了——「是我的錯……這一切都是因為我——」「我很抱歉阿雪！那個其實不是你想的那樣——」可不知為何，那些曾經對我造成過精神創傷的女性們又開始關注起我來了……這是一部因為渾身傷痕纍纍而無法接受他人善意的少年，與那些傷害了他的女性們之間所發生的，從為時已晚開始卻完全無法展開的誤會繫戀愛喜劇！,3,該書符合校園戀愛喜劇設定，標籤含有後宮且劇情涉及複數女性角色，且男主開場處於單身且受創狀態，並非女朋友鎖死，完全符合使用者的核心需求。
q10,"像是果青友少這種的
年份的話最近三到五年為主
背景是校園戀愛喜劇為主
有複數女角讓男主多選一
啊不要開場就有女朋友鎖死的
那種我覺得其他女角只是浪費時間而已",60078bef-8306-5b35-8211-b39fbc5d2c71,為什麼我的青春戀愛喜劇里只有怪物女主,音塚雪見,35.7,完結,"校園, 戀愛, 後宮, 歡樂向, kakuyomu, Web輕小說",只有我知道她們的真實身份（真的）（絕望）（誰來救救我）化野曜是個再普通不過的高中生，他期待著一段戀愛喜劇。不求太多，只想要個女朋友。然後他竟然坐到了以美少女著稱的草壁菜菜花的鄰座！周圍投來的嫉妒目光如同散彈槍般密集。他以為一段波瀾壯闊的故事就要開始了——然而……「呃，希望你不要跟我有任何牽扯。」曜一臉厭惡地開始全力與菜菜花保持距離。然而，與他的意願相反，那些『怪物』女主角們卻不斷增加。嫉妒的目光越來越多，SAN值卻在持續下降。曜能否度過一段普通的戀愛喜劇呢？今天他依然在不斷祈禱。………………但是，這大概是不可能的。這個世界真是無情啊。,3,推薦書籍完全符合用戶的需求：背景為校園戀愛喜劇，具有後宮（複數女角）屬性，且男主開場並無固定女友，其主題與風格與用戶提到的《果青》等青春戀愛喜劇高度一致。
q10,"像是果青友少這種的
年份的話最近三到五年為主
背景是校園戀愛喜劇為主
有複數女角讓男主多選一
啊不要開場就有女朋友鎖死的
那種我覺得其他女角只是浪費時間而已",d1333c43-ea87-5b06-b679-b11cff7e1a90,彈珠汽水瓶里的千歲同學,裕夢,125.8,連載,"校園, 青春, 戀愛, 競技, 歡樂向, 後宮, 小學館, 日本輕小說",「五班的千歲朔是亂玩女人的渣男」──就算在學校匿名網站備受攻擊，依然君臨藤志高中階級制度頂層的現充，千歲朔。他身邊總是圍繞著外表內在都很優秀的一群朋友，像是公主氣場滿點的正宮位‧柊夕湖、努力的後天型現充‧內田優空，以及活力十足的籃球社主將‧青海陽……朔和朋友們在新班級里的快樂日子才開始沒多久，便有人拜託朔幫助一位把自己關在家裡的學生。本書是他的現充後宮傳，還是──？宣告新時代來臨的「現充視角」青春愛情故事，在此堂堂開幕！！,3,推薦書籍完全符合使用者的需求。背景為校園戀愛喜劇，具有多位優秀女角圍繞的後宮設定，且並非開場即鎖死女友，滿足使用者追求的「多選一」意圖，風格也與果青、友少等青春校園作品相近。
q10,"像是果青友少這種的
年份的話最近三到五年為主
背景是校園戀愛喜劇為主
有複數女角讓男主多選一
啊不要開場就有女朋友鎖死的
那種我覺得其他女角只是浪費時間而已",117e3474-2f36-5f92-804b-3c1ab12b70ec,我們不懂察言觀色,鏡銀缽,25.3,完結,"校園, 歡樂向, 青春, 戀愛, 後宮, MF文庫J, 日本輕小說",私立銀缽高中二年級的小日向刀彥不懂得察言觀色。總是我行我素、無視在場氣氛的言行，已經稱得上是一種災害了。雖然看不下去的學生會長下令，要他與同樣不懂得察言觀色的遺憾系美少女們組成志工部，但是──「耶嘿嘿！肌膚之親～肌膚之親～！」「這是我對刀彥同學發起的性感攻勢，有什麼問題嗎？」刀彥竟然被毫無距離感的美少女們給看上了!?為了維護和這群自由奔放卻又因孤單而煩惱的少女們共度的日常，不管現充還是偽現充都一起打飛！由這群超級我行我素的遺憾系邊緣人們上演的校園破壞系愛情喜劇，盛大開幕！,3,本書完全符合使用者的核心需求：背景為校園戀愛喜劇，且標記為「後宮」並描述有複數美少女圍繞男主，符合「多選一」的設定，且開場並無固定女友，與使用者要求的風格一致。
q10,"像是果青友少這種的
年份的話最近三到五年為主
背景是校園戀愛喜劇為主
有複數女角讓男主多選一
啊不要開場就有女朋友鎖死的
那種我覺得其他女角只是浪費時間而已",b833e482-5efc-5939-9fac-11e0c803267c,弱角友崎同學,屋久悠樹,161.6,連載,"校園, 歡樂向, 青春, 戀愛, 後宮, 小學館, 日本輕小說",人生是款糞作Game。這句隨處可見的話語，很遺憾正是現實。而既然是由我這個日本數一數二的玩家所說的那就更不會錯。不過那女的，鑽研遊戲的程度跟我一樣，卻說人生是一款神作。她是天生的強角，身為學校女主角的日南葵，結果她要「教我這場人生（遊戲）的規則」……一般來說才不會相信這種事，然而日南葵她是完全跳脫所謂一般框架的人啊！由弱角實行挑戰的人生攻略論，只不過有美少女在旁指點！第十屆小學館輕小說大賞優秀賞得獎作品。由弱角實行挑戰的人生攻略論，只不過有美少女在旁指點！,3,該作品完全符合使用者的需求：背景為校園戀愛喜劇，標籤包含後宮（複數女角），且男主角開場是社交弱者，不存在已有女朋友鎖死的情況，與使用者的核心意圖高度契合。
q10,"像是果青友少這種的
年份的話最近三到五年為主
背景是校園戀愛喜劇為主
有複數女角讓男主多選一
啊不要開場就有女朋友鎖死的
那種我覺得其他女角只是浪費時間而已",147ee26a-b6c1-5ea7-93e6-b02912d0bb93,GAMERS電玩咖！,葵關南,164.0,完結,"校園, 歡樂向, 青春, 戀愛, 後宮, 富士見文庫, 日本輕小說",雨野景太，興趣是電玩，除此之外沒有醒目特徵，卻又不愛平凡的日常生活，在髙中屬於如假包換的落單路人角。儘管這樣的他並沒有突然在學生會發表後宮宣言，更沒有被關進雖然是遊戲但可不是鬧著玩的MMO世界……「……要不要和我……加入電玩社呢？」可是，他卻得到了全校第一美少女兼電玩社社長天道花憐欽點，驚人際遇簡直可比老梗戀愛喜劇。還以為跟喜歡電玩的美少女們之間會有戀愛喜劇上演，實則不然！彆扭玩家們彼此兜不攏的錯綜青春戀愛喜劇開演！,3,該書完全符合用戶的需求：背景為校園戀愛喜劇，標記包含「後宮」且劇情涉及多名美少女之間的錯綜關係（多選一），且男主角開場為落單路人，不存在一開始就被鎖死女友的情況，與用戶要求的風格高度一致。
q10,"像是果青友少這種的
年份的話最近三到五年為主
背景是校園戀愛喜劇為主
有複數女角讓男主多選一
啊不要開場就有女朋友鎖死的
那種我覺得其他女角只是浪費時間而已",48683163-6b11-5c72-8788-3b3d47e2eda5,為何我總是成為S級美女們的話題,脇岡こなつ,25.9,連載,"校園, 青春, 戀愛, 後宮, 歡樂向, 角川文庫, 日本輕小說",「──其實我，最近有一場宿命的邂逅。」「我最近滿常在注意我打工那裡的一個常客喔～」女高中生姬川沙羅、小日向凜、高森結奈，具有無與倫比的美貌，受到全班不分男女的敬重與欣羨，人稱「Ｓ級美少女」。這樣的人聊起戀情，自然引起了全班一片嘩然，只有最不起眼的赤崎晴也暗自焦急。其實她們聊的那個男的都是赤崎晴也啦！晴也說什麼也不想在學校里引人注意，開始設法撲滅她們對他的興趣，結果全部造成反效果……不起眼男生與「Ｓ級美女」的校園後宮喜劇，開幕。,3,該書完全符合使用者的核心需求：背景為校園戀愛喜劇，具有複數女角（後宮設定），且開場並未鎖定單一女友，與使用者追求的「多選一」以及校園青春氛圍高度相符。
q10,"像是果青友少這種的
年份的話最近三到五年為主
背景是校園戀愛喜劇為主
有複數女角讓男主多選一
啊不要開場就有女朋友鎖死的
那種我覺得其他女角只是浪費時間而已",c7e60c2a-8c96-5477-87fb-4ec0c1b874dd,耿直少年面對的青春不像戀愛喜劇那麼甜,慶野由志,16.9,完結,"校園, 歡樂向, 青春, 戀愛, 後宮, 集英社, 日本輕小說",「不會使用『謊言』與『官腔』這兩項基本武器的我，是個弱者。」心裡想的事情全部寫在臉上，還會不小心說出來的耿直高中生‧春先真太郎，與心儀的美少女轉學生‧神樂琴葉、熱衷於探索性愛的女孩‧十月九日、以及時時處於失控狀態的空殼美少女‧更級磷子等人過著青春的每一天。然而，學校里頻頻發生同學與老師突然失去意識的「連續昏倒事件」，就連磷子也陷入昏迷。就在這時，一名號稱「鏡子付喪神」的少女出現在真太郎家中，真太郎決定開始與擁有「映照內心姿態之力」的她一同生活。不料就在隔天，神樂突然登門造訪，還開口要求：「立刻把那名付喪神交給我」──！？優秀賞作家慶野由志×人氣繪師伍長聯手獻上，俗欲充腦的男主角，歌頌著充滿透明感的青春戀愛喜劇！,3,該書完全符合用戶的所有核心需求：設定為校園戀愛喜劇，標籤包含「後宮」且簡介中提到多位女性角色，滿足複數女角供選擇的要求，且開場並無鎖死的女朋友設定。
q11,"最近人比較負面，
想看一些有共鳴的小說。
有沒有那種「我一個人爛就好了別搞其他人」的主角的輕小說？以前看大老師自暴自棄滿戳中我的。
宅宅現實找不到人取暖，希望能找輕小說取。",38cf98c3-991a-54ef-820e-c9fef01a894e,星辰契約：我用中二病拯救世界,Y-J-K,13.6,完結,"妹妹, 治癒, 青春, 校園, 青春日常, 華文輕小說",神代蓮，澄空學園公認的「怪人」。他自稱「混沌主宰」，言行誇張，是眾人眼中行走的笑料。沒人知道，這浮誇的表演，是他為自己戴上的唯一一副鎧甲。他用荒誕的「契約」拯救被心魔困擾的運動少女，他用妄想的「設定」為沉默的文學少女打開心扉，他甚至在全校面前，進行著無人理解的「救贖儀式」。「——迷失的星辰啊，與吾簽訂契約吧！」所有人都以為這只是一場漫長的玩笑。只有他躲在鏡片後的妹妹千夏知道，哥哥那看似可笑的每一句台詞、每一個手勢，都是在與一個冰冷殘酷的「終末」，進行著絕望的對抗。當終末的鐘聲即將敲響，這個被全世界誤解的少年，即將為他守護的所有人，獻上最後一場，最盛大、也最瘋狂的——「終極演出」。他燃盡生命演出的這場「中二病」，究竟是為了掩蓋怎樣的真相？,2,用戶尋找的是像《果青》大老師那樣「自我犧牲」、「願意承擔負面評價」且能產生負面共鳴的孤獨主角。推薦的小說雖然帶有中二病與拯救世界的奇幻色彩，但其核心設定——主角扮演怪人、被全世界誤解並獨自承受痛苦以守護他人的「自我犧牲」特質，與用戶要求的「我一個人爛就好了」在精神內核上高度契合。雖然風格偏向「治癒」而非純粹的「負面」，但仍能滿足用戶對孤獨感與被誤解之共鳴的需求。
q11,"最近人比較負面，
想看一些有共鳴的小說。
有沒有那種「我一個人爛就好了別搞其他人」的主角的輕小說？以前看大老師自暴自棄滿戳中我的。
宅宅現實找不到人取暖，希望能找輕小說取。",76f71e41-141b-5f8d-9641-6d7dd052a41c,人間失格,太宰治,6.1,完結,"青春, 黑暗, 其他文庫, 日本輕小說",《人間失格》發表於1948年，是一部自傳體的小說，纖細的自傳體中透露出極致的頹廢，毀滅式的絕筆之作。太宰治巧妙地將自己的人生與思想，隱藏於主角葉藏的人生遭遇，藉由葉藏的獨白，窺探太宰治的內心世界，一個「充滿了可恥的一生」。在發表這部作品的同年，太宰治就自殺身亡。後來《人間失格》被改編成了日劇。動畫版請參看：青之文學第12集,2,使用者尋找能產生共鳴且具有「自我厭惡」、「與世界格格不入」特質的主角。雖然《人間失格》並非輕小說且基調極其壓抑（而非使用者希望的「取暖」），但其核心探討的極致異化感與「不合格」的自我認同，與使用者提到的「一個人爛就好了」以及目前的負面情緒狀態在精神層面上有極強的共鳴。由於類型差異且色調過於陰暗，給予 2 分。
q11,"最近人比較負面，
想看一些有共鳴的小說。
有沒有那種「我一個人爛就好了別搞其他人」的主角的輕小說？以前看大老師自暴自棄滿戳中我的。
宅宅現實找不到人取暖，希望能找輕小說取。",b81bf102-055d-5afc-aba1-130c5564f06c,在天台上撿到了白長直,kevinjin,12.5,連載,"校園, 戀愛, 治癒, 青春, 溫馨, 青春日常, 華文輕小說",我很喜歡雨，自幼就是所以理所當然的，忌日也選在了雨天。但在那本該是終點的地方，我卻沒能見到死神——天台的圍欄旁，只站著一名有著銀白長發的少女這是兩個不坦率且對一切失望的人，在與彼此的交往中，漸漸找回活著與在此之上的意義的故事,3,用戶尋求能引起共鳴、主角有自厭/負面傾向且能提供溫暖的輕小說。推薦書籍的主角同樣對一切失望且處於人生低谷，且標籤為「治癒」與「溫馨」，劇情核心在於兩個破碎的人互相扶持找回意義，高度符合用戶希望在負面情緒中尋找安慰與共鳴的需求。
q11,"最近人比較負面，
想看一些有共鳴的小說。
有沒有那種「我一個人爛就好了別搞其他人」的主角的輕小說？以前看大老師自暴自棄滿戳中我的。
宅宅現實找不到人取暖，希望能找輕小說取。",1dfe0e90-7ffb-5f27-a043-a532a42289d2,52赫茲的鯨魚們,町田苑香,10.6,完結,"青春, 治癒, 女性視角, 日本文學, 其他文庫, 日本輕小說",52赫茲的鯨魚，是世界上最孤獨的鯨魚。其他鯨魚無法接收到它發出的高頻率叫聲。雖然有很多同伴，但其他同伴聽不到它的呼喚，它也聽不到其他同伴的聲音。就像總是無比孤單、無人理解，無人在乎的我一樣⋯⋯沒有人能理解、無法將內心呼喊、求救傳達出去的你，並不孤單。「我會傾聽你那無法傳達給任何人的52赫茲的聲音。」日本九州一處偏遠的海邊小鎮。斷絕所有一切，獨自移居此地的貴瑚，在某個下雨天遇到了跟自己一樣散發孤單感的一名少年。他身上有和我相同的氣味。那是沒有父母關愛的孤獨氣味。這種氣味很棘手，無論再怎麼仔細清洗都洗不掉。孤獨的氣味不是滲進皮膚或是肌肉，而是滲進內心。她彷彿從少年身上看見當年的自己──悲慘、絕望、被踐踏、了無生趣。當時的貴瑚遇見了這世上唯一能聽到她求救呼喊的人，她才得以倖存。如今，貴瑚想要對少年伸出援手……兩個人相遇，踩著憂慮，一步一步向著未來前進……,2,使用者尋找的是像《果青》比企谷八幡那種具有「自毀傾向」或「自嘲式自我犧牲」特質的主角，以尋求共鳴。推薦的《52赫茲的鯨魚們》雖然深刻地探討了孤獨、不被理解的絕望感以及最終的相互治癒，與使用者目前負面的心境及對「溫暖」的渴望高度相符，但其主角的孤獨感源自於創傷與被遺棄，而非使用者提到的那種「我一個人爛就好了」的特定性格人設。因此，該書在情緒氛圍上非常契合，但在角色特質的精準度上稍有偏差。
q11,"最近人比較負面，
想看一些有共鳴的小說。
有沒有那種「我一個人爛就好了別搞其他人」的主角的輕小說？以前看大老師自暴自棄滿戳中我的。
宅宅現實找不到人取暖，希望能找輕小說取。",c4bf73eb-59e0-594c-85f5-801431471880,亭之下，繃帶和她,支倉,13.2,完結,"校園, 戀愛, 治癒, 青春日常, 華文輕小說",古宮守是個『被拋棄的孩子』，從鄉下來的他進入大城市轉校讀書，因為鄉下人的身份他遭到了其它同學的霸凌。不過早已對世界失望的他早已認為這些欺凌無可厚非，過著一成不變的日常。在二年級，神秘的寡言轉校生竹宮葉的到來吸引了古宮的注意。疫情爆發，異常的狀況將把古宮灰色的校園生活引向何方？謳歌孤悲的青春故事就此展開。,3,使用者尋找的是具有負面共鳴、傾向於自我犧牲或自暴自棄（類似《果青》大老師）且能提供心理慰藉的輕小說。推薦書籍的主角同樣處於被霸凌、對世界失望且認為欺凌「無可厚非」的消極狀態，這種自卑與自我放逐的心理與使用者的需求高度契合，且作品標籤包含「治癒」，符合使用者想要「取暖」的心理目標。
q11,"最近人比較負面，
想看一些有共鳴的小說。
有沒有那種「我一個人爛就好了別搞其他人」的主角的輕小說？以前看大老師自暴自棄滿戳中我的。
宅宅現實找不到人取暖，希望能找輕小說取。",f95645c4-a52c-5740-91b6-026315f5c3db,我的世界只剩三步，而她仍在一步之遙,Y-J-K,9.0,完結,"妹妹, 戀愛, 治癒, 校園, 青春, 青梅竹馬, 青春日常, 華文輕小說",我的世界，由三步的距離構築。三步之內，是令人窒息的恐懼，是女性目光帶來的灼痛，是無數過往傷痕凝結的冰殼。我曾以為，我會永遠活在這座自我禁錮的牢籠里。直到那場名為「畢業」的倒計時悄然響起。那個曾因嫉妒而誣陷我的青梅竹馬，帶著沉重的懺悔歸來；那個曾用謊言將我推向校園審判的偶像，依舊戴著完美的假面；那個以「愛」為名，將我拖入最深噩夢的後輩，其瘋狂的陰影仍未散去……她們都是我恐懼的根源，是我想要逃避的過去。但這一次，我不想再逃了。因為，在那片無盡的冰封世界裡，始終有一束光，未曾離開。「哥哥，我會永遠保護你。」——可是，螢，我唯一的妹妹，我唯一的救贖。當你是我黑暗中的唯一時，這份唯一的依賴，本身是否也成了一種新的囚籠？,3,這本書的主角處於強烈的自我禁錮、社會孤立且心境負面的狀態，與使用者尋找的「負面共鳴」以及像大老師（比企谷八幡）那樣的社會邊緣人設定高度吻合。雖然劇情更偏向創傷治癒，但其孤獨感、對外界的排斥以及在狹小世界中尋找唯一救贖的氛圍，精準捕捉了使用者想在輕小說中尋找溫暖且能產生共鳴的核心需求。
q11,"最近人比較負面，
想看一些有共鳴的小說。
有沒有那種「我一個人爛就好了別搞其他人」的主角的輕小說？以前看大老師自暴自棄滿戳中我的。
宅宅現實找不到人取暖，希望能找輕小說取。",fac8c416-2e8e-50ed-8f8a-b84a2a64ce28,我的空氣,瀧本龍彥,8.2,完結,"青春, 黑暗, 其他文庫, 日本輕小說",我是一個沒有固定工作、沒有生存目標、沒有朋友更沒有戀人，當然存款也很少的24歲男人。收到憧憬的堇姐發來的婚禮請帖後，傷心地參加高中同學的同學會，卻陷入了更糟糕的事態之中。自那以後，我的眼前出現了自稱空氣的幻覺少女。帶著諷刺而自虐，讓人捧腹大笑的青春小說。,3,主角設定為無業、無友且自虐自嘲的社會邊緣人，其自暴自棄的基調與使用者尋求的「共鳴」以及「我一個人爛就好」的氛圍高度契合，且風格與使用者提到的《大老師》有相似之處，是非常精準的推薦。
q11,"最近人比較負面，
想看一些有共鳴的小說。
有沒有那種「我一個人爛就好了別搞其他人」的主角的輕小說？以前看大老師自暴自棄滿戳中我的。
宅宅現實找不到人取暖，希望能找輕小說取。",170fd196-a716-556c-aefd-f51f23aa73a5,桔梗花與無聲的雨,Y-J-K,7.8,完結,"青春, 治癒, 青梅竹馬, 青春日常, 華文輕小說",他是一座孤島，沉默是唯一的語言。她是一團火焰，用了八年時間，試圖溫暖那片冰封的海。黑瀨瞬的世界，自八歲起就按邏輯與靜默運行。情感是無效代碼，回憶是缺失的欄位。唯有那個像夏日陽光般吵鬧的青梅竹馬赤坂陽菜，是他灰色世界裡唯一被允許的「背景噪音」。他以為生活會永遠如此，直到那個轉校生的出現——白羽雪希，擁有月光般銀白長發的少女，帶著與他記憶中同樣顏色的桔梗花，悄然歸來。她的一個微笑，一個眼神，就能在他死寂的心湖投下石子，引發連他自己都無法理解的震顫。她說：「我們曾是童年玩伴。」他卻問：「我們……認識嗎？」面對他全然陌生的目光，她只是微笑，眼底卻藏著深不見底的悲傷與決絕。她知道，歸來不是為了重續舊緣，而是為了一場遲到的懺悔，一個必須說出的真相。而當那個真相伴隨著河灘上盛開的桔梗花被殘忍揭開，八年構築的平靜假象瞬間分崩離析……他遺忘的過去，她背負的罪孽，她守護的現在。一場始於夏天的無聲驚雷，終將在另一個夏日，落下淹沒一切的暴雨。在這場關於記憶、愧疚與陪伴的戰爭中，誰才是最終能觸碰他冰凍之心的人？,2,使用者尋找的是具有「自我孤立」、「不願牽連他人」且能引起負面情緒共鳴的角色（類似《果青》的大老師）。推薦書籍中的主角被描述為「一座孤島」、「情感是無效代碼」，這種與世界格格不入的寂寞感與使用者要求的氛圍高度契合。雖然劇情偏向記憶找回與治癒，而非大老師那種自毀式的社交邏輯，但整體基調能滿足使用者尋找「共鳴」與「被溫暖」的需求。
q11,"最近人比較負面，
想看一些有共鳴的小說。
有沒有那種「我一個人爛就好了別搞其他人」的主角的輕小說？以前看大老師自暴自棄滿戳中我的。
宅宅現實找不到人取暖，希望能找輕小說取。",2b1e90b6-ce8f-5a46-a417-5d9c50e0be78,魔法少女宣布退役,朴曙孌,3.3,完結,"奇幻, 百合, 魔法, 治癒, 輕文學, other, 韓國輕小說",一首獻給魔法少女漫畫的頌歌，一封魔法少女漫畫的黑色情書。你的夢想是什麼？一位千禧世代女性，29歲，身患抑鬱症，在新冠疫情期間向外晉陞，便背負了沉重的信用卡債務。站在首爾麻浦大橋邊，決定縱身一躍，結束所有的煩惱……她的自殺企圖卻被一位白衣少女打斷。少女自稱是她的守護天使，正在尋找史上最強魔法少女。而我們這位廢柴女主，或許正是天選之人。要說放棄還為時過早，現在還不晚，快培養你的夢想，這個世界會告訴你潛伏已久的夢，為什麼這麼多煩惱，人生有趣的事，要比你所知道的多得多。,3,用戶目前的心理狀態較為負面，尋找能引起共鳴的「廢柴/自暴自棄」型主角以及能提供心理慰藉（取暖）的作品。推薦書籍的女主角設定為身患抑鬱症、負債且曾嘗試自殺的「廢柴」女性，其低谷處境與用戶追求的共鳴感高度契合；同時，作品標記為「治癒」且劇情旨在引導主角找回對生活的希望，正好滿足用戶希望透過小說「取暖」的需求。儘管劇情走向（魔法少女）與《大老師》的校園生活不同，但在情感基調與角色起點上是非常優秀的匹配。
q11,"最近人比較負面，
想看一些有共鳴的小說。
有沒有那種「我一個人爛就好了別搞其他人」的主角的輕小說？以前看大老師自暴自棄滿戳中我的。
宅宅現實找不到人取暖，希望能找輕小說取。",e413c00d-1756-5dd9-aed1-bfaa18d70338,孤單的我，從死神那裡得到了催眠能力，可以為所欲為!! ……雖然我什麼事都沒做，但卻變得受到歡迎了,太伴公達,30.0,完結,"校園, 青春, 戀愛, 黑暗, 後宮, syosetu, Web輕小說",這個高中一年級的孤單男生富士翔悟，不在乎別人的事情。有一天，他突然好心幫助一名女性，卻意外遭到車禍撞擊而死亡。但在冥界的三途之河邊，他遇到了死神，被告知他的死亡是意外，作為賠罪，死神給了他能夠自由操控他人的催眠能力，並讓他重新復活。復活後，翔悟開始利用手上的催眠能力來滿足自己的慾望和需求。然而，使用這個能力存在很多限制，同時也會讓他感到良心不安，因此決定不再為自己利用這個能力。反而是，他開始使用這個催眠能力來解決遇到的女性朋友們的麻煩。但漸漸地，原本孤單的翔悟，通過與這些女性們的各種互動和經歷，竟然開始受到她們的好感，並在不知不覺中成長了起來。,1,用戶尋找的是像《果青》比企谷八幡那樣具有「自我犧牲式自暴自棄」或「不願牽連他人」的深層心理共鳴，而推薦的小說雖然起點是孤單主角，但其核心是透過「催眠能力」解決問題並獲得人氣的後宮幻想作品。兩者的情感基調截然不同，缺乏用戶所追求的負面共鳴與特定的人格特質，僅在「孤單主角」這一表面設定上有交集。
q11,"最近人比較負面，
想看一些有共鳴的小說。
有沒有那種「我一個人爛就好了別搞其他人」的主角的輕小說？以前看大老師自暴自棄滿戳中我的。
宅宅現實找不到人取暖，希望能找輕小說取。",162d150b-0b1f-57f0-8bdf-891801220b37,於夏月之海輕語的咒文,雨宮諒,9.5,完結,"青春, 群像, 電擊文庫, 日本輕小說",修一是在一座名為夢久島的島嶼上居住的高中二年級學生。儘管很清楚自己無法融入學校生活，但還是戴上「能樂面具」故作「平凡」地和朋友一起生活著。在暑假開始的一天，修一在海港邂逅一名不忌憚於他人目光哭泣著眺望著大海的女性。在夢久島，存在著「在海邊誦念『咒文』的話，就可以被帶領去真正屬於自己容身之所」這樣的傳聞。為了確認這個傳聞，她來到這座島上。通過與她的邂逅，修一戴著「能樂面具」的日常生活開始發生變化。然後——。圍繞「咒文」的４個人物編織而成的勵志短篇系列故事。,2,使用者明確尋找像《大老師》中那種「自覺低端、透過自我犧牲或自暴自棄來解決問題」的特定角色特質（我一個人爛就好了）。推薦的書籍中，主角雖然同樣有「無法融入」以及「戴上面具偽裝平凡」的疏離感，能提供一定的共鳴，但其核心主題更傾向於尋找歸屬感與勵志成長，而非使用者要求的那種自毀式保護風格。雖然氛圍契合，但角色的人格特質並非完全對標。
q11,"最近人比較負面，
想看一些有共鳴的小說。
有沒有那種「我一個人爛就好了別搞其他人」的主角的輕小說？以前看大老師自暴自棄滿戳中我的。
宅宅現實找不到人取暖，希望能找輕小說取。",6f62662e-0632-520f-8a0a-b08bab4857e7,永別了，致那些沒人愛過的人們,塩瀬まき,11.7,完結,"奇幻, 職場, 治癒, 電擊文庫, 日本輕小說",只有被愛，是被需要的。而這也是最難的。賽之河原股份有限公司的主要業務是自亡者處收取六文錢搭船渡過三途川。這是唯一一家通知遍尋不著工作的至來報到的公司。佐倉至在這家有點不可思議的公司開始了見習船夫之路。然而，前來的亡者們懷揣著各式各樣的故事。頑強地不願渡過三途川的少女、身無分文的中年男子。一邊前行一邊探尋，終於找到了他們懇切的心愿。這是一個凝視著人們的生命、離別和愛的故事。,1,使用者明確要求尋找具有「自我犧牲/自暴自棄」特質（如《果青》大老師）的主角，希望透過這種負面共鳴來獲取慰藉。推薦的書籍雖然在「孤獨」、「未被愛」的情感基調上能提供共鳴，但其核心屬性是「治癒系」奇幻小說，主角的行為模式與使用者要求的「我一個人爛就好」之自毀式保護特質不符，僅在情感氛圍上有所契合，未能滿足核心的角色設定需求。
q11,"最近人比較負面，
想看一些有共鳴的小說。
有沒有那種「我一個人爛就好了別搞其他人」的主角的輕小說？以前看大老師自暴自棄滿戳中我的。
宅宅現實找不到人取暖，希望能找輕小說取。",53b095c9-4224-5e28-8c07-4a5441220324,剖開肚子只會流出血,住野夜,15.8,完結,"青春, 群像, 其他文庫, 日本輕小說",她覺得這個故事似乎給了她一些存在的權利——擁有朋友與戀人，在書店打工的高中女生．糸林茜寧，每天都過得充實而美好。但她同時也被「渴望被他人喜歡」、「不想被人討厭」的想法綁架，為了扮演最美好的自己而痛苦不已。直到她遇見了一本名為《少女進行曲》的書——書中的一切彷彿為她量身訂作，讓她稍稍從束縛中釋放。就在《少女進行曲》確認即將被改編成電影之後的某一天，茜寧在路上巧遇了一名與書中角色幾乎一模一樣的人，甚至，他們的名字都叫「愛」，這真的是巧合嗎……？各人向前邁進的步伐互相激蕩，極致的青春群像劇——,1,使用者明確尋找的是類似《果青》大老師那種「自覺糟糕、傾向自我孤立/犧牲」且具備「我一個人爛就好」特質的角色。推薦書籍的主角則是承受著「必須表現完美」壓力而痛苦的少女，雖然同樣探討青春期的社交掙扎與心理負擔，但在角色特質上與使用者的核心需求（自暴自棄的共鳴）方向截然不同，僅在「青春痛楚」的大方向上有交集。
q11,"最近人比較負面，
想看一些有共鳴的小說。
有沒有那種「我一個人爛就好了別搞其他人」的主角的輕小說？以前看大老師自暴自棄滿戳中我的。
宅宅現實找不到人取暖，希望能找輕小說取。",e5f455d0-d831-5614-a90a-4f9e2dafa869,於是，他就這樣燒了屋頂,KAMITSUKI RAINY,10.9,完結,"青春, 治癒, 女性視角, 小學館, 日本輕小說",被男朋友拋棄了之後，我，三浦加奈懷著輕生的念頭來到了校舍屋頂。然而，我在這裡遇見了一個自稱『稻草人』的，不可思議的女孩——還有毒舌的『機器人樵夫』和微笑的『獅子』。獅子說：「既然決定要死，要不要先報了仇再死？」——於是，我成了桃樂絲，那個童話故事中殺死西方女巫，並藉此實現願望的『奧茲王國魔法師』。廣闊的天空下，這裡是唯一屬於我們的地方。我們在此各自覓得了我們身上缺損的東西……——第五屆小學館輕小說GAGAGA文庫大賞，得獎作品。一部刻骨銘心的青澀的青春故事。,2,用戶明確尋找像《大老師》那樣具有「自我毀滅式」或「獨自承擔負面以保護他人」特質的主角，而推薦的作品雖然同樣探討青春的絕望、孤独與療癒，但其核心在於「破碎的人們互相扶持」，而非單一主角的自我犧牲或自暴自棄。雖然在情感基調（負面、尋找溫暖）上有所契合，但未完全命中用戶對特定人格設定的要求。
q11,"最近人比較負面，
想看一些有共鳴的小說。
有沒有那種「我一個人爛就好了別搞其他人」的主角的輕小說？以前看大老師自暴自棄滿戳中我的。
宅宅現實找不到人取暖，希望能找輕小說取。",682e0789-a67c-56c9-8cf5-6beabb29bfda,在現代社會賣春的我會夢見星星嗎？,鈴風奈緒子,10.2,完結,"戀愛, 治癒, 旅行, JK, 青春, 女性視角, 黑暗, 青春日常, 華文輕小說",「現役JK」「優等生」「文學少女」我以謊言編織出的不存在的皮囊，也是我賴以生存的武器。如果說援交是為了活下去，現在的我卻完全失去了這份理由。在現代社會的絕對底下領域賣春的自己，究竟是怎麼樣的姿態呢？過去，我曾在老家見過銀河。而在東京，抬頭所見的唯有漆黑一片。或許只有在夢中，才能再次見識到那片璀璨星空吧。,2,用戶希望尋找能產生共鳴、處於負面狀態且傾向於「自我孤立/自我厭棄」的主角（如《果青》的大老師）。推薦書籍的主角同樣處於社會底層，承受著深刻的孤獨與自我否定，且將陰暗面與外界切割，符合「一個人爛就好」的孤獨感與自我放逐心理。雖然題材比用戶提到的參考作沉重許多，但在情緒基調與「尋找取暖」的共鳴點上是非常契合的。
q11,"最近人比較負面，
想看一些有共鳴的小說。
有沒有那種「我一個人爛就好了別搞其他人」的主角的輕小說？以前看大老師自暴自棄滿戳中我的。
宅宅現實找不到人取暖，希望能找輕小說取。",e839093b-8db7-5226-b3c8-1341ea85ea97,在櫻花落盡前,初雪染櫻,10.6,連載,"青春, 戀愛, 校園, 治癒, 青春日常, 華文輕小說",櫻花盛開的季節，兩個破碎的靈魂相遇，他和她像一對伴星，被彼此的引力捕獲，保持著微妙的距離，無形的引力牽扯著他們，圍繞著對方，觀測著彼此的存在。這是一個普通的故事，十七歲的他們相遇，相知，建立了名為「相互觀測」的關係。煙花消失的海邊，他們的掌心還殘存著對方的溫度，但命運已經追上了他，於是在黑貓的凝視下，他做出了選擇……,1,使用者明確要求尋找像《果青》大老師那樣「自暴自棄、願意獨自承擔負面角色」的特定主角類型，而推薦的書籍雖然同樣涉及「破碎的靈魂」與憂鬱的青春氛圍，但更傾向於兩人之間的相互救贖與治癒，缺乏使用者所強調的「我一個人爛就好了」這種具有強烈自我犧牲或犬儒主義色彩的角色特徵，僅在情感基調上有所重疊。
q12,"想找一些日常系小說類型，希望劇情節奏安排和對話有趣些。
其它元素能接受百合、戀愛、生活、學校類型，有談話間交流劇情。",117e3474-2f36-5f92-804b-3c1ab12b70ec,我們不懂察言觀色,鏡銀缽,25.3,完結,"校園, 歡樂向, 青春, 戀愛, 後宮, MF文庫J, 日本輕小說",私立銀缽高中二年級的小日向刀彥不懂得察言觀色。總是我行我素、無視在場氣氛的言行，已經稱得上是一種災害了。雖然看不下去的學生會長下令，要他與同樣不懂得察言觀色的遺憾系美少女們組成志工部，但是──「耶嘿嘿！肌膚之親～肌膚之親～！」「這是我對刀彥同學發起的性感攻勢，有什麼問題嗎？」刀彥竟然被毫無距離感的美少女們給看上了!?為了維護和這群自由奔放卻又因孤單而煩惱的少女們共度的日常，不管現充還是偽現充都一起打飛！由這群超級我行我素的遺憾系邊緣人們上演的校園破壞系愛情喜劇，盛大開幕！,3,推薦書籍完全符合使用者的需求：屬於校園日常系、包含戀愛元素，且劇情核心圍繞在「不懂察言觀色」的角色互動，強烈暗示對話有趣且以人物交流推動劇情，與使用者要求的日常系及對話導向高度契合。
q12,"想找一些日常系小說類型，希望劇情節奏安排和對話有趣些。
其它元素能接受百合、戀愛、生活、學校類型，有談話間交流劇情。",2f8e8e90-c731-52a9-bb44-6c65f089578f,敗北女角太多了！,雨森焚火,95.7,連載,"校園, 歡樂向, 青春, 戀愛, 後宮, 妹妹, 小學館, 日本輕小說",平常擔任班上背景人物的我──溫水和彥，偶然目擊人氣女同學八奈見杏菜被男生甩掉的失戀現場。「他明明說過要娶我當新娘，這不過分嗎？」「那是多久前的事了？」「大概四、五歲吧。」那不算數吧？以此為契機，田徑隊的燒鹽檸檬、文藝社的小鞠知花等洋溢著敗北感的女生接連登場──？「溫水，女生可以分成兩大類。如果不是青梅竹馬，就是狐狸精。」「原來如此，真豪爽的分類法。」……但願這些因為敗北而閃耀的少女們都能幸福。被敗北女角──敗女所環繞的謎樣青春，在此揭幕！,3,該書屬於校園戀愛與歡樂向輕小說，完全符合用戶要求的「日常系」、「學校」、「戀愛」元素。從簡介中的對話片段來看，該作非常強調角色之間的機智對話與互動，契合用戶希望「對話有趣」且「在談話間交流劇情」的需求，是一個非常精準的推薦。
q12,"想找一些日常系小說類型，希望劇情節奏安排和對話有趣些。
其它元素能接受百合、戀愛、生活、學校類型，有談話間交流劇情。",23ec80f5-909c-5532-a1c4-baee55f75c59,放學後，在家庭餐廳，和班上那個女孩。,左リュウ,13.6,連載,"校園, 青春, 戀愛, 歡樂向, 電擊文庫, 日本輕小說",那種不知不覺中感到愉快的時光，真讓人感到舒適。每天都會去的家庭餐廳——那是因為父母再婚，我在家裡感覺有些不自在的避風港。這裡是我不需要強行與家人相處，屬於自己的小天地。而總是在這家餐廳出現的同班同學加瀨宮小白，是一個與眾不同、孤高的美少女。似乎她也沒有一個可以稱之為「家」的地方。某個偶然的機會，我們彼此講述了各自的秘密，於是決定建立一個《家庭餐廳同盟》，為了方便我們有個理由晚點回家——從那天起，我們的關係變得輕鬆自然，彼此都可以做真實的自己，原本單調的餐廳時光，也因和小白一起抱怨生活的點滴變得有趣起來。「『——明天放學後，還是在那家店集合吧』」放學後的家庭餐廳，今天我們又開始了尋找理由不回家的新冒險。,3,這本書完全符合使用者的需求：屬於日常系校園戀愛類型，劇情核心在於男女主角在家庭餐廳透過對話交流彼此的秘密與生活點滴，符合使用者要求的「談話間交流劇情」以及對生活、學校類型的偏好。
q12,"想找一些日常系小說類型，希望劇情節奏安排和對話有趣些。
其它元素能接受百合、戀愛、生活、學校類型，有談話間交流劇情。",52afcc86-e022-51ce-9eac-96cac0683fd6,我們不可能成為戀人！絕對不行。 (※似乎可行？),みかみてれん,117.2,連載,"校園, 歡樂向, 戀愛, 百合, 女性視角, 青梅竹馬, 集英社, 日本輕小說",「我再也不要孤零零的了！我要贏得最棒的高中生活！」捨棄孤零零的中學時代，在高中初次亮相的我——甘織玲奈子。但我本性陰暗，沒辦法習慣我所憧憬的陽光生活，要窒息了！就在這時，因為一些意外我與我們學校的超級巨星·王冢真唯成為了共享彼此煩惱的密友。只要有真唯在，我每天都能努力——本應如此！「我……愛上你了」「等等！說好的做朋友呢」戀人什麼的是不穩定的關係，不行！我想交到最棒的朋友享受高中生活！但真唯似乎也不能完全放下戀心——。「一決勝負吧，看看符合我們的關係到底是戀人還是摯友」如此這般，賭上兩人關係的馬不停蹄的愛情喜劇，開幕！,3,這本書完全符合用戶的需求：設定為校園日常且包含百合、戀愛元素，劇情核心圍繞在兩位主角關於「摯友」與「戀人」關係的定義與拉扯，非常強調對話交流與歡樂向的節奏，與用戶想找的日常系、有趣對話且包含特定元素的請求高度吻合。
q12,"想找一些日常系小說類型，希望劇情節奏安排和對話有趣些。
其它元素能接受百合、戀愛、生活、學校類型，有談話間交流劇情。",c7e60c2a-8c96-5477-87fb-4ec0c1b874dd,耿直少年面對的青春不像戀愛喜劇那麼甜,慶野由志,16.9,完結,"校園, 歡樂向, 青春, 戀愛, 後宮, 集英社, 日本輕小說",「不會使用『謊言』與『官腔』這兩項基本武器的我，是個弱者。」心裡想的事情全部寫在臉上，還會不小心說出來的耿直高中生‧春先真太郎，與心儀的美少女轉學生‧神樂琴葉、熱衷於探索性愛的女孩‧十月九日、以及時時處於失控狀態的空殼美少女‧更級磷子等人過著青春的每一天。然而，學校里頻頻發生同學與老師突然失去意識的「連續昏倒事件」，就連磷子也陷入昏迷。就在這時，一名號稱「鏡子付喪神」的少女出現在真太郎家中，真太郎決定開始與擁有「映照內心姿態之力」的她一同生活。不料就在隔天，神樂突然登門造訪，還開口要求：「立刻把那名付喪神交給我」──！？優秀賞作家慶野由志×人氣繪師伍長聯手獻上，俗欲充腦的男主角，歌頌著充滿透明感的青春戀愛喜劇！,3,本書為校園戀愛喜劇，完全符合使用者對「學校」、「戀愛」及「生活」元素的偏好。主角耿直的性格設定通常會帶來有趣且具有衝突感的對話，符合使用者對對話有趣及節奏安排的需求。雖然包含部分超自然劇情（昏倒事件），但整體基調仍屬於青春日常向，是非常契合的推薦。
q12,"想找一些日常系小說類型，希望劇情節奏安排和對話有趣些。
其它元素能接受百合、戀愛、生活、學校類型，有談話間交流劇情。",d79be165-10b0-51f9-a339-b20380631bcd,向陽素描 歡迎來到向陽庄,日暮茶坊,4.5,完結,"校園, 青春, 百合, 歡樂向, 其他文庫, 日本輕小說",由乃決定就讀理想中的山吹高中美術科，而且選擇搬進學校附近的公寓，開始一個人的求學生活。在「向陽庄」等待她的是同校高二的學姐沙英和尋，跟住在隔壁、即將成為同班同學的宮子。公寓里的四個人、山吹高中的吉野屋老師、「向陽庄」的房東小姐……原著里的人物一一躍於紙上，展開有趣的故事。新學校、新家、新制服還有新朋友，由乃將在「向陽庄」度過嶄新的每一天。,3,推薦書籍完全符合使用者的需求。該書屬於校園日常系輕小說，包含使用者提到的百合、生活、學校等元素，且劇情核心在於公寓居民之間的互動與對話，非常契合使用者想找的「日常系」與「談話交流劇情」的需求。
q12,"想找一些日常系小說類型，希望劇情節奏安排和對話有趣些。
其它元素能接受百合、戀愛、生活、學校類型，有談話間交流劇情。",025e4f27-aef2-52a7-8e31-a637f5e564ba,連女朋友都不是的女生在深夜兩點過來做炒飯這件事,道造,8.4,連載,"校園, 青春, 戀愛, 歡樂向, 富士見文庫, 日本輕小說",主人公住高級公寓，身高高，學歷高——但是女主角呢!?「可愛的我來做炒飯，請讓我進去」我和同樣在神戶市上一所國內頂尖進修學校就讀的高中二年級生，而且還是特待生——對於桐原銭子的到訪，我感到很困擾。因為已經深夜兩點了。而且我並沒有和桐原交往。「如果是藤堂君的話，即使被性無能地搞也沒關係」不行，在我的父母面前真的不要說這種廢話。「我們親吻吧。藤堂君。像鴿子一樣充滿激情的親吻」「桐原銭子接受過之後就不能退貨了！」不知道啊。應該是拒絕了你的告白才對啊。從喜歡的女孩那裡持續拒絕好意開啟青春停滯期戀愛喜劇！,3,這本書屬於校園戀愛喜劇，符合用戶要求的「日常系」、「學校」與「戀愛」元素。其劇情設定圍繞著深夜做炒飯等生活瑣事，且從簡介來看，對話風格活潑有趣，非常契合用戶對「對話有趣」以及「談話間交流劇情」的需求。
q12,"想找一些日常系小說類型，希望劇情節奏安排和對話有趣些。
其它元素能接受百合、戀愛、生活、學校類型，有談話間交流劇情。",1054a9c9-a125-5838-a1c9-5849145be6c6,口是心非的冰室同學 從好感度100％開始的毒舌女子追求法,広ノ祥人,49.6,完結,"校園, 青春, 戀愛, 歡樂向, MF文庫J, 日本輕小說",冰室涼葉──看似完美無缺的優等生，卻是個心高氣傲、性格惡劣、口不擇言的學生會長。對這樣的她暗懷戀慕之情的副會長田島愛斗，某天突然能聽見她隱藏在言語背後的「真心話」！透過那些「真心話」，他才發現原來涼葉那辛辣惡劣的態度與毒舌都是表面上的偽裝，真正的她早就瘋狂喜歡上愛鬥了！得知雙方兩情相悅的愛斗喜不自勝。既是已得出解答的戀情，要終成眷想必是輕鬆愉快！他乾脆立刻進行告白，想不到卻被對方給拒絕!?明知解答卻總是失之交臂的曲折青春愛情喜劇，即將揭幕！★居然能偷聽到意中人的真心話？明明兩情相悅，卻是愛在心裡口難開！★榮獲第13屆MF文庫J輕小說新人賞評審特別賞的青春愛情喜劇！,3,該書屬於校園戀愛喜劇，符合使用者要求的「學校」、「戀愛」與「生活」元素。劇情核心在於「真心話」與「毒舌」的對比，高度依賴對話來推動情節，符合使用者希望對話有趣且有談話交流的需求，是非常貼切的推薦。
q12,"想找一些日常系小說類型，希望劇情節奏安排和對話有趣些。
其它元素能接受百合、戀愛、生活、學校類型，有談話間交流劇情。",ba77fe36-1174-5791-b4de-0d310ba4b323,聖母在上,今野緒雪,309.8,連載,"校園, 青春, 戀愛, 歡樂向, 百合, 少女文庫, 日本輕小說","東京都下武藏野的一座傳統天主教女校-莉莉安女子學園高中部.那裡沒有嚴苛的校規,學生們每日渡過正統規律的學園生活,但這裡有著前輩和後輩結為姊妹並指導後輩,被稱為""SOEUR""(法語中""姊妹""的意思)的姊妹制度.",3,推薦書籍完全符合用戶的需求。該作品是典型的校園日常系小說，包含百合、戀愛、學校等元素，且劇情核心在於角色間的對話與情感交流（姊妹制度），與用戶要求的「談話間交流劇情」高度一致。
q12,"想找一些日常系小說類型，希望劇情節奏安排和對話有趣些。
其它元素能接受百合、戀愛、生活、學校類型，有談話間交流劇情。",df4d8ad0-54cc-5c53-ad47-970d3b6c975b,在這得說貓語,昏式龍也,10.1,完結,"校園, 百合, 歡樂向, 女性視角, 小學館, 日本輕小說",完成搏命的貓咪任務吧！在日本一個樸實地郊區中的女子高中，有位來自寒冷國度的小小轉學生安婭—安娜・格拉茨卡婭，她有著兩個不為人知的秘密。首先，她曾是所屬俄羅斯犯罪組織的殺人機器。其次，儘管她既對貓過敏，又討厭著貓，可不去擼貓的話，就會死⋯⋯如此，對他人看來是個謎，但對她本人卻是一項拚死的使命。被喜歡貓的同級生—小花、很多謎團的年長女性—明良等人所包圍，安婭開始了在這和平又略帶奇妙的日常中，執行追逐著貓的不可能任務！隨著貓的引導，為少女們帶來相遇及喧囂——一段滑稽又危險的全新感覺，少女間的邂逅就此開幕！,3,該書完全符合用戶要求的「日常系」、「校園」、「百合」等元素，且劇情設定（前殺手少女在校園中與他人互動的滑稽日常）預計能提供有趣的對話與輕快節奏，與用戶核心需求高度契合。
q12,"想找一些日常系小說類型，希望劇情節奏安排和對話有趣些。
其它元素能接受百合、戀愛、生活、學校類型，有談話間交流劇情。",d27381cf-422a-5270-bb8c-69f1885ff2b2,我憧憬著莉莉,石狩なべ,8.2,完結,"校園, 青春, 戀愛, 百合, 歡樂向, kakuyomu, Web輕小說",我一直憧憬著莉莉，因為莉莉總是完美的。她有著纖巧筆挺的鼻樑，青色的眼瞳；是個混血兒，家裡也很有錢，既溫柔又可愛，朋友也有很多，擅長聊天，被父母深愛著，有著我所有我想要的東西。真好、真羨慕啊。和我是完全相反。真想我們的關係一直都那麼好啊。,3,該書標籤包含校園、戀愛、百合及歡樂向，完全符合使用者要求的日常系、百合、戀愛與學校類型。劇情描述著重於角色間的關係與憧憬，符合使用者希望透過對話與生活交流推進劇情的偏好。
q12,"想找一些日常系小說類型，希望劇情節奏安排和對話有趣些。
其它元素能接受百合、戀愛、生活、學校類型，有談話間交流劇情。",cebcebc3-cc68-5c78-93aa-6992444b83ce,我這個超強惡魔，竟然被臉蛋標緻的同班同學給威脅了,犬甘あんず,9.4,完結,"校園, 百合, 歡樂向, kakuyomu, Web輕小說",高橋蜜柑是以吃掉他人的戀心維生的惡魔。某天蜜柑被同班同學的春原蒔月發現自己是惡魔的這件事，因此被威脅了。「妳不想要惡魔的事情被發現的話，就戀上我吧」被蒔月給威脅的蜜柑，一邊被玩弄著，一邊找尋著對方的把柄，試圖扳回一城。而在這段期間，蜜柑漸漸被蒔月給吸引住……。好勝心強的惡魔少女與隨心所欲(？)的人類少女，在威脅與被威脅之間追求彼此的故事。,3,該書完全符合用戶的需求：屬於校園日常與歡樂向風格，包含百合、戀愛、學校等元素，且劇情核心在於兩位主角之間透過對話與互動（威脅、玩弄、吸引）來推進，非常契合用戶希望「對話有趣」及「談話間交流劇情」的偏好。
q12,"想找一些日常系小說類型，希望劇情節奏安排和對話有趣些。
其它元素能接受百合、戀愛、生活、學校類型，有談話間交流劇情。",81244764-7b5f-593c-ab20-ec19cc6a3241,我們的溝通力堪稱是校園異能對決LOVE or LIKE？,川添枯美,13.3,完結,"校園, 歡樂向, 青春, 戀愛, 後宮, 集英社, 日本輕小說",身為帥哥，卻因為小學時代的心靈創傷而無法與女性四目相對，「唯臉男（FaceMan）」澤屋葉雄進入了菱實學園的交際溝通學科就讀。然而，交際溝通學科里的同年級生卻儘是一群麻煩人物，而且入學沒多久，他便不小心與受到人們畏稱為「帥哥殺手（PlayboyKiller）」的小山內蓉子對上眼，受到了相當嚴重的一擊。加上金髮美女正倉院寶物子，葉雄一行人透過「男女之會j摸索的交際溝通戰鬥正式展開！？,3,該書設定在校園，且核心主題圍繞在「溝通力」與男女之間的對話互動，完美契合使用者對「日常系」、「學校」、「對話有趣」以及「透過談話交流劇情」的需求。
q12,"想找一些日常系小說類型，希望劇情節奏安排和對話有趣些。
其它元素能接受百合、戀愛、生活、學校類型，有談話間交流劇情。",4217545f-9fa6-5d00-a824-89cbbc8e708d,有誰規定了現實中不能有戀愛喜劇的？,初鹿野創,69.9,完結,"校園, 青春, 戀愛, 群像, 後宮, 歡樂向, 小學館, 日本輕小說",「想體驗有如戀愛喜劇的現實。」與女主以及好友角色一同度過充實的校園生活，輕小說嗜好者諸君想必都考慮過這種事吧。可惜現實中沒有此類戲劇化的展開。義妹之屬、青梅者流、現役偶像同級生包括神秘學姐甚或同性好友出現的可能性全無。如此這般，只好自己試著打造出理想。反覆分析練習必要事項，把現實染上戀愛喜劇的色彩。第十四回小學館輕小說大賞優秀賞受賞作——希望諸君能夠因此得到優秀的閱讀體驗。,3,推薦書籍為校園戀愛喜劇，完全符合使用者要求的「日常系」、「學校」、「戀愛」及「生活」元素。其「歡樂向」的標籤與追求「有趣對話和節奏」的需求高度契合，是非常理想的匹配。
q13,"我很喜歡搞笑類，誤會系剛好能戳到我的笑點，
看了會有種「這群人的腦迴路到底怎麼長的」的感覺，（像電玩咖這種的）
當然不需要全程搞笑，後面進入主線開始嚴肅起來我還是能接受的（素晴、腦礙這種的）",aafaec21-6a17-5126-96ca-5ac1fb9b14dc,轉生成女性向遊戲只有毀滅END的壞人大小姐,山口悟,147.4,連載,"轉生, 歡樂向, 戀愛, 百合, 大小姐, 女性視角, 其他文庫, 日本輕小說",撞到頭恢複前世的記憶後，我竟然轉世成為公爵千金。咦，等一下！這根本就是我前世玩過的少女向遊戲世界吧？而且我還變成了要阻饒女主角的壞人大小姐卡塔莉娜!?結局只有放逐國外或死亡二選一!?為了避免毀滅結局，雖然決定以取消與王子訂下的圓滿婚約為首要目標…壞人大小姐，直奔型男遍地的逆後宮路線!?插滿戀愛旗標，避免毀滅的戀愛喜劇★★日本總計售出150萬本的超ＨＯＴ作品。★內容逗趣好笑，避免毀滅的戀愛喜劇，絕對能讓人開懷大笑。,3,使用者明確要求「搞笑」、「誤會系」以及「腦迴路奇特」的作品。推薦的《轉生成女性向遊戲只有毀滅END的壞人大小姐》核心劇情正是基於女主角為了避免毀滅結局而採取的一系列行動，卻被周圍的人全部誤解為善意或好感，完全符合「誤會系」且具有強烈的搞笑氛圍，與使用者的喜好高度契合。
q13,"我很喜歡搞笑類，誤會系剛好能戳到我的笑點，
看了會有種「這群人的腦迴路到底怎麼長的」的感覺，（像電玩咖這種的）
當然不需要全程搞笑，後面進入主線開始嚴肅起來我還是能接受的（素晴、腦礙這種的）",c736d840-6cea-5428-820c-2db2922ea954,轉生到了男女比例失衡的世界，我卻誤以為是惡役轉生,悠/陽波ゆうい,10.0,連載,"後宮, 歡樂向, kakuyomu, Web輕小說",沒有破滅Flag，沒有外掛能力，貞操危機MAX有一個男人，某天醒來後，誤以為自己轉生成了帶有大量破滅flag的惡役大少——這是一個『天大的誤會』。因為這裡是男女比例失衡的貞操逆轉世界。在這種地方做出惡役（好人）行為的話……你覺得會怎樣？————————————※稍微提醒一下，悠/陽波ゆうい是個挖坑不填的慣犯,3,使用者明確要求「搞笑類」且特別偏好「誤會系」以及讓人覺得「腦迴路奇怪」的設定。推薦書籍的主題正是圍繞著主角將「貞操逆轉世界」誤認為「惡役轉生」而產生的巨大誤會，完全符合使用者的核心需求。
q13,"我很喜歡搞笑類，誤會系剛好能戳到我的笑點，
看了會有種「這群人的腦迴路到底怎麼長的」的感覺，（像電玩咖這種的）
當然不需要全程搞笑，後面進入主線開始嚴肅起來我還是能接受的（素晴、腦礙這種的）",f83502a7-32f3-5e5e-8cc0-7dcdae8a009b,在男女比1：5的世界裡你以為還能正常生活嗎？ ～當感情濃烈的女孩們被無自覺男生耍得團團轉～,三藤孝太郎,28.3,連載,"穿越, 校園, 後宮, 歡樂向, 電擊文庫, 日本輕小說",徘徊在修羅場邊緣毫無自覺的撩妹戀愛喜劇！當將人發覺時，他竟然轉移到一個「女生比男生稍微多一些」的新世界。而且他不但有戶籍，還正在讀大學……除了女生變得更加主動，一切都跟原來的世界沒什麼兩樣吧？他帶著這個天真的想法開始新生活，卻全然不知他來到這個世界後一如既往四處流露的溫柔將拯救多少女子。更不知道當她們看到其他女孩接近將人的那一瞬間，眼裡光芒會瞬間黯淡，強烈的佔有慾與愛戀隨之而來……這是一個只要平凡生活，就會不經意讓眾多女主角們陷入情網的男主角，最終被那些愛得有點（超級）沉重的女主角們，逼得不得不「理解」的故事──！,2,該書為歡樂向校園後宮劇，核心設定在於男主角的「無自覺」導致與女性角色之間產生大量誤會，符合使用者對「搞笑類」與「誤會系」的偏好。雖然其誤會機制較偏向傳統後宮設定，而非《電玩咖》那種極端錯位的邏輯鏈，但仍能滿足使用者對於「腦迴路不同」而產生的喜劇感。
q13,"我很喜歡搞笑類，誤會系剛好能戳到我的笑點，
看了會有種「這群人的腦迴路到底怎麼長的」的感覺，（像電玩咖這種的）
當然不需要全程搞笑，後面進入主線開始嚴肅起來我還是能接受的（素晴、腦礙這種的）",117e3474-2f36-5f92-804b-3c1ab12b70ec,我們不懂察言觀色,鏡銀缽,25.3,完結,"校園, 歡樂向, 青春, 戀愛, 後宮, MF文庫J, 日本輕小說",私立銀缽高中二年級的小日向刀彥不懂得察言觀色。總是我行我素、無視在場氣氛的言行，已經稱得上是一種災害了。雖然看不下去的學生會長下令，要他與同樣不懂得察言觀色的遺憾系美少女們組成志工部，但是──「耶嘿嘿！肌膚之親～肌膚之親～！」「這是我對刀彥同學發起的性感攻勢，有什麼問題嗎？」刀彥竟然被毫無距離感的美少女們給看上了!?為了維護和這群自由奔放卻又因孤單而煩惱的少女們共度的日常，不管現充還是偽現充都一起打飛！由這群超級我行我素的遺憾系邊緣人們上演的校園破壞系愛情喜劇，盛大開幕！,3,用戶尋找的是搞笑類且具有「奇怪腦迴路」或「誤會系」的作品。推薦書籍《我們不懂察言觀色》的核心設定即為主角與女主角們完全不擅長察言觀色、我行我素且無視氣氛，這與用戶要求的「這群人的腦迴路到底怎麼長的」之笑點高度契合，屬於典型的角色屬性驅動型喜劇。
q13,"我很喜歡搞笑類，誤會系剛好能戳到我的笑點，
看了會有種「這群人的腦迴路到底怎麼長的」的感覺，（像電玩咖這種的）
當然不需要全程搞笑，後面進入主線開始嚴肅起來我還是能接受的（素晴、腦礙這種的）",9e5c7283-1e09-599d-b133-48a4dec88f04,我果然還是渾然不覺,望公太,28.4,連載,"校園, 奇幻, 歡樂向, 後宮, HJ文庫, 日本輕小說",籠島諦是歌頌日常的高二男生。他今天也和沉迷漫畫的學妹、興趣獨特的學姊、以及經常藉故早退的同班同學，過著平淡無奇的生活。假使身邊疑似出現了來自異世界的魔法師、來自遙遠未來的電腦戰士、按照研究機關指示戰鬥的超能力者，那一定是錯覺……？史上最遲鈍的男主角，與各有來頭的三位美少女，展開慘烈（？）的保密攻防戰！,3,該書的核心設定在於男主角極度遲鈍，將身邊的超自然現象視為錯覺，這種極端的認知偏差正是典型的「誤會系」搞笑手法，非常符合用戶追求的「腦迴路奇怪」以及搞笑氛圍的需求。
q13,"我很喜歡搞笑類，誤會系剛好能戳到我的笑點，
看了會有種「這群人的腦迴路到底怎麼長的」的感覺，（像電玩咖這種的）
當然不需要全程搞笑，後面進入主線開始嚴肅起來我還是能接受的（素晴、腦礙這種的）",59b7683d-de7e-544e-94ed-76defa77eb94,（web版）沒有與世界之暗戰鬥的秘密組織，所以我建立了一個（怒）,黒留ハガネ,23.4,連載,"校園, 異能, 歡樂向, 後宮, syosetu, Web輕小說",佐護杵光於某一天忽然覺醒了超能力，而有一個盯上了他的力量的邪惡組織突如其來地出現──沒這回事。住在隔壁的青梅竹馬其實為驅魔師的子孫──才沒有這回事！神秘美少女轉學到班上──根本沒有這回事！！佐護對這過於和平的日常生活惱羞成怒，決定自己創造一個秘密組織。他找遍全日本，找到一名能幹美女‧鏑木栞作為他的副官，設立了秘密組織「天照」，也成功調度到了資金。待蓮見燈華、高橋翔太等新成員加入後，意圖毀滅世界的魔王終於現身──才怪！此時，佐護靈機一動，想出某個計畫……？由一名最強超能力者所自導自演的搞笑喜劇，就此開幕！！,3,該書的核心設定（主角因為世界太過和平而決定自導自演建立秘密組織）完全符合使用者提到的「腦迴路奇特」以及「誤會系」的喜好，且明確標記為歡樂向搞笑喜劇，與使用者對《素晴》等作品的偏好高度契合。
q13,"我很喜歡搞笑類，誤會系剛好能戳到我的笑點，
看了會有種「這群人的腦迴路到底怎麼長的」的感覺，（像電玩咖這種的）
當然不需要全程搞笑，後面進入主線開始嚴肅起來我還是能接受的（素晴、腦礙這種的）",a06430ea-6a9e-5ca7-97d6-d672ee856033,怪物公爵誤把我當成了他的妻子,은차,47.0,完結,"穿越, 戀愛, 歡樂向, 女性視角, other, 韓國輕小說",莉亞穿越進小說後，意外遇見了詛咒正在發作的募後黑手迪里安。情急之下，莉亞用石頭砸暈了迪里安，並將其帶回家中治療。莉亞並不想招惹麻煩，希望迪里安醒來後能儘快離開，可誰曾想迪里安竟失去了記憶，還把莉亞當成了自己的妻子。,2,使用者明確表示喜歡「誤會系」和「搞笑類」。推薦書籍的劇情核心在於男主角記憶喪失後將女主角誤認為妻子，完全符合「誤會系」的設定，且標籤為「歡樂向」。雖然該書更偏向女性向戀愛喜劇，與使用者舉例的《素晴》那種極度荒誕、混亂的群像搞笑風格有所不同，但仍滿足了核心的誤會與搞笑需求。
q13,"我很喜歡搞笑類，誤會系剛好能戳到我的笑點，
看了會有種「這群人的腦迴路到底怎麼長的」的感覺，（像電玩咖這種的）
當然不需要全程搞笑，後面進入主線開始嚴肅起來我還是能接受的（素晴、腦礙這種的）",2e47d29d-09a2-58b7-b0fd-cd71abb8dd35,世界第二有趣的輕小說,石原宙,10.4,連載,"校園, 歡樂向, 魔法, 後宮, 偽娘, 集英社, 日本輕小說",「你要不要當主角？」「……哈？」以抨擊輕小說為樂，存在感稀薄的高中生灰川祭，在某日遇到了四名自稱為『結局後的主角』的人物。已經厭倦的非日常的她們，為了恢複平凡的生活，請求祭接收讓任何凡人都能變成主角的『英雄係數』。祭最初斷言拒絕，但為了救助面臨危機的『原魔法少女』同班同學『夏戀』，從而接收了四人的『英雄係數』之後，世界為之一變。洋溢著對輕小說的愛與恨，笑中帶淚的《終幕英雄》戀愛喜劇，新發售！,3,使用者偏好搞笑、腦迴路清奇且能接受後續轉嚴肅的作品。推薦作品為歡樂向校園喜劇，且其設定為抨擊輕小說的元敘事（Meta）風格，這種反套路、不按牌理出牌的設定非常符合使用者對「腦迴路」的需求，且描述中提到「笑中帶淚」，也契合使用者能接受主線嚴肅化的傾向。
q13,"我很喜歡搞笑類，誤會系剛好能戳到我的笑點，
看了會有種「這群人的腦迴路到底怎麼長的」的感覺，（像電玩咖這種的）
當然不需要全程搞笑，後面進入主線開始嚴肅起來我還是能接受的（素晴、腦礙這種的）",c55b6ffa-4f23-5599-9bc6-f8efe7014b74,沒有與世界之暗戰鬥的秘密組織，所以我建立了一個（怒）,黒留ハガネ,12.8,連載,"校園, 異能, 歡樂向, 後宮, 其他文庫, 日本輕小說",佐護杵光於某一天忽然覺醒了超能力，而有一個盯上了他的力量的邪惡組織突如其來地出現──沒這回事。住在隔壁的青梅竹馬其實為驅魔師的子孫──才沒有這回事！神秘美少女轉學到班上──根本沒有這回事！！佐護對這過於和平的日常生活惱羞成怒，決定自己創造一個秘密組織。他找遍全日本，找到一名能幹美女‧鏑木栞作為他的副官，設立了秘密組織「天照」，也成功調度到了資金。待蓮見燈華、高橋翔太等新成員加入後，意圖毀滅世界的魔王終於現身──才怪！此時，佐護靈機一動，想出某個計畫……？由一名最強超能力者所自導自演的搞笑喜劇，就此開幕！！,3,用戶偏好搞笑、誤會系以及具有「奇葩腦迴路」的作品。推薦書籍的主角因為對和平生活感到不滿而決定「自導自演」建立秘密組織，這種反差與荒謬的設定完全符合用戶對「腦迴路」和搞笑喜劇的需求，是非常契合的推薦。
q13,"我很喜歡搞笑類，誤會系剛好能戳到我的笑點，
看了會有種「這群人的腦迴路到底怎麼長的」的感覺，（像電玩咖這種的）
當然不需要全程搞笑，後面進入主線開始嚴肅起來我還是能接受的（素晴、腦礙這種的）",6972147d-4c3d-5683-ba9d-ebbd4eaba5fc,日常生活中的異能戰鬥,望公太,123.2,完結,"異能, 戰鬥, 歡樂向, 後宮, 青梅竹馬, GA文庫, 日本輕小說",包括我在內的文藝社五人，在半年前覺醒了相當不得了的力量。於是我們涉足了波瀾壯闊學園異能戰鬥的世界──才怪！「什麼事都沒發生嘛！」雖然覺醒了異能，但日常還是無可挑剔的和平生活。既沒有打算毀滅世界的組織！也沒有異能戰爭！更沒有勇者與魔王的存在！所以我們身上的超級異能只能像這樣，「黑炎之龍長出鬍子啦！」隨意浪費才能般地使用了。可是不斷憧憬異能戰鬥的我是明白的，真正戰爭的時刻……「啥？你是笨蛋嗎？」拿神技來玩樂的平穩日常。不過光這樣是不會結束的新．異能戰鬥＆戀愛喜劇，開幕！,3,用戶偏好搞笑、誤會系以及「腦迴路奇怪」的荒誕感（如《電玩咖》）。推薦書籍描述擁有強大異能卻將其用於瑣碎日常的反差，這種「拿神技來玩樂」的設定非常符合用戶對荒誕幽默的需求，且標記為歡樂向喜劇，與用戶的核心意圖高度契合。
q13,"我很喜歡搞笑類，誤會系剛好能戳到我的笑點，
看了會有種「這群人的腦迴路到底怎麼長的」的感覺，（像電玩咖這種的）
當然不需要全程搞笑，後面進入主線開始嚴肅起來我還是能接受的（素晴、腦礙這種的）",4e86fa11-30f9-54fa-86f1-c092207b0e2c,我受歡迎只是誤會一場 ～被推的美少女們團團包圍～,淺岡旭,8.3,連載,"校園, 青春, 歡樂向, 後宮, 富士見文庫, 日本輕小說",「夾在百合中間的男人都去○！應該說由我來排除！！」這就是我的信條。我每天的例行公事就是觀察班上的美少女──早乙女戀花、星宮栞、宇佐美兔亞之間的三角關係，然後暗中排除介入她們的男生──本來應該是這樣的。「壯真是不是超溫柔的？」「我懂！讓人小鹿亂撞對吧～小栞？」「……不知道他有沒有女朋友呢。」「「墜入愛河了！！」」咦？她們在看我？應該說這樣不會太靠近嗎？？難道說，三角關係是我搞錯了……不，不可能！如果不是百合，就讓她們回歸百合，這就是我的使命。明明已經如此下定決心，但今天她們還是想把我夾在中間。,3,使用者明確要求「搞笑類」且偏好「誤會系」以及角色有奇怪腦迴路的設定。推薦書籍的主題正是建立在主角對人際關係的巨大誤會（將對方的好感誤認為百合傾向）之上，完全符合使用者對「誤會系」和「腦迴路奇怪」的喜好。
q13,"我很喜歡搞笑類，誤會系剛好能戳到我的笑點，
看了會有種「這群人的腦迴路到底怎麼長的」的感覺，（像電玩咖這種的）
當然不需要全程搞笑，後面進入主線開始嚴肅起來我還是能接受的（素晴、腦礙這種的）",234c8be9-28b3-51ba-aa72-df691d1609a4,你們趕緊給我結婚吧！,優汰,12.0,連載,"校園, 青春, 歡樂向, 後宮, 青梅竹馬, 妹妹, MF文庫J, 日本輕小說",誤會＆焦急感MAX的戀愛喜劇開幕！「我從很久以前就一直喜歡著你。被人一直說『你們趕緊結婚吧』，所以我們從今往後真的來實踐一下怎麼樣？」在我偷偷寫的網路小說的感想欄里，投稿了一篇超級離譜的告白文。雖然我覺得有很多地方可以吐槽，但最大的問題是，我有三個可能被這樣說的對象——班上心地善良的超王道天使系女主角·竹內柚璃。只對我傲嬌的討厭男人的冰山系青梅竹馬·山下胡桃。打工地方莫名其妙黏著我、擅長捉弄人的小惡魔·舞原楓。那句看似玩笑的留言，究竟是誰發的？這裡面到底誰才是那個真心喜歡我的「女主角」!?,3,使用者明確要求「搞笑類」且偏好「誤會系」劇情，推薦的書籍標記為歡樂向戀愛喜劇，且核心設定即為圍繞在告白對象的「誤會」與猜測，高度契合使用者的核心需求。
q13,"我很喜歡搞笑類，誤會系剛好能戳到我的笑點，
看了會有種「這群人的腦迴路到底怎麼長的」的感覺，（像電玩咖這種的）
當然不需要全程搞笑，後面進入主線開始嚴肅起來我還是能接受的（素晴、腦礙這種的）",7bd66ca8-c172-5594-aea2-4cd156dfc66b,琉璃色的瞎扯淡日常,伊達康,49.1,完結,"校園, 奇幻, 歡樂向, 青春, 後宮, MF文庫J, 日本輕小說",「裝傻的話就要吐槽，不是你們那個世界的規則嗎？」紺野孝巳是受到靈障所苦的高中一年級生。某天，他前往拜訪校內知名的靈能力少女‧有動琉璃所屬的『除靈(OHARAI)研究社』──結果其真面目竟然是『搞笑(OWARAI)研究社』！琉璃從一連串謎樣的對話中認同孝巳的搞笑天賦，當下強迫他入社。而素有「靈導師」稱號的學校第一美少女鴫原翠也在此時現身──「哼，『靈媒女』這種稱號給翠就好了。我只要有『爆笑王』和『青鶴高中小姐』的稱號就夠了。」「這兩個是能同時並存的嗎！？」圍繞著靈體與搞笑的超日常即將揭幕，對美少女們吐槽到飽的青春喜劇──火力全開！,3,用戶偏好搞笑類且喜歡「腦迴路奇怪」的 absurd 喜劇。推薦書籍《琉璃色的瞎扯淡日常》主打「搞笑研究社」，強調吐槽、裝傻以及謎樣的對話邏輯，其「瞎扯淡」的風格與用戶追求的「這群人的腦迴路怎麼長」高度契合，是非常符合需求的推薦。
q13,"我很喜歡搞笑類，誤會系剛好能戳到我的笑點，
看了會有種「這群人的腦迴路到底怎麼長的」的感覺，（像電玩咖這種的）
當然不需要全程搞笑，後面進入主線開始嚴肅起來我還是能接受的（素晴、腦礙這種的）",7c1f789f-5b72-50b2-a180-e0b2d2417186,兔子強尼,東山彰良,10.4,完結,"懸疑, 歡樂向, 腦洞, 其他文庫, 日本輕小說",由黑手黨養大的兔子強尼，在主人死後回到兔子世界，成立了一家偵探社。某天，它被委託尋找一隻失蹤的兔子，卻意外尋獲主人死亡的內幕。為了替主人報仇，它毅然回到人類世界，勇敢面對真實的黑幫火拚。本作由寵物兔（偵探）的眼光，來看人類世界的利益紛爭及生死惡鬥，雖然荒唐，但穿插於案件中的小動物本能反應，逗趣爆笑。,2,該書具有強烈的「腦洞」設定（由黑手黨養大的兔子偵探），非常符合使用者對荒唐、有趣腦迴路的喜好。雖然並非典型的「誤會系」劇情，但其逗趣的風格以及從搞笑轉向嚴肅復仇主線的結構，與使用者的需求高度契合。
q13,"我很喜歡搞笑類，誤會系剛好能戳到我的笑點，
看了會有種「這群人的腦迴路到底怎麼長的」的感覺，（像電玩咖這種的）
當然不需要全程搞笑，後面進入主線開始嚴肅起來我還是能接受的（素晴、腦礙這種的）",136a8fc2-5303-50ca-96f3-329f24b66764,殭屍生活入門,不破有紀,7.3,完結,"科幻, 腦洞, 宅文化, 歡樂向, 電擊文庫, 日本輕小說",恭喜您！您被檢測為殭屍陽性。即便成為殭屍，未來依然光明。您的身體會比人類時更加健康，甚至可以成為宇航員（※殭屍無需氧氣或新鮮食物，非常適合在宇宙飛船或月球基地工作）。殭屍也會戀愛。在情人節，您可以送給心儀的同學一盒比情敵更高級的戈貢佐拉乳酪（※殭屍討厭新鮮食物，但和人類一樣可以食用發酵食品）。從殭屍誕生到「歷史完成」，記錄人類與殭屍千年宇宙興衰史！※2519年6月20日《新人類憲章》頒布後，長期被視為歧視性的「殭屍」稱呼已被廢除。本書考慮到當時的歷史背景及資料價值，部分表達保留原文。,2,推薦書籍標註為「歡樂向」且具有強烈的「腦洞」設定（如殭屍陽性、殭屍宇航員等），符合用戶追求的「腦迴路奇怪」的幽默感。雖然簡介中沒有明確提到「誤會系」的情節，但其荒誕的設定風格與用戶提到的《素晴》等作品在氛圍上有相似之處，能滿足大部分搞笑需求。
q13,"我很喜歡搞笑類，誤會系剛好能戳到我的笑點，
看了會有種「這群人的腦迴路到底怎麼長的」的感覺，（像電玩咖這種的）
當然不需要全程搞笑，後面進入主線開始嚴肅起來我還是能接受的（素晴、腦礙這種的）",bd0bc50b-416d-59e1-830b-6b0228eb9f0e,就算是中二病也沒關係嘛！,翡翠ヒスイ,11.8,完結,"奇幻, 校園, 青春, 歡樂向, 電擊文庫, 日本輕小說",「嗚，身、身體好燙！？看、看來那傢伙的封印終於要！？」「哼哼……這也不怪你，人們接觸我的瘴氣會因此瘋狂也是莫可奈何的。」「確認到因果律的扭曲。異常事態。這個男人很危險，要求排除。」咦？等等、這群不知羞恥的傢伙在搞什麼？該不會是中二病？……因此而嚇到退縮的少女星美津奈琉（有活力的國中二年級生）莫名地敲定加入秘密組織〈零式機關〉。在那裡遇到的，是一群中二病癥狀超嚴重的少女……明亮又開心的中二病萬歲故事登場！,3,這本書的核心在於「中二病」的設定，角色們採取完全不符合常理的行動邏輯，極其符合使用者追求的「腦迴路到底怎麼長的」這種荒誕搞笑感，且整體氣氛歡樂，與使用者提到的《素晴》等作品在角色屬性（一群怪人聚集）上非常接近。
q14,"想求各位大大們，有沒有推薦以百合、女生友情、男女愛情這類的日本輕小說呢?

不太想要有奇幻、科幻、后宮、異世界這元素，有點太過氾濫不太想看
只要日常、青春的就可以了，有發糖的和胃痛我都可以~",c6f4bc04-58be-54c7-a175-5025ad38c5ff,終將成為你 關於佐伯沙彌香,入間人間,24.0,完結,"校園, 青春, 戀愛, 百合, 女性視角, 電擊文庫, 日本輕小說",★純愛百合漫畫《終將成為你》的外傳小說！★由《安達與島村》作者，鬼才小說家入間人間執筆！因為國中時代慘痛的失戀，讓沙彌香下定決心不要再喜歡上別人了。但是在高中入學典禮第一次見到七海燈子身影的瞬間，卻無法自拔地受到燈子吸引。兩人分到同一班級，也一同加入了學生會，之後甚至變成了可謂摯友的親近關係。在持續伴隨著燈子之中，沙彌香理解了燈子的堅強與軟弱。她看透了燈子的一切，變得更喜歡她。不過，就因為這樣，沙彌香無論如何就是無法說出「喜歡」。因為等待太久、因為太過害怕，而無法向前一步的沙彌香迷惘、後悔、失去——因為與「她」相遇，所以明白了什麼叫作喜歡上一個人。,3,該書完全符合用戶的所有需求：它是日本輕小說，主題為百合與青春校園，且不包含奇幻、科幻、後宮或異世界元素，屬於典型的日常青春戀愛故事，且包含用戶接受的「胃痛」情感元素。
q14,"想求各位大大們，有沒有推薦以百合、女生友情、男女愛情這類的日本輕小說呢?

不太想要有奇幻、科幻、后宮、異世界這元素，有點太過氾濫不太想看
只要日常、青春的就可以了，有發糖的和胃痛我都可以~",d27381cf-422a-5270-bb8c-69f1885ff2b2,我憧憬著莉莉,石狩なべ,8.2,完結,"校園, 青春, 戀愛, 百合, 歡樂向, kakuyomu, Web輕小說",我一直憧憬著莉莉，因為莉莉總是完美的。她有著纖巧筆挺的鼻樑，青色的眼瞳；是個混血兒，家裡也很有錢，既溫柔又可愛，朋友也有很多，擅長聊天，被父母深愛著，有著我所有我想要的東西。真好、真羨慕啊。和我是完全相反。真想我們的關係一直都那麼好啊。,3,該書符合使用者對「百合」、「青春」、「日常」的所有要求，且不含奇幻、科幻、後宮或異世界等排斥元素，完全符合用戶的核心意圖。
q14,"想求各位大大們，有沒有推薦以百合、女生友情、男女愛情這類的日本輕小說呢?

不太想要有奇幻、科幻、后宮、異世界這元素，有點太過氾濫不太想看
只要日常、青春的就可以了，有發糖的和胃痛我都可以~",ba77fe36-1174-5791-b4de-0d310ba4b323,聖母在上,今野緒雪,309.8,連載,"校園, 青春, 戀愛, 歡樂向, 百合, 少女文庫, 日本輕小說","東京都下武藏野的一座傳統天主教女校-莉莉安女子學園高中部.那裡沒有嚴苛的校規,學生們每日渡過正統規律的學園生活,但這裡有著前輩和後輩結為姊妹並指導後輩,被稱為""SOEUR""(法語中""姊妹""的意思)的姊妹制度.",3,該書完全符合用戶的需求：它是日本輕小說，主題聚焦於百合與女生之間的情感（姊妹制度），且設定在日常校園青春背景中，完全沒有用戶排斥的奇幻、科幻或異世界元素。
q14,"想求各位大大們，有沒有推薦以百合、女生友情、男女愛情這類的日本輕小說呢?

不太想要有奇幻、科幻、后宮、異世界這元素，有點太過氾濫不太想看
只要日常、青春的就可以了，有發糖的和胃痛我都可以~",909920fc-294f-5028-8228-e90425ca1214,雙向單戀因執拗而無法告白的女孩們變為交往的經過,犬甘あんず,9.6,完結,"百合, 校園, 青春, kakuyomu, Web輕小說",自稱為普通女子高中生的夏川穗波喜歡上了摯友的秋空雪羽。不過，覺得自己過於普通，根本配不上雪羽，穗波只好將對於雪羽的情感埋藏於心裡。另一方面雪羽也同樣喜歡著穗波，思考著該如何成為戀人。彼此在互相單戀之中，漸漸地兩人的距離開始靠近……。元氣少女與面無表情冷酷的少女雙向單戀卻因執拗變得時而靠近，時而遠離之中成為戀人的故事。,3,該書完全符合用戶的需求：主題為百合（女生愛情）、背景為校園青春日常，且完全不含奇幻、科幻、後宮或異世界等排斥元素，是非常精確的推薦。
q14,"想求各位大大們，有沒有推薦以百合、女生友情、男女愛情這類的日本輕小說呢?

不太想要有奇幻、科幻、后宮、異世界這元素，有點太過氾濫不太想看
只要日常、青春的就可以了，有發糖的和胃痛我都可以~",7ff8a86e-a356-5945-9b3f-f676b451cab4,我的工作和同居的她,野水はた,9.4,完結,"青春, 戀愛, 百合, kakuyomu, Web輕小說",在花店工作的「冷漠女」花芹茉莉，某一天和母親病故的女高中生桃山澄玲開始了同居生活。「為什麼要我來照顧這種小孩子」最初兩人還處於連話都不願意多說兩句的尷尬境地，但在同居的過程中澄玲漸漸地對茉莉敞開了心扉。在兩人相安無事的平穩日常當中，茉莉卻因為同事的一句無心之言逐漸改變對澄玲的看法。「那樣的話，比起照看小孩，更應該叫同居吧？」「……怎麼會。我是成年人了，而那傢伙就只是個小屁孩而已」然而，茉莉是知道的。自己是沒有人支撐著就無法活下去的弱小女人這件事。還有，自己不知不覺地依戀著澄玲這件事。,3,該書完全符合用戶的需求：它是日本輕小說，主題為百合與戀愛，設定在日常與青春生活之中，且完全不含奇幻、科幻、後宮或異世界等元素，是非常精確的推薦。
q14,"想求各位大大們，有沒有推薦以百合、女生友情、男女愛情這類的日本輕小說呢?

不太想要有奇幻、科幻、后宮、異世界這元素，有點太過氾濫不太想看
只要日常、青春的就可以了，有發糖的和胃痛我都可以~",71d6c0eb-7359-57d1-a985-110f752e2c5f,請待在有光的地方,一穂ミチ,18.4,完結,"校園, 青春, 戀愛, 百合, 女性視角, 輕文學, 其他文庫, 日本輕小說",如果每天都比昨天更靠近一點點，我和妳，是不是就能無限趨近於「我們」？7歲的她們，個性和家庭背景天差地遠，卻成為相約公園裡的小小密友。15歲的她們，在同一所高中再會，維持著不想被正名又想被證明的關係。29歲的她們，彼此身邊都有了終身相許的人，命運竟讓她們再次遇見……社區公園的一處，每周三下午都會隨母親幽會被帶來的結珠，遇見了與她同樣年紀的果遠。在富裕卻冷漠的家庭里長大的結珠乖巧節制，生活貧困但自由的果遠則勇敢奔放，對於成長環境截然不同的兩人來說，彼此都是未曾知曉的另一個新世界。每周一起度過的數十分鐘，成為兩個女孩相守的秘密和唯一的快樂。一次見面時，果遠要結珠「待在有光的地方」等她，等到的卻是結珠的不告而別。多年後，兩人於高中再次相遇，不是小孩也還不是大人的這個年紀，讓她們既渴望靠近又害怕靠近。說是友情太過淺薄，稱為愛情太過平庸。這份感情到底是什麼？未等她們明白，就到了不得不離別的時刻；有光的地方在哪裡？她們還在摸索，卻已不得不長大成人……,3,該書完全符合用戶的要求：它是日本輕小說，主題涵蓋百合與女性情誼，且屬於日常、青春與成長類，完全沒有奇幻、科幻、後宮或異世界等不想要的元素。故事基調同時包含渴望與離別，符合用戶提到的「發糖」與「胃痛」需求。
q14,"想求各位大大們，有沒有推薦以百合、女生友情、男女愛情這類的日本輕小說呢?

不太想要有奇幻、科幻、后宮、異世界這元素，有點太過氾濫不太想看
只要日常、青春的就可以了，有發糖的和胃痛我都可以~",1054a9c9-a125-5838-a1c9-5849145be6c6,口是心非的冰室同學 從好感度100％開始的毒舌女子追求法,広ノ祥人,49.6,完結,"校園, 青春, 戀愛, 歡樂向, MF文庫J, 日本輕小說",冰室涼葉──看似完美無缺的優等生，卻是個心高氣傲、性格惡劣、口不擇言的學生會長。對這樣的她暗懷戀慕之情的副會長田島愛斗，某天突然能聽見她隱藏在言語背後的「真心話」！透過那些「真心話」，他才發現原來涼葉那辛辣惡劣的態度與毒舌都是表面上的偽裝，真正的她早就瘋狂喜歡上愛鬥了！得知雙方兩情相悅的愛斗喜不自勝。既是已得出解答的戀情，要終成眷想必是輕鬆愉快！他乾脆立刻進行告白，想不到卻被對方給拒絕!?明知解答卻總是失之交臂的曲折青春愛情喜劇，即將揭幕！★居然能偷聽到意中人的真心話？明明兩情相悅，卻是愛在心裡口難開！★榮獲第13屆MF文庫J輕小說新人賞評審特別賞的青春愛情喜劇！,3,用戶尋找日本輕小說，主題為百合、女生友情或男女愛情，且明確要求日常、青春，排除奇幻、異世界、后宮。推薦書籍為校園青春戀愛喜劇，完全符合男女愛情、日常青春的設定，雖有「聽見真心話」的小設定，但整體屬性仍為校園戀愛而非奇幻作品，高度契合用戶需求。
q14,"想求各位大大們，有沒有推薦以百合、女生友情、男女愛情這類的日本輕小說呢?

不太想要有奇幻、科幻、后宮、異世界這元素，有點太過氾濫不太想看
只要日常、青春的就可以了，有發糖的和胃痛我都可以~",c861cb3d-d3dc-5c10-862c-3a7c5c1740b0,二號的我與最棒的她,和尚,17.7,連載,"校園, 青春, 戀愛, 歡樂向, 富士見文庫, 日本輕小說",南野千夏是個不管跟誰都能輕鬆攀談的超人氣美少女。自從高中一年級的秋天與她相識之後，原本活在同名同姓的帥哥陰影下、被同學叫做「二號」的我，生活開始有了變化。「你才不是什麼『二號』……因為你是我第一個想親吻的對象。」我跟南野開始在校外碰面。下課後一起去打街頭籃球，一起做飯，聊著兩人之間的秘密，心意相通。我本來應該是孤獨一人，她卻認可我、愛我。所以我也想要回報她。意識到平凡的願望才彌足珍貴的青春戀愛小說。,3,該書為日本輕小說，主題聚焦於校園、青春與男女戀愛，且完全不含奇幻、科幻、後宮或異世界等元素，完美符合使用者要求的『日常、青春』以及『男女愛情』之核心需求。
q14,"想求各位大大們，有沒有推薦以百合、女生友情、男女愛情這類的日本輕小說呢?

不太想要有奇幻、科幻、后宮、異世界這元素，有點太過氾濫不太想看
只要日常、青春的就可以了，有發糖的和胃痛我都可以~",c2e049fd-311b-54a9-ae02-11f86b713ad1,今日的荼蘼依舊綻放❤︎,鳶月鵩,27.1,連載,"校園, 百合, 戀愛, 青春, 黑暗, 青春日常, 華文輕小說",當我四歲時，那個夕陽下的女孩銘刻在我的記憶里。十七歲的寒夜，我們一起走向生命的終點。我不知道我是否後悔，但是我已經沒辦法想像沒有她的生活。——這是充斥著自私、妥協與罪孽的百合物語。,2,推薦書籍完全符合使用者要求的百合、青春、日常以及「胃痛」元素，且不含奇幻、異世界等排斥元素。唯一不符之處在於使用者明確要求「日本輕小說」，而此書為「華文輕小說」。
q14,"想求各位大大們，有沒有推薦以百合、女生友情、男女愛情這類的日本輕小說呢?

不太想要有奇幻、科幻、后宮、異世界這元素，有點太過氾濫不太想看
只要日常、青春的就可以了，有發糖的和胃痛我都可以~",cbf12c87-64ad-583b-af07-9a183c19af5e,直到與變成了義妹的毒舌系後輩成為真正的家人,犬甘あんず,9.4,完結,"青春, 戀愛, 百合, kakuyomu, Web輕小說",野坂夏澄和她的社團後輩大湊天乃因父母再婚成為義姊妹。為了最喜歡的後輩更加親密，夏澄提議每天都做一件姊妹間的事，天乃不情願地接受了。為了追求姊妹間的相似感，夏澄和天乃開始牽手、擁抱，二人的距離迅速拉近。在這個過程中，夏澄逐漸意識到自己對天乃的感情正在發生變化……這是一段關於隨性前輩和毒舌後輩在追求成為姊妹的過程中，逐漸發現彼此真實感情的故事。,3,該書完全符合使用者的需求：包含百合與青春戀愛元素，屬於現代日常設定，且沒有奇幻、科幻、後宮或異世界等排除元素，是極為精準的推薦。
q14,"想求各位大大們，有沒有推薦以百合、女生友情、男女愛情這類的日本輕小說呢?

不太想要有奇幻、科幻、后宮、異世界這元素，有點太過氾濫不太想看
只要日常、青春的就可以了，有發糖的和胃痛我都可以~",7286fee7-39b2-57bc-91f0-65b60d0e3049,驚爆草莓,公野櫻子,5.5,連載,"校園, 青春, 戀愛, 百合, 電擊文庫, 日本輕小說",阿斯特拉艾亞的山丘上，建有三家女子學校。聖密亞特爾女子學園、聖史皮卡女子學院、聖露·利姆女子學校。而且，在那片土地的盡頭是三家學校共用的宿舍----草莓宿舍。阿斯特拉艾亞的山丘…那裡是不允許男子踏入的神聖領域…因為某些事情而被編入聖密亞特爾女子學園四年級（由於初高中統一教育，其實相當於高中1年級）的渚砂心中充滿了對新校園生活的期待與不安。在入學第一天與所有人都憧憬的「艾特瓦魯」（法語中為「星星」的意思。艾特瓦魯是作為管束3校的學生會一切的存在，在3校的學生中位於至高點具有無比的權利與威望，與此同時也負擔著沉重的責任與義務）的花園靜馬相遇。在被其美貌深深吸引的瞬間，身體不由自主地無法動彈了。另一方面，靜馬溫柔地注視著如此的渚砂，並伸出雙手漸漸靠近渚砂的臉龐，然後…！？年級和學校各不相同卻蘊含各種各樣回憶的只有少女的百合校園生活。在如此秘密的花園中發生的事情，你是否也來窺探一下…？,3,這本書是典型的日本百合青春校園輕小說，完全符合用戶要求的「百合」、「日常」、「青春」等元素，且不包含奇幻、科幻、後宮或異世界等排除項，是極其精準的推薦。
q14,"想求各位大大們，有沒有推薦以百合、女生友情、男女愛情這類的日本輕小說呢?

不太想要有奇幻、科幻、后宮、異世界這元素，有點太過氾濫不太想看
只要日常、青春的就可以了，有發糖的和胃痛我都可以~",ec2213e2-e54d-5601-bbe1-88f15eae3168,最後的藍,入間人間,8.9,完結,"青春, 戀愛, 百合, 女性視角, 角川文庫, 日本輕小說",在山中小屋從事陶藝的岩谷香菜偶爾會來到市區和一年前認識的新城雅見面。對於見了面也只是躺在自己腿上隨口閑聊的雅，其實香菜並不明白對方為什麼要繼續相約。然而某一天，雅前來拜訪香菜──繼承家裡的茶屋，就這樣度過一生或許也不錯的想法才浮上心頭沒多久，哥哥的女兒出現在我的面前。在這個身為高中生的侄女成為我的女友，共度了一段時間之後，我回想起過去的友人。一個宛如飛鳥卻不曾展翅高飛，而是不斷往前奔跑，鳥一般的女孩──少女們的鮮明情感燦爛綻放的作品集。,3,該書為日本輕小說，標籤包含青春、戀愛與百合，且內容描述為日常且無奇幻、科幻、后宮或異世界等元素，完全符合用戶的所有需求。
q14,"想求各位大大們，有沒有推薦以百合、女生友情、男女愛情這類的日本輕小說呢?

不太想要有奇幻、科幻、后宮、異世界這元素，有點太過氾濫不太想看
只要日常、青春的就可以了，有發糖的和胃痛我都可以~",62d0f7b5-ac0c-51a2-b379-a126a62e9fe5,夏，響,久遠雫,10.1,完結,"百合, 青春, 戀愛, 青春日常, 華文輕小說",少女，不坦誠的兩位少女。總之這是兩位少女之間的故事，少女飄搖的思緒，少女深藏的心意，很多東西溫潤無聲、悄悄萌芽只待一場春雨灑下，愛意暗暗滋生思念靜靜流淌。氣氛慢慢升溫，距離漸漸拉近逐漸在意彼此回過頭來時早已深陷在那份溫暖之中無法自拔。兩個人孤獨的天空交織在一起像不相干的軌道接觸、交匯、重疊。,2,書籍的主題（百合、青春、日常）完全符合使用者的需求，且沒有奇幻或異世界等避雷元素。然而，使用者明確要求「日本輕小說」，而該書被標記為「華文輕小說」，在原產地這一要求上不符。
q14,"想求各位大大們，有沒有推薦以百合、女生友情、男女愛情這類的日本輕小說呢?

不太想要有奇幻、科幻、后宮、異世界這元素，有點太過氾濫不太想看
只要日常、青春的就可以了，有發糖的和胃痛我都可以~",58c1897e-e6ab-50a8-bee8-d71ba9ff0935,那個我一直在意的女孩子好像喜歡我,タイロク,10.7,完結,"校園, 青春, 戀愛, 百合, kakuyomu, Web輕小說",我想和你成為朋友（戀人）！這是兩情相悅!?「各務原（かがみはら）是班裡的委員長，才色兼備又高冷，不過她意外地表情豐富又有點憨憨。我想和這樣的各務原交朋友」「綾崎（あやさき）同學對每個人都很溫柔而且很可愛。她照顧人周到，朋友也很多，是個類型和我完全不同的存在。我想和這樣的綾崎成為戀人」————這是，我們的故事。是想與之成為朋友的我（綾崎）和我（各務原）的故事。,3,推薦書籍完全符合用戶的需求：屬於日本輕小說、包含百合與青春戀愛元素，且場景設定在校園日常，沒有奇幻、科幻或異世界等排除元素。
q15,"喜歡的類型 是異世界 轉生 重生 穿越 校園異能 幻想世界 劍與魔法 主角最強 多後宮 戰鬥要夠中二 都行
夠套路
要男主 一定要有戰鬥 後宮 沒後宮也沒關係但要有女主 如果主角拿的是劍我會更開心
不接受有沒男主的 例如蜘蛛又怎樣 能力值平均 怕痛的我
不接受虐主的 除了re 0 是因為動畫入坑的 除非前面虐後面很爽的這樣可以例如平職
需要裝逼讓我看的會高潮的 所以無職轉生我看不下去因為太真實太哭逼了",50768bc5-31c0-5dad-9f58-3c26695801e3,平凡職業造就世界最強,白米良,639.3,連載,"轉生, 魔法, 龍傲天, 後宮, 人外, 其他文庫, 日本輕小說",『被霸凌的孩子』南雲始，與同班同學一起被召喚至異世界。雖然同學們接連顯現戰鬥取向的特殊能力，但始卻只擁有煉成師這種平凡的能力。而且在異世界仍為最弱的他，竟被某位同學惡意推落了迷宮深谷──！？在找不到方法逃脫的絕望深淵中，始像是命中注定般地邂逅吸血鬼月，尋得了以煉成師的身分造就最強的道路──「我保護月，月也保護我。這樣我就是最強的。我要掃蕩一切，超越全世界。」墜落深淵的少年與隱居最深處的吸血鬼，兩人聯手打造的『最強』異世界奇幻故事，正式揭開序幕！,3,推薦書籍《平凡職業造就世界最強》完全符合使用者的所有核心需求：異世界轉生、男主最強、後宮、且具有強烈的「裝逼」與「中二」戰鬥風格。最重要的是，使用者在 query 中明確提到接受「前面虐後面很爽」的設定，並直接將「平職」（本作簡稱）作為正面範例，這使該書成為極高相關性的完美匹配。
q15,"喜歡的類型 是異世界 轉生 重生 穿越 校園異能 幻想世界 劍與魔法 主角最強 多後宮 戰鬥要夠中二 都行
夠套路
要男主 一定要有戰鬥 後宮 沒後宮也沒關係但要有女主 如果主角拿的是劍我會更開心
不接受有沒男主的 例如蜘蛛又怎樣 能力值平均 怕痛的我
不接受虐主的 除了re 0 是因為動畫入坑的 除非前面虐後面很爽的這樣可以例如平職
需要裝逼讓我看的會高潮的 所以無職轉生我看不下去因為太真實太哭逼了",43c1d6f4-f5a6-59ee-bd4b-fda5b43df607,聖劍學院的魔劍使,志瑞祐,135.3,完結,"轉生, 校園, 奇幻, 戰鬥, 龍傲天, 後宮, MF文庫J, 日本輕小說",十歲少年竟是魔王轉生!?跨越千年，卻迎來魔術消失的世界——最強魔王轉生為十歲小孩!?與大姊姊們展開校園刀劍奇幻故事！最強的魔王雷歐尼斯為了迎接註定到來的決戰，封印了自身的存在。然而跨越千年時光蘇醒的他，竟然變回了十歲少年的模樣！「為什麼!?」「你怎麼被關在這裡？放心吧，姊姊會保護你的。」雷歐尼斯受到隸屬於〈聖劍學院〉的美少女黎榭莉亞保護，並對劇變的世界感到驚愕。未知的敵人〈虛獸〉、〈第零七戰術都市〉、以武器作為外形的異能之力——〈聖劍〉，儘管這些陌生的詞語讓他相當困惑，他依然進入了〈聖劍學院〉就讀。在魔術消失的未來世界中，由最強魔王與美少女們交織而成、聖劍與魔劍的校園刀劍奇幻故事揭開序幕！,3,該書完全符合用戶的所有要求：包含轉生、校園、幻想世界、劍與魔法等元素；主角是轉生的最強魔王（符合主角最強、龍傲天、拿劍的要求）；具有後宮屬性且為男主視角；風格屬於典型的輕小說套路，充滿中二戰鬥與裝逼元素，且沒有虐主或過於沉重的現實感，是極高匹配度的推薦。
q15,"喜歡的類型 是異世界 轉生 重生 穿越 校園異能 幻想世界 劍與魔法 主角最強 多後宮 戰鬥要夠中二 都行
夠套路
要男主 一定要有戰鬥 後宮 沒後宮也沒關係但要有女主 如果主角拿的是劍我會更開心
不接受有沒男主的 例如蜘蛛又怎樣 能力值平均 怕痛的我
不接受虐主的 除了re 0 是因為動畫入坑的 除非前面虐後面很爽的這樣可以例如平職
需要裝逼讓我看的會高潮的 所以無職轉生我看不下去因為太真實太哭逼了",843910d3-a964-5ef0-994c-301e6aa54f8f,抽籤贏得大獎：大開無雙後宮,三木なずな,37.9,連載,"轉生, 魔法, 龍傲天, 後宮, 人外, GA文庫, 日本輕小說",「想要什麼就有什麼！所有的慾望一次滿足！」在抽獎的時候突然被轉移到異世界的翔流，得到了讓自己所有的能力增強777倍的外掛能力。力量增加777倍，最強。魔力也增加777倍，無敵。男性魅力也增加777倍，後宮路線確定無誤！而且在異世界繼續抽獎之後，翔流的外掛能力愈來愈強──已經沒有人可以阻止他的無雙後宮了嗎！？來自網路小說投稿網站，拯救國家的同時調教女王與公主的大人氣外掛後宮故事。一併收錄全新短篇，於此揭開序幕！,3,該書完美符合用戶的所有核心需求：異世界轉生、男主最強（龍傲天/外掛）、後宮設定、幻想世界與魔法。劇情走純粹的套路爽文路線，強調「無敵」與「滿足慾望」，完全沒有用戶厭惡的虐主或過於真實的沉重感，是極高匹配度的推薦。
q15,"喜歡的類型 是異世界 轉生 重生 穿越 校園異能 幻想世界 劍與魔法 主角最強 多後宮 戰鬥要夠中二 都行
夠套路
要男主 一定要有戰鬥 後宮 沒後宮也沒關係但要有女主 如果主角拿的是劍我會更開心
不接受有沒男主的 例如蜘蛛又怎樣 能力值平均 怕痛的我
不接受虐主的 除了re 0 是因為動畫入坑的 除非前面虐後面很爽的這樣可以例如平職
需要裝逼讓我看的會高潮的 所以無職轉生我看不下去因為太真實太哭逼了",6c7092dc-4879-541d-9c89-55e9781bb451,異世界最強貴族，後宮愈多就愈強,三木なずな,13.5,連載,"轉生, 奇幻, 龍傲天, 後宮, 集英社, 日本輕小說",所有的一切都將屬於我。完全無雙，開幕！悠人突然異世界轉生到手機遊戲裡面，成了貴族的三男。那個世界存在著所謂的「技能」，而悠人在轉生後具備的技能名為【貴族義務】。長大成人的悠人只要透過跟女人上床的儀式，就會發動【貴族義務】。此乃非常珍貴罕見的技能，有了它，悠人便可以複製和他上過床的女性的技能！悠人一個接著一個抱過具備技能的女性，藉此增加自己的技能數量，不僅讓自己變成天下無敵，還擄獲了女人們的芳心，持續擴張後宮的規模。更誇張的是，【貴族義務】還有使技能進一步覺醒或進化的能力，外掛一開就停不下來！凡是我看上的女人和技能都是我的囊中物！最強外掛後宮在此開幕！,3,推薦書籍完美符合用戶的所有核心需求：異世界轉生、男主角、龍傲天（最強設定）、後宮、且屬於極其典型的套路向爽文。內容完全避開了用戶討厭的「虐主」或「太真實」的設定，完全聚焦於「裝逼」與力量成長，與用戶追求的「高潮感」高度一致。
q15,"喜歡的類型 是異世界 轉生 重生 穿越 校園異能 幻想世界 劍與魔法 主角最強 多後宮 戰鬥要夠中二 都行
夠套路
要男主 一定要有戰鬥 後宮 沒後宮也沒關係但要有女主 如果主角拿的是劍我會更開心
不接受有沒男主的 例如蜘蛛又怎樣 能力值平均 怕痛的我
不接受虐主的 除了re 0 是因為動畫入坑的 除非前面虐後面很爽的這樣可以例如平職
需要裝逼讓我看的會高潮的 所以無職轉生我看不下去因為太真實太哭逼了",18f487eb-d9cb-5f5c-8c5b-31120d3e99fa,魔法★探險家 轉生為成人遊戲萬年男二又怎樣，我要活用遊戲知識自由生活,入棲,61.7,連載,"轉生, 魔法, 冒險, 龍傲天, 後宮, 角川文庫, 日本輕小說",★後宮×魔力無雙！自由自在享受成人遊戲世界的轉生魔法學園故事！★改編漫畫版由緋賀ゆかり老師作畫。「傳說的美少女遊戲」《魔法★探險家》。我轉生為這遊戲中身懷作弊技能又走桃花運的主角！──旁邊那位臉上掛著輕浮笑容又不走運的朋友角色。但是我擁有當初鑽研這款遊戲的知識，只要選擇最佳的行動，肯定也能把女角們對我的好感度提升到MAX！而且這個角色還有「魔力量世界第一」的隱藏作弊性能與獨一無二的特殊能力──「既然這樣，我乾脆不當主角的朋友，自由自在地過活吧！」,3,推薦書籍高度符合使用者需求：包含異世界轉生、魔法學園、龍傲天（主角最強）、後宮等核心要素。主角為男性且擁有世界第一的魔力量（作弊能力），符合使用者追求的「裝逼」與「爽快感」，且完全避開了使用者討厭的虐主或過於現實的基調，是非常精準的套路向推薦。
q15,"喜歡的類型 是異世界 轉生 重生 穿越 校園異能 幻想世界 劍與魔法 主角最強 多後宮 戰鬥要夠中二 都行
夠套路
要男主 一定要有戰鬥 後宮 沒後宮也沒關係但要有女主 如果主角拿的是劍我會更開心
不接受有沒男主的 例如蜘蛛又怎樣 能力值平均 怕痛的我
不接受虐主的 除了re 0 是因為動畫入坑的 除非前面虐後面很爽的這樣可以例如平職
需要裝逼讓我看的會高潮的 所以無職轉生我看不下去因為太真實太哭逼了",4d4186a1-b174-5711-b7e4-d025f750933d,最強落第貴族的劍魔雙極暗鬥譚,タンバ,11.5,連載,"奇幻, 魔法, 戰鬥, 校園, 龍傲天, 後宮, 角川文庫, 日本輕小說",【劍之國阿爾畢歐斯王國守護神──白色劍聖克勞德】【魔法之國魯特提亞皇國守護神──黑色大賢者艾克里普斯】在兩個大國備受眾人讚頌的最強人物，兩者的真實身分其實是平時在眾人面前扮演無能的羅義！為了保護家人，羅義隱瞞真實身分並在各國暗中活躍，同時在學院過著自由自在的校園生活。日常扮演三個身分的他，在學院更是受到立志成為劍聖或賢者的美少女們青睞……羅義如此超常的日常生活與戰鬥，總是無比地熾烈！「我也想早點放下身為守護神的重擔，不過在繼承人出現之前，世界還是先由我守護吧。」劍魔雙極的最強貴族全新暗躍奇幻傳說，在此拉起了序幕！！,3,這本書幾乎完全符合使用者的所有要求：包含幻想世界、劍與魔法、校園設定、男主最強（龍傲天）、後宮以及戰鬥元素。特別是主角隱藏身分扮演無能但實際上是最強的設定，完全契合使用者追求的「裝逼」快感與「套路」感，且主角使用劍，是極高匹配度的推薦。
q15,"喜歡的類型 是異世界 轉生 重生 穿越 校園異能 幻想世界 劍與魔法 主角最強 多後宮 戰鬥要夠中二 都行
夠套路
要男主 一定要有戰鬥 後宮 沒後宮也沒關係但要有女主 如果主角拿的是劍我會更開心
不接受有沒男主的 例如蜘蛛又怎樣 能力值平均 怕痛的我
不接受虐主的 除了re 0 是因為動畫入坑的 除非前面虐後面很爽的這樣可以例如平職
需要裝逼讓我看的會高潮的 所以無職轉生我看不下去因為太真實太哭逼了",04f69bc4-77d8-57e5-b939-ee4c1201e098,惡魔高校DxD,石踏一榮,398.1,完結,"校園, 奇幻, 戰鬥, 後宮, 青梅竹馬, 人外, 富士見文庫, 日本輕小說",我，兵藤一誠是個年齡＝沒女朋友經歷的高二生。這樣的我也交到女朋友了！抱歉了朋友，我要先你們一步踏上大人的階梯！照理來說應該是這樣才對，為什麼我會被女朋友殺死？明明什麼甜頭都沒嘗到，這個世界還有天理嗎？然而全校第一美少女，莉雅絲·吉蒙里學姊救了這樣的我。自稱是惡魔的她，告訴我一個衝擊的事實。「你已經轉生變成惡魔了。為我工作吧！」在學姊的胸部和獎勵的引誘之下，我身為惡魔僕人的人生就此展開。純粹靠著氣勢與煩惱，校園奇幻戰鬥戀愛物語第一集！,3,該書高度符合用戶需求：包含校園異能、轉生（轉生為惡魔）、後宮、男主以及中二的戰鬥風格。主角雖非主用劍（而是龍之手），但整體屬於典型的強勢成長與裝逼套路，且完全不屬於用戶排斥的「虐主」或「太過真實」的類型，是極佳的匹配。
q15,"喜歡的類型 是異世界 轉生 重生 穿越 校園異能 幻想世界 劍與魔法 主角最強 多後宮 戰鬥要夠中二 都行
夠套路
要男主 一定要有戰鬥 後宮 沒後宮也沒關係但要有女主 如果主角拿的是劍我會更開心
不接受有沒男主的 例如蜘蛛又怎樣 能力值平均 怕痛的我
不接受虐主的 除了re 0 是因為動畫入坑的 除非前面虐後面很爽的這樣可以例如平職
需要裝逼讓我看的會高潮的 所以無職轉生我看不下去因為太真實太哭逼了",78ceb48c-7f64-5e0a-a706-1332712f7018,帶著智慧型手機闖蕩異世界,冬原パトラ,323.9,連載,"轉生, 魔法, 戰鬥, 龍傲天, 後宮, HJ文庫, 日本輕小說",手拿智慧型手機，在異世界展開的溫馨冒險故事！因為神明的失誤而死去的望月冬夜，在異世界開啟了第二人生。他擁有被神明提高能力的身體，以及在異世界也能使用的智慧型手機。他發揮著善良的天性，與許多人們相遇，結識重要摯友。在經歷這些過程的途中，主角在不知不覺間得知這個世界的秘密。他繼承了古代文明的遺產、跟樂天的世界之王們攜手合作，悠哉地環遊著世界——,3,該書完全符合使用者的核心需求：異世界轉生、男主最強（龍傲天）、後宮設定、且屬於典型的套路化爽文。劇情輕鬆且無虐主傾向，符合使用者要求的「裝逼」感，避開了使用者不喜歡的「太真實/哭逼」風格。
q15,"喜歡的類型 是異世界 轉生 重生 穿越 校園異能 幻想世界 劍與魔法 主角最強 多後宮 戰鬥要夠中二 都行
夠套路
要男主 一定要有戰鬥 後宮 沒後宮也沒關係但要有女主 如果主角拿的是劍我會更開心
不接受有沒男主的 例如蜘蛛又怎樣 能力值平均 怕痛的我
不接受虐主的 除了re 0 是因為動畫入坑的 除非前面虐後面很爽的這樣可以例如平職
需要裝逼讓我看的會高潮的 所以無職轉生我看不下去因為太真實太哭逼了",29d96b7d-02a9-5f66-b4d6-30b01d0abda4,被女神騙到異世界的我展開後宮生活,回復師,26.9,連載,"轉生, 魔法, 戰鬥, 龍傲天, 後宮, 富士見文庫, 日本輕小說",我被『七天免費體驗！』的廣告吸引，點擊了遊戲的下載按鈕。回過神來，竟然發現女神大人就在眼前！？「恭喜你！你對異世界……有興趣對吧？」我似乎被選為異世界生活測試員，並得到了女神大人所賦予的【魔法創造】技能。那麼，馬上前往朝思暮想的異世界吧──而我的轉移身分……竟然是大領主‧弗列斯特公爵家的名門公子！？有著未婚妻、女僕以及妹妹……多虧美女如雲的後宮環境，以及我自行開發的獨創魔法，讓我能盡情和女孩子卿卿我我！只是，女神大人好像有事情瞞著我……！？被女神欺騙的我展開的貴族後宮奇幻小說，在此開幕！,3,該書完全符合用戶的核心需求：異世界轉生、男主最強（龍傲天）、後宮設定、且屬於典型的套路化爽文。劇情方向為貴族生活與魔法開發，沒有虐主傾向，且具備用戶要求的「裝逼」潛力，極其契合用戶對「不虐主、強勢男主、後宮」的偏好。
q15,"喜歡的類型 是異世界 轉生 重生 穿越 校園異能 幻想世界 劍與魔法 主角最強 多後宮 戰鬥要夠中二 都行
夠套路
要男主 一定要有戰鬥 後宮 沒後宮也沒關係但要有女主 如果主角拿的是劍我會更開心
不接受有沒男主的 例如蜘蛛又怎樣 能力值平均 怕痛的我
不接受虐主的 除了re 0 是因為動畫入坑的 除非前面虐後面很爽的這樣可以例如平職
需要裝逼讓我看的會高潮的 所以無職轉生我看不下去因為太真實太哭逼了",aea0069f-5f58-537c-a87f-3ef6b3695aee,異世界魔王與召喚少女的奴隸魔術,村崎幸也,129.7,連載,"轉生, 魔法, 歡樂向, 後宮, 人外, 講談社, 日本輕小說",坂本拓真，MMORPG『十字幻想曲』之中被其他玩家稱為『魔王』，擁有壓倒性的強悍力量。有一天，他竟然以遊戲中的身分被召喚至異世界，遇到了兩個堅稱自己才是『召喚主』的少女。兩名少女對拓真施展馴服召喚獸的奴隸法術，卻因此啟動了拓真的特殊能力『魔術反射』，變成奴隸的人反而是兩名少女！這下子拓真可傷腦筋了，他雖然是最強的魔術師，卻完全沒有溝通能力，最後竟然在自暴自棄的情況下，借用了遊戲中魔王口吻的經典台詞──『你說我很強？那當然，我可是迪亞布羅……眾人恐懼的魔王啊！』即將震撼全世界的魔王(演技派)以絕對強大的力量勇闖異世界的冒險物語，正式登場！,3,這本書幾乎完全符合使用者的所有需求：異世界轉生、男主角最強（壓倒性力量）、後宮設定、且具有強烈的「中二」裝逼元素（主角透過演魔王來掩飾社交恐懼），完全沒有虐主情節，是典型的套路爽文。
q15,"喜歡的類型 是異世界 轉生 重生 穿越 校園異能 幻想世界 劍與魔法 主角最強 多後宮 戰鬥要夠中二 都行
夠套路
要男主 一定要有戰鬥 後宮 沒後宮也沒關係但要有女主 如果主角拿的是劍我會更開心
不接受有沒男主的 例如蜘蛛又怎樣 能力值平均 怕痛的我
不接受虐主的 除了re 0 是因為動畫入坑的 除非前面虐後面很爽的這樣可以例如平職
需要裝逼讓我看的會高潮的 所以無職轉生我看不下去因為太真實太哭逼了",f81d8654-47cb-5b70-81c3-5a838b2de2e8,轉生成了註定死亡的惡役千金的哥哥，想要養育妹妹改變未來 ～世界最強雖然是我、但世界最可愛的一定是妹妹～,泉里侑希,33.9,連載,"異世界, 妹妹, 後宮, 龍傲天, 奇幻, 冒險, 轉生, 遊戲, 戰鬥, 戀愛, 魔法, 校園, 其他文庫, 日本輕小說",我——澤克斯有一個妹妹。她叫卡蘿萊茵，有著美麗的金髮紅眼，是個非常可愛的女孩。可以毫不誇張地說，她是世界上最可愛的女孩子，她的笑容絕對可以被稱為天使。雖然她是我疼愛得不得了的妹妹，但實際上她已經被命運註定要死去。 這個世界與前世的遊戲《東西勇聖記》這款戀愛遊戲相似，在遊戲中，卡蘿萊茵作為主角聖女的對手——反派大小姐登場。而且，無論在哪條路線中，她都會遭遇非命。最愛的妹妹要死？ 難道我應該接受這種不合理的未來嗎？不，絕對不行！因此，我決定對抗命運。 拋開遊戲劇情，我要好好地培養妹妹，用蠻力扭轉眾多的死亡flag。 相信在這之後，我和卡蘿萊茵會有一個光明的未來。這是一個為了保護妹妹而變得最強的我，和世界上最可愛的妹妹卡蘿萊茵的故事。※有與偽娘角色的戀愛描寫。※雖然關鍵詞中有乙女遊戲，但這方面的元素可能比較少。,3,該書完美契合使用者的需求：包含異世界轉生、男主角、龍傲天（最強主角）、後宮、魔法與校園元素。情節核心在於利用最強能力扭轉命運並保護妹妹，符合使用者要求的「套路」與「裝逼」爽感，且沒有虐主傾向，是極高匹配度的推薦。
q15,"喜歡的類型 是異世界 轉生 重生 穿越 校園異能 幻想世界 劍與魔法 主角最強 多後宮 戰鬥要夠中二 都行
夠套路
要男主 一定要有戰鬥 後宮 沒後宮也沒關係但要有女主 如果主角拿的是劍我會更開心
不接受有沒男主的 例如蜘蛛又怎樣 能力值平均 怕痛的我
不接受虐主的 除了re 0 是因為動畫入坑的 除非前面虐後面很爽的這樣可以例如平職
需要裝逼讓我看的會高潮的 所以無職轉生我看不下去因為太真實太哭逼了",9d6500e4-f085-5812-add4-cfa1f368e3e0,當我因為覺得麻煩而逃避考試，結果卻以墊底序列開始學園生活的時候，從這裡開始逆轉局面是有可能的嗎？,斎藤正,6.2,連載,"轉生, 龍傲天, 魔法, 後宮, 異世界, 戰鬥, 校園, kakuyomu, Web輕小說",轉生後進入了一切以序列為主的學園，說真的，這不是很麻煩嗎？在不知不覺中死去而轉生的少年「西奧多·安瑟姆」，本來打算輕鬆地生活，但因為自己的才能（被強迫）進入了克羅諾斯魔法騎士學園。西奧多本來想要輕鬆生活，但他根本沒有幹勁，在入學後第一次重要的考試中逃避了考試……結果他在學園的序列從最低開始。據說序列低會有很多不便的事情，西奧多於是第一次真正下定決心，開始努力。就這樣，雖然因為自己的怠惰而掉到了最底層，但他卻在周圍人的牽引下，不斷向上爬升，身邊聚集了許多懷有各種心思的人。,3,該書完美符合使用者的多項核心需求：包含異世界轉生、校園設定、魔法騎士（劍與魔法）、龍傲天（主角最強）以及後宮元素。情節設定為「從墊底開始逆轉」，非常符合使用者追求的「裝逼」與「套路」快感，且明確為男主視角，完全避開了使用者排斥的虐主或非男主設定。
q15,"喜歡的類型 是異世界 轉生 重生 穿越 校園異能 幻想世界 劍與魔法 主角最強 多後宮 戰鬥要夠中二 都行
夠套路
要男主 一定要有戰鬥 後宮 沒後宮也沒關係但要有女主 如果主角拿的是劍我會更開心
不接受有沒男主的 例如蜘蛛又怎樣 能力值平均 怕痛的我
不接受虐主的 除了re 0 是因為動畫入坑的 除非前面虐後面很爽的這樣可以例如平職
需要裝逼讓我看的會高潮的 所以無職轉生我看不下去因為太真實太哭逼了",3c7258ef-3d13-5f1a-b84a-566b841b66d8,失格紋的最強賢者 ～世界最強的賢者為了變得更強而轉生了～,進行諸島,22.5,連載,"轉生, 戰鬥, 魔法, 龍傲天, 後宮, GA文庫, 日本輕小說",在某個世界，有個魔法戰鬥的造詣到達顛峰境界，甚至被冠以【賢者】稱號的人。為了追求最強的戰術，悉數研究過世界上存在的各種魔法和戰術後，他被迫面對『自己身上的紋章刻印不適合魔法戰鬥』這個殘酷的現實。於是，他將自己的靈魂封印並且轉生到未來世界。成功轉生為少年馬丁亞斯──擁有『最適合魔法戰鬥的紋章』。「──好！成功啦！！」他總算得到了『最適合魔法戰鬥的紋章』。然而，這個紋章在未來居然被視為「失格紋」！！他來到一個將『最適合魔法戰鬥的紋章』視為「失格紋」，低水準魔法理論猖獗的世界。擁有「失格紋」的馬丁亞斯，之後和擁有「榮光紋」的少女琉璃，以及擁有「常魔紋」的阿爾瑪相遇，進入王立第二學園就讀，並在此接連發揮過去被稱為【賢者】的實力──！！,3,該書完美契合使用者的需求：包含轉生、最強男主（龍傲天）、幻想世界、校園設定及後宮元素。劇情核心在於主角擁有頂尖實力卻被視為低能，隨後透過展現強大能力來「裝逼」，完全符合使用者要求的套路感與爽快感，且無虐主情節。
q15,"喜歡的類型 是異世界 轉生 重生 穿越 校園異能 幻想世界 劍與魔法 主角最強 多後宮 戰鬥要夠中二 都行
夠套路
要男主 一定要有戰鬥 後宮 沒後宮也沒關係但要有女主 如果主角拿的是劍我會更開心
不接受有沒男主的 例如蜘蛛又怎樣 能力值平均 怕痛的我
不接受虐主的 除了re 0 是因為動畫入坑的 除非前面虐後面很爽的這樣可以例如平職
需要裝逼讓我看的會高潮的 所以無職轉生我看不下去因為太真實太哭逼了",8a3cec36-3b54-570b-b80e-9b058aae85f1,關於人類是最強種族這件事,柑橘ゆすら,25.8,完結,"轉生, 魔法, 戰鬥, 後宮, 人外, 集英社, 日本輕小說",最強的條件是身為人類這件事！某天，我突然被召喚到劍與魔法的世界《艾特爾菲亞》。不知道為什麼，眼前的精靈美少女•莉亞稱呼只是平凡上班族的我為「人類大人」，還超級崇拜我!?沒想到，在召喚我的異世界中，人類竟然是『最古老且最強大的種族』！聽說，連我的一根頭髮都含有超規格的魔力，為了避免人們爭奪我的力量而發生紛爭，我決定跟莉亞一起打造可以安居的地方！在自家的地底下發現溫泉、用我的人類力量把史萊姆變成可愛的小女孩，靠著不管什麼願望都能實現的無敵人類力量，我決定要盡情享受無憂無慮的異世界生活！,3,推薦書籍高度符合用戶的所有需求：男主角、異世界轉生、劍與魔法設定、主角最強（設定為最強種族且擁有超規格魔力）、包含後宮元素（精靈與史萊姆少女）。此外，故事基調為無憂無慮的無敵流，完全避開了用戶不接受的「虐主」或「太真實/哭逼」的設定，非常符合用戶追求的「裝逼」與「套路」爽感。
q15,"喜歡的類型 是異世界 轉生 重生 穿越 校園異能 幻想世界 劍與魔法 主角最強 多後宮 戰鬥要夠中二 都行
夠套路
要男主 一定要有戰鬥 後宮 沒後宮也沒關係但要有女主 如果主角拿的是劍我會更開心
不接受有沒男主的 例如蜘蛛又怎樣 能力值平均 怕痛的我
不接受虐主的 除了re 0 是因為動畫入坑的 除非前面虐後面很爽的這樣可以例如平職
需要裝逼讓我看的會高潮的 所以無職轉生我看不下去因為太真實太哭逼了",4ef32a9b-32a4-58d9-9287-3a2b63e3f5b7,被流放的我憑藉廢柴技能『王位繼承權』成為最強掛逼國王 ～異世界的公主們為當我的臣下對我展開猛烈攻勢～,千月さかき,32.8,完結,"奇幻, 異世界, 冒險, 戰鬥, 後宮, 歡樂向, syosetu, Web輕小說",主人公綾垣航也被召喚到了異世界。那是一個被強大的王家憑藉只有他們才能操縱的魔法道具所支配的世界。被召喚的航也獲得的技能是『王位繼承權』——一項『被視作擁有所有王位繼承權』的作弊技能。得知自己是『擁有王位繼承權的異世界人』後，航也決心逃離王宮。航也的目標，是建立一個能讓自己安身立命的容身之所。離開王宮重獲自由的他，為了實現目標，開始用『王位繼承權』技能操控王家的魔法道具。在拯救民眾、使土地豐饒的過程中，古老的王位也出現在了航也面前。擁有能繼承所有王位的技能的航也，就此活用技能與王位，展開了建國大業。,3,該書完全符合用戶要求的異世界、男主最強、後宮、套路化以及非虐主等核心需求。故事設定為典型的「被放逐後展現強大能力」的爽文模式，具有強烈的裝逼元素且風格歡樂，與用戶尋找的「中二」、「套路」和「高潮」感高度契合。
q15,"喜歡的類型 是異世界 轉生 重生 穿越 校園異能 幻想世界 劍與魔法 主角最強 多後宮 戰鬥要夠中二 都行
夠套路
要男主 一定要有戰鬥 後宮 沒後宮也沒關係但要有女主 如果主角拿的是劍我會更開心
不接受有沒男主的 例如蜘蛛又怎樣 能力值平均 怕痛的我
不接受虐主的 除了re 0 是因為動畫入坑的 除非前面虐後面很爽的這樣可以例如平職
需要裝逼讓我看的會高潮的 所以無職轉生我看不下去因為太真實太哭逼了",93368a06-54c7-507c-bcfc-d3e572b63c96,在異世界迷宮開後宮,蘇我舍恥,89.6,連載,"奇幻, 冒險, 異世界, 後宮, syosetu, Web輕小說",「人生就是這樣的東西――」。對這個世界感到絕望的少年發現了一個網站。在這個世界覺得辛苦的話就去異世界生活吧，這樣想著點擊了滑鼠，等待他的真的是異世界！？但是因為有很多獎勵點數可以用，他化身成了最強的男人，並獲得了取得偶像級美少女的權利…！？重生的少年那有點作弊的後宮冒險就要開始了！,3,該書完全符合用戶的所有核心需求：異世界轉生、最強男主、後宮設定，且屬於典型的願望滿足（Power Fantasy）套路，強調「最強」與「作弊」，能滿足用戶希望看主角裝逼且不虐主的偏好。
q16,"如題想看校園類型小說，不知道有無推薦
純現實的不要有奇幻元素，集數不多的佳",e0273d6f-7ccc-5cce-b12a-af974b88ec7b,那些年，我們一起追的女孩,九把刀,9.4,完結,"校園, 青春, 戀愛, 歡樂向, 青春日常, 華文輕小說",我將一句話遺留在青春里。現在，我想跟妳說……多年以後，故事，終於找到了重新開始的方法胡鬧搞怪？叛逆熱血？對抗無聊的大人？不，我的青春，都是妳。一場名為青春的潮水淹沒了我們。浪退時，渾身濕透的我們一起坐在沙灘上，看著我們最喜愛的女孩子用力揮舞雙手，幸福踏向人生的另一端。下一次浪來，會帶走女孩留在沙灘上的美好足跡。但我們還在。刻在我們心中的女孩模樣，也還會在。豪情不減，嘻笑當年。,3,該書完全符合使用者要求的校園類型、純現實且無奇幻元素，是一部典型的青春校園小說。
q16,"如題想看校園類型小說，不知道有無推薦
純現實的不要有奇幻元素，集數不多的佳",6c6da02d-2b37-593e-8ebb-38867be72d07,Just Because！,鴨志田一,11.9,完結,"校園, 青春, 戀愛, 後宮, 電擊文庫, 日本輕小說",畢業前夕的轉學，冷卻的心再次跳動──國中時期轉學至福岡的瑛太，在高中生活只剩下三個月的時刻，因為父親的調職，再次回到故鄉‧鎌倉。在轉入的高中里，瑛太遇見他曾經抱有淡淡情愫的美緒，以及美緒傾心的陽斗。與瑛太在國中時期是棒球搭檔的陽斗忽然表示想向某位女性「告白」……,3,推薦書籍為純校園青春戀愛小說，完全符合使用者要求的「校園類型」且「無奇幻元素」的現實設定，與使用者核心需求高度匹配。
q16,"如題想看校園類型小說，不知道有無推薦
純現實的不要有奇幻元素，集數不多的佳",485b0734-0158-5e5f-ba83-c0d98c39db79,那個在三樓逃生樓梯吸煙的女生,douyueling,11.6,完結,"青春, 校園, 戀愛, 青春日常, 華文輕小說",在學校里總以假面具示人的我，遇見了某個總是在三樓逃生樓梯吸煙的女孩。總是以目空一切的眼神，無所事事地望著上空的她，到底在想什麼呢，又或者什麼都沒想呢？我又到底為什麼要拍下她？然後又為什麼要接近她呢？優等生的我和遊走在人際關係之外的她。不能靠近。無法靠近。但又糾纏在一起的寫到哪兒算哪兒的隨筆故事。,3,本書主題為校園、青春、戀愛，且內容屬於純現實的青春日常，完全符合用戶對「校園類型」且「不要有奇幻元素」的核心需求。
q16,"如題想看校園類型小說，不知道有無推薦
純現實的不要有奇幻元素，集數不多的佳",f32dd953-19b2-522d-9ccf-e5df4d3dad33,那一天，朱音投身青空,武田綾乃,14.6,完結,"日本文學, 校園, 青春, 戀愛, 黑暗, 其他文庫, 日本輕小說",一場突如其來的死亡事件，打開了封存在名為「高中校園」的沙盒中，那些難以見光的事物。資優生與普通生的階級制度、少女之間的明爭暗鬥、自以為是世界中心的少年……以「吹響吧！上低音號」系列一舉成名，青春小說代言人武田綾乃，一改明朗輕快的作風，為所有在沙盒中掙扎的孩子們，說出那些深埋內心的幽微苦澀、找不到出口的心事。,3,該書設定於高中校園，內容聚焦於現實中的階級制度與青春掙扎，完全符合使用者要求的「校園類型」且「無奇幻元素」的純現實需求。
q16,"如題想看校園類型小說，不知道有無推薦
純現實的不要有奇幻元素，集數不多的佳",02f16151-3eb8-5198-8acd-56e80a17106d,少年的你，如此美麗,玖月晞,11.7,完結,"校園, 青春, 戀愛, 青春日常, 華文輕小說",你有沒有為一個人，拼了命地去努力過？北望今心，陳年不移。曾經，是誰在夏天的燦爛陽光下拿樹枝寫下一個名字，告知少年，今心；曾經，是誰用目光引誘她念誦一個名字，用舌尖遞去一顆酸甜的糖；曾經，是誰拉著她在廢廠區里飛馳，看魔法點燃萬家燈火；曾經，是誰在雨中沿著露天舞台的台階奔跑，年輕的手在空中交握；那麼，又是誰從回憶中清醒，發現自己坐在一列緩慢行駛的火車車窗內；又是誰在充斥著泡麵味喧囂聲的車廂內，望著窗外走過無數次的荒野和大蛋黃，想著達爾文，想著生物題，想著小丑魚海葵和地衣；想著，共生關係，指兩種生物互利生活在一起，缺失彼此，生活會受到極大影響，甚至死亡。有人說，愛是藏不住的，閉上嘴巴，眼睛也會說出來。,3,推薦書籍標籤為校園、青春日常，且簡介描述的是純粹的青春戀愛回憶，完全符合使用者要求的「校園類型」且「無奇幻元素」的現實設定。
q16,"如題想看校園類型小說，不知道有無推薦
純現實的不要有奇幻元素，集數不多的佳",5ea1a8c4-4b7f-523d-84e6-11f1354a78e3,直至七月的人生已到盡頭,天澤夏月,9.8,完結,"校園, 青春, 戀愛, 電擊文庫, 日本輕小說",和逐漸失憶的少女所訂下的約定，結果將會是──平時生活不與別人打交道的高中生內村秀，某天撿到了同班同學飯山直佳所弄丟的USB隨身碟。當他看了裡頭的「遺書」後，一段奇妙的交流便開始了。最後秀知道了直佳患有進行性記憶障礙，期盼著自殺……「當你死去的那一刻，我也會跟上。假使你不願意，就給我繼續活下去啊。」「……內村同學，你有自覺到，自己說出了很蠢的話嗎？」一段令人心碎的凄美故事。,3,該書籍設定為高中校園，內容聚焦於記憶障礙與青春戀愛，完全符合使用者要求的「校園類型」且「無奇幻元素」的純現實設定。
q16,"如題想看校園類型小說，不知道有無推薦
純現實的不要有奇幻元素，集數不多的佳",eecb6617-4999-53e2-9195-873797d6e004,三月，七日。,森橋賓果,19.6,完結,"校園, 青春, 戀愛, 妹妹, Fami通文庫, 日本輕小說","孤獨寂寞的少女．七日。扮演模範生的少年．三月。在高一的春天即將到來的某一天，與同班同學的接吻。是運命的捉弄亦或偶然，邂逅的兩人漸漸被對方所吸引──刻划出一段少年與少女，充滿了青澀與哀愁的愛情故事。青澀的愛喲,絕望的戀喲,悲傷的情喲.....",3,該書為校園青春戀愛小說，完全符合使用者要求的『校園類型』且無任何奇幻元素，屬於純現實設定，高度契合使用者需求。
q16,"如題想看校園類型小說，不知道有無推薦
純現實的不要有奇幻元素，集數不多的佳",abb04027-c9ec-53bf-b857-60c6e56095a6,下雨天，不上學,相澤沙呼,8.5,完結,"校園, 青春, 集英社, 日本輕小說",只因為剛好家住得近，三十個素昧平生的人就毫無理由地被迫待在同一間教室，無法逃脫，失去飛翔的自由。大家穿著相同的制服，朝著同一個方向，接受同樣的陽光照射，解同樣的問題，強迫接受同一套生存之道。這麼一想，就覺得學校是個好滑稽、好好笑的地方。在意他人視線、害怕與人接觸而拒絕進教室上課的岡崎。受到同學惡意嘲弄仍不屈服於同儕壓力、不隨波逐流的森川。為憂鬱、輕生念頭所苦，持續寫著「想死筆記本」的藤崎。為鞏固在小團體內的地位，迎合他人欺負昔日好友的惠理。擅長攝影卻沒有自信、沉溺於網路世界尋求認同的堀內。因個性沉默寡言、不善交際而莫名成為霸凌對象的小町。六個纖細敏感的國中生，六則閃耀希望微光的故事。,3,該書設定在校園環境，且內容聚焦於國中生的心理掙扎、霸凌及青春成長等現實議題，完全不含奇幻元素，精確符合使用者對「校園類型」且「純現實」的需求。
q16,"如題想看校園類型小說，不知道有無推薦
純現實的不要有奇幻元素，集數不多的佳",7755b654-7a8c-593d-babe-cf9fcbe4a06a,果然我的青春戀愛喜劇搞錯了,渡航,268.0,完結,"校園, 青春, 戀愛, 歡樂向, 後宮, 妹妹, 小學館, 日本輕小說",「我的青春怎麼會變成這樣！」高中生八幡生性彆扭，不屈服於孤獨，沒有半個朋友，更不用提女朋友。對那些享受著青春的同班同學，他詛咒「他們都是騙子，通通給我爆炸吧！」關於未來的夢想，他宣稱要當「啃老族」——這樣一個傢伙被導師帶去全校第一美少女雪乃加入的「侍奉社」，平凡無奇的八幡與美少女的奇妙邂逅……這怎麼看都像是一場愛情喜劇吧！然而雪乃和八幡個性上的缺陷讓他們無法擦出愛情的火花。這是一則充滿錯誤的青春故事！,3,該小說屬於純粹的校園青春戀愛類，完全沒有奇幻元素，精準符合用戶對「校園類型」且「純現實」的需求。
q16,"如題想看校園類型小說，不知道有無推薦
純現實的不要有奇幻元素，集數不多的佳",2d2b6f73-8408-5f32-a591-9c1ba606da1a,小市民系列,米澤穗信,58.1,完結,"校園, 懸疑, 青春, 戀愛, 其他文庫, 日本輕小說",小鳩和小佐內同學既不是情侶，也不依賴彼此，卻是有著互惠關係的高一學生。今天他們兩人依然手牽著手，朝著正直謹慎小市民的目標邁進。雖然如此，謎題卻接連不斷地出現在他們面前：消失的包包，意義不明的兩幅畫，美味可可之謎，考試時破掉的玻璃瓶。明明不想扮演名偵探卻總是被迫解謎的小鳩究竟能不能抓住那顆小市民的星星呢？,3,該書設定在校園環境，且內容為現實世界的推理與青春故事，完全符合使用者要求的「校園類型」且「無奇幻元素」的核心需求。
q16,"如題想看校園類型小說，不知道有無推薦
純現實的不要有奇幻元素，集數不多的佳",450b1b99-4dcb-5bca-afd0-ac991f0de98f,十八時,鳴籟琢磨,26.0,完結,"青春, 戀愛, 校園, 輕文學, 青春日常, 華文輕小說",在高二秋天經歷一系列事情之後，本以為不會改變的兩人的關係極速的變化。面對兩位截然不同的女生，處於選擇中的少年究竟能否摸清自己的心意。高考即將來臨，而她和他的關係到底會變成何種形式。這是中國高中生的校園故事，圍繞幾名角色展開的有關友情，有關戀情，有關將來，有關過去的青澀的物語。,3,推薦書籍完全符合用戶對「校園類型」且「純現實」的需求，內容聚焦於高中生的友情、戀情與高考，無任何奇幻元素，與用戶意圖高度匹配。
q16,"如題想看校園類型小說，不知道有無推薦
純現實的不要有奇幻元素，集數不多的佳",55a59551-ee0b-5409-be2a-2f6ea658b489,趕在下午上課鈴敲響之前,阿津川辰海,12.3,完結,"校園, 青春, 懸疑, 其他文庫, 日本輕小說",這幫傢伙，實在是太棒了……！午休時間的「完美犯罪」要小心!?本格推理大獎得主的最高傑作！那些在旁人看來愚蠢至極的事情，卻是他們最耀眼的青春。以「校園午休」這一方小宇宙為舞台，描繪高中生群像與高超詭計完美融合的故事，熱情描繪了一部令人愛不釋手的傑作校園推理小說！,3,該書設定在校園環境，且為現實主義的推理小說，完全符合使用者要求的「校園類型」且「不要有奇幻元素」的核心需求。
q16,"如題想看校園類型小說，不知道有無推薦
純現實的不要有奇幻元素，集數不多的佳",554f01f7-a56e-59fa-b165-6662d974d2ba,二線級Love Story,持崎湯葉,10.9,完結,"校園, 青春, 戀愛, 講談社, 日本輕小說",心意是單向的。高中二年生松尾家之助，與擔任學生會長的摯友，完美超人一之瀨秋，及傾慕的同班同學，書記月本紗姬同屬於學生會，過著平凡而又快樂的高中生活。家之助知道自己對紗姬的這份心意。然而，紗姬卻似乎喜歡秋。就在家之助煩惱之際，卻得知了秋一個驚人的秘密！於是，家之助、紗姬還有秋三人的心意複雜地糾纏在一起——？第三次講談社輕小說挑戰杯佳作獲獎作，華麗登場！,3,該書為純粹的校園青春戀愛小說，完全符合使用者要求的「校園類型」且「無奇幻元素」的現實設定。
q16,"如題想看校園類型小說，不知道有無推薦
純現實的不要有奇幻元素，集數不多的佳",d1333c43-ea87-5b06-b679-b11cff7e1a90,彈珠汽水瓶里的千歲同學,裕夢,125.8,連載,"校園, 青春, 戀愛, 競技, 歡樂向, 後宮, 小學館, 日本輕小說",「五班的千歲朔是亂玩女人的渣男」──就算在學校匿名網站備受攻擊，依然君臨藤志高中階級制度頂層的現充，千歲朔。他身邊總是圍繞著外表內在都很優秀的一群朋友，像是公主氣場滿點的正宮位‧柊夕湖、努力的後天型現充‧內田優空，以及活力十足的籃球社主將‧青海陽……朔和朋友們在新班級里的快樂日子才開始沒多久，便有人拜託朔幫助一位把自己關在家裡的學生。本書是他的現充後宮傳，還是──？宣告新時代來臨的「現充視角」青春愛情故事，在此堂堂開幕！！,3,該書為典型的校園青春戀愛小說，設定完全基於現實世界，沒有任何奇幻或超自然元素，完全符合使用者對於「校園類型」且「純現實」的需求。
q17,"求推薦世界觀建構完整
主角很清楚當下該做甚麼
是不太希望主角輕鬆拿到一堆外掛這種的
然後也蠻喜歡主角大意、失誤或忘記重要信息導致危機感這種狀況發生
非戰鬥類主角也可以，感覺這類主角穿越的比較多?
但是如果是一個高中生通十八般武藝心理素質又特好的就不要",ee1586e1-8c51-5532-9699-eedccd36a73a,記錄的地平線,橙乃麻麻理,175.9,連載,"轉生, 奇幻, 戰鬥, 經營, 鬥智, 後宮, Fami通文庫, 日本輕小說",這裡是遊戲的世界嗎？抑或是——異世界!?3萬名日本玩家，受困於歷史悠久的在線遊戲——「幻境神話」的世界！與怪物的戰鬥、失去味道的食物、絕對不會死亡的際遇。直到昨天還只是遊戲的「劍與魔法之世界」，從今天起成為「現實世界」。在混亂的局勢之中，自負為獨行俠的城惠，即將與老友直繼以及美少女刺客曉，從廢墟城市「秋葉原」改革這個世界！,3,《記錄的地平線》非常符合用戶需求。首先，該作以極其詳盡且完整的世界觀建構（政治、經濟、社會制度）著稱；其次，主角城惠是典型的智將，明確知道目標並透過策略達成，而非依賴隨機外掛；此外，主角身分是輔助類職業而非戰鬥主體，且非典型的「全能高中生」設定。雖然主角處事謹慎，但劇情中的外交與權力鬥爭能帶來強烈的危機感。
q17,"求推薦世界觀建構完整
主角很清楚當下該做甚麼
是不太希望主角輕鬆拿到一堆外掛這種的
然後也蠻喜歡主角大意、失誤或忘記重要信息導致危機感這種狀況發生
非戰鬥類主角也可以，感覺這類主角穿越的比較多?
但是如果是一個高中生通十八般武藝心理素質又特好的就不要",6b82e907-a532-5e69-98c8-93c2357f9cfd,我是一個無限回歸者，但我有故事要講,신노아,196.8,完結,"末日, 腦洞, 懸疑, 鬥智, 戰鬥, 群像, 驚悚, other, 韓國輕小說",無限回歸流派看看任何一本奇幻小說，你都會發現回歸是一個保證有效的作弊代碼！但是無限回歸的能力又如何呢？沒有必要擔心壞結局，因為主角可以簡單地重置以達到最終的幸福結局。「作弊代碼個鬼」我親自嘗試了一下才發現並非如此。所有這些小說中描繪的回歸者成功的神話實際上都是假新聞……！這只是卑鄙的宣傳！「這次回歸也註定失敗。」這不是一個成功的故事，而是一個失敗者的尾聲。一位歷經1183次回歸的過來人，為您生動講述的感動實錄紀錄片，現在終於開始！···劇本：ZERO_SUGAR編輯：文學少女,3,這本書與使用者的需求匹配度很高。首先，它明確反對「回歸即外掛」的傳統設定，強調回歸者的失敗與艱辛，符合使用者不希望主角輕鬆拿到外掛的需求；其次，主角經歷了1183次回歸且多次失敗，這能帶來強烈的危機感與挫折感，符合使用者喜歡主角失誤或陷入困境的偏好；最後，主角是經驗豐富的生存者而非完美的模板高中生，且標籤包含「鬥智」與「懸疑」，暗示了對世界觀邏輯與策略的重視。
q17,"求推薦世界觀建構完整
主角很清楚當下該做甚麼
是不太希望主角輕鬆拿到一堆外掛這種的
然後也蠻喜歡主角大意、失誤或忘記重要信息導致危機感這種狀況發生
非戰鬥類主角也可以，感覺這類主角穿越的比較多?
但是如果是一個高中生通十八般武藝心理素質又特好的就不要",e628c541-7055-52cd-9025-b9ec832ebce4,現實主義勇者的王國重建記,どぜう丸,54.1,連載,"轉生, 奇幻, 經營, 戰爭, 後宮, 其他文庫, 日本輕小說",「哦哦，勇者啊！」被這種千篇一律的字句召喚至異世界的相馬一也的冒險──並未展開。將自己的富國強兵之策獻給國王之後，國王居然直接將王位禪讓給相馬！而且國王的女兒還成為相馬的未婚妻……!?為了重建這個國家，相馬開始對外徵才，尋找具備自己所欠缺的知識、技術以及能力的人，於是共有五名人才出現在成為國王的相馬面前。他們到底具備怎樣的「跨界」能力……!?這種現實主義的思惟，又會將相馬以及人民帶往什麼方向──革命性的異世界施政幻想物語，正式揭開序幕！,2,該作品符合用戶對於「主角清楚該做什麼」以及「世界觀建構（國家經營）」的需求，且主角並非戰鬥型。然而，主角在故事開始便迅速獲得王位，且主要依靠現代知識這一種形式的「外掛」來輕鬆推動改革，且主角性格極為理性穩健，較少出現用戶渴望的「因大意或失誤導致危機」的劇情，因此在部分核心偏好上不完全匹配。
q17,"求推薦世界觀建構完整
主角很清楚當下該做甚麼
是不太希望主角輕鬆拿到一堆外掛這種的
然後也蠻喜歡主角大意、失誤或忘記重要信息導致危機感這種狀況發生
非戰鬥類主角也可以，感覺這類主角穿越的比較多?
但是如果是一個高中生通十八般武藝心理素質又特好的就不要",34c5f3b9-94d0-5fb7-8163-f7601a84dd0a,無限迴圈遊戲,入間人間,24.2,連載,"冒險, 懸疑, 鬥智, 遊戲, 戀愛, 電擊文庫, 日本輕小說",教室里午休時間將至，一片天下太平，卻忽然受到巨大怪獸攻擊。我被怪獸一腳踩死。緊接著——眼前出現一串神秘的倒數數字，以及選擇是否接關的畫面。選擇「Yes」。結果我回到了午休時間前，「我死之前不久」的教室。也就是說，我死而復生了。只有我和敷島兩個人注意到。注意到這個世界是一場「遊戲」。注意到巨大怪獸將會再度來襲。在那串神秘的倒數數字減少到零為止……我們始終弱勢挨打，一再死掉重來。,2,該書雖然主角是高中生，但其設定並非無敵或心理素質極佳的完美角色，而是處於弱勢且不斷經歷失敗與死亡，符合用戶希望看到「危機感」與「非輕鬆獲勝」的需求。雖然時間迴圈是一種能力，但劇情強調的是掙扎而非輕易獲得外掛。整體氛圍與用戶對主角會失誤、面臨危機的偏好高度契合。
q17,"求推薦世界觀建構完整
主角很清楚當下該做甚麼
是不太希望主角輕鬆拿到一堆外掛這種的
然後也蠻喜歡主角大意、失誤或忘記重要信息導致危機感這種狀況發生
非戰鬥類主角也可以，感覺這類主角穿越的比較多?
但是如果是一個高中生通十八般武藝心理素質又特好的就不要",76c85188-dd36-5407-baab-1ab59ad75599,魔王與勇者的戰鬥背後,涼樹悠樹,41.4,連載,"穿越, 奇幻, 戰爭, 經營, 其他文庫, 日本輕小說",內政、防衛戰、戰後重建——這是與勇者不同的我所處的戰場。在一個勇者與魔王之戰決定世界命運的RPG遊戲世界中，貴族子嗣維爾納突然想起了自己的前世記憶。然而，他發現自己僅僅是個在故事中沒有名字、註定早早迎來死亡的路人角色。維爾納推斷出自己的死因後，為了迴避這個悲劇，他充分運用前世的知識與智慧，試圖找出活下去的方法。他靠遊戲的知識鍛煉自己，並與勇者麥瑟爾成為好友……接著面臨遊戲開始的第一個事件「魔物暴走」！勇者不在這個戰場，也沒有人察覺到魔物的目標。維爾納大顯身手，阻止了魔物的攻擊。而遊戲的歷史也因此改變——!?在傳說背後奮鬥的配角，即將在此展開一段奇幻正統的戰記。,2,該書符合使用者對於「主角清楚該做什麼」以及「非純戰鬥（經營、內政）」的需求。然而，使用者明確提到希望看到「主角因大意或失誤導致危機感」，而該書簡介強調的是主角利用遊戲知識成功避開死亡並化解危機，呈現出較強的掌控感，缺乏使用者追求的挫敗感與危機感。此外，利用前世與遊戲知識生存雖非直接外掛，但仍屬於一種資訊不對稱的優勢，可能與使用者不想讓主角輕鬆獲勝的期待有所偏差。
q17,"求推薦世界觀建構完整
主角很清楚當下該做甚麼
是不太希望主角輕鬆拿到一堆外掛這種的
然後也蠻喜歡主角大意、失誤或忘記重要信息導致危機感這種狀況發生
非戰鬥類主角也可以，感覺這類主角穿越的比較多?
但是如果是一個高中生通十八般武藝心理素質又特好的就不要",2b6ff7ba-fe69-5600-8224-cdecc398be9c,謊言遊戲 Liar·Liar,久追遙希,82.6,連載,"校園, 鬥智, 冒險, 青春, 戀愛, 後宮, MF文庫J, 日本輕小說",騙子們所獻上的最強無敵學園鬥智遊戲！在學生們不停決鬥以決定階級的學園島上，我──篠原緋呂斗參加了國內最困難的學園島入學測驗，並以歷代最佳成績脫穎而出。之後我又於轉學首日，擊敗去年的絕對王者‧彩園寺更紗，以學園島史上最快的速度，奪得了君臨頂點的『7星』。──沒錯，這一切當然全是一場騙局。闖下大禍的我，為了在學園島達成自身目的，不惜撒謊也得繼續君臨頂峰。為此，無論是視我為主人並從旁輔佐的美少女女僕‧姬路的作弊手段，或是與假冒大小姐的彩園寺所建立的共犯關係，我都要利用到底。好了，展開稱霸世界（遊戲）的騙局吧。,1,使用者明確提到不希望主角是「心理素質極好、全能的高中生」。雖然本作主角的強大是建立在「謊言」與「偽裝」之上，但其核心人設依然是典型的天才高中生，且在校園中展現出極強的掌控力，這與使用者想要避開的特質高度重疊。儘管「維持謊言」能帶來一定的危機感，但整體角色類型不符合使用者的偏好。
q17,"求推薦世界觀建構完整
主角很清楚當下該做甚麼
是不太希望主角輕鬆拿到一堆外掛這種的
然後也蠻喜歡主角大意、失誤或忘記重要信息導致危機感這種狀況發生
非戰鬥類主角也可以，感覺這類主角穿越的比較多?
但是如果是一個高中生通十八般武藝心理素質又特好的就不要",97b2ee15-5db5-5f82-b4a8-0a0c19bd96fc,428被封鎖的澀谷,北島行德,40.8,完結,"懸疑, 犯罪, 戰鬥, 鬥智, 講談社, 日本輕小說",還差兩分鐘嗎……彷彿為了提醒自己似的，他在腦海中如此沉吟著。也不知道這是第幾次看手錶了，隨著秒針的移動，他的精神也逐漸緊繃起來。有沒有出現可疑的人物？四周有沒有奇怪的動靜？,3,該作品屬於懸疑鬥智類，強調邏輯推理與資訊收集。主角並非擁有強大外掛的完美人物，且劇情核心在於透過嘗試與失敗來排除錯誤選項，非常符合使用者希望看到「主角因大意或資訊不足導致危機」以及「非全能完美高中生」的要求。世界觀設定嚴謹，且核心在於鬥智而非單純戰鬥。
q17,"求推薦世界觀建構完整
主角很清楚當下該做甚麼
是不太希望主角輕鬆拿到一堆外掛這種的
然後也蠻喜歡主角大意、失誤或忘記重要信息導致危機感這種狀況發生
非戰鬥類主角也可以，感覺這類主角穿越的比較多?
但是如果是一個高中生通十八般武藝心理素質又特好的就不要",a7bdecb3-5c5e-51b7-a11f-b47149d1716a,貝維克傳說,冰上慧一,23.5,完結,"戰爭, 鬥智, 其他文庫, 日本輕小說",以維利亞王國為中心的貝維克同盟，在面臨拉茲帝國來勢洶洶的武力威脅下，正處於劣勢。希農公國的公爵之子。理斯奉盟約之命趕往盟主渥肯斯王的身邊馳援。然而等著他的，竟然是國王的誤會與無謀的決策。面臨眼前日漸激烈的戰情，理斯將在希農騎士團及眾人的協助下勇敢地對抗下去……。,3,這部作品屬於戰爭鬥智類，設定在政治衝突的王國背景下，符合使用者對「完整世界觀」的需求。主角的身分是公爵之子而非「全能高中生」，且劇情強調面對國王無謀決策的困境，符合使用者不希望有輕鬆外掛、追求危機感與真實掙扎的偏好。雖然簡介未明確提到主角會失誤，但鬥智類作品通常包含策略失誤與反轉，整體調性與使用者要求高度契合。
q17,"求推薦世界觀建構完整
主角很清楚當下該做甚麼
是不太希望主角輕鬆拿到一堆外掛這種的
然後也蠻喜歡主角大意、失誤或忘記重要信息導致危機感這種狀況發生
非戰鬥類主角也可以，感覺這類主角穿越的比較多?
但是如果是一個高中生通十八般武藝心理素質又特好的就不要",06e49ac0-571b-584d-aca2-71bd61ed6922,黑牢城,米澤穗信,20.8,完結,"懸疑, 鬥智, 角川文庫, 日本輕小說",「官兵衛，這是只有你才能解決的詭異事件。」在近乎滴水不漏的閉鎖城池裡，意外的犯罪就這麼接連發生了……背叛織田信長的謀將·荒木村重被幽禁在地牢內的智將·黑田官兵衛在被戰事包圍、陷入四面楚歌困境的有岡城裡，另一場迎擊奇案的「推理」與「心理」攻防戰，就此展開。當謎團被解開的同時，歷史的變動與嶄新的世界面貌也即將在眾人的眼前揭曉。對神秘的事件採取抽絲剝繭般的拆解對彼此的內心進行試探與剖析對局勢的走向展開你來我往的較勁一個難以揣測其心思的謀反城主一個受困囹圄的戰國安樂椅偵探兩個人的推理，讓歷史的巨輪開始轉動了。,3,推薦書籍《黑牢城》的主角黑田官兵衛是著名的智將，符合使用者對「主角清楚該做什麼」且「非單純戰鬥類」的要求。故事設定在戰國時代的閉鎖城池中，屬於鬥智與推理類，避開了使用者厭惡的「高中生外掛」或「完美心理素質」設定。雖然簡介未明確提及主角會失誤，但其處於囚禁且四面楚歌的困境，能提供使用者想要的危機感與緊張感，整體契合度高。
q17,"求推薦世界觀建構完整
主角很清楚當下該做甚麼
是不太希望主角輕鬆拿到一堆外掛這種的
然後也蠻喜歡主角大意、失誤或忘記重要信息導致危機感這種狀況發生
非戰鬥類主角也可以，感覺這類主角穿越的比較多?
但是如果是一個高中生通十八般武藝心理素質又特好的就不要",3cb62840-905d-5d4d-9a3b-aee4b6e06279,三分之一,木下半太,12.6,完結,"懸疑, 犯罪, 黑暗, 鬥智, 角川文庫, 日本輕小說",三個走投無路、面臨絕望困境的流氓——酒店店長阿修、酒店少爺柯吉、熟客健哥，為了一舉逆轉「失敗者人生」，於是大膽策畫銀行搶案，沒想到，卻因為錯手殺害人質，遭到警方追捕而躲進尚未營業的「甜心兔」酒店。原本說好三人平分的數億日圓現金，在貪念作崇下，成了內鬨、相互算計的導火線，充滿欺騙的談判，更險些演變成生死交關的拼搏。但，這爭得頭破血流、你死我活的三人卻不知道——搶銀行的幕後黑手，其實另有其人！最糟糕的是，如惡魔般殘暴的「甜心兔」老闆——破魔翔，以及素有「川崎巫婆」之稱、地下錢莊的老闆娘涉柿多見子，也正在眾人背後虎視眈眈……不能被識破的多重詭計、假意投誠的暗椿內鬼，在各方人馬你爭我奪之下，這筆鉅款最後究竟會落入誰的手裡！？,3,這本書屬於鬥智犯罪類，完全沒有「外掛」或「完美高中生」的設定。劇情中明確提到主角因錯殺人質而導致局面失控被警方追捕，且內部因貪念產生內鬨，非常符合使用者希望看到「主角因失誤或大意導致危機感」的需求。雖然世界觀是現實都市而非奇幻設定，但其邏輯嚴密且符合非戰鬥類主角的偏好。
q17,"求推薦世界觀建構完整
主角很清楚當下該做甚麼
是不太希望主角輕鬆拿到一堆外掛這種的
然後也蠻喜歡主角大意、失誤或忘記重要信息導致危機感這種狀況發生
非戰鬥類主角也可以，感覺這類主角穿越的比較多?
但是如果是一個高中生通十八般武藝心理素質又特好的就不要",dc4e52f6-9fe0-5859-b323-a24c2bc5c767,轉生貴族胸懷大志,nama,301.2,連載,"轉生, 黑暗, 戰爭, 鬥智, 後宮, 異世界, syosetu, Web輕小說",在事故中死去的高橋修保留著前世的記憶，以維爾羅德侯爵家的伊薩克的身份重生。不過，那是妹妹在玩的戀愛遊戲的世界。那個遊戲以「掠奪愛」為主題，有著搶奪有婚約者的攻略角色的殘酷內容。那些攻略角色也是一群過分的傢伙。「那種王子居然是未來的國王？那樣的話，還是由我來當王比較好。」這是在乙女遊戲的世界裡，不察言觀色、行走於霸道的男人的故事。,2,主角有明確的目標（成為國王）且主動採取行動，符合「清楚當下該做什麼」的要求。標籤中的「鬥智」與「戰爭」暗示了較完整的世界觀建構與非單純武力解決的劇情。然而，主角擁有遊戲前世記憶屬於一種資訊外掛，且簡介中強調其霸道風格，未明確體現使用者渴望的「因大意或失誤導致危機」的特質。
q17,"求推薦世界觀建構完整
主角很清楚當下該做甚麼
是不太希望主角輕鬆拿到一堆外掛這種的
然後也蠻喜歡主角大意、失誤或忘記重要信息導致危機感這種狀況發生
非戰鬥類主角也可以，感覺這類主角穿越的比較多?
但是如果是一個高中生通十八般武藝心理素質又特好的就不要",b9d43df9-f7b8-50dd-99ae-2c374de50932,最強廢渣皇子暗中活躍於帝位之爭 佯裝無能的SS級皇子背地支配王位繼承戰,タンバ,212.0,完結,"鬥智, 魔法, 冒險, 後宮, 青梅竹馬, syosetu, Web輕小說",在福格爾大陸上的亞德拉西亞帝國，擁有強大的軍事力量和廣闊的領土。然而，這個帝國內部正因皇位繼承問題而陷入紛爭。由於沒有明確的皇太子，皇帝的子女們各自施展手段，試圖擴展自己的勢力。在這場爭鬥中，有一位被普遍認為絕不可能繼承皇位的皇子——第七皇子阿爾諾爾特·雷克斯·阿德勒。他是雙胞胎弟弟的影子，被人譏諷為「被榨乾的廢物皇子」。阿爾諾爾特無能且毫無鬥志，天天遊手好閒，過著放蕩不羈的生活。然而，在背後他卻擁有另一個身份——大陸上僅有五位的SS級冒險者之一，代號「銀」的強者。即便如此，阿爾諾爾特依然對愈演愈烈的皇位爭奪戰毫無興趣，但他最終還是做出了一個決定：「不想死啊……那就讓弟弟當皇帝好了。」這是一個對皇位毫無興趣的皇子的荒誕隱秘行動故事。,1,使用者明確表示不希望主角輕鬆擁有大量外掛，且反感心理素質太好、能力全能的完美主角。然而，推薦書籍的主角設定為頂尖的「SS級冒險者」，屬於典型的隱藏強者（OP）設定，這與使用者追求的「因失誤產生危機感」以及「非完美主角」的需求完全相反。
q17,"求推薦世界觀建構完整
主角很清楚當下該做甚麼
是不太希望主角輕鬆拿到一堆外掛這種的
然後也蠻喜歡主角大意、失誤或忘記重要信息導致危機感這種狀況發生
非戰鬥類主角也可以，感覺這類主角穿越的比較多?
但是如果是一個高中生通十八般武藝心理素質又特好的就不要",3ae08fce-97c2-5477-bc7d-095dbcf29379,死亡筆記 決戰新世界,日下部匡俊,7.5,完結,"奇幻, 懸疑, 犯罪, 鬥智, 集英社, 日本輕小說",名字被寫在這本筆記本上的人將會死亡『奇樂』，也就是夜神月，企圖以死亡筆記本改變這個世界，讓世上再也沒有犯罪。世界級名偵探『L』則打算阻止失控的奇樂。兩位天才之間的對決結束之後，過了10年的某一天，全世界的網路都遭到劫持，傅出『奇樂』所發送的訊息——「去奪得死亡筆記本吧——」被死神帶來世間的6本死亡筆記本。以及同時發生的多起大量殺人事件。在這一連串事件發生的同時，L的楓承者·龍崎加入由三島率領的死亡筆記本應對本部，並在隨機殺人的現場得到一本死亡筆記本。另一方面，在同一個殺人現場，出現奇樂信徒·紫苑的身影——3個人各自高舉著互不相讓的『正義』名號，展開了壯烈的門智戰爭—一！,3,該書為典型的鬥智類作品，高度符合使用者對「主角具備行動力」及「非純戰鬥類」的需求。故事核心在於利用嚴謹的規則（世界觀建構）進行心理博弈，且情節充滿了因失誤或資訊落差而產生的危機感，避開了使用者討厭的「全能高中生」或「毫無代價地獲得外掛」的套路，是非常契合的推薦。
q17,"求推薦世界觀建構完整
主角很清楚當下該做甚麼
是不太希望主角輕鬆拿到一堆外掛這種的
然後也蠻喜歡主角大意、失誤或忘記重要信息導致危機感這種狀況發生
非戰鬥類主角也可以，感覺這類主角穿越的比較多?
但是如果是一個高中生通十八般武藝心理素質又特好的就不要",6a9c5320-414f-5e76-93b5-5c484b005dd0,天才王子的赤字國家重生術～對了，就來賣國吧～,鳥羽徹,101.2,連載,"戰爭, 經營, 鬥智, 戀愛, 青梅竹馬, 妹妹, GA文庫, 日本輕小說",王子是最大的賣國賊!?只想拋下國家遊手好閒!!然而總是事與願違──？天才王子的赤字國家重生術～對了，就來賣國吧～「真不愧是殿下！ 沒想到背後還有這樣的意圖啊！」「我會永遠跟隨您的！」『（為什麼會變成這樣!?）』年輕的王子維恩，肩上背負的是一個資源、人才和兵力都很缺乏的弱小國家。文武雙全又深受臣子信賴的他，其實心裡有個不為人知的願望。「好想把國家賣了逃之夭夭啊──！」沒錯，原來王子的真面目是個想過悠哉自在隱居生活的賣國賊！但是，他在外交上討好大國，卻出乎預料地獨佔了利益；與鄰國交戰時本來只打算小贏一點，結果竟大獲全勝。雖然賺得了名聲，卻離賣國目標愈來愈遠，臣民也士氣高昂，讓他騎虎難下!?以天才王子為主角，充滿驚奇的弱小國家經營故事，就此開幕！,2,主角具備高智商且清楚當下該做什麼，且並非依靠系統或外掛而是憑藉個人能力，符合使用者對主角特質的需求。然而，該書的核心基調是「想失敗卻意外成功」的喜劇誤會流，而非使用者期待的「因失誤或大意而產生危機感」的緊張氛圍，在危機感的呈現上與需求有落差。
q17,"求推薦世界觀建構完整
主角很清楚當下該做甚麼
是不太希望主角輕鬆拿到一堆外掛這種的
然後也蠻喜歡主角大意、失誤或忘記重要信息導致危機感這種狀況發生
非戰鬥類主角也可以，感覺這類主角穿越的比較多?
但是如果是一個高中生通十八般武藝心理素質又特好的就不要",0f99472d-04a0-53ee-b3ba-53a0a0ab1463,D機關,柳廣司,39.9,完結,"懸疑, 間諜, 鬥智, 角川文庫, 日本輕小說",「只要心臟仍在跳動，就一定要把情報帶回來！」間諜對決 ╳ 推理鬥智 ╳ 國際局勢 殊死戰亞洲間諜推理小說第一人──柳廣司橫掃日本文壇，開創日本間諜推理小說巔峰四部曲一輩子不愛任何人、不相信任何人，頂著虛假的姓名，化身為隱形人，由一群名為「間諜」的怪物組成的「D機關」全員謹遵日本傳奇間諜「魔王」訓示：未達成任務前，誰都不準死！,3,該書為專業間諜鬥智小說，完全避開了使用者討厭的「外掛」與「全能高中生」設定。其世界觀基於國際政治與間諜活動，邏輯嚴謹且建構完整；專業間諜的設定符合「清楚該做什麼」且「非超能力」的要求，且類鬥智作品的核心通常在於資訊差與失誤導致的危機，與使用者對劇情張力的需求高度契合。
q17,"求推薦世界觀建構完整
主角很清楚當下該做甚麼
是不太希望主角輕鬆拿到一堆外掛這種的
然後也蠻喜歡主角大意、失誤或忘記重要信息導致危機感這種狀況發生
非戰鬥類主角也可以，感覺這類主角穿越的比較多?
但是如果是一個高中生通十八般武藝心理素質又特好的就不要",0325c67d-059a-55c4-a80d-aef3a0b69cbd,六個說謊的大學生,淺倉秋成,13.1,完結,"職場, 青春, 黑暗, 懸疑, 鬥智, 角川文庫, 日本輕小說",迅速成長的IT企業祭出高薪，首次招募社會新鮮人，就讀大學三年級的波多野祥吾，與其他五名應屆畢業生，從五千人里一路脫穎而出，進入面試最後一關。公司提出的最終面試考題，是要他們在一個月內建立一個團隊，若表現優異，則六個人都可以得到工作。隨著相處時間越來越長，他們也建立起如同夥伴的情誼。就在六個大學生賭上未來生涯，進行最終面試的途中，意外在面試室的角落發現了六封信，上面各自寫著每個人的名字，打開其中一封，裡頭竟放著「○○是殺人犯」的告密信。告密文暗示：「在場的這六個人，都是不折不扣的人渣。」為了保住工作機會，他們試圖找出告密信的犯人真面目，一場單純的面試開始走調，變成互揭瘡疤、腥風血雨的人性角力，甚至讓前途光明的他們，留下一生無法抹去的傷疤。在最終面試的多年後，「犯人死掉」時，一切犯罪動機才正要揭開。,2,該書雖然沒有複雜的奇幻或科幻世界觀（僅為現代背景），但極其符合用戶對主角特質的要求：沒有外掛、非完美人格（設定上每個人都是人渣）、充滿心理博弈與危機感，且完全避開了用戶厭惡的「全能高中生」設定。在角色動機、人性缺陷以及透過失誤/秘密產生危機的劇情走向上，與用戶需求高度契合。
q17,"求推薦世界觀建構完整
主角很清楚當下該做甚麼
是不太希望主角輕鬆拿到一堆外掛這種的
然後也蠻喜歡主角大意、失誤或忘記重要信息導致危機感這種狀況發生
非戰鬥類主角也可以，感覺這類主角穿越的比較多?
但是如果是一個高中生通十八般武藝心理素質又特好的就不要",d3d3f00f-a162-5792-a03b-189a8f6bfb03,最強廢渣皇子暗中活躍於帝位之爭,タンバ,63.8,連載,"鬥智, 魔法, 冒險, 後宮, 青梅竹馬, 角川文庫, 日本輕小說",無能萎靡的皇子艾諾特聲望低落。他生活浪蕩，還被帝國上下看扁成「優點都被傑出的雙胞胎弟弟吸收殆盡的『廢渣皇子』」。然而，面臨皇子間的帝位之爭越趨激烈的危機，艾諾特終於決心拿出真本事。「我沒有打算成為皇帝，但是要我被斗垮而死於非命嘛，想都別想。」深藏已久的稀世才智發揮出謀略與談判術，再加上「操控古代禁忌魔法之頂尖SS級冒險者」的真正實力及其地位──掩飾真身於暗中活躍的廢渣皇子將運用一切，並帶著肯為他奉獻的舉國第一美姬，從幕後支配這場帝位之爭！,1,用戶明確表示不希望主角輕鬆擁有大量外掛，且喜歡主角會失誤、大意導致產生危機感。而推薦的書籍主角設定為『深藏稀世才智』且擁有『SS級冒險者』與『禁忌魔法』的頂尖實力，屬於典型的隱藏強者（OP）設定，與用戶避雷的『外掛』及『完美心理素質/能力』相悖，缺乏用戶追求的危機感與不穩定性。
q18,"我最近剛看了龍王的工作的小說
雖然不懂將棋，但覺得對局的刻劃很棒
能看到將棋解說
也會側面描寫一些職業棋士、女流棋士的差別和情況

最喜歡的部分是銀子挑戰獎勵會那邊
書裡描寫的女性棋士會被小看的部分
那種低人一等、逆境求生的感覺做得很真實(?不會形容，總之很有代入感
銀子加油，不要輸給將棋星人!

希望各位能分享一些好看的將棋小說!!",a44a04aa-52aa-55dd-b939-eafa7f3c4f37,黑貓的王手！,八奈川景晶,7.5,連載,"青春, 戀愛, 歡樂向, 富士見文庫, 日本輕小說",一名少女向沒有女性存在的職業世界發起挑戰關東年輕棋士團體『東龍門』擔任監修並傾情奉上，正統將棋愛情喜劇！以全勝戰績突破獎勵會三段聯賽，達成這一偉業的天才棋士·長門成海，突然不加解釋就退出了將棋界。正當全日本為此震驚時，女流棋士·三河美弦一心只為增強實力，不知何故以Cosplay打扮前來討教！？「請教我下棋！不是長門先生就不行！」「我想改變贏不了男性棋士的自己！」「可以告訴我……長門先生不下將棋的緣由嗎？」——在穿著哥特蘿莉貓耳服的少女面前，最初勉強同意指導的成海也逐漸被她的熱情所感化——天才棋士×哥特蘿莉貓耳少女的正統將棋愛情喜劇，對局開始！！,3,用戶明確表示喜歡《龍王的工作》中關於將棋的刻畫，特別是女性棋士在職業世界中被低估、面對逆境求生的代入感。推薦的《黑貓的王手！》正是一部關於女性棋士挑戰男性主導的職業將棋世界、渴望改變無法贏過男性棋士現狀的作品，主題與用戶的核心需求高度契合。
q18,"我最近剛看了龍王的工作的小說
雖然不懂將棋，但覺得對局的刻劃很棒
能看到將棋解說
也會側面描寫一些職業棋士、女流棋士的差別和情況

最喜歡的部分是銀子挑戰獎勵會那邊
書裡描寫的女性棋士會被小看的部分
那種低人一等、逆境求生的感覺做得很真實(?不會形容，總之很有代入感
銀子加油，不要輸給將棋星人!

希望各位能分享一些好看的將棋小說!!",c6be5111-3e99-5a4d-89e9-10b4b0d3d3eb,棋魂,堀田由美,12.4,完結,"奇幻, 青春, 競技, 集英社, 日本輕小說",有一天，小學六年級的進藤光在爺爺家的倉庫里，找到一個古老的棋盤。而隱藏在其中的血痕竟然只有他看得見。就在阿光碰到棋盤的瞬間，寄宿在棋盤上的平安時代的天才棋士——藤原佐為的靈魂潛入阿光的意識里。原來那個棋盤是平安時代的棋士。藤原佐為靈魂所暫居的地方，而佐為為了追求「神之一招」的圍棋技藝，魂魄始終不肯離開棋盤，為的是尋找能與他共鳴的人。,1,使用者明確要求的是「將棋」小說，而推薦的《棋魂》是關於「圍棋」的作品。雖然兩者都屬於競技棋類主題且具有成長要素，但遊戲種類完全不同，且無法滿足使用者對「女性棋士逆境求生」這一特定情節的需求。
q18,"我最近剛看了龍王的工作的小說
雖然不懂將棋，但覺得對局的刻劃很棒
能看到將棋解說
也會側面描寫一些職業棋士、女流棋士的差別和情況

最喜歡的部分是銀子挑戰獎勵會那邊
書裡描寫的女性棋士會被小看的部分
那種低人一等、逆境求生的感覺做得很真實(?不會形容，總之很有代入感
銀子加油，不要輸給將棋星人!

希望各位能分享一些好看的將棋小說!!",c5976947-9fec-5485-a0fc-1af5166a8e1e,武士道系列,譽田哲也,40.0,完結,"輕文學, 校園, 青春, 競技, 女性視角, 其他文庫, 日本輕小說",新鮮清爽的青春娛樂傑作改編為電影、漫畫的人氣小說讓人不禁想要深呼吸、為英姿颯爽的少女們大聲喝彩！「……周圍的，全都是敵人……」磯山香織，自幼學習劍道，力道、速度、勝負感都高人一等。對她而言，現身於劍道之路前方的，都是敵人。懷抱著心靈導師武藏的教誨，她毫不猶豫地斬過場場比賽。「管他舊姓或新姓，我就是我。」西荻早苗，經由雜誌上一句話的啟發，意外走出了自己的風格。父母離婚之後雖然歷經混亂，卻仍保持樂觀。不執著於勝負，抱持著「不動心」的自我流劍士。性格相反兩個女孩在比賽場上相遇了……意外輸給無名選手的香織抱著復仇心進入早苗所在的東松高中。在同一座道場，兩個人截然不同的信念互相衝撞。相反的理念能互相理解嗎？《草莓之夜》作者譽田哲也「唯一沒有死人的作品」，劍道少女追求目標的凜然身姿燦亮耀眼。獻給堅持理念、在某條道路上前行的妳和你——,1,使用者明確要求推薦「將棋小說」，但推薦的書籍主題是「劍道」。雖然兩者在女性視角、競技精神以及面對逆境的奮鬥感上有相似的氛圍，但核心的將棋元素完全缺失，僅有表面上的主題關聯。
q18,"我最近剛看了龍王的工作的小說
雖然不懂將棋，但覺得對局的刻劃很棒
能看到將棋解說
也會側面描寫一些職業棋士、女流棋士的差別和情況

最喜歡的部分是銀子挑戰獎勵會那邊
書裡描寫的女性棋士會被小看的部分
那種低人一等、逆境求生的感覺做得很真實(?不會形容，總之很有代入感
銀子加油，不要輸給將棋星人!

希望各位能分享一些好看的將棋小說!!",a282d3f2-bf1e-56ee-bbc6-5b05a7818570,歡迎來到實力至上主義的教室,衣笠彰梧,403.9,連載,"校園, 鬥智, 青春, 戀愛, 後宮, MF文庫J, 日本輕小說",真正的實力、平等究竟為何？幾乎百分之百實現升學、就業目標的全國首屈一指的名校──高度育成高中。這間簡直如同樂園般的學校，真面目卻是唯有優秀者才能享受優待的實力至上主義學校！綾小路清隆被分配到最底層的D班，在那裡，他遇見了成績優異個性卻超難搞的美少女──堀北鈴音，和由體貼與溫柔所構成、天使般的少女──櫛田桔梗。與她們的相遇，使清隆的態度逐漸產生改變……,0,使用者明確要求推薦「將棋小說」，且強調對將棋對局刻劃及職業棋士處境的興趣。推薦的書籍《歡迎來到實力至上主義的教室》雖然包含鬥智元素，但與將棋完全無關，不符合使用者的核心需求。
q18,"我最近剛看了龍王的工作的小說
雖然不懂將棋，但覺得對局的刻劃很棒
能看到將棋解說
也會側面描寫一些職業棋士、女流棋士的差別和情況

最喜歡的部分是銀子挑戰獎勵會那邊
書裡描寫的女性棋士會被小看的部分
那種低人一等、逆境求生的感覺做得很真實(?不會形容，總之很有代入感
銀子加油，不要輸給將棋星人!

希望各位能分享一些好看的將棋小說!!",dde11f91-2b1a-5ab5-b06b-a87e7dddf007,遊戲人生 NO GAME NO LIFE,榎宮佑,176.6,連載,"轉生, 遊戲, 鬥智, 冒險, 歡樂向, 妹妹, MF文庫J, 日本輕小說",空與白既是尼特族又是家裡蹲，但是在網路上卻是被奉為都市傳說的天才遊戲玩家兄妹。稱世界為「爛遊戲」的兩人，某一天被自稱是『神』的少年召喚至異世界，那是個戰爭為神所禁止，只能『用遊戲決定一切』的世界——沒錯，甚至連國界也是一樣。被其他種族逼至絕境，只剩下最後都市的『人類種』，空與白這兩個廢人兄妹能夠成為異世界的『人類救世主』嗎？『……來吧，開始遊戲吧。』,0,使用者明確要求推薦「將棋小說」，且強調對將棋對局刻劃及職業棋士處境的興趣。而《遊戲人生》雖然包含鬥智與遊戲元素，但完全不涉及將棋，屬於異世界幻想類作品，與使用者的核心需求完全不符。
q18,"我最近剛看了龍王的工作的小說
雖然不懂將棋，但覺得對局的刻劃很棒
能看到將棋解說
也會側面描寫一些職業棋士、女流棋士的差別和情況

最喜歡的部分是銀子挑戰獎勵會那邊
書裡描寫的女性棋士會被小看的部分
那種低人一等、逆境求生的感覺做得很真實(?不會形容，總之很有代入感
銀子加油，不要輸給將棋星人!

希望各位能分享一些好看的將棋小說!!",2b6ff7ba-fe69-5600-8224-cdecc398be9c,謊言遊戲 Liar·Liar,久追遙希,82.6,連載,"校園, 鬥智, 冒險, 青春, 戀愛, 後宮, MF文庫J, 日本輕小說",騙子們所獻上的最強無敵學園鬥智遊戲！在學生們不停決鬥以決定階級的學園島上，我──篠原緋呂斗參加了國內最困難的學園島入學測驗，並以歷代最佳成績脫穎而出。之後我又於轉學首日，擊敗去年的絕對王者‧彩園寺更紗，以學園島史上最快的速度，奪得了君臨頂點的『7星』。──沒錯，這一切當然全是一場騙局。闖下大禍的我，為了在學園島達成自身目的，不惜撒謊也得繼續君臨頂峰。為此，無論是視我為主人並從旁輔佐的美少女女僕‧姬路的作弊手段，或是與假冒大小姐的彩園寺所建立的共犯關係，我都要利用到底。好了，展開稱霸世界（遊戲）的騙局吧。,1,使用者明確要求推薦「將棋小說」，且在意將棋的對局刻劃、職業棋士的環境以及逆境求生的代入感。而推薦的《謊言遊戲》是校園鬥智類小說，內容完全不涉及將棋，僅在「智鬥」這一廣義類別上有極其微弱的關聯，無法滿足使用者的核心需求。
q18,"我最近剛看了龍王的工作的小說
雖然不懂將棋，但覺得對局的刻劃很棒
能看到將棋解說
也會側面描寫一些職業棋士、女流棋士的差別和情況

最喜歡的部分是銀子挑戰獎勵會那邊
書裡描寫的女性棋士會被小看的部分
那種低人一等、逆境求生的感覺做得很真實(?不會形容，總之很有代入感
銀子加油，不要輸給將棋星人!

希望各位能分享一些好看的將棋小說!!",c72bd837-de8b-5294-9350-a78c06cc1cf4,地雷格力高,青崎有吾,13.9,完結,"校園, 遊戲, 鬥智, 女性視角, 角川文庫, 日本輕小說",由推理小說界旗手呈現的頭腦對決小說！在頰白高中就讀的射守矢真兔是一位擅長勝負對決的女高中生。為了爭奪文化祭屋頂的使用權，她不惜冒險爬上設置了陷阱的樓梯（「地雷格力高」），為了拯救卡牌部的困境，她挑戰了使用百人一首圖片牌進行的神經衰弱（「和尚衰弱」）。持續被捲入種種奇特遊戲中的她，她的命運和比賽的結果又將何去何從？,1,使用者明確要求的是「將棋小說」，而推薦的書籍《地雷格力高》雖然同樣包含頭腦對決與女性視角，但內容完全不涉及將棋，僅在「智鬥」與「女性主角」這類泛泛的標籤上與使用者喜好有微弱的關聯。
q18,"我最近剛看了龍王的工作的小說
雖然不懂將棋，但覺得對局的刻劃很棒
能看到將棋解說
也會側面描寫一些職業棋士、女流棋士的差別和情況

最喜歡的部分是銀子挑戰獎勵會那邊
書裡描寫的女性棋士會被小看的部分
那種低人一等、逆境求生的感覺做得很真實(?不會形容，總之很有代入感
銀子加油，不要輸給將棋星人!

希望各位能分享一些好看的將棋小說!!",ee1586e1-8c51-5532-9699-eedccd36a73a,記錄的地平線,橙乃麻麻理,175.9,連載,"轉生, 奇幻, 戰鬥, 經營, 鬥智, 後宮, Fami通文庫, 日本輕小說",這裡是遊戲的世界嗎？抑或是——異世界!?3萬名日本玩家，受困於歷史悠久的在線遊戲——「幻境神話」的世界！與怪物的戰鬥、失去味道的食物、絕對不會死亡的際遇。直到昨天還只是遊戲的「劍與魔法之世界」，從今天起成為「現實世界」。在混亂的局勢之中，自負為獨行俠的城惠，即將與老友直繼以及美少女刺客曉，從廢墟城市「秋葉原」改革這個世界！,0,使用者明確要求推薦「將棋小說」，且強調對局刻劃與職業棋士的描寫。而推薦的《記錄的地平線》是一部關於遊戲異世界的奇幻小說，與將棋完全無關。
q18,"我最近剛看了龍王的工作的小說
雖然不懂將棋，但覺得對局的刻劃很棒
能看到將棋解說
也會側面描寫一些職業棋士、女流棋士的差別和情況

最喜歡的部分是銀子挑戰獎勵會那邊
書裡描寫的女性棋士會被小看的部分
那種低人一等、逆境求生的感覺做得很真實(?不會形容，總之很有代入感
銀子加油，不要輸給將棋星人!

希望各位能分享一些好看的將棋小說!!",d3d3f00f-a162-5792-a03b-189a8f6bfb03,最強廢渣皇子暗中活躍於帝位之爭,タンバ,63.8,連載,"鬥智, 魔法, 冒險, 後宮, 青梅竹馬, 角川文庫, 日本輕小說",無能萎靡的皇子艾諾特聲望低落。他生活浪蕩，還被帝國上下看扁成「優點都被傑出的雙胞胎弟弟吸收殆盡的『廢渣皇子』」。然而，面臨皇子間的帝位之爭越趨激烈的危機，艾諾特終於決心拿出真本事。「我沒有打算成為皇帝，但是要我被斗垮而死於非命嘛，想都別想。」深藏已久的稀世才智發揮出謀略與談判術，再加上「操控古代禁忌魔法之頂尖SS級冒險者」的真正實力及其地位──掩飾真身於暗中活躍的廢渣皇子將運用一切，並帶著肯為他奉獻的舉國第一美姬，從幕後支配這場帝位之爭！,0,使用者明確要求推薦「將棋小說」，而推薦的書籍是一部關於皇位爭奪、魔法與冒險的奇幻小說。雖然兩者都包含「鬥智」元素，但完全不涉及將棋，與使用者的核心需求完全不符。
q18,"我最近剛看了龍王的工作的小說
雖然不懂將棋，但覺得對局的刻劃很棒
能看到將棋解說
也會側面描寫一些職業棋士、女流棋士的差別和情況

最喜歡的部分是銀子挑戰獎勵會那邊
書裡描寫的女性棋士會被小看的部分
那種低人一等、逆境求生的感覺做得很真實(?不會形容，總之很有代入感
銀子加油，不要輸給將棋星人!

希望各位能分享一些好看的將棋小說!!",34ff10db-b343-5e1f-a878-61bca7fcda15,騙王,秋目人,29.7,完結,"鬥智, 電擊文庫, 日本輕小說",與其默默等待人生終結，我要以謊言來奪取一切！我，將成為王——擁有領袖氣質與優秀頭腦，廣受人民愛戴的羅丹國第二王子斐茲拉爾德，孩提時代，夢想成為馴馬師的他，某天，那小小的世界突然崩壞了。親近之人的死亡，以及照料的仔馬成為晚餐被吃下肚，那天夜晚，哭泣著嘔出胃酸的斐茲拉爾德，領悟到：即便自己只是個孩子，即便「第二王子」註定無法繼承王權，周遭的人仍會將他捲入殘酷的權力鬥爭之中！——善良的個性只會賠上性命。要在這充滿政治權謀、醜惡人心的慾望漩渦中生存下去，唯一的希望只有憑藉無人能敵的機智謀略及精湛話術矇騙世人——當上王！,0,使用者明確要求推薦「將棋小說」，且對將棋的對局刻劃、職業棋士的處境及逆境求生有強烈興趣。推薦的書籍《騙王》雖然涉及鬥智與謀略，但其主題是關於王權鬥爭與政治權謀，完全不涉及將棋，與使用者核心需求完全不符。
q18,"我最近剛看了龍王的工作的小說
雖然不懂將棋，但覺得對局的刻劃很棒
能看到將棋解說
也會側面描寫一些職業棋士、女流棋士的差別和情況

最喜歡的部分是銀子挑戰獎勵會那邊
書裡描寫的女性棋士會被小看的部分
那種低人一等、逆境求生的感覺做得很真實(?不會形容，總之很有代入感
銀子加油，不要輸給將棋星人!

希望各位能分享一些好看的將棋小說!!",8c32c5e1-3516-563b-8e65-a587f9758d9e,明日華 －麻將餓狼傳－,吉村夜,9.7,完結,"青春, 競技, 戀愛, 集英社, 日本輕小說",追隨著憧憬的外祖父的背影，少年•明日華飛身進入了麻將世界。少年相信，其中有著消除對現狀的莫名不安的，真正的生活方式。與一名美女的邂逅，將少年領進了賭博的更深層次。那是完全沒想到過的一生一世的大對決。傾注一切的戰鬥結果是……！？就算是為了在自己身上下注的少女……狼要戰鬥！本格麻將小說登場！！,1,用戶明確要求推薦「將棋」小說，且對將棋的對局刻劃與職業環境有強烈興趣。推薦的書籍雖然也是競技類遊戲，但主題是「麻將」，與將棋完全不同，僅在「競技類遊戲」這一大類上有極其淺層的關聯，不符合用戶的核心需求。
q18,"我最近剛看了龍王的工作的小說
雖然不懂將棋，但覺得對局的刻劃很棒
能看到將棋解說
也會側面描寫一些職業棋士、女流棋士的差別和情況

最喜歡的部分是銀子挑戰獎勵會那邊
書裡描寫的女性棋士會被小看的部分
那種低人一等、逆境求生的感覺做得很真實(?不會形容，總之很有代入感
銀子加油，不要輸給將棋星人!

希望各位能分享一些好看的將棋小說!!",9d27eaf2-7f4c-57c8-ad6b-f7fca2993c18,強風吹拂,三浦紫苑,24.9,完結,"青春, 競技, 日本文學, 其他文庫, 日本輕小說",長跑的目標不是更快，而是更強。「明明這麼痛苦，這麼難過，為什麼就是不能放棄跑步？因為全身細胞都在蠢蠢欲動，想要感受強風迎面吹拂的滋味。」寬政大學宿舍「竹青庄」的十名舍友湊成雜牌長跑隊，在隊長清瀨灰二的魔鬼訓練下，從零開始向日本歷史最悠久的長跑接力賽「箱根驛傳」挺進 。這十名大學生包括兩名田徑隊逃兵、一對神經大條又聒噪的雙胞胎、俊帥漫畫宅男、尼古丁中毒的萬年留級生、邏輯超強的毒舌精英、不愛跑步的黑人留學生、老實好青年、百發百中猜謎王。這些「選手」剛開始時連自己是田徑隊都不知道，且一半成員沒有長跑經驗。他們能否創造「箱根驛傳」史上最大奇蹟？不到最後一棒，沒人知道答案。,1,用戶明確要求推薦「將棋小說」，並強調對將棋對局刻劃與棋士生存環境的興趣。雖然《強風吹拂》同樣是優秀的競技類作品，且具有用戶喜愛的「逆境求生」與「代入感」，但其主題是馬拉松而非將棋，與用戶的核心需求（將棋小說）僅有類別上的微弱關聯。
q18,"我最近剛看了龍王的工作的小說
雖然不懂將棋，但覺得對局的刻劃很棒
能看到將棋解說
也會側面描寫一些職業棋士、女流棋士的差別和情況

最喜歡的部分是銀子挑戰獎勵會那邊
書裡描寫的女性棋士會被小看的部分
那種低人一等、逆境求生的感覺做得很真實(?不會形容，總之很有代入感
銀子加油，不要輸給將棋星人!

希望各位能分享一些好看的將棋小說!!",41e0c645-de4b-56ae-b5e5-eee3f3f98684,銀盤萬花筒,海原零,113.7,完結,"競技, 青春, 戀愛, 人外, 女性視角, 集英社, 日本輕小說","16歲的花樣滑冰運動員櫻野妲茲紗,突然被加拿大幽靈彼特附體,偏偏此時妲茲紗向媒體宣布,要贏得奧林匹克運動會出場權......這樣不知該說「兩個人」還是「一個人」的組合，似乎要為絕不太平的將來作出許多犧牲......16歲的櫻野妲茲紗是公認的擁有100億美金的美貌花樣溜冰選手，但是卻因為心直口快，作風硬朗而不招人喜歡，本被期待的實力派的她在女子單人花樣滑比賽中失利敗北，更慘的是，還被一個倒霉的加拿大少年彼特的靈魂附體，彼特的靈魂要在100天後才能升天，他們兩人要度過整整100天同心同體的生活，彼特能夠通過妲茲紗的眼睛看到外界的一切，也就是說，櫻野在洗手間也不得安寧……混亂的生活就此開始……喜歡耍貧嘴而得罪媒體、陷入媒體集中炮火的櫻野能夠取得奧林匹克運動會的出場權嗎……？震撼花樣滑冰界的惡女主角的最凶傳說就這樣開始了!",0,用戶明確要求推薦「將棋小說」，且強調對將棋對局描寫及職業棋士生態的興趣。而推薦的書籍《銀盤萬花筒》主題是關於「花樣滑冰」的競技小說，與將棋完全無關，不符合用戶的核心需求。
q18,"我最近剛看了龍王的工作的小說
雖然不懂將棋，但覺得對局的刻劃很棒
能看到將棋解說
也會側面描寫一些職業棋士、女流棋士的差別和情況

最喜歡的部分是銀子挑戰獎勵會那邊
書裡描寫的女性棋士會被小看的部分
那種低人一等、逆境求生的感覺做得很真實(?不會形容，總之很有代入感
銀子加油，不要輸給將棋星人!

希望各位能分享一些好看的將棋小說!!",37bf7d89-f217-5561-b310-407303c1f133,玉高社交舞社歡迎您,三萩千夜,9.9,完結,"校園, 競技, 青春, 戀愛, 後宮, 角川文庫, 日本輕小說",遭受食物誘惑而被拐進「社交舞社」的雪也，在三名個性十足的女社員啟蒙下，逐漸深陷社交舞的樂趣當中——！不過好巧不巧，為了社團存亡而決定參加競技賽的雪也，竟和社內唯一不擅應付的冰山美人·璃子共組，對抗起競技舞社……！？讓你讀了心舞足蹈！舞蹈×戀愛喜劇揮灑出的青春塗鴉，起跑<Start>！,0,使用者明確要求推薦「將棋小說」，而推薦的書籍主題是「社交舞」，兩者在核心內容與主題上完全不相關。
q18,"我最近剛看了龍王的工作的小說
雖然不懂將棋，但覺得對局的刻劃很棒
能看到將棋解說
也會側面描寫一些職業棋士、女流棋士的差別和情況

最喜歡的部分是銀子挑戰獎勵會那邊
書裡描寫的女性棋士會被小看的部分
那種低人一等、逆境求生的感覺做得很真實(?不會形容，總之很有代入感
銀子加油，不要輸給將棋星人!

希望各位能分享一些好看的將棋小說!!",d34cfc4f-a0e7-590b-b393-4455408f46b2,四月是你的謊言 六人的練習曲,時海結以,6.7,完結,"校園, 青春, 戀愛, 群像, 音樂, 講談社, 日本輕小說",四月是你的謊言官方小說，由6個短故事組成，分別從各人的角度講述了和公生的故事像是原作最終話，小薰和渡的合影寫真的由來也描寫在內僅僅只是原作的細節補完。,0,使用者明確要求推薦關於「將棋」的小說，而推薦的書籍《四月是你的謊言 六人的練習曲》是關於音樂、青春與戀愛的作品，與將棋完全無關。
q18,"我最近剛看了龍王的工作的小說
雖然不懂將棋，但覺得對局的刻劃很棒
能看到將棋解說
也會側面描寫一些職業棋士、女流棋士的差別和情況

最喜歡的部分是銀子挑戰獎勵會那邊
書裡描寫的女性棋士會被小看的部分
那種低人一等、逆境求生的感覺做得很真實(?不會形容，總之很有代入感
銀子加油，不要輸給將棋星人!

希望各位能分享一些好看的將棋小說!!",77f888a3-fb44-56a6-affc-bfab525da5a9,交叉連結,久追遙希,44.9,完結,"科幻, 遊戲, 鬥智, 大逃殺, 性轉, 青梅竹馬, MF文庫J, 日本輕小說",垂水夕凪這名少年個性陰沉又不喜與人為伍，但在過去舉辦的「傳說中的地下遊戲」中，他是全世界唯一通關的人。成為平凡的高中生後，他又因為某個原因，被迫參加新的地下遊戲「一百名高端玩家獵殺『公主』」──而且是以「公主」的身分。不僅如此，原本在遊戲中擔任「公主」的電腦神姬──春風，還跟夕凪交換了身體，前往現實世界。接二連三發生不得了的狀況，讓夕凪的人生產生急劇的變化。並且，夕凪得知遊戲中的「公主」死亡等同於春風死亡後，為了顛覆「已經註定的敗北」，他決定挑戰不容許犯下任何一個失誤的極致通關法！,0,使用者明確要求推薦關於「將棋」的小說，且在意對局刻劃與職業棋士的處境。而推薦的書籍《交叉連結》是一部科幻、大逃殺類型的遊戲小說，與將棋完全無關。
q18,"我最近剛看了龍王的工作的小說
雖然不懂將棋，但覺得對局的刻劃很棒
能看到將棋解說
也會側面描寫一些職業棋士、女流棋士的差別和情況

最喜歡的部分是銀子挑戰獎勵會那邊
書裡描寫的女性棋士會被小看的部分
那種低人一等、逆境求生的感覺做得很真實(?不會形容，總之很有代入感
銀子加油，不要輸給將棋星人!

希望各位能分享一些好看的將棋小說!!",0709f004-b688-5e64-be70-6ef7de47f300,食戟之靈 ～a la carte～,伊藤美智子,12.1,連載,"美食, 校園, 青春, 競技, 群像, 集英社, 日本輕小說",「遠月學園」放連假了！住在極星寮里的學生們，各自安排了假期計畫。幸平要回老家，一色學長則是留下來照顧極星田，惠要參加「鄉土料理研究會」的集訓……大家的假期似乎還是和料理脫離不了關係？在假期中又會發生什麼事呢？收錄了『惠的旅程』、『巧的庶民對決』、『失落的食譜』、『靜謐的極星寮』和番外篇『魔法☆高麗菜』等短篇，揭露他們在住宿研習結束後的連續假期里所發生的故事。,0,使用者明確要求推薦關於「將棋」的小說，而推薦的書籍《食戟之靈》是關於「美食」與料理競技的作品，兩者主題完全不相關。
q18,"我最近剛看了龍王的工作的小說
雖然不懂將棋，但覺得對局的刻劃很棒
能看到將棋解說
也會側面描寫一些職業棋士、女流棋士的差別和情況

最喜歡的部分是銀子挑戰獎勵會那邊
書裡描寫的女性棋士會被小看的部分
那種低人一等、逆境求生的感覺做得很真實(?不會形容，總之很有代入感
銀子加油，不要輸給將棋星人!

希望各位能分享一些好看的將棋小說!!",d2a64d5e-901b-5ba7-8645-ebcde712fc54,蘿球社！,蒼山サグ,192.4,完結,"校園, 競技, 青春, 歡樂向, 後宮, 電擊文庫, 日本輕小說",在進入高中同時，長谷川昴就因為社長與小女生交往而無法進行社團活動。明明與小學生相關的話題就已經是禁忌了，為什麼自己卻在不知不覺間，成了小學的女子籃球社教練呢！？「嗯？不用擔心小褲褲會曝光啦，你看！」「果然人家是個大塊頭！」「我喜歡大哥哥的背部。」「那個，差……差不多該進行指導了吧…」「很多事情都變的很有趣了呢，嘻嘻。」面對五名性格鮮明的少女們強烈的自我表現，昴雖然被耍得團團轉，但為了守護他們各自的意念，他終於下定決心……！就算是小學女生也同樣充滿煩惱。被一群這樣的女孩們包圍、戲弄——青春活躍的運動喜劇活力登場！,0,使用者明確要求推薦關於「將棋」的小說，且在意對局刻劃與職業棋士的描寫。推薦的書籍《蘿球社！》是關於小學女子籃球隊的運動喜劇，與將棋完全無關。
q19,"如題 最近看的書越來越多 總覺得自己也越來越挑了 希望有人能推薦一些好書
以下條件：
1. 女主是（外表）蘿莉（可愛的少御也是可以啦）
2.有戀愛的元素（後宮可以 但拜託不要無腦倒貼）
3.希望是異世界（不一定要穿越）
4.有傲嬌或無口或吃貨之類的屬性更好
拜託各位了",b4b85ed6-72f5-5a08-858b-6892351efe85,關於在異世界經營起點孤兒院，超人高中生大開蘿莉後宮這檔子事,初枝蓮花,10.5,連載,"轉生, 奇幻, 冒險, 經營, 後宮, 人外, 其他文庫, 日本輕小說",某社交能力「逆天」的高中生真嗣，突然被召喚到了瓦爾姆斯王國。伴隨能力的覺醒，看似最廢能力的『防護』卻是億年難遇的神技？少年郎本當意氣風發，然而……國王竟然命令他經營廢棄的孤兒院！而且……不僅被一群計畫著收回前任院長欠款的黑手黨盯上，孤兒院里還聚集了群性格與容貌頗有反差的遺憾系美少女。任性妄為的高等精靈，一個人睡不著覺的貓娘，情緒化的大笨蛋女神，各種麻煩人麻煩事接踵而至。在班級內看起來是頂流，實際上是底層的他到底要怎麼做?他只有靠最強的異能和沒有去處的不幸同伴了！？現在！賭上無家可歸者們的居所，開啟波瀾壯闊的日常!!這就是，日後以最強孤兒院院長而聞名天下的『英雄真嗣』那壯大而華麗的冒險譚。,3,該書完全符合用戶的所有要求：1. 標題與內容明確提及「蘿莉後宮」，符合對女主外表的期待；2. 包含後宮與戀愛元素；3. 背景為異世界（被召喚至瓦爾姆斯王國）；4. 角色設定包含任性精靈、情緒化女神等具有屬性反差的少女，符合用戶對角色屬性的偏好。
q19,"如題 最近看的書越來越多 總覺得自己也越來越挑了 希望有人能推薦一些好書
以下條件：
1. 女主是（外表）蘿莉（可愛的少御也是可以啦）
2.有戀愛的元素（後宮可以 但拜託不要無腦倒貼）
3.希望是異世界（不一定要穿越）
4.有傲嬌或無口或吃貨之類的屬性更好
拜託各位了",805122ca-575f-57e0-aba5-593cb7e8ea5f,中國平梵谷中生轉移典到爆的異世界，同行者竟是日本美少女?!,蔚藍小珂,13.1,連載,"戀愛, 異世界, 奇幻, 冒險, 歡樂向, 龍傲天, 原生幻想, 華文輕小說",自古以來，轉移異世界多半都是日本人的特權可是「為什麼我在這裡啊！」面對被卡車創後到達的世界，十五歲的中國高中生公孫樞發出了靈魂質問非常『靠譜』的白毛幼女女神，可愛的龍娘，淘氣的的小惡魔，當然，高冷傲嬌的日本美少女公孫樞發現，這個世界居然如此的典？！？！然而本該平靜的異世界之旅實則暗藏殺機？且看來自中國的高中生應該如何化險為夷！,3,該書高度契合使用者的所有要求：1. 設定為異世界轉移（符合條件3）；2. 標籤包含戀愛且劇情涉及多名女性角色（符合條件2）；3. 登場角色包含白毛幼女女神、龍娘等符合「蘿莉/可愛」屬性的角色（符合條件1）；4. 且明確提到有「傲嬌」屬性的美少女（符合條件4）。
q19,"如題 最近看的書越來越多 總覺得自己也越來越挑了 希望有人能推薦一些好書
以下條件：
1. 女主是（外表）蘿莉（可愛的少御也是可以啦）
2.有戀愛的元素（後宮可以 但拜託不要無腦倒貼）
3.希望是異世界（不一定要穿越）
4.有傲嬌或無口或吃貨之類的屬性更好
拜託各位了",dba6332b-eac8-505f-a67b-58428ebef600,轉生成為只有死亡結局的邪惡貴族,馬路まんじ,7.2,完結,"轉生, 異世界, 後宮, 歡樂向, 少女文庫, 日本輕小說",一開始的時候，我只是想迴避被亞人殺害的命運……等到我回過神來——我已經將『反叛的戰乙女』的女主角收為女僕，構建了後宮！復仇系主人公——妖精公主夏洛特、犬耳獸人騎士愛麗希婭以及蘿莉吸血鬼汐葉菈從早上開始就會一起為我口，侍奉我！「早上好~！主人！我們舔得舒服嗎？」「哼，要不是主人，我可不會舔人類的JJ！嘶溜嘶溜」「啊啊~、主人的OO漲起來了~♪ 是不是要射出來了？」這是出於自保與偽善順勢而成的後宮情節。但現在，她們是我最重要的戀人！我會拼盡全力守護這份未來！,3,該書高度符合用戶的所有核心需求：1. 包含蘿莉角色（蘿莉吸血鬼）；2. 具有後宮與戀愛元素；3. 設定為異世界轉生；4. 角色對話中體現出傲嬌屬性（例如「哼，要不是主人...」）。雖然對方的奉獻程度極高，但整體屬性完全契合。
q19,"如題 最近看的書越來越多 總覺得自己也越來越挑了 希望有人能推薦一些好書
以下條件：
1. 女主是（外表）蘿莉（可愛的少御也是可以啦）
2.有戀愛的元素（後宮可以 但拜託不要無腦倒貼）
3.希望是異世界（不一定要穿越）
4.有傲嬌或無口或吃貨之類的屬性更好
拜託各位了",effebbec-2a18-5f73-8e41-f228f34dd286,女神大人的再教育，佐以史萊姆 ～這次，要在異世界運營保育園了～,おゆゆ,141.2,完結,"轉生, 異世界, 奇幻, 美食, 魔法, 戀愛, syosetu, Web輕小說",我叫壽和也，三十二歲，單身。收入尚可，但也是個不折不扣的社畜。每天的生活幾乎就是公司和家兩點一線。是個偶爾在休息日靠著做一整天料理來勉強維持自我的平凡上班族。就在這樣的我面前，從女神大人那裡降臨了能轉生到異世界的大好機會。我當然欣然接受，並期望著夢寐以求的『Galgame一樣的世界』，被傳送了過去，結果……對方卻犯下了傳送失誤這種天大的紕漏。不僅如此，還被強加了女神大人的再教育……需要再教育才能上崗的女神大人到底是怎麼回事？而且不運營保育園就回不了原來的世界，這又是什麼鬼設定啊……。「和也～肚子餓了～！今天的飯是什麼呀～？啊，當然要大份的哦！」看來是女神大人在叫了……。「是是，請稍等一下。對了，今天預定會附上史萊姆料理作為甜點……吃得下嗎？」「太棒啦～！當然！大份再加甜點～！」……我印象中的女神大人都是崇高的形象，這位是不是有點太貪吃了。不，沒關係哦？反正我擅長料理，而且這個世界史萊姆可以食用，我也會嘗試各種烹飪方法的……。在異世界×料理×保育園的世界觀下，為您獻上一段充滿Galgame般戀愛要素與突發事件，有歡笑、有感動，明明有時限卻又悠閑無比的慢生活物語。故事，就此開幕～♪,3,該書完全符合使用者的核心需求：設定在異世界（轉生）、包含戀愛要素（Galgame風格）、女主角（女神）具有明確的「吃貨」屬性，且故事背景設定為運營「保育園」，高度契合使用者對蘿莉/可愛少御的需求。
q19,"如題 最近看的書越來越多 總覺得自己也越來越挑了 希望有人能推薦一些好書
以下條件：
1. 女主是（外表）蘿莉（可愛的少御也是可以啦）
2.有戀愛的元素（後宮可以 但拜託不要無腦倒貼）
3.希望是異世界（不一定要穿越）
4.有傲嬌或無口或吃貨之類的屬性更好
拜託各位了",2fff4ed5-a9ef-59bb-a241-3a4975112592,路人祭司發現這個世界是乙女遊戲而親手養育女主角,レオナールD,37.0,連載,"轉生, 異世界, 校園, 戀愛, 歡樂向, kakuyomu, Web輕小說",眼前出現了一位不幸的女主角。看來，這個世界是一個乙女遊戲，而我似乎是只在開場稍微登場一下沒有名字的路人祭司。雖然可以完成身為路人的任務，然後就這樣從遊戲中退出……等等，如果這樣下去，女主角可能會受到非常糟糕的對待。為了拯救這位可愛又善良卻身處不幸的女主角，只能由我來養育她了！,3,該書設定在異世界（乙女遊戲），且劇情核心為「養育女主角」，符合用戶對女主（蘿莉/可愛少女）以及異世界設定的要求，且標籤包含戀愛元素，與用戶需求高度契合。
q19,"如題 最近看的書越來越多 總覺得自己也越來越挑了 希望有人能推薦一些好書
以下條件：
1. 女主是（外表）蘿莉（可愛的少御也是可以啦）
2.有戀愛的元素（後宮可以 但拜託不要無腦倒貼）
3.希望是異世界（不一定要穿越）
4.有傲嬌或無口或吃貨之類的屬性更好
拜託各位了",f81d8654-47cb-5b70-81c3-5a838b2de2e8,轉生成了註定死亡的惡役千金的哥哥，想要養育妹妹改變未來 ～世界最強雖然是我、但世界最可愛的一定是妹妹～,泉里侑希,33.9,連載,"異世界, 妹妹, 後宮, 龍傲天, 奇幻, 冒險, 轉生, 遊戲, 戰鬥, 戀愛, 魔法, 校園, 其他文庫, 日本輕小說",我——澤克斯有一個妹妹。她叫卡蘿萊茵，有著美麗的金髮紅眼，是個非常可愛的女孩。可以毫不誇張地說，她是世界上最可愛的女孩子，她的笑容絕對可以被稱為天使。雖然她是我疼愛得不得了的妹妹，但實際上她已經被命運註定要死去。 這個世界與前世的遊戲《東西勇聖記》這款戀愛遊戲相似，在遊戲中，卡蘿萊茵作為主角聖女的對手——反派大小姐登場。而且，無論在哪條路線中，她都會遭遇非命。最愛的妹妹要死？ 難道我應該接受這種不合理的未來嗎？不，絕對不行！因此，我決定對抗命運。 拋開遊戲劇情，我要好好地培養妹妹，用蠻力扭轉眾多的死亡flag。 相信在這之後，我和卡蘿萊茵會有一個光明的未來。這是一個為了保護妹妹而變得最強的我，和世界上最可愛的妹妹卡蘿萊茵的故事。※有與偽娘角色的戀愛描寫。※雖然關鍵詞中有乙女遊戲，但這方面的元素可能比較少。,3,該書完全符合使用者的核心需求：設定為異世界、女主（妹妹）被描述為世界上最可愛的女孩（符合少御/蘿莉感）、包含戀愛與後宮元素。雖然簡介未明確提及傲嬌或吃貨等具體屬性，但其「惡役千金」的設定通常包含這些特質，整體匹配度很高。
q19,"如題 最近看的書越來越多 總覺得自己也越來越挑了 希望有人能推薦一些好書
以下條件：
1. 女主是（外表）蘿莉（可愛的少御也是可以啦）
2.有戀愛的元素（後宮可以 但拜託不要無腦倒貼）
3.希望是異世界（不一定要穿越）
4.有傲嬌或無口或吃貨之類的屬性更好
拜託各位了",a5b69bfc-6420-5a59-ab75-79a1e19eeae6,能力是遊戲玩家的我，雖然在異世界被關進了貴族的牢房，但靠著遊戲的能力自由地外出，結果成為了靈異事件,さらし,33.8,連載,"穿越, 異世界, 冒險, 異能, 歡樂向, 女性視角, 魔法, 蘿莉, 旅行, syosetu, Web輕小說",「初次見面（どーも），我，被變成幼女然後被扔到了異世界了」據說好像是和什麼超能量融合在了一起，變成像害獸一樣把次元之壁給破壞了。然後被丟進異世界沒多久，就被看起來超壞的豬貴族關進牢房了。「哦呀？居然還有飯吃，牢房生活還不賴嘛？不好意思～還有飯嗎？」還算舒適的囚犯生活。還有讓人頭疼的豬貴族。玩遊戲來開放能力！用著能力自由進出牢房後，不知不覺間開始了幽靈騷動。性格惡劣又小家子氣的幼女，將他人價值徹底榨乾利用殆盡，過著逍遙自在的生活！,2,該書符合用戶對「女主是蘿莉」以及「異世界」的核心要求，且女主性格惡劣、愛吃牢房飯的設定也符合用戶對屬性的偏好。然而，提供的書籍資訊中完全沒有提到「戀愛元素」，這在用戶的要求中是明確提到的條件，因此給予 2 分。
q19,"如題 最近看的書越來越多 總覺得自己也越來越挑了 希望有人能推薦一些好書
以下條件：
1. 女主是（外表）蘿莉（可愛的少御也是可以啦）
2.有戀愛的元素（後宮可以 但拜託不要無腦倒貼）
3.希望是異世界（不一定要穿越）
4.有傲嬌或無口或吃貨之類的屬性更好
拜託各位了",a5dea480-14d9-5068-8855-22647e15995a,異世界拉皇探求者,西表洋,19.0,連載,"轉生, 奇幻, 歡樂向, 美食, 後宮, GA文庫, 日本輕小說",「呀！？兄長大人，這，這個是？」梅抖得像個聽到死刑宣告的犯人，碗公當前的她露出彷佛快哭出來的眼神看著叉，「沒問題的，你就快點吃吧！麵條會泡漲的。」「真的沒問題嗎……」在現世開了26間拉麵店，並且在半年之內經營到全數倒閉的主角·叉，記憶原封不動殘留下來的他，居然投胎轉世到了一個奇幻世界！？在這個沒有競爭者的世界裡，他打算用聽說是最美味的龍肉製作叉燒，在拉麵道上登峰造極，叉能實現他的野心嗎！？獲得了第6回GA文庫大賞獎勵賞，異世界拉麵加量再加量的愛情喜劇！比起拉麵，更推薦女主角喔！,3,該書完美符合用戶的大部分要求：1. 設定在異世界（轉生、奇幻）；2. 包含戀愛與後宮元素（標籤明確標註後宮，且為愛情喜劇）；3. 包含美食元素，符合用戶提到的「吃貨」屬性；4. 從文風和出版社（GA文庫）來看，女主角通常符合「可愛」的設定。整體而言是非常精準的推薦。
q19,"如題 最近看的書越來越多 總覺得自己也越來越挑了 希望有人能推薦一些好書
以下條件：
1. 女主是（外表）蘿莉（可愛的少御也是可以啦）
2.有戀愛的元素（後宮可以 但拜託不要無腦倒貼）
3.希望是異世界（不一定要穿越）
4.有傲嬌或無口或吃貨之類的屬性更好
拜託各位了",feb34836-55f7-5ecb-b1c0-178a0db24b05,你喜歡有點色色又變態的公主殿下嗎？,お魚1號,10.4,連載,"轉生, 歡樂向, 後宮, 偽娘, 人外, 其他文庫, 日本輕小說",帶著壓倒性的作弊級能力轉生到異世界，不過性癖稍微有些特殊的新魔王，為了打造出充滿美少女嬌喘聲與哀號聲的鬼畜後宮城，讓身為魔族公主的姬兒前往各地收集異世界的美少女……。「喔，這女的還真漂亮。──喂，這傢伙不是獸人嗎────！！！」收集而來的是公主殿下（其實是獸人）、妖精（不過神智不清）、女高中生（但是說話惡毒）、勇者（然而是偽娘）等等，儘是些有著獨自特色的女孩。不僅如此，對於新魔王芳心暗許的姬兒，更打算實行某個計畫……？純情公主（可惜是變態）與諸多女孩們所掀起的異世界喜劇，就此揭開序幕！,3,該書完全符合異世界設定與後宮/戀愛元素，且女性角色（如公主、妖精、惡毒女高中生等）具有鮮明的屬性，符合使用者希望角色有特定特質（如傲嬌、無口等）的需求。雖然簡介未明確標記「蘿莉」，但整體角色組成趨向符合「可愛少御」的設定，相關度很高。
q19,"如題 最近看的書越來越多 總覺得自己也越來越挑了 希望有人能推薦一些好書
以下條件：
1. 女主是（外表）蘿莉（可愛的少御也是可以啦）
2.有戀愛的元素（後宮可以 但拜託不要無腦倒貼）
3.希望是異世界（不一定要穿越）
4.有傲嬌或無口或吃貨之類的屬性更好
拜託各位了",e5abcb9c-3acc-5374-ad51-c1645be5d41b,惡魔公女 ～悠哉惡魔の物語～,春の日びより,27.9,完結,"異世界, 轉生, 女性視角, 大小姐, 黑暗, 人外, 戀愛, syosetu, Web輕小說",——我夢見了一個、滿溢光輝的世界。家人、學校、友人、電車、公交、電影、書本。我在那個光之世界成長……最後在純白的房間中，被黑暗吞沒。夢醒之時，我已身處名為「惡魔界」的世界，化作一隻小小的惡魔。「——好想回去——」在我的心底，對光之世界的憧憬逐漸萌芽。然後終於，我跳進了眼前顯現的「召喚門」。再次醒來時，竟以人類嬰兒之姿降生於世。而我的誕生之地、與希望歸還的世界不同，居然是「神聖王國」。雖然擁有惡魔的力量，但嬰兒之身仍然太過孱弱。絕對要隱瞞住，自己是惡魔的事實——來吧，可愛的人類們啊~為我獻上、恐懼與絕望之花吧！,3,該書完全符合使用者的需求：1. 女主轉生為人類嬰兒（符合外表蘿莉/少御）；2. 標籤包含戀愛元素；3. 明確為異世界轉生設定；4. 雖然簡介未詳述傲嬌或無口，但女主身為惡魔且試圖在人類世界生存的設定通常具備較強的角色屬性。整體高度匹配。
q19,"如題 最近看的書越來越多 總覺得自己也越來越挑了 希望有人能推薦一些好書
以下條件：
1. 女主是（外表）蘿莉（可愛的少御也是可以啦）
2.有戀愛的元素（後宮可以 但拜託不要無腦倒貼）
3.希望是異世界（不一定要穿越）
4.有傲嬌或無口或吃貨之類的屬性更好
拜託各位了",124766bf-403b-5e3b-9ef0-d12887e59852,從聖女職位被開除後 不知為何幼女化成為了魔王的寵物,美雨音ハル,15.7,完結,"轉生, 魔法, 歡樂向, 戀愛, 女性視角, 角川文庫, 日本輕小說",作為張開人類世界與魔界之間結界的我，普蕾西亞。因為莫須有的罪名遭到處刑。本該是這樣的我，卻在醒來後來到魔王城。不知為何，維持聖女之力卻變回幼女模樣的我作為魔王大人的寵物在魔界過著被可愛的禮服和甜點包圍的每一天!雖然幸福，卻又擔心真面目會曝光，滿是意外事件!而且，魔王大人似乎也有什麼秘密…?,3,該書完全符合使用者的所有核心需求：女主變成了幼女（滿足蘿莉屬性）、設定在魔界（滿足異世界）、標籤包含戀愛，且劇情中提到被甜點包圍（滿足吃貨屬性）。
q19,"如題 最近看的書越來越多 總覺得自己也越來越挑了 希望有人能推薦一些好書
以下條件：
1. 女主是（外表）蘿莉（可愛的少御也是可以啦）
2.有戀愛的元素（後宮可以 但拜託不要無腦倒貼）
3.希望是異世界（不一定要穿越）
4.有傲嬌或無口或吃貨之類的屬性更好
拜託各位了",8b206507-0c3f-5e3b-b6e5-d4dbe22ef7fa,因此少女以回憶為食,七烏未奏,11.2,完結,"奇幻, 戀愛, 人外, 妹妹, 一迅社, 日本輕小說",「老身是以回憶為食的魔物。」悄然佇立於郊外的小鎮——靈戶路鎮。在經營著粗點心店、與妹妹的幽靈一起生活的我的面前，出現了一位穿著哥特蘿莉裝的少女。背負著忘卻了重要的「什麼」的我們與成為了食客、自稱是「魔物」的少女的共同生活，即將迎來溫柔而殘酷的真實。七烏未奏為您送上的Heartful Fantasy。,3,該書完全符合使用者的需求：女主穿著哥特蘿莉裝（符合蘿莉外表）、標籤包含戀愛、設定為奇幻世界（符合異世界），且女主「以回憶為食」的設定與使用者提到的「吃貨」屬性有有趣的呼應。
q19,"如題 最近看的書越來越多 總覺得自己也越來越挑了 希望有人能推薦一些好書
以下條件：
1. 女主是（外表）蘿莉（可愛的少御也是可以啦）
2.有戀愛的元素（後宮可以 但拜託不要無腦倒貼）
3.希望是異世界（不一定要穿越）
4.有傲嬌或無口或吃貨之類的屬性更好
拜託各位了",c373d798-8770-5e63-8758-095bfb85d315,妖姬的鎮魂宴,希,9.1,完結,"奇幻, 冒險, 戀愛, 人外, 小學館, 日本輕小說",敬請品嘗這幻想美食。某天，旅人比良坂半在途中誤入了一個奇妙的空間。在那裡，他遇見了一位妖之少女，並知曉了未知食物的存在。自那以後，他似乎便落入了時常迷失於詭異地點、詭異空間的命運，接二連三地遭遇這些光怪陸離的場所、人物與物件。那裡的光景，看似能喚起旅愁與鄉愁的、略帶古意的風景，卻又並非如此。譬如，邂逅古籍中傳說的妖怪；在看似僅有貓額大小的灌木叢中，被來歷不明的器物所迷惑；抑或是在深山的奇異村落里，被捲入一場圍繞幻之沼澤的儀式——妖之少女「妖姬」與這位青年結伴而行，時而解救他，時而又對他置之不理。而青年，有時會對著妖少女，突發一陣莫名難解的食慾……,3,該書完全符合用戶的要求：設定為奇幻異世界，女主為「妖之少女」（符合蘿莉/少女設定），標籤包含戀愛，且劇情核心圍繞著「幻想美食」與「食慾」，精準契合用戶希望有「吃貨」屬性的偏好。
q19,"如題 最近看的書越來越多 總覺得自己也越來越挑了 希望有人能推薦一些好書
以下條件：
1. 女主是（外表）蘿莉（可愛的少御也是可以啦）
2.有戀愛的元素（後宮可以 但拜託不要無腦倒貼）
3.希望是異世界（不一定要穿越）
4.有傲嬌或無口或吃貨之類的屬性更好
拜託各位了",d3df58b0-44e0-53dd-b83d-d882a766ffa3,歡迎來到日本，妖精小姐,まきしま鈴木,8.4,連載,"奇幻, 轉生, 冒險, 戀愛, 人外, 其他文庫, 日本輕小說",上班族北瀨一廣唯一的興趣就是睡覺。他從小就在不可思議的夢中世界進行刺激的冒險。某次與在夢中結識的妖精少女冒險時，兩人不幸被龍的吐息燒死。他一如往常從夢中醒轉，回到自己的房間，卻赫然發現不可能存在的妖精少女熟睡在身邊──本書特色HobbyJapan網路小說大賞得獎作品，漫畫化企劃同時起動！穿梭於現代日本與異世界之間囊括日本文化、異世界、妖精與美食無意間來到日本的異世界妖精小姐，對日本文化感到無可自拔……！？,3,該書完全符合使用者的需求：女主是妖精（符合蘿莉/可愛設定）、包含戀愛元素、涉及異世界（現代日本與異世界往返），且劇情中特別提到「美食」，符合使用者希望有「吃貨」屬性的偏好。
q19,"如題 最近看的書越來越多 總覺得自己也越來越挑了 希望有人能推薦一些好書
以下條件：
1. 女主是（外表）蘿莉（可愛的少御也是可以啦）
2.有戀愛的元素（後宮可以 但拜託不要無腦倒貼）
3.希望是異世界（不一定要穿越）
4.有傲嬌或無口或吃貨之類的屬性更好
拜託各位了",458903cb-596f-5ffe-96ca-0577752f9bbe,我的老婆是兔耳少女！？,間宮夏生,13.4,完結,"戀愛, 歡樂向, 人外, 電擊文庫, 日本輕小說",YOU來月球做什麼？──我被幽浮撞到，然後就到月球了。看樣子，（在撞人之後）把我綁架到這裡來的人，是個身為「月之民」第一公主。名叫輝夜的外星人。而那名不按牌理出牌的公主，竟還是一個「兔耳美少女」。熱愛地球的輝夜雖然可愛，不過腦袋有些奇怪……她說為了逃避政治婚姻，所以要我跟她假結婚，然後在月球同居。而且如果被人識破，好像會被處死……這什麼鬼？會不會太霸道？異文化交流也沒有這樣的吧!?背景是看似日本平安京時期的「月之都」，我與女王（冷酷）及輝夜的夫婿候補（超人）展開的混亂故事……我到底會怎樣啊！？,3,該書設定在月之都（異世界），女主是兔耳美少女（符合可愛/蘿莉屬性），且包含假結婚與同居的戀愛元素，高度符合使用者提出的所有核心條件。
q19,"如題 最近看的書越來越多 總覺得自己也越來越挑了 希望有人能推薦一些好書
以下條件：
1. 女主是（外表）蘿莉（可愛的少御也是可以啦）
2.有戀愛的元素（後宮可以 但拜託不要無腦倒貼）
3.希望是異世界（不一定要穿越）
4.有傲嬌或無口或吃貨之類的屬性更好
拜託各位了",a1297d0a-8c6d-5abd-8387-81cb00c6fd86,為遍體鱗傷的精靈調製幸福配方的賣葯郎,綾坂キョウ,9.5,連載,"奇幻, 戀愛, 人外, 集英社, 日本輕小說",在一個鄉村聚落中經營著小小工坊的賣葯郎。某天，在採買回來的路上被熟識的當鋪老闆叫住。老闆推薦他要不要帶能當作藥材的東西回家……不對，那竟然是一個遍體鱗傷的精靈少女。金色頭髮、翡翠色眼眸、白皙肌膚上遍布著無數傷痕，感到非常憤怒的賣葯郎決定向她伸出援手，為她治療。少女用微弱的聲音訴說著一心想回到故鄉的願望，賣葯郎究竟能否拯救並送她回家呢？在那之後種族不同的兩人卻漸漸生出羈絆。講述何謂生命、人性，及兩人曲折命運的異世界奇幻作品首次小說化！,3,該書完全符合用戶的要求：1. 女主是精靈少女（符合可愛少御/蘿莉設定）；2. 包含戀愛元素且強調兩人之間逐漸建立的羈絆，非無腦倒貼；3. 明確設定為異世界奇幻作品；4. 雖然未明確標記傲嬌或吃貨，但整體屬性與用戶偏好高度契合。
q20,本人喜歡偏重人物心理描寫、人物互動和角色變化的作品，較偏執在人物塑造和刻劃上。劇情不要求設計得有多精妙，不影響觀感就好，就算是平鋪直述的也行。節奏快慢無妨，掌握恰當即可。本人對於自己的閱讀能力還算有信心，文字量稍微過多也沒差。大忌是拿膚淺粗俗爛造的刻板僵化人物作為行銷點。,59570618-0b1c-52e6-b92a-b3b225bc95cc,房思琪的初戀樂園,林奕含,12.7,完結,"青春, 戀愛, 黑暗, 群像, 原生幻想, 華文輕小說",小小的房思琪住在金碧輝煌的人生里，她的臉和她可以想像的將來一樣漂亮。補習班國文名師李國華是同一棟高級住宅的鄰居。崇拜文學的小房思琪同樣崇拜飽讀詩書的李老師。有一天李老師說，你的程度這麼好，不如每個禮拜交一篇作文給我吧，不收你鐘點費。思琪聽話地下樓了。老師在家裡等她，桌上沒有紙筆。思琪的初戀是李老師。因為李老師把她翻面，把他的東西塞進去。那年的教師節思琪才十三歲，這個世界和她原本認識的不一樣。如果這是愛情，為什麼覺得暴力？為什麼覺得被折斷？為什麼老師要一個女學生換過一個女學生？如果這不是愛情，那滿口學問的李老師怎麼能做了以後，還這麼自信、無疑、無愧於心？,3,用戶明確要求偏重人物心理描寫、角色塑造與刻劃，且不排斥文字量較多的作品，最忌諱膚淺的刻板人物。而《房思琪的初戀樂園》是一部極其注重心理剖析、探討創傷與權力關係的文學作品，其對主角心理狀態的細膩描寫與深刻的刻劃完全符合用戶的核心需求，且其文學深度遠超一般的膚淺商業作品。
q20,本人喜歡偏重人物心理描寫、人物互動和角色變化的作品，較偏執在人物塑造和刻劃上。劇情不要求設計得有多精妙，不影響觀感就好，就算是平鋪直述的也行。節奏快慢無妨，掌握恰當即可。本人對於自己的閱讀能力還算有信心，文字量稍微過多也沒差。大忌是拿膚淺粗俗爛造的刻板僵化人物作為行銷點。,e3a77d53-2022-5c0f-ac0d-a0e26b210ccd,聽說桐島退社了,朝井遼,8.6,完結,"青春, 群像, 集英社, 日本輕小說",17歲的苦澀與甜美×青春的糾結與勇氣五十年來最年輕直木賞得主朝井遼文壇驚艷作今夏撼動青春魂電影原著為什麼高中的班級會以如此簡單明了的方式，把人們階級化呢？那些可愛女生與帥氣男生一定屬於「上層」，參加默默無名社團的學生一定屬於「下層」，只有這個分類沒有人會搞錯，就算是成績最差的學生也不會。然而，上層就一定光鮮亮麗、毫無煩惱嗎？學校風雲人物桐島的退社，跨越了這道隱形的分隔線，在所有同學心中投下一顆震撼彈。身為上層、樣樣都好的桐島，究竟是因為什麼原因而退社的呢？在高中校園如此狹窄的地方，這些少男少女心中思考著各自的課題，堅持著自己認為重要的事，煩惱著看似微小卻無法忽略的問題。朋友、階級、戀愛、家人、夢想……，為此糾結的少年們，將會如何尋找到自我的定位呢？,3,用戶的核心需求是深層的人物心理描寫、細膩的角色刻劃與互動，且厭惡膚淺的刻板人物。推薦的《聽說桐島退社了》是一部典型的群像劇，以直木賞獲獎作品著稱，重心在於探討高中階級制度下不同角色的內心掙扎與自我定位，非常符合用戶對「人物塑造」與「心理描寫」的高度要求，且劇情平實，完美契合其閱讀偏好。
q20,本人喜歡偏重人物心理描寫、人物互動和角色變化的作品，較偏執在人物塑造和刻劃上。劇情不要求設計得有多精妙，不影響觀感就好，就算是平鋪直述的也行。節奏快慢無妨，掌握恰當即可。本人對於自己的閱讀能力還算有信心，文字量稍微過多也沒差。大忌是拿膚淺粗俗爛造的刻板僵化人物作為行銷點。,dc63a7bb-980f-5de8-bbf0-51ef119d8b86,東京都同情塔,九段理江,6.4,完結,"科幻, 群像, 日本文學, 其他文庫, 日本輕小說",這個盛夏，三十七歲的女建築師牧名沙羅將自己關在飯店一周，構思新宿御苑監獄建案「東京都同情塔」的競圖。沙羅擁有令人稱羨的名氣與事業，卻對於充斥著寬容理念、並且全面被人工智慧滲透的社會感到格格不入，時常在工作與信念的衝突中痛苦掙扎。二十二歲的俊美青年東上拓人，在打工的高級名牌服飾店內被一名中年女建築師搭訕後，兩人開啟了一段看似戀人、又像「媽媽活」的曖昧情誼。拓人感覺自己彷彿在追逐當年咒罵父親是垃圾的母親身影，從此臣服在戀人一手打造的高塔意志之下。,3,用戶明確要求注重人物心理描寫、角色塑造與互動，而非追求精妙劇情。該書介紹中強調了女主角在社會信念與工作間的痛苦掙扎，以及男女主角之間複雜且具有心理投射的曖昧關係，具有強烈的角色刻劃色彩，符合用戶對人物心理深度與互動的需求，且不屬於膚淺的刻板人設。
q20,本人喜歡偏重人物心理描寫、人物互動和角色變化的作品，較偏執在人物塑造和刻劃上。劇情不要求設計得有多精妙，不影響觀感就好，就算是平鋪直述的也行。節奏快慢無妨，掌握恰當即可。本人對於自己的閱讀能力還算有信心，文字量稍微過多也沒差。大忌是拿膚淺粗俗爛造的刻板僵化人物作為行銷點。,53b095c9-4224-5e28-8c07-4a5441220324,剖開肚子只會流出血,住野夜,15.8,完結,"青春, 群像, 其他文庫, 日本輕小說",她覺得這個故事似乎給了她一些存在的權利——擁有朋友與戀人，在書店打工的高中女生．糸林茜寧，每天都過得充實而美好。但她同時也被「渴望被他人喜歡」、「不想被人討厭」的想法綁架，為了扮演最美好的自己而痛苦不已。直到她遇見了一本名為《少女進行曲》的書——書中的一切彷彿為她量身訂作，讓她稍稍從束縛中釋放。就在《少女進行曲》確認即將被改編成電影之後的某一天，茜寧在路上巧遇了一名與書中角色幾乎一模一樣的人，甚至，他們的名字都叫「愛」，這真的是巧合嗎……？各人向前邁進的步伐互相激蕩，極致的青春群像劇——,3,使用者核心需求是注重人物心理描寫、角色塑造與互動。推薦書籍的簡介明確強調主角在「渴望被喜歡」與「扮演完美自我」之間的心理掙扎，且標記為「群像劇」，預期會有豐富的人物互動與個體成長，高度契合使用者對心理刻劃與人物塑造的偏好。
q20,本人喜歡偏重人物心理描寫、人物互動和角色變化的作品，較偏執在人物塑造和刻劃上。劇情不要求設計得有多精妙，不影響觀感就好，就算是平鋪直述的也行。節奏快慢無妨，掌握恰當即可。本人對於自己的閱讀能力還算有信心，文字量稍微過多也沒差。大忌是拿膚淺粗俗爛造的刻板僵化人物作為行銷點。,2ff448f0-c829-55c3-b2c8-34efe607b78b,Chaos;Child Children's revive,梅原英司,12.3,完結,"青春, 群像, 女性視角, 講談社, 日本輕小說",2015年秋，東京澀谷發生了一系列令人震驚的離奇連環殺人事件，被稱為「新世代瘋狂的再現」。隨著少年宮代拓留的逮捕，事件告一段落，但在澀谷街頭和人們心中留下了種種後遺症和深刻的影子。山添優希、香月華、有村雛繪、久野里澪、南澤泉理、尾上世莉架，這些與拓留一起度過事件的女孩們，在事件過去半年之後，她們心中所想，又找到了什麼呢？備受關注的名作遊戲《Chaos;Child》在震撼的展開和結局中引起了熱議，現在原作劇本作者梅原英司描繪了這個全新作品的「續篇」。,3,使用者明確要求著重於人物心理描寫、角色變化與深度刻劃的作品。推薦書籍《Chaos;Child Children's revive》在簡介中強調探討事件後的「後遺症」以及角色們「心中所想」與成長，且標記為「群像」作品，這與使用者追求的人物心理探索和互動高度契合。
q20,本人喜歡偏重人物心理描寫、人物互動和角色變化的作品，較偏執在人物塑造和刻劃上。劇情不要求設計得有多精妙，不影響觀感就好，就算是平鋪直述的也行。節奏快慢無妨，掌握恰當即可。本人對於自己的閱讀能力還算有信心，文字量稍微過多也沒差。大忌是拿膚淺粗俗爛造的刻板僵化人物作為行銷點。,37b0a724-08bb-5899-adcc-663bdee879c4,失落的花園,紅玉伊月,9.0,完結,"青春, 群像, 女性視角, 電擊文庫, 日本輕小說",和善溫柔的江香、愛打扮愛撒嬌的圓圓、帥氣迷人的小津、冷漠成熟的阿柴。纖細敏感、一不小心就會受傷的少女們，她們在花園裡看見了什麼……當離開花園的那一刻到來，她們又該如何面對？,3,用戶的核心需求是深層的人物心理刻劃、角色互動與成長。推薦作品標記為「群像」且強調「女性視角」，簡介中重點描述角色纖細敏感的心理狀態及其面對轉折時的心理掙扎，與用戶追求的「人物塑造」和「心理描寫」高度吻合。
q20,本人喜歡偏重人物心理描寫、人物互動和角色變化的作品，較偏執在人物塑造和刻劃上。劇情不要求設計得有多精妙，不影響觀感就好，就算是平鋪直述的也行。節奏快慢無妨，掌握恰當即可。本人對於自己的閱讀能力還算有信心，文字量稍微過多也沒差。大忌是拿膚淺粗俗爛造的刻板僵化人物作為行銷點。,55952995-de24-509c-b3fa-6007d447000d,電氣馬戲團,唐邊葉介,27.1,完結,"青春, 黑暗, 群像, 角川文庫, 日本輕小說",在網路黎明期的時代背景下，作者以主人公「水屋口悟」的視角，講述了在新興網路文化的衝擊下，圍繞「文本網站」的一系列人與事，以及主人公自身的人生歷程。,2,使用者追求深度的心理描寫、角色塑造與人物變化。該書標記為「群像」劇，且描述圍繞著主人公的人生歷程以及在網路文化衝擊下的人與事，符合使用者對人物互動與角色變化的偏好。其獨特的時代背景也較能避免使用者厭惡的刻板僵化人物，但簡介中對於「心理描寫」的強度描述不足，因此給予 2 分。
q20,本人喜歡偏重人物心理描寫、人物互動和角色變化的作品，較偏執在人物塑造和刻劃上。劇情不要求設計得有多精妙，不影響觀感就好，就算是平鋪直述的也行。節奏快慢無妨，掌握恰當即可。本人對於自己的閱讀能力還算有信心，文字量稍微過多也沒差。大忌是拿膚淺粗俗爛造的刻板僵化人物作為行銷點。,de3fbddf-740a-5b05-b3d0-49896d5106c5,心連·情結,庵田定夏,144.6,完結,"校園, 青春, 戀愛, 群像, 歡樂向, 性轉, Fami通文庫, 日本輕小說",在平穩崩潰時，五人之間的關係即將產生變化！八重樫太一、永瀨伊織、稻葉姬子、桐山唯、青木義文——隸屬於文研社的這五人，面臨了奇妙的現象。首先，青木跟唯在毫無前兆的狀況下，發生「人格交換」的情形。而且這個現象接連襲向所有社員，將他們拋進異常的日常。太一等人對這情況雖然感到困惑，卻也多少樂在其中。但是，心靈上的連鎖也讓他們隱藏的內心傷口浮上檯面……,3,使用者核心需求在於深層的人物心理描寫、角色變化與刻劃。推薦書籍雖然設定為校園輕小說，但其「人格交換」的機制明確指向揭露角色「隱藏的內心傷口」，且標籤為「群像」，顯示作品著重於多角色的互動與心理挖掘，與使用者對角色塑造的偏好高度契合。
q20,本人喜歡偏重人物心理描寫、人物互動和角色變化的作品，較偏執在人物塑造和刻劃上。劇情不要求設計得有多精妙，不影響觀感就好，就算是平鋪直述的也行。節奏快慢無妨，掌握恰當即可。本人對於自己的閱讀能力還算有信心，文字量稍微過多也沒差。大忌是拿膚淺粗俗爛造的刻板僵化人物作為行銷點。,674d841d-58db-5458-9d9f-fb407b05c663,上海燈蛾,上田早夕里,21.8,完結,"黑暗, 犯罪, 群像, 日本文學, 其他文庫, 日本輕小說",1934年，上海。這片以「魔都」之名標榜著極致繁榮與墮落的土地，吸引著懷揣成功夢的日本青年吾鄉次郎渡海而來。他從一位自稱原田雪繪的神秘女子手中，接下了極為上等的鴉片與罌粟種子。次郎通過她，與掌控上海的青幫成員楊直搭上了線。以此為契機，他一步步深陷於光怪陸離的里社會。前方等待他的，究竟是榮光，還是毀滅？在軍靴聲響徹不絕的大陸，一群男人如撲火燈蛾，狂熱追逐著鴉片貿易所帶來的巨額財富與所謂帝國的榮耀，直至焚身殆盡。這便是他們的故事。,3,用戶的核心需求是深度的心理描寫、人物互動及角色變化，且厭惡淺薄的刻板人物。該書標註為「群像」劇，且劇情描述著重於人物在欲望、權力與墮落中的心理狀態（如「狂熱追逐」、「焚身殆盡」），且具有日本文學的基調，傾向於對人性與命運的刻畫，而非單純的劇情推進，高度符合用戶對人物塑造的偏好。
q20,本人喜歡偏重人物心理描寫、人物互動和角色變化的作品，較偏執在人物塑造和刻劃上。劇情不要求設計得有多精妙，不影響觀感就好，就算是平鋪直述的也行。節奏快慢無妨，掌握恰當即可。本人對於自己的閱讀能力還算有信心，文字量稍微過多也沒差。大忌是拿膚淺粗俗爛造的刻板僵化人物作為行銷點。,b2151b4e-7f3b-5714-a3e9-e88afcccc6d4,枯木腐夏,支倉,11.1,完結,"青春, 群像, 青春日常, 華文輕小說",怎麼樣的人生才是正確的呢？人們總是只能看見自己頭上的雲雨，卻無法瞥見他人頭頂的陰霾。在那個夏天，我做出了所有人都認為錯誤的選擇，不過當我現在再回想起來，我並不後悔。甚至……心懷感激。,3,使用者明確要求注重人物心理描寫、互動與角色塑造，而推薦書籍標記為「群像」且簡介呈現出強烈的內省基調（探討人生正確性、他人陰霾等），顯示其核心在於角色內心世界與情感糾葛，非常符合使用者對角色刻劃的偏好，且無膚淺的刻板行銷特徵。
q20,本人喜歡偏重人物心理描寫、人物互動和角色變化的作品，較偏執在人物塑造和刻劃上。劇情不要求設計得有多精妙，不影響觀感就好，就算是平鋪直述的也行。節奏快慢無妨，掌握恰當即可。本人對於自己的閱讀能力還算有信心，文字量稍微過多也沒差。大忌是拿膚淺粗俗爛造的刻板僵化人物作為行銷點。,4bbc4b33-30e5-57fe-bf6b-7bf770a36209,重生,朝井遼,11.6,完結,"青春, 戀愛, 群像, 其他文庫, 日本輕小說",重考生小梢因為羨慕雙胞胎姊姊既聰明又漂亮，藉故假扮成姊姊參與電影拍攝。電影最後一幕，女主角將跳崖自殺。在跳下的前一刻，小梢一面想著重考以及暗戀的補習班老師，一面俯瞰這個寬廣的世界，突然領悟自己並不是想要成為姊姊，而是想與現在的自己有所不同。於是這一躍，彷若重生。五個二十歲左右的男女，同時懷抱著這個年紀特有的開朗與迷惘——意外被好友親吻，不知該如何是好的內向女孩；明知不可能，仍想追求同班美女的魯蛇男大生；試圖透過畫畫來面對家庭關係瓦解的美術大學學生；因為雙胞胎姊姊長得美而感到自卑的重考生；自覺天分有限，依然邊打工邊努力練習的舞蹈學校學生；面對看不清的未來，他們將焦躁與不安轉換為力量，踏出屬於自己的「第一步」。,3,使用者明確要求注重人物心理描寫、互動與角色變化，且排斥刻板的人物塑造。推薦書籍《重生》是一部群像劇，核心在於五位年輕人面對自卑、迷惘與不安的心理掙扎，以及尋找自我、踏出新一步的成長過程，與使用者追求的「人物塑造」與「角色變化」高度契合，且風格傾向於細膩的情感刻畫而非淺薄的套路。
q20,本人喜歡偏重人物心理描寫、人物互動和角色變化的作品，較偏執在人物塑造和刻劃上。劇情不要求設計得有多精妙，不影響觀感就好，就算是平鋪直述的也行。節奏快慢無妨，掌握恰當即可。本人對於自己的閱讀能力還算有信心，文字量稍微過多也沒差。大忌是拿膚淺粗俗爛造的刻板僵化人物作為行銷點。,dd695f08-f535-5b81-9646-00cdb989b144,空虛Imitation Lovers,零真似,8.8,連載,"校園, 青春, 戀愛, 歡樂向, 群像, 電擊文庫, 日本輕小說",人類總是戴著一層層虛偽的面具生活，堆疊著淺薄的微笑面具，漸漸失去了真正的情感。當我意識到這一點時，我下定決心：絕不做那些虛偽的人，絕不欺騙自己！進入高中後，我愛上了命運般的女孩由衣。然而，當我告白時卻慘遭拒絕，因為她正在和學校的風雲人物幸太郎交往。傷心的我在這時遇到了同樣被幸太郎甩掉的彩音。她的外表邋遢、性格自我，但在相互交流中，我們意識到，我們必須改變自己。既然命運的另一半不是我們，那麼我們就成為命運的另一半！於是，我們決定扮演彼此的理想戀人，共同展開一場「奪回命運之人」的計畫——。,2,故事核心圍繞在「面具」與「偽裝」，探討真實自我與理想形象的衝突，且明確提到角色意識到需要「改變自己」，這與用戶追求的人物心理描寫、互動及角色變化高度契合。雖然屬輕小說且標記為歡樂向，可能存在部分類型化設定，但其設定本身具備挖掘人物深層心理的潛力。
q20,本人喜歡偏重人物心理描寫、人物互動和角色變化的作品，較偏執在人物塑造和刻劃上。劇情不要求設計得有多精妙，不影響觀感就好，就算是平鋪直述的也行。節奏快慢無妨，掌握恰當即可。本人對於自己的閱讀能力還算有信心，文字量稍微過多也沒差。大忌是拿膚淺粗俗爛造的刻板僵化人物作為行銷點。,5b049797-1205-5bb0-8fa0-1e7cdc680d8b,你永遠地扭曲了我,燈外町 猶,13.0,完結,"校園, 病嬌, 群像, kakuyomu, Web輕小說",被眾人罵為變態蕾絲女，從小學被欺凌到高中的少女 · 有喜，交到了人生第一個戀人。對方是備受同學們羨慕與尊敬的媛崎。隨著兩人感情的加深，有喜和過去產生聯繫的女孩們的關係也迎來了變化。,3,使用者明確要求重視心理描寫、人物互動與角色變化。推薦書籍標記為「病嬌」與「群像」，且簡介中提到主角從受欺凌狀態到戀愛後，與周遭女孩的關係產生變化，且書名暗示了心理上的「扭曲」與演變，這與使用者追求的人物刻劃和心理深挖的需求高度契合。
q20,本人喜歡偏重人物心理描寫、人物互動和角色變化的作品，較偏執在人物塑造和刻劃上。劇情不要求設計得有多精妙，不影響觀感就好，就算是平鋪直述的也行。節奏快慢無妨，掌握恰當即可。本人對於自己的閱讀能力還算有信心，文字量稍微過多也沒差。大忌是拿膚淺粗俗爛造的刻板僵化人物作為行銷點。,162d150b-0b1f-57f0-8bdf-891801220b37,於夏月之海輕語的咒文,雨宮諒,9.5,完結,"青春, 群像, 電擊文庫, 日本輕小說",修一是在一座名為夢久島的島嶼上居住的高中二年級學生。儘管很清楚自己無法融入學校生活，但還是戴上「能樂面具」故作「平凡」地和朋友一起生活著。在暑假開始的一天，修一在海港邂逅一名不忌憚於他人目光哭泣著眺望著大海的女性。在夢久島，存在著「在海邊誦念『咒文』的話，就可以被帶領去真正屬於自己容身之所」這樣的傳聞。為了確認這個傳聞，她來到這座島上。通過與她的邂逅，修一戴著「能樂面具」的日常生活開始發生變化。然後——。圍繞「咒文」的４個人物編織而成的勵志短篇系列故事。,3,使用者明確表示偏好人物心理描寫、角色互動與成長，且對劇情複雜度要求不高。推薦書籍描述主角以「能樂面具」隱藏真實自我，並透過與他人的邂逅促使內心與生活產生變化，且標記為「群像」劇，顯示其核心重點在於人物的心理狀態與情感轉折，高度符合使用者對於角色塑造與刻劃的需求。
q21,"最近剛看完三角距離無限為零
雖然胃在痛不過還是很喜歡三角戀這個要素
有人可以推薦一下類似的作品嗎?
當然不一定要三角戀 更多也行 只是想看這種描述男女主如何在戀愛中痛苦掙扎的小說
有糖更好 因為之後胃會更痛",3a76a7aa-b33c-5963-8a8f-c7fb1d0bd51f,這是關於背叛了重要之人的女孩在贖罪、後悔和絕望的日子中度過的故事,Zoisite,2.6,完結,"戀愛, 黑暗, NTR, 獵奇, syosetu, Web輕小說",御日冬紀在某日，目擊到了青梅竹馬同時也是婚約者的逸見晴憐和另一個青梅竹馬的桐生雄大外遇的場景。控制正在外遇的現場同時結束了這段出軌關係後的冬紀承受了巨大的心理創傷。晴憐後悔自己的所作所為，抵抗著心底湧上的絕望，仍然努力希望和冬紀重歸就好。就是如此這般隨處可見的故事。,3,用戶明確要求尋找包含三角戀要素，且描述男女主角在戀愛中痛苦掙扎、會讓人「胃痛」的作品。推薦的小說涉及出軌、背叛、贖罪與絕望，且包含三人的複雜關係，完全符合用戶對情感折磨與心理掙扎的核心需求。
q21,"最近剛看完三角距離無限為零
雖然胃在痛不過還是很喜歡三角戀這個要素
有人可以推薦一下類似的作品嗎?
當然不一定要三角戀 更多也行 只是想看這種描述男女主如何在戀愛中痛苦掙扎的小說
有糖更好 因為之後胃會更痛",e8b87ac7-4823-55eb-a67f-6551237e7fcc,忘記吧，初戀那種事,平日黒髪お姉さん,44.5,連載,"戀愛, 病嬌, NTR, kakuyomu, Web輕小說",志願進入醫學部的復讀生時繩勇太，有一個最愛的青梅竹馬兼女朋友——本懐結愛。 她從小體質虛弱，不斷出入於醫院，在病床上度過了一天又一天。 為了救治這樣深愛的她，時繩勇太志在進入醫學部成為醫生——。他與同樣志願進入醫學部的另一位復讀生彩心真優成為了好友。 這成為了故事發展的轉折點，時繩勇太開始被彩心真優牽著鼻子走，過起了被她玩弄的日子。這是一個—— 深愛著最愛的女孩的男孩子。 以及試圖奪走這樣的男孩子的壞女孩。 不健全、不道德，但卻是純粹愛情的故事。,3,該作品包含典型的三角關係（男主、病弱女友、奪愛女），且標籤包含「病嬌」與「NTR」，情節描述男主在深愛女友與被另一名女性玩弄之間掙扎，完全符合使用者要求的「三角戀」、「在戀愛中痛苦掙扎」以及「胃痛」的心理需求。
q21,"最近剛看完三角距離無限為零
雖然胃在痛不過還是很喜歡三角戀這個要素
有人可以推薦一下類似的作品嗎?
當然不一定要三角戀 更多也行 只是想看這種描述男女主如何在戀愛中痛苦掙扎的小說
有糖更好 因為之後胃會更痛",a816423a-12c7-5c13-9e6f-4712b08626bc,人渣,五月什一,17.3,連載,"校園, 青春, 戀愛, 黑暗, 音樂, MF文庫J, 日本輕小說",讓你見識一下真正的人渣會有什麼下場──令人衝擊的問題作品誕生！靠著與生具來的容貌和能力歌頌青春的大學生──霞，在跟朋友智也進行無關緊要的對話時聊到高中同班同學──雲母，並與她在大學校園中重逢了。霞以平常結交炮友的手法去撩雲母，逐漸受到她單方面的愛慕。後來他慢慢厭惡起那樣的雲母，開始隨便應付她，甚至用殘酷的借口提出分手，等待著霞的是──身為真正人渣的他也沒預料過，雲母那令人震撼的真相。還有他壓根不曾想過的某個人物會在暗中活躍。所以說，來吧，現在就讓你見識一下真正的「人渣」。,2,用戶的核心需求是尋找在戀愛中「痛苦掙扎」且具有虐心感的作品。推薦書籍《人渣》描述了扭曲的校園戀情與殘酷的情感折磨，非常符合用戶對「痛苦」的需求。雖然該書的風格更偏向黑暗與毒性關係，而非傳統的浪漫虐戀，但仍能滿足用戶想要「胃痛」的情感體驗。
q21,"最近剛看完三角距離無限為零
雖然胃在痛不過還是很喜歡三角戀這個要素
有人可以推薦一下類似的作品嗎?
當然不一定要三角戀 更多也行 只是想看這種描述男女主如何在戀愛中痛苦掙扎的小說
有糖更好 因為之後胃會更痛",49de2901-8d9c-52fe-b485-7a839e17bf66,劣者之痛,Zoisite,47.2,連載,"戀愛, 後宮, 病嬌, 偽娘, 歡樂向, syosetu, Web輕小說",御日陽火，長期暗戀著名為詩都的青梅竹馬，卻被另一個青梅竹馬，紅葉駿橫刀奪愛。可是，當他失戀後，卻在不知不覺之間開始受到眾女歡迎，並建立起了自己的後宮。,1,使用者追求的是像《三角距離無限為零》那樣充滿痛苦掙扎、胃痛的戀愛關係。雖然推薦作品開頭涉及失戀與三角關係，但其標籤包含「歡樂向」且後續發展為「後宮」，整體基調偏向輕快且有後宮補償，與使用者想要的「在戀愛中痛苦掙扎」的核心需求不符。
q21,"最近剛看完三角距離無限為零
雖然胃在痛不過還是很喜歡三角戀這個要素
有人可以推薦一下類似的作品嗎?
當然不一定要三角戀 更多也行 只是想看這種描述男女主如何在戀愛中痛苦掙扎的小說
有糖更好 因為之後胃會更痛",7ed14207-a19b-562b-bf05-685e8df31b02,末日時在做什麼？能不能再見一面？,枯野瑛,119.9,完結,"奇幻, 戰鬥, 黑暗, 末日, 戀愛, 人外, 角川文庫, 日本輕小說",《末日時在做什麼？有沒有空？可以來拯救嗎？》續作登場！「人類」遭到非比尋常的「獸」蹂躪而滅亡了。唯有揮舞「聖劍」的黃金妖精能打倒「獸」。戰鬥過後，「聖劍」可以由他人繼承使用，但用儘力量的妖精兵們卻會殞命。「你說誰被戀愛搞得腦子打結還最喜歡自我犧牲啊！」「你們啦！就是你們！難道你沒自覺嗎！要有自覺！」憧憬學姊而一心求死的黃金妖精，與說謊成性的墮鬼族青年尉官在廢棄劇場相遇後，成立於內心糾葛之上的短暫日常生活。由下一代黃金妖精們帶來的新章故事，就此揭幕！,3,用戶的核心需求是尋找在戀愛中痛苦掙扎、會讓人「胃痛」的情感作品。雖然推薦書籍並非三角戀，但《末日》系列（SukaSuka）是以極致的虐心、悲劇色彩以及角色間深刻的痛苦掙扎著稱，完全符合用戶追求的「胃痛」與「戀愛掙扎」之意圖。
q21,"最近剛看完三角距離無限為零
雖然胃在痛不過還是很喜歡三角戀這個要素
有人可以推薦一下類似的作品嗎?
當然不一定要三角戀 更多也行 只是想看這種描述男女主如何在戀愛中痛苦掙扎的小說
有糖更好 因為之後胃會更痛",c2b0dbbf-f6b6-5845-bb6e-a28c6be68a94,戀空,美嘉,35.5,完結,"校園, 青春, 戀愛, 黑暗, NTR, 其他文庫, 日本輕小說",引爆手機小說熱潮的是2005年12月在魔法島上登場的《戀空～哀傷戀物語》。這部作品根據作者美嘉的親身經歷寫成。細膩的感情、日常的言語、一個電話、一條簡訊引發的喜怒哀樂，作者出色地發揮出了手機小說的獨特魅力。在她的故事裡，有著大人們並不了解的中學生們的戰場般的生活。戀愛、朋友、家庭，主人公的各種煩惱引發出讀者們的共鳴，同時也帶給人們直面困難的勇氣。大受歡迎的《戀空》連續半年佔據著網站最熱門作品的首席寶座，讀者超過了1200萬。,3,用戶尋找的是關於戀愛中痛苦掙扎、導致「胃痛」的虐心作品。推薦的《戀空》被描述為「哀傷戀物語」，聚焦於青春期的情感掙扎與心碎，完全符合用戶對「在戀愛中痛苦掙扎」的核心需求。
q21,"最近剛看完三角距離無限為零
雖然胃在痛不過還是很喜歡三角戀這個要素
有人可以推薦一下類似的作品嗎?
當然不一定要三角戀 更多也行 只是想看這種描述男女主如何在戀愛中痛苦掙扎的小說
有糖更好 因為之後胃會更痛",abf4156d-f347-5f96-b291-a23c7e8ba84a,愛意複雜化,風-フェン-,35.2,完結,"百合, 病嬌, kakuyomu, Web輕小說",愛到令人痛苦的愛意是扭曲的只是單純很沉重的故事。想著如果能談一場如此認真的戀愛就好了。,3,使用者核心需求是尋找描述戀愛中「痛苦掙扎」且情感沉重的小說。推薦作品標記為「病嬌」，且簡介明確提到「愛到令人痛苦」、「扭曲」與「沉重的故事」，與使用者追求的「胃痛」感高度契合，符合其對情感糾葛的偏好。
q21,"最近剛看完三角距離無限為零
雖然胃在痛不過還是很喜歡三角戀這個要素
有人可以推薦一下類似的作品嗎?
當然不一定要三角戀 更多也行 只是想看這種描述男女主如何在戀愛中痛苦掙扎的小說
有糖更好 因為之後胃會更痛",035f78c1-a220-5efd-9f7e-f309f0eb1cec,愛的禁行式,本谷有希子,9.0,完結,"戀愛, 黑暗, 妹妹, NTR, 其他文庫, 日本輕小說",「如果不把你的人生也糟蹋掉，那我出生在這個世上就沒有意義了。」以「兄妹」相稱的二人。「復仇」、「偷窺」、「憎恨」凝成曖昧的薄冰。他們小心翼翼地行走其上，步步維艱。就算輕薄的假象被殘忍撕裂。也要假裝閉上眼。假裝看不見。假裝正常。假裝可以。「你會後悔和我這種男人扯上關係嗎？」「我不後悔喔。」只要我還是受到憎恨的對象，哥哥就永遠不會離開我。,1,用戶尋找的是類似於《三角距離無限為零》那種因情感糾葛（如三角戀）而產生的虐心感與戀愛掙扎，而推薦作品的主題傾向於禁忌、仇恨與毀滅性的關係（含NTR、黑暗元素），雖然同樣涉及「痛苦」，但其情感基調與用戶想要的「戀愛心碎感」有顯著差異，僅在「痛苦」這一點上有表面上的重疊。
q21,"最近剛看完三角距離無限為零
雖然胃在痛不過還是很喜歡三角戀這個要素
有人可以推薦一下類似的作品嗎?
當然不一定要三角戀 更多也行 只是想看這種描述男女主如何在戀愛中痛苦掙扎的小說
有糖更好 因為之後胃會更痛",17b67a23-11c6-5904-aa51-0353f78b1b45,我只是她的顧問（間諜）而已。,イコ,9.2,完結,"戀愛, NTR, 病嬌, 間諜, 後宮, 歡樂向, syosetu, Web輕小說",我希望喜歡的女孩能回頭看我，於是我努力了起來，卻有另一個女孩向我靠近。主人公飛田蓮在高中二年級時與一位名叫相原希的女孩變得熟絡，並對她產生了愛慕之情。隨著他們共同的興趣——書籍，成為話題，兩人之間變得更加親密，隨著相處時間的增加，蓮不知不覺中開始把希當作女性來喜歡。就在他決心告白的那天，卻被告知希已經有了男朋友。還沒來得及告白就被拒絕的蓮感到沮喪。此時，他的表姐花葉建議他改變自己。通過磨練自己，成為一個好男人，讓她注意到自己。只是，他無法強行讓希與男朋友分手。於是，他決定作為她的顧問（間諜），在相處中不斷提升自己。隨著自我提升，其他女孩們也開始對蓮產生興趣。蓮的戀情會成功嗎？還是會與其他女性展開新的故事呢？,1,用戶明確尋找的是像《三角距離無限為零》那樣充滿情感掙扎、令人「胃痛」的虐戀作品。雖然推薦書籍涉及三角關係且開端是單戀的挫折，但其標籤包含「歡樂向」與「後宮」，且劇情重點在於主角的自我提升與吸引其他女性，基調傾向於輕鬆的願望滿足，而非用戶所追求的深刻情感痛苦與掙扎。
q21,"最近剛看完三角距離無限為零
雖然胃在痛不過還是很喜歡三角戀這個要素
有人可以推薦一下類似的作品嗎?
當然不一定要三角戀 更多也行 只是想看這種描述男女主如何在戀愛中痛苦掙扎的小說
有糖更好 因為之後胃會更痛",3359480f-0c84-593a-9b35-f9c94c7a586f,願你的地球是平坦的,斜線堂有紀,8.8,完結,"青春, 戀愛, 黑暗, 女性視角, 電擊文庫, 日本輕小說",作為令和時代備受矚目的小說家，斜線堂有紀繼《倘若不稱其為愛》後推出的第二部戀愛小說集。本書收錄了網路連載的4篇故事，並新增獨家撰寫內容，最終成書出版。全書以「扭曲的愛」為核心，描繪五段遊走於瘋狂與執念之間的戀愛群像。,3,使用者明確表示喜歡「戀愛中的痛苦掙扎」以及「胃痛」的感覺，且不限於三角戀。推薦書籍以「扭曲的愛」為核心，描述瘋狂與執念的戀愛群像，與使用者追求的情感糾葛和虐心程度高度吻合。
q21,"最近剛看完三角距離無限為零
雖然胃在痛不過還是很喜歡三角戀這個要素
有人可以推薦一下類似的作品嗎?
當然不一定要三角戀 更多也行 只是想看這種描述男女主如何在戀愛中痛苦掙扎的小說
有糖更好 因為之後胃會更痛",5eb2234c-7aad-5452-bb2e-8e5954007ac5,末日時在做什麼？有沒有空？可以來拯救嗎？,枯野瑛,58.5,完結,"奇幻, 戰鬥, 黑暗, 末日, 戀愛, 人外, 角川文庫, 日本輕小說",「人類」遭到非比尋常的「獸」蹂躪而滅亡了。除了獨自從數百年沉眠中蘇醒的青年威廉以外。唯有「聖劍」與使用聖劍的妖精兵能代替「人類」打倒「獸」。戰鬥過後，「聖劍」能再次被他人使用，但用儘力量的妖精兵們卻會殞命。「至少，我也希望自己不用消失，也想讓別人記住。我也想留下羈絆啊。」這是註定赴死的妖精少女們和青年教官共度的，既短暫又燦爛的日子。★以人類滅亡後五百年的世界為舞台，妖精少女與人類青年共同經歷的日子。,3,使用者核心需求是尋找「在戀愛中痛苦掙扎」且「先甜後苦（胃痛）」的作品。雖然推薦的書籍並非典型的三角戀，但其在末日設定下，面對注定離別的絕望愛情與情感掙扎，完全符合使用者追求的虐心感，且具有強烈的情感衝擊力。
q21,"最近剛看完三角距離無限為零
雖然胃在痛不過還是很喜歡三角戀這個要素
有人可以推薦一下類似的作品嗎?
當然不一定要三角戀 更多也行 只是想看這種描述男女主如何在戀愛中痛苦掙扎的小說
有糖更好 因為之後胃會更痛",b02b104f-8b00-5d2b-9dba-81535bfe103e,請殺了我,辻村深月,18.6,完結,"校園, 青春, 戀愛, 黑暗, 女性視角, 集英社, 日本輕小說",這是關於一場悲劇的記憶。這是特別訂製的殺人事件。日本文壇「中二病」名作。為了異於普通人、變成「特別的存在」，現充派少女與昆蟲系男孩跨越同儕階級之分，共同計畫空前絕後、記憶深刻的嶄新殺人事件。這是個沒人理解我的無趣世界，被同學排擠、失去可信任的朋友，活在自己世界裡，只會裝模作樣的母親，眼神緊迫我不放的噁心老師……想逃離這一切的渴望愈來愈強，最終，渴望轉化成殺意，我想要的是，轟動並被記憶下來的，完美死亡！,1,使用者尋找的是關於「三角戀」或「在戀愛中痛苦掙扎」的虐心作品，重點在於情感糾葛與折磨。推薦的作品雖然具有黑暗、悲劇色彩且包含戀愛元素，但其核心劇情是關於兩名邊緣少年計畫殺人事件以逃離現實，屬於病態的共依附關係，而非使用者所要求的戀愛關係中的掙扎或多角關係，契合度較低。
q21,"最近剛看完三角距離無限為零
雖然胃在痛不過還是很喜歡三角戀這個要素
有人可以推薦一下類似的作品嗎?
當然不一定要三角戀 更多也行 只是想看這種描述男女主如何在戀愛中痛苦掙扎的小說
有糖更好 因為之後胃會更痛",6200124d-4a54-53c5-90ec-db6ca557a0c5,墮落的女友 ～分手後的我和青梅竹馬的結局～,コアラvsラッコ,10.9,完結,"NTR, 戀愛, 青梅竹馬, 病嬌, 黑暗, kakuyomu, Web輕小說",輸的徹徹底底的青梅竹馬還有可能東山再起嗎？從傍晚在公園偶然看到的情景開始，我和她的關係發生了很大的變化。本來應該是兩個人的問題，但是最終還是將周圍的人也卷了進來這是一個分手後開始的故事,3,用戶明確表示喜歡在戀愛中痛苦掙扎、讓「胃痛」的作品。推薦書籍包含 NTR、病嬌、黑暗等標籤，且劇情涉及分手後關係的崩壞與複雜的人際糾葛，完全符合用戶追求情感折磨與痛苦掙扎的核心需求。
q21,"最近剛看完三角距離無限為零
雖然胃在痛不過還是很喜歡三角戀這個要素
有人可以推薦一下類似的作品嗎?
當然不一定要三角戀 更多也行 只是想看這種描述男女主如何在戀愛中痛苦掙扎的小說
有糖更好 因為之後胃會更痛",04312584-aca8-5b5a-b15a-864f212fb2d3,電波系彼女,片山憲太郎,36.0,完結,"校園, 懸疑, 冒險, 黑暗, 戀愛, 集英社, 日本輕小說",不良少年的柔澤十被從未見過面的少女宣誓效忠，當他被這位名叫墮花雨的少女古怪行徑耍得團團轉時，也漸漸地接受了她的存在。另外在不知不覺之間，他們也和愛多管閑事的同班同學．紗月美夜之間建立起不可思議的三角關係。然而，自從被捲入街頭的連續殺人事件後，十開始對雨產生懷疑⋯⋯人性的扭曲將引發出一段駭人懸疑的案件！,2,使用者明確尋找包含「三角戀」且描述「戀愛中痛苦掙扎」的作品。推薦書籍《電波系彼女》不僅明確提到三人之間的三角關係，且其標籤包含「黑暗」與「人性扭曲」，符合使用者對情感掙扎與痛苦的需求。雖然該作具有較強的懸疑與推理成分，但核心的關係結構與陰暗氛圍與使用者需求高度契合。
q22,"就是不後宮不NTR純純的戀愛作品 虐也行 比較希望校園類 其他類型也可以介紹看看 最近看一堆異世界後宮戰鬥有點膩了......
還有兄妹的作品 滿喜歡兄妹類型的 隨便丟一張圖",d9caa769-96dd-5ff2-af9d-5fc72abc59fd,義妹生活,三河ごーすと,138.7,連載,"校園, 青春, 戀愛, 妹妹, MF文庫J, 日本輕小說",高中生淺村悠太，由於父親再婚，和學年第一美少女綾瀨沙季成為同住一個屋檐下的兄妹。都見過雙親感情破裂的兩人對男女關係慎重看待，約好要保持適度的距離，既不接近也不對立。沙季渴望親情而一直獨自努力，因此不懂得如何依賴別人，悠太也不曉得該如何以哥哥的身分與她相處。某些地方十分相似的兩人，逐漸感受到與對方共同生活有多麼愜意……這是一個可能會發展成戀愛的故事。原本素昧平生的男女，一點一點地接近、彼此關係漸漸改變的──戀愛生活小說。,3,該作品完全符合用戶的所有需求：非後宮、非NTR、純戀愛、校園背景，且正巧是用戶特別提到的『兄妹』類型（義妹），且沒有異世界或戰鬥元素，是非常精準的推薦。
q22,"就是不後宮不NTR純純的戀愛作品 虐也行 比較希望校園類 其他類型也可以介紹看看 最近看一堆異世界後宮戰鬥有點膩了......
還有兄妹的作品 滿喜歡兄妹類型的 隨便丟一張圖",f95645c4-a52c-5740-91b6-026315f5c3db,我的世界只剩三步，而她仍在一步之遙,Y-J-K,9.0,完結,"妹妹, 戀愛, 治癒, 校園, 青春, 青梅竹馬, 青春日常, 華文輕小說",我的世界，由三步的距離構築。三步之內，是令人窒息的恐懼，是女性目光帶來的灼痛，是無數過往傷痕凝結的冰殼。我曾以為，我會永遠活在這座自我禁錮的牢籠里。直到那場名為「畢業」的倒計時悄然響起。那個曾因嫉妒而誣陷我的青梅竹馬，帶著沉重的懺悔歸來；那個曾用謊言將我推向校園審判的偶像，依舊戴著完美的假面；那個以「愛」為名，將我拖入最深噩夢的後輩，其瘋狂的陰影仍未散去……她們都是我恐懼的根源，是我想要逃避的過去。但這一次，我不想再逃了。因為，在那片無盡的冰封世界裡，始終有一束光，未曾離開。「哥哥，我會永遠保護你。」——可是，螢，我唯一的妹妹，我唯一的救贖。當你是我黑暗中的唯一時，這份唯一的依賴，本身是否也成了一種新的囚籠？,3,該作品完全符合用戶的需求：包含校園背景、兄妹戀情，且並非異世界或戰鬥類作品。雖然文中提到其他女性角色，但她們被設定為創傷來源而非後宮對象，核心情感集中在兄妹之間，且帶有用戶可接受的「虐」與救贖元素。
q22,"就是不後宮不NTR純純的戀愛作品 虐也行 比較希望校園類 其他類型也可以介紹看看 最近看一堆異世界後宮戰鬥有點膩了......
還有兄妹的作品 滿喜歡兄妹類型的 隨便丟一張圖",61dfe1e2-c63f-5731-a0b4-eb0815a292b1,友情，親情，戀情所編織的青春,光子yexi,47.6,連載,"戀愛, 校園, 青春, 青春日常, 華文輕小說",【我一直覺得，自己是個自私的偽善者。】小時候，我在雪地中撿到了一個奄奄一息的女孩，一直沒有朋友的我因為渴望得到朋友而將她帶回家，和她成為了兄妹，並立下了無論身處何方，都一定會找到她的約定。然而我失約了，作為哥哥，我沒能保護好她，在那之後，我陷入了深深地自責中七年後，我升入了高中。就在我以為，高中生活也將和以往一樣，自己的青春終究只能在罪惡感和自責中度過的時候，意想不到的邂逅開始了……這是屬於一個自稱哥哥的少年——悠木星夜，以及他身邊的人們的友情，親情，戀情編織而成的青春故事。【致一直前進著的你】,3,該作品完美符合用戶的所有需求：1. 校園戀愛設定；2. 包含用戶特別喜愛的「兄妹」元素（雖為非血緣）；3. 非異世界、非戰鬥類，符合用戶想換口味的需求；4. 從簡介看屬於純愛/青春成長類，無後宮或NTR傾向。
q22,"就是不後宮不NTR純純的戀愛作品 虐也行 比較希望校園類 其他類型也可以介紹看看 最近看一堆異世界後宮戰鬥有點膩了......
還有兄妹的作品 滿喜歡兄妹類型的 隨便丟一張圖",72ad093a-cc57-5a93-abfd-fc647e3df3ec,失去一切之後 我與她的未來,墨白shelter,7.3,完結,"青春, 戀愛, 妹妹, 青春日常, 華文輕小說",害死自己的父親，逼走自己的母親因為愚蠢而失去一切的我本該自我了斷吧然而看著童年時獨自哭泣的妹妹我選擇背負罪惡而度過漫長的一生,3,該作品完全符合用戶的需求：非後宮且專注於戀愛，具有用戶明確要求的「兄妹」屬性，且標籤包含「青春」與「日常」（對應校園類），同時開篇設定帶有沉重的情感（對應用戶表示可接受的「虐」），是一個極佳的匹配。
q22,"就是不後宮不NTR純純的戀愛作品 虐也行 比較希望校園類 其他類型也可以介紹看看 最近看一堆異世界後宮戰鬥有點膩了......
還有兄妹的作品 滿喜歡兄妹類型的 隨便丟一張圖",9de2a2d9-c4d5-51c6-935b-41111d9c0ea1,妹妹人生,入間人間,18.8,完結,"青春, 戀愛, 妹妹, 電擊文庫, 日本輕小說",暑假結束，妹妹哭著找我討救兵。那是她六歲，我十歲時的事。難得主動靠近的妹妹，手上拿著繪圖日記本。「幫我……」她目光一與我對上，便戰戰兢兢地朝我遞出日記本，小聲地如此說道。我想，我和妹妹的關係，就是從這個瞬間開始發展的。愛哭、沒有毅力、只會發獃、沒有朋友，讓人操心，無法放著不管的存在。──那就是我的妹妹。「因為哥─哥幾乎是我人生的全部嘛。」始於幼年期，經歷成長期，於成年之後做出選擇的人生──描述難分難捨的兩人的「一生」，略帶苦澀的兄妹愛情喜劇。,3,用戶明確要求不後宮、不NTR的純愛作品，且特別提到喜歡「兄妹類型」與「校園類」。推薦書籍《妹妹人生》核心主題即為兄妹純愛，且描述了從幼年、成長（包含校園時期）到成年的一生，完全符合用戶的所有核心需求。
q22,"就是不後宮不NTR純純的戀愛作品 虐也行 比較希望校園類 其他類型也可以介紹看看 最近看一堆異世界後宮戰鬥有點膩了......
還有兄妹的作品 滿喜歡兄妹類型的 隨便丟一張圖",b99645cf-9157-5356-bfac-54fd0c09e305,青梅竹馬是妹妹，景山北斗的哀與愛,野村美月,6.0,完結,"校園, 青春, 戀愛, 青梅竹馬, 小學館, 日本輕小說",小北，我很幸福哦。我只要有小北在就好了。高中生北斗明明有相思相愛的青梅竹馬，卻開始和漂亮古怪的高年級生冴音子交往。小學時相識，一起度過溫暖時光的青梅竹馬春，是北斗的親妹妹。北斗隱瞞著這件事，想要疏遠春。嬌小的春。愛哭的春。膽小的春。世界上最重要的想要保護的女孩是有血緣關係的妹妹，面對這樣的現實，痛苦著的北斗。痴情於北斗的春。兩人最終的結局是──『文學少女系列』作者野村美月老師的青春系列第二彈。,3,該作品完全符合使用者的所有要求：是非後宮的純愛作品、設定在校園、包含虐心元素，且正中使用者特別提到的「兄妹」主題，是非常精確的推薦。
q22,"就是不後宮不NTR純純的戀愛作品 虐也行 比較希望校園類 其他類型也可以介紹看看 最近看一堆異世界後宮戰鬥有點膩了......
還有兄妹的作品 滿喜歡兄妹類型的 隨便丟一張圖",8a55e2fc-6988-5bb5-a35e-1be035e4e1a6,我最討厭妹妹了！,咖啡！好了沒,19.2,連載,"青春, 戀愛, 妹妹, 青春日常, 華文輕小說",「哥哥……我想和哥哥一起，畫畫……畫……」當我六歲那一年，只有三歲的妹妹在我完成老師布置的作業時拜託我，卻被我任性地躲開了。那個妹妹有著一頭淡紫色的長髮和一對紅寶石般的眼眸，是我見過最完美的生物。但是從她出生起我就討厭她，她奪走了我重要的東西。年幼的我曾經欺負她，擅自憎恨她，最後害怕地想要逃離她。但是妹妹如詛咒般纏上了我，無論我到了哪裡，日常都會因為她而崩壞，她像是復仇般摧毀了我所有人際關係，讓我從始至終獨自一人——恐慌之下，我逃到了東京。但是，當我在東京重新獲得慰籍，逐漸沉醉於新的生活，妹妹的再次出現粉碎了我的美夢——你是我永遠躲不掉的詛咒；亦是MM送我最棒的禮物。,0,LLM judge failed: Empty response from LLM
q22,"就是不後宮不NTR純純的戀愛作品 虐也行 比較希望校園類 其他類型也可以介紹看看 最近看一堆異世界後宮戰鬥有點膩了......
還有兄妹的作品 滿喜歡兄妹類型的 隨便丟一張圖",eecb6617-4999-53e2-9195-873797d6e004,三月，七日。,森橋賓果,19.6,完結,"校園, 青春, 戀愛, 妹妹, Fami通文庫, 日本輕小說","孤獨寂寞的少女．七日。扮演模範生的少年．三月。在高一的春天即將到來的某一天，與同班同學的接吻。是運命的捉弄亦或偶然，邂逅的兩人漸漸被對方所吸引──刻划出一段少年與少女，充滿了青澀與哀愁的愛情故事。青澀的愛喲,絕望的戀喲,悲傷的情喲.....",3,該作品完全符合用戶的需求：屬於校園純愛類，包含用戶接受的「虐」元素（哀愁、悲傷），且標籤中明確包含「妹妹」，滿足用戶對兄妹類型的偏好，且完全不涉及後宮或異世界戰鬥。
q22,"就是不後宮不NTR純純的戀愛作品 虐也行 比較希望校園類 其他類型也可以介紹看看 最近看一堆異世界後宮戰鬥有點膩了......
還有兄妹的作品 滿喜歡兄妹類型的 隨便丟一張圖",0dc08b32-93df-592f-bc33-b48af7f086ae,加奈～妹妹～,大倉邦彥,6.9,完結,"青春, 戀愛, 妹妹, 其他文庫, 日本輕小說",男主角「藤堂隆道」的妹妹「加奈」，由於身體病弱的緣故，因此從小時候開始就不斷重複著出院住院的生活，因此父母對妹妹比較關心操煩。而對小時候的主人公自己來說妹妹加奈只是一個從自己身邊奪走父母關心的討厭存在而已。但是因為某天家人一起出遊爬山途中所發生的事件，因此使得主角對自己妹妹加奈產生不一樣的感情變化。「絕對要守護妹妹才行，身為兄長的自己……」就這樣，主角開始守護自己最心愛的妹妹加奈，並不斷祈求著妹妹能夠獲得幸福。雖然父母有點擔心主角對妹妹的「過度保護」，不過主角還是執意守護著自己最重要的妹妹。而妹妹也一直凝視著守護自己的哥哥的背影……。,3,使用者明確要求非後宮、非NTR的純戀愛作品，且特別強調喜歡「兄妹類型」。推薦作品《加奈～妹妹～》正是一部關於兄妹之間深情守護的純愛作品，完全符合使用者的核心意圖與特定偏好。
q22,"就是不後宮不NTR純純的戀愛作品 虐也行 比較希望校園類 其他類型也可以介紹看看 最近看一堆異世界後宮戰鬥有點膩了......
還有兄妹的作品 滿喜歡兄妹類型的 隨便丟一張圖",24ef3671-1ac3-5c67-a8c7-b37297550042,無盡的夏日，以壞掉的戀情作結,杉井光,9.7,完結,"科幻, 校園, 懸疑, 青春, 戀愛, 其他文庫, 日本輕小說",當永不結束的夏天結束時，你一定會流淚。我天生就擁有回溯時間的力量，這是誰都夢想的能力。我也沒怎麼利用這種能力就這樣靜靜地度過著。進入高中後我第一次墜入愛河，她是圖書委員純香學姐。我放學後就泡在圖書館裡，青春染上了色彩。可是，暑假的最後一天，學姐凄慘的屍體被發現了。為了拯救學姐，我將時間回溯——,3,該作品為校園戀愛題材，且聚焦於單一感情線（非後宮、非NTR），完全符合使用者對「純純戀愛」及「校園類」的需求。此外，劇情包含虐心元素，也符合使用者表示「虐也行」的偏好，是一個非常精確的推薦。
q22,"就是不後宮不NTR純純的戀愛作品 虐也行 比較希望校園類 其他類型也可以介紹看看 最近看一堆異世界後宮戰鬥有點膩了......
還有兄妹的作品 滿喜歡兄妹類型的 隨便丟一張圖",95878c43-cf1a-5bbd-86de-78cf7fd47f6f,被稱為孤高之花的英國美少女，成為我的繼妹以後笨拙地依賴我,ネコクロ,17.7,連載,"校園, 青春, 戀愛, 歡樂向, 妹妹, 其他文庫, 日本輕小說",「來，來吧，分你吃一口是無所謂喔……？」明明很想撒嬌卻難以坦率地表現出來──白川賢人的父親再婚，結果竟與就讀同一所高中的金髮碧眼英國美少女——索菲亞‧弗洛斯特成為繼兄妹。由於她總是態度冷漠且獨來獨往，因此被取了個外號叫做「孤高之花」。剛開始同居時，索菲亞以冷漠的態度對賢人放話說「我與你沒什麼好談的」，可是隨著同住在一個屋檐下的日子不斷過去……「我、我才不是因為喜歡你身上的味道才偷聞喔……！」「你可以叫我索菲亞嗎……？」後來她漸漸開始以這種笨拙的方式向賢人撒嬌……!?遲遲無法坦率的冷嬌英國美少女，可愛到急死人的甜蜜戀愛喜劇正式開演！,3,該作品完全符合使用者的所有核心需求：校園純愛設定、不含後宮或NTR，且正巧是使用者特別提到的「兄妹（繼兄妹）」類型，完全避開了使用者厭倦的異世界戰鬥元素。
q22,"就是不後宮不NTR純純的戀愛作品 虐也行 比較希望校園類 其他類型也可以介紹看看 最近看一堆異世界後宮戰鬥有點膩了......
還有兄妹的作品 滿喜歡兄妹類型的 隨便丟一張圖",1f5d5b18-e2bd-5b03-929f-2ed084f0c3d6,兄妹關係到此為止！之後是戀人時間,筱瀧澄汐,13.3,連載,"戀愛, 妹妹, 青春, 末日, 原生幻想, 華文輕小說",滋——滋——滋——大概過了半分鐘，茂人才從睡夢中恢複意識，稍微動動手，卻傳來柔軟Q彈的觸感。似乎感覺還不錯？大概是這樣想的，茂人的右手再次抓了抓手感完美的物體。「嗯～」奇怪的聲音。身前好像有東西貼的更緊了。茂人緩緩睜開雙眼——！！！？,3,推薦書籍完全符合使用者明確要求的「兄妹類型」且主打戀愛，標題直接點出從兄妹轉變為戀人，且不含後宮或NTR元素，精準命中使用者對純愛與兄妹關係的偏好。
q22,"就是不後宮不NTR純純的戀愛作品 虐也行 比較希望校園類 其他類型也可以介紹看看 最近看一堆異世界後宮戰鬥有點膩了......
還有兄妹的作品 滿喜歡兄妹類型的 隨便丟一張圖",9c984b3e-58fc-5f9d-b035-2c6221a7967d,班上最可愛的辣妹成了我的投食對象這件事,白乃友,25.4,連載,"校園, 青春, 戀愛, 歡樂向, 妹妹, MF文庫J, 日本輕小說",今天，風見鳳理這位高一男生又在教室里和志同道合的朋友們熱烈地討論御宅文化。他有一個秘密。兼職模特的班上人氣人物香月櫻其實是他的義妹，兩人不僅同居，還是戀人關係。在學校里，櫻小心翼翼地與鳳理保持適當距離，努力不讓別人發現她對鳳理的愛意和御宅興趣。但在家裡，她會和鳳理一起看動畫、玩COS，還會品嘗鳳理親手做的美食，兩人恩愛甜蜜！「煮魚好好吃——！」就這樣，今天兩人又開始了愉快的晚餐時光。,3,該作品完全符合使用者的所有需求：設定在校園、非後宮且無NTR、屬於純愛戀愛作品，且正好滿足使用者特別提到的「兄妹」屬性（義妹），是非常精確的推薦。
q22,"就是不後宮不NTR純純的戀愛作品 虐也行 比較希望校園類 其他類型也可以介紹看看 最近看一堆異世界後宮戰鬥有點膩了......
還有兄妹的作品 滿喜歡兄妹類型的 隨便丟一張圖",483ccd4c-3274-57a3-81cf-f638985d6e71,我跟妹妹，其實沒有血緣關係,村田天,17.9,連載,"校園, 青春, 戀愛, 歡樂向, 妹妹, 富士見文庫, 日本輕小說",妹妹久留里是個超重度兄控。每當與我對上眼就會緊緊抱過來，而且隨時都在虎視眈眈著可以坐到我腿上或牽手的機會。「欸嘿嘿，哥哥，最喜歡你了！」笑著如此說道的久留里進到和我同一所高中就讀的開學典禮當天深夜。我從爸媽口中得知妹妹自己也不知道的衝擊真相。「光雪跟久留里之間其實沒有血緣關係。」咦，我跟久留里竟然不是親兄妹嗎？這下糟了──「如果我跟哥哥沒有血緣關係……那麼就要結婚！」我的妹妹是個時不時就把這種話掛在嘴邊的傢伙！與最愛哥哥又喜歡撒嬌的繼妹之間的兄妹關係，因為一件隱瞞的事情而開始產生變化！,3,該作品完全符合使用者要求的「校園」、「純愛（非後宮/NTR）」以及特別提到的「兄妹類型」，且避開了使用者厭倦的異世界與戰鬥元素，是極高匹配度的推薦。
q22,"就是不後宮不NTR純純的戀愛作品 虐也行 比較希望校園類 其他類型也可以介紹看看 最近看一堆異世界後宮戰鬥有點膩了......
還有兄妹的作品 滿喜歡兄妹類型的 隨便丟一張圖",09ccb3f9-966d-5001-ba52-5db01b15fe28,同班的四分之一混血美少女成了我的義妹。我不知不覺間似乎已將她攻略。,浮葉まゆ,7.7,連載,"戀愛, 校園, 青春, 妹妹, 歡樂向, 富士見文庫, 日本輕小說",「小女子不才，還請多指教！」同一屋檐下的無自覺攻略繫戀愛喜劇！高嶺之花的四分之一混血美少女，七瀨克蘿埃。 本應與我毫無瓜葛的她，卻因為父母再婚而成了我的義妹!?突如其來的同居生活。為了家庭和睦，我試著友善待她，她卻對我的一言一語都莫名地害羞不已。我只是稱讚一下料理，她就說：「你、你說想每天都吃我做的菜……！」我只是告訴她不用急著拉近距離，她就說：「還說什麼『我們會一直在一起所以沒關係』……那種話……」我明明只是想以家人的身分和樂地生活而已啊。「『我們一起變得幸福吧』，那不就是求婚嗎──！」我，難道在不知不覺間已經攻略了她!?「小女子不才，還請多指教！」同一屋檐下的無自覺攻略繫戀愛喜劇，正式開幕！,3,該作品完全符合用戶的需求：它是校園戀愛設定，且核心主題是兄妹（義妹），且從介紹來看是單純的戀愛喜劇，無後宮、無NTR、非異世界戰鬥，與用戶的偏好高度一致。
q22,"就是不後宮不NTR純純的戀愛作品 虐也行 比較希望校園類 其他類型也可以介紹看看 最近看一堆異世界後宮戰鬥有點膩了......
還有兄妹的作品 滿喜歡兄妹類型的 隨便丟一張圖",5c7cd8ae-15e7-582d-83c1-24ae00ba7cb4,與無法見到陽光的你一同淺眠,douyueling,37.5,完結,"校園, 青春, 戀愛, 歡樂向, 青春日常, 華文輕小說",自甘墮落的少年阿牡日復一日地過著麻木的生活，在周轉於各個領養家庭後，最終被某個遠親領養，然而等待著他的卻是突如其來的養父再婚，以及新的家人。「從今天開始，她就是你的姊姊了。」無血緣關係的【姊姊】是個讓人心煩的人。和藹，軟弱，愛操心。明明不喜歡玩家人遊戲而疏遠她，她卻依舊擅自擔心著阿牡，總是以略帶哀傷的空洞目光看著阿牡。「阿牡，你可以更自由。」曾幾何時被冰封的感情被漸漸融化，然而又不知道這份感情該如何命名？浪子回頭金不換x回頭偶遇俏千金性格天差地遠的缺陷姐弟的故事,3,該作品完全符合用戶的需求：1. 是純戀愛且非後宮/NTR作品；2. 屬於用戶偏好的校園青春類；3. 包含用戶特別提及的「兄妹」元素（雖然是非血緣關係，但符合該類型的核心設定）；4. 避開了用戶厭倦的異世界與戰鬥元素。
q23,"最近不知道要看什麼，想請大家推薦一些好看的作品

裝逼開掛類的
黑暗懸疑的
或是一些風格冷門的都還算喜歡
只有一個大前提，不要後宮，不要賣肉（好像變2個大前提了？
不喜歡那種明明男主沒幹什麼但每個女角都喜歡他，非得要的話2個是極限，而且劇情希望能別注重在他們愛來愛去互刷好感度卻又不決定人選的地方，如果是冒險類作品增加同伴的時候，可以的話別清一色都女的偶而也增加點男性同伴也好（都女的最後8成都變後宮
再來不要硬賣一些福利，例如某漫畫的黎斗摔，或者是洗澡時剛好開門，或者是組個樂團為了討老師歡心換了泳裝演奏……這種的不太能接受

喜歡偏向下剋上（不管是強者因未知原因被分到弱組還是靠努力爬上來把上位者打趴的都喜歡）
描寫內心戲多的（黑掉壞掉，或是溫馨感動的都喜歡）
不好意思這麼麻煩…因為總感覺現在大眾向的作品，開掛後宮福利都會有，希望能找到一些後宮福利少點的",5b78e88d-564a-5492-aa04-7e01c399cbfe,靠廢柴技能【狀態異常】成為最強的我將蹂躪一切,筱崎芳,176.0,連載,"轉生, 奇幻, 復仇, 戰鬥, 龍傲天, 黑暗, 其他文庫, 日本輕小說",有「背景人物」之稱的高中生三森燈河，和同班同學一起被召喚到異世界。同學陸續獲得A級、S級的勇者身分，卻只有燈河一個人是最低等的E級。而且他取得的技能，是在這個世界被視為「廢柴」的【狀態異常】。燈河被女神薇希斯拋棄到生存機率零的遺迹後，儘管面臨絕望的地獄處境，依舊善用自身技能蹂躪著魔物。在暗不見光的沉淪漆黑之中，燈河的心中只有一股意念──「等我活著回去──你就認命吧。」原本一心扮演背景人物的E級勇者，一路攀上絕對最強地位的逆襲故事，就此開幕！,3,該作品高度符合使用者要求的「裝逼開掛」、「黑暗」以及「下剋上」元素。劇情設定為從最低等級E級被背叛、拋棄，再靠廢柴技能爬到最強並進行復仇，完全符合使用者對強者被分到弱組後逆襲的喜好。且從簡介來看，重心在於生存與復仇，而非後宮或賣肉，與使用者的核心需求非常匹配。
q23,"最近不知道要看什麼，想請大家推薦一些好看的作品

裝逼開掛類的
黑暗懸疑的
或是一些風格冷門的都還算喜歡
只有一個大前提，不要後宮，不要賣肉（好像變2個大前提了？
不喜歡那種明明男主沒幹什麼但每個女角都喜歡他，非得要的話2個是極限，而且劇情希望能別注重在他們愛來愛去互刷好感度卻又不決定人選的地方，如果是冒險類作品增加同伴的時候，可以的話別清一色都女的偶而也增加點男性同伴也好（都女的最後8成都變後宮
再來不要硬賣一些福利，例如某漫畫的黎斗摔，或者是洗澡時剛好開門，或者是組個樂團為了討老師歡心換了泳裝演奏……這種的不太能接受

喜歡偏向下剋上（不管是強者因未知原因被分到弱組還是靠努力爬上來把上位者打趴的都喜歡）
描寫內心戲多的（黑掉壞掉，或是溫馨感動的都喜歡）
不好意思這麼麻煩…因為總感覺現在大眾向的作品，開掛後宮福利都會有，希望能找到一些後宮福利少點的",981a6dfb-5bc3-56dd-bbcd-f43caf52d5a6,白夜行,東野圭吾,34.5,完結,"懸疑, 黑暗, 集英社, 日本輕小說",因為被奪走太陽，只能行走在白夜之中；然而當白夜來到盡頭之際，又將有什麼在等待著？他們為什麼如此輕易地抹煞別人的性命？他們為什麼毫無愧疚地奪取別人的靈魂？,3,使用者明確要求『黑暗懸疑』且強烈排斥『後宮』與『賣肉』。該推薦作品《白夜行》是經典的懸疑黑暗風格，完全沒有後宮或福利情節，且對人物心理的刻畫極其深刻，高度符合使用者對於氛圍和內容底線的要求。
q23,"最近不知道要看什麼，想請大家推薦一些好看的作品

裝逼開掛類的
黑暗懸疑的
或是一些風格冷門的都還算喜歡
只有一個大前提，不要後宮，不要賣肉（好像變2個大前提了？
不喜歡那種明明男主沒幹什麼但每個女角都喜歡他，非得要的話2個是極限，而且劇情希望能別注重在他們愛來愛去互刷好感度卻又不決定人選的地方，如果是冒險類作品增加同伴的時候，可以的話別清一色都女的偶而也增加點男性同伴也好（都女的最後8成都變後宮
再來不要硬賣一些福利，例如某漫畫的黎斗摔，或者是洗澡時剛好開門，或者是組個樂團為了討老師歡心換了泳裝演奏……這種的不太能接受

喜歡偏向下剋上（不管是強者因未知原因被分到弱組還是靠努力爬上來把上位者打趴的都喜歡）
描寫內心戲多的（黑掉壞掉，或是溫馨感動的都喜歡）
不好意思這麼麻煩…因為總感覺現在大眾向的作品，開掛後宮福利都會有，希望能找到一些後宮福利少點的",d1db7869-512e-5337-a6f6-3ed53e064690,惡之教典,貴志佑介,28.9,完結,"校園, 黑暗, 懸疑, 驚悚, 其他文庫, 日本輕小說",★震撼全亞洲的同名校園虐殺電影原作!!那個有著陽光般笑容的男人不是人，是一個擬態如人，實則人不人、鬼不鬼的怪物。沒有人比心理學家更好騙！完美的善，遮掩了惡的真實面貌殺了「思考」之後，「記憶」便一直盯著他不放英文老師蓮實聖司是問題高中里的人氣教師，聰明、帥氣、樂觀開明、英語流利，不但學生為之瘋狂，也深受其他教職人員信賴，幫學校解決了許多棘手的師生問題。只不過，這一切都是他精心營造的形象。真實的他卻是個天生感受力發育不全、完全透過理解與模仿贏得人心，不能體會別人的感受與痛苦，為排除異己即使殺人也不會猶豫的反社會人格者。只有一兩個學生嗅出不對勁、只有一位老師想挖出他的過去；隨著蓮實的往事越來越浮上檯面，學校里的怪異現象也越來越多……,3,該作品完全符合用戶對「黑暗懸疑」的需求，且完全沒有後宮、賣肉或低俗福利情節，避開了用戶所有厭惡的雷點。雖然不是傳統意義上的「開掛」戰鬥，但主角在心理操縱與偽裝上的強大能力符合另一種形式的「強者」設定，且內心戲豐富，高度契合用戶的口味。
q23,"最近不知道要看什麼，想請大家推薦一些好看的作品

裝逼開掛類的
黑暗懸疑的
或是一些風格冷門的都還算喜歡
只有一個大前提，不要後宮，不要賣肉（好像變2個大前提了？
不喜歡那種明明男主沒幹什麼但每個女角都喜歡他，非得要的話2個是極限，而且劇情希望能別注重在他們愛來愛去互刷好感度卻又不決定人選的地方，如果是冒險類作品增加同伴的時候，可以的話別清一色都女的偶而也增加點男性同伴也好（都女的最後8成都變後宮
再來不要硬賣一些福利，例如某漫畫的黎斗摔，或者是洗澡時剛好開門，或者是組個樂團為了討老師歡心換了泳裝演奏……這種的不太能接受

喜歡偏向下剋上（不管是強者因未知原因被分到弱組還是靠努力爬上來把上位者打趴的都喜歡）
描寫內心戲多的（黑掉壞掉，或是溫馨感動的都喜歡）
不好意思這麼麻煩…因為總感覺現在大眾向的作品，開掛後宮福利都會有，希望能找到一些後宮福利少點的",a7a5235e-b639-59b8-a030-53d38c3e262c,既然世界變成怪物橫行 那隻好隨心所欲生活下去,よっしゃあっ！,54.6,連載,"奇幻, 末日, 戰鬥, 龍傲天, 青梅竹馬, GA文庫, 日本輕小說",身為社畜的我在某天變成最強！在黑心企業上班的和人，某天深夜下班回家途中撞死了一隻神秘的大狗。在這瞬間，和人的腦中響起一股聲音。《———已獲得經驗值。KudouKazuto的LV提升至1。》《———在混沌神域中初次成功討伐的結果已記錄。》《已獲得討伐獎勵。》《學會技能『早熟』。》「總覺得……好像遊戲裡面的通知……」隔天早上，映入和人眼裡的是完全走樣的街道，以及襲擊著人們的怪物。世界在一夕之間全變了樣！變成了存在技能與等級，類似狀態值的神奇系統，簡直有如走進遊戲的世界裡……！！究竟要如何在這種末日般的世界活下去呢！？,2,作品符合使用者要求的「裝逼開掛」以及末日黑暗設定，且主角從社畜變最強符合一定的下剋上邏輯。然而，該作標記為 GA 文庫的日本輕小說，且包含「龍傲天」與「青梅竹馬」標籤，這類作品通常伴隨使用者強烈排斥的後宮、福利或「女角無條件喜歡男主」的傾向。雖然簡介未明言後宮，但屬性風險較高，因此給予 2 分。
q23,"最近不知道要看什麼，想請大家推薦一些好看的作品

裝逼開掛類的
黑暗懸疑的
或是一些風格冷門的都還算喜歡
只有一個大前提，不要後宮，不要賣肉（好像變2個大前提了？
不喜歡那種明明男主沒幹什麼但每個女角都喜歡他，非得要的話2個是極限，而且劇情希望能別注重在他們愛來愛去互刷好感度卻又不決定人選的地方，如果是冒險類作品增加同伴的時候，可以的話別清一色都女的偶而也增加點男性同伴也好（都女的最後8成都變後宮
再來不要硬賣一些福利，例如某漫畫的黎斗摔，或者是洗澡時剛好開門，或者是組個樂團為了討老師歡心換了泳裝演奏……這種的不太能接受

喜歡偏向下剋上（不管是強者因未知原因被分到弱組還是靠努力爬上來把上位者打趴的都喜歡）
描寫內心戲多的（黑掉壞掉，或是溫馨感動的都喜歡）
不好意思這麼麻煩…因為總感覺現在大眾向的作品，開掛後宮福利都會有，希望能找到一些後宮福利少點的",a439aca4-c597-5773-8d2b-33faaa13ff83,徬徨之刃,東野圭吾,19.0,完結,"犯罪, 懸疑, 黑暗, 角川文庫, 日本輕小說",製造出怪物的，究竟是誰？也許，每個人都是共犯……日本狂銷突破170萬冊！三度改編拍成電影，日劇版重磅推出，由竹野內豐領銜主演！東野圭吾最具爭議性的作品，探討「正義」的真相，引爆話題討論！即使握著刀刃的雙手，已經流了一地的血，我也不會停下來。因為不論前進或後退，都是地獄……心愛的女兒繪摩被蹂躪致死的那天，長峰也跟著死去了。,3,用戶明確要求「黑暗懸疑」且「絕對不要後宮與福利」。《徬徨之刃》是一部極其沉重的犯罪懸疑小說，完全不含任何後宮或低俗福利元素，且對主角在絕望中的內心掙扎有深刻描寫，完全符合用戶對於風格和禁忌項的要求。
q23,"最近不知道要看什麼，想請大家推薦一些好看的作品

裝逼開掛類的
黑暗懸疑的
或是一些風格冷門的都還算喜歡
只有一個大前提，不要後宮，不要賣肉（好像變2個大前提了？
不喜歡那種明明男主沒幹什麼但每個女角都喜歡他，非得要的話2個是極限，而且劇情希望能別注重在他們愛來愛去互刷好感度卻又不決定人選的地方，如果是冒險類作品增加同伴的時候，可以的話別清一色都女的偶而也增加點男性同伴也好（都女的最後8成都變後宮
再來不要硬賣一些福利，例如某漫畫的黎斗摔，或者是洗澡時剛好開門，或者是組個樂團為了討老師歡心換了泳裝演奏……這種的不太能接受

喜歡偏向下剋上（不管是強者因未知原因被分到弱組還是靠努力爬上來把上位者打趴的都喜歡）
描寫內心戲多的（黑掉壞掉，或是溫馨感動的都喜歡）
不好意思這麼麻煩…因為總感覺現在大眾向的作品，開掛後宮福利都會有，希望能找到一些後宮福利少點的",869add9b-47cb-51e3-9e1f-f1b66bb78e3c,BLACK LAGOON 企業傭兵,虛淵玄,19.5,完結,"冒險, 犯罪, 黑暗, 戰鬥, 小學館, 日本輕小說",這是無法者的舞會，配樂是硝煙與槍聲。洛克原本是日本商社的上班族，本名岡島綠郎。洛克在某次出差前往中國南海時遭到綁架，下手的是疑似海盜的貨運業者「黑礁商會」。由於公司見死不救，岡島綠郎毅然決定改行當改造魚雷艇「黑礁號」的實習水手，與達奇、萊薇、本尼三位夥伴一起遨遊於亞洲海洋……史上「最兇惡」的刺客即將登陸路南浦！一段洋溢個人色彩的紀錄即將開始……,3,該作品完全符合用戶對「黑暗」風格的需求，且最重要的是它嚴格避開了用戶最厭惡的後宮、賣肉與低俗福利情節。故事聚焦於犯罪與生存，主角從社畜轉變為地下世界的操盤手，具有一定的心理轉折（內心戲）與風格獨特性，非常符合用戶的篩選條件。
q23,"最近不知道要看什麼，想請大家推薦一些好看的作品

裝逼開掛類的
黑暗懸疑的
或是一些風格冷門的都還算喜歡
只有一個大前提，不要後宮，不要賣肉（好像變2個大前提了？
不喜歡那種明明男主沒幹什麼但每個女角都喜歡他，非得要的話2個是極限，而且劇情希望能別注重在他們愛來愛去互刷好感度卻又不決定人選的地方，如果是冒險類作品增加同伴的時候，可以的話別清一色都女的偶而也增加點男性同伴也好（都女的最後8成都變後宮
再來不要硬賣一些福利，例如某漫畫的黎斗摔，或者是洗澡時剛好開門，或者是組個樂團為了討老師歡心換了泳裝演奏……這種的不太能接受

喜歡偏向下剋上（不管是強者因未知原因被分到弱組還是靠努力爬上來把上位者打趴的都喜歡）
描寫內心戲多的（黑掉壞掉，或是溫馨感動的都喜歡）
不好意思這麼麻煩…因為總感覺現在大眾向的作品，開掛後宮福利都會有，希望能找到一些後宮福利少點的",458ca0b5-d8a5-5371-bbe4-0b8dd57c444b,因為被捲入賭命遊戲，所以順勢把討厭的人殺了,中田かなた,22.2,完結,"鬥智, 懸疑, 遊戲, 大逃殺, 黑暗, HJ文庫, 日本輕小說",新井和馬清醒後，發現自己到了一個陌生的空間。憑空現身的『無名』表示，他必需和所有師生進行一場爭奪生存機會的遊戲。和馬衷心享受這種九死一生的危機，他要殺光每一個看不順眼的傢伙。他和超高校級的女演員‧鐵山徹子聯手，以毒辣的頭腦為武器，共同挑戰賭命的遊戲──。,3,該書完全符合使用者要求的「黑暗懸疑」與「鬥智」風格，且主角性格冷酷、以毒辣頭腦為武器，符合「裝逼開掛」與「下剋上」的心理期待。從簡介來看，劇情重心在於生存遊戲與殺戮，而非後宮或賣肉福利，高度契合使用者的核心需求。
q23,"最近不知道要看什麼，想請大家推薦一些好看的作品

裝逼開掛類的
黑暗懸疑的
或是一些風格冷門的都還算喜歡
只有一個大前提，不要後宮，不要賣肉（好像變2個大前提了？
不喜歡那種明明男主沒幹什麼但每個女角都喜歡他，非得要的話2個是極限，而且劇情希望能別注重在他們愛來愛去互刷好感度卻又不決定人選的地方，如果是冒險類作品增加同伴的時候，可以的話別清一色都女的偶而也增加點男性同伴也好（都女的最後8成都變後宮
再來不要硬賣一些福利，例如某漫畫的黎斗摔，或者是洗澡時剛好開門，或者是組個樂團為了討老師歡心換了泳裝演奏……這種的不太能接受

喜歡偏向下剋上（不管是強者因未知原因被分到弱組還是靠努力爬上來把上位者打趴的都喜歡）
描寫內心戲多的（黑掉壞掉，或是溫馨感動的都喜歡）
不好意思這麼麻煩…因為總感覺現在大眾向的作品，開掛後宮福利都會有，希望能找到一些後宮福利少點的",d0416679-7387-5739-b2c1-7ea2c4bd667c,灰與幻想的格林姆迦爾,十文字青,260.9,連載,"轉生, 奇幻, 冒險, 戰鬥, 青春, 黑暗, 其他文庫, 日本輕小說",我們為什麼要這麼做……？哈爾希洛回過神來，才發現自己身處在黑暗當中，他完全不知道自己人在何處，也不明白這個地方是哪裡。他的身邊有一群和他一樣失去記憶，只記得自己名字的男女；而離開了地底後，等待著眾人的是一個「宛如遊戲」的世界。為求生存，哈爾希洛與自己有著相同境遇的夥伴們組成隊伍、學習技能，以義勇兵見習者的身分踏入了這個世界——「格林姆迦爾」。沒有人知道未來會遇見什麼……這一切，就是從灰燼之中所誕生的冒險譚。,3,該作品完美契合使用者對「非後宮」、「無賣肉」的強烈要求。雖然它不屬於「開掛類」，但符合使用者提到的「黑暗」、「風格冷門（寫實生存）」以及「豐富的內心戲（對死亡與生存的掙扎）」等偏好。這是一部反典型的轉生作品，正好能滿足使用者想避開大眾向套路的心情。
q23,"最近不知道要看什麼，想請大家推薦一些好看的作品

裝逼開掛類的
黑暗懸疑的
或是一些風格冷門的都還算喜歡
只有一個大前提，不要後宮，不要賣肉（好像變2個大前提了？
不喜歡那種明明男主沒幹什麼但每個女角都喜歡他，非得要的話2個是極限，而且劇情希望能別注重在他們愛來愛去互刷好感度卻又不決定人選的地方，如果是冒險類作品增加同伴的時候，可以的話別清一色都女的偶而也增加點男性同伴也好（都女的最後8成都變後宮
再來不要硬賣一些福利，例如某漫畫的黎斗摔，或者是洗澡時剛好開門，或者是組個樂團為了討老師歡心換了泳裝演奏……這種的不太能接受

喜歡偏向下剋上（不管是強者因未知原因被分到弱組還是靠努力爬上來把上位者打趴的都喜歡）
描寫內心戲多的（黑掉壞掉，或是溫馨感動的都喜歡）
不好意思這麼麻煩…因為總感覺現在大眾向的作品，開掛後宮福利都會有，希望能找到一些後宮福利少點的",40d6dfde-ac57-5d1b-acf2-3de86e710058,「憑妳也想討伐魔王？」被勇者小隊逐出隊伍，只好在王都自在過活,kiki,80.6,連載,"奇幻, 戰鬥, 獵奇, 黑暗, 百合, 女性視角, Fami通文庫, 日本輕小說",「……原來我，可以活著呀。」明明能力值為零，卻被選進勇者小隊的芙蘭姆。唯一擁有的是種名為「翻轉」的莫名能力。果不其然，雖在戰鬥中完全派不上用場，仍不氣餒努力為小隊奉獻。然而隊中一位赫赫有名的天才賢者吉恩卻看她不順眼，不只動不動就找碴，最後甚至硬是把她賣給了奴隸商人。在奴隸商會內受盡折磨的芙蘭姆，某天為了娛樂目的，即將淪為怪物的大餐。沒想到，當她舉起號稱一拿到手就會將身體融化的「詛咒大劍」瞬間——她的人生急遽翻轉。,3,推薦書籍高度符合用戶需求。首先，劇情包含被驅逐、淪為奴隸後獲得強大能力翻盤，完美契合「下剋上」與「開掛」的需求；其次，標籤包含「黑暗」與「獵奇」，符合用戶對黑暗風格的喜好。最重要的是，本作採取女性視角且為百合傾向，完全避開了用戶最厭惡的「男主後宮」與「男性向賣肉福利」設定，是非常精準的推薦。
q23,"最近不知道要看什麼，想請大家推薦一些好看的作品

裝逼開掛類的
黑暗懸疑的
或是一些風格冷門的都還算喜歡
只有一個大前提，不要後宮，不要賣肉（好像變2個大前提了？
不喜歡那種明明男主沒幹什麼但每個女角都喜歡他，非得要的話2個是極限，而且劇情希望能別注重在他們愛來愛去互刷好感度卻又不決定人選的地方，如果是冒險類作品增加同伴的時候，可以的話別清一色都女的偶而也增加點男性同伴也好（都女的最後8成都變後宮
再來不要硬賣一些福利，例如某漫畫的黎斗摔，或者是洗澡時剛好開門，或者是組個樂團為了討老師歡心換了泳裝演奏……這種的不太能接受

喜歡偏向下剋上（不管是強者因未知原因被分到弱組還是靠努力爬上來把上位者打趴的都喜歡）
描寫內心戲多的（黑掉壞掉，或是溫馨感動的都喜歡）
不好意思這麼麻煩…因為總感覺現在大眾向的作品，開掛後宮福利都會有，希望能找到一些後宮福利少點的",e7e5f20a-34d9-5315-845c-437eb0fcb8f5,Genocide Online,たけのこ,29.5,連載,"黑暗, 獵奇, 戰鬥, 龍傲天, 大小姐, 女性視角, 其他文庫, 日本輕小說",要注意那個可憐的少女「殺人鬼」——一條玲奈雖然出生於名門望族，卻被父親疏遠，並且從孩提時代起一直無自覺地在內心裡孕育著惡意。隨著曾經作為唯一的防波堤的最愛的母親離世，她預見到自己的異常性終會爆發出來，於是她決定投身VRMMO遊戲的架空世界裡，貫徹惡役來解放一直壓抑住的自己。按照自己的想法，如願以償地展開屠殺【玩耍】，一切都是為了內心的安寧。有著純粹心靈的屠殺者・麗奈，將恐慌帶來虛擬的樂園，並將它塗成地獄繪圖！‍‍‍‍‌‌‍‌‌‌‌‍‍‌‍,3,該作品高度符合用戶對「黑暗」、「開掛」以及「內心戲（黑掉壞掉）」的需求。由於主角為女性視角且劇情核心在於屠殺與心理釋放，完全避開了用戶最反感的「男主後宮」、「賣肉福利」以及「無腦好感度」等大眾向套路，是非常精準的推薦。
q23,"最近不知道要看什麼，想請大家推薦一些好看的作品

裝逼開掛類的
黑暗懸疑的
或是一些風格冷門的都還算喜歡
只有一個大前提，不要後宮，不要賣肉（好像變2個大前提了？
不喜歡那種明明男主沒幹什麼但每個女角都喜歡他，非得要的話2個是極限，而且劇情希望能別注重在他們愛來愛去互刷好感度卻又不決定人選的地方，如果是冒險類作品增加同伴的時候，可以的話別清一色都女的偶而也增加點男性同伴也好（都女的最後8成都變後宮
再來不要硬賣一些福利，例如某漫畫的黎斗摔，或者是洗澡時剛好開門，或者是組個樂團為了討老師歡心換了泳裝演奏……這種的不太能接受

喜歡偏向下剋上（不管是強者因未知原因被分到弱組還是靠努力爬上來把上位者打趴的都喜歡）
描寫內心戲多的（黑掉壞掉，或是溫馨感動的都喜歡）
不好意思這麼麻煩…因為總感覺現在大眾向的作品，開掛後宮福利都會有，希望能找到一些後宮福利少點的",59aa8c46-fe18-584f-8aa2-02e9acacfdfb,大逃殺,高見廣春,35.1,完結,"遊戲, 鬥智, 黑暗, 獵奇, 驚悚, 大逃殺, 其他文庫, 日本輕小說",大逃殺題材開山鼻祖之作——挑戰人類想像力之極限、撼動人性道德界線驚悚大作！血淋淋呈現人性最終本能與慾望！「各位同學，你們班被選為今年『計畫』的對象啦。」每個中學生日夜憂懼的夢魘還是降臨到了他們身上。原本應該是一次留下美好青春回憶的國三畢業旅行，現在卻成了生命的畢業旅行。可是，要殘殺自己平時相處在一起的同班同學，那怎麼可能！？但你若不投入這場「遊戲計畫」，奮力一戰，就得被迫從人生舞台畢業！！！戰爭已經開始，你準備好了嗎？,3,該作品完全符合使用者對「黑暗懸疑」的需求，且絕對沒有後宮、賣肉或低俗福利情節，滿足了使用者的核心禁忌。雖然沒有傳統意義上的「開掛」設定，但其對人性的深刻描寫與心理戰符合使用者對「內心戲多」以及「對抗上位者（體制）」的偏好，是非常契合的推薦。
q23,"最近不知道要看什麼，想請大家推薦一些好看的作品

裝逼開掛類的
黑暗懸疑的
或是一些風格冷門的都還算喜歡
只有一個大前提，不要後宮，不要賣肉（好像變2個大前提了？
不喜歡那種明明男主沒幹什麼但每個女角都喜歡他，非得要的話2個是極限，而且劇情希望能別注重在他們愛來愛去互刷好感度卻又不決定人選的地方，如果是冒險類作品增加同伴的時候，可以的話別清一色都女的偶而也增加點男性同伴也好（都女的最後8成都變後宮
再來不要硬賣一些福利，例如某漫畫的黎斗摔，或者是洗澡時剛好開門，或者是組個樂團為了討老師歡心換了泳裝演奏……這種的不太能接受

喜歡偏向下剋上（不管是強者因未知原因被分到弱組還是靠努力爬上來把上位者打趴的都喜歡）
描寫內心戲多的（黑掉壞掉，或是溫馨感動的都喜歡）
不好意思這麼麻煩…因為總感覺現在大眾向的作品，開掛後宮福利都會有，希望能找到一些後宮福利少點的",68af5128-7932-5c17-a2bc-13a24cfd6ad8,波上的魔術師,石田衣良,17.7,完結,"青春, 黑暗, 鬥智, 犯罪, 其他文庫, 日本輕小說",謎樣的股票投機大亨挑中一個鎮日留連遊戲店的單身寄生蟲，讓他從什麼都不懂的門外漢，搖身一變成了財經精英。縱橫股市，投機操作，與老人聯手挑戰日本第三大銀行，智取以卑劣手段詐取老人保險金的龐大金融機器。如形狀不定的波浪般忽上忽下的股市數字，在曲線交會處形成巨大的變化。就在這漲跌起落之間，蘊藏著人類的智慧，以及人性的善惡與貪婪。善與惡的對峙，你爭我奪的謀略戰，在石田的筆下，活靈活現地施展開來。轉自輕之國度,3,該作品屬於黑暗、鬥智與犯罪類，完全符合用戶對「黑暗懸疑」與「冷門風格」的喜好。情節描述主角從社會邊緣人被培養成金融精英並挑戰大銀行，契合「下剋上」與「開掛」的期待。且內容聚焦於金融博弈與人性較量，無後宮或賣肉傾向，精準避開了用戶最在意的所有雷區。
q23,"最近不知道要看什麼，想請大家推薦一些好看的作品

裝逼開掛類的
黑暗懸疑的
或是一些風格冷門的都還算喜歡
只有一個大前提，不要後宮，不要賣肉（好像變2個大前提了？
不喜歡那種明明男主沒幹什麼但每個女角都喜歡他，非得要的話2個是極限，而且劇情希望能別注重在他們愛來愛去互刷好感度卻又不決定人選的地方，如果是冒險類作品增加同伴的時候，可以的話別清一色都女的偶而也增加點男性同伴也好（都女的最後8成都變後宮
再來不要硬賣一些福利，例如某漫畫的黎斗摔，或者是洗澡時剛好開門，或者是組個樂團為了討老師歡心換了泳裝演奏……這種的不太能接受

喜歡偏向下剋上（不管是強者因未知原因被分到弱組還是靠努力爬上來把上位者打趴的都喜歡）
描寫內心戲多的（黑掉壞掉，或是溫馨感動的都喜歡）
不好意思這麼麻煩…因為總感覺現在大眾向的作品，開掛後宮福利都會有，希望能找到一些後宮福利少點的",e1158bf7-4d7d-5012-8ef3-5ee699b2ba94,黑妖犬 罪犯側寫師·犬飼秀樹,青木杏樹,20.8,連載,"鬥智, 懸疑, 犯罪, 電擊文庫, 日本輕小說",★惡魔 vs. 兇狠犯罪者，衝擊性的犯罪心理懸疑推理！★用「惡魔話術」揭穿重大罪犯的假面具，令人心驚膽跳又大呼過癮的正面對決！「我是個使用邪惡話術的惡魔。」犬飼是個熱愛屍體的怪人，同時也是年紀輕輕就當上犯罪心理學副教授的天才。他是「特權法」登錄序號〇〇二──受到國家特別認可，能夠參與難解事件搜查的一般人側寫師。擁有【黑妖犬】這等綽號的他，在兒時玩伴諭吉副檢察官拿重大犯罪來找他商量時，他會利用【邪噁心理學】狡猾地揭穿罪犯的假面具。但是，只有造就犬飼極度迷戀屍體的原因，二十五年前的事件——諭吉母親自殺的真相尚未大白……。,3,推薦作品完全符合用戶對「黑暗懸疑」的需求，且主角作為天才側寫師，其利用專業知識揭穿罪犯的過程符合用戶想看「開掛/裝逼」的心理。同時，該作屬於嚴肅的犯罪心理推理小說，完全避開了用戶極其厭惡的後宮、賣肉及廉價福利情節，且聚焦於心理博弈，符合用戶對「內心戲」與「冷門風格」的偏好。
q23,"最近不知道要看什麼，想請大家推薦一些好看的作品

裝逼開掛類的
黑暗懸疑的
或是一些風格冷門的都還算喜歡
只有一個大前提，不要後宮，不要賣肉（好像變2個大前提了？
不喜歡那種明明男主沒幹什麼但每個女角都喜歡他，非得要的話2個是極限，而且劇情希望能別注重在他們愛來愛去互刷好感度卻又不決定人選的地方，如果是冒險類作品增加同伴的時候，可以的話別清一色都女的偶而也增加點男性同伴也好（都女的最後8成都變後宮
再來不要硬賣一些福利，例如某漫畫的黎斗摔，或者是洗澡時剛好開門，或者是組個樂團為了討老師歡心換了泳裝演奏……這種的不太能接受

喜歡偏向下剋上（不管是強者因未知原因被分到弱組還是靠努力爬上來把上位者打趴的都喜歡）
描寫內心戲多的（黑掉壞掉，或是溫馨感動的都喜歡）
不好意思這麼麻煩…因為總感覺現在大眾向的作品，開掛後宮福利都會有，希望能找到一些後宮福利少點的",3ae08fce-97c2-5477-bc7d-095dbcf29379,死亡筆記 決戰新世界,日下部匡俊,7.5,完結,"奇幻, 懸疑, 犯罪, 鬥智, 集英社, 日本輕小說",名字被寫在這本筆記本上的人將會死亡『奇樂』，也就是夜神月，企圖以死亡筆記本改變這個世界，讓世上再也沒有犯罪。世界級名偵探『L』則打算阻止失控的奇樂。兩位天才之間的對決結束之後，過了10年的某一天，全世界的網路都遭到劫持，傅出『奇樂』所發送的訊息——「去奪得死亡筆記本吧——」被死神帶來世間的6本死亡筆記本。以及同時發生的多起大量殺人事件。在這一連串事件發生的同時，L的楓承者·龍崎加入由三島率領的死亡筆記本應對本部，並在隨機殺人的現場得到一本死亡筆記本。另一方面，在同一個殺人現場，出現奇樂信徒·紫苑的身影——3個人各自高舉著互不相讓的『正義』名號，展開了壯烈的門智戰爭—一！,3,該作品完全符合用戶對「黑暗懸疑」與「鬥智」的需求，且完全沒有後宮、賣肉或廉價福利情節，嚴格遵守了用戶的大前提。此外，故事著重於心理博弈與內心戲，與用戶喜歡的深層心理描寫相契合，是一個非常高品質的推薦。
q23,"最近不知道要看什麼，想請大家推薦一些好看的作品

裝逼開掛類的
黑暗懸疑的
或是一些風格冷門的都還算喜歡
只有一個大前提，不要後宮，不要賣肉（好像變2個大前提了？
不喜歡那種明明男主沒幹什麼但每個女角都喜歡他，非得要的話2個是極限，而且劇情希望能別注重在他們愛來愛去互刷好感度卻又不決定人選的地方，如果是冒險類作品增加同伴的時候，可以的話別清一色都女的偶而也增加點男性同伴也好（都女的最後8成都變後宮
再來不要硬賣一些福利，例如某漫畫的黎斗摔，或者是洗澡時剛好開門，或者是組個樂團為了討老師歡心換了泳裝演奏……這種的不太能接受

喜歡偏向下剋上（不管是強者因未知原因被分到弱組還是靠努力爬上來把上位者打趴的都喜歡）
描寫內心戲多的（黑掉壞掉，或是溫馨感動的都喜歡）
不好意思這麼麻煩…因為總感覺現在大眾向的作品，開掛後宮福利都會有，希望能找到一些後宮福利少點的",a0bbcae8-7a94-511d-bdd1-453193cc823b,勇者死後,サドガワイツキ,12.9,完結,"黑暗, 復仇, 龍傲天, kakuyomu, Web輕小說",結局之後的故事。打倒魔王，拯救了世界的勇者，卻被曾經守護的人們所陷害，最終選擇了自盡。留下來的勇者夥伴，為了見證『勇者死後』會發生什麼事而展開最後的旅程。※重新編輯了之前發表的短篇小說《勇者死後》和《勇者死後的這個世界》,3,使用者明確要求黑暗懸疑、開掛且絕對不要後宮與賣肉的作品。推薦書籍《勇者死後》標記為「黑暗」與「復仇」，劇情涉及背叛與自盡，基調陰沉，完全避開了使用者討厭的後宮福利向設定，且符合其對「黑暗」風格以及深層內心描寫（黑掉、壞掉）的偏好，是非常契合的推薦。
q24,"要求有點難找
希望推薦""戰爭+戀愛""要素的輕小說,不是戰""鬥""是戰""爭""
要完結了的,GOOD ENDING最好",efb31193-fa12-50fd-aa1f-b136d654164a,對某飛行員的追憶,犬村小六,13.7,完結,"戰爭, 冒險, 戀愛, 小學館, 日本輕小說",「護衛美麗的千金小姐在敵陣中單機航行一萬兩千公里，辦得到吧？」這個荒謬至極的命令，讓雷瓦姆王國的傭兵查爾斯以為自己聽錯了。下任皇妃璜娜是被譽為「光耀五里」的美少女，如此高貴的璜娜，竟然要跟自己這種流民一起展開海上長途飛行之旅？而且，具有無與倫比之強大攻擊力的敵國戰鬥機，還大舉攻向查爾斯和璜娜搭乘的雙座式水上偵察機桑塔庫魯斯。一場戀愛與空戰的故事，在積雨雲攀升藍天的夏日海洋上閃耀發光！,3,該書明確包含「戰爭」與「戀愛」要素，劇情設定在敵對國家的領空中進行長途飛行護衛，符合使用者要求的大規模戰爭背景而非單純的個體戰鬥，是非常匹配的推薦。
q24,"要求有點難找
希望推薦""戰爭+戀愛""要素的輕小說,不是戰""鬥""是戰""爭""
要完結了的,GOOD ENDING最好",8c4814f2-3598-5c34-9b70-2eece3f156e4,獻給某飛行員的戀歌,犬村小六,62.4,完結,"戀愛, 戰爭, 冒險, 小學館, 日本輕小說",「這根本是經過粉飾的放逐劇！」在數萬名市民歡送之下，空中之島伊斯拉經由盛大的出航儀式踏上旅程，飛航目的是「尋找天空的盡頭」，理由雖然冠冕堂皇，但卻無人能保證歸期，可說是一場漫無目標的旅程。卡路兒操縱著阿爾康號戰鬥機，冷眼旁觀這場儀式。他曾經是這個國家的第一王子，但在六年前的「風之革命」中失去一切。他憎恨的視線朝向「風之革命」的旗幟人物，新任伊斯拉管區長的妮娜·維恩特……本作品以《對某飛行員的追憶》背景世界為舞台，再度展開戀愛與空戰物語！,3,該作品明確包含「戰爭」（革命、政治鬥爭、空戰）與「戀愛」要素，且其設定涉及國家級的變動而非單純的個體戰鬥，完全符合使用者對「戰爭+戀愛」核心需求的定義。
q24,"要求有點難找
希望推薦""戰爭+戀愛""要素的輕小說,不是戰""鬥""是戰""爭""
要完結了的,GOOD ENDING最好",ab54cf82-ce08-51fb-a08b-410da76afdd0,獻給某飛行員的夜想曲,犬村小六,25.9,完結,"戀愛, 戰爭, 冒險, 小學館, 日本輕小說",賽昂島上有條「魔犬」——維多利亞海海戰半年後，神聖雷瓦姆皇國軍的飛行員們心懷敬畏如此稱呼帝政天上軍的擊墜王·千千石。但是，在物資上略欠一籌的天上士兵們，在雷瓦姆軍無窮無止的進攻面前節節潰散。並且，巴爾德機動艦隊終於開始東進。為了迎擊，千千石再次登上航空母艦「雲鶴」，等候著他的是，由最新科學兵器所保衛的海上要塞和那個男人的本領……！,3,該作品明確包含「戰爭」與「戀愛」要素，且劇情設定在帝國間的軍事衝突（海戰、航空母艦、艦隊東進），符合使用者要求的「戰爭」而非單純「戰鬥」的規模感，高度契合核心需求。
q24,"要求有點難找
希望推薦""戰爭+戀愛""要素的輕小說,不是戰""鬥""是戰""爭""
要完結了的,GOOD ENDING最好",9fbe9af5-172e-5e88-97bb-cd033630110c,圖書館戰爭,有川浩,103.0,完結,"科幻, 戰爭, 戀愛, 電擊文庫, 日本輕小說",故事發生在公元2019年（正化31年），以反對破壞公序良俗為名制定的法案，已施行了30年。一位女生，為了追求心目中的「王子殿下」——高中時邂逅的一點陣圖書隊員，加入了保護圖書的組織——圖書隊。她的名字，叫做笠原郁。魯莽笨拙，卻正直率真的郁，頑強不屈的熱情得到認同，入隊後被分配到精英部隊——圖書特種部隊，然而……?!,3,該書明確包含「戰爭」與「戀愛」要素。雖然其設定的「戰爭」是指保護圖書與政府審查機關之間的制度性衝突，而非傳統的大規模軍事戰爭，但這正好符合使用者要求「戰爭」而非單純「戰鬥」的意圖（強調衝突的規模與性質而非個人打鬥），且戀愛線是故事的核心驅動力，是非常契合的推薦。
q24,"要求有點難找
希望推薦""戰爭+戀愛""要素的輕小說,不是戰""鬥""是戰""爭""
要完結了的,GOOD ENDING最好",7b43d008-4524-5123-9d3e-b70f4a729cd9,真·戀姬無雙 少女繚亂 三國志演義,小林正親,19.6,完結,"轉生, 戰爭, 歡樂向, 後宮, Fami通文庫, 日本輕小說",原本只是個普通高中生的北鄉一刀藉由異次元時間移動，來到了「三國志武將美少女化」的世界裡頭。但在這個世界裡他的身分卻搖身一變成了「天之使者」。前來迎接的劉備和關羽甚至還尊稱他為「主人」並仰慕著！不久劉備軍在「赤壁之戰」獲得勝利。但是敗軍之將。曹操卻趁隙綁走一刀！而在曹操後方緊追不捨的劉備、趙雲和呂布等人抵達的村莊，似乎正被兇惡的五胡軍覬覦著……？超人氣美少女歷史AVG小說化，隆重登場！！轉自輕之國度,3,該作品設定在三國志背景，明確包含大規模的軍事衝突（如赤壁之戰）與後宮戀愛要素，符合使用者要求的「戰爭+戀愛」核心需求，且屬於輕小說類別。
q24,"要求有點難找
希望推薦""戰爭+戀愛""要素的輕小說,不是戰""鬥""是戰""爭""
要完結了的,GOOD ENDING最好",05688645-1efc-56b5-a788-4108f5c99ce4,驚爆危機,賀東招二,212.4,完結,"校園, 科幻, 戰爭, 機戰, 戀愛, 歡樂向, 富士見文庫, 日本輕小說",在和平的陣代高校中，過著尋常高中生活的千鳥要面前，突然出現了一名轉學生。這位名叫相良宗介的轉學生，居然到處如影隨形的跟著她，不論在學校還是家裡，而只要是他所到之處，都會引起一陣不小的騷動。在這樣的非日常生活之中，也到了他們班去畢業旅行之時，但是卻遇上了劫機事件，而且目標居然是千鳥要，而在危急時，宗介出現救了她，相良宗介的真實身份是什麼，而這場劫機事件的幕後主使者究竟是……？,3,該作品包含明確的「戰爭」與「戀愛」要素。雖然簡介側重於校園生活，但其核心劇情涉及軍事組織的全球戰爭與機甲作戰，且男女主角的感情線是主軸，完全符合使用者對戰爭+戀愛的需求。
q24,"要求有點難找
希望推薦""戰爭+戀愛""要素的輕小說,不是戰""鬥""是戰""爭""
要完結了的,GOOD ENDING最好",133a2c30-2a69-5d1a-a576-d677278ae646,織田信奈的野望,春日御影,391.6,完結,"轉生, 冒險, 戰爭, 後宮, 歡樂向, 富士見文庫, 日本輕小說",高中生相良良晴回過神來，發現自己不知為何身處在戰國時代的戰場中！？在那裡，他遇見了一位自稱織田信奈的少女，而對方的身分居然是尾張的大名。外表可愛、行動卻放縱不羈的信奈，不但稱呼良晴為猴子，還把他使喚來使喚去。在困惑之餘，良晴逐漸和信奈以及她身邊那些個性獨特的同伴們打成一片。但是在另一方面，信奈與坐擁鄰國駿河、企圖掌握天下的野心家·今川義元對決的時刻也逐漸逼近……以風起雲湧的戰國時代為舞台，天下布武的愛情喜劇就此展開！,3,該作品設定在戰國時代，核心劇情圍繞著「天下布武」的國家統一戰爭，符合使用者要求的「戰爭」而非單純「戰鬥」的意圖，且明確包含愛情喜劇要素，高度符合使用者需求。
q24,"要求有點難找
希望推薦""戰爭+戀愛""要素的輕小說,不是戰""鬥""是戰""爭""
要完結了的,GOOD ENDING最好",bc60d08a-db83-52c3-91c5-2c822258fd8b,皇帝聖印戰記,水野良,99.3,完結,"奇幻, 魔法, 戰爭, 戀愛, 角川文庫, 日本輕小說",渾沌支配了大陸──人民畏懼著各種災害。君王們手持著平息渾沌的〈聖印〉守護百姓。然而隨著歲月流逝，君王們逐漸忘卻了「守護蒼生」的理念，為了爭奪彼此的聖印和領地，掀起了一波又一波的戰爭……魔法師希露卡唾棄毫無風骨的各地君王，而浪跡天涯的騎士提歐則是為了解放受苛政所苦的家鄉修練武藝。「我願與騎士提歐的聖印締結契約，誓言忠誠直至永恆。」日本奇幻大師水野良的史詩級奇幻戰記，就此揭幕！,3,該書明確包含「戰爭」與「戀愛」要素，且劇情涉及領土爭奪、家鄉解放及史詩級的戰記規模，符合使用者要求的「戰爭」而非單純「戰鬥」的核心意圖，是高度相關的推薦。
q24,"要求有點難找
希望推薦""戰爭+戀愛""要素的輕小說,不是戰""鬥""是戰""爭""
要完結了的,GOOD ENDING最好",378ba3a9-db2c-5be3-bb17-4e0098ec320b,傳頌之物,Flight-Plan,4.8,完結,"奇幻, 戰爭, 後宮, 人外, 遊戲劇本, 日本輕小說",(傳頌之物PS2版遊戲劇本)位於大陸東北邊境一個小國的村莊，主人公在那裡醒來。重傷昏厥的他被一名叫「艾露露」的女孩發現並救起。但是，雖然保住性命，主人公卻喪失了至今為止的記憶……連自己名字也想不起來的他被眾人稱呼為「哈克奧羅」。受「艾露露」她們無微不至照料而逐漸恢複的「哈克奧羅」看到村子貧困的生活，決定盡自己力所能及來幫助他們。一邊治療傷病，一邊耕田、和村民加深交流等，時間逐漸流逝……,3,該作品雖然開頭是村莊生活，但核心劇情隨後演變為大規模的國家戰爭、軍事策略與權謀鬥爭，完全符合使用者要求的「戰爭」而非單純「戰鬥」的要素，且包含深刻的戀愛關係，與使用者需求高度契合。
q24,"要求有點難找
希望推薦""戰爭+戀愛""要素的輕小說,不是戰""鬥""是戰""爭""
要完結了的,GOOD ENDING最好",f8f1556a-5338-5097-950e-575a98aaec2d,發條精靈戰記 天鏡的極北之星,宇野朴人,193.5,完結,"奇幻, 戰爭, 戀愛, 後宮, 電擊文庫, 日本輕小說",卡托瓦納帝國是與鄰接的齊歐卡共和國處於戰爭狀態的大國。在其國境之內的某個角落，有一名因為某些內情，而以不情不願的態度準備參加高等軍官甄試的少年，名為伊庫塔。伊庫塔是個厭惡戰爭、懶惰散漫、愛好女色的人。在當時，沒有任何人預料到這樣的他，之後會打算成為、甚至被稱呼為名將的軍人……以身為軍人的卓越才能，在戰亂四起的世界裡努力求生的少年，伊庫塔。本書描述他波濤洶湧的至今生涯，一場盛大的奇幻戰記在此揭幕！,3,該書明確包含「戰爭」與「戀愛」兩大要素，且情節涉及帝國與共和國的國家間戰爭、軍官考核及名將成長，符合使用者強調的「戰爭」而非單純「戰鬥」的需求，是非常契合的推薦。
q24,"要求有點難找
希望推薦""戰爭+戀愛""要素的輕小說,不是戰""鬥""是戰""爭""
要完結了的,GOOD ENDING最好",c5dacb4b-680c-5797-a5e4-978a7506cb4e,魔彈之王與戰姬,川口士,249.4,完結,"校園, 奇幻, 戰爭, 後宮, 青梅竹馬, MF文庫J, 日本輕小說",揮舞著龍賜與的超常武器，馳騁在戰場上的美麗少女們——戰姬。隸屬於國王臣下，七位戰姬各自統領七塊領地，以「吉斯塔特的七戰姬」之名威震鄰近諸國。布琉努王國的貴族少年堤格爾，在某次被徵召的作戰中遇見了其中一名戰姬。白色的頭髮以及赤紅的雙瞳，同時具有幻想般美貌和壓倒性威嚴的少女，其名為「銀閃的風姬」艾蓮。堤格爾雖然試圖擊斃身為敵方統帥的艾蓮，卻被她超越人類極限的劍技打敗。但對他的用弓技巧相當中意的艾蓮，竟然向他宣告「你是我的俘虜了。」……這是怎麼回事！？暢快淋漓的最強美少女奇幻故事，就此開幕！,3,該作品明確包含「戰爭」與「戀愛」要素，且情節涉及領土統治、國家間的衝突與統帥之爭，符合使用者要求的「戰爭」而非僅是單純「戰鬥」的設定，與核心需求高度匹配。
q24,"要求有點難找
希望推薦""戰爭+戀愛""要素的輕小說,不是戰""鬥""是戰""爭""
要完結了的,GOOD ENDING最好",25090f4f-4ffd-5cde-9fe9-c9a19a3896cf,我的她是戰爭妖精,嬉野秋彥,81.8,完結,"校園, 奇幻, 戰爭, 後宮, 人外, Fami通文庫, 日本輕小說",宮本伊織正面臨危機。班上女同學牧島皐月登門拜訪，他卻對樓上的狀況在意得無以復加。好不容易送辠月離開之後，伊織前往二樓打開衣櫃——裡頭是一名被五花大綁，宛如陶瓷娃娃般的美少女！「克莉絲是戰爭妖精。」就這樣，伊織突然和克莉絲開始同居，還被捲入神秘的死斗……這名少女到底是什麼身分！？兩人將以奇妙的羈絆，踏上一段神秘的戰爭之旅！！,3,該書明確包含「戰爭」與「戀愛/後宮」要素，且劇情描述中提到「戰爭之旅」，符合使用者對戰爭與戀愛結合之輕小說的核心需求。
q4,"由於自己的胃口比較獨特的原因，喜歡男主被拋置於各種不利的情節或者感情中，也是因為這樣，喜歡看那些讓人看完后心緒難以平靜的小說，就我看過的來說，無職，re0，妹妹人生，異世界迷宮最深等，在某種程度上來說都有慘烈的一部分（感情上或者情節上都是），也沒有一定要轉生異世界，現實日常要是能描繪出這些來也很好了。
尤其那種男主能不斷被放置在痛苦或者恐懼之中，一邊流露出作者思考的文字的小說，再好不過。",86980959-20d1-5936-a774-8ac7b0abd6f0,龍背上的騎兵,映島巡,12.1,完結,"奇幻, 戰鬥, 復仇, 黑暗, 戀愛, 其他文庫, 日本輕小說",任憑翅膀閃耀著光芒，巨大的飛鳥在空中翩翩起舞。一層稀薄的雲彩飄浮在蔚藍的天空中，抬眼望去，每個方位都是那麼寬廣。美麗，彷彿與其正下方的光景並不屬於同一個世界。此起彼伏的怒號抑或夾帶著血霧的飛沬，都無法沾染到它的任何角落，肆意飛揚的沙塵。也難以遮蔽這一獨好的視野。,2,使用者明確表示喜歡男主角處於不利、痛苦、恐懼或慘烈的情境中，且偏好能帶來心緒不安的黑暗風格作品。推薦的《龍背上的騎兵》標籤包含「復仇」與「黑暗」，其世界觀殘酷且充滿戰爭與悲劇，符合使用者對「慘烈」與「不利情節」的需求，雖然它更偏向正統黑暗奇幻而非純粹的心理折磨，但仍高度符合其核心意圖。
q4,"由於自己的胃口比較獨特的原因，喜歡男主被拋置於各種不利的情節或者感情中，也是因為這樣，喜歡看那些讓人看完后心緒難以平靜的小說，就我看過的來說，無職，re0，妹妹人生，異世界迷宮最深等，在某種程度上來說都有慘烈的一部分（感情上或者情節上都是），也沒有一定要轉生異世界，現實日常要是能描繪出這些來也很好了。
尤其那種男主能不斷被放置在痛苦或者恐懼之中，一邊流露出作者思考的文字的小說，再好不過。",1391ffe5-03c6-5c8d-a2c0-f1bc1c47cb80,暮蟬悲鳴之時 解,龍騎士07,175.2,完結,"校園, 懸疑, 犯罪, 驚悚, 黑暗, 獵奇, 遊戲劇本, 日本輕小說",特別說明：因為解篇的文庫本翻譯比較零散，大量篇章不齊全，故解篇本站使用遊戲劇本提取漢化版代替——文庫本根據遊戲劇本改編而成，劇情上而言，兩者並無區別。謎題全部解開了！「暮蟬悲鳴之時」解篇，揭開序幕！時間回溯到那起悲慘事件侵襲雛見澤村的前一年──昭和五十七年夏初，園崎詩音從死板拘束的千金學校逃走後，在興宮鎮上遇見了北悟史。雖然悟史笨手笨腳的，但他卻是個很為妹妹著想，個性又親切爽朗的人。詩音很快就受這樣的他所吸引。不過，在神秘慶典「綿流」那晚過後，悟史的「家庭狀況」卻突然產生劇變……此時此刻，壯烈的悲劇火種全都蔓延開來了！以嶄新手法表現出各種可能性，結合多重的謎團將故事的恐怖感提升到全新境界！席捲各大媒體平台的「暮蟬悲鳴之時」謎題全都解開了！,3,用戶明確表示喜歡男主處於不利、痛苦或恐懼的情境，以及能帶來強烈情緒衝擊（心緒難以平靜）的黑暗風格作品，並舉例了《Re:Zero》等作品。而《暮蟬悲鳴之時》以其著名的心理恐懼、悲劇循環以及角色在絕望中的掙扎著稱，完美符合用戶對「慘烈」、「痛苦」與「黑暗」的需求，具有極高的相關性。
q4,"由於自己的胃口比較獨特的原因，喜歡男主被拋置於各種不利的情節或者感情中，也是因為這樣，喜歡看那些讓人看完后心緒難以平靜的小說，就我看過的來說，無職，re0，妹妹人生，異世界迷宮最深等，在某種程度上來說都有慘烈的一部分（感情上或者情節上都是），也沒有一定要轉生異世界，現實日常要是能描繪出這些來也很好了。
尤其那種男主能不斷被放置在痛苦或者恐懼之中，一邊流露出作者思考的文字的小說，再好不過。",4a8d7507-464a-5c50-a215-792a1b936ccb,不可逆性加虐,野水はた,24.0,完結,"百合, JK, 黑暗, kakuyomu, Web輕小說",從欺凌者和被欺凌者重逢的那天起，兩人的日常便開始走向瘋狂。刺傷、勒緊、灼燒、溺水。儘管如此依舊無法分開，因為互為彼此唯一的依靠。「想要你……再對我做那天的事」「我一直想為傷害了你而道歉」「我喜歡疼痛」「我想贖罪。已經不會再做那種事了」「那麼，我可要說出去了哦？瑠莉醬的秘密」「――――」人，是無法改變的。不正常的我，與不正常的瑠莉醬。那天徹底誤入歧途的我們，從一開始就註定走向這樣的結局。「所以，今天也會答應我的請求吧……對吧？」在廁所隔間里，在空無一人的教室里，在我的房間里……我們延續著那一天的故事。,1,使用者明確要求「男主」處於痛苦、恐懼或不利的情境，而推薦作品標記為「百合」，主角為女性。雖然該書在「黑暗」、「虐心」以及「心理折磨」的氛圍上高度符合使用者對「心緒難以平靜」的需求，但主角性別與設定完全不符，錯失了使用者核心的人物要求。
q4,"由於自己的胃口比較獨特的原因，喜歡男主被拋置於各種不利的情節或者感情中，也是因為這樣，喜歡看那些讓人看完后心緒難以平靜的小說，就我看過的來說，無職，re0，妹妹人生，異世界迷宮最深等，在某種程度上來說都有慘烈的一部分（感情上或者情節上都是），也沒有一定要轉生異世界，現實日常要是能描繪出這些來也很好了。
尤其那種男主能不斷被放置在痛苦或者恐懼之中，一邊流露出作者思考的文字的小說，再好不過。",035f78c1-a220-5efd-9f7e-f309f0eb1cec,愛的禁行式,本谷有希子,9.0,完結,"戀愛, 黑暗, 妹妹, NTR, 其他文庫, 日本輕小說",「如果不把你的人生也糟蹋掉，那我出生在這個世上就沒有意義了。」以「兄妹」相稱的二人。「復仇」、「偷窺」、「憎恨」凝成曖昧的薄冰。他們小心翼翼地行走其上，步步維艱。就算輕薄的假象被殘忍撕裂。也要假裝閉上眼。假裝看不見。假裝正常。假裝可以。「你會後悔和我這種男人扯上關係嗎？」「我不後悔喔。」只要我還是受到憎恨的對象，哥哥就永遠不會離開我。,3,用戶明確表示喜歡男主角處於不利情節、痛苦、恐懼以及情感慘烈的小說（如《妹妹人生》）。推薦書籍《愛的禁行式》標記為「黑暗」，且簡介中提到「把你的人生也糟蹋掉」、「復仇」、「憎恨」以及病態的兄妹關係，高度符合用戶對男主承受心理痛苦和情感折磨的偏好。
q4,"由於自己的胃口比較獨特的原因，喜歡男主被拋置於各種不利的情節或者感情中，也是因為這樣，喜歡看那些讓人看完后心緒難以平靜的小說，就我看過的來說，無職，re0，妹妹人生，異世界迷宮最深等，在某種程度上來說都有慘烈的一部分（感情上或者情節上都是），也沒有一定要轉生異世界，現實日常要是能描繪出這些來也很好了。
尤其那種男主能不斷被放置在痛苦或者恐懼之中，一邊流露出作者思考的文字的小說，再好不過。",1df5cd13-a685-5303-bc7b-b0aba3693026,絕望的世界,宮谷俊二,1.9,完結,"青春, 黑暗, 其他文庫, 日本輕小說",男主角在學校里受盡了欺負，對他來說妹妹才是自己的心靈唯一可以停靠的港灣。然而……,3,使用者明確表示喜歡男主角處於不利情節、痛苦或恐懼之中的黑暗風格作品。推薦書籍《絕望的世界》從標題、標籤（黑暗）以及簡介中提到的「受盡欺負」以及對唯一心靈寄託的伏筆，完全符合使用者對「慘烈」與「心緒難以平靜」的核心需求。
q5,"如題，想找像是overlord、無職這種，有龐大世界，多個國家部落，文化特色分明，歷史背景完整，沉浸感和史詩感強的小說，請問各位有沒有推薦的？希望是劍與魔法的世界，有多不同種族、魔物的那種（其實我不太確定這類型叫什麼，異世界感覺不太對，但叫奇幻又好像太廣泛了？

有很多web小說我都有看過，像是轉生成魔劍、轉生龍蛋、哥布林，他們雖然世界都足夠龐大，但是都有個web小說的通病，就是讀起來會有割裂感，無法讓人帶入那個世界中
而轉生蜘蛛雖然沒有那種割裂感，但是世界觀卻不太夠了，就只簡單分成教皇、妖精、魔王而已，希望能看到更多人類國家間的關係，還有更多魔物亞人種族的故事設定",3fb27d5e-586c-5967-b967-09d3844de621,世界盡頭的聖騎士,柳野かなた,59.1,連載,"轉生, 奇幻, 冒險, 魔法, 戰鬥, 其他文庫, 日本輕小說",過去被毀滅的死者之街──在這樣一處冷僻的土地，有一名叫威爾的活人小孩。養育這位少年的，是三名不死族──豪邁的骷髏劍客布拉德、端莊的神官木乃伊瑪利以及乖僻的魔法師幽靈古斯。在三人的教育與疼愛中，少年日漸茁壯。一天，少年不禁產生疑惑：「……現在的『我』究竟是誰？」不死族們隱藏於世界盡頭之街的秘密終被威爾解開。善良之神們的愛與慈悲，邪惡之神們的偏執與瘋狂。「這是約定。雖然講起來會花些時間，不過就讓我告訴你。關於眾多英雄與我們的死……也關係到你之所以活在這裡的緣由。」──明白一切之後，少年決心踏上了聖騎士之路。,3,使用者追求的是具有龐大世界觀、深厚歷史底蘊、文化特色分明且無割裂感的奇幻作品。推薦的《世界盡頭的聖騎士》是一部以高品質世界觀著稱的輕小說，其設定細膩，強調對世界的探索與歷史的挖掘，且避開了許多Web小說常見的輕率感，非常符合使用者對於「沉浸感」與「史詩感」的要求，是極佳的匹配。
q5,"如題，想找像是overlord、無職這種，有龐大世界，多個國家部落，文化特色分明，歷史背景完整，沉浸感和史詩感強的小說，請問各位有沒有推薦的？希望是劍與魔法的世界，有多不同種族、魔物的那種（其實我不太確定這類型叫什麼，異世界感覺不太對，但叫奇幻又好像太廣泛了？

有很多web小說我都有看過，像是轉生成魔劍、轉生龍蛋、哥布林，他們雖然世界都足夠龐大，但是都有個web小說的通病，就是讀起來會有割裂感，無法讓人帶入那個世界中
而轉生蜘蛛雖然沒有那種割裂感，但是世界觀卻不太夠了，就只簡單分成教皇、妖精、魔王而已，希望能看到更多人類國家間的關係，還有更多魔物亞人種族的故事設定",ac50e949-d80a-54a0-a3f0-7ba455432589,烙印紋章,杉原智則,156.3,完結,"奇幻, 戰爭, 冒險, 戀愛, 電擊文庫, 日本輕小說",這是一個曾被擁有高度智慧的龍所支配，利用魔素支撐著文明的世界。十年內，不斷進行著戰爭的梅菲烏斯和加貝拉想要通過王族間的政治聯姻，為長久的戰爭畫上休止符。幼年時代，因戰爭而背井離鄉的劍鬥士歐魯巴，由於容貌長得和梅菲烏斯皇子如同孿生，而被人與傳聞中的愚蠢王子掉包，代替其進行婚禮。另一方面，好勝的加貝拉公主碧莉娜決心籠絡皇子，以達到為本國謀求利益的目的。在這樣兩人的婚禮途中，突然有人對他們展開了襲擊——！？兩人的內心與和平的未來究竟會如何發展？杉原智則奉上的幻想故事登場！,3,該作品屬於正統奇幻風格，劇情核心在於國家間的政治聯姻與戰爭，具有明確的歷史背景（龍之支配）與世界觀設定，符合使用者對「國家間關係」、「完整歷史背景」以及「沉浸感」的要求。此外，作為電擊文庫的出版作品，其結構較為嚴謹，能有效避免使用者提到的 web 小說常見的「割裂感」。
q5,"如題，想找像是overlord、無職這種，有龐大世界，多個國家部落，文化特色分明，歷史背景完整，沉浸感和史詩感強的小說，請問各位有沒有推薦的？希望是劍與魔法的世界，有多不同種族、魔物的那種（其實我不太確定這類型叫什麼，異世界感覺不太對，但叫奇幻又好像太廣泛了？

有很多web小說我都有看過，像是轉生成魔劍、轉生龍蛋、哥布林，他們雖然世界都足夠龐大，但是都有個web小說的通病，就是讀起來會有割裂感，無法讓人帶入那個世界中
而轉生蜘蛛雖然沒有那種割裂感，但是世界觀卻不太夠了，就只簡單分成教皇、妖精、魔王而已，希望能看到更多人類國家間的關係，還有更多魔物亞人種族的故事設定",12cad112-4204-5944-8c0e-8e0ef01f0b85,七罪之旅,和泉弐式,24.0,連載,"奇幻, 戰鬥, 冒險, 電擊文庫, 日本輕小說",【背叛催生毀滅】【帶著孩子的賞金獵人】【不斷重複的復仇】【強大而又愚昧的國王】【無止盡的國家戰爭】【美麗的聖騎士】【傳說之龍】【七大罪之謎】神死後的世界被絕望所支配的時代。為了守護所愛之人，一名男人與惡魔簽訂了契約。環遊世界，穿越地獄，經歷了波瀾壯闊的人生之後，最終拯救了這個世界――。這就是王道！激動人心，氣勢磅礴的冒險幻想劇～！！,3,該書的簡介中明確提到「無止盡的國家戰爭」與「環遊世界」，符合使用者對龐大世界觀、多國衝突以及史詩感的需求。其設定包含神死後的世界背景、傳說之龍與惡魔，滿足了劍與魔法以及多種族、魔物的要求，且整體基調追求「氣勢磅礴」的幻想劇，與使用者希望擺脫割裂感、尋求沉浸式大世界的意圖高度相符。
q6,很喜歡看戰爭或戰記類型的小說，不要有魔法一發收拾或莫名其妙的神器，也別機械降神，主角可以強但不要把對手變白癡，暑假到了求書來啃，斷尾或沒完結也沒關係。,d39e91f3-b7ee-5750-91b3-7a3c633b0ae7,沃特尼亞戰記,保利亮太,245.1,連載,"轉生, 戰鬥, 冒險, 龍傲天, 後宮, HJ文庫, 日本輕小說",高中生御子柴亮真被召喚到烽火連天的異世界。他發現召喚自己過來的奧德梅亞帝國手段卑劣，來到異世界的人失去利用價值後便會棄之不顧，於是發揮他擅長的武術，逃出奧德梅亞成為冒險者。某天，亮真拯救了一對被盜賊挾持的雙胞胎姊妹。擁有「法術」之力的她們獲救之後，宣誓服從亮真——以此為契機，亮真開始邁向成為霸王之路。,1,使用者明確要求避開「將對手變白癡」以及「魔法一發收拾」的龍傲天式劇情，追求較嚴謹的戰爭類小說。而推薦的《沃特尼亞戰記》標記有「龍傲天」且劇情核心在於主角以壓倒性實力建立霸權，雖然主題符合「戰記」，但風格與使用者想要避開的雷點高度重合，僅有表面類型的關聯。
q6,很喜歡看戰爭或戰記類型的小說，不要有魔法一發收拾或莫名其妙的神器，也別機械降神，主角可以強但不要把對手變白癡，暑假到了求書來啃，斷尾或沒完結也沒關係。,7c02ebf3-f6f3-5d74-a135-c0d98f2c001b,雷轟,押井守,8.8,完結,"戰爭, Fami通文庫, 日本輕小說",在南北戰爭因英法的介入，而造成美國分裂成兩個國家的一百年後的北越上空，主角醐堂後備中尉一面思索著這場戰爭的意義，一面朝地面的目標進行轟炸。就在某一天，他的忍耐到了極限，然後他決定開著他的愛機去做某件空前絕後的大事……電影界的鬼才導演押井守花了六年寫出的新形式軍事小說，將呈現給各位讀者一段不一樣的歷史！,3,使用者尋求無魔法、無神器且邏輯合理的戰爭/軍事類小說。推薦書籍《雷轟》是一部架空歷史軍事小說，聚焦於航空戰與戰爭反思，完全符合使用者對純軍事類型的需求，且沒有使用者排斥的奇幻或超自然元素。
q6,很喜歡看戰爭或戰記類型的小說，不要有魔法一發收拾或莫名其妙的神器，也別機械降神，主角可以強但不要把對手變白癡，暑假到了求書來啃，斷尾或沒完結也沒關係。,6d289502-518a-5c01-9826-25828a64538f,YAKITORI,カルロ·ゼン,16.4,連載,"科幻, 戰爭, 其他文庫, 日本輕小說",全地球的人類不分國籍，通通淪為名叫「商聯」的異星球居民的次等階級。在如此一個未來世界中，為求脫離封閉的日本社會，伊保津明在募兵官的廚師（鮑金）勸誘之下加入了商聯的行星軌道步兵——通稱「YAKITORI」。被分配進這支由與美國人、北歐人、英國人、中國人等其他四人所組成的實驗部隊K-321，明所面臨的是施行作戰時平均死亡率高達70%的殘酷現實。由網路小說鬼才為您呈現，新戰爭SF系列開幕！,3,推薦書籍為戰爭科幻類小說，情節聚焦於軍事作戰與殘酷的戰爭現實（如高死亡率），完全符合使用者對「戰爭/戰記」類型的需求。從簡介來看，故事強調的是軌道步兵的作戰與生存，而非魔法或超自然神器，符合使用者排斥「一發收拾」或「機械降神」的偏好。
q6,很喜歡看戰爭或戰記類型的小說，不要有魔法一發收拾或莫名其妙的神器，也別機械降神，主角可以強但不要把對手變白癡，暑假到了求書來啃，斷尾或沒完結也沒關係。,f049f5e7-55b0-546d-a99b-f91d1740240f,天翔虎軍師,上總朋大,9.5,連載,"戰爭, 鬥智, 後宮, 青梅竹馬, 富士見文庫, 日本輕小說",帝國曆36年。托雷帝國殲滅頑強抵抗未果之費烈利加王國，稱霸了大陸。祖國滅亡的景象為費烈利加大將軍嫡子謝爾帶來刻骨銘心之痛，於是他在內心起誓。──『為復興費烈利加王國，我要成為軍師！』。之後經歷2年的時光，順利任職於托雷帝國總軍師迪歐拉麾下，同時與夥伴們秘密策動革命計畫的謝爾終於要採取行動！為了奪回祖國，更為了拯救幼時承諾要「永遠守護」的那名少女……。勇猛將士們互競「武」道，軍師們相互斗「智」，王者們爭奪「霸」權。經典幻想戰役即將開戰!!,3,用戶明確尋求強調戰術、鬥智、且排除誇張外掛（如一發秒殺的魔法或神器）的戰爭小說。推薦書籍《天翔虎軍師》的核心設定在於軍師的鬥智與復國戰爭，標籤包含「戰爭」與「鬥智」，且介紹中強調武道與智謀的較量，非常符合用戶對戰記類型的核心需求。
q7,"想請大家推薦一些書單希望符合以下條件
1.已經完結
2.以感情為主
希望是讀的時候可以隨著角色情緒有所起伏。並且不要轉生開無雙。",304eb79a-c6f3-5b36-98ac-c4201cab7a92,美丘,石田衣良,9.5,完結,"校園, 青春, 戀愛, 角川文庫, 日本輕小說",美丘，你還記得嗎？我和你開始共同生活的八月，那片夏日的光芒與夜晚的溫柔──正視剩餘的人生，在有限的生命中全力奔馳的美丘。見證了美丘曾經存在這世上的證據，陪伴她直到最後一刻的太一。一部描寫面對奇蹟的最後一幕，將靈魂燃燒殆盡的戀人們賺人熱淚的故事。就讀明和大學經濟系2年級的橋本太一偶然認識了文學部二年級的峰岸美丘。儘管美丘是個會搶朋友的男朋友、還會在學校餐廳和人大打出手的女生，太一卻無法自拔地愛上了她。然而美丘因小時候動手術而不幸感染的怪病卻在這時發作了……,3,此書為校園戀愛故事，核心在於面對生命有限的情感掙扎，完全符合用戶要求「以感情為主」且能引發「情緒起伏」（賺人熱淚）的需求，且不含轉生或開無雙等元素，是非常理想的推薦。
q7,"想請大家推薦一些書單希望符合以下條件
1.已經完結
2.以感情為主
希望是讀的時候可以隨著角色情緒有所起伏。並且不要轉生開無雙。",d6803118-195f-5524-9b16-755370d5e6ed,在謊言的世界裡，我談了一場難忘的戀愛,一條岬,10.9,完結,"校園, 青春, 戀愛, 電擊文庫, 日本輕小說","31,536,000秒……這一串陌生的數字，是我生命剩餘的時間。即使如此，我也想將心意傳達給「她」──我喜歡你，真的好喜歡你……第一次自助旅行、享用高價拉麵、買喜歡的運動鞋……這些不只是普通願望，而是我死前想要完成的生命清單。我──月島誠，罹患了一種罕見疾病，是個被宣告僅剩下一年生命的高中生。面對即將到來的命運，我並不感到悲傷，但沒能來得及對喜歡的女孩告白，卻讓我耿耿於懷。在這樣的糾結時刻，我意外加入了電影製作社團，而邀請我的人，正是我在意的那個「她」──美波翼同學，於是從那天起，挑戰和她一起演齣電影，成了我人生的新目標。我們會一起到速食店模擬約會、相約到遊樂園玩，甚至在燦爛的星光下，彼此害羞地嘗試親吻。隨著跟她的回憶越來越多，我開始捨不得就這樣死去……如果可以，我想與她共度第一次「兩人」的聖誕夜，如果可以，我想和她一起實現更多夢想，如果可以，我不想讓她為了我哭泣。於是，在我離開這個世界之前，我決定為她編織一個最甜蜜卻也最悲傷的謊言……",3,該書主題為校園戀愛且涉及絕症與臨終遺願，完全符合使用者要求的「以感情為主」以及「情緒起伏」的需求，且並非轉生或無雙類作品，與用戶意圖高度匹配。
q7,"想請大家推薦一些書單希望符合以下條件
1.已經完結
2.以感情為主
希望是讀的時候可以隨著角色情緒有所起伏。並且不要轉生開無雙。",73eeb45b-66be-5eda-b349-a6325653552e,現在、我討厭你了,冰高悠,8.3,完結,"校園, 青春, 戀愛, 講談社, 日本輕小說",情緒激動時，最糟情況下會致死的病——『感情性自我免疫疾病』自從聽到這個診斷結果後，感情對我來說就成了毫無價值的東西。喜悅、憤怒、哀傷、快樂——每一種感情，都會將我侵蝕。所以我不會有任何感情，也不會喜歡上誰。但同班同學奈奈川惠實卻對我說。「——我、喜歡四東同學！！」我應該不會喜歡上他人才對。因為要是喜歡上誰，我就會失去生命。但我卻無法抑制自己這逐漸萌生的感情……這是沒有感情的我，和感情豐富的她之間的故事。,3,該書主題聚焦於校園戀愛與情感衝突，核心設定圍繞著「感情」與「生存」的矛盾，完全符合使用者要求的「以感情為主」以及「情緒起伏」的需求，且不包含轉生或開無雙等元素。
q8,"希望作品是
1.背景為現代
有槍砲炸藥之類的比較有代入感，對武俠/奇幻沒興趣，現代但有些微科幻/超能力要素沒關係
2.主角不是從0開始練等
漏漏長的成長過程會讓我想睡，大概是從看完鬥破蒼穹那公式化的遇強敵→隊友幫扛→遇到機運→變強反殺→前往下個城鎮→遇強敵，之後再也不想看這種了
3.主角非中二/死屁孩
不要太嚴重就好，隱殺主角偶爾也會屁孩一下但是是那種大人逗小鬼玩的感覺就不會反感",83d07fa3-eb1f-5b99-bc31-16e5f9276b95,殺戮輪迴 ALL YOU NEED IS KILL,櫻坂洋,12.5,完結,"科幻, 戰爭, 集英社, 日本輕小說",「出擊這回事就像段考一樣吧？」當敵人的子彈貫穿身體的瞬間，桐谷啟二又再度回到出擊的前一天。一個距離東京極遠且名為「特牛島」的南方小島激戰區上，一支雜牌軍部隊不斷重複必敗的激烈戰事，出擊、戰死、出擊、戰死──就連死亡都成為每天的例行公事。當這個循環重複第一百五十八次的時候，啟二在狼煙四起的戰場上和一位女性再度重逢……眾所矚目的新銳作家所描繪出既哀傷又充滿奇幻的科幻小說，桐谷啟二最後是否能夠突破令人絕望的戰況，而逃向尚未可見的明天呢！？,3,作品背景為科幻戰爭，包含大量槍砲戰鬥，完全符合使用者對現代/科幻背景的需求。主角透過時間循環快速獲取經驗，而非傳統的公式化練等成長，避開了使用者反感的成長模式。主角在反覆死亡的壓力下性格趨於成熟，並非中二或死屁孩，與使用者需求高度相符。
q8,"希望作品是
1.背景為現代
有槍砲炸藥之類的比較有代入感，對武俠/奇幻沒興趣，現代但有些微科幻/超能力要素沒關係
2.主角不是從0開始練等
漏漏長的成長過程會讓我想睡，大概是從看完鬥破蒼穹那公式化的遇強敵→隊友幫扛→遇到機運→變強反殺→前往下個城鎮→遇強敵，之後再也不想看這種了
3.主角非中二/死屁孩
不要太嚴重就好，隱殺主角偶爾也會屁孩一下但是是那種大人逗小鬼玩的感覺就不會反感",092aed93-43d0-5e7b-954f-0401ca86a947,殼中少女,沖方丁,42.4,完結,"科幻, 異能, 戰鬥, 冒險, 懸疑, 黑暗, 其他文庫, 日本輕小說",為什麼是我？──在賭博師榭爾的殘忍設計下，雛妓芭洛特被爆炸火焰所吞蝕。垂死的她被鼠型萬能武器烏夫庫克所拯救，也因此得到了高度電子干擾能力。再次重生的芭洛特想追查榭爾的犯罪行為，但是敵方的負責官卻阻擋在她面前，他也是過去濫用烏夫庫克，干盡殺戮之事的男人……宛如子彈般激情爆發的三部曲系列作品啟動！,3,作品設定為科幻現代背景，包含爆炸、武器等要素，符合用戶對背景的需求；劇情重心在於復仇而非公式化的練等成長，避開了用戶討厭的成長模式；主角背景沉重且目標明確，並非中二或死屁孩類型。整體高度契合用戶的所有要求。
q8,"希望作品是
1.背景為現代
有槍砲炸藥之類的比較有代入感，對武俠/奇幻沒興趣，現代但有些微科幻/超能力要素沒關係
2.主角不是從0開始練等
漏漏長的成長過程會讓我想睡，大概是從看完鬥破蒼穹那公式化的遇強敵→隊友幫扛→遇到機運→變強反殺→前往下個城鎮→遇強敵，之後再也不想看這種了
3.主角非中二/死屁孩
不要太嚴重就好，隱殺主角偶爾也會屁孩一下但是是那種大人逗小鬼玩的感覺就不會反感",8ed8d4ce-da68-5f50-aedd-4f404fe00e5e,夢魔·危機,鐮池和馬,49.7,完結,"科幻, 戰鬥, 後宮, 人外, 電擊文庫, 日本輕小說",允許任何合法或不合法交易行為的假想空間「Money(game)Master」的最強Dealer·蘇芳要與魅魔型的AI搭檔·潔莉卡，他們的獵物是能夠超越物理上限的作弊武器「終之魔法」與一名少女。「但是這樣好喏？老爺您原本可以作為高中生就賺到十七億日元啊。」「就算這樣也還是這邊的事情更優先。」槍與車，再加上投資戰爭。在無論什麼都可以被允許的究極VR犯罪都市裡發生的「救助」是？最強的CrimeAction，開幕。,3,作品設定在具有槍砲、車輛與科技感的VR犯罪都市，完全符合使用者對現代/科幻背景的需求；主角被描述為「最強Dealer」，屬於開局即強而非從零開始的成長型主角，避開了使用者厭惡的練等套路；且主角展現出成熟且專業的形象，符合非死屁孩的要求。
q9,"想請各位大大推薦一下這類的輕小說或小說，大陸網文也可以（我就是看了某部大陸網路輕小說才想找一些這類型的故事來看

世界觀再細一點的話
就是那種奇幻元素並不普及於所有人，只有少部份人擁有特殊能力，或是一些非人種族不會輕易在人前現身，隱藏在人類社會中那種都市奇幻類型",e012fb82-b760-52fe-ac73-2c64aabd4e7c,龍族,李榮道,156.9,完結,"奇幻, 冒險, 戰鬥, 異能, 人外, other, 韓國輕小說",《龍族》所設定的世界觀，在精靈、妖精、龍、矮人和魔法、武術以及各種種族間的和諧和摩擦描寫得靈動細膩，令人深思，在探討人類與生靈關係，討論著「人類本質」哲理，一反沉重乏味，其冒險驚險刺激，對話生動活潑，內容幽默風趣，對於國家和英雄有不一樣的看法，以第一人稱方式描寫，且隱藏伏筆，更令人拍案叫絕，建構一個精採的奇幻魅力世界！,1,用戶明確要求的是「都市奇幻」類型，且核心需求是特殊能力或非人種族「隱藏在人類社會」中。然而，推薦書籍的簡介描述的是一個包含精靈、妖精、龍、矮人等種族共存且相互摩擦的傳統奇幻世界，並未提到都市背景或隱藏設定，僅在「奇幻」與「非人種族」這兩個廣義標籤上與需求重疊，不符合用戶的核心意圖。
q9,"想請各位大大推薦一下這類的輕小說或小說，大陸網文也可以（我就是看了某部大陸網路輕小說才想找一些這類型的故事來看

世界觀再細一點的話
就是那種奇幻元素並不普及於所有人，只有少部份人擁有特殊能力，或是一些非人種族不會輕易在人前現身，隱藏在人類社會中那種都市奇幻類型",0643e781-2a4f-5072-9e01-7a2e131969db,東京暗鴉,字野耕平,262.4,連載,"校園, 奇幻, 戰鬥, 後宮, 青梅竹馬, 人外, 富士見文庫, 日本輕小說",靈的災害——靈災多發的現代東京。大陰陽師，安倍晴明的子孫——生於名門「土御門」的土御門春虎，是連「目視」靈氣都做不到的的吊車尾。春虎與合得來的親友們過著普通的高中生活，但在高一的夏天，與青梅竹馬少女夏目再會的他，開始走向曾經見過的「將來」——充滿著波瀾的「未來」……,3,這部作品設定在現代東京，且超自然能力（陰陽道）與靈異現象僅限於少數家族與修行者之間，符合使用者要求的「都市奇幻」以及「特殊能力不普及且隱藏在人類社會中」的核心需求。
q9,"想請各位大大推薦一下這類的輕小說或小說，大陸網文也可以（我就是看了某部大陸網路輕小說才想找一些這類型的故事來看

世界觀再細一點的話
就是那種奇幻元素並不普及於所有人，只有少部份人擁有特殊能力，或是一些非人種族不會輕易在人前現身，隱藏在人類社會中那種都市奇幻類型",8d179c09-6da5-5692-8c04-f144ec88e0b9,境界的彼方,鳥居なごむ,12.3,連載,"校園, 奇幻, 異能, 戰鬥, 戀愛, 其他文庫, 日本輕小說",一個偶然的契機，人類和妖夢之間出生的少年——神原秋人，有一天與在學校屋頂看上去要跳樓的少女——栗山未來相遇了。有著即使在異界士中也很特殊的「血」之能力的少女，在孤獨中戰鬥著。「我——看起來像是普通的人類么？」少年決心幫助這個命運與自己重疊的少女。由此，圍繞在少年身邊險惡的戰鬥開始了……,3,推薦書籍完全符合使用者的需求。該作屬於典型的都市奇幻，世界觀中異能者（異界士）與非人種族（妖夢）隱藏在普通人類社會中，且特殊能力僅限於少數人，精確命中用戶要求的「隱藏在人類社會中」與「奇幻元素不普及」的核心設定。
q9,"想請各位大大推薦一下這類的輕小說或小說，大陸網文也可以（我就是看了某部大陸網路輕小說才想找一些這類型的故事來看

世界觀再細一點的話
就是那種奇幻元素並不普及於所有人，只有少部份人擁有特殊能力，或是一些非人種族不會輕易在人前現身，隱藏在人類社會中那種都市奇幻類型",7b164821-27ee-54a0-8c4b-f5fadc028745,靈犀的述夢人,皇家赤夢,10.3,連載,"異能, 校園, 戀愛, 奇幻, 異世界, 原生幻想, 華文輕小說",「莊周夢蝴蝶，蝴蝶為莊周。」宋清舟在高考結束後，回到了闊別多年的故鄉——雲州。傳說，無論什麼人，只要到了雲州，都會做夢，不一樣的夢。坊間也充斥著各類與夢有關的奇異傳聞：預知未來、潛能激發、集體主義夢境、覺醒前世記憶、靈魂出竅的奇蹟、歸來的已故之魂……教科書上說：物質決定意識。可若傳說不假，夢境又為何能夠影響現實？「蝴蝶不知身是夢，花間栩栩過青春。」現實，異界，過去，未來。當宋清舟真正意義上捲入了無休止的夢境之中，他逐漸意識到，眼前的夢境不僅僅是虛幻的投影，現實也並沒有那麼簡單。命運的軌跡似乎本就刻在冥冥之中，生命所有的走向皆有定數，終是在某一刻，那註定的轉折悄然落定，如同暗潮漫涌，將他層層裹挾，越陷越深，再也掙不脫半分。夢，是現實的延續，而現實，是夢的終結。可當真存在那永不終結的夢嗎？當真是，人生如夢，亦如幻啊……,3,該書設定在現代都市（雲州），且奇幻元素（夢境影響現實、異能、靈魂出竅）是以傳聞和少數現象的形式存在，而非人人皆知，完全符合使用者要求的「奇幻元素不普及」、「少數人擁有特殊能力」以及「隱藏在人類社會中」的都市奇幻設定。
q9,"想請各位大大推薦一下這類的輕小說或小說，大陸網文也可以（我就是看了某部大陸網路輕小說才想找一些這類型的故事來看

世界觀再細一點的話
就是那種奇幻元素並不普及於所有人，只有少部份人擁有特殊能力，或是一些非人種族不會輕易在人前現身，隱藏在人類社會中那種都市奇幻類型",3c38907e-e0df-5d0c-9001-e47fa094432d,吸血鬼作家的異搜事件簿,澤村 御影,26.1,連載,"輕文學, 奇幻, 懸疑, 冒險, 人外, 角川文庫, 日本輕小說",出於對作家御崎禪的崇拜，瀨名成為小說編輯，但才進公司兩年，就被總編指派為蒙面作家御崎禪的責任編輯。一切資料未公開的御崎，原來真面目是吸血鬼，並協助「異質事件搜查系」（簡稱「異搜」）的警方單位偵查非人類引起的案件。但比起查案，瀨名更希望御崎專心寫作。她以「保護作家的手別受傷」為由，跟在御崎身邊催稿，也因而被捲入各種奇異案件；並在辦案過程中，發現御崎成為作家的真正理由……,3,該書完全符合用戶要求的「都市奇幻」設定：故事發生在現代社會，非人種族（吸血鬼等）隱藏在人類之中，且設有專門處理非人類案件的警方單位（異搜），符合「奇幻元素不普及」且「隱藏於人類社會」的核心需求。
q9,"想請各位大大推薦一下這類的輕小說或小說，大陸網文也可以（我就是看了某部大陸網路輕小說才想找一些這類型的故事來看

世界觀再細一點的話
就是那種奇幻元素並不普及於所有人，只有少部份人擁有特殊能力，或是一些非人種族不會輕易在人前現身，隱藏在人類社會中那種都市奇幻類型",593b00ae-fa3e-534a-aeb9-672bc11eb432,吸血鬼要上夜班！,和原聰司,27.8,連載,"奇幻, 職場, 歡樂向, 戀愛, 人外, 電擊文庫, 日本輕小說",只有晚上才能外出的吸血鬼在現代日本選擇的工作是「便利店夜班」！？沐浴在太陽光下就會變成灰的存在，吸血鬼。只有晚上才能活動的他們，在現代卻沒有問題地生活著。對，因為可以上「夜班」——。虎木由良是生活在現代的吸血鬼。打工的地方是池袋的便利店(只限夜班)，住所是採光不好的半地下室(遮光窗帘必須要有)。為了變回人類，過著清靜而正常的社會生活。然而有一天，從醉漢手中救下了金髮美少女，沒想到她竟然是以消滅吸血鬼為生的修女，愛麗絲！而且作為天敵的她闖入了獨居的房間——！？虎木平靜的吸血鬼生活，到底會變成什麼樣！？『打工吧！魔王大人』作者和原聰司送上吸血鬼日常幻想篇！,3,該書完全符合用戶要求的「都市奇幻」設定：故事發生在現代日本，非人種族（吸血鬼）隱藏在人類社會中，透過從事夜班工作來掩飾身份並過著平靜的社會生活，精確命中用戶對「非人種族隱藏在人類社會中」的核心需求。
q9,"想請各位大大推薦一下這類的輕小說或小說，大陸網文也可以（我就是看了某部大陸網路輕小說才想找一些這類型的故事來看

世界觀再細一點的話
就是那種奇幻元素並不普及於所有人，只有少部份人擁有特殊能力，或是一些非人種族不會輕易在人前現身，隱藏在人類社會中那種都市奇幻類型",ab6b240d-0f56-552c-8253-a1ad6fe1b89f,Everlasting,古宮九時,5.8,完結,"奇幻, 異能, 戰鬥, 百合, 女性視角, 其他文庫, 日本輕小說",「你無法獲得幸福的世界，究竟有沒有延續下去的意義呢。」在自古以來就被異形秘密侵略的地方都市，川瀬良市裡，存在著跟異形《鵺》戰鬥的異能集團「廢城機關」。其中被稱為最強的異能者，第二位的亞貴妃有著最珍視的摯友……名為命的少女。祈願著她的幸福，一個人暗中戰鬥。但是命是為了殺死亞貴妃，從幼年時期就送到亞貴妃身邊的暗殺者。,3,該小說設定在都市中，且異能者與異形的存在對一般大眾是秘密的，完全符合使用者要求的「都市奇幻」以及「少數人擁有能力、非人種族隱藏在人類社會」的核心設定。
q9,"想請各位大大推薦一下這類的輕小說或小說，大陸網文也可以（我就是看了某部大陸網路輕小說才想找一些這類型的故事來看

世界觀再細一點的話
就是那種奇幻元素並不普及於所有人，只有少部份人擁有特殊能力，或是一些非人種族不會輕易在人前現身，隱藏在人類社會中那種都市奇幻類型",04492e8a-ed22-53ae-9712-ea1af610252c,Shadow Taker,三上延,18.6,連載,"奇幻, 校園, 異能, 戰鬥, 戀愛, 電擊文庫, 日本輕小說",從異世界逃來的怪物，為了具現化只能寄宿在人類心靈縫隙中，它們驅使人類、捕食人類，藉由人類逐漸強化自己的力量，最終取代人類。只是它們也並非那麼的團結……,3,該書設定為異世界怪物隱藏在人類社會中，寄宿於心靈縫隙並捕食人類，完全符合使用者要求的「非人種族隱藏在人類社會中」以及「都市奇幻」的設定。
q9,"想請各位大大推薦一下這類的輕小說或小說，大陸網文也可以（我就是看了某部大陸網路輕小說才想找一些這類型的故事來看

世界觀再細一點的話
就是那種奇幻元素並不普及於所有人，只有少部份人擁有特殊能力，或是一些非人種族不會輕易在人前現身，隱藏在人類社會中那種都市奇幻類型",0b561407-23d0-596e-b120-5f57577d6a5b,0能者九條湊,葉山透,112.1,連載,"奇幻, 異能, 戀愛, 電擊文庫, 日本輕小說",科學發展興盛至極的時代。然而在這樣的時代，仍有許多異形悄悄潛伏於各處，知其存在的人們稱之為「異怪」——異怪類型五花八門，有些可愛得有如從童話里現身；有些恐怖又殘酷、將人啃肉噬骨、血肉橫飛；也有些從不曾現身，只是寄生人身、吞食生氣而活——在以剷除異怪為業的人物當中，有一名極為另類的青年——九條湊。這名青年不具任何靈力、法力、神通力等異能，被人們揶揄為「零能者」。他講話刻薄，個性荒誕，行事作風讓人直搖頭，活脫脫是個怪咖。但、他卻總能以令人意想不到的手法斬妖除魔，解決無數的異怪事件！——「0能者」九條湊。他究竟是天才？抑或根本是詐欺犯？華麗炫目的現代怪譚，靈幻登場！,3,該書設定在現代科學時代，且異形（異怪）潛伏於人類社會且不為大眾所知，完全符合使用者要求的「都市奇幻」以及「非人種族隱藏在人類社會中」的核心意圖。
q9,"想請各位大大推薦一下這類的輕小說或小說，大陸網文也可以（我就是看了某部大陸網路輕小說才想找一些這類型的故事來看

世界觀再細一點的話
就是那種奇幻元素並不普及於所有人，只有少部份人擁有特殊能力，或是一些非人種族不會輕易在人前現身，隱藏在人類社會中那種都市奇幻類型",869b7fa6-db97-567b-a217-45cb71114246,逸游仟夜抄,骷髏人,15.0,連載,"校園, 奇幻, 異能, 群像, 原生幻想, 華文輕小說",酒醉時想起與朋友的對話，遂開始埋頭寫作。2006年，高中畢業，進了大學，與想像中悠閑的大學生活不同，我斷斷續續地遇上怪事。超能力少女，詭異組織，還有充滿理想的人們。我希望能把那些繁瑣的回憶交代給各位。,3,該書設定在現代大學校園，描述主角在日常生活中遇到超能力少女與詭異組織，完全符合用戶要求的「都市奇幻」以及「特殊能力隱藏在人類社會中」的核心設定。
q10,"像是果青友少這種的
年份的話最近三到五年為主
背景是校園戀愛喜劇為主
有複數女角讓男主多選一
啊不要開場就有女朋友鎖死的
那種我覺得其他女角只是浪費時間而已",fa88c24c-28b9-549a-987e-afaa31e11be6,朋友的妹妹只纏著我,三河ごーすと,105.4,連載,"校園, 歡樂向, 青春, 戀愛, 後宮, GA文庫, 日本輕小說",悶絕至極的甜膩粘人青春戀愛喜劇！『自稱F級』的三河ごーす與超人氣插畫家·トマリ聯手，參戰GA文庫！不需要套近乎，無需女友，只有一個知心好友足以。捨棄青春之中一切『非效率』的我·大星明照的房間闖入了一個女孩。既不是妹妹，也不是朋友。是個煩人至極的纏人學妹。摯友的妹妹，小日向彩羽。「前輩，我們約會吧！……是不是覺得我會這麼說呀？」活力無限的她佔據我的睡床，若有若無的色誘，非常喜歡煩我。可是，為什麼大家都向我投以羨慕的眼神？因為彩羽這妮子，對外是活潑又清純的優等生形象，非常有人氣。喂喂……那為什麼只喜歡煩我啊。煩人JK(明明沒有拜託過)向我靠近！悶絕至極的甜膩粘人青春戀愛喜劇！,3,該書完全符合使用者的需求：背景為校園戀愛喜劇，標記有「後宮」代表有複數女角可選，且開場男主單身（無需女友），風格與使用者提到的輕小說類型一致。
q10,"像是果青友少這種的
年份的話最近三到五年為主
背景是校園戀愛喜劇為主
有複數女角讓男主多選一
啊不要開場就有女朋友鎖死的
那種我覺得其他女角只是浪費時間而已",44b60cbb-8bdd-5594-bea6-c0d2ad5c8269,青梅竹馬絕對不會輸的戀愛喜劇,二丸修一,102.9,連載,"校園, 歡樂向, 青春, 後宮, 青梅竹馬, 電擊文庫, 日本輕小說",我的青梅竹馬志田黑羽似乎喜歡我。她外表可愛，個性開朗，內在更是個熱心大姊。……不過，我第一個喜歡上的對象是美少女兼校園偶像，拿過芥見獎的高中在學女作家──可知白草！然而，聽說白草交到了男朋友，我的人生便急轉直下。黑羽對陷入失意的我耳語──既然這麼難過，要不要報仇？ 我們用最棒的方式報仇吧。,3,推薦書籍完全符合用戶的核心需求：背景為校園戀愛喜劇，標籤明確標註為「後宮」滿足複數女角選擇，且劇情開場男主處於單身/單相思狀態，並未鎖死女朋友。
q10,"像是果青友少這種的
年份的話最近三到五年為主
背景是校園戀愛喜劇為主
有複數女角讓男主多選一
啊不要開場就有女朋友鎖死的
那種我覺得其他女角只是浪費時間而已",dd5b50b8-22e0-5890-a5c4-ba01b5811a6e,修羅場戀人,岸杯也,115.1,完結,"校園, 戀愛, 歡樂向, 後宮, 青梅竹馬, MF文庫J, 日本輕小說",八本木一大是個極為普通的高中生，同時也是個老好人，卻從來沒交過女朋友。某天，桃花運終於降臨到他身上，同班同學、打工同事和兒時玩伴同時向他告白。然而，事情卻沒這麼單純。這三個女孩為了各自的目的，要一大假扮男朋友，逼他走上腳踏三條船的命運。更恐怖的是，其中兩個人的約會都約在同一天！而且剩下的那條船（？）居然還願意幫他度過這場危機？在三個女人間疲於奔命的一大，將會迎接什麼樣的結局？,3,該書完全符合使用者的核心需求：設定為校園戀愛喜劇，具有複數女角（後宮）供男主選擇，且開場時男主沒有固定女友（從未交過女朋友），與使用者要求的「不要開場就鎖死」一致。
q10,"像是果青友少這種的
年份的話最近三到五年為主
背景是校園戀愛喜劇為主
有複數女角讓男主多選一
啊不要開場就有女朋友鎖死的
那種我覺得其他女角只是浪費時間而已",7755b654-7a8c-593d-babe-cf9fcbe4a06a,果然我的青春戀愛喜劇搞錯了,渡航,268.0,完結,"校園, 青春, 戀愛, 歡樂向, 後宮, 妹妹, 小學館, 日本輕小說",「我的青春怎麼會變成這樣！」高中生八幡生性彆扭，不屈服於孤獨，沒有半個朋友，更不用提女朋友。對那些享受著青春的同班同學，他詛咒「他們都是騙子，通通給我爆炸吧！」關於未來的夢想，他宣稱要當「啃老族」——這樣一個傢伙被導師帶去全校第一美少女雪乃加入的「侍奉社」，平凡無奇的八幡與美少女的奇妙邂逅……這怎麼看都像是一場愛情喜劇吧！然而雪乃和八幡個性上的缺陷讓他們無法擦出愛情的火花。這是一則充滿錯誤的青春故事！,3,用戶明確表示想要像《果青》這樣風格的作品，而推薦的正是《果然我的青春戀愛喜劇搞錯了》（果青）本身。該作完全符合校園戀愛喜劇、複數女角競爭且男主開場單身的所有核心要求。
q10,"像是果青友少這種的
年份的話最近三到五年為主
背景是校園戀愛喜劇為主
有複數女角讓男主多選一
啊不要開場就有女朋友鎖死的
那種我覺得其他女角只是浪費時間而已",4d3fcad4-1206-5ccb-9d73-37ef63eaa03a,雖然我被同年級兩大美少女甩了，但不知為何她們似乎愛上我了。,あおぞら,20.3,完結,"校園, 青春, 戀愛, 後宮, 妹妹, 歡樂向, kakuyomu, Web輕小說",「妳們兩個明明甩了我吧？」「嗯。」「……為什麼會跟著我？」【本篇完結】【隨意更新番外篇】我——佐佐木瑛太，想要一個女朋友。原因是，周圍的情侶越來越多，還有跟我結成非戀愛同盟的兩個好友也各自有了女朋友。因此，我向同年級裡最可愛的兩位美少女告白了。然而，結果本應該是慘敗——但卻……「……妳們兩個在幹嘛？」「啊，瑛太君……呃，其實……」「我們在跟蹤你，沒有其他意思。還有，給我午餐。」「妳們這樣明明就有其他意思吧！居然能說出沒有的話來！？而且我今天不是說了沒有午餐嗎！？」不知不覺中，卻莫名其妙地被她們所喜愛。真的是為什麼呢？◯每一話大約1500字左右。◯感謝在各類別日間、週間、月間排名第一！！◯感謝在各類別年間排名第十！！◯感謝300萬PV！,3,該書完全符合用戶的要求：背景為校園戀愛喜劇，具有後宮屬性（複數女角），且男主角開場時是單身（被甩後），滿足了「不要開場就鎖死女友」的關鍵需求，與用戶希望找類似《果青》、《友少》且能多選一的意圖高度契合。
q11,"最近人比較負面，
想看一些有共鳴的小說。
有沒有那種「我一個人爛就好了別搞其他人」的主角的輕小說？以前看大老師自暴自棄滿戳中我的。
宅宅現實找不到人取暖，希望能找輕小說取。",94c41a4c-7fc1-52b6-94de-27c7d0afe012,海波家的付喪神,淡路帆希,10.9,連載,"奇幻, 治癒, 富士見文庫, 日本輕小說",父母因事故去世的高中生海波大地，要一個人在鄉下的家中生活。他雖然很不想和他人扯上關係，但是獨門獨戶的家中卻有一位自稱付喪神的少女·莉莉。她是大地的父母作為作家所寫的故事中出場的少女，但是那個故事是未完成的。莉莉拜託大地把故事的結尾寫完…以莉莉為開端，掛畫中的少女、木鏟中的老爺爺、茶杯中的新婚夫婦等等，被付喪神們環繞的熱鬧的日常生活就在大地身邊不可思議地開始了——,1,使用者明確要求具有像《果青》大老師那樣「自暴自棄」、「一個人爛就好」的特定性格共鳴，尋求一種負面情緒的投射。推薦的書籍雖然主角同樣處於孤單狀態且具有治癒傾向，但主調是溫馨的奇幻日常，缺乏使用者渴望的「自厭」或「自我犧牲式」的深刻共鳴，僅在「孤獨」與「尋求溫暖」這兩點上有淺層關聯。
q11,"最近人比較負面，
想看一些有共鳴的小說。
有沒有那種「我一個人爛就好了別搞其他人」的主角的輕小說？以前看大老師自暴自棄滿戳中我的。
宅宅現實找不到人取暖，希望能找輕小說取。",731aeac8-feb3-5f63-84dc-eb25256c3207,活了100萬次的你,七月隆文,7.5,完結,"科幻, 青春, 戀愛, 治癒, 角川文庫, 日本輕小說",美櫻活了一百萬次經歷了各種各樣的人生，現在是日本的女高中生。無盡的生命使得心靈枯萎，一切都變得無所謂。直到那天，從學校的屋頂縱身一躍，被同級生光太救起的瞬間。美櫻被笑著說「我希望你能活下去」的光太強烈吸引，2人成為戀人。但這並非偶然，是超越了遙遠的時空，再次相遇的命運——。用100萬回生命貫穿的一心一意的戀愛物語。,2,使用者尋找的是像《果青》大老師那樣「自我犧牲、自認為糟糕而與他人保持距離」的孤僻主角。推薦的書籍雖然主角同樣處於心靈枯萎、負面且有自殺傾向的狀態，且具備使用者需要的「治癒」與「取暖」元素，但其核心設定是關於輪迴與宿命的愛情，而非使用者強調的「我一個人爛就好」這種社交邏輯上的共鳴。雖然情緒基調接近，但角色屬性並不完全吻合。
q12,"想找一些日常系小說類型，希望劇情節奏安排和對話有趣些。
其它元素能接受百合、戀愛、生活、學校類型，有談話間交流劇情。",cee7f5c1-4f98-5c74-aaee-41532c375fad,初戀 Signal,玉置こさめ,2.3,完結,"校園, 青春, 戀愛, 百合, 其他文庫, 日本輕小說",櫻庭志乃在升學到三葉高中的時候遇到了清宮飛鳥。原本認為自己絕對不會和認真的飛鳥有所交集的志乃，卻被她說了一句「如果可以的話，能和我當朋友嗎？」……!?這是一部充滿心動與可愛的、性格截然相反的兩位女孩間甜蜜又令人心動的百合戀愛故事！,3,該書籍包含使用者明確提到的百合、戀愛、校園以及日常生活的元素，且劇情主軸圍繞在兩位性格截然不同的女孩間的互動與交流，高度符合使用者的搜尋意圖。
q12,"想找一些日常系小說類型，希望劇情節奏安排和對話有趣些。
其它元素能接受百合、戀愛、生活、學校類型，有談話間交流劇情。",a0340404-a615-57cb-9732-91500b7f1885,截稿日之前，百合的進度特別快,平坂読,13.7,連載,"青春, 戀愛, 歡樂向, 職場, 百合, 女性視角, GA文庫, 日本輕小說",「為什麼在逼近截稿日時玩遊戲會這麼好玩呢……」離家出走的少女白川愛結透過堂姐白川京的介紹，開始了負責照顧＆監督當紅作家海老光的打工。儘管愛結因為光常常拖稿玩遊戲、釣魚、出外旅行而被耍得團團轉，她還是覺得這樣的日常相當幸福。另一方面，突然開始與愛結的同居生活後，光產生了前所未有的感受。不見容於社會的少女，以及才貌兼備、家境良好卻過著墮落生活的小說家，她們的關係會怎麼發展……？獻給難以「正常」活在世上的所有人，晶瑩剔透的日常系百合愛情喜劇，誕生。,3,推薦書籍明確標記為「日常系百合愛情喜劇」，完全符合用戶對日常系、百合、戀愛的需求。劇情設定為照顧拖稿作家的同居生活，符合用戶希望的生活感與對話交流的偏好，是一個極佳的匹配。
q13,"我很喜歡搞笑類，誤會系剛好能戳到我的笑點，
看了會有種「這群人的腦迴路到底怎麼長的」的感覺，（像電玩咖這種的）
當然不需要全程搞笑，後面進入主線開始嚴肅起來我還是能接受的（素晴、腦礙這種的）",e01b7ca4-d652-5055-9f19-fc3f4e1b244f,異世界最強公會長 ～雖然是公會最弱卻因為公會全員對我愛之深切而無法辭職～,陽波ゆうい,9.2,連載,"奇幻, 歡樂向, 後宮, 病嬌, kakuyomu, Web輕小說",轉生之後就能建立幸福後宮稱霸異世界—我原本明明是這樣想的啊…！！一時興起建立的公會竟然成了強者雲集的最強公會。而且除我以外，所有人都是帥哥美女。我是工會裡最弱的…我能不能從公會辭職啊？缺乏朝氣的主人公和近乎以崇拜之心仰慕著他的公會成員們的暗黑幻想故事—開幕—,3,使用者明確要求「誤會系」且角色「腦迴路奇怪」的搞笑作品。推薦書籍的核心設定在於主角自認最弱，但公會成員卻極度崇拜他且不讓他辭職，這種認知偏差完全符合「誤會系」的特徵，且標籤中的「病嬌」與「崇拜」暗示了角色具有非典型的思考邏輯，與使用者需求高度契合。
q13,"我很喜歡搞笑類，誤會系剛好能戳到我的笑點，
看了會有種「這群人的腦迴路到底怎麼長的」的感覺，（像電玩咖這種的）
當然不需要全程搞笑，後面進入主線開始嚴肅起來我還是能接受的（素晴、腦礙這種的）",4f45982d-a01b-53b2-9fcc-73423fa3ac31,野崎惑劇場,野崎惑,12.0,完結,"腦洞, 歡樂向, 電擊文庫, 日本輕小說",「電擊文庫MAGAZINE」上好評連載中的超個性短篇期望已久的（？）文庫化。作者·野崎窗的謎之美學在電擊文庫瘋狂肆虐！去找屍體的驗屍官、帶寵物對局的職業棋士、想收拾勇者的魔王、黑幫若頭、雷霆獵鷹、獅子、唔嘅嘅嘅說話的牛、電擊文庫的妖精等，無比變態的（？）眾多登場人物為您呈現一幕幕令人捧腹倒地的故事！橫跨約2年半盡情胡來的連載短篇15篇+公式海賊本收錄1篇+添寫3篇+沉作5篇=合計24篇的大容量饋贈，讓你懷疑編輯部是不是有病的短篇集！當您容忍這本書時，您將成為獨當一面的成年人——。,3,使用者尋找的是搞笑、腦洞大開且具有「異常腦迴路」邏輯的作品。推薦的《野崎惑劇場》標榜為腦洞、歡樂向短篇集，且介紹中明確提到「謎之美學」、「令人捧腹」以及讓讀者「懷疑編輯部是不是有病」的荒誕風格，完全符合使用者追求的笑點與對角色奇怪邏輯的偏好。
q13,"我很喜歡搞笑類，誤會系剛好能戳到我的笑點，
看了會有種「這群人的腦迴路到底怎麼長的」的感覺，（像電玩咖這種的）
當然不需要全程搞笑，後面進入主線開始嚴肅起來我還是能接受的（素晴、腦礙這種的）",5573a808-a952-583a-9bb8-0a9b432a7d51,狗與剪刀必有用,更伊俊介,107.3,連載,"奇幻, 懸疑, 歡樂向, Fami通文庫, 日本輕小說",「還沒看完怎麼能死！」某一天，我意外死在強盜手中，卻由於身為書痴的執著而奇蹟似地復活……以臘腸狗的外貌復活。為什麼是狗啊！這樣叫我要怎麼看書！我正在煩惱時，眼前出現把剪刀當武器的虐待狂──夏野霧姬。這人怎麼看都是個危險分子，可是她聽得懂狗語，而且，她的真實身分竟是我最崇拜的作家秋山忍！我今後該如何是好？殺死我的強盜又下落何處？第十二屆ENTAME大賞優秀賞得獎作品，懸疑風格的無厘頭喜劇！,3,用戶偏好搞笑、無厘頭（腦迴路奇怪）以及可以兼顧主線劇情（嚴肅部分）的作品。推薦書《狗與剪刀必有用》設定為書痴轉生為臘腸狗，並與虐待狂作家互動，屬於典型的「無厘頭喜劇」，且含有懸疑主線，非常符合用戶對「奇怪腦迴路」和「搞笑後進入主線」的期待。
q14,"想求各位大大們，有沒有推薦以百合、女生友情、男女愛情這類的日本輕小說呢?

不太想要有奇幻、科幻、后宮、異世界這元素，有點太過氾濫不太想看
只要日常、青春的就可以了，有發糖的和胃痛我都可以~",f13ceb7d-18e5-5db4-8f5f-70af999a0805,伊田的煩惱,vertinno,58.4,連載,"百合, 校園, 青春, 女性視角, 戀愛, 青春日常, 華文輕小說",這是關於兩個女孩的故事。「那個……伊田同學？」——因為受傷而相遇的記憶推開了故事的大門。「我可以……可以在這裡坐一會兒嗎？」——兩人獨處的空教室里，躲在角落的女孩偷瞄著正在畫畫的女孩。「不行，我必須陪在松坂身邊，現在是松坂最需要我的時候。」——突如其來的變故中，善良的女孩站在失去了一切的女孩身旁。「既然沒法如願以償地把她永遠留在身邊，那麼，就讓我一直陪著她，直到不能再同行的時候就好。」——暗生情愫的女孩望著和青梅竹馬談笑風生的女孩，許下了這樣的願望。「從今往後，無論多少次，只要伊田想聽，我都會毫無保留地向你表達自己的愛意，因為這本就是把我的心填得滿滿的感情。」——曾經自卑的女孩向曾經虛偽的女孩吐露著真情。「既然這個世界不能認可我們的愛情，那我們便只需要在上帝面前許下神聖的諾言。」——雪夜的小屋中，披著婚紗的女孩抱著穿越風雪歸來的女孩。,2,該書在主題上完美符合使用者的需求（百合、校園、青春日常，且無奇幻、異世界等元素），但使用者明確要求的是「日本輕小說」，而此書標記為「華文輕小說」，因此在原產地這一要求上不符。
q14,"想求各位大大們，有沒有推薦以百合、女生友情、男女愛情這類的日本輕小說呢?

不太想要有奇幻、科幻、后宮、異世界這元素，有點太過氾濫不太想看
只要日常、青春的就可以了，有發糖的和胃痛我都可以~",a32cdf64-ea7c-56b9-853f-7a88e5f6b91a,戀愛什麼的，真是無聊透頂。,雲雀湯,34.2,連載,"校園, 青春, 戀愛, 青梅竹馬, 妹妹, 小學館, 日本輕小說",河合祐真有個小他一歲的青梅竹馬──倉本涼香，是他的好朋友晃成的妹妹。對祐真來說，涼香也像是自己的親妹妹一樣，即使成為了高中生，這點也不會改變。原本，他是這麼認為的……直到有一天，晃成對打工店裡的前輩動了心。低聲說了句「真蠢」的涼香，表示自己無法理解戀愛感情，而祐真也對戀愛懷抱著心理創傷。不過，他對於『那方面』的事情並不是沒有興趣。「接吻好像很舒服呢？」明知道這樣不對，兩人還是越過了那條界線。於是他們立下了一個約定──這段不純潔的關係，只維持到『真正喜歡的人』出現為止。,3,該書為日本輕小說，主題聚焦於校園、青春與男女戀愛，完全符合使用者要求的「日常、青春」設定，且不含奇幻、科幻、後宮或異世界等不想要的元素，是非常匹配的推薦。
q14,"想求各位大大們，有沒有推薦以百合、女生友情、男女愛情這類的日本輕小說呢?

不太想要有奇幻、科幻、后宮、異世界這元素，有點太過氾濫不太想看
只要日常、青春的就可以了，有發糖的和胃痛我都可以~",ba1a217c-8e2b-52af-a1d6-d7bba261dd1a,雖然我孤獨又陰角，但我的女朋友可愛到爆炸,スタジオ.Ｔ,15.6,完結,"校園, 青春, 戀愛, 歡樂向, kakuyomu, Web輕小說",鍾白鳴巳（かねしろなるみ）是一名孤獨陰暗的高中生，每逢午休就會去廁所吃午飯。某天，在偶然沒有上鎖的屋頂上，他與同樣形單影隻的三船二葉（みふねふたば）相遇了。「我們一起吃吧」，由一句話開始的青春戀愛故事。,3,該書完全符合用戶的需求：主題為男女愛情與青春校園日常，且不含奇幻、科幻、后宮或異世界等排除元素，是一部典型的日本青春戀愛輕小說。
q15,"喜歡的類型 是異世界 轉生 重生 穿越 校園異能 幻想世界 劍與魔法 主角最強 多後宮 戰鬥要夠中二 都行
夠套路
要男主 一定要有戰鬥 後宮 沒後宮也沒關係但要有女主 如果主角拿的是劍我會更開心
不接受有沒男主的 例如蜘蛛又怎樣 能力值平均 怕痛的我
不接受虐主的 除了re 0 是因為動畫入坑的 除非前面虐後面很爽的這樣可以例如平職
需要裝逼讓我看的會高潮的 所以無職轉生我看不下去因為太真實太哭逼了",1ef984c6-41a9-5665-973a-57b0512b1c8e,魔王學院的不適任者 ～史上最強的魔王始祖，轉生就讀子孫們的學校～,秋,295.7,完結,"轉生, 校園, 魔法, 龍傲天, 後宮, 電擊文庫, 日本輕小說",儘管具備能毀滅人類、精靈，甚至是眾神的力量，暴虐魔王阿諾斯卻厭倦了永無止盡的鬥爭，夢想著和平的世界進行轉生。然而在兩千年後，轉生後的他所迎來的，卻是適應和平生活而變得過於弱小的子孫們，以及各種衰退至極的魔法。阿諾斯雖然進入了把被認定是魔王轉生者的人召集起來「魔王學院」就讀，學院卻無法看出他的實力，使他被蓋上不適任者的烙印。在眾人都瞧不起他的環境里，他將唯一親切對待自己的少女米夏納為部下，不適任者（魔王）在魔族的階級制度上邁向巔峰！,3,該書完全符合用戶的所有要求：包含轉生、校園、魔法、幻想世界等元素；男主角是絕對的最強（龍傲天），且有後宮設定；劇情核心在於主角被低估後展現壓倒性實力的「裝逼」快感，且戰鬥風格極其中二，完全沒有虐主情節，是極高匹配度的推薦。
q15,"喜歡的類型 是異世界 轉生 重生 穿越 校園異能 幻想世界 劍與魔法 主角最強 多後宮 戰鬥要夠中二 都行
夠套路
要男主 一定要有戰鬥 後宮 沒後宮也沒關係但要有女主 如果主角拿的是劍我會更開心
不接受有沒男主的 例如蜘蛛又怎樣 能力值平均 怕痛的我
不接受虐主的 除了re 0 是因為動畫入坑的 除非前面虐後面很爽的這樣可以例如平職
需要裝逼讓我看的會高潮的 所以無職轉生我看不下去因為太真實太哭逼了",df85ef4d-9d0a-50c7-aa5a-53329ed5b573,月光下的異世界之旅,ぁずみ圭,192.3,連載,"轉生, 奇幻, 冒險, 龍傲天, 後宮, 人外, 其他文庫, 日本輕小說",某一天，我，深澄真，由於父母的原因，在月讀大人引導下，變成了前往異世界的窘境。外掛能力也被賦予了，這難道是勇者flag嗎！這樣想著的時候，這個世界的女神以【你，臉很難看所以——】這樣斷言後，就將我傳送到【世界的盡頭】去了…………嘛，沒辦法。要改變心態享受異世界嗎！就這樣，一無所有地開始了追求人的溫暖的旅程，不過——邂逅的是有著花的芬芳的豬頭人女孩、時代劇中毒的龍的妖怪、抖M屬性的變態大蜘蛛等等——……我的周圍是完美的人外盛宴。可惡—！別開玩笑了！我絕對不會認輸的！,3,該書完全符合使用者的核心需求：異世界轉生、男主最強（龍傲天）、後宮傾向、幻想世界。劇情風格偏向爽文，具備強大外掛與裝逼元素，且明確為男性主角，避開了所有不接受的雷點（非男主、過度虐主）。雖然主角不一定主用劍，但整體屬性與使用者的口味高度匹配。
q15,"喜歡的類型 是異世界 轉生 重生 穿越 校園異能 幻想世界 劍與魔法 主角最強 多後宮 戰鬥要夠中二 都行
夠套路
要男主 一定要有戰鬥 後宮 沒後宮也沒關係但要有女主 如果主角拿的是劍我會更開心
不接受有沒男主的 例如蜘蛛又怎樣 能力值平均 怕痛的我
不接受虐主的 除了re 0 是因為動畫入坑的 除非前面虐後面很爽的這樣可以例如平職
需要裝逼讓我看的會高潮的 所以無職轉生我看不下去因為太真實太哭逼了",57a8d2a0-e51d-5f7a-87a6-b844bce20ba2,精靈幻想記,北山結莉,290.6,連載,"轉生, 魔法, 龍傲天, 後宮, 青梅竹馬, 妹妹, HJ文庫, 日本輕小說",少年利歐是住在貧民窟的孤兒。他在七歲時的某一天，突然想起曾身為日本大學生「天川春人」的記憶，然後發現自己轉生到了劍與魔法的異世界。利歐因想起這份記憶，腦袋非常混亂，但他也在同時意識到體內擁有強大魔力，於是使用那份魔力為解決綁架事件做出了貢獻。此功績讓他獲得高度評價，於是破例得以進入各地貴族子女雲集的名校就讀！,3,該書完全符合用戶的所有要求：包含異世界轉生、劍與魔法、校園設定、男主最強（龍傲天）、後宮元素，且劇情走勢屬於典型的爽文套路，沒有虐主傾向，與用戶尋找的「裝逼」且「中二」的風格高度契合。
q15,"喜歡的類型 是異世界 轉生 重生 穿越 校園異能 幻想世界 劍與魔法 主角最強 多後宮 戰鬥要夠中二 都行
夠套路
要男主 一定要有戰鬥 後宮 沒後宮也沒關係但要有女主 如果主角拿的是劍我會更開心
不接受有沒男主的 例如蜘蛛又怎樣 能力值平均 怕痛的我
不接受虐主的 除了re 0 是因為動畫入坑的 除非前面虐後面很爽的這樣可以例如平職
需要裝逼讓我看的會高潮的 所以無職轉生我看不下去因為太真實太哭逼了",fe974300-b9dd-5195-8275-fde930e1bbd3,落第賢者的學院無雙 ~二度轉生的最強賢者於400年後的世界以魔劍御天下~,白石新,7.5,連載,"轉生, 魔法, 校園, 龍傲天, 後宮, 角川文庫, 日本輕小說",自絕望過去400年後——世界將被賢者征服。自現代轉生後，大賢者埃弗塔爾窮極一生研究魔導。但是得知才能受限的他，至死都充滿了絕望和悔恨。他原封不動地攜帶前世獲得的魔法知識和力量再次轉生到400年後的世界，並再次向魔導之顛揚帆起航。而且，400年的時間裡，魔法文明不斷衰退，他的魔法居然可以被稱為跨越次元的奇蹟——！「不好意思，我早就不做人了！」進入世界最強魔法學院的大賢者，所到之處，敵人不存！轉世賢者的爽快學院幻想譚，開幕！,3,該書完全符合使用者的所有需求：包含異世界、兩次轉生、校園設定、劍與魔法、龍傲天（主角最強）、後宮以及強烈的「爽感」（裝逼）元素。且主角使用魔劍，完全滿足使用者對武器的偏好，且無虐主情節，是非常精準的推薦。
q15,"喜歡的類型 是異世界 轉生 重生 穿越 校園異能 幻想世界 劍與魔法 主角最強 多後宮 戰鬥要夠中二 都行
夠套路
要男主 一定要有戰鬥 後宮 沒後宮也沒關係但要有女主 如果主角拿的是劍我會更開心
不接受有沒男主的 例如蜘蛛又怎樣 能力值平均 怕痛的我
不接受虐主的 除了re 0 是因為動畫入坑的 除非前面虐後面很爽的這樣可以例如平職
需要裝逼讓我看的會高潮的 所以無職轉生我看不下去因為太真實太哭逼了",92b206cd-592e-59bd-830b-a4a17831b6c7,賢者之孫,吉岡剛,114.0,連載,"轉生, 校園, 魔法, 戰鬥, 龍傲天, 戀愛, Fami通文庫, 日本輕小說",一個理應意外身亡的青年，以嬰兒姿態轉世到了異世界！結果被救國英雄──「賢者」梅林．沃夫特撿回家收養，並取名為「西恩」。西恩被當成孫子扶養長大，吸收了梅林畢生所學，練就出一身驚天本領。不過就在他十五歲的那年，梅林爺爺卻說：「忘了教他常識了！」因此，為了學習常識並結交朋友，西恩進入亞爾斯海特高等魔法學院就讀──,3,推薦書籍完全符合用戶的所有核心需求：包含異世界轉生、校園設定、魔法戰鬥、且男主設定為極強的龍傲天。劇情走勢屬於典型的爽文套路，沒有虐主情節，且有戀愛元素，完美契合用戶追求「裝逼」與「高爽度」的偏好。
q15,"喜歡的類型 是異世界 轉生 重生 穿越 校園異能 幻想世界 劍與魔法 主角最強 多後宮 戰鬥要夠中二 都行
夠套路
要男主 一定要有戰鬥 後宮 沒後宮也沒關係但要有女主 如果主角拿的是劍我會更開心
不接受有沒男主的 例如蜘蛛又怎樣 能力值平均 怕痛的我
不接受虐主的 除了re 0 是因為動畫入坑的 除非前面虐後面很爽的這樣可以例如平職
需要裝逼讓我看的會高潮的 所以無職轉生我看不下去因為太真實太哭逼了",2c672d1c-f704-522d-b46e-d9b23ce3b39d,轉生貴族的異世界冒險錄,夜州,155.6,連載,"轉生, 魔法, 冒險, 龍傲天, 後宮, syosetu, Web輕小說",為了保護青梅竹馬的妹妹而被歹徒刺死的椎名和也，作為貴族的第三子凱因，轉生到了夢寐以求的劍與魔法的世界。這個世界的習俗是在五歲的時候進行神明的加護禮。結果加護的神力過於龐大，超界限的神力所孕育的是……,3,該書完全符合用戶的所有需求：包含轉生、劍與魔法、男主最強（龍傲天）、後宮等要素。且劇情屬於典型的套路化爽文，沒有虐主情節，非常符合用戶追求「裝逼」與「中二戰鬥」的閱讀偏好。
q16,"如題想看校園類型小說，不知道有無推薦
純現實的不要有奇幻元素，集數不多的佳",83788293-8fbb-538c-828f-8c6675df510e,再見宣言,三月みどり,7.5,完結,"音樂, 校園, 青春, 戀愛, MF文庫J, 日本輕小說",只要不會被當就好了，不用天天去上學也沒差。不過，該念書時還是念一下，也跟其他人一樣上大學，畢業後就當個上班族之類……我窩在家裡耍廢，想像著這種平凡無奇的未來。但在高中最後一年的春天，我遇見了妳，深深受到妳的影響。理應完全相反的兩人邂逅且互相吸引。在戀愛與實現夢想的天平兩頭搖擺不定，兩人做出的選擇是──面對真正的自己，揮別徒具表面的昨天，在青春時期恣意綻放！,3,該書標籤包含「校園」、「青春」、「戀愛」，且簡介描述為高中生在面對夢想與戀愛時的成長故事，完全符合使用者要求的「校園類型」且「純現實（無奇幻元素）」的核心需求。
q16,"如題想看校園類型小說，不知道有無推薦
純現實的不要有奇幻元素，集數不多的佳",e4fe57e6-0497-5bca-9e29-a09db3f499e0,文學少女,野村美月,212.4,完結,"校園, 懸疑, 青春, 戀愛, Fami通文庫, 日本輕小說",聖條學園的文藝社只有兩名社員——社長天野遠子以及社員井上心葉。文筆優美的心葉升上高二便接下招攬新生入社的工作，但他所要面對的第一個難題，居然是幫高一的學妹寫情書!?「請讓我戀愛成功！」面對學妹的要求，心葉使出渾身解數，然而卻在交出成果之後，引來重重迷團。學妹喜歡的神秘男生到底是誰？而小丑的真面目又是什麼？輕柔感人卻又帶著淡淡苦澀滋味的校園「喜劇」，揭幕上演！,3,該書設定在學校文藝社，屬於典型的校園青春戀愛類小說，且劇情描述為現實生活中的懸疑與情感糾葛，完全符合使用者要求的「校園類型」且「無奇幻元素」。
q16,"如題想看校園類型小說，不知道有無推薦
純現實的不要有奇幻元素，集數不多的佳",4a9c2519-5197-5fd5-b9a6-a253c9f93f45,夏風,愚者T,18.5,連載,"青春, 戀愛, 校園, 青春日常, 華文輕小說",高中生伊川樹一個無論長相，學習都是極其平庸的存在。唯一的優點或許就是面對不幸和困難時的不屈吧。在校園中攜手自己的青梅竹馬南望曉認識了新的朋友，以後也會認識更多人生路上的夥伴吧。或許總有一天會離開，但從夏天的風中總能一遍又一遍的聽到他們的故事。,3,該小說設定為高中校園，且標籤與簡介均顯示為青春日常與戀愛，完全符合使用者要求的「校園類型」且「無奇幻元素」的純現實設定。
q16,"如題想看校園類型小說，不知道有無推薦
純現實的不要有奇幻元素，集數不多的佳",23ec80f5-909c-5532-a1c4-baee55f75c59,放學後，在家庭餐廳，和班上那個女孩。,左リュウ,13.6,連載,"校園, 青春, 戀愛, 歡樂向, 電擊文庫, 日本輕小說",那種不知不覺中感到愉快的時光，真讓人感到舒適。每天都會去的家庭餐廳——那是因為父母再婚，我在家裡感覺有些不自在的避風港。這裡是我不需要強行與家人相處，屬於自己的小天地。而總是在這家餐廳出現的同班同學加瀨宮小白，是一個與眾不同、孤高的美少女。似乎她也沒有一個可以稱之為「家」的地方。某個偶然的機會，我們彼此講述了各自的秘密，於是決定建立一個《家庭餐廳同盟》，為了方便我們有個理由晚點回家——從那天起，我們的關係變得輕鬆自然，彼此都可以做真實的自己，原本單調的餐廳時光，也因和小白一起抱怨生活的點滴變得有趣起來。「『——明天放學後，還是在那家店集合吧』」放學後的家庭餐廳，今天我們又開始了尋找理由不回家的新冒險。,3,該書完全符合用戶要求的「校園」類型且為「純現實」設定，沒有任何奇幻元素，主題聚焦於學生之間的日常互動與戀情，與用戶意圖高度一致。
q16,"如題想看校園類型小說，不知道有無推薦
純現實的不要有奇幻元素，集數不多的佳",7cea768c-0a1e-5c4f-bd4e-cfd0f34e70ba,在流放地,竹海,10.6,完結,"校園, 青春, 青春日常, 華文輕小說",這是一個關於校園青春的故事。這段青春沒有友情，沒有愛情，沒有親情。當少年進入了撫川一中這個以拔尖著稱的學校，掀開這個表面嘈雜熱鬧，被飾滿珠寶的幕布，看見的是深不見底的虛無。很多年以後，他把那段經歷稱作『在流放地』。,3,用戶要求純現實、無奇幻元素的校園小說。該書標籤為校園、青春日常，簡介描述的是高壓學校環境下的心理狀態，完全符合現實主義校園設定且無奇幻元素。
q16,"如題想看校園類型小說，不知道有無推薦
純現實的不要有奇幻元素，集數不多的佳",5fad6e2f-d881-551c-9014-8a1aeec324ea,直到教室只剩下一個人,淺倉秋成,11.1,完結,"校園, 懸疑, 青春, 黑暗, 青梅竹馬, 角川文庫, 日本輕小說",「我在教室里太大聲了。我需要『調律』。再見。」短短一個月內，北楓高中接連發生學生自殺事件。他們都是班上的活躍分子，卻以各種死法陳屍在校園，並留下內容相同卻意味不明的遺書。這個被譽為「最棒的」班級，到底發生了什麼事？人心惶惶之際，垣內友弘從好友白瀨美月口中聽說：這一切都是「死神」的傑作，她自己就是下一個目標！友弘不相信，但沒過多久，一封神秘匿名信卻讓他啞口無言。信中不僅指定他成為「繼承人」，他更在一夕之間擁有「識破他人謊言」的能力。難道，「死神」真的存在？為了拯救美月與其他可能的受害者，友弘決定運用自己的異能，揪出躲在幕後操控一切的真兇。然而他不知道的是，「死神」所選中的人，都有一個共同的「特徵」；而被選中的下一個「祭品」也並非別人，而是正在妨礙這場死亡遊戲的他……在學校這個封閉的環境里，只要有一點小小的不滿，很可能就會蔓延成猜疑和傷害。面對階級的落差、霸凌的壓迫、對同儕的不認同，外表開朗活潑，內心卻深沉難測的少年少女，完全體現了青春期特有的歪斜與危險。然而，初心並未泯滅，死亡與殺戮也往往不是最終的結果，隨著碰撞、跨越直至成長，他們也將徹底斷絕崩壞的過往，重新找回混亂中的平衡，蛻變重生。,1,使用者明確要求「純現實」且「不要有奇幻元素」，但該書描述主角擁有「識破他人謊言」的異能，屬於超自然設定，直接違反了使用者的核心禁忌要求。雖然主題是校園，但因包含奇幻元素而導致相關度低。
q16,"如題想看校園類型小說，不知道有無推薦
純現實的不要有奇幻元素，集數不多的佳",091bda7e-a3c8-5c8c-86ec-ff4cdba89510,只有成績還算優秀的我什麼都做不到,初雪染櫻,4.7,連載,"青春, 戀愛, 校園, 歡樂向, 青春日常, 華文輕小說",普通的青春，究竟是什麼模樣？獨居少年青木羽生曾以為，靠著速食與永遠做不完的習題，重複著每一天的自己，永遠無法觸及那名為「青春」的奢侈品。直到藤原玲奈帶著誤會與便當闖入、直到桐生詩織的秘密被他發現。於是，即將廢棄的文學社，連接起了三個孤獨的靈魂。於是，冰冷的出租屋有了溫度，寂靜的社團教室有了歡笑。這是一個關於誤會、秘密、陪伴，以及一點點變得不再普通的，普通青春故事。,3,該書標籤為「校園」、「青春日常」，內容描述為典型的校園生活與社團互動，完全符合使用者要求的校園類型且無奇幻元素的現實設定。
q17,"求推薦世界觀建構完整
主角很清楚當下該做甚麼
是不太希望主角輕鬆拿到一堆外掛這種的
然後也蠻喜歡主角大意、失誤或忘記重要信息導致危機感這種狀況發生
非戰鬥類主角也可以，感覺這類主角穿越的比較多?
但是如果是一個高中生通十八般武藝心理素質又特好的就不要",faf2ceb0-95fe-5306-82f9-825ba8fc4055,EVER17 時空輪迴,KID,186.1,完結,"科幻, 懸疑, 冒險, 戀愛, 遊戲劇本, 日本輕小說",LeMU是一個漂浮在水深51公尺的近未來海洋主題公園，館內所有設備皆採用了最先進技術，其中最厲害的是控制整個LeMU的計算機－雷米。雷米擁有應變任何問題及事故的緊急控制設計，而且全館皆採用最新的飽和潛水模式構造，理論上是不可能被海水壓迫而導致崩壞。但是在公元2017年5月1日午後12點51分，樂園內一次不明意外的產生，造成7名男女被困在樂園內，食物、水、空氣都逐漸在消失當中，而且還面臨了新的威脅：棲息於深海的未知病毒。一直承受著強大水壓的樂園牆壁將在119小時內崩壞，隔著厚厚的玻璃，另一頭則是深邃的黑暗，在這密閉的空間還有僅剩的時間下，他們互相幫助，互相鼓勵，當彼此的感情正不斷的投入時，死亡期限也不斷地逼近，究竟這7名男女要如何跨越一次次的危機，用彼此的情誼戰勝死亡的恐懼呢？！還有，這不明的意外究竟是？！,3,這部作品具有完整且封閉的世界觀設定，且完全沒有網文常見的「外掛」或無敵設定。故事聚焦於極限生存與解謎，主角群並非完美的超人，必須在資源匱乏與資訊不足的壓力下尋找生存之道，符合用戶對於非戰鬥類、有危機感且非完美主角的需求。
q17,"求推薦世界觀建構完整
主角很清楚當下該做甚麼
是不太希望主角輕鬆拿到一堆外掛這種的
然後也蠻喜歡主角大意、失誤或忘記重要信息導致危機感這種狀況發生
非戰鬥類主角也可以，感覺這類主角穿越的比較多?
但是如果是一個高中生通十八般武藝心理素質又特好的就不要",ea9a5b3f-e21b-52e1-a473-bbfda838ce4d,深紅色的迷宮,貴志佑介,15.1,完結,"科幻, 懸疑, 驚悚, 遊戲, 大逃殺, 角川文庫, 日本輕小說",藤木芳彥，40歲。一個中年失業的男子。看似平凡潦倒的日子，卻在一個變調的早晨完全走了樣。藤木一如往常睜開雙眼，卻發自己身處於異樣的世界，一個宛如深紅色迷宮的謎樣之地。這地方是地球嗎？還是宇宙間的某個行星？和藤木一樣有此奇怪遭遇的居然還有8個人？每個人都握有一台遊戲主機，用來接收不知是誰所傳送的各種奇怪指令。於是在分不清是敵是友的渾沌情勢下，開始進行一場懸疑又恐怖的生存遊戲….。繼『黑暗之家』，貴志佑介－超人氣之作!當死神近在眼前，你會選擇…..自救？救人？還是…..殺人？！遊走於現實與虛擬世界的一場生存遊戲…,3,該書非常符合用戶的需求。首先，主角是40歲的中年男子，完全避開了用戶不想要的「全能高中生」設定。其次，這是一部生存懸疑小說，沒有任何輕鬆獲得的「外掛」，主角必須在極端環境下依靠理智生存。最後，貴志佑介的作品以邏輯嚴密著稱，故事中充滿了資訊不對稱導致的誤判與危機，完美契合用戶喜歡的「因大意或忘記資訊而產生危機感」的情節。
q17,"求推薦世界觀建構完整
主角很清楚當下該做甚麼
是不太希望主角輕鬆拿到一堆外掛這種的
然後也蠻喜歡主角大意、失誤或忘記重要信息導致危機感這種狀況發生
非戰鬥類主角也可以，感覺這類主角穿越的比較多?
但是如果是一個高中生通十八般武藝心理素質又特好的就不要",e3288cf4-6b2e-59a4-8b40-6a5ed7083af0,彈丸論破Dangan Ronpa∕Zero,小高和剛,31.6,完結,"校園, 懸疑, 犯罪, 鬥智, 獵奇, 大逃殺, 講談社, 日本輕小說",基於「才能才是人類的希望」這一理念，聚集了各種《超高校級》的才能，私立希望之峰學園發生了學園史上最大最惡的事件……。向著不斷失去記憶的女高中生·音無涼子與《超高校級神經學者》松田夜助迫近而來的「危機」與「絕望」將會如何――！？讓所有懸疑愛好者為之沸騰的遊戲傑作「彈丸論破」閃耀的「前日譚」，由擔當原作劇本的小高和剛親自小說化。最棒的爆炸，在此開始——！,3,該作品世界觀設定完整，且劇情核心圍繞著鬥智、記憶缺失以及心理博弈，完美符合使用者對「忘記重要信息導致危機感」的需求。主角雖具備卓越才能但並非依賴超自然外掛，且故事強調的是高風險的心理對決，而非使用者排斥的那種「心理素質極好且全能」的完美高中生設定。
q17,"求推薦世界觀建構完整
主角很清楚當下該做甚麼
是不太希望主角輕鬆拿到一堆外掛這種的
然後也蠻喜歡主角大意、失誤或忘記重要信息導致危機感這種狀況發生
非戰鬥類主角也可以，感覺這類主角穿越的比較多?
但是如果是一個高中生通十八般武藝心理素質又特好的就不要",c9d187c2-de15-5a43-a95e-8c16af975110,異世界默示錄麥諾格拉 ～從毀滅文明開始征服世界～,鹿角フェフ,21.5,連載,"奇幻, 魔法, 轉生, 異世界, 戰爭, 黑暗, 經營, 其他文庫, 日本輕小說",轉生後，我竟然成了邪神。涵蓋探索（eXplore）、擴張（eXpand）、開發（eXploit）、殲滅（eXterminate）的4X系戰略級奇幻小說！因病早逝的年輕人伊良拓斗，轉生到了一個與他生前痴迷的戰略級奇幻模擬遊戲《Eternal Nations》相似的異世界。而且，他居然是以率領邪惡屬性文明「邁諾古拉」的邪神身份轉生的——。「拓斗大人……我們再次一起開始吧？」出現在他面前的嬌美少女——邁諾古拉的英雄單位「污泥魔女」阿圖如此說道。拓斗點頭應允，兩人共同的新國家邁諾古拉就此誕生。然而，邁諾古拉這個勢力卻有著「專註於內政，極其不擅長戰爭」的特點，與邪惡形象完全不符，甚至被玩家評價為「最難使用的超高級勢力」……！,2,該書世界觀基於4X戰略遊戲，建構較為完整且有系統。主角雖然擁有遊戲知識（知道該做什麼），但其所屬勢力被設定為「最難使用」且「極其不擅長戰爭」，這有效地避免了用戶厭惡的「輕鬆拿外掛」或「全能無敵」的設定。雖然簡介未明確提到主角會因大意而失誤，但「最難勢力」的設定必然帶來較高的危機感與挑戰，且主角定位為經營者而非全能高中生，相當符合用戶需求。
q17,"求推薦世界觀建構完整
主角很清楚當下該做甚麼
是不太希望主角輕鬆拿到一堆外掛這種的
然後也蠻喜歡主角大意、失誤或忘記重要信息導致危機感這種狀況發生
非戰鬥類主角也可以，感覺這類主角穿越的比較多?
但是如果是一個高中生通十八般武藝心理素質又特好的就不要",650acdff-908a-53a0-90fc-1a952a4b8905,流浪勇者與金幣共舞,村崎幸也,20.2,完結,"鬥智, 犯罪, 後宮, 人外, 富士見文庫, 日本輕小說",勇者擊倒魔王，世界恢複了和平──但故事卻沒有就此畫下句點。消滅了人類的「敵人」後，世界由『暴力』時代轉變為『金錢』時代。在商業都市法朵拉的一角，隱姓埋名浪跡天涯的勇者邂逅了遭遇詐騙的亞人少女尤妮絲及聽她傾訴煩惱的女騎士瑞秋。無可奈何地決定出手相救的他帶著平淡的口吻說道，「……既然來軟的、來硬的都沒用的話……就反過來再從那些壞蛋身上把錢騙回來就好了。」打倒魔王的勇者將要面臨新的敵人──被金錢蒙蔽雙眼的人類！不僅如此，他還要挑戰足以動搖整座城鎮的巨額詐欺……！？在『金錢就是一切』的異世界中，圍繞著金錢展開的英雄物語，就此拉開序幕！,2,該書的核心在於「鬥智」與「金錢詐欺」，避開了單純依靠系統或外掛獲勝的套路，且主角是退休勇者而非傳統的完美高中生，符合用戶對主角設定的偏好。雖然簡介中未明確提到主角會因大意而陷入危機，但鬥智類作品通常包含博弈與反轉，具有產生危機感的潛力。世界觀從暴力時代轉向金錢時代的設定也顯示出一定的建構意圖。
q18,"我最近剛看了龍王的工作的小說
雖然不懂將棋，但覺得對局的刻劃很棒
能看到將棋解說
也會側面描寫一些職業棋士、女流棋士的差別和情況

最喜歡的部分是銀子挑戰獎勵會那邊
書裡描寫的女性棋士會被小看的部分
那種低人一等、逆境求生的感覺做得很真實(?不會形容，總之很有代入感
銀子加油，不要輸給將棋星人!

希望各位能分享一些好看的將棋小說!!",c07918ed-2fff-5cab-9047-423d0e682652,自稱F級的哥哥似乎要稱霸以遊戲分級的學園？,三河ごーすと,61.2,連載,"遊戲, 鬥智, 龍傲天, 後宮, 妹妹, MF文庫J, 日本輕小說",獅子王學園是聚集了學業、運動、家世……各種領域菁英的日本最頂尖明星學校。然而，那裡實際上卻是以遊戲結果評價一切的，弱肉強食的學園。唯有絕對強者──「獅子」能夠在這充滿激烈競爭的世界存活下來。主角──碎城紅蓮雖然在暗地裡留下在遊戲中常勝不敗的傳說，卻也想度過一帆風順的平凡人生，於是他在入學考試中放水，獲得自己想要的F級評價。不過在與由衷深愛哥哥的親妹妹──碎城可憐重逢後，情況出現急遽變化。當學園的「惡意」威脅可憐時，紅蓮將發揮出他真正的實力──！（自稱）F級的紅蓮將擺平眾多強敵，學園遊戲腦力戰就此揭開序幕！,0,使用者明確要求推薦『將棋小說』，且特別提到對將棋對局刻劃、職業棋士體制及逆境求生的代入感感興趣。而推薦的書籍雖然涉及『遊戲』與『鬥智』，但並非將棋主題，而是典型的學園龍傲天遊戲設定，與使用者的核心需求完全不符。
q18,"我最近剛看了龍王的工作的小說
雖然不懂將棋，但覺得對局的刻劃很棒
能看到將棋解說
也會側面描寫一些職業棋士、女流棋士的差別和情況

最喜歡的部分是銀子挑戰獎勵會那邊
書裡描寫的女性棋士會被小看的部分
那種低人一等、逆境求生的感覺做得很真實(?不會形容，總之很有代入感
銀子加油，不要輸給將棋星人!

希望各位能分享一些好看的將棋小說!!",3ae08fce-97c2-5477-bc7d-095dbcf29379,死亡筆記 決戰新世界,日下部匡俊,7.5,完結,"奇幻, 懸疑, 犯罪, 鬥智, 集英社, 日本輕小說",名字被寫在這本筆記本上的人將會死亡『奇樂』，也就是夜神月，企圖以死亡筆記本改變這個世界，讓世上再也沒有犯罪。世界級名偵探『L』則打算阻止失控的奇樂。兩位天才之間的對決結束之後，過了10年的某一天，全世界的網路都遭到劫持，傅出『奇樂』所發送的訊息——「去奪得死亡筆記本吧——」被死神帶來世間的6本死亡筆記本。以及同時發生的多起大量殺人事件。在這一連串事件發生的同時，L的楓承者·龍崎加入由三島率領的死亡筆記本應對本部，並在隨機殺人的現場得到一本死亡筆記本。另一方面，在同一個殺人現場，出現奇樂信徒·紫苑的身影——3個人各自高舉著互不相讓的『正義』名號，展開了壯烈的門智戰爭—一！,0,用戶明確要求推薦「將棋小說」，並對將棋的對局刻畫、職業棋士環境及逆境求生的主題感興趣。而《死亡筆記》屬於超自然懸疑鬥智小說，完全不涉及將棋，與用戶的核心需求完全不符。
q18,"我最近剛看了龍王的工作的小說
雖然不懂將棋，但覺得對局的刻劃很棒
能看到將棋解說
也會側面描寫一些職業棋士、女流棋士的差別和情況

最喜歡的部分是銀子挑戰獎勵會那邊
書裡描寫的女性棋士會被小看的部分
那種低人一等、逆境求生的感覺做得很真實(?不會形容，總之很有代入感
銀子加油，不要輸給將棋星人!

希望各位能分享一些好看的將棋小說!!",fefadfbd-e10a-575b-9834-5412a37dfb6c,DoubleDown 以小博大的勘繰郎,西尾維新,7.3,完結,"懸疑, 鬥智, 女性視角, 講談社, 日本輕小說",在京都的河原町御池十字路口。在這裡，蘿蔔睦美偶然相識了虛野勘繰郎，他是一個以偵探為志願的奇妙少年。他正拿著望遠鏡專心地觀察聳立於十字路口的JDC（日本偵探俱樂部）大樓。沒想到這兩個人的相遇，竟是曾經奪走66條名偵探性命之「連續名偵探殺戮事件」重新啟動的瞬間。,0,使用者明確要求推薦「將棋小說」，且在意對局刻劃與職業棋士的社會處境。而推薦的書籍是一部關於偵探與連續殺人事件的懸疑鬥智小說，完全不涉及將棋內容，與使用者需求完全不符。
q18,"我最近剛看了龍王的工作的小說
雖然不懂將棋，但覺得對局的刻劃很棒
能看到將棋解說
也會側面描寫一些職業棋士、女流棋士的差別和情況

最喜歡的部分是銀子挑戰獎勵會那邊
書裡描寫的女性棋士會被小看的部分
那種低人一等、逆境求生的感覺做得很真實(?不會形容，總之很有代入感
銀子加油，不要輸給將棋星人!

希望各位能分享一些好看的將棋小說!!",68af5128-7932-5c17-a2bc-13a24cfd6ad8,波上的魔術師,石田衣良,17.7,完結,"青春, 黑暗, 鬥智, 犯罪, 其他文庫, 日本輕小說",謎樣的股票投機大亨挑中一個鎮日留連遊戲店的單身寄生蟲，讓他從什麼都不懂的門外漢，搖身一變成了財經精英。縱橫股市，投機操作，與老人聯手挑戰日本第三大銀行，智取以卑劣手段詐取老人保險金的龐大金融機器。如形狀不定的波浪般忽上忽下的股市數字，在曲線交會處形成巨大的變化。就在這漲跌起落之間，蘊藏著人類的智慧，以及人性的善惡與貪婪。善與惡的對峙，你爭我奪的謀略戰，在石田的筆下，活靈活現地施展開來。轉自輕之國度,0,使用者明確要求推薦「將棋小說」，並對將棋對局的刻劃與職業棋士的處境感興趣。而推薦的書籍《波上的魔術師》主題是股票投機與金融戰爭，與將棋完全無關，完全不符合使用者的核心需求。
q19,"如題 最近看的書越來越多 總覺得自己也越來越挑了 希望有人能推薦一些好書
以下條件：
1. 女主是（外表）蘿莉（可愛的少御也是可以啦）
2.有戀愛的元素（後宮可以 但拜託不要無腦倒貼）
3.希望是異世界（不一定要穿越）
4.有傲嬌或無口或吃貨之類的屬性更好
拜託各位了",96571575-4e80-55ba-b4c9-0b5c083971f5,蘿莉公主大人的建國日誌,箕崎准,9.2,連載,"校園, 歡樂向, 後宮, 青梅竹馬, 妹妹, 其他文庫, 日本輕小說",從觸礁的船上救出來的女孩子，竟然是獨立小國的公主！原本只是好心留她過夜的家，卻在不知不覺間被她認定為領土？！緊接著出現的「朋友」居然是皇女大人，而且房子還被某國總統的女兒攻擊……一連串的大騷動讓人暈頭轉向。雖然想以唯一的男性、以家長的身分來管理住下來的女孩子們，不過那些身分遠遠高於自己的雲端之人，當然不可能乖乖聽話。這是連鄰居也被捲入、天翻地覆的日常生活物語！,2,該書符合女主為蘿莉以及後宮戀愛元素的條件，但從標籤（校園）與簡介（日常生活物語、鄰居）來看，設定應為現代都市而非用戶要求的異世界，因此未能完全滿足所有核心需求。
q19,"如題 最近看的書越來越多 總覺得自己也越來越挑了 希望有人能推薦一些好書
以下條件：
1. 女主是（外表）蘿莉（可愛的少御也是可以啦）
2.有戀愛的元素（後宮可以 但拜託不要無腦倒貼）
3.希望是異世界（不一定要穿越）
4.有傲嬌或無口或吃貨之類的屬性更好
拜託各位了",186ddfc8-a934-5f4a-bc51-a0af888f95c6,在森林邊煮果醬,小鳩子鈴,18.8,完結,"異世界, 轉生, 戀愛, 歡樂向, 女性視角, syosetu, Web輕小說",休假中還被叫去工作的我遭遇了事故被召喚到了異世界。機會難得，就在這個有魔法和妖精的世界裡享受慢生活吧！不開口的話就是氣質型美女，思考方式相當直接（也沒有魔力）的三十歲女性一邊煮果醬、一邊和親切的人們來往，一邊談戀愛的故事。,1,該書符合異世界與戀愛元素，但女主設定為三十歲女性（氣質型美女），完全不符合使用者明確要求的「外表蘿莉或可愛少御」這一核心條件。
q19,"如題 最近看的書越來越多 總覺得自己也越來越挑了 希望有人能推薦一些好書
以下條件：
1. 女主是（外表）蘿莉（可愛的少御也是可以啦）
2.有戀愛的元素（後宮可以 但拜託不要無腦倒貼）
3.希望是異世界（不一定要穿越）
4.有傲嬌或無口或吃貨之類的屬性更好
拜託各位了",a9ee6655-ab1f-5d15-b595-9fb84056c582,不親近任何人的跳級天才幼女，只對我撒嬌的理由,八神鏡,6.8,連載,"戀愛, 校園, 歡樂向, 青春, 蘿莉, GA文庫, 日本輕小說",「因為……是你啊」我的教室里有一個八歲的女孩。跳級的天才少女，外表像公主一樣惹人憐愛，但性格非常冷淡，不想和任何人發生關係。她能敞開心扉的，只有在同一所學校的姊姊……，但是有一天我給她點心，她變得非常親近我!?意外地怕寂寞的天才公主，只對我撒嬌。那份愛情沒有停止，為了成為我的義妹，打算讓我和學園裡有名的美少女姊姊結婚？這是因天才而孤獨的幼女與隨處可見的平凡少年之間的故事。,2,女主符合蘿莉設定，且具有無口（冷淡）與吃貨（點心）屬性，包含戀愛元素，與用戶對角色的需求高度吻合。然而，故事背景為現代校園而非用戶要求的異世界，因此未能完全滿足所有條件。
q20,本人喜歡偏重人物心理描寫、人物互動和角色變化的作品，較偏執在人物塑造和刻劃上。劇情不要求設計得有多精妙，不影響觀感就好，就算是平鋪直述的也行。節奏快慢無妨，掌握恰當即可。本人對於自己的閱讀能力還算有信心，文字量稍微過多也沒差。大忌是拿膚淺粗俗爛造的刻板僵化人物作為行銷點。,40f51819-0a51-5c0f-b498-9576cc0d8da9,你名字的側面,河野裕,14.4,完結,"青春, 群像, 其他文庫, 日本輕小說",夫を亡くし、小學生の息子・冬明を一人で育てるシングルマザーの愛。父親の死後、義母の愛と弟の冬明を見守りながらも、家族という関係に違和感を持つ大學生の楓。「世界の一部を盜む」想像上の怪物・ジャバウォックを怖れ、學校に行きたがらない冬明に二人は寄り添おうとするが、「紫色の絵具がなくなったんだ。ジャバウォックが盜っちゃったんだよ」と冬明が告げた日から、現実が変容していく。ジャバウォックの真実を知ったとき、あなたもきっと、その怪物を探し始める――。家族とは、常識とは何かを問い直す、壯大でまったく新しい傑作小説。,3,用戶明確要求側重於人物心理描寫、角色互動與塑造，且對劇情複雜度要求不高。該書介紹中強調了單親家庭中成員的心理狀態（如對家族關係的違和感、孩子的恐懼）以及對「家族」與「常識」的探討，屬於典型的以角色和情感驅動的作品，高度符合用戶對人物刻劃和心理深度的需求。
q20,本人喜歡偏重人物心理描寫、人物互動和角色變化的作品，較偏執在人物塑造和刻劃上。劇情不要求設計得有多精妙，不影響觀感就好，就算是平鋪直述的也行。節奏快慢無妨，掌握恰當即可。本人對於自己的閱讀能力還算有信心，文字量稍微過多也沒差。大忌是拿膚淺粗俗爛造的刻板僵化人物作為行銷點。,a1270dc0-bd0b-5df8-8160-23a1d8d6dbba,月與萊卡與吸血公主,牧野圭祐,76.9,完結,"科幻, 青春, 戀愛, 人外, 群像, 小學館, 日本輕小說",載人宇宙飛行尚未成功的時代。基尼特拉共和國聯邦的最高指導者發起用火箭送人類上太空的計畫。背地裡則暗中進行著「諾斯菲拉特計畫」──在測試飛行中使用吸血鬼當人類的替身。在保密行政區里接受訓練的太空人培訓生列夫，高層命令他負責監視被選為實驗對象的吸血鬼少女伊琳娜。即使受到高層的自我中心及時代的巨浪所擺布，兩人還是拚命地以遙遠的太空為目標。由一心嚮往宇宙的青年與吸血鬼少女所編織，太空和青春的故事。,3,使用者核心需求是深度的心理描寫、人物互動與角色成長，且極其反感膚淺的刻板角色。雖然該作有科幻與吸血鬼設定，但其劇情核心在於兩位主角在被時代與權力擺布的絕望處境下，如何建立深厚的情感連結與心理轉折，對人物的刻劃細膩且具有情感重量，高度符合使用者對角色塑造與心理描寫的追求。
q20,本人喜歡偏重人物心理描寫、人物互動和角色變化的作品，較偏執在人物塑造和刻劃上。劇情不要求設計得有多精妙，不影響觀感就好，就算是平鋪直述的也行。節奏快慢無妨，掌握恰當即可。本人對於自己的閱讀能力還算有信心，文字量稍微過多也沒差。大忌是拿膚淺粗俗爛造的刻板僵化人物作為行銷點。,e13cb4db-d243-537f-b04f-130774dc6e6b,未聞花名,岡田麿里,11.7,完結,"奇幻, 青春, 戀愛, 群像, MF文庫J, 日本輕小說",我望著自己一個人的影子，掌心感受著芽芽的溫度，明明這般靠近，卻又如此遙遠……「超和平Busters」，這個以仁太為首，由六個兒時玩伴所組成的團體，在芽芽因為意外身亡後，逐漸分道揚鑣。如今他們已是高中生了，仁太拒絕上學，變成繭居族封閉在自己的世界裡；安鳴將自己打扮成辣妹，成天和同學鬼混；鶴子與雪集去讀升學高中，波波則住在以前的秘密基地，並以打工為生。就在夏天快要結束的某一天，原本應該早已過世的芽芽卻突然出現在仁太面前，因為她「可能有一個願望」，想要仁太幫她實現……,3,該作品的核心在於探討失去好友後的悲傷、愧疚以及角色間的情感糾葛與成長，高度契合使用者對人物心理描寫、互動與角色變化的需求。情節相對簡單，重心在於人物刻劃而非複雜的劇情設計，且避開了膚淺的刻板人物，是非常合適的推薦。
q21,"最近剛看完三角距離無限為零
雖然胃在痛不過還是很喜歡三角戀這個要素
有人可以推薦一下類似的作品嗎?
當然不一定要三角戀 更多也行 只是想看這種描述男女主如何在戀愛中痛苦掙扎的小說
有糖更好 因為之後胃會更痛",d47e44e0-0953-5597-b9fb-1c70d11e7210,我當備胎女友也沒關係。,西條陽,76.3,連載,"校園, 青春, 戀愛, 後宮, 歡樂向, NTR, 電擊文庫, 日本輕小說",★儘管懷裡抱著妳，心裡想的人卻是她……★100%不健全、不純潔又危險的戀愛泥沼。「我也把桐島同學放在第二順位。」我跟早坂同學都有最喜歡的人，卻都選擇了第二順位的對象交往。我跟早坂同學確實是男女朋友，會一起回家、私下偷偷見面，也會做見不得人的事。即使如此，第二順位終究是第二順位。一旦能跟最喜歡的人兩情相悅，這份關係也會宣告結束。明明是這麼約好的──「對不起，因為我是個笨蛋，所以愈來愈喜歡你了。」明明我們都有喜歡的人，彼此卻愈陷愈深無法自拔，變得愈來愈需要對方……這早已無法挽回，100%不健全，不合理又危險的糜爛戀情會有怎樣的結局呢。,3,用戶希望尋找描述戀愛中痛苦掙扎、類似三角戀或多角關係且具有「胃痛」感的小說。推薦書籍描述了男女主角互為第二順位（備胎）的非健全戀情，以及在約定與真實感情之間掙扎的過程，完美契合用戶對於「戀愛中痛苦掙扎」與「複雜情感關係」的核心需求。
q21,"最近剛看完三角距離無限為零
雖然胃在痛不過還是很喜歡三角戀這個要素
有人可以推薦一下類似的作品嗎?
當然不一定要三角戀 更多也行 只是想看這種描述男女主如何在戀愛中痛苦掙扎的小說
有糖更好 因為之後胃會更痛",a1b7a32e-72ce-5d48-91ee-814815e0ea08,愛人錯過,douyueling,12.9,連載,"NTR, 戀愛, 青梅竹馬, 復仇, 歡樂向, 校園, 青春日常, 華文輕小說",我從來不知道她臉上還會有那樣的表情。【凡】是我的青梅竹馬，我們從小一起長大，還成為了戀人，同時我們還有一個共同的朋友【京】。我們三個人總是在一起行動。但在毫無預兆的時候，凡卻說喜歡上了京。那時她臉上洋溢著我從來沒見過的熱情表情。我被正式提出分手，這並不是出軌，只是她變心了。不，或許她從來都沒有愛上過我吧？我只是在她找到真愛前的過渡罷了。「我們並沒有在對的時間相遇呢。」她很成熟，總是站在教導我的立場，就算是在甩了我的時候，也沒有一絲慌亂，而是好整以暇地告知我理由，而被打上不合格烙印的我，卻不能就此甘心。我想要報復她，那個我從小到大都沒有贏過的她。這不是愛，只是執念罷了。,3,使用者明確表示喜歡三角戀以及在戀愛中痛苦掙扎（胃痛）的情節。推薦書籍《愛人錯過》涉及青梅竹馬變心、三人之間的情感糾葛以及主角心碎後的執念與報復心，完美契合使用者對「三角關係」與「情感痛苦」的核心需求。
q21,"最近剛看完三角距離無限為零
雖然胃在痛不過還是很喜歡三角戀這個要素
有人可以推薦一下類似的作品嗎?
當然不一定要三角戀 更多也行 只是想看這種描述男女主如何在戀愛中痛苦掙扎的小說
有糖更好 因為之後胃會更痛",faf617e1-1f4d-5794-97ea-9411185294e5,對我失去興趣的前女友和身為青梅竹馬的現女友，不知為何正在上演修羅場,急川回レ,15.3,完結,"校園, 青春, 戀愛, 歡樂向, 後宮, 角川文庫, 日本輕小說",學校第一冷漠系美女·夏川雫，她的戀愛偏差值是小學生水平？學校第一才女·夏川雫對她用來避開男人的偽裝戀人的小森翔太動了真情——「我們的關係就就此結束吧（譯：讓我們成為真正的戀人吧）！」和戀愛偏差值過低的夏川同學展開的空轉戀愛喜劇！,1,使用者明確尋求像《三角距離無限為零》那樣具有「痛苦掙扎」與「胃痛感」的情感作品。雖然推薦書籍包含多角關係（修羅場），但其標籤為「歡樂向」且定位為「戀愛喜劇」，在情感基調上與使用者要求的沉重、掙扎完全相反，僅在「多角關係」這一點上有表面重疊。
q21,"最近剛看完三角距離無限為零
雖然胃在痛不過還是很喜歡三角戀這個要素
有人可以推薦一下類似的作品嗎?
當然不一定要三角戀 更多也行 只是想看這種描述男女主如何在戀愛中痛苦掙扎的小說
有糖更好 因為之後胃會更痛",6ccd2b9a-9429-5373-8b36-c2a154d6bf0d,這個△戀愛喜劇有獲得幸福的義務,榛名千紘,33.0,連載,"校園, 青春, 戀愛, 歡樂向, 後宮, 電擊文庫, 日本輕小說",「為什麼你會被麗良喜歡上啊！？」平凡的高中生·矢代天馬偶然得知同班的冷酷系美少女·皇凜華十分溺愛身為她兒時玩伴的清純系美少女·椿木麗良。之後天馬開始幫助凜華讓她和麗良的關係更加親密——「既然矢代君沒有在和凜華交往，那我能不能當你的女友候補呢？」「矢代，你做了什麼！？」然而麗良喜歡上了天馬，他和校內的兩位美少女發展成了三角關係！錯綜複雜的這段戀情究竟會如何……！？電擊小說大獎「金獎」獲獎作！戀愛喜劇史上最幸福的三角關係開始了！,1,用戶明確尋找的是像《三角距離無限為零》那樣充滿痛苦掙扎、令人「胃痛」的虐心作品。雖然推薦書籍具備「三角戀」元素，但其定位是「戀愛喜劇」且強調是「最幸福的三角關係」，與用戶追求的痛苦、掙扎之氛圍完全相反，僅在設定上有表面關聯。
q21,"最近剛看完三角距離無限為零
雖然胃在痛不過還是很喜歡三角戀這個要素
有人可以推薦一下類似的作品嗎?
當然不一定要三角戀 更多也行 只是想看這種描述男女主如何在戀愛中痛苦掙扎的小說
有糖更好 因為之後胃會更痛",17ef916b-a250-5d6d-a36a-fe2f7a0983b1,CHOICE,y☆yy,1.4,連載,"戀愛, 青春, 歡樂向, 青春日常, 華文輕小說",「請別那麼優柔寡斷!」她對我說。「我也知道我比較年長，不應該那麼幼稚，應該退一步才是。」說喜劇不是說是胃痛也不是，但總之，滿歡樂的吧!,1,用戶明確尋找的是「胃痛」、「痛苦掙扎」的戀愛故事，而推薦書籍的標籤為「歡樂向」，且簡介中明確提到「說喜劇不是說是胃痛也不是」以及「滿歡樂的吧」，這與用戶核心追求的虐心感相反。雖然同屬戀愛題材，但情感調性不符。
q21,"最近剛看完三角距離無限為零
雖然胃在痛不過還是很喜歡三角戀這個要素
有人可以推薦一下類似的作品嗎?
當然不一定要三角戀 更多也行 只是想看這種描述男女主如何在戀愛中痛苦掙扎的小說
有糖更好 因為之後胃會更痛",a4884190-0809-5afc-8a74-103db5a04bb0,你又是誰的外遇,咖啡！好了沒,12.6,連載,"校園, 青春, 戀愛, 歡樂向, 青春日常, 華文輕小說",世界上最幸福的事情是追到了自己喜歡的女孩。但是，明明應該是最幸福的人，可我卻背叛了自己的幸福。因為這段戀愛是委屈的，妥協的。曾經的初戀重新填滿了我受盡委屈的生活，接納了我的一切。我漸漸沉溺於當初那份遲來的愛，卻又對委屈、毫無意義的現在產生不舍。但是，回過頭，兩段感情已然坦蕩地擺在眼前。過去與現在，是時候該作出抉擇了。,3,使用者尋找關於三角戀以及在戀愛中痛苦掙扎的作品。推薦的作品描述了主角在現任與初戀之間掙扎、背叛以及抉擇的過程，完全符合「三角戀」與「戀愛中的痛苦掙扎」這兩個核心需求。
q21,"最近剛看完三角距離無限為零
雖然胃在痛不過還是很喜歡三角戀這個要素
有人可以推薦一下類似的作品嗎?
當然不一定要三角戀 更多也行 只是想看這種描述男女主如何在戀愛中痛苦掙扎的小說
有糖更好 因為之後胃會更痛",17f3911a-8b97-5a28-bc63-386b182a04d4,曾經對我造成過精神創傷的女性們又開始關注我，但可惜的是為時已晚【Web版】,御堂ユラギ,40.3,連載,"校園, 青春, 戀愛, 後宮, 歡樂向, 青梅竹馬, syosetu, Web輕小說",在這個戀愛喜劇之中，一切的一切都已經太晚了。我，九重雪兔，一直以來女人緣都很差。從很久以前開始我就不斷地被捲入各種麻煩事中，跟老媽的關係生疏了，被老姐給討厭了，自以為跟青梅竹馬是兩情相悅的關係卻在向她告白前被甩掉了，最後為此而傷心的我還落得了個被人用假告白開涮的下場。於是我的感情徹底崩壞，一切都為時已晚了——「是我的錯……這一切都是因為我——」「我很抱歉阿雪！那個其實不是你想的那樣——」可不知為何，那些曾經對我造成過精神創傷的女性們又開始關注起我來了……這是一部因為渾身傷痕纍纍而無法接受他人善意的少年，與那些傷害了他的女性們之間所發生的，從為時已晚開始卻完全無法展開的誤會繫戀愛喜劇！,1,使用者尋找的是具有強烈情感衝突、戀愛掙扎且帶有「胃痛感」的深沉作品。推薦的作品雖然標題提到「精神創傷」，但其標籤為「歡樂向」與「戀愛喜劇」，且屬於典型的後宮誤會系設定，整體基調與使用者追求的痛苦掙扎與情感虐心相去甚遠，僅在「情感受傷」這一點上有淺層的關聯。
q21,"最近剛看完三角距離無限為零
雖然胃在痛不過還是很喜歡三角戀這個要素
有人可以推薦一下類似的作品嗎?
當然不一定要三角戀 更多也行 只是想看這種描述男女主如何在戀愛中痛苦掙扎的小說
有糖更好 因為之後胃會更痛",e74e635b-b46c-51c7-9ba1-9fbc405a6385,被青梅竹馬的她背叛了。,理亞,3.4,完結,"NTR, 戀愛, 青梅竹馬, 歡樂向, 校園, kakuyomu, Web輕小說",我和從小一起長大的青梅竹馬——水谷真帆表白了！她竟然同意了！本以為戀愛喜劇終於要開始的時候，真帆卻不對勁了起來，似乎和欺騙她的前男友——村上拓哉有所來往，這到底是怎麼一回事呢?男主 中谷和馬女角色1 水谷真帆女角色2 黒崎繪里,3,用戶明確表示喜歡「三角戀」以及在戀愛中「痛苦掙扎（胃痛）」的情節。推薦的書籍包含三角關係（男主、青梅竹馬、前男友）以及背叛與 NTR 元素，這能提供強烈的情緒衝突與「胃痛」感，非常符合用戶的核心需求。
q21,"最近剛看完三角距離無限為零
雖然胃在痛不過還是很喜歡三角戀這個要素
有人可以推薦一下類似的作品嗎?
當然不一定要三角戀 更多也行 只是想看這種描述男女主如何在戀愛中痛苦掙扎的小說
有糖更好 因為之後胃會更痛",9f5a2fac-16a8-5430-9c6f-ad81cdfbf960,被摯友NTR的我，開始和他的妹妹打情罵俏,ヨルノソラ,5.4,連載,"校園, 戀愛, 歡樂向, kakuyomu, Web輕小說",我們已經約會三個星期了。儘管如此，我還是被騙了。而且，出軌對像是我最好的朋友。當我鼓起勇氣想吻他時，她會說「現在還太早」之類的話，但她似乎吻得很正常……被一個我一直喜歡的女孩背叛後，我非常傷心，她是我兒時的朋友，也是我最好的朋友。那時，出現的是我最好朋友的妹妹。她抓住我鬱悶的手說：「我來做你學長的出軌夥伴，讓他們嘗嘗被打倒的痛苦。」於是，我的復仇開始了！然而，隨著他與她相處的時間增加，他對兒時好友的感情逐漸消退。我打算停止報復，和她出去玩得開心。我兒時的朋友和以前最好的朋友曾多次試圖聯繫我。憂鬱人際關係。快到無修的地步了……沒過多久，我們就互相表露了真情，我們的關係也變得和以前完全不一樣了。（機翻簡介）,2,使用者尋找的是像《三角距離無限為零》那樣，描述戀愛中痛苦掙扎、情感糾葛深且帶有虐心要素的作品。推薦書籍雖然包含背叛、NTR以及複雜的人際關係（符合「男女主在戀愛中痛苦」的部分需求），但標籤標註為「歡樂向」，且劇情走向偏向透過新戀情進行復仇與治癒，而非深挖在三角關係中的精神折磨與掙扎，在情感基調上與使用者的核心需求（胃痛、痛苦掙扎）有一定的落差，因此給予 2 分。
q22,"就是不後宮不NTR純純的戀愛作品 虐也行 比較希望校園類 其他類型也可以介紹看看 最近看一堆異世界後宮戰鬥有點膩了......
還有兄妹的作品 滿喜歡兄妹類型的 隨便丟一張圖",35768bee-86c3-5270-8dcc-03548a80dc06,才不要這樣的青春戀愛喜劇！,greatban,7.9,連載,"校園, 青春, 戀愛, 青春日常, 華文輕小說",高中生星沫，因為父親再婚意外多了一個同齡的妹妹——佐藤雪靜， 顯而易見她是個日本人。莫非是戀愛喜劇展開？才怪！是國際糾紛才對！不僅時時刻刻被覺得自己是個偷窺狂，眼神有時候也冷的像冰一樣。對不起我可不是妹控，可不會慣著你。「へんたい。」雪靜冰冷著臉，對我這麼說。「死平板。」我咬著牙對她狠狠地說。「洗澡的時候不準出來。」「好好好，誰想看你洗澡的樣子啊？」「你是不是沒有什麼，朋友？」「吵死了，我這是謹慎交友好不好！」你可記住了，是不想傷繼母佐藤小姐的心才跟你表面和諧的，絕對不是我低頭了！先空間接近，再在心理上接近的兩人的成長日常。,3,該作品完全符合用戶的需求：屬於校園戀愛類，且明確設定為兄妹（繼兄妹）關係，且從簡介看並無後宮或NTR傾向，正好滿足用戶想避開異世界後宮戰鬥且偏好兄妹設定的要求。
q22,"就是不後宮不NTR純純的戀愛作品 虐也行 比較希望校園類 其他類型也可以介紹看看 最近看一堆異世界後宮戰鬥有點膩了......
還有兄妹的作品 滿喜歡兄妹類型的 隨便丟一張圖",25a92a69-058d-55d5-976e-fa7471340be5,生活跌到谷底之後 一切喧囂都是希望,墨白shelter,10.2,連載,"戀愛, 校園, 妹妹, 青春日常, 華文輕小說",血液沾浸透衣裳，雨水拍打在臉龐。看著眼前失去雙腿的父親，我意識到未來失去了希望。只是想起還未成年的妹妹。聽著耳旁傳過的喧囂，我迷茫一笑，絕望的尋找光芒。,3,推薦書籍完全符合使用者的核心需求：包含「校園」、「兄妹」與「戀愛」元素，且劇情基調偏向虐心（父親失去雙腿、絕望感），且沒有後宮或異世界戰鬥的成分，是非常精準的推薦。
q23,"最近不知道要看什麼，想請大家推薦一些好看的作品

裝逼開掛類的
黑暗懸疑的
或是一些風格冷門的都還算喜歡
只有一個大前提，不要後宮，不要賣肉（好像變2個大前提了？
不喜歡那種明明男主沒幹什麼但每個女角都喜歡他，非得要的話2個是極限，而且劇情希望能別注重在他們愛來愛去互刷好感度卻又不決定人選的地方，如果是冒險類作品增加同伴的時候，可以的話別清一色都女的偶而也增加點男性同伴也好（都女的最後8成都變後宮
再來不要硬賣一些福利，例如某漫畫的黎斗摔，或者是洗澡時剛好開門，或者是組個樂團為了討老師歡心換了泳裝演奏……這種的不太能接受

喜歡偏向下剋上（不管是強者因未知原因被分到弱組還是靠努力爬上來把上位者打趴的都喜歡）
描寫內心戲多的（黑掉壞掉，或是溫馨感動的都喜歡）
不好意思這麼麻煩…因為總感覺現在大眾向的作品，開掛後宮福利都會有，希望能找到一些後宮福利少點的",504316da-ac33-5e15-a8a6-465f3437a2b6,通向幕後黑手的最優解,藤木わしろ,9.8,連載,"奇幻, 戰鬥, 異能, 鬥智, 異世界, HJ文庫, 日本輕小說",利用未來知識推演最優解，少年終將成為最強的幕後黑手！！青年卡爾茨，向沒落公爵家家主阿爾特西婭宣誓絕對忠誠。在他得知阿爾特西婭的死實為暗中操控世界的六大公爵家所為後，歷經十年歲月，回到了過去。就這樣，卡爾茨回到了十歲，成為了孤兒。他以未來的知識為武器，招攬那些本該命喪黃泉的優秀人才作為夥伴。他為了拯救阿爾特西婭，決定成為凌駕於六大公爵家之上的真正幕後黑手，在暗中布局！「這就是——為了殺死你而構建的最優解。」為了摯愛之人，而改寫世界法則的暗中無雙奇幻譚！！,3,這本書高度符合用戶的需求：1. 「開掛」：主角擁有未來知識且追求成為最強幕後黑手；2. 「下剋上」：孤兒出身，目標是推翻權勢顯赫的六大公爵家；3. 「黑暗/鬥智」：強調佈局與最優解的推演，符合用戶對風格的要求。此外，簡介中提到「為了摯愛之人」，顯示其情感線傾向於單一目標而非後宮，避開了用戶最反感的後宮與賣肉元素。
q23,"最近不知道要看什麼，想請大家推薦一些好看的作品

裝逼開掛類的
黑暗懸疑的
或是一些風格冷門的都還算喜歡
只有一個大前提，不要後宮，不要賣肉（好像變2個大前提了？
不喜歡那種明明男主沒幹什麼但每個女角都喜歡他，非得要的話2個是極限，而且劇情希望能別注重在他們愛來愛去互刷好感度卻又不決定人選的地方，如果是冒險類作品增加同伴的時候，可以的話別清一色都女的偶而也增加點男性同伴也好（都女的最後8成都變後宮
再來不要硬賣一些福利，例如某漫畫的黎斗摔，或者是洗澡時剛好開門，或者是組個樂團為了討老師歡心換了泳裝演奏……這種的不太能接受

喜歡偏向下剋上（不管是強者因未知原因被分到弱組還是靠努力爬上來把上位者打趴的都喜歡）
描寫內心戲多的（黑掉壞掉，或是溫馨感動的都喜歡）
不好意思這麼麻煩…因為總感覺現在大眾向的作品，開掛後宮福利都會有，希望能找到一些後宮福利少點的",ec4b2dfd-eebd-5fbc-96c2-165373b0864e,暗祓,辻村深月,15.7,連載,"校園, 黑暗, 懸疑, 驚悚, 角川文庫, 日本輕小說",★直木賞得獎作者辻村深月首部本格恐怖推理長篇！★最近你總是為了小事而生氣或傷心嗎？那或許是暗袚的影響也說不定……然而您的身邊也必然存在著「黑暗騷擾」，請務必小心……我來驅邪除煞了。我不會讓你殺死這家人。「我們班的轉學生怪怪的……」轉學生白石要無法融入班上，班長澪善意幫助他，然而要卻對她做出詭異萬分的言行。像是突然問她：「我可以去妳家嗎？」或是在她家附近出沒……要不斷地做出脫序行為，讓澪恐懼萬分，向心儀的學長神原求助，沒想到——近在身邊的無名惡意不斷地增殖，鋪天蓋地而來。讓人不忍釋卷的娛樂大作！最終章，你所感受到的恐懼將會翻,3,該書完全符合使用者要求的「黑暗懸疑」風格，且作為本格恐怖推理小說，能滿足使用者對內心戲與氛圍感的追求。最重要的是，該作完全避開了使用者極其厭惡的後宮、賣肉及低俗福利情節，符合其希望避開大眾向「開掛+後宮」套路的需求。
q23,"最近不知道要看什麼，想請大家推薦一些好看的作品

裝逼開掛類的
黑暗懸疑的
或是一些風格冷門的都還算喜歡
只有一個大前提，不要後宮，不要賣肉（好像變2個大前提了？
不喜歡那種明明男主沒幹什麼但每個女角都喜歡他，非得要的話2個是極限，而且劇情希望能別注重在他們愛來愛去互刷好感度卻又不決定人選的地方，如果是冒險類作品增加同伴的時候，可以的話別清一色都女的偶而也增加點男性同伴也好（都女的最後8成都變後宮
再來不要硬賣一些福利，例如某漫畫的黎斗摔，或者是洗澡時剛好開門，或者是組個樂團為了討老師歡心換了泳裝演奏……這種的不太能接受

喜歡偏向下剋上（不管是強者因未知原因被分到弱組還是靠努力爬上來把上位者打趴的都喜歡）
描寫內心戲多的（黑掉壞掉，或是溫馨感動的都喜歡）
不好意思這麼麻煩…因為總感覺現在大眾向的作品，開掛後宮福利都會有，希望能找到一些後宮福利少點的",333e3529-64e0-5379-8d13-9b1ea27bc5f9,貪婪之羊,美輪和音,12.4,連載,"黑暗, 犯罪, 驚悚, 懸疑, 其他文庫, 日本輕小說",「這世上沒有真正無辜的人，只是，你扮演得好披著羊皮的狼嗎？」掐著我脖子的手、絆阻我逃走的腳，全是你嗎……你，是無辜的代罪羔羊？還是，披著羊皮的狼？到處都有飢餓的羊，頂著普通人的臉，普通地談笑，自然融入街頭。嫉妒、愛情、仇恨、金錢，無一不是美食佳肴，他們卻永遠不飽足。空蕩蕩的胸口與胃袋需要不停投喂，哪怕犯下不可饒恕的罪……,3,該作品的標籤（黑暗、犯罪、驚悚、懸疑）與用戶明確要求的「黑暗懸疑」完全契合。從簡介來看，本作著重於人性剖析與心理博弈，符合用戶對「內心戲多」的偏好，且作為犯罪懸疑類作品，極大概率沒有用戶極力排斥的後宮、賣肉或無腦好感度刷屏等情節，是一個非常精準的推薦。
q24,"要求有點難找
希望推薦""戰爭+戀愛""要素的輕小說,不是戰""鬥""是戰""爭""
要完結了的,GOOD ENDING最好",5dd8a5af-5ad8-59ad-b4fe-15d538eb4c54,小魔女與飛天狐,南井大介,14.5,完結,"戰爭, 戀愛, 大小姐, 電擊文庫, 日本輕小說","里比脫利亞空軍的皇牌機師--克勞斯在某天突然被任命為""解決內戰的重要王牌""那種程度的重要人物的助手。然而,等著他的卻是年僅16歲的少女阿娜莉莎。聽聞她是名門拉姆斯堤家的大小姐，在國家最高學府以11歲的年齡畢業的天才。「戰爭之類的馬上就能把它終結」這樣放肆地誇下海口的」小魔女」所帶來的各種麻煩下，克勞斯能平安地勝任那大小姐的騎士這職位嗎？而且阿娜莉莎真的能使戰爭終結嗎？這是由""麻煩魔女""與""牢騷之狐""所交織而成的現代童話。",3,該小說明確包含「戰爭」（內戰、空軍機師）與「戀愛」要素，完全符合使用者對於「戰爭而非單純戰鬥」的核心需求。
q24,"要求有點難找
希望推薦""戰爭+戀愛""要素的輕小說,不是戰""鬥""是戰""爭""
要完結了的,GOOD ENDING最好",71f5fa8e-1551-527c-877d-b0c6680158db,約定之柱，落日的女王,いわなぎ一葉,12.3,完結,"戰爭, 戀愛, 富士見文庫, 日本輕小說",「不要把這當成是對我的背叛」即便知道了一切，庫莉姆還是微笑著，抱住了卡爾洛。「我不會要求你留下來」鄰國的威脅迫近，而家臣們又一味地只為私慾所動。在身處危機感中卻又無可奈何，受到孤立的修拉托斯年輕女王庫莉姆艾菈面前，出現了一名戰士。名為卡爾洛的那名男子，展露了他在政治，軍事上的成熟手腕。並且在短時間內，成為了庫莉姆心中十分重要的存在。……但是，他有一個秘密……而且由於這個原因，兩人無法走在同一條道路上。即便如此，庫莉姆和卡爾洛仍然起誓——「無論何時，都要一起活下去」。為了守住約定，兩人和「命運」開始了戰鬥。第16回Fantasia長篇小說大賞准入選受賞的純愛故事。一場邂逅超越時間，將世界改變——,3,本書精確符合使用者要求的「戰爭+戀愛」要素，且劇情中明確提到政治、軍事手腕以及鄰國威脅，屬於宏觀的戰爭背景而非單純的戰鬥，高度契合使用者核心需求。
q24,"要求有點難找
希望推薦""戰爭+戀愛""要素的輕小說,不是戰""鬥""是戰""爭""
要完結了的,GOOD ENDING最好",e87464cf-c1f4-5e2a-81ae-7a707af1a908,德爾菲尼亞戰記,茅田砂胡,286.5,完結,"奇幻, 冒險, 戰爭, 戀愛, 性轉, 轉生, 異世界, 其他文庫, 日本輕小說",被刺客追襲的飄泊戰士渥爾，與從異世界而來的迷途少女莉，兩個孤獨的戰士在刀鋒之中偶然相遇了。德爾菲尼亞王國的未來。與阿貝爾德倫大陸的命運因此而有劇烈的改變！被後世稱為「獅子王」與「姬將軍」的兩人冒險故事從此展開……,3,該書明確包含「戰爭」與「戀愛」兩大要素，且從標題與簡介來看，其核心內容涉及國家命運與大規模軍事行動（而非單純的個人戰鬥），完全符合用戶對「戰爭」而非「戰鬥」的核心需求。
q24,"要求有點難找
希望推薦""戰爭+戀愛""要素的輕小說,不是戰""鬥""是戰""爭""
要完結了的,GOOD ENDING最好",ac50e949-d80a-54a0-a3f0-7ba455432589,烙印紋章,杉原智則,156.3,完結,"奇幻, 戰爭, 冒險, 戀愛, 電擊文庫, 日本輕小說",這是一個曾被擁有高度智慧的龍所支配，利用魔素支撐著文明的世界。十年內，不斷進行著戰爭的梅菲烏斯和加貝拉想要通過王族間的政治聯姻，為長久的戰爭畫上休止符。幼年時代，因戰爭而背井離鄉的劍鬥士歐魯巴，由於容貌長得和梅菲烏斯皇子如同孿生，而被人與傳聞中的愚蠢王子掉包，代替其進行婚禮。另一方面，好勝的加貝拉公主碧莉娜決心籠絡皇子，以達到為本國謀求利益的目的。在這樣兩人的婚禮途中，突然有人對他們展開了襲擊——！？兩人的內心與和平的未來究竟會如何發展？杉原智則奉上的幻想故事登場！,3,本書明確包含「戰爭」與「戀愛」兩大要素，且劇情設定在兩國長年戰爭的背景下，透過政治聯姻嘗試結束戰爭，完全符合使用者要求的「戰爭而非單純戰鬥」的核心意圖。
q24,"要求有點難找
希望推薦""戰爭+戀愛""要素的輕小說,不是戰""鬥""是戰""爭""
要完結了的,GOOD ENDING最好",89d172e8-6881-53a9-907c-2ac2faaf3b1e,戰略據點32098 樂園,長谷敏司,6.1,完結,"科幻, 機戰, 戀愛, 角川文庫, 日本輕小說",蔚藍、深邃而廣闊的天空中，閃耀著潔白的雲朵。波浪般起伏的綠色草原。大地上矗立著無數廢棄的宇宙戰艦。在持續千年的星際戰爭之中，主角瓦羅亞孤身一人降落到敵軍拚死守護的神秘星球上。在那裡，他遇見了敵方的機器人士兵加達爾巴和一名名叫瑪利亞的少女。不知何時，他厭倦了調查任務，逐漸習慣了與二人共度的牧歌式生活。就在此時，他察覺到了這個星球與少女身上所隱藏的驚人真相！新銳作家筆下動人肺腑的科幻浪漫故事。榮獲第6屆SNEAKER大獎金獎。,3,本書設定在持續千年的星際戰爭背景下，且明確包含戀愛元素，符合使用者要求的「戰爭+戀愛」且非單純戰鬥的核心需求。
q24,"要求有點難找
希望推薦""戰爭+戀愛""要素的輕小說,不是戰""鬥""是戰""爭""
要完結了的,GOOD ENDING最好",3f213c08-3aed-5a9a-87aa-34630f35fe8d,狙擊冰風 雪妖精與白色死神,柳內たくみ,18.0,完結,"戰爭, 女性視角, 其他文庫, 日本輕小說",1939年，紐沃斯聯邦（維納亞軍）對小國斯歐密共和國發動了以侵佔領土為目標的侵略戰爭。為了守護祖國免遭維納亞軍蹂躪，美少女柯露卡憑著自豪的射擊技術為武器，女扮男裝入伍。被分配到尤帝萊寧連長麾下的她，在那裡遇見了別名「白色死神」的席摩‧海赫。企畫出大膽突擊作戰的尤帝萊寧、以高超狙擊術獵殺維納亞大軍的海赫。大放厥詞的柯露卡也憑著驚人的天分和天生的好勝心急速成長為天才射手。在海赫和柯露卡前方等著他們的，是維納亞最兇惡的女狙擊手，娜塔利亞和米夏！以史實中的侵略戰爭（冬季戰爭）為舞台，超魄力天才美少女狙擊小說，誕生！,2,該書完全符合使用者對「戰爭（而非單純戰鬥）」的特定要求，背景設定於史實中的冬季戰爭，具有強烈的軍事與戰爭色彩。雖然簡介中將重點放在狙擊對決與成長，未明確強調「戀愛」主線，但其角色設定（美少女與傳奇狙擊手）符合該類輕小說的傾向。整體而言，戰爭要素滿分，戀愛要素在簡介中較不顯著，因此給予 2 分。
q24,"要求有點難找
希望推薦""戰爭+戀愛""要素的輕小說,不是戰""鬥""是戰""爭""
要完結了的,GOOD ENDING最好",4be2e940-46d0-58e0-8e0d-30bb2c4bae57,雨港基隆（小說）,東方紅＆因幡鴉,39.6,完結,"青春, 戀愛, 青春日常, 華文輕小說",我們的歷史，是他們的愛戀──接手茶坊生意的茶商女兒張曉瑜，在種種因緣際會裡，重逢了幼時曾互有約定的青年，李肇維。留學日本，卻因為戰爭沒能成為醫生的他。以及代替身體欠佳的父親，撐起整個茶坊生計的她。,2,本書包含戀愛要素，且劇情明確提到角色因戰爭而改變人生，符合用戶要求的「戰爭」而非單純「戰鬥」的設定。然而，從標籤（青春日常）來看，戰爭更像是故事的背景設定而非核心的戰爭劇情的推動，與典型的「戰爭小說」有所距離，因此評分為 2 分。
