query_id,query,term,is_exact,mapped_tag,raw_score,scaled_score
q3,"可以幫忙推薦幾部跟這部風格類似的輕小說
這部吸引我的地方有幾個:
1.男女主角純愛堅定不移
2.各種甜蜜的打情罵俏劇情
3.異世界轉生戰鬥、魔法
4.中間雖然各種虐，但最後還是排除萬難再一起",轉生,True,轉生,1.0,1.0
q3,"可以幫忙推薦幾部跟這部風格類似的輕小說
這部吸引我的地方有幾個:
1.男女主角純愛堅定不移
2.各種甜蜜的打情罵俏劇情
3.異世界轉生戰鬥、魔法
4.中間雖然各種虐，但最後還是排除萬難再一起",異世界,True,異世界,1.0,1.0
q3,"可以幫忙推薦幾部跟這部風格類似的輕小說
這部吸引我的地方有幾個:
1.男女主角純愛堅定不移
2.各種甜蜜的打情罵俏劇情
3.異世界轉生戰鬥、魔法
4.中間雖然各種虐，但最後還是排除萬難再一起",魔法,True,魔法,1.0,1.0
q3,"可以幫忙推薦幾部跟這部風格類似的輕小說
這部吸引我的地方有幾個:
1.男女主角純愛堅定不移
2.各種甜蜜的打情罵俏劇情
3.異世界轉生戰鬥、魔法
4.中間雖然各種虐，但最後還是排除萬難再一起",戰鬥,True,戰鬥,1.0,1.0
q3,"可以幫忙推薦幾部跟這部風格類似的輕小說
這部吸引我的地方有幾個:
1.男女主角純愛堅定不移
2.各種甜蜜的打情罵俏劇情
3.異世界轉生戰鬥、魔法
4.中間雖然各種虐，但最後還是排除萬難再一起",純愛,False,大逃殺,0.6064393829223129,0.24257575316892518
q3,"可以幫忙推薦幾部跟這部風格類似的輕小說
這部吸引我的地方有幾個:
1.男女主角純愛堅定不移
2.各種甜蜜的打情罵俏劇情
3.異世界轉生戰鬥、魔法
4.中間雖然各種虐，但最後還是排除萬難再一起",純愛,False,戀愛,0.7198364840229579,0.28793459360918316
q3,"可以幫忙推薦幾部跟這部風格類似的輕小說
這部吸引我的地方有幾個:
1.男女主角純愛堅定不移
2.各種甜蜜的打情罵俏劇情
3.異世界轉生戰鬥、魔法
4.中間雖然各種虐，但最後還是排除萬難再一起",純愛,False,犯罪,0.6132921610539273,0.2453168644215709
q3,"可以幫忙推薦幾部跟這部風格類似的輕小說
這部吸引我的地方有幾個:
1.男女主角純愛堅定不移
2.各種甜蜜的打情罵俏劇情
3.異世界轉生戰鬥、魔法
4.中間雖然各種虐，但最後還是排除萬難再一起",純愛,False,鬥智,0.6100345587580756,0.24401382350323023
q3,"可以幫忙推薦幾部跟這部風格類似的輕小說
這部吸引我的地方有幾個:
1.男女主角純愛堅定不移
2.各種甜蜜的打情罵俏劇情
3.異世界轉生戰鬥、魔法
4.中間雖然各種虐，但最後還是排除萬難再一起",純愛,False,百合,0.6795306894655924,0.27181227578623696
q3,"可以幫忙推薦幾部跟這部風格類似的輕小說
這部吸引我的地方有幾個:
1.男女主角純愛堅定不移
2.各種甜蜜的打情罵俏劇情
3.異世界轉生戰鬥、魔法
4.中間雖然各種虐，但最後還是排除萬難再一起",純愛,False,轉生,0.6286997820121658,0.2514799128048663
q3,"可以幫忙推薦幾部跟這部風格類似的輕小說
這部吸引我的地方有幾個:
1.男女主角純愛堅定不移
2.各種甜蜜的打情罵俏劇情
3.異世界轉生戰鬥、魔法
4.中間雖然各種虐，但最後還是排除萬難再一起",純愛,False,治癒,0.6686467672838211,0.26745870691352847
q3,"可以幫忙推薦幾部跟這部風格類似的輕小說
這部吸引我的地方有幾個:
1.男女主角純愛堅定不移
2.各種甜蜜的打情罵俏劇情
3.異世界轉生戰鬥、魔法
4.中間雖然各種虐，但最後還是排除萬難再一起",純愛,False,青梅竹馬,0.664517148577245,0.265806859430898
q3,"可以幫忙推薦幾部跟這部風格類似的輕小說
這部吸引我的地方有幾個:
1.男女主角純愛堅定不移
2.各種甜蜜的打情罵俏劇情
3.異世界轉生戰鬥、魔法
4.中間雖然各種虐，但最後還是排除萬難再一起",純愛,False,女性視角,0.6469020867088806,0.25876083468355227
q3,"可以幫忙推薦幾部跟這部風格類似的輕小說
這部吸引我的地方有幾個:
1.男女主角純愛堅定不移
2.各種甜蜜的打情罵俏劇情
3.異世界轉生戰鬥、魔法
4.中間雖然各種虐，但最後還是排除萬難再一起",純愛,False,性轉,0.6319189329180516,0.25276757316722065
q3,"可以幫忙推薦幾部跟這部風格類似的輕小說
這部吸引我的地方有幾個:
1.男女主角純愛堅定不移
2.各種甜蜜的打情罵俏劇情
3.異世界轉生戰鬥、魔法
4.中間雖然各種虐，但最後還是排除萬難再一起",純愛,False,溫馨,0.6817775845331397,0.2727110338132559
q3,"可以幫忙推薦幾部跟這部風格類似的輕小說
這部吸引我的地方有幾個:
1.男女主角純愛堅定不移
2.各種甜蜜的打情罵俏劇情
3.異世界轉生戰鬥、魔法
4.中間雖然各種虐，但最後還是排除萬難再一起",純愛,False,經營,0.6256734105351451,0.25026936421405804
q3,"可以幫忙推薦幾部跟這部風格類似的輕小說
這部吸引我的地方有幾個:
1.男女主角純愛堅定不移
2.各種甜蜜的打情罵俏劇情
3.異世界轉生戰鬥、魔法
4.中間雖然各種虐，但最後還是排除萬難再一起",純愛,False,獵奇,0.638315993673536,0.2553263974694144
q3,"可以幫忙推薦幾部跟這部風格類似的輕小說
這部吸引我的地方有幾個:
1.男女主角純愛堅定不移
2.各種甜蜜的打情罵俏劇情
3.異世界轉生戰鬥、魔法
4.中間雖然各種虐，但最後還是排除萬難再一起",純愛,False,黑暗,0.6180431581615982,0.24721726326463928
q3,"可以幫忙推薦幾部跟這部風格類似的輕小說
這部吸引我的地方有幾個:
1.男女主角純愛堅定不移
2.各種甜蜜的打情罵俏劇情
3.異世界轉生戰鬥、魔法
4.中間雖然各種虐，但最後還是排除萬難再一起",純愛,False,遊戲,0.6069686593564847,0.24278746374259388
q3,"可以幫忙推薦幾部跟這部風格類似的輕小說
這部吸引我的地方有幾個:
1.男女主角純愛堅定不移
2.各種甜蜜的打情罵俏劇情
3.異世界轉生戰鬥、魔法
4.中間雖然各種虐，但最後還是排除萬難再一起",純愛,False,青春,0.6539215798654657,0.2615686319461863
q3,"可以幫忙推薦幾部跟這部風格類似的輕小說
這部吸引我的地方有幾個:
1.男女主角純愛堅定不移
2.各種甜蜜的打情罵俏劇情
3.異世界轉生戰鬥、魔法
4.中間雖然各種虐，但最後還是排除萬難再一起",純愛,False,群像,0.6372719862772324,0.25490879451089293
q3,"可以幫忙推薦幾部跟這部風格類似的輕小說
這部吸引我的地方有幾個:
1.男女主角純愛堅定不移
2.各種甜蜜的打情罵俏劇情
3.異世界轉生戰鬥、魔法
4.中間雖然各種虐，但最後還是排除萬難再一起",純愛,False,歡樂向,0.6779921855961183,0.27119687423844735
q3,"可以幫忙推薦幾部跟這部風格類似的輕小說
這部吸引我的地方有幾個:
1.男女主角純愛堅定不移
2.各種甜蜜的打情罵俏劇情
3.異世界轉生戰鬥、魔法
4.中間雖然各種虐，但最後還是排除萬難再一起",純愛,False,旅行,0.6178123346361319,0.24712493385445278
q3,"可以幫忙推薦幾部跟這部風格類似的輕小說
這部吸引我的地方有幾個:
1.男女主角純愛堅定不移
2.各種甜蜜的打情罵俏劇情
3.異世界轉生戰鬥、魔法
4.中間雖然各種虐，但最後還是排除萬難再一起",純愛,False,惡役,0.6191746872509234,0.24766987490036937
q3,"可以幫忙推薦幾部跟這部風格類似的輕小說
這部吸引我的地方有幾個:
1.男女主角純愛堅定不移
2.各種甜蜜的打情罵俏劇情
3.異世界轉生戰鬥、魔法
4.中間雖然各種虐，但最後還是排除萬難再一起",純愛,False,蘿莉,0.6572099573494607,0.2628839829397843
q3,"可以幫忙推薦幾部跟這部風格類似的輕小說
這部吸引我的地方有幾個:
1.男女主角純愛堅定不移
2.各種甜蜜的打情罵俏劇情
3.異世界轉生戰鬥、魔法
4.中間雖然各種虐，但最後還是排除萬難再一起",純愛,False,機戰,0.6264757341574355,0.2505902936629742
q3,"可以幫忙推薦幾部跟這部風格類似的輕小說
這部吸引我的地方有幾個:
1.男女主角純愛堅定不移
2.各種甜蜜的打情罵俏劇情
3.異世界轉生戰鬥、魔法
4.中間雖然各種虐，但最後還是排除萬難再一起",純愛,False,奇幻,0.641188430355168,0.2564753721420672
q3,"可以幫忙推薦幾部跟這部風格類似的輕小說
這部吸引我的地方有幾個:
1.男女主角純愛堅定不移
2.各種甜蜜的打情罵俏劇情
3.異世界轉生戰鬥、魔法
4.中間雖然各種虐，但最後還是排除萬難再一起",純愛,False,JK,0.6768919339627741,0.2707567735851097
q3,"可以幫忙推薦幾部跟這部風格類似的輕小說
這部吸引我的地方有幾個:
1.男女主角純愛堅定不移
2.各種甜蜜的打情罵俏劇情
3.異世界轉生戰鬥、魔法
4.中間雖然各種虐，但最後還是排除萬難再一起",純愛,False,後宮,0.6499971412017249,0.25999885648069
q3,"可以幫忙推薦幾部跟這部風格類似的輕小說
這部吸引我的地方有幾個:
1.男女主角純愛堅定不移
2.各種甜蜜的打情罵俏劇情
3.異世界轉生戰鬥、魔法
4.中間雖然各種虐，但最後還是排除萬難再一起",純愛,False,耽美,0.69824985502451,0.279299942009804
q3,"可以幫忙推薦幾部跟這部風格類似的輕小說
這部吸引我的地方有幾個:
1.男女主角純愛堅定不移
2.各種甜蜜的打情罵俏劇情
3.異世界轉生戰鬥、魔法
4.中間雖然各種虐，但最後還是排除萬難再一起",純愛,False,妹妹,0.6352430071984733,0.2540972028793893
q3,"可以幫忙推薦幾部跟這部風格類似的輕小說
這部吸引我的地方有幾個:
1.男女主角純愛堅定不移
2.各種甜蜜的打情罵俏劇情
3.異世界轉生戰鬥、魔法
4.中間雖然各種虐，但最後還是排除萬難再一起",純愛,False,龍傲天,0.6282326031699553,0.25129304126798213
q3,"可以幫忙推薦幾部跟這部風格類似的輕小說
這部吸引我的地方有幾個:
1.男女主角純愛堅定不移
2.各種甜蜜的打情罵俏劇情
3.異世界轉生戰鬥、魔法
4.中間雖然各種虐，但最後還是排除萬難再一起",純愛,False,職場,0.6235375798746902,0.24941503194987608
q3,"可以幫忙推薦幾部跟這部風格類似的輕小說
這部吸引我的地方有幾個:
1.男女主角純愛堅定不移
2.各種甜蜜的打情罵俏劇情
3.異世界轉生戰鬥、魔法
4.中間雖然各種虐，但最後還是排除萬難再一起",純愛,False,推理,0.6423584993256185,0.25694339973024743
q3,"可以幫忙推薦幾部跟這部風格類似的輕小說
這部吸引我的地方有幾個:
1.男女主角純愛堅定不移
2.各種甜蜜的打情罵俏劇情
3.異世界轉生戰鬥、魔法
4.中間雖然各種虐，但最後還是排除萬難再一起",純愛,False,JC,0.6587838314936348,0.26351353259745397
q3,"可以幫忙推薦幾部跟這部風格類似的輕小說
這部吸引我的地方有幾個:
1.男女主角純愛堅定不移
2.各種甜蜜的打情罵俏劇情
3.異世界轉生戰鬥、魔法
4.中間雖然各種虐，但最後還是排除萬難再一起",純愛,False,宅文化,0.6361128877243982,0.2544451550897593
q3,"可以幫忙推薦幾部跟這部風格類似的輕小說
這部吸引我的地方有幾個:
1.男女主角純愛堅定不移
2.各種甜蜜的打情罵俏劇情
3.異世界轉生戰鬥、魔法
4.中間雖然各種虐，但最後還是排除萬難再一起",純愛,False,校園,0.6507733349568666,0.26030933398274664
q3,"可以幫忙推薦幾部跟這部風格類似的輕小說
這部吸引我的地方有幾個:
1.男女主角純愛堅定不移
2.各種甜蜜的打情罵俏劇情
3.異世界轉生戰鬥、魔法
4.中間雖然各種虐，但最後還是排除萬難再一起",純愛,False,同人,0.6595871486785034,0.2638348594714014
q3,"可以幫忙推薦幾部跟這部風格類似的輕小說
這部吸引我的地方有幾個:
1.男女主角純愛堅定不移
2.各種甜蜜的打情罵俏劇情
3.異世界轉生戰鬥、魔法
4.中間雖然各種虐，但最後還是排除萬難再一起",純愛,False,偽娘,0.6374336211827267,0.2549734484730907
q3,"可以幫忙推薦幾部跟這部風格類似的輕小說
這部吸引我的地方有幾個:
1.男女主角純愛堅定不移
2.各種甜蜜的打情罵俏劇情
3.異世界轉生戰鬥、魔法
4.中間雖然各種虐，但最後還是排除萬難再一起",純愛,False,NTR,0.6623913812378496,0.26495655249513983
q3,"可以幫忙推薦幾部跟這部風格類似的輕小說
這部吸引我的地方有幾個:
1.男女主角純愛堅定不移
2.各種甜蜜的打情罵俏劇情
3.異世界轉生戰鬥、魔法
4.中間雖然各種虐，但最後還是排除萬難再一起",純愛,False,異能,0.6185411395093389,0.24741645580373556
q3,"可以幫忙推薦幾部跟這部風格類似的輕小說
這部吸引我的地方有幾個:
1.男女主角純愛堅定不移
2.各種甜蜜的打情罵俏劇情
3.異世界轉生戰鬥、魔法
4.中間雖然各種虐，但最後還是排除萬難再一起",純愛,False,病嬌,0.6626345084290959,0.26505380337163836
q3,"可以幫忙推薦幾部跟這部風格類似的輕小說
這部吸引我的地方有幾個:
1.男女主角純愛堅定不移
2.各種甜蜜的打情罵俏劇情
3.異世界轉生戰鬥、魔法
4.中間雖然各種虐，但最後還是排除萬難再一起",純愛,False,音樂,0.6434403217647782,0.25737612870591126
q3,"可以幫忙推薦幾部跟這部風格類似的輕小說
這部吸引我的地方有幾個:
1.男女主角純愛堅定不移
2.各種甜蜜的打情罵俏劇情
3.異世界轉生戰鬥、魔法
4.中間雖然各種虐，但最後還是排除萬難再一起",純愛,False,戰爭,0.6074108002233165,0.2429643200893266
q3,"可以幫忙推薦幾部跟這部風格類似的輕小說
這部吸引我的地方有幾個:
1.男女主角純愛堅定不移
2.各種甜蜜的打情罵俏劇情
3.異世界轉生戰鬥、魔法
4.中間雖然各種虐，但最後還是排除萬難再一起",純愛,False,熱血,0.6396468149740913,0.2558587259896365
q3,"可以幫忙推薦幾部跟這部風格類似的輕小說
這部吸引我的地方有幾個:
1.男女主角純愛堅定不移
2.各種甜蜜的打情罵俏劇情
3.異世界轉生戰鬥、魔法
4.中間雖然各種虐，但最後還是排除萬難再一起",純愛,False,冒險,0.6186701653662382,0.2474680661464953
q3,"可以幫忙推薦幾部跟這部風格類似的輕小說
這部吸引我的地方有幾個:
1.男女主角純愛堅定不移
2.各種甜蜜的打情罵俏劇情
3.異世界轉生戰鬥、魔法
4.中間雖然各種虐，但最後還是排除萬難再一起",純愛,False,大小姐,0.627480452785919,0.2509921811143676
q3,"可以幫忙推薦幾部跟這部風格類似的輕小說
這部吸引我的地方有幾個:
1.男女主角純愛堅定不移
2.各種甜蜜的打情罵俏劇情
3.異世界轉生戰鬥、魔法
4.中間雖然各種虐，但最後還是排除萬難再一起",純愛,False,女兒,0.6237380977291425,0.249495239091657
q3,"可以幫忙推薦幾部跟這部風格類似的輕小說
這部吸引我的地方有幾個:
1.男女主角純愛堅定不移
2.各種甜蜜的打情罵俏劇情
3.異世界轉生戰鬥、魔法
4.中間雖然各種虐，但最後還是排除萬難再一起",純愛,False,人外,0.6461415612953127,0.2584566245181251
q3,"可以幫忙推薦幾部跟這部風格類似的輕小說
這部吸引我的地方有幾個:
1.男女主角純愛堅定不移
2.各種甜蜜的打情罵俏劇情
3.異世界轉生戰鬥、魔法
4.中間雖然各種虐，但最後還是排除萬難再一起",純愛,False,美食,0.6077493323762639,0.24309973295050558
q3,"可以幫忙推薦幾部跟這部風格類似的輕小說
這部吸引我的地方有幾個:
1.男女主角純愛堅定不移
2.各種甜蜜的打情罵俏劇情
3.異世界轉生戰鬥、魔法
4.中間雖然各種虐，但最後還是排除萬難再一起",純愛,False,懸疑,0.6377465050372562,0.2550986020149025
q3,"可以幫忙推薦幾部跟這部風格類似的輕小說
這部吸引我的地方有幾個:
1.男女主角純愛堅定不移
2.各種甜蜜的打情罵俏劇情
3.異世界轉生戰鬥、魔法
4.中間雖然各種虐，但最後還是排除萬難再一起",甜蜜,False,大逃殺,0.6053540491382746,0.24214161965530986
q3,"可以幫忙推薦幾部跟這部風格類似的輕小說
這部吸引我的地方有幾個:
1.男女主角純愛堅定不移
2.各種甜蜜的打情罵俏劇情
3.異世界轉生戰鬥、魔法
4.中間雖然各種虐，但最後還是排除萬難再一起",甜蜜,False,戀愛,0.6915483212073807,0.2766193284829523
q3,"可以幫忙推薦幾部跟這部風格類似的輕小說
這部吸引我的地方有幾個:
1.男女主角純愛堅定不移
2.各種甜蜜的打情罵俏劇情
3.異世界轉生戰鬥、魔法
4.中間雖然各種虐，但最後還是排除萬難再一起",甜蜜,False,犯罪,0.6178377452869993,0.24713509811479972
q3,"可以幫忙推薦幾部跟這部風格類似的輕小說
這部吸引我的地方有幾個:
1.男女主角純愛堅定不移
2.各種甜蜜的打情罵俏劇情
3.異世界轉生戰鬥、魔法
4.中間雖然各種虐，但最後還是排除萬難再一起",甜蜜,False,鬥智,0.6216394258342612,0.2486557703337045
q3,"可以幫忙推薦幾部跟這部風格類似的輕小說
這部吸引我的地方有幾個:
1.男女主角純愛堅定不移
2.各種甜蜜的打情罵俏劇情
3.異世界轉生戰鬥、魔法
4.中間雖然各種虐，但最後還是排除萬難再一起",甜蜜,False,科幻,0.637822809023071,0.2551291236092284
q3,"可以幫忙推薦幾部跟這部風格類似的輕小說
這部吸引我的地方有幾個:
1.男女主角純愛堅定不移
2.各種甜蜜的打情罵俏劇情
3.異世界轉生戰鬥、魔法
4.中間雖然各種虐，但最後還是排除萬難再一起",甜蜜,False,百合,0.6781714854945955,0.2712685941978382
q3,"可以幫忙推薦幾部跟這部風格類似的輕小說
這部吸引我的地方有幾個:
1.男女主角純愛堅定不移
2.各種甜蜜的打情罵俏劇情
3.異世界轉生戰鬥、魔法
4.中間雖然各種虐，但最後還是排除萬難再一起",甜蜜,False,轉生,0.6368779139731604,0.2547511655892642
q3,"可以幫忙推薦幾部跟這部風格類似的輕小說
這部吸引我的地方有幾個:
1.男女主角純愛堅定不移
2.各種甜蜜的打情罵俏劇情
3.異世界轉生戰鬥、魔法
4.中間雖然各種虐，但最後還是排除萬難再一起",甜蜜,False,治癒,0.6842546206335816,0.27370184825343263
q3,"可以幫忙推薦幾部跟這部風格類似的輕小說
這部吸引我的地方有幾個:
1.男女主角純愛堅定不移
2.各種甜蜜的打情罵俏劇情
3.異世界轉生戰鬥、魔法
4.中間雖然各種虐，但最後還是排除萬難再一起",甜蜜,False,青梅竹馬,0.660275520014477,0.2641102080057908
q3,"可以幫忙推薦幾部跟這部風格類似的輕小說
這部吸引我的地方有幾個:
1.男女主角純愛堅定不移
2.各種甜蜜的打情罵俏劇情
3.異世界轉生戰鬥、魔法
4.中間雖然各種虐，但最後還是排除萬難再一起",甜蜜,False,女性視角,0.6547899557593502,0.2619159823037401
q3,"可以幫忙推薦幾部跟這部風格類似的輕小說
這部吸引我的地方有幾個:
1.男女主角純愛堅定不移
2.各種甜蜜的打情罵俏劇情
3.異世界轉生戰鬥、魔法
4.中間雖然各種虐，但最後還是排除萬難再一起",甜蜜,False,性轉,0.6433763153313979,0.2573505261325592
q3,"可以幫忙推薦幾部跟這部風格類似的輕小說
這部吸引我的地方有幾個:
1.男女主角純愛堅定不移
2.各種甜蜜的打情罵俏劇情
3.異世界轉生戰鬥、魔法
4.中間雖然各種虐，但最後還是排除萬難再一起",甜蜜,False,溫馨,0.7161393393264978,0.2864557357305991
q3,"可以幫忙推薦幾部跟這部風格類似的輕小說
這部吸引我的地方有幾個:
1.男女主角純愛堅定不移
2.各種甜蜜的打情罵俏劇情
3.異世界轉生戰鬥、魔法
4.中間雖然各種虐，但最後還是排除萬難再一起",甜蜜,False,經營,0.6371578945810932,0.2548631578324373
q3,"可以幫忙推薦幾部跟這部風格類似的輕小說
這部吸引我的地方有幾個:
1.男女主角純愛堅定不移
2.各種甜蜜的打情罵俏劇情
3.異世界轉生戰鬥、魔法
4.中間雖然各種虐，但最後還是排除萬難再一起",甜蜜,False,獵奇,0.651627525351931,0.2606510101407724
q3,"可以幫忙推薦幾部跟這部風格類似的輕小說
這部吸引我的地方有幾個:
1.男女主角純愛堅定不移
2.各種甜蜜的打情罵俏劇情
3.異世界轉生戰鬥、魔法
4.中間雖然各種虐，但最後還是排除萬難再一起",甜蜜,False,黑暗,0.6283929034788506,0.25135716139154024
q3,"可以幫忙推薦幾部跟這部風格類似的輕小說
這部吸引我的地方有幾個:
1.男女主角純愛堅定不移
2.各種甜蜜的打情罵俏劇情
3.異世界轉生戰鬥、魔法
4.中間雖然各種虐，但最後還是排除萬難再一起",甜蜜,False,遊戲,0.6159984019400558,0.24639936077602234
q3,"可以幫忙推薦幾部跟這部風格類似的輕小說
這部吸引我的地方有幾個:
1.男女主角純愛堅定不移
2.各種甜蜜的打情罵俏劇情
3.異世界轉生戰鬥、魔法
4.中間雖然各種虐，但最後還是排除萬難再一起",甜蜜,False,戰鬥,0.6085844559039388,0.24343378236157553
q3,"可以幫忙推薦幾部跟這部風格類似的輕小說
這部吸引我的地方有幾個:
1.男女主角純愛堅定不移
2.各種甜蜜的打情罵俏劇情
3.異世界轉生戰鬥、魔法
4.中間雖然各種虐，但最後還是排除萬難再一起",甜蜜,False,青春,0.6526978497542856,0.2610791399017142
q3,"可以幫忙推薦幾部跟這部風格類似的輕小說
這部吸引我的地方有幾個:
1.男女主角純愛堅定不移
2.各種甜蜜的打情罵俏劇情
3.異世界轉生戰鬥、魔法
4.中間雖然各種虐，但最後還是排除萬難再一起",甜蜜,False,群像,0.6424920179484708,0.25699680717938833
q3,"可以幫忙推薦幾部跟這部風格類似的輕小說
這部吸引我的地方有幾個:
1.男女主角純愛堅定不移
2.各種甜蜜的打情罵俏劇情
3.異世界轉生戰鬥、魔法
4.中間雖然各種虐，但最後還是排除萬難再一起",甜蜜,False,歡樂向,0.7102678309255123,0.2841071323702049
q3,"可以幫忙推薦幾部跟這部風格類似的輕小說
這部吸引我的地方有幾個:
1.男女主角純愛堅定不移
2.各種甜蜜的打情罵俏劇情
3.異世界轉生戰鬥、魔法
4.中間雖然各種虐，但最後還是排除萬難再一起",甜蜜,False,旅行,0.6345503037984426,0.25382012151937705
q3,"可以幫忙推薦幾部跟這部風格類似的輕小說
這部吸引我的地方有幾個:
1.男女主角純愛堅定不移
2.各種甜蜜的打情罵俏劇情
3.異世界轉生戰鬥、魔法
4.中間雖然各種虐，但最後還是排除萬難再一起",甜蜜,False,惡役,0.6257203080023945,0.25028812320095783
q3,"可以幫忙推薦幾部跟這部風格類似的輕小說
這部吸引我的地方有幾個:
1.男女主角純愛堅定不移
2.各種甜蜜的打情罵俏劇情
3.異世界轉生戰鬥、魔法
4.中間雖然各種虐，但最後還是排除萬難再一起",甜蜜,False,蘿莉,0.6686041243787135,0.26744164975148543
q3,"可以幫忙推薦幾部跟這部風格類似的輕小說
這部吸引我的地方有幾個:
1.男女主角純愛堅定不移
2.各種甜蜜的打情罵俏劇情
3.異世界轉生戰鬥、魔法
4.中間雖然各種虐，但最後還是排除萬難再一起",甜蜜,False,機戰,0.634799278816141,0.25391971152645637
q3,"可以幫忙推薦幾部跟這部風格類似的輕小說
這部吸引我的地方有幾個:
1.男女主角純愛堅定不移
2.各種甜蜜的打情罵俏劇情
3.異世界轉生戰鬥、魔法
4.中間雖然各種虐，但最後還是排除萬難再一起",甜蜜,False,驚悚,0.6329077750068147,0.2531631100027259
q3,"可以幫忙推薦幾部跟這部風格類似的輕小說
這部吸引我的地方有幾個:
1.男女主角純愛堅定不移
2.各種甜蜜的打情罵俏劇情
3.異世界轉生戰鬥、魔法
4.中間雖然各種虐，但最後還是排除萬難再一起",甜蜜,False,奇幻,0.6563170686292248,0.2625268274516899
q3,"可以幫忙推薦幾部跟這部風格類似的輕小說
這部吸引我的地方有幾個:
1.男女主角純愛堅定不移
2.各種甜蜜的打情罵俏劇情
3.異世界轉生戰鬥、魔法
4.中間雖然各種虐，但最後還是排除萬難再一起",甜蜜,False,JK,0.6686947949271963,0.26747791797087855
q3,"可以幫忙推薦幾部跟這部風格類似的輕小說
這部吸引我的地方有幾個:
1.男女主角純愛堅定不移
2.各種甜蜜的打情罵俏劇情
3.異世界轉生戰鬥、魔法
4.中間雖然各種虐，但最後還是排除萬難再一起",甜蜜,False,後宮,0.6527129641219924,0.26108518564879696
q3,"可以幫忙推薦幾部跟這部風格類似的輕小說
這部吸引我的地方有幾個:
1.男女主角純愛堅定不移
2.各種甜蜜的打情罵俏劇情
3.異世界轉生戰鬥、魔法
4.中間雖然各種虐，但最後還是排除萬難再一起",甜蜜,False,耽美,0.6900795545621284,0.27603182182485136
q3,"可以幫忙推薦幾部跟這部風格類似的輕小說
這部吸引我的地方有幾個:
1.男女主角純愛堅定不移
2.各種甜蜜的打情罵俏劇情
3.異世界轉生戰鬥、魔法
4.中間雖然各種虐，但最後還是排除萬難再一起",甜蜜,False,妹妹,0.6498169689911157,0.25992678759644633
q3,"可以幫忙推薦幾部跟這部風格類似的輕小說
這部吸引我的地方有幾個:
1.男女主角純愛堅定不移
2.各種甜蜜的打情罵俏劇情
3.異世界轉生戰鬥、魔法
4.中間雖然各種虐，但最後還是排除萬難再一起",甜蜜,False,職場,0.6366717214656208,0.2546686885862483
q3,"可以幫忙推薦幾部跟這部風格類似的輕小說
這部吸引我的地方有幾個:
1.男女主角純愛堅定不移
2.各種甜蜜的打情罵俏劇情
3.異世界轉生戰鬥、魔法
4.中間雖然各種虐，但最後還是排除萬難再一起",甜蜜,False,推理,0.6458518148093294,0.25834072592373175
q3,"可以幫忙推薦幾部跟這部風格類似的輕小說
這部吸引我的地方有幾個:
1.男女主角純愛堅定不移
2.各種甜蜜的打情罵俏劇情
3.異世界轉生戰鬥、魔法
4.中間雖然各種虐，但最後還是排除萬難再一起",甜蜜,False,JC,0.6559768072003275,0.262390722880131
q3,"可以幫忙推薦幾部跟這部風格類似的輕小說
這部吸引我的地方有幾個:
1.男女主角純愛堅定不移
2.各種甜蜜的打情罵俏劇情
3.異世界轉生戰鬥、魔法
4.中間雖然各種虐，但最後還是排除萬難再一起",甜蜜,False,宅文化,0.634907205892657,0.2539628823570628
q3,"可以幫忙推薦幾部跟這部風格類似的輕小說
這部吸引我的地方有幾個:
1.男女主角純愛堅定不移
2.各種甜蜜的打情罵俏劇情
3.異世界轉生戰鬥、魔法
4.中間雖然各種虐，但最後還是排除萬難再一起",甜蜜,False,校園,0.6433409211086217,0.2573363684434487
q3,"可以幫忙推薦幾部跟這部風格類似的輕小說
這部吸引我的地方有幾個:
1.男女主角純愛堅定不移
2.各種甜蜜的打情罵俏劇情
3.異世界轉生戰鬥、魔法
4.中間雖然各種虐，但最後還是排除萬難再一起",甜蜜,False,同人,0.6619540106066146,0.26478160424264585
q3,"可以幫忙推薦幾部跟這部風格類似的輕小說
這部吸引我的地方有幾個:
1.男女主角純愛堅定不移
2.各種甜蜜的打情罵俏劇情
3.異世界轉生戰鬥、魔法
4.中間雖然各種虐，但最後還是排除萬難再一起",甜蜜,False,偽娘,0.6431341713409886,0.2572536685363955
q3,"可以幫忙推薦幾部跟這部風格類似的輕小說
這部吸引我的地方有幾個:
1.男女主角純愛堅定不移
2.各種甜蜜的打情罵俏劇情
3.異世界轉生戰鬥、魔法
4.中間雖然各種虐，但最後還是排除萬難再一起",甜蜜,False,NTR,0.6545216967416849,0.26180867869667396
q3,"可以幫忙推薦幾部跟這部風格類似的輕小說
這部吸引我的地方有幾個:
1.男女主角純愛堅定不移
2.各種甜蜜的打情罵俏劇情
3.異世界轉生戰鬥、魔法
4.中間雖然各種虐，但最後還是排除萬難再一起",甜蜜,False,異能,0.629542364669832,0.25181694586793285
q3,"可以幫忙推薦幾部跟這部風格類似的輕小說
這部吸引我的地方有幾個:
1.男女主角純愛堅定不移
2.各種甜蜜的打情罵俏劇情
3.異世界轉生戰鬥、魔法
4.中間雖然各種虐，但最後還是排除萬難再一起",甜蜜,False,病嬌,0.6554006685742185,0.2621602674296874
q3,"可以幫忙推薦幾部跟這部風格類似的輕小說
這部吸引我的地方有幾個:
1.男女主角純愛堅定不移
2.各種甜蜜的打情罵俏劇情
3.異世界轉生戰鬥、魔法
4.中間雖然各種虐，但最後還是排除萬難再一起",甜蜜,False,音樂,0.6601600583431145,0.2640640233372458
q3,"可以幫忙推薦幾部跟這部風格類似的輕小說
這部吸引我的地方有幾個:
1.男女主角純愛堅定不移
2.各種甜蜜的打情罵俏劇情
3.異世界轉生戰鬥、魔法
4.中間雖然各種虐，但最後還是排除萬難再一起",甜蜜,False,戰爭,0.6072022618670594,0.24288090474682378
q3,"可以幫忙推薦幾部跟這部風格類似的輕小說
這部吸引我的地方有幾個:
1.男女主角純愛堅定不移
2.各種甜蜜的打情罵俏劇情
3.異世界轉生戰鬥、魔法
4.中間雖然各種虐，但最後還是排除萬難再一起",甜蜜,False,熱血,0.6331660598099598,0.2532664239239839
q3,"可以幫忙推薦幾部跟這部風格類似的輕小說
這部吸引我的地方有幾個:
1.男女主角純愛堅定不移
2.各種甜蜜的打情罵俏劇情
3.異世界轉生戰鬥、魔法
4.中間雖然各種虐，但最後還是排除萬難再一起",甜蜜,False,間諜,0.6082895542505203,0.24331582170020816
q3,"可以幫忙推薦幾部跟這部風格類似的輕小說
這部吸引我的地方有幾個:
1.男女主角純愛堅定不移
2.各種甜蜜的打情罵俏劇情
3.異世界轉生戰鬥、魔法
4.中間雖然各種虐，但最後還是排除萬難再一起",甜蜜,False,冒險,0.6319598195068764,0.25278392780275055
q3,"可以幫忙推薦幾部跟這部風格類似的輕小說
這部吸引我的地方有幾個:
1.男女主角純愛堅定不移
2.各種甜蜜的打情罵俏劇情
3.異世界轉生戰鬥、魔法
4.中間雖然各種虐，但最後還是排除萬難再一起",甜蜜,False,大小姐,0.6385804199721421,0.2554321679888569
q3,"可以幫忙推薦幾部跟這部風格類似的輕小說
這部吸引我的地方有幾個:
1.男女主角純愛堅定不移
2.各種甜蜜的打情罵俏劇情
3.異世界轉生戰鬥、魔法
4.中間雖然各種虐，但最後還是排除萬難再一起",甜蜜,False,女兒,0.6360475356198418,0.2544190142479367
q3,"可以幫忙推薦幾部跟這部風格類似的輕小說
這部吸引我的地方有幾個:
1.男女主角純愛堅定不移
2.各種甜蜜的打情罵俏劇情
3.異世界轉生戰鬥、魔法
4.中間雖然各種虐，但最後還是排除萬難再一起",甜蜜,False,人外,0.6591088660352566,0.26364354641410265
q3,"可以幫忙推薦幾部跟這部風格類似的輕小說
這部吸引我的地方有幾個:
1.男女主角純愛堅定不移
2.各種甜蜜的打情罵俏劇情
3.異世界轉生戰鬥、魔法
4.中間雖然各種虐，但最後還是排除萬難再一起",甜蜜,False,美食,0.657961893565642,0.26318475742625685
q3,"可以幫忙推薦幾部跟這部風格類似的輕小說
這部吸引我的地方有幾個:
1.男女主角純愛堅定不移
2.各種甜蜜的打情罵俏劇情
3.異世界轉生戰鬥、魔法
4.中間雖然各種虐，但最後還是排除萬難再一起",甜蜜,False,懸疑,0.6430456424674063,0.2572182569869625
q3,"可以幫忙推薦幾部跟這部風格類似的輕小說
這部吸引我的地方有幾個:
1.男女主角純愛堅定不移
2.各種甜蜜的打情罵俏劇情
3.異世界轉生戰鬥、魔法
4.中間雖然各種虐，但最後還是排除萬難再一起",虐心,False,大逃殺,0.6453973103807015,0.2581589241522806
q3,"可以幫忙推薦幾部跟這部風格類似的輕小說
這部吸引我的地方有幾個:
1.男女主角純愛堅定不移
2.各種甜蜜的打情罵俏劇情
3.異世界轉生戰鬥、魔法
4.中間雖然各種虐，但最後還是排除萬難再一起",虐心,False,戀愛,0.6621168638353795,0.26484674553415183
q3,"可以幫忙推薦幾部跟這部風格類似的輕小說
這部吸引我的地方有幾個:
1.男女主角純愛堅定不移
2.各種甜蜜的打情罵俏劇情
3.異世界轉生戰鬥、魔法
4.中間雖然各種虐，但最後還是排除萬難再一起",虐心,False,犯罪,0.6547504513323144,0.26190018053292574
q3,"可以幫忙推薦幾部跟這部風格類似的輕小說
這部吸引我的地方有幾個:
1.男女主角純愛堅定不移
2.各種甜蜜的打情罵俏劇情
3.異世界轉生戰鬥、魔法
4.中間雖然各種虐，但最後還是排除萬難再一起",虐心,False,鬥智,0.633597309428318,0.2534389237713272
q3,"可以幫忙推薦幾部跟這部風格類似的輕小說
這部吸引我的地方有幾個:
1.男女主角純愛堅定不移
2.各種甜蜜的打情罵俏劇情
3.異世界轉生戰鬥、魔法
4.中間雖然各種虐，但最後還是排除萬難再一起",虐心,False,科幻,0.6444714247873481,0.25778856991493926
q3,"可以幫忙推薦幾部跟這部風格類似的輕小說
這部吸引我的地方有幾個:
1.男女主角純愛堅定不移
2.各種甜蜜的打情罵俏劇情
3.異世界轉生戰鬥、魔法
4.中間雖然各種虐，但最後還是排除萬難再一起",虐心,False,百合,0.651755805220998,0.2607023220883992
q3,"可以幫忙推薦幾部跟這部風格類似的輕小說
這部吸引我的地方有幾個:
1.男女主角純愛堅定不移
2.各種甜蜜的打情罵俏劇情
3.異世界轉生戰鬥、魔法
4.中間雖然各種虐，但最後還是排除萬難再一起",虐心,False,轉生,0.6373097395017835,0.2549238958007134
q3,"可以幫忙推薦幾部跟這部風格類似的輕小說
這部吸引我的地方有幾個:
1.男女主角純愛堅定不移
2.各種甜蜜的打情罵俏劇情
3.異世界轉生戰鬥、魔法
4.中間雖然各種虐，但最後還是排除萬難再一起",虐心,False,治癒,0.679613956317386,0.2718455825269544
q3,"可以幫忙推薦幾部跟這部風格類似的輕小說
這部吸引我的地方有幾個:
1.男女主角純愛堅定不移
2.各種甜蜜的打情罵俏劇情
3.異世界轉生戰鬥、魔法
4.中間雖然各種虐，但最後還是排除萬難再一起",虐心,False,青梅竹馬,0.6321260161432065,0.25285040645728263
q3,"可以幫忙推薦幾部跟這部風格類似的輕小說
這部吸引我的地方有幾個:
1.男女主角純愛堅定不移
2.各種甜蜜的打情罵俏劇情
3.異世界轉生戰鬥、魔法
4.中間雖然各種虐，但最後還是排除萬難再一起",虐心,False,女性視角,0.6526384816753219,0.2610553926701288
q3,"可以幫忙推薦幾部跟這部風格類似的輕小說
這部吸引我的地方有幾個:
1.男女主角純愛堅定不移
2.各種甜蜜的打情罵俏劇情
3.異世界轉生戰鬥、魔法
4.中間雖然各種虐，但最後還是排除萬難再一起",虐心,False,性轉,0.6232767042691003,0.24931068170764015
q3,"可以幫忙推薦幾部跟這部風格類似的輕小說
這部吸引我的地方有幾個:
1.男女主角純愛堅定不移
2.各種甜蜜的打情罵俏劇情
3.異世界轉生戰鬥、魔法
4.中間雖然各種虐，但最後還是排除萬難再一起",虐心,False,溫馨,0.6791888071564324,0.27167552286257296
q3,"可以幫忙推薦幾部跟這部風格類似的輕小說
這部吸引我的地方有幾個:
1.男女主角純愛堅定不移
2.各種甜蜜的打情罵俏劇情
3.異世界轉生戰鬥、魔法
4.中間雖然各種虐，但最後還是排除萬難再一起",虐心,False,經營,0.6336338133334529,0.25345352533338117
q3,"可以幫忙推薦幾部跟這部風格類似的輕小說
這部吸引我的地方有幾個:
1.男女主角純愛堅定不移
2.各種甜蜜的打情罵俏劇情
3.異世界轉生戰鬥、魔法
4.中間雖然各種虐，但最後還是排除萬難再一起",虐心,False,獵奇,0.6792286745228426,0.27169146980913705
q3,"可以幫忙推薦幾部跟這部風格類似的輕小說
這部吸引我的地方有幾個:
1.男女主角純愛堅定不移
2.各種甜蜜的打情罵俏劇情
3.異世界轉生戰鬥、魔法
4.中間雖然各種虐，但最後還是排除萬難再一起",虐心,False,復仇,0.6391829830554752,0.25567319322219006
q3,"可以幫忙推薦幾部跟這部風格類似的輕小說
這部吸引我的地方有幾個:
1.男女主角純愛堅定不移
2.各種甜蜜的打情罵俏劇情
3.異世界轉生戰鬥、魔法
4.中間雖然各種虐，但最後還是排除萬難再一起",虐心,False,黑暗,0.689471365819159,0.27578854632766364
q3,"可以幫忙推薦幾部跟這部風格類似的輕小說
這部吸引我的地方有幾個:
1.男女主角純愛堅定不移
2.各種甜蜜的打情罵俏劇情
3.異世界轉生戰鬥、魔法
4.中間雖然各種虐，但最後還是排除萬難再一起",虐心,False,末日,0.6429980378869016,0.25719921515476063
q3,"可以幫忙推薦幾部跟這部風格類似的輕小說
這部吸引我的地方有幾個:
1.男女主角純愛堅定不移
2.各種甜蜜的打情罵俏劇情
3.異世界轉生戰鬥、魔法
4.中間雖然各種虐，但最後還是排除萬難再一起",虐心,False,遊戲,0.612720364092448,0.24508814563697923
q3,"可以幫忙推薦幾部跟這部風格類似的輕小說
這部吸引我的地方有幾個:
1.男女主角純愛堅定不移
2.各種甜蜜的打情罵俏劇情
3.異世界轉生戰鬥、魔法
4.中間雖然各種虐，但最後還是排除萬難再一起",虐心,False,戰鬥,0.6204543458260067,0.2481817383304027
q3,"可以幫忙推薦幾部跟這部風格類似的輕小說
這部吸引我的地方有幾個:
1.男女主角純愛堅定不移
2.各種甜蜜的打情罵俏劇情
3.異世界轉生戰鬥、魔法
4.中間雖然各種虐，但最後還是排除萬難再一起",虐心,False,青春,0.6260509841710749,0.25042039366842994
q3,"可以幫忙推薦幾部跟這部風格類似的輕小說
這部吸引我的地方有幾個:
1.男女主角純愛堅定不移
2.各種甜蜜的打情罵俏劇情
3.異世界轉生戰鬥、魔法
4.中間雖然各種虐，但最後還是排除萬難再一起",虐心,False,群像,0.6424994928660629,0.2569997971464252
q3,"可以幫忙推薦幾部跟這部風格類似的輕小說
這部吸引我的地方有幾個:
1.男女主角純愛堅定不移
2.各種甜蜜的打情罵俏劇情
3.異世界轉生戰鬥、魔法
4.中間雖然各種虐，但最後還是排除萬難再一起",虐心,False,歡樂向,0.6689335827362061,0.26757343309448245
q3,"可以幫忙推薦幾部跟這部風格類似的輕小說
這部吸引我的地方有幾個:
1.男女主角純愛堅定不移
2.各種甜蜜的打情罵俏劇情
3.異世界轉生戰鬥、魔法
4.中間雖然各種虐，但最後還是排除萬難再一起",虐心,False,旅行,0.6305072046836167,0.2522028818734467
q3,"可以幫忙推薦幾部跟這部風格類似的輕小說
這部吸引我的地方有幾個:
1.男女主角純愛堅定不移
2.各種甜蜜的打情罵俏劇情
3.異世界轉生戰鬥、魔法
4.中間雖然各種虐，但最後還是排除萬難再一起",虐心,False,惡役,0.6665066681018205,0.2666026672407282
q3,"可以幫忙推薦幾部跟這部風格類似的輕小說
這部吸引我的地方有幾個:
1.男女主角純愛堅定不移
2.各種甜蜜的打情罵俏劇情
3.異世界轉生戰鬥、魔法
4.中間雖然各種虐，但最後還是排除萬難再一起",虐心,False,蘿莉,0.6323946334750273,0.2529578533900109
q3,"可以幫忙推薦幾部跟這部風格類似的輕小說
這部吸引我的地方有幾個:
1.男女主角純愛堅定不移
2.各種甜蜜的打情罵俏劇情
3.異世界轉生戰鬥、魔法
4.中間雖然各種虐，但最後還是排除萬難再一起",虐心,False,機戰,0.6349766319042256,0.25399065276169025
q3,"可以幫忙推薦幾部跟這部風格類似的輕小說
這部吸引我的地方有幾個:
1.男女主角純愛堅定不移
2.各種甜蜜的打情罵俏劇情
3.異世界轉生戰鬥、魔法
4.中間雖然各種虐，但最後還是排除萬難再一起",虐心,False,驚悚,0.6587059031827742,0.2634823612731097
q3,"可以幫忙推薦幾部跟這部風格類似的輕小說
這部吸引我的地方有幾個:
1.男女主角純愛堅定不移
2.各種甜蜜的打情罵俏劇情
3.異世界轉生戰鬥、魔法
4.中間雖然各種虐，但最後還是排除萬難再一起",虐心,False,奇幻,0.6409645548949666,0.25638582195798665
q3,"可以幫忙推薦幾部跟這部風格類似的輕小說
這部吸引我的地方有幾個:
1.男女主角純愛堅定不移
2.各種甜蜜的打情罵俏劇情
3.異世界轉生戰鬥、魔法
4.中間雖然各種虐，但最後還是排除萬難再一起",虐心,False,JK,0.6474227540507853,0.2589691016203141
q3,"可以幫忙推薦幾部跟這部風格類似的輕小說
這部吸引我的地方有幾個:
1.男女主角純愛堅定不移
2.各種甜蜜的打情罵俏劇情
3.異世界轉生戰鬥、魔法
4.中間雖然各種虐，但最後還是排除萬難再一起",虐心,False,後宮,0.6490553117501853,0.2596221247000741
q3,"可以幫忙推薦幾部跟這部風格類似的輕小說
這部吸引我的地方有幾個:
1.男女主角純愛堅定不移
2.各種甜蜜的打情罵俏劇情
3.異世界轉生戰鬥、魔法
4.中間雖然各種虐，但最後還是排除萬難再一起",虐心,False,耽美,0.6869574568073208,0.27478298272292834
q3,"可以幫忙推薦幾部跟這部風格類似的輕小說
這部吸引我的地方有幾個:
1.男女主角純愛堅定不移
2.各種甜蜜的打情罵俏劇情
3.異世界轉生戰鬥、魔法
4.中間雖然各種虐，但最後還是排除萬難再一起",虐心,False,妹妹,0.6287089161266934,0.2514835664506774
q3,"可以幫忙推薦幾部跟這部風格類似的輕小說
這部吸引我的地方有幾個:
1.男女主角純愛堅定不移
2.各種甜蜜的打情罵俏劇情
3.異世界轉生戰鬥、魔法
4.中間雖然各種虐，但最後還是排除萬難再一起",虐心,False,龍傲天,0.6275748919439746,0.2510299567775899
q3,"可以幫忙推薦幾部跟這部風格類似的輕小說
這部吸引我的地方有幾個:
1.男女主角純愛堅定不移
2.各種甜蜜的打情罵俏劇情
3.異世界轉生戰鬥、魔法
4.中間雖然各種虐，但最後還是排除萬難再一起",虐心,False,職場,0.6329633823218205,0.2531853529287282
q3,"可以幫忙推薦幾部跟這部風格類似的輕小說
這部吸引我的地方有幾個:
1.男女主角純愛堅定不移
2.各種甜蜜的打情罵俏劇情
3.異世界轉生戰鬥、魔法
4.中間雖然各種虐，但最後還是排除萬難再一起",虐心,False,推理,0.6551026346399039,0.2620410538559616
q3,"可以幫忙推薦幾部跟這部風格類似的輕小說
這部吸引我的地方有幾個:
1.男女主角純愛堅定不移
2.各種甜蜜的打情罵俏劇情
3.異世界轉生戰鬥、魔法
4.中間雖然各種虐，但最後還是排除萬難再一起",虐心,False,JC,0.6370432978220074,0.25481731912880295
q3,"可以幫忙推薦幾部跟這部風格類似的輕小說
這部吸引我的地方有幾個:
1.男女主角純愛堅定不移
2.各種甜蜜的打情罵俏劇情
3.異世界轉生戰鬥、魔法
4.中間雖然各種虐，但最後還是排除萬難再一起",虐心,False,宅文化,0.6274743655206141,0.25098974620824566
q3,"可以幫忙推薦幾部跟這部風格類似的輕小說
這部吸引我的地方有幾個:
1.男女主角純愛堅定不移
2.各種甜蜜的打情罵俏劇情
3.異世界轉生戰鬥、魔法
4.中間雖然各種虐，但最後還是排除萬難再一起",虐心,False,校園,0.6389120441673592,0.2555648176669437
q3,"可以幫忙推薦幾部跟這部風格類似的輕小說
這部吸引我的地方有幾個:
1.男女主角純愛堅定不移
2.各種甜蜜的打情罵俏劇情
3.異世界轉生戰鬥、魔法
4.中間雖然各種虐，但最後還是排除萬難再一起",虐心,False,同人,0.646011602419626,0.2584046409678504
q3,"可以幫忙推薦幾部跟這部風格類似的輕小說
這部吸引我的地方有幾個:
1.男女主角純愛堅定不移
2.各種甜蜜的打情罵俏劇情
3.異世界轉生戰鬥、魔法
4.中間雖然各種虐，但最後還是排除萬難再一起",虐心,False,NTR,0.6674543365584125,0.266981734623365
q3,"可以幫忙推薦幾部跟這部風格類似的輕小說
這部吸引我的地方有幾個:
1.男女主角純愛堅定不移
2.各種甜蜜的打情罵俏劇情
3.異世界轉生戰鬥、魔法
4.中間雖然各種虐，但最後還是排除萬難再一起",虐心,False,異能,0.6314930675129269,0.2525972270051708
q3,"可以幫忙推薦幾部跟這部風格類似的輕小說
這部吸引我的地方有幾個:
1.男女主角純愛堅定不移
2.各種甜蜜的打情罵俏劇情
3.異世界轉生戰鬥、魔法
4.中間雖然各種虐，但最後還是排除萬難再一起",虐心,False,病嬌,0.6728132867737509,0.26912531470950035
q3,"可以幫忙推薦幾部跟這部風格類似的輕小說
這部吸引我的地方有幾個:
1.男女主角純愛堅定不移
2.各種甜蜜的打情罵俏劇情
3.異世界轉生戰鬥、魔法
4.中間雖然各種虐，但最後還是排除萬難再一起",虐心,False,音樂,0.6486559386731543,0.2594623754692617
q3,"可以幫忙推薦幾部跟這部風格類似的輕小說
這部吸引我的地方有幾個:
1.男女主角純愛堅定不移
2.各種甜蜜的打情罵俏劇情
3.異世界轉生戰鬥、魔法
4.中間雖然各種虐，但最後還是排除萬難再一起",虐心,False,戰爭,0.6359189070255801,0.25436756281023204
q3,"可以幫忙推薦幾部跟這部風格類似的輕小說
這部吸引我的地方有幾個:
1.男女主角純愛堅定不移
2.各種甜蜜的打情罵俏劇情
3.異世界轉生戰鬥、魔法
4.中間雖然各種虐，但最後還是排除萬難再一起",虐心,False,熱血,0.6459167698201459,0.2583667079280584
q3,"可以幫忙推薦幾部跟這部風格類似的輕小說
這部吸引我的地方有幾個:
1.男女主角純愛堅定不移
2.各種甜蜜的打情罵俏劇情
3.異世界轉生戰鬥、魔法
4.中間雖然各種虐，但最後還是排除萬難再一起",虐心,False,冒險,0.6210782545297291,0.24843130181189166
q3,"可以幫忙推薦幾部跟這部風格類似的輕小說
這部吸引我的地方有幾個:
1.男女主角純愛堅定不移
2.各種甜蜜的打情罵俏劇情
3.異世界轉生戰鬥、魔法
4.中間雖然各種虐，但最後還是排除萬難再一起",虐心,False,大小姐,0.6209287781001478,0.24837151124005913
q3,"可以幫忙推薦幾部跟這部風格類似的輕小說
這部吸引我的地方有幾個:
1.男女主角純愛堅定不移
2.各種甜蜜的打情罵俏劇情
3.異世界轉生戰鬥、魔法
4.中間雖然各種虐，但最後還是排除萬難再一起",虐心,False,女兒,0.6229737467582465,0.2491894987032986
q3,"可以幫忙推薦幾部跟這部風格類似的輕小說
這部吸引我的地方有幾個:
1.男女主角純愛堅定不移
2.各種甜蜜的打情罵俏劇情
3.異世界轉生戰鬥、魔法
4.中間雖然各種虐，但最後還是排除萬難再一起",虐心,False,人外,0.6543782892278255,0.2617513156911302
q3,"可以幫忙推薦幾部跟這部風格類似的輕小說
這部吸引我的地方有幾個:
1.男女主角純愛堅定不移
2.各種甜蜜的打情罵俏劇情
3.異世界轉生戰鬥、魔法
4.中間雖然各種虐，但最後還是排除萬難再一起",虐心,False,美食,0.6154022849457781,0.24616091397831125
q3,"可以幫忙推薦幾部跟這部風格類似的輕小說
這部吸引我的地方有幾個:
1.男女主角純愛堅定不移
2.各種甜蜜的打情罵俏劇情
3.異世界轉生戰鬥、魔法
4.中間雖然各種虐，但最後還是排除萬難再一起",虐心,False,異世界,0.638753943261661,0.25550157730466444
q3,"可以幫忙推薦幾部跟這部風格類似的輕小說
這部吸引我的地方有幾個:
1.男女主角純愛堅定不移
2.各種甜蜜的打情罵俏劇情
3.異世界轉生戰鬥、魔法
4.中間雖然各種虐，但最後還是排除萬難再一起",虐心,False,懸疑,0.665067328527732,0.2660269314110928
q4,"由於自己的胃口比較獨特的原因，喜歡男主被拋置於各種不利的情節或者感情中，也是因為這樣，喜歡看那些讓人看完后心緒難以平靜的小說，就我看過的來說，無職，re0，妹妹人生，異世界迷宮最深等，在某種程度上來說都有慘烈的一部分（感情上或者情節上都是），也沒有一定要轉生異世界，現實日常要是能描繪出這些來也很好了。
尤其那種男主能不斷被放置在痛苦或者恐懼之中，一邊流露出作者思考的文字的小說，再好不過。",黑暗,True,黑暗,1.0,1.0
q4,"由於自己的胃口比較獨特的原因，喜歡男主被拋置於各種不利的情節或者感情中，也是因為這樣，喜歡看那些讓人看完后心緒難以平靜的小說，就我看過的來說，無職，re0，妹妹人生，異世界迷宮最深等，在某種程度上來說都有慘烈的一部分（感情上或者情節上都是），也沒有一定要轉生異世界，現實日常要是能描繪出這些來也很好了。
尤其那種男主能不斷被放置在痛苦或者恐懼之中，一邊流露出作者思考的文字的小說，再好不過。",男主受難,False,大逃殺,0.6466764086914654,0.2586705634765862
q4,"由於自己的胃口比較獨特的原因，喜歡男主被拋置於各種不利的情節或者感情中，也是因為這樣，喜歡看那些讓人看完后心緒難以平靜的小說，就我看過的來說，無職，re0，妹妹人生，異世界迷宮最深等，在某種程度上來說都有慘烈的一部分（感情上或者情節上都是），也沒有一定要轉生異世界，現實日常要是能描繪出這些來也很好了。
尤其那種男主能不斷被放置在痛苦或者恐懼之中，一邊流露出作者思考的文字的小說，再好不過。",男主受難,False,戀愛,0.6571178400569518,0.26284713602278076
q4,"由於自己的胃口比較獨特的原因，喜歡男主被拋置於各種不利的情節或者感情中，也是因為這樣，喜歡看那些讓人看完后心緒難以平靜的小說，就我看過的來說，無職，re0，妹妹人生，異世界迷宮最深等，在某種程度上來說都有慘烈的一部分（感情上或者情節上都是），也沒有一定要轉生異世界，現實日常要是能描繪出這些來也很好了。
尤其那種男主能不斷被放置在痛苦或者恐懼之中，一邊流露出作者思考的文字的小說，再好不過。",男主受難,False,犯罪,0.654221944250871,0.26168877770034843
q4,"由於自己的胃口比較獨特的原因，喜歡男主被拋置於各種不利的情節或者感情中，也是因為這樣，喜歡看那些讓人看完后心緒難以平靜的小說，就我看過的來說，無職，re0，妹妹人生，異世界迷宮最深等，在某種程度上來說都有慘烈的一部分（感情上或者情節上都是），也沒有一定要轉生異世界，現實日常要是能描繪出這些來也很好了。
尤其那種男主能不斷被放置在痛苦或者恐懼之中，一邊流露出作者思考的文字的小說，再好不過。",男主受難,False,鬥智,0.6374175766759886,0.25496703067039544
q4,"由於自己的胃口比較獨特的原因，喜歡男主被拋置於各種不利的情節或者感情中，也是因為這樣，喜歡看那些讓人看完后心緒難以平靜的小說，就我看過的來說，無職，re0，妹妹人生，異世界迷宮最深等，在某種程度上來說都有慘烈的一部分（感情上或者情節上都是），也沒有一定要轉生異世界，現實日常要是能描繪出這些來也很好了。
尤其那種男主能不斷被放置在痛苦或者恐懼之中，一邊流露出作者思考的文字的小說，再好不過。",男主受難,False,科幻,0.6584193396258474,0.26336773585033896
q4,"由於自己的胃口比較獨特的原因，喜歡男主被拋置於各種不利的情節或者感情中，也是因為這樣，喜歡看那些讓人看完后心緒難以平靜的小說，就我看過的來說，無職，re0，妹妹人生，異世界迷宮最深等，在某種程度上來說都有慘烈的一部分（感情上或者情節上都是），也沒有一定要轉生異世界，現實日常要是能描繪出這些來也很好了。
尤其那種男主能不斷被放置在痛苦或者恐懼之中，一邊流露出作者思考的文字的小說，再好不過。",男主受難,False,百合,0.6412888350075365,0.25651553400301463
q4,"由於自己的胃口比較獨特的原因，喜歡男主被拋置於各種不利的情節或者感情中，也是因為這樣，喜歡看那些讓人看完后心緒難以平靜的小說，就我看過的來說，無職，re0，妹妹人生，異世界迷宮最深等，在某種程度上來說都有慘烈的一部分（感情上或者情節上都是），也沒有一定要轉生異世界，現實日常要是能描繪出這些來也很好了。
尤其那種男主能不斷被放置在痛苦或者恐懼之中，一邊流露出作者思考的文字的小說，再好不過。",男主受難,False,轉生,0.66290180903457,0.265160723613828
q4,"由於自己的胃口比較獨特的原因，喜歡男主被拋置於各種不利的情節或者感情中，也是因為這樣，喜歡看那些讓人看完后心緒難以平靜的小說，就我看過的來說，無職，re0，妹妹人生，異世界迷宮最深等，在某種程度上來說都有慘烈的一部分（感情上或者情節上都是），也沒有一定要轉生異世界，現實日常要是能描繪出這些來也很好了。
尤其那種男主能不斷被放置在痛苦或者恐懼之中，一邊流露出作者思考的文字的小說，再好不過。",男主受難,False,治癒,0.6716094464599505,0.2686437785839802
q4,"由於自己的胃口比較獨特的原因，喜歡男主被拋置於各種不利的情節或者感情中，也是因為這樣，喜歡看那些讓人看完后心緒難以平靜的小說，就我看過的來說，無職，re0，妹妹人生，異世界迷宮最深等，在某種程度上來說都有慘烈的一部分（感情上或者情節上都是），也沒有一定要轉生異世界，現實日常要是能描繪出這些來也很好了。
尤其那種男主能不斷被放置在痛苦或者恐懼之中，一邊流露出作者思考的文字的小說，再好不過。",男主受難,False,青梅竹馬,0.6399000337001879,0.2559600134800752
q4,"由於自己的胃口比較獨特的原因，喜歡男主被拋置於各種不利的情節或者感情中，也是因為這樣，喜歡看那些讓人看完后心緒難以平靜的小說，就我看過的來說，無職，re0，妹妹人生，異世界迷宮最深等，在某種程度上來說都有慘烈的一部分（感情上或者情節上都是），也沒有一定要轉生異世界，現實日常要是能描繪出這些來也很好了。
尤其那種男主能不斷被放置在痛苦或者恐懼之中，一邊流露出作者思考的文字的小說，再好不過。",男主受難,False,女性視角,0.6613855903823378,0.2645542361529351
q4,"由於自己的胃口比較獨特的原因，喜歡男主被拋置於各種不利的情節或者感情中，也是因為這樣，喜歡看那些讓人看完后心緒難以平靜的小說，就我看過的來說，無職，re0，妹妹人生，異世界迷宮最深等，在某種程度上來說都有慘烈的一部分（感情上或者情節上都是），也沒有一定要轉生異世界，現實日常要是能描繪出這些來也很好了。
尤其那種男主能不斷被放置在痛苦或者恐懼之中，一邊流露出作者思考的文字的小說，再好不過。",男主受難,False,性轉,0.659717005763697,0.2638868023054788
q4,"由於自己的胃口比較獨特的原因，喜歡男主被拋置於各種不利的情節或者感情中，也是因為這樣，喜歡看那些讓人看完后心緒難以平靜的小說，就我看過的來說，無職，re0，妹妹人生，異世界迷宮最深等，在某種程度上來說都有慘烈的一部分（感情上或者情節上都是），也沒有一定要轉生異世界，現實日常要是能描繪出這些來也很好了。
尤其那種男主能不斷被放置在痛苦或者恐懼之中，一邊流露出作者思考的文字的小說，再好不過。",男主受難,False,溫馨,0.6597204415584818,0.2638881766233927
q4,"由於自己的胃口比較獨特的原因，喜歡男主被拋置於各種不利的情節或者感情中，也是因為這樣，喜歡看那些讓人看完后心緒難以平靜的小說，就我看過的來說，無職，re0，妹妹人生，異世界迷宮最深等，在某種程度上來說都有慘烈的一部分（感情上或者情節上都是），也沒有一定要轉生異世界，現實日常要是能描繪出這些來也很好了。
尤其那種男主能不斷被放置在痛苦或者恐懼之中，一邊流露出作者思考的文字的小說，再好不過。",男主受難,False,經營,0.6375801912139828,0.2550320764855931
q4,"由於自己的胃口比較獨特的原因，喜歡男主被拋置於各種不利的情節或者感情中，也是因為這樣，喜歡看那些讓人看完后心緒難以平靜的小說，就我看過的來說，無職，re0，妹妹人生，異世界迷宮最深等，在某種程度上來說都有慘烈的一部分（感情上或者情節上都是），也沒有一定要轉生異世界，現實日常要是能描繪出這些來也很好了。
尤其那種男主能不斷被放置在痛苦或者恐懼之中，一邊流露出作者思考的文字的小說，再好不過。",男主受難,False,獵奇,0.6741215106682746,0.26964860426730985
q4,"由於自己的胃口比較獨特的原因，喜歡男主被拋置於各種不利的情節或者感情中，也是因為這樣，喜歡看那些讓人看完后心緒難以平靜的小說，就我看過的來說，無職，re0，妹妹人生，異世界迷宮最深等，在某種程度上來說都有慘烈的一部分（感情上或者情節上都是），也沒有一定要轉生異世界，現實日常要是能描繪出這些來也很好了。
尤其那種男主能不斷被放置在痛苦或者恐懼之中，一邊流露出作者思考的文字的小說，再好不過。",男主受難,False,復仇,0.6528029249682161,0.26112116998728646
q4,"由於自己的胃口比較獨特的原因，喜歡男主被拋置於各種不利的情節或者感情中，也是因為這樣，喜歡看那些讓人看完后心緒難以平靜的小說，就我看過的來說，無職，re0，妹妹人生，異世界迷宮最深等，在某種程度上來說都有慘烈的一部分（感情上或者情節上都是），也沒有一定要轉生異世界，現實日常要是能描繪出這些來也很好了。
尤其那種男主能不斷被放置在痛苦或者恐懼之中，一邊流露出作者思考的文字的小說，再好不過。",男主受難,False,黑暗,0.6786613954694151,0.27146455818776605
q4,"由於自己的胃口比較獨特的原因，喜歡男主被拋置於各種不利的情節或者感情中，也是因為這樣，喜歡看那些讓人看完后心緒難以平靜的小說，就我看過的來說，無職，re0，妹妹人生，異世界迷宮最深等，在某種程度上來說都有慘烈的一部分（感情上或者情節上都是），也沒有一定要轉生異世界，現實日常要是能描繪出這些來也很好了。
尤其那種男主能不斷被放置在痛苦或者恐懼之中，一邊流露出作者思考的文字的小說，再好不過。",男主受難,False,末日,0.6500508413128578,0.26002033652514317
q4,"由於自己的胃口比較獨特的原因，喜歡男主被拋置於各種不利的情節或者感情中，也是因為這樣，喜歡看那些讓人看完后心緒難以平靜的小說，就我看過的來說，無職，re0，妹妹人生，異世界迷宮最深等，在某種程度上來說都有慘烈的一部分（感情上或者情節上都是），也沒有一定要轉生異世界，現實日常要是能描繪出這些來也很好了。
尤其那種男主能不斷被放置在痛苦或者恐懼之中，一邊流露出作者思考的文字的小說，再好不過。",男主受難,False,遊戲,0.6186332383338963,0.24745329533355853
q4,"由於自己的胃口比較獨特的原因，喜歡男主被拋置於各種不利的情節或者感情中，也是因為這樣，喜歡看那些讓人看完后心緒難以平靜的小說，就我看過的來說，無職，re0，妹妹人生，異世界迷宮最深等，在某種程度上來說都有慘烈的一部分（感情上或者情節上都是），也沒有一定要轉生異世界，現實日常要是能描繪出這些來也很好了。
尤其那種男主能不斷被放置在痛苦或者恐懼之中，一邊流露出作者思考的文字的小說，再好不過。",男主受難,False,戰鬥,0.6278948656507474,0.25115794626029897
q4,"由於自己的胃口比較獨特的原因，喜歡男主被拋置於各種不利的情節或者感情中，也是因為這樣，喜歡看那些讓人看完后心緒難以平靜的小說，就我看過的來說，無職，re0，妹妹人生，異世界迷宮最深等，在某種程度上來說都有慘烈的一部分（感情上或者情節上都是），也沒有一定要轉生異世界，現實日常要是能描繪出這些來也很好了。
尤其那種男主能不斷被放置在痛苦或者恐懼之中，一邊流露出作者思考的文字的小說，再好不過。",男主受難,False,青春,0.6259799686284793,0.25039198745139174
q4,"由於自己的胃口比較獨特的原因，喜歡男主被拋置於各種不利的情節或者感情中，也是因為這樣，喜歡看那些讓人看完后心緒難以平靜的小說，就我看過的來說，無職，re0，妹妹人生，異世界迷宮最深等，在某種程度上來說都有慘烈的一部分（感情上或者情節上都是），也沒有一定要轉生異世界，現實日常要是能描繪出這些來也很好了。
尤其那種男主能不斷被放置在痛苦或者恐懼之中，一邊流露出作者思考的文字的小說，再好不過。",男主受難,False,群像,0.6617564408860321,0.26470257635441286
q4,"由於自己的胃口比較獨特的原因，喜歡男主被拋置於各種不利的情節或者感情中，也是因為這樣，喜歡看那些讓人看完后心緒難以平靜的小說，就我看過的來說，無職，re0，妹妹人生，異世界迷宮最深等，在某種程度上來說都有慘烈的一部分（感情上或者情節上都是），也沒有一定要轉生異世界，現實日常要是能描繪出這些來也很好了。
尤其那種男主能不斷被放置在痛苦或者恐懼之中，一邊流露出作者思考的文字的小說，再好不過。",男主受難,False,歡樂向,0.6765405420649127,0.2706162168259651
q4,"由於自己的胃口比較獨特的原因，喜歡男主被拋置於各種不利的情節或者感情中，也是因為這樣，喜歡看那些讓人看完后心緒難以平靜的小說，就我看過的來說，無職，re0，妹妹人生，異世界迷宮最深等，在某種程度上來說都有慘烈的一部分（感情上或者情節上都是），也沒有一定要轉生異世界，現實日常要是能描繪出這些來也很好了。
尤其那種男主能不斷被放置在痛苦或者恐懼之中，一邊流露出作者思考的文字的小說，再好不過。",男主受難,False,旅行,0.6379428662250579,0.25517714649002315
q4,"由於自己的胃口比較獨特的原因，喜歡男主被拋置於各種不利的情節或者感情中，也是因為這樣，喜歡看那些讓人看完后心緒難以平靜的小說，就我看過的來說，無職，re0，妹妹人生，異世界迷宮最深等，在某種程度上來說都有慘烈的一部分（感情上或者情節上都是），也沒有一定要轉生異世界，現實日常要是能描繪出這些來也很好了。
尤其那種男主能不斷被放置在痛苦或者恐懼之中，一邊流露出作者思考的文字的小說，再好不過。",男主受難,False,惡役,0.6850101343929573,0.27400405375718295
q4,"由於自己的胃口比較獨特的原因，喜歡男主被拋置於各種不利的情節或者感情中，也是因為這樣，喜歡看那些讓人看完后心緒難以平靜的小說，就我看過的來說，無職，re0，妹妹人生，異世界迷宮最深等，在某種程度上來說都有慘烈的一部分（感情上或者情節上都是），也沒有一定要轉生異世界，現實日常要是能描繪出這些來也很好了。
尤其那種男主能不斷被放置在痛苦或者恐懼之中，一邊流露出作者思考的文字的小說，再好不過。",男主受難,False,蘿莉,0.6283380164885699,0.25133520659542796
q4,"由於自己的胃口比較獨特的原因，喜歡男主被拋置於各種不利的情節或者感情中，也是因為這樣，喜歡看那些讓人看完后心緒難以平靜的小說，就我看過的來說，無職，re0，妹妹人生，異世界迷宮最深等，在某種程度上來說都有慘烈的一部分（感情上或者情節上都是），也沒有一定要轉生異世界，現實日常要是能描繪出這些來也很好了。
尤其那種男主能不斷被放置在痛苦或者恐懼之中，一邊流露出作者思考的文字的小說，再好不過。",男主受難,False,機戰,0.6379458923799153,0.2551783569519661
q4,"由於自己的胃口比較獨特的原因，喜歡男主被拋置於各種不利的情節或者感情中，也是因為這樣，喜歡看那些讓人看完后心緒難以平靜的小說，就我看過的來說，無職，re0，妹妹人生，異世界迷宮最深等，在某種程度上來說都有慘烈的一部分（感情上或者情節上都是），也沒有一定要轉生異世界，現實日常要是能描繪出這些來也很好了。
尤其那種男主能不斷被放置在痛苦或者恐懼之中，一邊流露出作者思考的文字的小說，再好不過。",男主受難,False,驚悚,0.6585590115023043,0.26342360460092173
q4,"由於自己的胃口比較獨特的原因，喜歡男主被拋置於各種不利的情節或者感情中，也是因為這樣，喜歡看那些讓人看完后心緒難以平靜的小說，就我看過的來說，無職，re0，妹妹人生，異世界迷宮最深等，在某種程度上來說都有慘烈的一部分（感情上或者情節上都是），也沒有一定要轉生異世界，現實日常要是能描繪出這些來也很好了。
尤其那種男主能不斷被放置在痛苦或者恐懼之中，一邊流露出作者思考的文字的小說，再好不過。",男主受難,False,奇幻,0.6473049893164377,0.2589219957265751
q4,"由於自己的胃口比較獨特的原因，喜歡男主被拋置於各種不利的情節或者感情中，也是因為這樣，喜歡看那些讓人看完后心緒難以平靜的小說，就我看過的來說，無職，re0，妹妹人生，異世界迷宮最深等，在某種程度上來說都有慘烈的一部分（感情上或者情節上都是），也沒有一定要轉生異世界，現實日常要是能描繪出這些來也很好了。
尤其那種男主能不斷被放置在痛苦或者恐懼之中，一邊流露出作者思考的文字的小說，再好不過。",男主受難,False,JK,0.6538014472667131,0.26152057890668523
q4,"由於自己的胃口比較獨特的原因，喜歡男主被拋置於各種不利的情節或者感情中，也是因為這樣，喜歡看那些讓人看完后心緒難以平靜的小說，就我看過的來說，無職，re0，妹妹人生，異世界迷宮最深等，在某種程度上來說都有慘烈的一部分（感情上或者情節上都是），也沒有一定要轉生異世界，現實日常要是能描繪出這些來也很好了。
尤其那種男主能不斷被放置在痛苦或者恐懼之中，一邊流露出作者思考的文字的小說，再好不過。",男主受難,False,後宮,0.6562065235817892,0.2624826094327157
q4,"由於自己的胃口比較獨特的原因，喜歡男主被拋置於各種不利的情節或者感情中，也是因為這樣，喜歡看那些讓人看完后心緒難以平靜的小說，就我看過的來說，無職，re0，妹妹人生，異世界迷宮最深等，在某種程度上來說都有慘烈的一部分（感情上或者情節上都是），也沒有一定要轉生異世界，現實日常要是能描繪出這些來也很好了。
尤其那種男主能不斷被放置在痛苦或者恐懼之中，一邊流露出作者思考的文字的小說，再好不過。",男主受難,False,耽美,0.7045821846470458,0.28183287385881833
q4,"由於自己的胃口比較獨特的原因，喜歡男主被拋置於各種不利的情節或者感情中，也是因為這樣，喜歡看那些讓人看完后心緒難以平靜的小說，就我看過的來說，無職，re0，妹妹人生，異世界迷宮最深等，在某種程度上來說都有慘烈的一部分（感情上或者情節上都是），也沒有一定要轉生異世界，現實日常要是能描繪出這些來也很好了。
尤其那種男主能不斷被放置在痛苦或者恐懼之中，一邊流露出作者思考的文字的小說，再好不過。",男主受難,False,妹妹,0.6272018536634139,0.25088074146536554
q4,"由於自己的胃口比較獨特的原因，喜歡男主被拋置於各種不利的情節或者感情中，也是因為這樣，喜歡看那些讓人看完后心緒難以平靜的小說，就我看過的來說，無職，re0，妹妹人生，異世界迷宮最深等，在某種程度上來說都有慘烈的一部分（感情上或者情節上都是），也沒有一定要轉生異世界，現實日常要是能描繪出這些來也很好了。
尤其那種男主能不斷被放置在痛苦或者恐懼之中，一邊流露出作者思考的文字的小說，再好不過。",男主受難,False,龍傲天,0.6597261929319195,0.2638904771727678
q4,"由於自己的胃口比較獨特的原因，喜歡男主被拋置於各種不利的情節或者感情中，也是因為這樣，喜歡看那些讓人看完后心緒難以平靜的小說，就我看過的來說，無職，re0，妹妹人生，異世界迷宮最深等，在某種程度上來說都有慘烈的一部分（感情上或者情節上都是），也沒有一定要轉生異世界，現實日常要是能描繪出這些來也很好了。
尤其那種男主能不斷被放置在痛苦或者恐懼之中，一邊流露出作者思考的文字的小說，再好不過。",男主受難,False,職場,0.6362949366403374,0.25451797465613496
q4,"由於自己的胃口比較獨特的原因，喜歡男主被拋置於各種不利的情節或者感情中，也是因為這樣，喜歡看那些讓人看完后心緒難以平靜的小說，就我看過的來說，無職，re0，妹妹人生，異世界迷宮最深等，在某種程度上來說都有慘烈的一部分（感情上或者情節上都是），也沒有一定要轉生異世界，現實日常要是能描繪出這些來也很好了。
尤其那種男主能不斷被放置在痛苦或者恐懼之中，一邊流露出作者思考的文字的小說，再好不過。",男主受難,False,推理,0.6635414055295158,0.2654165622118063
q4,"由於自己的胃口比較獨特的原因，喜歡男主被拋置於各種不利的情節或者感情中，也是因為這樣，喜歡看那些讓人看完后心緒難以平靜的小說，就我看過的來說，無職，re0，妹妹人生，異世界迷宮最深等，在某種程度上來說都有慘烈的一部分（感情上或者情節上都是），也沒有一定要轉生異世界，現實日常要是能描繪出這些來也很好了。
尤其那種男主能不斷被放置在痛苦或者恐懼之中，一邊流露出作者思考的文字的小說，再好不過。",男主受難,False,JC,0.6511569350447708,0.26046277401790835
q4,"由於自己的胃口比較獨特的原因，喜歡男主被拋置於各種不利的情節或者感情中，也是因為這樣，喜歡看那些讓人看完后心緒難以平靜的小說，就我看過的來說，無職，re0，妹妹人生，異世界迷宮最深等，在某種程度上來說都有慘烈的一部分（感情上或者情節上都是），也沒有一定要轉生異世界，現實日常要是能描繪出這些來也很好了。
尤其那種男主能不斷被放置在痛苦或者恐懼之中，一邊流露出作者思考的文字的小說，再好不過。",男主受難,False,宅文化,0.6423922281256227,0.25695689125024906
q4,"由於自己的胃口比較獨特的原因，喜歡男主被拋置於各種不利的情節或者感情中，也是因為這樣，喜歡看那些讓人看完后心緒難以平靜的小說，就我看過的來說，無職，re0，妹妹人生，異世界迷宮最深等，在某種程度上來說都有慘烈的一部分（感情上或者情節上都是），也沒有一定要轉生異世界，現實日常要是能描繪出這些來也很好了。
尤其那種男主能不斷被放置在痛苦或者恐懼之中，一邊流露出作者思考的文字的小說，再好不過。",男主受難,False,校園,0.637766574804873,0.2551066299219492
q4,"由於自己的胃口比較獨特的原因，喜歡男主被拋置於各種不利的情節或者感情中，也是因為這樣，喜歡看那些讓人看完后心緒難以平靜的小說，就我看過的來說，無職，re0，妹妹人生，異世界迷宮最深等，在某種程度上來說都有慘烈的一部分（感情上或者情節上都是），也沒有一定要轉生異世界，現實日常要是能描繪出這些來也很好了。
尤其那種男主能不斷被放置在痛苦或者恐懼之中，一邊流露出作者思考的文字的小說，再好不過。",男主受難,False,同人,0.648658237548913,0.2594632950195652
q4,"由於自己的胃口比較獨特的原因，喜歡男主被拋置於各種不利的情節或者感情中，也是因為這樣，喜歡看那些讓人看完后心緒難以平靜的小說，就我看過的來說，無職，re0，妹妹人生，異世界迷宮最深等，在某種程度上來說都有慘烈的一部分（感情上或者情節上都是），也沒有一定要轉生異世界，現實日常要是能描繪出這些來也很好了。
尤其那種男主能不斷被放置在痛苦或者恐懼之中，一邊流露出作者思考的文字的小說，再好不過。",男主受難,False,偽娘,0.6478832956968045,0.2591533182787218
q4,"由於自己的胃口比較獨特的原因，喜歡男主被拋置於各種不利的情節或者感情中，也是因為這樣，喜歡看那些讓人看完后心緒難以平靜的小說，就我看過的來說，無職，re0，妹妹人生，異世界迷宮最深等，在某種程度上來說都有慘烈的一部分（感情上或者情節上都是），也沒有一定要轉生異世界，現實日常要是能描繪出這些來也很好了。
尤其那種男主能不斷被放置在痛苦或者恐懼之中，一邊流露出作者思考的文字的小說，再好不過。",男主受難,False,NTR,0.6790704496827112,0.2716281798730845
q4,"由於自己的胃口比較獨特的原因，喜歡男主被拋置於各種不利的情節或者感情中，也是因為這樣，喜歡看那些讓人看完后心緒難以平靜的小說，就我看過的來說，無職，re0，妹妹人生，異世界迷宮最深等，在某種程度上來說都有慘烈的一部分（感情上或者情節上都是），也沒有一定要轉生異世界，現實日常要是能描繪出這些來也很好了。
尤其那種男主能不斷被放置在痛苦或者恐懼之中，一邊流露出作者思考的文字的小說，再好不過。",男主受難,False,異能,0.653333410224365,0.261333364089746
q4,"由於自己的胃口比較獨特的原因，喜歡男主被拋置於各種不利的情節或者感情中，也是因為這樣，喜歡看那些讓人看完后心緒難以平靜的小說，就我看過的來說，無職，re0，妹妹人生，異世界迷宮最深等，在某種程度上來說都有慘烈的一部分（感情上或者情節上都是），也沒有一定要轉生異世界，現實日常要是能描繪出這些來也很好了。
尤其那種男主能不斷被放置在痛苦或者恐懼之中，一邊流露出作者思考的文字的小說，再好不過。",男主受難,False,病嬌,0.6713003566653531,0.26852014266614127
q4,"由於自己的胃口比較獨特的原因，喜歡男主被拋置於各種不利的情節或者感情中，也是因為這樣，喜歡看那些讓人看完后心緒難以平靜的小說，就我看過的來說，無職，re0，妹妹人生，異世界迷宮最深等，在某種程度上來說都有慘烈的一部分（感情上或者情節上都是），也沒有一定要轉生異世界，現實日常要是能描繪出這些來也很好了。
尤其那種男主能不斷被放置在痛苦或者恐懼之中，一邊流露出作者思考的文字的小說，再好不過。",男主受難,False,音樂,0.6368324944342396,0.25473299777369585
q4,"由於自己的胃口比較獨特的原因，喜歡男主被拋置於各種不利的情節或者感情中，也是因為這樣，喜歡看那些讓人看完后心緒難以平靜的小說，就我看過的來說，無職，re0，妹妹人生，異世界迷宮最深等，在某種程度上來說都有慘烈的一部分（感情上或者情節上都是），也沒有一定要轉生異世界，現實日常要是能描繪出這些來也很好了。
尤其那種男主能不斷被放置在痛苦或者恐懼之中，一邊流露出作者思考的文字的小說，再好不過。",男主受難,False,戰爭,0.643872804314386,0.2575491217257544
q4,"由於自己的胃口比較獨特的原因，喜歡男主被拋置於各種不利的情節或者感情中，也是因為這樣，喜歡看那些讓人看完后心緒難以平靜的小說，就我看過的來說，無職，re0，妹妹人生，異世界迷宮最深等，在某種程度上來說都有慘烈的一部分（感情上或者情節上都是），也沒有一定要轉生異世界，現實日常要是能描繪出這些來也很好了。
尤其那種男主能不斷被放置在痛苦或者恐懼之中，一邊流露出作者思考的文字的小說，再好不過。",男主受難,False,熱血,0.6585809786254705,0.2634323914501882
q4,"由於自己的胃口比較獨特的原因，喜歡男主被拋置於各種不利的情節或者感情中，也是因為這樣，喜歡看那些讓人看完后心緒難以平靜的小說，就我看過的來說，無職，re0，妹妹人生，異世界迷宮最深等，在某種程度上來說都有慘烈的一部分（感情上或者情節上都是），也沒有一定要轉生異世界，現實日常要是能描繪出這些來也很好了。
尤其那種男主能不斷被放置在痛苦或者恐懼之中，一邊流露出作者思考的文字的小說，再好不過。",男主受難,False,間諜,0.6079091163344623,0.24316364653378494
q4,"由於自己的胃口比較獨特的原因，喜歡男主被拋置於各種不利的情節或者感情中，也是因為這樣，喜歡看那些讓人看完后心緒難以平靜的小說，就我看過的來說，無職，re0，妹妹人生，異世界迷宮最深等，在某種程度上來說都有慘烈的一部分（感情上或者情節上都是），也沒有一定要轉生異世界，現實日常要是能描繪出這些來也很好了。
尤其那種男主能不斷被放置在痛苦或者恐懼之中，一邊流露出作者思考的文字的小說，再好不過。",男主受難,False,冒險,0.6532568280303449,0.261302731212138
q4,"由於自己的胃口比較獨特的原因，喜歡男主被拋置於各種不利的情節或者感情中，也是因為這樣，喜歡看那些讓人看完后心緒難以平靜的小說，就我看過的來說，無職，re0，妹妹人生，異世界迷宮最深等，在某種程度上來說都有慘烈的一部分（感情上或者情節上都是），也沒有一定要轉生異世界，現實日常要是能描繪出這些來也很好了。
尤其那種男主能不斷被放置在痛苦或者恐懼之中，一邊流露出作者思考的文字的小說，再好不過。",男主受難,False,大小姐,0.6209812840901332,0.2483925136360533
q4,"由於自己的胃口比較獨特的原因，喜歡男主被拋置於各種不利的情節或者感情中，也是因為這樣，喜歡看那些讓人看完后心緒難以平靜的小說，就我看過的來說，無職，re0，妹妹人生，異世界迷宮最深等，在某種程度上來說都有慘烈的一部分（感情上或者情節上都是），也沒有一定要轉生異世界，現實日常要是能描繪出這些來也很好了。
尤其那種男主能不斷被放置在痛苦或者恐懼之中，一邊流露出作者思考的文字的小說，再好不過。",男主受難,False,女兒,0.6140599131960455,0.2456239652784182
q4,"由於自己的胃口比較獨特的原因，喜歡男主被拋置於各種不利的情節或者感情中，也是因為這樣，喜歡看那些讓人看完后心緒難以平靜的小說，就我看過的來說，無職，re0，妹妹人生，異世界迷宮最深等，在某種程度上來說都有慘烈的一部分（感情上或者情節上都是），也沒有一定要轉生異世界，現實日常要是能描繪出這些來也很好了。
尤其那種男主能不斷被放置在痛苦或者恐懼之中，一邊流露出作者思考的文字的小說，再好不過。",男主受難,False,人外,0.6643749596797935,0.26574998387191745
q4,"由於自己的胃口比較獨特的原因，喜歡男主被拋置於各種不利的情節或者感情中，也是因為這樣，喜歡看那些讓人看完后心緒難以平靜的小說，就我看過的來說，無職，re0，妹妹人生，異世界迷宮最深等，在某種程度上來說都有慘烈的一部分（感情上或者情節上都是），也沒有一定要轉生異世界，現實日常要是能描繪出這些來也很好了。
尤其那種男主能不斷被放置在痛苦或者恐懼之中，一邊流露出作者思考的文字的小說，再好不過。",男主受難,False,美食,0.6188474162996578,0.24753896651986312
q4,"由於自己的胃口比較獨特的原因，喜歡男主被拋置於各種不利的情節或者感情中，也是因為這樣，喜歡看那些讓人看完后心緒難以平靜的小說，就我看過的來說，無職，re0，妹妹人生，異世界迷宮最深等，在某種程度上來說都有慘烈的一部分（感情上或者情節上都是），也沒有一定要轉生異世界，現實日常要是能描繪出這些來也很好了。
尤其那種男主能不斷被放置在痛苦或者恐懼之中，一邊流露出作者思考的文字的小說，再好不過。",男主受難,False,異世界,0.6524879957831846,0.26099519831327384
q4,"由於自己的胃口比較獨特的原因，喜歡男主被拋置於各種不利的情節或者感情中，也是因為這樣，喜歡看那些讓人看完后心緒難以平靜的小說，就我看過的來說，無職，re0，妹妹人生，異世界迷宮最深等，在某種程度上來說都有慘烈的一部分（感情上或者情節上都是），也沒有一定要轉生異世界，現實日常要是能描繪出這些來也很好了。
尤其那種男主能不斷被放置在痛苦或者恐懼之中，一邊流露出作者思考的文字的小說，再好不過。",男主受難,False,懸疑,0.666265526888268,0.2665062107553072
q4,"由於自己的胃口比較獨特的原因，喜歡男主被拋置於各種不利的情節或者感情中，也是因為這樣，喜歡看那些讓人看完后心緒難以平靜的小說，就我看過的來說，無職，re0，妹妹人生，異世界迷宮最深等，在某種程度上來說都有慘烈的一部分（感情上或者情節上都是），也沒有一定要轉生異世界，現實日常要是能描繪出這些來也很好了。
尤其那種男主能不斷被放置在痛苦或者恐懼之中，一邊流露出作者思考的文字的小說，再好不過。",情感折磨,False,大逃殺,0.64861597948722,0.25944639179488804
q4,"由於自己的胃口比較獨特的原因，喜歡男主被拋置於各種不利的情節或者感情中，也是因為這樣，喜歡看那些讓人看完后心緒難以平靜的小說，就我看過的來說，無職，re0，妹妹人生，異世界迷宮最深等，在某種程度上來說都有慘烈的一部分（感情上或者情節上都是），也沒有一定要轉生異世界，現實日常要是能描繪出這些來也很好了。
尤其那種男主能不斷被放置在痛苦或者恐懼之中，一邊流露出作者思考的文字的小說，再好不過。",情感折磨,False,戀愛,0.6693514458404307,0.2677405783361723
q4,"由於自己的胃口比較獨特的原因，喜歡男主被拋置於各種不利的情節或者感情中，也是因為這樣，喜歡看那些讓人看完后心緒難以平靜的小說，就我看過的來說，無職，re0，妹妹人生，異世界迷宮最深等，在某種程度上來說都有慘烈的一部分（感情上或者情節上都是），也沒有一定要轉生異世界，現實日常要是能描繪出這些來也很好了。
尤其那種男主能不斷被放置在痛苦或者恐懼之中，一邊流露出作者思考的文字的小說，再好不過。",情感折磨,False,犯罪,0.6600186226068867,0.2640074490427547
q4,"由於自己的胃口比較獨特的原因，喜歡男主被拋置於各種不利的情節或者感情中，也是因為這樣，喜歡看那些讓人看完后心緒難以平靜的小說，就我看過的來說，無職，re0，妹妹人生，異世界迷宮最深等，在某種程度上來說都有慘烈的一部分（感情上或者情節上都是），也沒有一定要轉生異世界，現實日常要是能描繪出這些來也很好了。
尤其那種男主能不斷被放置在痛苦或者恐懼之中，一邊流露出作者思考的文字的小說，再好不過。",情感折磨,False,鬥智,0.6599996485486433,0.26399985941945736
q4,"由於自己的胃口比較獨特的原因，喜歡男主被拋置於各種不利的情節或者感情中，也是因為這樣，喜歡看那些讓人看完后心緒難以平靜的小說，就我看過的來說，無職，re0，妹妹人生，異世界迷宮最深等，在某種程度上來說都有慘烈的一部分（感情上或者情節上都是），也沒有一定要轉生異世界，現實日常要是能描繪出這些來也很好了。
尤其那種男主能不斷被放置在痛苦或者恐懼之中，一邊流露出作者思考的文字的小說，再好不過。",情感折磨,False,科幻,0.652461562826172,0.2609846251304688
q4,"由於自己的胃口比較獨特的原因，喜歡男主被拋置於各種不利的情節或者感情中，也是因為這樣，喜歡看那些讓人看完后心緒難以平靜的小說，就我看過的來說，無職，re0，妹妹人生，異世界迷宮最深等，在某種程度上來說都有慘烈的一部分（感情上或者情節上都是），也沒有一定要轉生異世界，現實日常要是能描繪出這些來也很好了。
尤其那種男主能不斷被放置在痛苦或者恐懼之中，一邊流露出作者思考的文字的小說，再好不過。",情感折磨,False,格鬥,0.6186553302337408,0.24746213209349632
q4,"由於自己的胃口比較獨特的原因，喜歡男主被拋置於各種不利的情節或者感情中，也是因為這樣，喜歡看那些讓人看完后心緒難以平靜的小說，就我看過的來說，無職，re0，妹妹人生，異世界迷宮最深等，在某種程度上來說都有慘烈的一部分（感情上或者情節上都是），也沒有一定要轉生異世界，現實日常要是能描繪出這些來也很好了。
尤其那種男主能不斷被放置在痛苦或者恐懼之中，一邊流露出作者思考的文字的小說，再好不過。",情感折磨,False,百合,0.6597745337353557,0.2639098134941423
q4,"由於自己的胃口比較獨特的原因，喜歡男主被拋置於各種不利的情節或者感情中，也是因為這樣，喜歡看那些讓人看完后心緒難以平靜的小說，就我看過的來說，無職，re0，妹妹人生，異世界迷宮最深等，在某種程度上來說都有慘烈的一部分（感情上或者情節上都是），也沒有一定要轉生異世界，現實日常要是能描繪出這些來也很好了。
尤其那種男主能不斷被放置在痛苦或者恐懼之中，一邊流露出作者思考的文字的小說，再好不過。",情感折磨,False,轉生,0.6350203869394311,0.25400815477577243
q4,"由於自己的胃口比較獨特的原因，喜歡男主被拋置於各種不利的情節或者感情中，也是因為這樣，喜歡看那些讓人看完后心緒難以平靜的小說，就我看過的來說，無職，re0，妹妹人生，異世界迷宮最深等，在某種程度上來說都有慘烈的一部分（感情上或者情節上都是），也沒有一定要轉生異世界，現實日常要是能描繪出這些來也很好了。
尤其那種男主能不斷被放置在痛苦或者恐懼之中，一邊流露出作者思考的文字的小說，再好不過。",情感折磨,False,治癒,0.6792221056531546,0.27168884226126183
q4,"由於自己的胃口比較獨特的原因，喜歡男主被拋置於各種不利的情節或者感情中，也是因為這樣，喜歡看那些讓人看完后心緒難以平靜的小說，就我看過的來說，無職，re0，妹妹人生，異世界迷宮最深等，在某種程度上來說都有慘烈的一部分（感情上或者情節上都是），也沒有一定要轉生異世界，現實日常要是能描繪出這些來也很好了。
尤其那種男主能不斷被放置在痛苦或者恐懼之中，一邊流露出作者思考的文字的小說，再好不過。",情感折磨,False,青梅竹馬,0.6321368044764305,0.2528547217905722
q4,"由於自己的胃口比較獨特的原因，喜歡男主被拋置於各種不利的情節或者感情中，也是因為這樣，喜歡看那些讓人看完后心緒難以平靜的小說，就我看過的來說，無職，re0，妹妹人生，異世界迷宮最深等，在某種程度上來說都有慘烈的一部分（感情上或者情節上都是），也沒有一定要轉生異世界，現實日常要是能描繪出這些來也很好了。
尤其那種男主能不斷被放置在痛苦或者恐懼之中，一邊流露出作者思考的文字的小說，再好不過。",情感折磨,False,女性視角,0.6586715538439445,0.26346862153757783
q4,"由於自己的胃口比較獨特的原因，喜歡男主被拋置於各種不利的情節或者感情中，也是因為這樣，喜歡看那些讓人看完后心緒難以平靜的小說，就我看過的來說，無職，re0，妹妹人生，異世界迷宮最深等，在某種程度上來說都有慘烈的一部分（感情上或者情節上都是），也沒有一定要轉生異世界，現實日常要是能描繪出這些來也很好了。
尤其那種男主能不斷被放置在痛苦或者恐懼之中，一邊流露出作者思考的文字的小說，再好不過。",情感折磨,False,性轉,0.6307830022627111,0.25231320090508447
q4,"由於自己的胃口比較獨特的原因，喜歡男主被拋置於各種不利的情節或者感情中，也是因為這樣，喜歡看那些讓人看完后心緒難以平靜的小說，就我看過的來說，無職，re0，妹妹人生，異世界迷宮最深等，在某種程度上來說都有慘烈的一部分（感情上或者情節上都是），也沒有一定要轉生異世界，現實日常要是能描繪出這些來也很好了。
尤其那種男主能不斷被放置在痛苦或者恐懼之中，一邊流露出作者思考的文字的小說，再好不過。",情感折磨,False,溫馨,0.6676248977077841,0.26704995908311363
q4,"由於自己的胃口比較獨特的原因，喜歡男主被拋置於各種不利的情節或者感情中，也是因為這樣，喜歡看那些讓人看完后心緒難以平靜的小說，就我看過的來說，無職，re0，妹妹人生，異世界迷宮最深等，在某種程度上來說都有慘烈的一部分（感情上或者情節上都是），也沒有一定要轉生異世界，現實日常要是能描繪出這些來也很好了。
尤其那種男主能不斷被放置在痛苦或者恐懼之中，一邊流露出作者思考的文字的小說，再好不過。",情感折磨,False,經營,0.6300267389193254,0.25201069556773015
q4,"由於自己的胃口比較獨特的原因，喜歡男主被拋置於各種不利的情節或者感情中，也是因為這樣，喜歡看那些讓人看完后心緒難以平靜的小說，就我看過的來說，無職，re0，妹妹人生，異世界迷宮最深等，在某種程度上來說都有慘烈的一部分（感情上或者情節上都是），也沒有一定要轉生異世界，現實日常要是能描繪出這些來也很好了。
尤其那種男主能不斷被放置在痛苦或者恐懼之中，一邊流露出作者思考的文字的小說，再好不過。",情感折磨,False,獵奇,0.6915344407423124,0.27661377629692496
q4,"由於自己的胃口比較獨特的原因，喜歡男主被拋置於各種不利的情節或者感情中，也是因為這樣，喜歡看那些讓人看完后心緒難以平靜的小說，就我看過的來說，無職，re0，妹妹人生，異世界迷宮最深等，在某種程度上來說都有慘烈的一部分（感情上或者情節上都是），也沒有一定要轉生異世界，現實日常要是能描繪出這些來也很好了。
尤其那種男主能不斷被放置在痛苦或者恐懼之中，一邊流露出作者思考的文字的小說，再好不過。",情感折磨,False,復仇,0.6501764995798429,0.2600705998319372
q4,"由於自己的胃口比較獨特的原因，喜歡男主被拋置於各種不利的情節或者感情中，也是因為這樣，喜歡看那些讓人看完后心緒難以平靜的小說，就我看過的來說，無職，re0，妹妹人生，異世界迷宮最深等，在某種程度上來說都有慘烈的一部分（感情上或者情節上都是），也沒有一定要轉生異世界，現實日常要是能描繪出這些來也很好了。
尤其那種男主能不斷被放置在痛苦或者恐懼之中，一邊流露出作者思考的文字的小說，再好不過。",情感折磨,False,黑暗,0.6976892307989166,0.2790756923195667
q4,"由於自己的胃口比較獨特的原因，喜歡男主被拋置於各種不利的情節或者感情中，也是因為這樣，喜歡看那些讓人看完后心緒難以平靜的小說，就我看過的來說，無職，re0，妹妹人生，異世界迷宮最深等，在某種程度上來說都有慘烈的一部分（感情上或者情節上都是），也沒有一定要轉生異世界，現實日常要是能描繪出這些來也很好了。
尤其那種男主能不斷被放置在痛苦或者恐懼之中，一邊流露出作者思考的文字的小說，再好不過。",情感折磨,False,末日,0.6425640394977574,0.257025615799103
q4,"由於自己的胃口比較獨特的原因，喜歡男主被拋置於各種不利的情節或者感情中，也是因為這樣，喜歡看那些讓人看完后心緒難以平靜的小說，就我看過的來說，無職，re0，妹妹人生，異世界迷宮最深等，在某種程度上來說都有慘烈的一部分（感情上或者情節上都是），也沒有一定要轉生異世界，現實日常要是能描繪出這些來也很好了。
尤其那種男主能不斷被放置在痛苦或者恐懼之中，一邊流露出作者思考的文字的小說，再好不過。",情感折磨,False,遊戲,0.6152490826115767,0.2460996330446307
q4,"由於自己的胃口比較獨特的原因，喜歡男主被拋置於各種不利的情節或者感情中，也是因為這樣，喜歡看那些讓人看完后心緒難以平靜的小說，就我看過的來說，無職，re0，妹妹人生，異世界迷宮最深等，在某種程度上來說都有慘烈的一部分（感情上或者情節上都是），也沒有一定要轉生異世界，現實日常要是能描繪出這些來也很好了。
尤其那種男主能不斷被放置在痛苦或者恐懼之中，一邊流露出作者思考的文字的小說，再好不過。",情感折磨,False,戰鬥,0.630255325833873,0.2521021303335492
q4,"由於自己的胃口比較獨特的原因，喜歡男主被拋置於各種不利的情節或者感情中，也是因為這樣，喜歡看那些讓人看完后心緒難以平靜的小說，就我看過的來說，無職，re0，妹妹人生，異世界迷宮最深等，在某種程度上來說都有慘烈的一部分（感情上或者情節上都是），也沒有一定要轉生異世界，現實日常要是能描繪出這些來也很好了。
尤其那種男主能不斷被放置在痛苦或者恐懼之中，一邊流露出作者思考的文字的小說，再好不過。",情感折磨,False,青春,0.6349768962625904,0.25399075850503616
q4,"由於自己的胃口比較獨特的原因，喜歡男主被拋置於各種不利的情節或者感情中，也是因為這樣，喜歡看那些讓人看完后心緒難以平靜的小說，就我看過的來說，無職，re0，妹妹人生，異世界迷宮最深等，在某種程度上來說都有慘烈的一部分（感情上或者情節上都是），也沒有一定要轉生異世界，現實日常要是能描繪出這些來也很好了。
尤其那種男主能不斷被放置在痛苦或者恐懼之中，一邊流露出作者思考的文字的小說，再好不過。",情感折磨,False,群像,0.6507062660685254,0.2602825064274102
q4,"由於自己的胃口比較獨特的原因，喜歡男主被拋置於各種不利的情節或者感情中，也是因為這樣，喜歡看那些讓人看完后心緒難以平靜的小說，就我看過的來說，無職，re0，妹妹人生，異世界迷宮最深等，在某種程度上來說都有慘烈的一部分（感情上或者情節上都是），也沒有一定要轉生異世界，現實日常要是能描繪出這些來也很好了。
尤其那種男主能不斷被放置在痛苦或者恐懼之中，一邊流露出作者思考的文字的小說，再好不過。",情感折磨,False,歡樂向,0.6742314160162681,0.26969256640650724
q4,"由於自己的胃口比較獨特的原因，喜歡男主被拋置於各種不利的情節或者感情中，也是因為這樣，喜歡看那些讓人看完后心緒難以平靜的小說，就我看過的來說，無職，re0，妹妹人生，異世界迷宮最深等，在某種程度上來說都有慘烈的一部分（感情上或者情節上都是），也沒有一定要轉生異世界，現實日常要是能描繪出這些來也很好了。
尤其那種男主能不斷被放置在痛苦或者恐懼之中，一邊流露出作者思考的文字的小說，再好不過。",情感折磨,False,旅行,0.6401198192040943,0.25604792768163775
q4,"由於自己的胃口比較獨特的原因，喜歡男主被拋置於各種不利的情節或者感情中，也是因為這樣，喜歡看那些讓人看完后心緒難以平靜的小說，就我看過的來說，無職，re0，妹妹人生，異世界迷宮最深等，在某種程度上來說都有慘烈的一部分（感情上或者情節上都是），也沒有一定要轉生異世界，現實日常要是能描繪出這些來也很好了。
尤其那種男主能不斷被放置在痛苦或者恐懼之中，一邊流露出作者思考的文字的小說，再好不過。",情感折磨,False,惡役,0.6669472675034337,0.26677890700137347
q4,"由於自己的胃口比較獨特的原因，喜歡男主被拋置於各種不利的情節或者感情中，也是因為這樣，喜歡看那些讓人看完后心緒難以平靜的小說，就我看過的來說，無職，re0，妹妹人生，異世界迷宮最深等，在某種程度上來說都有慘烈的一部分（感情上或者情節上都是），也沒有一定要轉生異世界，現實日常要是能描繪出這些來也很好了。
尤其那種男主能不斷被放置在痛苦或者恐懼之中，一邊流露出作者思考的文字的小說，再好不過。",情感折磨,False,蘿莉,0.6377038288017353,0.2550815315206941
q4,"由於自己的胃口比較獨特的原因，喜歡男主被拋置於各種不利的情節或者感情中，也是因為這樣，喜歡看那些讓人看完后心緒難以平靜的小說，就我看過的來說，無職，re0，妹妹人生，異世界迷宮最深等，在某種程度上來說都有慘烈的一部分（感情上或者情節上都是），也沒有一定要轉生異世界，現實日常要是能描繪出這些來也很好了。
尤其那種男主能不斷被放置在痛苦或者恐懼之中，一邊流露出作者思考的文字的小說，再好不過。",情感折磨,False,機戰,0.6352354062561266,0.25409416250245065
q4,"由於自己的胃口比較獨特的原因，喜歡男主被拋置於各種不利的情節或者感情中，也是因為這樣，喜歡看那些讓人看完后心緒難以平靜的小說，就我看過的來說，無職，re0，妹妹人生，異世界迷宮最深等，在某種程度上來說都有慘烈的一部分（感情上或者情節上都是），也沒有一定要轉生異世界，現實日常要是能描繪出這些來也很好了。
尤其那種男主能不斷被放置在痛苦或者恐懼之中，一邊流露出作者思考的文字的小說，再好不過。",情感折磨,False,驚悚,0.6777807111020563,0.2711122844408225
q4,"由於自己的胃口比較獨特的原因，喜歡男主被拋置於各種不利的情節或者感情中，也是因為這樣，喜歡看那些讓人看完后心緒難以平靜的小說，就我看過的來說，無職，re0，妹妹人生，異世界迷宮最深等，在某種程度上來說都有慘烈的一部分（感情上或者情節上都是），也沒有一定要轉生異世界，現實日常要是能描繪出這些來也很好了。
尤其那種男主能不斷被放置在痛苦或者恐懼之中，一邊流露出作者思考的文字的小說，再好不過。",情感折磨,False,奇幻,0.6432436993823639,0.2572974797529456
q4,"由於自己的胃口比較獨特的原因，喜歡男主被拋置於各種不利的情節或者感情中，也是因為這樣，喜歡看那些讓人看完后心緒難以平靜的小說，就我看過的來說，無職，re0，妹妹人生，異世界迷宮最深等，在某種程度上來說都有慘烈的一部分（感情上或者情節上都是），也沒有一定要轉生異世界，現實日常要是能描繪出這些來也很好了。
尤其那種男主能不斷被放置在痛苦或者恐懼之中，一邊流露出作者思考的文字的小說，再好不過。",情感折磨,False,JK,0.6501181045619739,0.2600472418247896
q4,"由於自己的胃口比較獨特的原因，喜歡男主被拋置於各種不利的情節或者感情中，也是因為這樣，喜歡看那些讓人看完后心緒難以平靜的小說，就我看過的來說，無職，re0，妹妹人生，異世界迷宮最深等，在某種程度上來說都有慘烈的一部分（感情上或者情節上都是），也沒有一定要轉生異世界，現實日常要是能描繪出這些來也很好了。
尤其那種男主能不斷被放置在痛苦或者恐懼之中，一邊流露出作者思考的文字的小說，再好不過。",情感折磨,False,後宮,0.6588116357364553,0.2635246542945821
q4,"由於自己的胃口比較獨特的原因，喜歡男主被拋置於各種不利的情節或者感情中，也是因為這樣，喜歡看那些讓人看完后心緒難以平靜的小說，就我看過的來說，無職，re0，妹妹人生，異世界迷宮最深等，在某種程度上來說都有慘烈的一部分（感情上或者情節上都是），也沒有一定要轉生異世界，現實日常要是能描繪出這些來也很好了。
尤其那種男主能不斷被放置在痛苦或者恐懼之中，一邊流露出作者思考的文字的小說，再好不過。",情感折磨,False,耽美,0.692634341253542,0.2770537365014168
q4,"由於自己的胃口比較獨特的原因，喜歡男主被拋置於各種不利的情節或者感情中，也是因為這樣，喜歡看那些讓人看完后心緒難以平靜的小說，就我看過的來說，無職，re0，妹妹人生，異世界迷宮最深等，在某種程度上來說都有慘烈的一部分（感情上或者情節上都是），也沒有一定要轉生異世界，現實日常要是能描繪出這些來也很好了。
尤其那種男主能不斷被放置在痛苦或者恐懼之中，一邊流露出作者思考的文字的小說，再好不過。",情感折磨,False,妹妹,0.6329118617017578,0.25316474468070316
q4,"由於自己的胃口比較獨特的原因，喜歡男主被拋置於各種不利的情節或者感情中，也是因為這樣，喜歡看那些讓人看完后心緒難以平靜的小說，就我看過的來說，無職，re0，妹妹人生，異世界迷宮最深等，在某種程度上來說都有慘烈的一部分（感情上或者情節上都是），也沒有一定要轉生異世界，現實日常要是能描繪出這些來也很好了。
尤其那種男主能不斷被放置在痛苦或者恐懼之中，一邊流露出作者思考的文字的小說，再好不過。",情感折磨,False,龍傲天,0.6173831123846365,0.24695324495385462
q4,"由於自己的胃口比較獨特的原因，喜歡男主被拋置於各種不利的情節或者感情中，也是因為這樣，喜歡看那些讓人看完后心緒難以平靜的小說，就我看過的來說，無職，re0，妹妹人生，異世界迷宮最深等，在某種程度上來說都有慘烈的一部分（感情上或者情節上都是），也沒有一定要轉生異世界，現實日常要是能描繪出這些來也很好了。
尤其那種男主能不斷被放置在痛苦或者恐懼之中，一邊流露出作者思考的文字的小說，再好不過。",情感折磨,False,職場,0.6463559585942105,0.2585423834376842
q4,"由於自己的胃口比較獨特的原因，喜歡男主被拋置於各種不利的情節或者感情中，也是因為這樣，喜歡看那些讓人看完后心緒難以平靜的小說，就我看過的來說，無職，re0，妹妹人生，異世界迷宮最深等，在某種程度上來說都有慘烈的一部分（感情上或者情節上都是），也沒有一定要轉生異世界，現實日常要是能描繪出這些來也很好了。
尤其那種男主能不斷被放置在痛苦或者恐懼之中，一邊流露出作者思考的文字的小說，再好不過。",情感折磨,False,推理,0.6608717695569092,0.2643487078227637
q4,"由於自己的胃口比較獨特的原因，喜歡男主被拋置於各種不利的情節或者感情中，也是因為這樣，喜歡看那些讓人看完后心緒難以平靜的小說，就我看過的來說，無職，re0，妹妹人生，異世界迷宮最深等，在某種程度上來說都有慘烈的一部分（感情上或者情節上都是），也沒有一定要轉生異世界，現實日常要是能描繪出這些來也很好了。
尤其那種男主能不斷被放置在痛苦或者恐懼之中，一邊流露出作者思考的文字的小說，再好不過。",情感折磨,False,JC,0.6423381143570079,0.2569352457428032
q4,"由於自己的胃口比較獨特的原因，喜歡男主被拋置於各種不利的情節或者感情中，也是因為這樣，喜歡看那些讓人看完后心緒難以平靜的小說，就我看過的來說，無職，re0，妹妹人生，異世界迷宮最深等，在某種程度上來說都有慘烈的一部分（感情上或者情節上都是），也沒有一定要轉生異世界，現實日常要是能描繪出這些來也很好了。
尤其那種男主能不斷被放置在痛苦或者恐懼之中，一邊流露出作者思考的文字的小說，再好不過。",情感折磨,False,宅文化,0.6305629122967562,0.2522251649187025
q4,"由於自己的胃口比較獨特的原因，喜歡男主被拋置於各種不利的情節或者感情中，也是因為這樣，喜歡看那些讓人看完后心緒難以平靜的小說，就我看過的來說，無職，re0，妹妹人生，異世界迷宮最深等，在某種程度上來說都有慘烈的一部分（感情上或者情節上都是），也沒有一定要轉生異世界，現實日常要是能描繪出這些來也很好了。
尤其那種男主能不斷被放置在痛苦或者恐懼之中，一邊流露出作者思考的文字的小說，再好不過。",情感折磨,False,校園,0.6440247114285715,0.25760988457142864
q4,"由於自己的胃口比較獨特的原因，喜歡男主被拋置於各種不利的情節或者感情中，也是因為這樣，喜歡看那些讓人看完后心緒難以平靜的小說，就我看過的來說，無職，re0，妹妹人生，異世界迷宮最深等，在某種程度上來說都有慘烈的一部分（感情上或者情節上都是），也沒有一定要轉生異世界，現實日常要是能描繪出這些來也很好了。
尤其那種男主能不斷被放置在痛苦或者恐懼之中，一邊流露出作者思考的文字的小說，再好不過。",情感折磨,False,同人,0.6496473870610275,0.259858954824411
q4,"由於自己的胃口比較獨特的原因，喜歡男主被拋置於各種不利的情節或者感情中，也是因為這樣，喜歡看那些讓人看完后心緒難以平靜的小說，就我看過的來說，無職，re0，妹妹人生，異世界迷宮最深等，在某種程度上來說都有慘烈的一部分（感情上或者情節上都是），也沒有一定要轉生異世界，現實日常要是能描繪出這些來也很好了。
尤其那種男主能不斷被放置在痛苦或者恐懼之中，一邊流露出作者思考的文字的小說，再好不過。",情感折磨,False,偽娘,0.6224658998714921,0.24898635994859686
q4,"由於自己的胃口比較獨特的原因，喜歡男主被拋置於各種不利的情節或者感情中，也是因為這樣，喜歡看那些讓人看完后心緒難以平靜的小說，就我看過的來說，無職，re0，妹妹人生，異世界迷宮最深等，在某種程度上來說都有慘烈的一部分（感情上或者情節上都是），也沒有一定要轉生異世界，現實日常要是能描繪出這些來也很好了。
尤其那種男主能不斷被放置在痛苦或者恐懼之中，一邊流露出作者思考的文字的小說，再好不過。",情感折磨,False,NTR,0.6716983209157616,0.26867932836630465
q4,"由於自己的胃口比較獨特的原因，喜歡男主被拋置於各種不利的情節或者感情中，也是因為這樣，喜歡看那些讓人看完后心緒難以平靜的小說，就我看過的來說，無職，re0，妹妹人生，異世界迷宮最深等，在某種程度上來說都有慘烈的一部分（感情上或者情節上都是），也沒有一定要轉生異世界，現實日常要是能描繪出這些來也很好了。
尤其那種男主能不斷被放置在痛苦或者恐懼之中，一邊流露出作者思考的文字的小說，再好不過。",情感折磨,False,異能,0.6339874479470244,0.2535949791788098
q4,"由於自己的胃口比較獨特的原因，喜歡男主被拋置於各種不利的情節或者感情中，也是因為這樣，喜歡看那些讓人看完后心緒難以平靜的小說，就我看過的來說，無職，re0，妹妹人生，異世界迷宮最深等，在某種程度上來說都有慘烈的一部分（感情上或者情節上都是），也沒有一定要轉生異世界，現實日常要是能描繪出這些來也很好了。
尤其那種男主能不斷被放置在痛苦或者恐懼之中，一邊流露出作者思考的文字的小說，再好不過。",情感折磨,False,病嬌,0.682227014010959,0.2728908056043836
q4,"由於自己的胃口比較獨特的原因，喜歡男主被拋置於各種不利的情節或者感情中，也是因為這樣，喜歡看那些讓人看完后心緒難以平靜的小說，就我看過的來說，無職，re0，妹妹人生，異世界迷宮最深等，在某種程度上來說都有慘烈的一部分（感情上或者情節上都是），也沒有一定要轉生異世界，現實日常要是能描繪出這些來也很好了。
尤其那種男主能不斷被放置在痛苦或者恐懼之中，一邊流露出作者思考的文字的小說，再好不過。",情感折磨,False,音樂,0.6639325894117464,0.26557303576469854
q4,"由於自己的胃口比較獨特的原因，喜歡男主被拋置於各種不利的情節或者感情中，也是因為這樣，喜歡看那些讓人看完后心緒難以平靜的小說，就我看過的來說，無職，re0，妹妹人生，異世界迷宮最深等，在某種程度上來說都有慘烈的一部分（感情上或者情節上都是），也沒有一定要轉生異世界，現實日常要是能描繪出這些來也很好了。
尤其那種男主能不斷被放置在痛苦或者恐懼之中，一邊流露出作者思考的文字的小說，再好不過。",情感折磨,False,戰爭,0.644774470741248,0.25790978829649924
q4,"由於自己的胃口比較獨特的原因，喜歡男主被拋置於各種不利的情節或者感情中，也是因為這樣，喜歡看那些讓人看完后心緒難以平靜的小說，就我看過的來說，無職，re0，妹妹人生，異世界迷宮最深等，在某種程度上來說都有慘烈的一部分（感情上或者情節上都是），也沒有一定要轉生異世界，現實日常要是能描繪出這些來也很好了。
尤其那種男主能不斷被放置在痛苦或者恐懼之中，一邊流露出作者思考的文字的小說，再好不過。",情感折磨,False,熱血,0.6567672908968243,0.2627069163587297
q4,"由於自己的胃口比較獨特的原因，喜歡男主被拋置於各種不利的情節或者感情中，也是因為這樣，喜歡看那些讓人看完后心緒難以平靜的小說，就我看過的來說，無職，re0，妹妹人生，異世界迷宮最深等，在某種程度上來說都有慘烈的一部分（感情上或者情節上都是），也沒有一定要轉生異世界，現實日常要是能描繪出這些來也很好了。
尤其那種男主能不斷被放置在痛苦或者恐懼之中，一邊流露出作者思考的文字的小說，再好不過。",情感折磨,False,間諜,0.6225745186851663,0.24902980747406656
q4,"由於自己的胃口比較獨特的原因，喜歡男主被拋置於各種不利的情節或者感情中，也是因為這樣，喜歡看那些讓人看完后心緒難以平靜的小說，就我看過的來說，無職，re0，妹妹人生，異世界迷宮最深等，在某種程度上來說都有慘烈的一部分（感情上或者情節上都是），也沒有一定要轉生異世界，現實日常要是能描繪出這些來也很好了。
尤其那種男主能不斷被放置在痛苦或者恐懼之中，一邊流露出作者思考的文字的小說，再好不過。",情感折磨,False,冒險,0.6350094583506993,0.25400378334027973
q4,"由於自己的胃口比較獨特的原因，喜歡男主被拋置於各種不利的情節或者感情中，也是因為這樣，喜歡看那些讓人看完后心緒難以平靜的小說，就我看過的來說，無職，re0，妹妹人生，異世界迷宮最深等，在某種程度上來說都有慘烈的一部分（感情上或者情節上都是），也沒有一定要轉生異世界，現實日常要是能描繪出這些來也很好了。
尤其那種男主能不斷被放置在痛苦或者恐懼之中，一邊流露出作者思考的文字的小說，再好不過。",情感折磨,False,大小姐,0.6295619307271275,0.25182477229085104
q4,"由於自己的胃口比較獨特的原因，喜歡男主被拋置於各種不利的情節或者感情中，也是因為這樣，喜歡看那些讓人看完后心緒難以平靜的小說，就我看過的來說，無職，re0，妹妹人生，異世界迷宮最深等，在某種程度上來說都有慘烈的一部分（感情上或者情節上都是），也沒有一定要轉生異世界，現實日常要是能描繪出這些來也很好了。
尤其那種男主能不斷被放置在痛苦或者恐懼之中，一邊流露出作者思考的文字的小說，再好不過。",情感折磨,False,女兒,0.6253729472116901,0.2501491788846761
q4,"由於自己的胃口比較獨特的原因，喜歡男主被拋置於各種不利的情節或者感情中，也是因為這樣，喜歡看那些讓人看完后心緒難以平靜的小說，就我看過的來說，無職，re0，妹妹人生，異世界迷宮最深等，在某種程度上來說都有慘烈的一部分（感情上或者情節上都是），也沒有一定要轉生異世界，現實日常要是能描繪出這些來也很好了。
尤其那種男主能不斷被放置在痛苦或者恐懼之中，一邊流露出作者思考的文字的小說，再好不過。",情感折磨,False,人外,0.6563116061849843,0.2625246424739937
q4,"由於自己的胃口比較獨特的原因，喜歡男主被拋置於各種不利的情節或者感情中，也是因為這樣，喜歡看那些讓人看完后心緒難以平靜的小說，就我看過的來說，無職，re0，妹妹人生，異世界迷宮最深等，在某種程度上來說都有慘烈的一部分（感情上或者情節上都是），也沒有一定要轉生異世界，現實日常要是能描繪出這些來也很好了。
尤其那種男主能不斷被放置在痛苦或者恐懼之中，一邊流露出作者思考的文字的小說，再好不過。",情感折磨,False,美食,0.6265272494366562,0.2506108997746625
q4,"由於自己的胃口比較獨特的原因，喜歡男主被拋置於各種不利的情節或者感情中，也是因為這樣，喜歡看那些讓人看完后心緒難以平靜的小說，就我看過的來說，無職，re0，妹妹人生，異世界迷宮最深等，在某種程度上來說都有慘烈的一部分（感情上或者情節上都是），也沒有一定要轉生異世界，現實日常要是能描繪出這些來也很好了。
尤其那種男主能不斷被放置在痛苦或者恐懼之中，一邊流露出作者思考的文字的小說，再好不過。",情感折磨,False,懸疑,0.6721379987114859,0.2688551994845944
q4,"由於自己的胃口比較獨特的原因，喜歡男主被拋置於各種不利的情節或者感情中，也是因為這樣，喜歡看那些讓人看完后心緒難以平靜的小說，就我看過的來說，無職，re0，妹妹人生，異世界迷宮最深等，在某種程度上來說都有慘烈的一部分（感情上或者情節上都是），也沒有一定要轉生異世界，現實日常要是能描繪出這些來也很好了。
尤其那種男主能不斷被放置在痛苦或者恐懼之中，一邊流露出作者思考的文字的小說，再好不過。",心理痛苦,False,大逃殺,0.6446279456230539,0.2578511782492216
q4,"由於自己的胃口比較獨特的原因，喜歡男主被拋置於各種不利的情節或者感情中，也是因為這樣，喜歡看那些讓人看完后心緒難以平靜的小說，就我看過的來說，無職，re0，妹妹人生，異世界迷宮最深等，在某種程度上來說都有慘烈的一部分（感情上或者情節上都是），也沒有一定要轉生異世界，現實日常要是能描繪出這些來也很好了。
尤其那種男主能不斷被放置在痛苦或者恐懼之中，一邊流露出作者思考的文字的小說，再好不過。",心理痛苦,False,戀愛,0.6372990078390746,0.25491960313562984
q4,"由於自己的胃口比較獨特的原因，喜歡男主被拋置於各種不利的情節或者感情中，也是因為這樣，喜歡看那些讓人看完后心緒難以平靜的小說，就我看過的來說，無職，re0，妹妹人生，異世界迷宮最深等，在某種程度上來說都有慘烈的一部分（感情上或者情節上都是），也沒有一定要轉生異世界，現實日常要是能描繪出這些來也很好了。
尤其那種男主能不斷被放置在痛苦或者恐懼之中，一邊流露出作者思考的文字的小說，再好不過。",心理痛苦,False,犯罪,0.6575566012214997,0.2630226404885999
q4,"由於自己的胃口比較獨特的原因，喜歡男主被拋置於各種不利的情節或者感情中，也是因為這樣，喜歡看那些讓人看完后心緒難以平靜的小說，就我看過的來說，無職，re0，妹妹人生，異世界迷宮最深等，在某種程度上來說都有慘烈的一部分（感情上或者情節上都是），也沒有一定要轉生異世界，現實日常要是能描繪出這些來也很好了。
尤其那種男主能不斷被放置在痛苦或者恐懼之中，一邊流露出作者思考的文字的小說，再好不過。",心理痛苦,False,鬥智,0.6511003699922596,0.26044014799690385
q4,"由於自己的胃口比較獨特的原因，喜歡男主被拋置於各種不利的情節或者感情中，也是因為這樣，喜歡看那些讓人看完后心緒難以平靜的小說，就我看過的來說，無職，re0，妹妹人生，異世界迷宮最深等，在某種程度上來說都有慘烈的一部分（感情上或者情節上都是），也沒有一定要轉生異世界，現實日常要是能描繪出這些來也很好了。
尤其那種男主能不斷被放置在痛苦或者恐懼之中，一邊流露出作者思考的文字的小說，再好不過。",心理痛苦,False,科幻,0.6482713484539262,0.2593085393815705
q4,"由於自己的胃口比較獨特的原因，喜歡男主被拋置於各種不利的情節或者感情中，也是因為這樣，喜歡看那些讓人看完后心緒難以平靜的小說，就我看過的來說，無職，re0，妹妹人生，異世界迷宮最深等，在某種程度上來說都有慘烈的一部分（感情上或者情節上都是），也沒有一定要轉生異世界，現實日常要是能描繪出這些來也很好了。
尤其那種男主能不斷被放置在痛苦或者恐懼之中，一邊流露出作者思考的文字的小說，再好不過。",心理痛苦,False,百合,0.6342932111546021,0.2537172844618409
q4,"由於自己的胃口比較獨特的原因，喜歡男主被拋置於各種不利的情節或者感情中，也是因為這樣，喜歡看那些讓人看完后心緒難以平靜的小說，就我看過的來說，無職，re0，妹妹人生，異世界迷宮最深等，在某種程度上來說都有慘烈的一部分（感情上或者情節上都是），也沒有一定要轉生異世界，現實日常要是能描繪出這些來也很好了。
尤其那種男主能不斷被放置在痛苦或者恐懼之中，一邊流露出作者思考的文字的小說，再好不過。",心理痛苦,False,轉生,0.630447042770266,0.2521788171081064
q4,"由於自己的胃口比較獨特的原因，喜歡男主被拋置於各種不利的情節或者感情中，也是因為這樣，喜歡看那些讓人看完后心緒難以平靜的小說，就我看過的來說，無職，re0，妹妹人生，異世界迷宮最深等，在某種程度上來說都有慘烈的一部分（感情上或者情節上都是），也沒有一定要轉生異世界，現實日常要是能描繪出這些來也很好了。
尤其那種男主能不斷被放置在痛苦或者恐懼之中，一邊流露出作者思考的文字的小說，再好不過。",心理痛苦,False,治癒,0.6634466096002257,0.2653786438400903
q4,"由於自己的胃口比較獨特的原因，喜歡男主被拋置於各種不利的情節或者感情中，也是因為這樣，喜歡看那些讓人看完后心緒難以平靜的小說，就我看過的來說，無職，re0，妹妹人生，異世界迷宮最深等，在某種程度上來說都有慘烈的一部分（感情上或者情節上都是），也沒有一定要轉生異世界，現實日常要是能描繪出這些來也很好了。
尤其那種男主能不斷被放置在痛苦或者恐懼之中，一邊流露出作者思考的文字的小說，再好不過。",心理痛苦,False,女性視角,0.6539742716183625,0.26158970864734504
q4,"由於自己的胃口比較獨特的原因，喜歡男主被拋置於各種不利的情節或者感情中，也是因為這樣，喜歡看那些讓人看完后心緒難以平靜的小說，就我看過的來說，無職，re0，妹妹人生，異世界迷宮最深等，在某種程度上來說都有慘烈的一部分（感情上或者情節上都是），也沒有一定要轉生異世界，現實日常要是能描繪出這些來也很好了。
尤其那種男主能不斷被放置在痛苦或者恐懼之中，一邊流露出作者思考的文字的小說，再好不過。",心理痛苦,False,性轉,0.6240382072550398,0.24961528290201593
q4,"由於自己的胃口比較獨特的原因，喜歡男主被拋置於各種不利的情節或者感情中，也是因為這樣，喜歡看那些讓人看完后心緒難以平靜的小說，就我看過的來說，無職，re0，妹妹人生，異世界迷宮最深等，在某種程度上來說都有慘烈的一部分（感情上或者情節上都是），也沒有一定要轉生異世界，現實日常要是能描繪出這些來也很好了。
尤其那種男主能不斷被放置在痛苦或者恐懼之中，一邊流露出作者思考的文字的小說，再好不過。",心理痛苦,False,溫馨,0.6451804720120663,0.2580721888048265
q4,"由於自己的胃口比較獨特的原因，喜歡男主被拋置於各種不利的情節或者感情中，也是因為這樣，喜歡看那些讓人看完后心緒難以平靜的小說，就我看過的來說，無職，re0，妹妹人生，異世界迷宮最深等，在某種程度上來說都有慘烈的一部分（感情上或者情節上都是），也沒有一定要轉生異世界，現實日常要是能描繪出這些來也很好了。
尤其那種男主能不斷被放置在痛苦或者恐懼之中，一邊流露出作者思考的文字的小說，再好不過。",心理痛苦,False,經營,0.6155922483027875,0.246236899321115
q4,"由於自己的胃口比較獨特的原因，喜歡男主被拋置於各種不利的情節或者感情中，也是因為這樣，喜歡看那些讓人看完后心緒難以平靜的小說，就我看過的來說，無職，re0，妹妹人生，異世界迷宮最深等，在某種程度上來說都有慘烈的一部分（感情上或者情節上都是），也沒有一定要轉生異世界，現實日常要是能描繪出這些來也很好了。
尤其那種男主能不斷被放置在痛苦或者恐懼之中，一邊流露出作者思考的文字的小說，再好不過。",心理痛苦,False,獵奇,0.6933109230892419,0.27732436923569675
q4,"由於自己的胃口比較獨特的原因，喜歡男主被拋置於各種不利的情節或者感情中，也是因為這樣，喜歡看那些讓人看完后心緒難以平靜的小說，就我看過的來說，無職，re0，妹妹人生，異世界迷宮最深等，在某種程度上來說都有慘烈的一部分（感情上或者情節上都是），也沒有一定要轉生異世界，現實日常要是能描繪出這些來也很好了。
尤其那種男主能不斷被放置在痛苦或者恐懼之中，一邊流露出作者思考的文字的小說，再好不過。",心理痛苦,False,復仇,0.6349176891450816,0.25396707565803267
q4,"由於自己的胃口比較獨特的原因，喜歡男主被拋置於各種不利的情節或者感情中，也是因為這樣，喜歡看那些讓人看完后心緒難以平靜的小說，就我看過的來說，無職，re0，妹妹人生，異世界迷宮最深等，在某種程度上來說都有慘烈的一部分（感情上或者情節上都是），也沒有一定要轉生異世界，現實日常要是能描繪出這些來也很好了。
尤其那種男主能不斷被放置在痛苦或者恐懼之中，一邊流露出作者思考的文字的小說，再好不過。",心理痛苦,False,黑暗,0.7008995045543978,0.2803598018217591
q4,"由於自己的胃口比較獨特的原因，喜歡男主被拋置於各種不利的情節或者感情中，也是因為這樣，喜歡看那些讓人看完后心緒難以平靜的小說，就我看過的來說，無職，re0，妹妹人生，異世界迷宮最深等，在某種程度上來說都有慘烈的一部分（感情上或者情節上都是），也沒有一定要轉生異世界，現實日常要是能描繪出這些來也很好了。
尤其那種男主能不斷被放置在痛苦或者恐懼之中，一邊流露出作者思考的文字的小說，再好不過。",心理痛苦,False,末日,0.6391166115849658,0.25564664463398634
q4,"由於自己的胃口比較獨特的原因，喜歡男主被拋置於各種不利的情節或者感情中，也是因為這樣，喜歡看那些讓人看完后心緒難以平靜的小說，就我看過的來說，無職，re0，妹妹人生，異世界迷宮最深等，在某種程度上來說都有慘烈的一部分（感情上或者情節上都是），也沒有一定要轉生異世界，現實日常要是能描繪出這些來也很好了。
尤其那種男主能不斷被放置在痛苦或者恐懼之中，一邊流露出作者思考的文字的小說，再好不過。",心理痛苦,False,遊戲,0.6050930269435745,0.2420372107774298
q4,"由於自己的胃口比較獨特的原因，喜歡男主被拋置於各種不利的情節或者感情中，也是因為這樣，喜歡看那些讓人看完后心緒難以平靜的小說，就我看過的來說，無職，re0，妹妹人生，異世界迷宮最深等，在某種程度上來說都有慘烈的一部分（感情上或者情節上都是），也沒有一定要轉生異世界，現實日常要是能描繪出這些來也很好了。
尤其那種男主能不斷被放置在痛苦或者恐懼之中，一邊流露出作者思考的文字的小說，再好不過。",心理痛苦,False,戰鬥,0.6212077783197198,0.24848311132788795
q4,"由於自己的胃口比較獨特的原因，喜歡男主被拋置於各種不利的情節或者感情中，也是因為這樣，喜歡看那些讓人看完后心緒難以平靜的小說，就我看過的來說，無職，re0，妹妹人生，異世界迷宮最深等，在某種程度上來說都有慘烈的一部分（感情上或者情節上都是），也沒有一定要轉生異世界，現實日常要是能描繪出這些來也很好了。
尤其那種男主能不斷被放置在痛苦或者恐懼之中，一邊流露出作者思考的文字的小說，再好不過。",心理痛苦,False,群像,0.6428370768064202,0.2571348307225681
q4,"由於自己的胃口比較獨特的原因，喜歡男主被拋置於各種不利的情節或者感情中，也是因為這樣，喜歡看那些讓人看完后心緒難以平靜的小說，就我看過的來說，無職，re0，妹妹人生，異世界迷宮最深等，在某種程度上來說都有慘烈的一部分（感情上或者情節上都是），也沒有一定要轉生異世界，現實日常要是能描繪出這些來也很好了。
尤其那種男主能不斷被放置在痛苦或者恐懼之中，一邊流露出作者思考的文字的小說，再好不過。",心理痛苦,False,歡樂向,0.6642700782881795,0.2657080313152718
q4,"由於自己的胃口比較獨特的原因，喜歡男主被拋置於各種不利的情節或者感情中，也是因為這樣，喜歡看那些讓人看完后心緒難以平靜的小說，就我看過的來說，無職，re0，妹妹人生，異世界迷宮最深等，在某種程度上來說都有慘烈的一部分（感情上或者情節上都是），也沒有一定要轉生異世界，現實日常要是能描繪出這些來也很好了。
尤其那種男主能不斷被放置在痛苦或者恐懼之中，一邊流露出作者思考的文字的小說，再好不過。",心理痛苦,False,旅行,0.6289846199716412,0.2515938479886565
q4,"由於自己的胃口比較獨特的原因，喜歡男主被拋置於各種不利的情節或者感情中，也是因為這樣，喜歡看那些讓人看完后心緒難以平靜的小說，就我看過的來說，無職，re0，妹妹人生，異世界迷宮最深等，在某種程度上來說都有慘烈的一部分（感情上或者情節上都是），也沒有一定要轉生異世界，現實日常要是能描繪出這些來也很好了。
尤其那種男主能不斷被放置在痛苦或者恐懼之中，一邊流露出作者思考的文字的小說，再好不過。",心理痛苦,False,惡役,0.6591257349847734,0.2636502939939094
q4,"由於自己的胃口比較獨特的原因，喜歡男主被拋置於各種不利的情節或者感情中，也是因為這樣，喜歡看那些讓人看完后心緒難以平靜的小說，就我看過的來說，無職，re0，妹妹人生，異世界迷宮最深等，在某種程度上來說都有慘烈的一部分（感情上或者情節上都是），也沒有一定要轉生異世界，現實日常要是能描繪出這些來也很好了。
尤其那種男主能不斷被放置在痛苦或者恐懼之中，一邊流露出作者思考的文字的小說，再好不過。",心理痛苦,False,機戰,0.6172576130427717,0.2469030452171087
q4,"由於自己的胃口比較獨特的原因，喜歡男主被拋置於各種不利的情節或者感情中，也是因為這樣，喜歡看那些讓人看完后心緒難以平靜的小說，就我看過的來說，無職，re0，妹妹人生，異世界迷宮最深等，在某種程度上來說都有慘烈的一部分（感情上或者情節上都是），也沒有一定要轉生異世界，現實日常要是能描繪出這些來也很好了。
尤其那種男主能不斷被放置在痛苦或者恐懼之中，一邊流露出作者思考的文字的小說，再好不過。",心理痛苦,False,驚悚,0.6887992334284272,0.2755196933713709
q4,"由於自己的胃口比較獨特的原因，喜歡男主被拋置於各種不利的情節或者感情中，也是因為這樣，喜歡看那些讓人看完后心緒難以平靜的小說，就我看過的來說，無職，re0，妹妹人生，異世界迷宮最深等，在某種程度上來說都有慘烈的一部分（感情上或者情節上都是），也沒有一定要轉生異世界，現實日常要是能描繪出這些來也很好了。
尤其那種男主能不斷被放置在痛苦或者恐懼之中，一邊流露出作者思考的文字的小說，再好不過。",心理痛苦,False,JK,0.6439542370076091,0.25758169480304366
q4,"由於自己的胃口比較獨特的原因，喜歡男主被拋置於各種不利的情節或者感情中，也是因為這樣，喜歡看那些讓人看完后心緒難以平靜的小說，就我看過的來說，無職，re0，妹妹人生，異世界迷宮最深等，在某種程度上來說都有慘烈的一部分（感情上或者情節上都是），也沒有一定要轉生異世界，現實日常要是能描繪出這些來也很好了。
尤其那種男主能不斷被放置在痛苦或者恐懼之中，一邊流露出作者思考的文字的小說，再好不過。",心理痛苦,False,後宮,0.6356689803597155,0.2542675921438862
q4,"由於自己的胃口比較獨特的原因，喜歡男主被拋置於各種不利的情節或者感情中，也是因為這樣，喜歡看那些讓人看完后心緒難以平靜的小說，就我看過的來說，無職，re0，妹妹人生，異世界迷宮最深等，在某種程度上來說都有慘烈的一部分（感情上或者情節上都是），也沒有一定要轉生異世界，現實日常要是能描繪出這些來也很好了。
尤其那種男主能不斷被放置在痛苦或者恐懼之中，一邊流露出作者思考的文字的小說，再好不過。",心理痛苦,False,耽美,0.6664889892889936,0.26659559571559743
q4,"由於自己的胃口比較獨特的原因，喜歡男主被拋置於各種不利的情節或者感情中，也是因為這樣，喜歡看那些讓人看完后心緒難以平靜的小說，就我看過的來說，無職，re0，妹妹人生，異世界迷宮最深等，在某種程度上來說都有慘烈的一部分（感情上或者情節上都是），也沒有一定要轉生異世界，現實日常要是能描繪出這些來也很好了。
尤其那種男主能不斷被放置在痛苦或者恐懼之中，一邊流露出作者思考的文字的小說，再好不過。",心理痛苦,False,職場,0.6358643981474117,0.2543457592589647
q4,"由於自己的胃口比較獨特的原因，喜歡男主被拋置於各種不利的情節或者感情中，也是因為這樣，喜歡看那些讓人看完后心緒難以平靜的小說，就我看過的來說，無職，re0，妹妹人生，異世界迷宮最深等，在某種程度上來說都有慘烈的一部分（感情上或者情節上都是），也沒有一定要轉生異世界，現實日常要是能描繪出這些來也很好了。
尤其那種男主能不斷被放置在痛苦或者恐懼之中，一邊流露出作者思考的文字的小說，再好不過。",心理痛苦,False,推理,0.651521144240553,0.2606084576962212
q4,"由於自己的胃口比較獨特的原因，喜歡男主被拋置於各種不利的情節或者感情中，也是因為這樣，喜歡看那些讓人看完后心緒難以平靜的小說，就我看過的來說，無職，re0，妹妹人生，異世界迷宮最深等，在某種程度上來說都有慘烈的一部分（感情上或者情節上都是），也沒有一定要轉生異世界，現實日常要是能描繪出這些來也很好了。
尤其那種男主能不斷被放置在痛苦或者恐懼之中，一邊流露出作者思考的文字的小說，再好不過。",心理痛苦,False,腦洞,0.6453046187591531,0.25812184750366124
q4,"由於自己的胃口比較獨特的原因，喜歡男主被拋置於各種不利的情節或者感情中，也是因為這樣，喜歡看那些讓人看完后心緒難以平靜的小說，就我看過的來說，無職，re0，妹妹人生，異世界迷宮最深等，在某種程度上來說都有慘烈的一部分（感情上或者情節上都是），也沒有一定要轉生異世界，現實日常要是能描繪出這些來也很好了。
尤其那種男主能不斷被放置在痛苦或者恐懼之中，一邊流露出作者思考的文字的小說，再好不過。",心理痛苦,False,JC,0.6310582344664616,0.2524232937865846
q4,"由於自己的胃口比較獨特的原因，喜歡男主被拋置於各種不利的情節或者感情中，也是因為這樣，喜歡看那些讓人看完后心緒難以平靜的小說，就我看過的來說，無職，re0，妹妹人生，異世界迷宮最深等，在某種程度上來說都有慘烈的一部分（感情上或者情節上都是），也沒有一定要轉生異世界，現實日常要是能描繪出這些來也很好了。
尤其那種男主能不斷被放置在痛苦或者恐懼之中，一邊流露出作者思考的文字的小說，再好不過。",心理痛苦,False,宅文化,0.622111991082975,0.24884479643319002
q4,"由於自己的胃口比較獨特的原因，喜歡男主被拋置於各種不利的情節或者感情中，也是因為這樣，喜歡看那些讓人看完后心緒難以平靜的小說，就我看過的來說，無職，re0，妹妹人生，異世界迷宮最深等，在某種程度上來說都有慘烈的一部分（感情上或者情節上都是），也沒有一定要轉生異世界，現實日常要是能描繪出這些來也很好了。
尤其那種男主能不斷被放置在痛苦或者恐懼之中，一邊流露出作者思考的文字的小說，再好不過。",心理痛苦,False,校園,0.633457020680096,0.2533828082720384
q4,"由於自己的胃口比較獨特的原因，喜歡男主被拋置於各種不利的情節或者感情中，也是因為這樣，喜歡看那些讓人看完后心緒難以平靜的小說，就我看過的來說，無職，re0，妹妹人生，異世界迷宮最深等，在某種程度上來說都有慘烈的一部分（感情上或者情節上都是），也沒有一定要轉生異世界，現實日常要是能描繪出這些來也很好了。
尤其那種男主能不斷被放置在痛苦或者恐懼之中，一邊流露出作者思考的文字的小說，再好不過。",心理痛苦,False,NTR,0.6542442294336901,0.26169769177347607
q4,"由於自己的胃口比較獨特的原因，喜歡男主被拋置於各種不利的情節或者感情中，也是因為這樣，喜歡看那些讓人看完后心緒難以平靜的小說，就我看過的來說，無職，re0，妹妹人生，異世界迷宮最深等，在某種程度上來說都有慘烈的一部分（感情上或者情節上都是），也沒有一定要轉生異世界，現實日常要是能描繪出這些來也很好了。
尤其那種男主能不斷被放置在痛苦或者恐懼之中，一邊流露出作者思考的文字的小說，再好不過。",心理痛苦,False,異能,0.6377407450978021,0.2550962980391209
q4,"由於自己的胃口比較獨特的原因，喜歡男主被拋置於各種不利的情節或者感情中，也是因為這樣，喜歡看那些讓人看完后心緒難以平靜的小說，就我看過的來說，無職，re0，妹妹人生，異世界迷宮最深等，在某種程度上來說都有慘烈的一部分（感情上或者情節上都是），也沒有一定要轉生異世界，現實日常要是能描繪出這些來也很好了。
尤其那種男主能不斷被放置在痛苦或者恐懼之中，一邊流露出作者思考的文字的小說，再好不過。",心理痛苦,False,病嬌,0.6840845960651181,0.2736338384260472
q4,"由於自己的胃口比較獨特的原因，喜歡男主被拋置於各種不利的情節或者感情中，也是因為這樣，喜歡看那些讓人看完后心緒難以平靜的小說，就我看過的來說，無職，re0，妹妹人生，異世界迷宮最深等，在某種程度上來說都有慘烈的一部分（感情上或者情節上都是），也沒有一定要轉生異世界，現實日常要是能描繪出這些來也很好了。
尤其那種男主能不斷被放置在痛苦或者恐懼之中，一邊流露出作者思考的文字的小說，再好不過。",心理痛苦,False,音樂,0.6396862103303027,0.2558744841321211
q4,"由於自己的胃口比較獨特的原因，喜歡男主被拋置於各種不利的情節或者感情中，也是因為這樣，喜歡看那些讓人看完后心緒難以平靜的小說，就我看過的來說，無職，re0，妹妹人生，異世界迷宮最深等，在某種程度上來說都有慘烈的一部分（感情上或者情節上都是），也沒有一定要轉生異世界，現實日常要是能描繪出這些來也很好了。
尤其那種男主能不斷被放置在痛苦或者恐懼之中，一邊流露出作者思考的文字的小說，再好不過。",心理痛苦,False,戰爭,0.6379170073610251,0.25516680294441
q4,"由於自己的胃口比較獨特的原因，喜歡男主被拋置於各種不利的情節或者感情中，也是因為這樣，喜歡看那些讓人看完后心緒難以平靜的小說，就我看過的來說，無職，re0，妹妹人生，異世界迷宮最深等，在某種程度上來說都有慘烈的一部分（感情上或者情節上都是），也沒有一定要轉生異世界，現實日常要是能描繪出這些來也很好了。
尤其那種男主能不斷被放置在痛苦或者恐懼之中，一邊流露出作者思考的文字的小說，再好不過。",心理痛苦,False,熱血,0.631544416263365,0.252617766505346
q4,"由於自己的胃口比較獨特的原因，喜歡男主被拋置於各種不利的情節或者感情中，也是因為這樣，喜歡看那些讓人看完后心緒難以平靜的小說，就我看過的來說，無職，re0，妹妹人生，異世界迷宮最深等，在某種程度上來說都有慘烈的一部分（感情上或者情節上都是），也沒有一定要轉生異世界，現實日常要是能描繪出這些來也很好了。
尤其那種男主能不斷被放置在痛苦或者恐懼之中，一邊流露出作者思考的文字的小說，再好不過。",心理痛苦,False,間諜,0.6041647188181433,0.24166588752725732
q4,"由於自己的胃口比較獨特的原因，喜歡男主被拋置於各種不利的情節或者感情中，也是因為這樣，喜歡看那些讓人看完后心緒難以平靜的小說，就我看過的來說，無職，re0，妹妹人生，異世界迷宮最深等，在某種程度上來說都有慘烈的一部分（感情上或者情節上都是），也沒有一定要轉生異世界，現實日常要是能描繪出這些來也很好了。
尤其那種男主能不斷被放置在痛苦或者恐懼之中，一邊流露出作者思考的文字的小說，再好不過。",心理痛苦,False,冒險,0.6271351188581766,0.2508540475432707
q4,"由於自己的胃口比較獨特的原因，喜歡男主被拋置於各種不利的情節或者感情中，也是因為這樣，喜歡看那些讓人看完后心緒難以平靜的小說，就我看過的來說，無職，re0，妹妹人生，異世界迷宮最深等，在某種程度上來說都有慘烈的一部分（感情上或者情節上都是），也沒有一定要轉生異世界，現實日常要是能描繪出這些來也很好了。
尤其那種男主能不斷被放置在痛苦或者恐懼之中，一邊流露出作者思考的文字的小說，再好不過。",心理痛苦,False,女兒,0.6093154517115456,0.24372618068461824
q4,"由於自己的胃口比較獨特的原因，喜歡男主被拋置於各種不利的情節或者感情中，也是因為這樣，喜歡看那些讓人看完后心緒難以平靜的小說，就我看過的來說，無職，re0，妹妹人生，異世界迷宮最深等，在某種程度上來說都有慘烈的一部分（感情上或者情節上都是），也沒有一定要轉生異世界，現實日常要是能描繪出這些來也很好了。
尤其那種男主能不斷被放置在痛苦或者恐懼之中，一邊流露出作者思考的文字的小說，再好不過。",心理痛苦,False,人外,0.6498809464363622,0.2599523785745449
q4,"由於自己的胃口比較獨特的原因，喜歡男主被拋置於各種不利的情節或者感情中，也是因為這樣，喜歡看那些讓人看完后心緒難以平靜的小說，就我看過的來說，無職，re0，妹妹人生，異世界迷宮最深等，在某種程度上來說都有慘烈的一部分（感情上或者情節上都是），也沒有一定要轉生異世界，現實日常要是能描繪出這些來也很好了。
尤其那種男主能不斷被放置在痛苦或者恐懼之中，一邊流露出作者思考的文字的小說，再好不過。",心理痛苦,False,美食,0.6038232253587077,0.2415292901434831
q4,"由於自己的胃口比較獨特的原因，喜歡男主被拋置於各種不利的情節或者感情中，也是因為這樣，喜歡看那些讓人看完后心緒難以平靜的小說，就我看過的來說，無職，re0，妹妹人生，異世界迷宮最深等，在某種程度上來說都有慘烈的一部分（感情上或者情節上都是），也沒有一定要轉生異世界，現實日常要是能描繪出這些來也很好了。
尤其那種男主能不斷被放置在痛苦或者恐懼之中，一邊流露出作者思考的文字的小說，再好不過。",心理痛苦,False,異世界,0.633437046745196,0.2533748186980784
q4,"由於自己的胃口比較獨特的原因，喜歡男主被拋置於各種不利的情節或者感情中，也是因為這樣，喜歡看那些讓人看完后心緒難以平靜的小說，就我看過的來說，無職，re0，妹妹人生，異世界迷宮最深等，在某種程度上來說都有慘烈的一部分（感情上或者情節上都是），也沒有一定要轉生異世界，現實日常要是能描繪出這些來也很好了。
尤其那種男主能不斷被放置在痛苦或者恐懼之中，一邊流露出作者思考的文字的小說，再好不過。",心理痛苦,False,懸疑,0.6744013992129692,0.2697605596851877
q4,"由於自己的胃口比較獨特的原因，喜歡男主被拋置於各種不利的情節或者感情中，也是因為這樣，喜歡看那些讓人看完后心緒難以平靜的小說，就我看過的來說，無職，re0，妹妹人生，異世界迷宮最深等，在某種程度上來說都有慘烈的一部分（感情上或者情節上都是），也沒有一定要轉生異世界，現實日常要是能描繪出這些來也很好了。
尤其那種男主能不斷被放置在痛苦或者恐懼之中，一邊流露出作者思考的文字的小說，再好不過。",絕望,False,大逃殺,0.6607261833882936,0.26429047335531747
q4,"由於自己的胃口比較獨特的原因，喜歡男主被拋置於各種不利的情節或者感情中，也是因為這樣，喜歡看那些讓人看完后心緒難以平靜的小說，就我看過的來說，無職，re0，妹妹人生，異世界迷宮最深等，在某種程度上來說都有慘烈的一部分（感情上或者情節上都是），也沒有一定要轉生異世界，現實日常要是能描繪出這些來也很好了。
尤其那種男主能不斷被放置在痛苦或者恐懼之中，一邊流露出作者思考的文字的小說，再好不過。",絕望,False,犯罪,0.6506495852484968,0.26025983409939873
q4,"由於自己的胃口比較獨特的原因，喜歡男主被拋置於各種不利的情節或者感情中，也是因為這樣，喜歡看那些讓人看完后心緒難以平靜的小說，就我看過的來說，無職，re0，妹妹人生，異世界迷宮最深等，在某種程度上來說都有慘烈的一部分（感情上或者情節上都是），也沒有一定要轉生異世界，現實日常要是能描繪出這些來也很好了。
尤其那種男主能不斷被放置在痛苦或者恐懼之中，一邊流露出作者思考的文字的小說，再好不過。",絕望,False,鬥智,0.6331935670871168,0.2532774268348467
q4,"由於自己的胃口比較獨特的原因，喜歡男主被拋置於各種不利的情節或者感情中，也是因為這樣，喜歡看那些讓人看完后心緒難以平靜的小說，就我看過的來說，無職，re0，妹妹人生，異世界迷宮最深等，在某種程度上來說都有慘烈的一部分（感情上或者情節上都是），也沒有一定要轉生異世界，現實日常要是能描繪出這些來也很好了。
尤其那種男主能不斷被放置在痛苦或者恐懼之中，一邊流露出作者思考的文字的小說，再好不過。",絕望,False,科幻,0.660207247440485,0.264082898976194
q4,"由於自己的胃口比較獨特的原因，喜歡男主被拋置於各種不利的情節或者感情中，也是因為這樣，喜歡看那些讓人看完后心緒難以平靜的小說，就我看過的來說，無職，re0，妹妹人生，異世界迷宮最深等，在某種程度上來說都有慘烈的一部分（感情上或者情節上都是），也沒有一定要轉生異世界，現實日常要是能描繪出這些來也很好了。
尤其那種男主能不斷被放置在痛苦或者恐懼之中，一邊流露出作者思考的文字的小說，再好不過。",絕望,False,百合,0.6335860483160177,0.2534344193264071
q4,"由於自己的胃口比較獨特的原因，喜歡男主被拋置於各種不利的情節或者感情中，也是因為這樣，喜歡看那些讓人看完后心緒難以平靜的小說，就我看過的來說，無職，re0，妹妹人生，異世界迷宮最深等，在某種程度上來說都有慘烈的一部分（感情上或者情節上都是），也沒有一定要轉生異世界，現實日常要是能描繪出這些來也很好了。
尤其那種男主能不斷被放置在痛苦或者恐懼之中，一邊流露出作者思考的文字的小說，再好不過。",絕望,False,轉生,0.6327058561055238,0.2530823424422095
q4,"由於自己的胃口比較獨特的原因，喜歡男主被拋置於各種不利的情節或者感情中，也是因為這樣，喜歡看那些讓人看完后心緒難以平靜的小說，就我看過的來說，無職，re0，妹妹人生，異世界迷宮最深等，在某種程度上來說都有慘烈的一部分（感情上或者情節上都是），也沒有一定要轉生異世界，現實日常要是能描繪出這些來也很好了。
尤其那種男主能不斷被放置在痛苦或者恐懼之中，一邊流露出作者思考的文字的小說，再好不過。",絕望,False,治癒,0.6472898345900642,0.2589159338360257
q4,"由於自己的胃口比較獨特的原因，喜歡男主被拋置於各種不利的情節或者感情中，也是因為這樣，喜歡看那些讓人看完后心緒難以平靜的小說，就我看過的來說，無職，re0，妹妹人生，異世界迷宮最深等，在某種程度上來說都有慘烈的一部分（感情上或者情節上都是），也沒有一定要轉生異世界，現實日常要是能描繪出這些來也很好了。
尤其那種男主能不斷被放置在痛苦或者恐懼之中，一邊流露出作者思考的文字的小說，再好不過。",絕望,False,女性視角,0.6385134087386417,0.25540536349545667
q4,"由於自己的胃口比較獨特的原因，喜歡男主被拋置於各種不利的情節或者感情中，也是因為這樣，喜歡看那些讓人看完后心緒難以平靜的小說，就我看過的來說，無職，re0，妹妹人生，異世界迷宮最深等，在某種程度上來說都有慘烈的一部分（感情上或者情節上都是），也沒有一定要轉生異世界，現實日常要是能描繪出這些來也很好了。
尤其那種男主能不斷被放置在痛苦或者恐懼之中，一邊流露出作者思考的文字的小說，再好不過。",絕望,False,溫馨,0.6365395975674398,0.25461583902697593
q4,"由於自己的胃口比較獨特的原因，喜歡男主被拋置於各種不利的情節或者感情中，也是因為這樣，喜歡看那些讓人看完后心緒難以平靜的小說，就我看過的來說，無職，re0，妹妹人生，異世界迷宮最深等，在某種程度上來說都有慘烈的一部分（感情上或者情節上都是），也沒有一定要轉生異世界，現實日常要是能描繪出這些來也很好了。
尤其那種男主能不斷被放置在痛苦或者恐懼之中，一邊流露出作者思考的文字的小說，再好不過。",絕望,False,經營,0.61690465802711,0.24676186321084403
q4,"由於自己的胃口比較獨特的原因，喜歡男主被拋置於各種不利的情節或者感情中，也是因為這樣，喜歡看那些讓人看完后心緒難以平靜的小說，就我看過的來說，無職，re0，妹妹人生，異世界迷宮最深等，在某種程度上來說都有慘烈的一部分（感情上或者情節上都是），也沒有一定要轉生異世界，現實日常要是能描繪出這些來也很好了。
尤其那種男主能不斷被放置在痛苦或者恐懼之中，一邊流露出作者思考的文字的小說，再好不過。",絕望,False,獵奇,0.6694260438829877,0.2677704175531951
q4,"由於自己的胃口比較獨特的原因，喜歡男主被拋置於各種不利的情節或者感情中，也是因為這樣，喜歡看那些讓人看完后心緒難以平靜的小說，就我看過的來說，無職，re0，妹妹人生，異世界迷宮最深等，在某種程度上來說都有慘烈的一部分（感情上或者情節上都是），也沒有一定要轉生異世界，現實日常要是能描繪出這些來也很好了。
尤其那種男主能不斷被放置在痛苦或者恐懼之中，一邊流露出作者思考的文字的小說，再好不過。",絕望,False,復仇,0.6243387395244006,0.24973549580976023
q4,"由於自己的胃口比較獨特的原因，喜歡男主被拋置於各種不利的情節或者感情中，也是因為這樣，喜歡看那些讓人看完后心緒難以平靜的小說，就我看過的來說，無職，re0，妹妹人生，異世界迷宮最深等，在某種程度上來說都有慘烈的一部分（感情上或者情節上都是），也沒有一定要轉生異世界，現實日常要是能描繪出這些來也很好了。
尤其那種男主能不斷被放置在痛苦或者恐懼之中，一邊流露出作者思考的文字的小說，再好不過。",絕望,False,黑暗,0.71830110724591,0.287320442898364
q4,"由於自己的胃口比較獨特的原因，喜歡男主被拋置於各種不利的情節或者感情中，也是因為這樣，喜歡看那些讓人看完后心緒難以平靜的小說，就我看過的來說，無職，re0，妹妹人生，異世界迷宮最深等，在某種程度上來說都有慘烈的一部分（感情上或者情節上都是），也沒有一定要轉生異世界，現實日常要是能描繪出這些來也很好了。
尤其那種男主能不斷被放置在痛苦或者恐懼之中，一邊流露出作者思考的文字的小說，再好不過。",絕望,False,末日,0.6921469565126207,0.2768587826050483
q4,"由於自己的胃口比較獨特的原因，喜歡男主被拋置於各種不利的情節或者感情中，也是因為這樣，喜歡看那些讓人看完后心緒難以平靜的小說，就我看過的來說，無職，re0，妹妹人生，異世界迷宮最深等，在某種程度上來說都有慘烈的一部分（感情上或者情節上都是），也沒有一定要轉生異世界，現實日常要是能描繪出這些來也很好了。
尤其那種男主能不斷被放置在痛苦或者恐懼之中，一邊流露出作者思考的文字的小說，再好不過。",絕望,False,遊戲,0.6179814799985004,0.24719259199940016
q4,"由於自己的胃口比較獨特的原因，喜歡男主被拋置於各種不利的情節或者感情中，也是因為這樣，喜歡看那些讓人看完后心緒難以平靜的小說，就我看過的來說，無職，re0，妹妹人生，異世界迷宮最深等，在某種程度上來說都有慘烈的一部分（感情上或者情節上都是），也沒有一定要轉生異世界，現實日常要是能描繪出這些來也很好了。
尤其那種男主能不斷被放置在痛苦或者恐懼之中，一邊流露出作者思考的文字的小說，再好不過。",絕望,False,戰鬥,0.6162907095236125,0.246516283809445
q4,"由於自己的胃口比較獨特的原因，喜歡男主被拋置於各種不利的情節或者感情中，也是因為這樣，喜歡看那些讓人看完后心緒難以平靜的小說，就我看過的來說，無職，re0，妹妹人生，異世界迷宮最深等，在某種程度上來說都有慘烈的一部分（感情上或者情節上都是），也沒有一定要轉生異世界，現實日常要是能描繪出這些來也很好了。
尤其那種男主能不斷被放置在痛苦或者恐懼之中，一邊流露出作者思考的文字的小說，再好不過。",絕望,False,青春,0.6271833369097053,0.2508733347638821
q4,"由於自己的胃口比較獨特的原因，喜歡男主被拋置於各種不利的情節或者感情中，也是因為這樣，喜歡看那些讓人看完后心緒難以平靜的小說，就我看過的來說，無職，re0，妹妹人生，異世界迷宮最深等，在某種程度上來說都有慘烈的一部分（感情上或者情節上都是），也沒有一定要轉生異世界，現實日常要是能描繪出這些來也很好了。
尤其那種男主能不斷被放置在痛苦或者恐懼之中，一邊流露出作者思考的文字的小說，再好不過。",絕望,False,群像,0.6412942431124541,0.25651769724498164
q4,"由於自己的胃口比較獨特的原因，喜歡男主被拋置於各種不利的情節或者感情中，也是因為這樣，喜歡看那些讓人看完后心緒難以平靜的小說，就我看過的來說，無職，re0，妹妹人生，異世界迷宮最深等，在某種程度上來說都有慘烈的一部分（感情上或者情節上都是），也沒有一定要轉生異世界，現實日常要是能描繪出這些來也很好了。
尤其那種男主能不斷被放置在痛苦或者恐懼之中，一邊流露出作者思考的文字的小說，再好不過。",絕望,False,歡樂向,0.6710408087491969,0.26841632349967876
q4,"由於自己的胃口比較獨特的原因，喜歡男主被拋置於各種不利的情節或者感情中，也是因為這樣，喜歡看那些讓人看完后心緒難以平靜的小說，就我看過的來說，無職，re0，妹妹人生，異世界迷宮最深等，在某種程度上來說都有慘烈的一部分（感情上或者情節上都是），也沒有一定要轉生異世界，現實日常要是能描繪出這些來也很好了。
尤其那種男主能不斷被放置在痛苦或者恐懼之中，一邊流露出作者思考的文字的小說，再好不過。",絕望,False,旅行,0.6245759289147023,0.24983037156588092
q4,"由於自己的胃口比較獨特的原因，喜歡男主被拋置於各種不利的情節或者感情中，也是因為這樣，喜歡看那些讓人看完后心緒難以平靜的小說，就我看過的來說，無職，re0，妹妹人生，異世界迷宮最深等，在某種程度上來說都有慘烈的一部分（感情上或者情節上都是），也沒有一定要轉生異世界，現實日常要是能描繪出這些來也很好了。
尤其那種男主能不斷被放置在痛苦或者恐懼之中，一邊流露出作者思考的文字的小說，再好不過。",絕望,False,惡役,0.6584758137918904,0.2633903255167562
q4,"由於自己的胃口比較獨特的原因，喜歡男主被拋置於各種不利的情節或者感情中，也是因為這樣，喜歡看那些讓人看完后心緒難以平靜的小說，就我看過的來說，無職，re0，妹妹人生，異世界迷宮最深等，在某種程度上來說都有慘烈的一部分（感情上或者情節上都是），也沒有一定要轉生異世界，現實日常要是能描繪出這些來也很好了。
尤其那種男主能不斷被放置在痛苦或者恐懼之中，一邊流露出作者思考的文字的小說，再好不過。",絕望,False,機戰,0.6226429696172775,0.249057187846911
q4,"由於自己的胃口比較獨特的原因，喜歡男主被拋置於各種不利的情節或者感情中，也是因為這樣，喜歡看那些讓人看完后心緒難以平靜的小說，就我看過的來說，無職，re0，妹妹人生，異世界迷宮最深等，在某種程度上來說都有慘烈的一部分（感情上或者情節上都是），也沒有一定要轉生異世界，現實日常要是能描繪出這些來也很好了。
尤其那種男主能不斷被放置在痛苦或者恐懼之中，一邊流露出作者思考的文字的小說，再好不過。",絕望,False,驚悚,0.6741020213679834,0.26964080854719336
q4,"由於自己的胃口比較獨特的原因，喜歡男主被拋置於各種不利的情節或者感情中，也是因為這樣，喜歡看那些讓人看完后心緒難以平靜的小說，就我看過的來說，無職，re0，妹妹人生，異世界迷宮最深等，在某種程度上來說都有慘烈的一部分（感情上或者情節上都是），也沒有一定要轉生異世界，現實日常要是能描繪出這些來也很好了。
尤其那種男主能不斷被放置在痛苦或者恐懼之中，一邊流露出作者思考的文字的小說，再好不過。",絕望,False,奇幻,0.6448915690637598,0.2579566276255039
q4,"由於自己的胃口比較獨特的原因，喜歡男主被拋置於各種不利的情節或者感情中，也是因為這樣，喜歡看那些讓人看完后心緒難以平靜的小說，就我看過的來說，無職，re0，妹妹人生，異世界迷宮最深等，在某種程度上來說都有慘烈的一部分（感情上或者情節上都是），也沒有一定要轉生異世界，現實日常要是能描繪出這些來也很好了。
尤其那種男主能不斷被放置在痛苦或者恐懼之中，一邊流露出作者思考的文字的小說，再好不過。",絕望,False,JK,0.6439018251539622,0.2575607300615849
q4,"由於自己的胃口比較獨特的原因，喜歡男主被拋置於各種不利的情節或者感情中，也是因為這樣，喜歡看那些讓人看完后心緒難以平靜的小說，就我看過的來說，無職，re0，妹妹人生，異世界迷宮最深等，在某種程度上來說都有慘烈的一部分（感情上或者情節上都是），也沒有一定要轉生異世界，現實日常要是能描繪出這些來也很好了。
尤其那種男主能不斷被放置在痛苦或者恐懼之中，一邊流露出作者思考的文字的小說，再好不過。",絕望,False,後宮,0.6236223133537568,0.24944892534150276
q4,"由於自己的胃口比較獨特的原因，喜歡男主被拋置於各種不利的情節或者感情中，也是因為這樣，喜歡看那些讓人看完后心緒難以平靜的小說，就我看過的來說，無職，re0，妹妹人生，異世界迷宮最深等，在某種程度上來說都有慘烈的一部分（感情上或者情節上都是），也沒有一定要轉生異世界，現實日常要是能描繪出這些來也很好了。
尤其那種男主能不斷被放置在痛苦或者恐懼之中，一邊流露出作者思考的文字的小說，再好不過。",絕望,False,耽美,0.6555466105096472,0.26221864420385893
q4,"由於自己的胃口比較獨特的原因，喜歡男主被拋置於各種不利的情節或者感情中，也是因為這樣，喜歡看那些讓人看完后心緒難以平靜的小說，就我看過的來說，無職，re0，妹妹人生，異世界迷宮最深等，在某種程度上來說都有慘烈的一部分（感情上或者情節上都是），也沒有一定要轉生異世界，現實日常要是能描繪出這些來也很好了。
尤其那種男主能不斷被放置在痛苦或者恐懼之中，一邊流露出作者思考的文字的小說，再好不過。",絕望,False,龍傲天,0.623644510302921,0.2494578041211684
q4,"由於自己的胃口比較獨特的原因，喜歡男主被拋置於各種不利的情節或者感情中，也是因為這樣，喜歡看那些讓人看完后心緒難以平靜的小說，就我看過的來說，無職，re0，妹妹人生，異世界迷宮最深等，在某種程度上來說都有慘烈的一部分（感情上或者情節上都是），也沒有一定要轉生異世界，現實日常要是能描繪出這些來也很好了。
尤其那種男主能不斷被放置在痛苦或者恐懼之中，一邊流露出作者思考的文字的小說，再好不過。",絕望,False,職場,0.622584776763226,0.2490339107052904
q4,"由於自己的胃口比較獨特的原因，喜歡男主被拋置於各種不利的情節或者感情中，也是因為這樣，喜歡看那些讓人看完后心緒難以平靜的小說，就我看過的來說，無職，re0，妹妹人生，異世界迷宮最深等，在某種程度上來說都有慘烈的一部分（感情上或者情節上都是），也沒有一定要轉生異世界，現實日常要是能描繪出這些來也很好了。
尤其那種男主能不斷被放置在痛苦或者恐懼之中，一邊流露出作者思考的文字的小說，再好不過。",絕望,False,推理,0.6603943693585244,0.2641577477434098
q4,"由於自己的胃口比較獨特的原因，喜歡男主被拋置於各種不利的情節或者感情中，也是因為這樣，喜歡看那些讓人看完后心緒難以平靜的小說，就我看過的來說，無職，re0，妹妹人生，異世界迷宮最深等，在某種程度上來說都有慘烈的一部分（感情上或者情節上都是），也沒有一定要轉生異世界，現實日常要是能描繪出這些來也很好了。
尤其那種男主能不斷被放置在痛苦或者恐懼之中，一邊流露出作者思考的文字的小說，再好不過。",絕望,False,JC,0.632333568120667,0.2529334272482668
q4,"由於自己的胃口比較獨特的原因，喜歡男主被拋置於各種不利的情節或者感情中，也是因為這樣，喜歡看那些讓人看完后心緒難以平靜的小說，就我看過的來說，無職，re0，妹妹人生，異世界迷宮最深等，在某種程度上來說都有慘烈的一部分（感情上或者情節上都是），也沒有一定要轉生異世界，現實日常要是能描繪出這些來也很好了。
尤其那種男主能不斷被放置在痛苦或者恐懼之中，一邊流露出作者思考的文字的小說，再好不過。",絕望,False,校園,0.6330848401714612,0.25323393606858446
q4,"由於自己的胃口比較獨特的原因，喜歡男主被拋置於各種不利的情節或者感情中，也是因為這樣，喜歡看那些讓人看完后心緒難以平靜的小說，就我看過的來說，無職，re0，妹妹人生，異世界迷宮最深等，在某種程度上來說都有慘烈的一部分（感情上或者情節上都是），也沒有一定要轉生異世界，現實日常要是能描繪出這些來也很好了。
尤其那種男主能不斷被放置在痛苦或者恐懼之中，一邊流露出作者思考的文字的小說，再好不過。",絕望,False,同人,0.6311986377009136,0.25247945508036546
q4,"由於自己的胃口比較獨特的原因，喜歡男主被拋置於各種不利的情節或者感情中，也是因為這樣，喜歡看那些讓人看完后心緒難以平靜的小說，就我看過的來說，無職，re0，妹妹人生，異世界迷宮最深等，在某種程度上來說都有慘烈的一部分（感情上或者情節上都是），也沒有一定要轉生異世界，現實日常要是能描繪出這些來也很好了。
尤其那種男主能不斷被放置在痛苦或者恐懼之中，一邊流露出作者思考的文字的小說，再好不過。",絕望,False,NTR,0.642547550529522,0.2570190202118088
q4,"由於自己的胃口比較獨特的原因，喜歡男主被拋置於各種不利的情節或者感情中，也是因為這樣，喜歡看那些讓人看完后心緒難以平靜的小說，就我看過的來說，無職，re0，妹妹人生，異世界迷宮最深等，在某種程度上來說都有慘烈的一部分（感情上或者情節上都是），也沒有一定要轉生異世界，現實日常要是能描繪出這些來也很好了。
尤其那種男主能不斷被放置在痛苦或者恐懼之中，一邊流露出作者思考的文字的小說，再好不過。",絕望,False,異能,0.634797642756403,0.25391905710256124
q4,"由於自己的胃口比較獨特的原因，喜歡男主被拋置於各種不利的情節或者感情中，也是因為這樣，喜歡看那些讓人看完后心緒難以平靜的小說，就我看過的來說，無職，re0，妹妹人生，異世界迷宮最深等，在某種程度上來說都有慘烈的一部分（感情上或者情節上都是），也沒有一定要轉生異世界，現實日常要是能描繪出這些來也很好了。
尤其那種男主能不斷被放置在痛苦或者恐懼之中，一邊流露出作者思考的文字的小說，再好不過。",絕望,False,戰爭,0.6345166368507367,0.2538066547402947
q4,"由於自己的胃口比較獨特的原因，喜歡男主被拋置於各種不利的情節或者感情中，也是因為這樣，喜歡看那些讓人看完后心緒難以平靜的小說，就我看過的來說，無職，re0，妹妹人生，異世界迷宮最深等，在某種程度上來說都有慘烈的一部分（感情上或者情節上都是），也沒有一定要轉生異世界，現實日常要是能描繪出這些來也很好了。
尤其那種男主能不斷被放置在痛苦或者恐懼之中，一邊流露出作者思考的文字的小說，再好不過。",絕望,False,音樂,0.6428116222912811,0.25712464891651243
q4,"由於自己的胃口比較獨特的原因，喜歡男主被拋置於各種不利的情節或者感情中，也是因為這樣，喜歡看那些讓人看完后心緒難以平靜的小說，就我看過的來說，無職，re0，妹妹人生，異世界迷宮最深等，在某種程度上來說都有慘烈的一部分（感情上或者情節上都是），也沒有一定要轉生異世界，現實日常要是能描繪出這些來也很好了。
尤其那種男主能不斷被放置在痛苦或者恐懼之中，一邊流露出作者思考的文字的小說，再好不過。",絕望,False,病嬌,0.6515772687902959,0.26063090751611834
q4,"由於自己的胃口比較獨特的原因，喜歡男主被拋置於各種不利的情節或者感情中，也是因為這樣，喜歡看那些讓人看完后心緒難以平靜的小說，就我看過的來說，無職，re0，妹妹人生，異世界迷宮最深等，在某種程度上來說都有慘烈的一部分（感情上或者情節上都是），也沒有一定要轉生異世界，現實日常要是能描繪出這些來也很好了。
尤其那種男主能不斷被放置在痛苦或者恐懼之中，一邊流露出作者思考的文字的小說，再好不過。",絕望,False,熱血,0.6371354218509571,0.25485416874038286
q4,"由於自己的胃口比較獨特的原因，喜歡男主被拋置於各種不利的情節或者感情中，也是因為這樣，喜歡看那些讓人看完后心緒難以平靜的小說，就我看過的來說，無職，re0，妹妹人生，異世界迷宮最深等，在某種程度上來說都有慘烈的一部分（感情上或者情節上都是），也沒有一定要轉生異世界，現實日常要是能描繪出這些來也很好了。
尤其那種男主能不斷被放置在痛苦或者恐懼之中，一邊流露出作者思考的文字的小說，再好不過。",絕望,False,間諜,0.6048629325668291,0.24194517302673166
q4,"由於自己的胃口比較獨特的原因，喜歡男主被拋置於各種不利的情節或者感情中，也是因為這樣，喜歡看那些讓人看完后心緒難以平靜的小說，就我看過的來說，無職，re0，妹妹人生，異世界迷宮最深等，在某種程度上來說都有慘烈的一部分（感情上或者情節上都是），也沒有一定要轉生異世界，現實日常要是能描繪出這些來也很好了。
尤其那種男主能不斷被放置在痛苦或者恐懼之中，一邊流露出作者思考的文字的小說，再好不過。",絕望,False,冒險,0.6439967686539627,0.2575987074615851
q4,"由於自己的胃口比較獨特的原因，喜歡男主被拋置於各種不利的情節或者感情中，也是因為這樣，喜歡看那些讓人看完后心緒難以平靜的小說，就我看過的來說，無職，re0，妹妹人生，異世界迷宮最深等，在某種程度上來說都有慘烈的一部分（感情上或者情節上都是），也沒有一定要轉生異世界，現實日常要是能描繪出這些來也很好了。
尤其那種男主能不斷被放置在痛苦或者恐懼之中，一邊流露出作者思考的文字的小說，再好不過。",絕望,False,人外,0.6390444483461908,0.25561777933847635
q4,"由於自己的胃口比較獨特的原因，喜歡男主被拋置於各種不利的情節或者感情中，也是因為這樣，喜歡看那些讓人看完后心緒難以平靜的小說，就我看過的來說，無職，re0，妹妹人生，異世界迷宮最深等，在某種程度上來說都有慘烈的一部分（感情上或者情節上都是），也沒有一定要轉生異世界，現實日常要是能描繪出這些來也很好了。
尤其那種男主能不斷被放置在痛苦或者恐懼之中，一邊流露出作者思考的文字的小說，再好不過。",絕望,False,異世界,0.6381060867820414,0.25524243471281655
q4,"由於自己的胃口比較獨特的原因，喜歡男主被拋置於各種不利的情節或者感情中，也是因為這樣，喜歡看那些讓人看完后心緒難以平靜的小說，就我看過的來說，無職，re0，妹妹人生，異世界迷宮最深等，在某種程度上來說都有慘烈的一部分（感情上或者情節上都是），也沒有一定要轉生異世界，現實日常要是能描繪出這些來也很好了。
尤其那種男主能不斷被放置在痛苦或者恐懼之中，一邊流露出作者思考的文字的小說，再好不過。",絕望,False,懸疑,0.6872349819016489,0.27489399276065957
q2,"不好意思,最近異世界需求大了,很想看異世界的故事不一定要轉生類但劍與魔法是必需的.. 已有蜘蛛子了,目前在找一些已經有結局的異世界小說 原本想看哥布林殺手的但是還沒完結啊.....超不想看到一半被中斷了 至少至少...像刀劍那種完了SAO篇再換ALO的方式我還可以接受 請問還有什麼戰鬥類已完結的異世界小說可以推介呢?",異世界,True,異世界,1.0,1.0
q2,"不好意思,最近異世界需求大了,很想看異世界的故事不一定要轉生類但劍與魔法是必需的.. 已有蜘蛛子了,目前在找一些已經有結局的異世界小說 原本想看哥布林殺手的但是還沒完結啊.....超不想看到一半被中斷了 至少至少...像刀劍那種完了SAO篇再換ALO的方式我還可以接受 請問還有什麼戰鬥類已完結的異世界小說可以推介呢?",魔法,True,魔法,1.0,1.0
q2,"不好意思,最近異世界需求大了,很想看異世界的故事不一定要轉生類但劍與魔法是必需的.. 已有蜘蛛子了,目前在找一些已經有結局的異世界小說 原本想看哥布林殺手的但是還沒完結啊.....超不想看到一半被中斷了 至少至少...像刀劍那種完了SAO篇再換ALO的方式我還可以接受 請問還有什麼戰鬥類已完結的異世界小說可以推介呢?",戰鬥,True,戰鬥,1.0,1.0
q2,"不好意思,最近異世界需求大了,很想看異世界的故事不一定要轉生類但劍與魔法是必需的.. 已有蜘蛛子了,目前在找一些已經有結局的異世界小說 原本想看哥布林殺手的但是還沒完結啊.....超不想看到一半被中斷了 至少至少...像刀劍那種完了SAO篇再換ALO的方式我還可以接受 請問還有什麼戰鬥類已完結的異世界小說可以推介呢?",劍與魔法,False,大逃殺,0.6194616799143615,0.2477846719657446
q2,"不好意思,最近異世界需求大了,很想看異世界的故事不一定要轉生類但劍與魔法是必需的.. 已有蜘蛛子了,目前在找一些已經有結局的異世界小說 原本想看哥布林殺手的但是還沒完結啊.....超不想看到一半被中斷了 至少至少...像刀劍那種完了SAO篇再換ALO的方式我還可以接受 請問還有什麼戰鬥類已完結的異世界小說可以推介呢?",劍與魔法,False,戀愛,0.6382153244833281,0.25528612979333126
q2,"不好意思,最近異世界需求大了,很想看異世界的故事不一定要轉生類但劍與魔法是必需的.. 已有蜘蛛子了,目前在找一些已經有結局的異世界小說 原本想看哥布林殺手的但是還沒完結啊.....超不想看到一半被中斷了 至少至少...像刀劍那種完了SAO篇再換ALO的方式我還可以接受 請問還有什麼戰鬥類已完結的異世界小說可以推介呢?",劍與魔法,False,犯罪,0.6382027148416971,0.25528108593667886
q2,"不好意思,最近異世界需求大了,很想看異世界的故事不一定要轉生類但劍與魔法是必需的.. 已有蜘蛛子了,目前在找一些已經有結局的異世界小說 原本想看哥布林殺手的但是還沒完結啊.....超不想看到一半被中斷了 至少至少...像刀劍那種完了SAO篇再換ALO的方式我還可以接受 請問還有什麼戰鬥類已完結的異世界小說可以推介呢?",劍與魔法,False,鬥智,0.6315773092659493,0.25263092370637974
q2,"不好意思,最近異世界需求大了,很想看異世界的故事不一定要轉生類但劍與魔法是必需的.. 已有蜘蛛子了,目前在找一些已經有結局的異世界小說 原本想看哥布林殺手的但是還沒完結啊.....超不想看到一半被中斷了 至少至少...像刀劍那種完了SAO篇再換ALO的方式我還可以接受 請問還有什麼戰鬥類已完結的異世界小說可以推介呢?",劍與魔法,False,科幻,0.6783142595665301,0.2713257038266121
q2,"不好意思,最近異世界需求大了,很想看異世界的故事不一定要轉生類但劍與魔法是必需的.. 已有蜘蛛子了,目前在找一些已經有結局的異世界小說 原本想看哥布林殺手的但是還沒完結啊.....超不想看到一半被中斷了 至少至少...像刀劍那種完了SAO篇再換ALO的方式我還可以接受 請問還有什麼戰鬥類已完結的異世界小說可以推介呢?",劍與魔法,False,格鬥,0.6350036206310893,0.2540014482524357
q2,"不好意思,最近異世界需求大了,很想看異世界的故事不一定要轉生類但劍與魔法是必需的.. 已有蜘蛛子了,目前在找一些已經有結局的異世界小說 原本想看哥布林殺手的但是還沒完結啊.....超不想看到一半被中斷了 至少至少...像刀劍那種完了SAO篇再換ALO的方式我還可以接受 請問還有什麼戰鬥類已完結的異世界小說可以推介呢?",劍與魔法,False,百合,0.638959699100288,0.25558387964011525
q2,"不好意思,最近異世界需求大了,很想看異世界的故事不一定要轉生類但劍與魔法是必需的.. 已有蜘蛛子了,目前在找一些已經有結局的異世界小說 原本想看哥布林殺手的但是還沒完結啊.....超不想看到一半被中斷了 至少至少...像刀劍那種完了SAO篇再換ALO的方式我還可以接受 請問還有什麼戰鬥類已完結的異世界小說可以推介呢?",劍與魔法,False,轉生,0.6493900344930008,0.2597560137972003
q2,"不好意思,最近異世界需求大了,很想看異世界的故事不一定要轉生類但劍與魔法是必需的.. 已有蜘蛛子了,目前在找一些已經有結局的異世界小說 原本想看哥布林殺手的但是還沒完結啊.....超不想看到一半被中斷了 至少至少...像刀劍那種完了SAO篇再換ALO的方式我還可以接受 請問還有什麼戰鬥類已完結的異世界小說可以推介呢?",劍與魔法,False,治癒,0.6481739340671497,0.25926957362685993
q2,"不好意思,最近異世界需求大了,很想看異世界的故事不一定要轉生類但劍與魔法是必需的.. 已有蜘蛛子了,目前在找一些已經有結局的異世界小說 原本想看哥布林殺手的但是還沒完結啊.....超不想看到一半被中斷了 至少至少...像刀劍那種完了SAO篇再換ALO的方式我還可以接受 請問還有什麼戰鬥類已完結的異世界小說可以推介呢?",劍與魔法,False,青梅竹馬,0.6194211666051385,0.2477684666420554
q2,"不好意思,最近異世界需求大了,很想看異世界的故事不一定要轉生類但劍與魔法是必需的.. 已有蜘蛛子了,目前在找一些已經有結局的異世界小說 原本想看哥布林殺手的但是還沒完結啊.....超不想看到一半被中斷了 至少至少...像刀劍那種完了SAO篇再換ALO的方式我還可以接受 請問還有什麼戰鬥類已完結的異世界小說可以推介呢?",劍與魔法,False,女性視角,0.6411543790145785,0.2564617516058314
q2,"不好意思,最近異世界需求大了,很想看異世界的故事不一定要轉生類但劍與魔法是必需的.. 已有蜘蛛子了,目前在找一些已經有結局的異世界小說 原本想看哥布林殺手的但是還沒完結啊.....超不想看到一半被中斷了 至少至少...像刀劍那種完了SAO篇再換ALO的方式我還可以接受 請問還有什麼戰鬥類已完結的異世界小說可以推介呢?",劍與魔法,False,性轉,0.6272395357562341,0.2508958143024937
q2,"不好意思,最近異世界需求大了,很想看異世界的故事不一定要轉生類但劍與魔法是必需的.. 已有蜘蛛子了,目前在找一些已經有結局的異世界小說 原本想看哥布林殺手的但是還沒完結啊.....超不想看到一半被中斷了 至少至少...像刀劍那種完了SAO篇再換ALO的方式我還可以接受 請問還有什麼戰鬥類已完結的異世界小說可以推介呢?",劍與魔法,False,溫馨,0.6436805174321972,0.2574722069728789
q2,"不好意思,最近異世界需求大了,很想看異世界的故事不一定要轉生類但劍與魔法是必需的.. 已有蜘蛛子了,目前在找一些已經有結局的異世界小說 原本想看哥布林殺手的但是還沒完結啊.....超不想看到一半被中斷了 至少至少...像刀劍那種完了SAO篇再換ALO的方式我還可以接受 請問還有什麼戰鬥類已完結的異世界小說可以推介呢?",劍與魔法,False,經營,0.6306846661228028,0.25227386644912114
q2,"不好意思,最近異世界需求大了,很想看異世界的故事不一定要轉生類但劍與魔法是必需的.. 已有蜘蛛子了,目前在找一些已經有結局的異世界小說 原本想看哥布林殺手的但是還沒完結啊.....超不想看到一半被中斷了 至少至少...像刀劍那種完了SAO篇再換ALO的方式我還可以接受 請問還有什麼戰鬥類已完結的異世界小說可以推介呢?",劍與魔法,False,獵奇,0.6526856626451027,0.2610742650580411
q2,"不好意思,最近異世界需求大了,很想看異世界的故事不一定要轉生類但劍與魔法是必需的.. 已有蜘蛛子了,目前在找一些已經有結局的異世界小說 原本想看哥布林殺手的但是還沒完結啊.....超不想看到一半被中斷了 至少至少...像刀劍那種完了SAO篇再換ALO的方式我還可以接受 請問還有什麼戰鬥類已完結的異世界小說可以推介呢?",劍與魔法,False,復仇,0.6172854465408755,0.2469141786163502
q2,"不好意思,最近異世界需求大了,很想看異世界的故事不一定要轉生類但劍與魔法是必需的.. 已有蜘蛛子了,目前在找一些已經有結局的異世界小說 原本想看哥布林殺手的但是還沒完結啊.....超不想看到一半被中斷了 至少至少...像刀劍那種完了SAO篇再換ALO的方式我還可以接受 請問還有什麼戰鬥類已完結的異世界小說可以推介呢?",劍與魔法,False,黑暗,0.6444620564788607,0.2577848225915443
q2,"不好意思,最近異世界需求大了,很想看異世界的故事不一定要轉生類但劍與魔法是必需的.. 已有蜘蛛子了,目前在找一些已經有結局的異世界小說 原本想看哥布林殺手的但是還沒完結啊.....超不想看到一半被中斷了 至少至少...像刀劍那種完了SAO篇再換ALO的方式我還可以接受 請問還有什麼戰鬥類已完結的異世界小說可以推介呢?",劍與魔法,False,末日,0.6367705943223567,0.2547082377289427
q2,"不好意思,最近異世界需求大了,很想看異世界的故事不一定要轉生類但劍與魔法是必需的.. 已有蜘蛛子了,目前在找一些已經有結局的異世界小說 原本想看哥布林殺手的但是還沒完結啊.....超不想看到一半被中斷了 至少至少...像刀劍那種完了SAO篇再換ALO的方式我還可以接受 請問還有什麼戰鬥類已完結的異世界小說可以推介呢?",劍與魔法,False,遊戲,0.6432420902985774,0.25729683611943094
q2,"不好意思,最近異世界需求大了,很想看異世界的故事不一定要轉生類但劍與魔法是必需的.. 已有蜘蛛子了,目前在找一些已經有結局的異世界小說 原本想看哥布林殺手的但是還沒完結啊.....超不想看到一半被中斷了 至少至少...像刀劍那種完了SAO篇再換ALO的方式我還可以接受 請問還有什麼戰鬥類已完結的異世界小說可以推介呢?",劍與魔法,False,戰鬥,0.6660277492649362,0.2664110997059745
q2,"不好意思,最近異世界需求大了,很想看異世界的故事不一定要轉生類但劍與魔法是必需的.. 已有蜘蛛子了,目前在找一些已經有結局的異世界小說 原本想看哥布林殺手的但是還沒完結啊.....超不想看到一半被中斷了 至少至少...像刀劍那種完了SAO篇再換ALO的方式我還可以接受 請問還有什麼戰鬥類已完結的異世界小說可以推介呢?",劍與魔法,False,群像,0.6373203398079935,0.2549281359231974
q2,"不好意思,最近異世界需求大了,很想看異世界的故事不一定要轉生類但劍與魔法是必需的.. 已有蜘蛛子了,目前在找一些已經有結局的異世界小說 原本想看哥布林殺手的但是還沒完結啊.....超不想看到一半被中斷了 至少至少...像刀劍那種完了SAO篇再換ALO的方式我還可以接受 請問還有什麼戰鬥類已完結的異世界小說可以推介呢?",劍與魔法,False,歡樂向,0.6779340869602783,0.27117363478411133
q2,"不好意思,最近異世界需求大了,很想看異世界的故事不一定要轉生類但劍與魔法是必需的.. 已有蜘蛛子了,目前在找一些已經有結局的異世界小說 原本想看哥布林殺手的但是還沒完結啊.....超不想看到一半被中斷了 至少至少...像刀劍那種完了SAO篇再換ALO的方式我還可以接受 請問還有什麼戰鬥類已完結的異世界小說可以推介呢?",劍與魔法,False,旅行,0.6316636268313974,0.25266545073255897
q2,"不好意思,最近異世界需求大了,很想看異世界的故事不一定要轉生類但劍與魔法是必需的.. 已有蜘蛛子了,目前在找一些已經有結局的異世界小說 原本想看哥布林殺手的但是還沒完結啊.....超不想看到一半被中斷了 至少至少...像刀劍那種完了SAO篇再換ALO的方式我還可以接受 請問還有什麼戰鬥類已完結的異世界小說可以推介呢?",劍與魔法,False,惡役,0.6282785102156538,0.25131140408626157
q2,"不好意思,最近異世界需求大了,很想看異世界的故事不一定要轉生類但劍與魔法是必需的.. 已有蜘蛛子了,目前在找一些已經有結局的異世界小說 原本想看哥布林殺手的但是還沒完結啊.....超不想看到一半被中斷了 至少至少...像刀劍那種完了SAO篇再換ALO的方式我還可以接受 請問還有什麼戰鬥類已完結的異世界小說可以推介呢?",劍與魔法,False,蘿莉,0.6369773854164841,0.25479095416659364
q2,"不好意思,最近異世界需求大了,很想看異世界的故事不一定要轉生類但劍與魔法是必需的.. 已有蜘蛛子了,目前在找一些已經有結局的異世界小說 原本想看哥布林殺手的但是還沒完結啊.....超不想看到一半被中斷了 至少至少...像刀劍那種完了SAO篇再換ALO的方式我還可以接受 請問還有什麼戰鬥類已完結的異世界小說可以推介呢?",劍與魔法,False,機戰,0.6494368308616607,0.2597747323446643
q2,"不好意思,最近異世界需求大了,很想看異世界的故事不一定要轉生類但劍與魔法是必需的.. 已有蜘蛛子了,目前在找一些已經有結局的異世界小說 原本想看哥布林殺手的但是還沒完結啊.....超不想看到一半被中斷了 至少至少...像刀劍那種完了SAO篇再換ALO的方式我還可以接受 請問還有什麼戰鬥類已完結的異世界小說可以推介呢?",劍與魔法,False,驚悚,0.6386387410135705,0.25545549640542825
q2,"不好意思,最近異世界需求大了,很想看異世界的故事不一定要轉生類但劍與魔法是必需的.. 已有蜘蛛子了,目前在找一些已經有結局的異世界小說 原本想看哥布林殺手的但是還沒完結啊.....超不想看到一半被中斷了 至少至少...像刀劍那種完了SAO篇再換ALO的方式我還可以接受 請問還有什麼戰鬥類已完結的異世界小說可以推介呢?",劍與魔法,False,奇幻,0.7267993880873341,0.29071975523493365
q2,"不好意思,最近異世界需求大了,很想看異世界的故事不一定要轉生類但劍與魔法是必需的.. 已有蜘蛛子了,目前在找一些已經有結局的異世界小說 原本想看哥布林殺手的但是還沒完結啊.....超不想看到一半被中斷了 至少至少...像刀劍那種完了SAO篇再換ALO的方式我還可以接受 請問還有什麼戰鬥類已完結的異世界小說可以推介呢?",劍與魔法,False,JK,0.6501520736344709,0.2600608294537884
q2,"不好意思,最近異世界需求大了,很想看異世界的故事不一定要轉生類但劍與魔法是必需的.. 已有蜘蛛子了,目前在找一些已經有結局的異世界小說 原本想看哥布林殺手的但是還沒完結啊.....超不想看到一半被中斷了 至少至少...像刀劍那種完了SAO篇再換ALO的方式我還可以接受 請問還有什麼戰鬥類已完結的異世界小說可以推介呢?",劍與魔法,False,後宮,0.6311132944557134,0.25244531778228535
q2,"不好意思,最近異世界需求大了,很想看異世界的故事不一定要轉生類但劍與魔法是必需的.. 已有蜘蛛子了,目前在找一些已經有結局的異世界小說 原本想看哥布林殺手的但是還沒完結啊.....超不想看到一半被中斷了 至少至少...像刀劍那種完了SAO篇再換ALO的方式我還可以接受 請問還有什麼戰鬥類已完結的異世界小說可以推介呢?",劍與魔法,False,耽美,0.6578819416043837,0.2631527766417535
q2,"不好意思,最近異世界需求大了,很想看異世界的故事不一定要轉生類但劍與魔法是必需的.. 已有蜘蛛子了,目前在找一些已經有結局的異世界小說 原本想看哥布林殺手的但是還沒完結啊.....超不想看到一半被中斷了 至少至少...像刀劍那種完了SAO篇再換ALO的方式我還可以接受 請問還有什麼戰鬥類已完結的異世界小說可以推介呢?",劍與魔法,False,妹妹,0.6112395003733189,0.24449580014932756
q2,"不好意思,最近異世界需求大了,很想看異世界的故事不一定要轉生類但劍與魔法是必需的.. 已有蜘蛛子了,目前在找一些已經有結局的異世界小說 原本想看哥布林殺手的但是還沒完結啊.....超不想看到一半被中斷了 至少至少...像刀劍那種完了SAO篇再換ALO的方式我還可以接受 請問還有什麼戰鬥類已完結的異世界小說可以推介呢?",劍與魔法,False,龍傲天,0.6518082725864938,0.2607233090345975
q2,"不好意思,最近異世界需求大了,很想看異世界的故事不一定要轉生類但劍與魔法是必需的.. 已有蜘蛛子了,目前在找一些已經有結局的異世界小說 原本想看哥布林殺手的但是還沒完結啊.....超不想看到一半被中斷了 至少至少...像刀劍那種完了SAO篇再換ALO的方式我還可以接受 請問還有什麼戰鬥類已完結的異世界小說可以推介呢?",劍與魔法,False,職場,0.6155847371304844,0.2462338948521938
q2,"不好意思,最近異世界需求大了,很想看異世界的故事不一定要轉生類但劍與魔法是必需的.. 已有蜘蛛子了,目前在找一些已經有結局的異世界小說 原本想看哥布林殺手的但是還沒完結啊.....超不想看到一半被中斷了 至少至少...像刀劍那種完了SAO篇再換ALO的方式我還可以接受 請問還有什麼戰鬥類已完結的異世界小說可以推介呢?",劍與魔法,False,推理,0.6531984443356134,0.26127937773424537
q2,"不好意思,最近異世界需求大了,很想看異世界的故事不一定要轉生類但劍與魔法是必需的.. 已有蜘蛛子了,目前在找一些已經有結局的異世界小說 原本想看哥布林殺手的但是還沒完結啊.....超不想看到一半被中斷了 至少至少...像刀劍那種完了SAO篇再換ALO的方式我還可以接受 請問還有什麼戰鬥類已完結的異世界小說可以推介呢?",劍與魔法,False,JC,0.6382832842684605,0.2553133137073842
q2,"不好意思,最近異世界需求大了,很想看異世界的故事不一定要轉生類但劍與魔法是必需的.. 已有蜘蛛子了,目前在找一些已經有結局的異世界小說 原本想看哥布林殺手的但是還沒完結啊.....超不想看到一半被中斷了 至少至少...像刀劍那種完了SAO篇再換ALO的方式我還可以接受 請問還有什麼戰鬥類已完結的異世界小說可以推介呢?",劍與魔法,False,宅文化,0.6160063767278272,0.2464025506911309
q2,"不好意思,最近異世界需求大了,很想看異世界的故事不一定要轉生類但劍與魔法是必需的.. 已有蜘蛛子了,目前在找一些已經有結局的異世界小說 原本想看哥布林殺手的但是還沒完結啊.....超不想看到一半被中斷了 至少至少...像刀劍那種完了SAO篇再換ALO的方式我還可以接受 請問還有什麼戰鬥類已完結的異世界小說可以推介呢?",劍與魔法,False,校園,0.6260746359478996,0.2504298543791598
q2,"不好意思,最近異世界需求大了,很想看異世界的故事不一定要轉生類但劍與魔法是必需的.. 已有蜘蛛子了,目前在找一些已經有結局的異世界小說 原本想看哥布林殺手的但是還沒完結啊.....超不想看到一半被中斷了 至少至少...像刀劍那種完了SAO篇再換ALO的方式我還可以接受 請問還有什麼戰鬥類已完結的異世界小說可以推介呢?",劍與魔法,False,同人,0.6513989267228281,0.2605595706891312
q2,"不好意思,最近異世界需求大了,很想看異世界的故事不一定要轉生類但劍與魔法是必需的.. 已有蜘蛛子了,目前在找一些已經有結局的異世界小說 原本想看哥布林殺手的但是還沒完結啊.....超不想看到一半被中斷了 至少至少...像刀劍那種完了SAO篇再換ALO的方式我還可以接受 請問還有什麼戰鬥類已完結的異世界小說可以推介呢?",劍與魔法,False,NTR,0.6429911120788712,0.25719644483154847
q2,"不好意思,最近異世界需求大了,很想看異世界的故事不一定要轉生類但劍與魔法是必需的.. 已有蜘蛛子了,目前在找一些已經有結局的異世界小說 原本想看哥布林殺手的但是還沒完結啊.....超不想看到一半被中斷了 至少至少...像刀劍那種完了SAO篇再換ALO的方式我還可以接受 請問還有什麼戰鬥類已完結的異世界小說可以推介呢?",劍與魔法,False,異能,0.6496798730439524,0.25987194921758094
q2,"不好意思,最近異世界需求大了,很想看異世界的故事不一定要轉生類但劍與魔法是必需的.. 已有蜘蛛子了,目前在找一些已經有結局的異世界小說 原本想看哥布林殺手的但是還沒完結啊.....超不想看到一半被中斷了 至少至少...像刀劍那種完了SAO篇再換ALO的方式我還可以接受 請問還有什麼戰鬥類已完結的異世界小說可以推介呢?",劍與魔法,False,戰爭,0.6462758582635985,0.25851034330543937
q2,"不好意思,最近異世界需求大了,很想看異世界的故事不一定要轉生類但劍與魔法是必需的.. 已有蜘蛛子了,目前在找一些已經有結局的異世界小說 原本想看哥布林殺手的但是還沒完結啊.....超不想看到一半被中斷了 至少至少...像刀劍那種完了SAO篇再換ALO的方式我還可以接受 請問還有什麼戰鬥類已完結的異世界小說可以推介呢?",劍與魔法,False,音樂,0.6305785984927446,0.25223143939709786
q2,"不好意思,最近異世界需求大了,很想看異世界的故事不一定要轉生類但劍與魔法是必需的.. 已有蜘蛛子了,目前在找一些已經有結局的異世界小說 原本想看哥布林殺手的但是還沒完結啊.....超不想看到一半被中斷了 至少至少...像刀劍那種完了SAO篇再換ALO的方式我還可以接受 請問還有什麼戰鬥類已完結的異世界小說可以推介呢?",劍與魔法,False,熱血,0.6531778075609032,0.2612711230243613
q2,"不好意思,最近異世界需求大了,很想看異世界的故事不一定要轉生類但劍與魔法是必需的.. 已有蜘蛛子了,目前在找一些已經有結局的異世界小說 原本想看哥布林殺手的但是還沒完結啊.....超不想看到一半被中斷了 至少至少...像刀劍那種完了SAO篇再換ALO的方式我還可以接受 請問還有什麼戰鬥類已完結的異世界小說可以推介呢?",劍與魔法,False,間諜,0.6136648093918626,0.24546592375674506
q2,"不好意思,最近異世界需求大了,很想看異世界的故事不一定要轉生類但劍與魔法是必需的.. 已有蜘蛛子了,目前在找一些已經有結局的異世界小說 原本想看哥布林殺手的但是還沒完結啊.....超不想看到一半被中斷了 至少至少...像刀劍那種完了SAO篇再換ALO的方式我還可以接受 請問還有什麼戰鬥類已完結的異世界小說可以推介呢?",劍與魔法,False,冒險,0.6790059357597193,0.27160237430388773
q2,"不好意思,最近異世界需求大了,很想看異世界的故事不一定要轉生類但劍與魔法是必需的.. 已有蜘蛛子了,目前在找一些已經有結局的異世界小說 原本想看哥布林殺手的但是還沒完結啊.....超不想看到一半被中斷了 至少至少...像刀劍那種完了SAO篇再換ALO的方式我還可以接受 請問還有什麼戰鬥類已完結的異世界小說可以推介呢?",劍與魔法,False,大小姐,0.6151066266277211,0.24604265065108843
q2,"不好意思,最近異世界需求大了,很想看異世界的故事不一定要轉生類但劍與魔法是必需的.. 已有蜘蛛子了,目前在找一些已經有結局的異世界小說 原本想看哥布林殺手的但是還沒完結啊.....超不想看到一半被中斷了 至少至少...像刀劍那種完了SAO篇再換ALO的方式我還可以接受 請問還有什麼戰鬥類已完結的異世界小說可以推介呢?",劍與魔法,False,女兒,0.6045095943299221,0.24180383773196887
q2,"不好意思,最近異世界需求大了,很想看異世界的故事不一定要轉生類但劍與魔法是必需的.. 已有蜘蛛子了,目前在找一些已經有結局的異世界小說 原本想看哥布林殺手的但是還沒完結啊.....超不想看到一半被中斷了 至少至少...像刀劍那種完了SAO篇再換ALO的方式我還可以接受 請問還有什麼戰鬥類已完結的異世界小說可以推介呢?",劍與魔法,False,人外,0.6686753475742633,0.26747013902970534
q2,"不好意思,最近異世界需求大了,很想看異世界的故事不一定要轉生類但劍與魔法是必需的.. 已有蜘蛛子了,目前在找一些已經有結局的異世界小說 原本想看哥布林殺手的但是還沒完結啊.....超不想看到一半被中斷了 至少至少...像刀劍那種完了SAO篇再換ALO的方式我還可以接受 請問還有什麼戰鬥類已完結的異世界小說可以推介呢?",劍與魔法,False,魔法,0.7007028581668011,0.28028114326672043
q2,"不好意思,最近異世界需求大了,很想看異世界的故事不一定要轉生類但劍與魔法是必需的.. 已有蜘蛛子了,目前在找一些已經有結局的異世界小說 原本想看哥布林殺手的但是還沒完結啊.....超不想看到一半被中斷了 至少至少...像刀劍那種完了SAO篇再換ALO的方式我還可以接受 請問還有什麼戰鬥類已完結的異世界小說可以推介呢?",劍與魔法,False,美食,0.6132318259102397,0.2452927303640959
q2,"不好意思,最近異世界需求大了,很想看異世界的故事不一定要轉生類但劍與魔法是必需的.. 已有蜘蛛子了,目前在找一些已經有結局的異世界小說 原本想看哥布林殺手的但是還沒完結啊.....超不想看到一半被中斷了 至少至少...像刀劍那種完了SAO篇再換ALO的方式我還可以接受 請問還有什麼戰鬥類已完結的異世界小說可以推介呢?",劍與魔法,False,異世界,0.6784426514112853,0.27137706056451416
q2,"不好意思,最近異世界需求大了,很想看異世界的故事不一定要轉生類但劍與魔法是必需的.. 已有蜘蛛子了,目前在找一些已經有結局的異世界小說 原本想看哥布林殺手的但是還沒完結啊.....超不想看到一半被中斷了 至少至少...像刀劍那種完了SAO篇再換ALO的方式我還可以接受 請問還有什麼戰鬥類已完結的異世界小說可以推介呢?",劍與魔法,False,懸疑,0.6611413001243094,0.26445652004972375
q2,"不好意思,最近異世界需求大了,很想看異世界的故事不一定要轉生類但劍與魔法是必需的.. 已有蜘蛛子了,目前在找一些已經有結局的異世界小說 原本想看哥布林殺手的但是還沒完結啊.....超不想看到一半被中斷了 至少至少...像刀劍那種完了SAO篇再換ALO的方式我還可以接受 請問還有什麼戰鬥類已完結的異世界小說可以推介呢?",已完結,False,大逃殺,0.6471326372008921,0.25885305488035687
q2,"不好意思,最近異世界需求大了,很想看異世界的故事不一定要轉生類但劍與魔法是必需的.. 已有蜘蛛子了,目前在找一些已經有結局的異世界小說 原本想看哥布林殺手的但是還沒完結啊.....超不想看到一半被中斷了 至少至少...像刀劍那種完了SAO篇再換ALO的方式我還可以接受 請問還有什麼戰鬥類已完結的異世界小說可以推介呢?",已完結,False,戀愛,0.6609720076322826,0.26438880305291307
q2,"不好意思,最近異世界需求大了,很想看異世界的故事不一定要轉生類但劍與魔法是必需的.. 已有蜘蛛子了,目前在找一些已經有結局的異世界小說 原本想看哥布林殺手的但是還沒完結啊.....超不想看到一半被中斷了 至少至少...像刀劍那種完了SAO篇再換ALO的方式我還可以接受 請問還有什麼戰鬥類已完結的異世界小說可以推介呢?",已完結,False,犯罪,0.6454035454660433,0.2581614181864173
q2,"不好意思,最近異世界需求大了,很想看異世界的故事不一定要轉生類但劍與魔法是必需的.. 已有蜘蛛子了,目前在找一些已經有結局的異世界小說 原本想看哥布林殺手的但是還沒完結啊.....超不想看到一半被中斷了 至少至少...像刀劍那種完了SAO篇再換ALO的方式我還可以接受 請問還有什麼戰鬥類已完結的異世界小說可以推介呢?",已完結,False,鬥智,0.6364129690730057,0.25456518762920227
q2,"不好意思,最近異世界需求大了,很想看異世界的故事不一定要轉生類但劍與魔法是必需的.. 已有蜘蛛子了,目前在找一些已經有結局的異世界小說 原本想看哥布林殺手的但是還沒完結啊.....超不想看到一半被中斷了 至少至少...像刀劍那種完了SAO篇再換ALO的方式我還可以接受 請問還有什麼戰鬥類已完結的異世界小說可以推介呢?",已完結,False,科幻,0.6633482858072393,0.2653393143228957
q2,"不好意思,最近異世界需求大了,很想看異世界的故事不一定要轉生類但劍與魔法是必需的.. 已有蜘蛛子了,目前在找一些已經有結局的異世界小說 原本想看哥布林殺手的但是還沒完結啊.....超不想看到一半被中斷了 至少至少...像刀劍那種完了SAO篇再換ALO的方式我還可以接受 請問還有什麼戰鬥類已完結的異世界小說可以推介呢?",已完結,False,百合,0.6615665447969504,0.26462661791878017
q2,"不好意思,最近異世界需求大了,很想看異世界的故事不一定要轉生類但劍與魔法是必需的.. 已有蜘蛛子了,目前在找一些已經有結局的異世界小說 原本想看哥布林殺手的但是還沒完結啊.....超不想看到一半被中斷了 至少至少...像刀劍那種完了SAO篇再換ALO的方式我還可以接受 請問還有什麼戰鬥類已完結的異世界小說可以推介呢?",已完結,False,轉生,0.6521598164347641,0.2608639265739056
q2,"不好意思,最近異世界需求大了,很想看異世界的故事不一定要轉生類但劍與魔法是必需的.. 已有蜘蛛子了,目前在找一些已經有結局的異世界小說 原本想看哥布林殺手的但是還沒完結啊.....超不想看到一半被中斷了 至少至少...像刀劍那種完了SAO篇再換ALO的方式我還可以接受 請問還有什麼戰鬥類已完結的異世界小說可以推介呢?",已完結,False,治癒,0.675249651415857,0.27009986056634283
q2,"不好意思,最近異世界需求大了,很想看異世界的故事不一定要轉生類但劍與魔法是必需的.. 已有蜘蛛子了,目前在找一些已經有結局的異世界小說 原本想看哥布林殺手的但是還沒完結啊.....超不想看到一半被中斷了 至少至少...像刀劍那種完了SAO篇再換ALO的方式我還可以接受 請問還有什麼戰鬥類已完結的異世界小說可以推介呢?",已完結,False,青梅竹馬,0.6600333891504913,0.2640133556601965
q2,"不好意思,最近異世界需求大了,很想看異世界的故事不一定要轉生類但劍與魔法是必需的.. 已有蜘蛛子了,目前在找一些已經有結局的異世界小說 原本想看哥布林殺手的但是還沒完結啊.....超不想看到一半被中斷了 至少至少...像刀劍那種完了SAO篇再換ALO的方式我還可以接受 請問還有什麼戰鬥類已完結的異世界小說可以推介呢?",已完結,False,女性視角,0.6453843372227188,0.25815373488908755
q2,"不好意思,最近異世界需求大了,很想看異世界的故事不一定要轉生類但劍與魔法是必需的.. 已有蜘蛛子了,目前在找一些已經有結局的異世界小說 原本想看哥布林殺手的但是還沒完結啊.....超不想看到一半被中斷了 至少至少...像刀劍那種完了SAO篇再換ALO的方式我還可以接受 請問還有什麼戰鬥類已完結的異世界小說可以推介呢?",已完結,False,溫馨,0.6669225649652458,0.26676902598609836
q2,"不好意思,最近異世界需求大了,很想看異世界的故事不一定要轉生類但劍與魔法是必需的.. 已有蜘蛛子了,目前在找一些已經有結局的異世界小說 原本想看哥布林殺手的但是還沒完結啊.....超不想看到一半被中斷了 至少至少...像刀劍那種完了SAO篇再換ALO的方式我還可以接受 請問還有什麼戰鬥類已完結的異世界小說可以推介呢?",已完結,False,經營,0.6476682048928293,0.25906728195713175
q2,"不好意思,最近異世界需求大了,很想看異世界的故事不一定要轉生類但劍與魔法是必需的.. 已有蜘蛛子了,目前在找一些已經有結局的異世界小說 原本想看哥布林殺手的但是還沒完結啊.....超不想看到一半被中斷了 至少至少...像刀劍那種完了SAO篇再換ALO的方式我還可以接受 請問還有什麼戰鬥類已完結的異世界小說可以推介呢?",已完結,False,獵奇,0.6558504940258704,0.26234019761034816
q2,"不好意思,最近異世界需求大了,很想看異世界的故事不一定要轉生類但劍與魔法是必需的.. 已有蜘蛛子了,目前在找一些已經有結局的異世界小說 原本想看哥布林殺手的但是還沒完結啊.....超不想看到一半被中斷了 至少至少...像刀劍那種完了SAO篇再換ALO的方式我還可以接受 請問還有什麼戰鬥類已完結的異世界小說可以推介呢?",已完結,False,復仇,0.6278211883560443,0.2511284753424177
q2,"不好意思,最近異世界需求大了,很想看異世界的故事不一定要轉生類但劍與魔法是必需的.. 已有蜘蛛子了,目前在找一些已經有結局的異世界小說 原本想看哥布林殺手的但是還沒完結啊.....超不想看到一半被中斷了 至少至少...像刀劍那種完了SAO篇再換ALO的方式我還可以接受 請問還有什麼戰鬥類已完結的異世界小說可以推介呢?",已完結,False,黑暗,0.6444951465963243,0.2577980586385297
q2,"不好意思,最近異世界需求大了,很想看異世界的故事不一定要轉生類但劍與魔法是必需的.. 已有蜘蛛子了,目前在找一些已經有結局的異世界小說 原本想看哥布林殺手的但是還沒完結啊.....超不想看到一半被中斷了 至少至少...像刀劍那種完了SAO篇再換ALO的方式我還可以接受 請問還有什麼戰鬥類已完結的異世界小說可以推介呢?",已完結,False,末日,0.6730608381169488,0.2692243352467795
q2,"不好意思,最近異世界需求大了,很想看異世界的故事不一定要轉生類但劍與魔法是必需的.. 已有蜘蛛子了,目前在找一些已經有結局的異世界小說 原本想看哥布林殺手的但是還沒完結啊.....超不想看到一半被中斷了 至少至少...像刀劍那種完了SAO篇再換ALO的方式我還可以接受 請問還有什麼戰鬥類已完結的異世界小說可以推介呢?",已完結,False,遊戲,0.6404312223566513,0.25617248894266054
q2,"不好意思,最近異世界需求大了,很想看異世界的故事不一定要轉生類但劍與魔法是必需的.. 已有蜘蛛子了,目前在找一些已經有結局的異世界小說 原本想看哥布林殺手的但是還沒完結啊.....超不想看到一半被中斷了 至少至少...像刀劍那種完了SAO篇再換ALO的方式我還可以接受 請問還有什麼戰鬥類已完結的異世界小說可以推介呢?",已完結,False,戰鬥,0.6328580412302228,0.25314321649208915
q2,"不好意思,最近異世界需求大了,很想看異世界的故事不一定要轉生類但劍與魔法是必需的.. 已有蜘蛛子了,目前在找一些已經有結局的異世界小說 原本想看哥布林殺手的但是還沒完結啊.....超不想看到一半被中斷了 至少至少...像刀劍那種完了SAO篇再換ALO的方式我還可以接受 請問還有什麼戰鬥類已完結的異世界小說可以推介呢?",已完結,False,青春,0.6474840799799434,0.2589936319919774
q2,"不好意思,最近異世界需求大了,很想看異世界的故事不一定要轉生類但劍與魔法是必需的.. 已有蜘蛛子了,目前在找一些已經有結局的異世界小說 原本想看哥布林殺手的但是還沒完結啊.....超不想看到一半被中斷了 至少至少...像刀劍那種完了SAO篇再換ALO的方式我還可以接受 請問還有什麼戰鬥類已完結的異世界小說可以推介呢?",已完結,False,群像,0.6506115309574949,0.26024461238299795
q2,"不好意思,最近異世界需求大了,很想看異世界的故事不一定要轉生類但劍與魔法是必需的.. 已有蜘蛛子了,目前在找一些已經有結局的異世界小說 原本想看哥布林殺手的但是還沒完結啊.....超不想看到一半被中斷了 至少至少...像刀劍那種完了SAO篇再換ALO的方式我還可以接受 請問還有什麼戰鬥類已完結的異世界小說可以推介呢?",已完結,False,歡樂向,0.69122750352997,0.276491001411988
q2,"不好意思,最近異世界需求大了,很想看異世界的故事不一定要轉生類但劍與魔法是必需的.. 已有蜘蛛子了,目前在找一些已經有結局的異世界小說 原本想看哥布林殺手的但是還沒完結啊.....超不想看到一半被中斷了 至少至少...像刀劍那種完了SAO篇再換ALO的方式我還可以接受 請問還有什麼戰鬥類已完結的異世界小說可以推介呢?",已完結,False,旅行,0.6492178473256877,0.25968713893027506
q2,"不好意思,最近異世界需求大了,很想看異世界的故事不一定要轉生類但劍與魔法是必需的.. 已有蜘蛛子了,目前在找一些已經有結局的異世界小說 原本想看哥布林殺手的但是還沒完結啊.....超不想看到一半被中斷了 至少至少...像刀劍那種完了SAO篇再換ALO的方式我還可以接受 請問還有什麼戰鬥類已完結的異世界小說可以推介呢?",已完結,False,惡役,0.6436146061374014,0.25744584245496055
q2,"不好意思,最近異世界需求大了,很想看異世界的故事不一定要轉生類但劍與魔法是必需的.. 已有蜘蛛子了,目前在找一些已經有結局的異世界小說 原本想看哥布林殺手的但是還沒完結啊.....超不想看到一半被中斷了 至少至少...像刀劍那種完了SAO篇再換ALO的方式我還可以接受 請問還有什麼戰鬥類已完結的異世界小說可以推介呢?",已完結,False,蘿莉,0.6532059554742109,0.26128238218968436
q2,"不好意思,最近異世界需求大了,很想看異世界的故事不一定要轉生類但劍與魔法是必需的.. 已有蜘蛛子了,目前在找一些已經有結局的異世界小說 原本想看哥布林殺手的但是還沒完結啊.....超不想看到一半被中斷了 至少至少...像刀劍那種完了SAO篇再換ALO的方式我還可以接受 請問還有什麼戰鬥類已完結的異世界小說可以推介呢?",已完結,False,機戰,0.6558459638303586,0.26233838553214345
q2,"不好意思,最近異世界需求大了,很想看異世界的故事不一定要轉生類但劍與魔法是必需的.. 已有蜘蛛子了,目前在找一些已經有結局的異世界小說 原本想看哥布林殺手的但是還沒完結啊.....超不想看到一半被中斷了 至少至少...像刀劍那種完了SAO篇再換ALO的方式我還可以接受 請問還有什麼戰鬥類已完結的異世界小說可以推介呢?",已完結,False,驚悚,0.6510985070326729,0.26043940281306915
q2,"不好意思,最近異世界需求大了,很想看異世界的故事不一定要轉生類但劍與魔法是必需的.. 已有蜘蛛子了,目前在找一些已經有結局的異世界小說 原本想看哥布林殺手的但是還沒完結啊.....超不想看到一半被中斷了 至少至少...像刀劍那種完了SAO篇再換ALO的方式我還可以接受 請問還有什麼戰鬥類已完結的異世界小說可以推介呢?",已完結,False,奇幻,0.6543959512626285,0.2617583805050514
q2,"不好意思,最近異世界需求大了,很想看異世界的故事不一定要轉生類但劍與魔法是必需的.. 已有蜘蛛子了,目前在找一些已經有結局的異世界小說 原本想看哥布林殺手的但是還沒完結啊.....超不想看到一半被中斷了 至少至少...像刀劍那種完了SAO篇再換ALO的方式我還可以接受 請問還有什麼戰鬥類已完結的異世界小說可以推介呢?",已完結,False,JK,0.6584274313680173,0.2633709725472069
q2,"不好意思,最近異世界需求大了,很想看異世界的故事不一定要轉生類但劍與魔法是必需的.. 已有蜘蛛子了,目前在找一些已經有結局的異世界小說 原本想看哥布林殺手的但是還沒完結啊.....超不想看到一半被中斷了 至少至少...像刀劍那種完了SAO篇再換ALO的方式我還可以接受 請問還有什麼戰鬥類已完結的異世界小說可以推介呢?",已完結,False,後宮,0.6533710217741139,0.26134840870964554
q2,"不好意思,最近異世界需求大了,很想看異世界的故事不一定要轉生類但劍與魔法是必需的.. 已有蜘蛛子了,目前在找一些已經有結局的異世界小說 原本想看哥布林殺手的但是還沒完結啊.....超不想看到一半被中斷了 至少至少...像刀劍那種完了SAO篇再換ALO的方式我還可以接受 請問還有什麼戰鬥類已完結的異世界小說可以推介呢?",已完結,False,耽美,0.6840175554797924,0.27360702219191696
q2,"不好意思,最近異世界需求大了,很想看異世界的故事不一定要轉生類但劍與魔法是必需的.. 已有蜘蛛子了,目前在找一些已經有結局的異世界小說 原本想看哥布林殺手的但是還沒完結啊.....超不想看到一半被中斷了 至少至少...像刀劍那種完了SAO篇再換ALO的方式我還可以接受 請問還有什麼戰鬥類已完結的異世界小說可以推介呢?",已完結,False,妹妹,0.6389983497306299,0.255599339892252
q2,"不好意思,最近異世界需求大了,很想看異世界的故事不一定要轉生類但劍與魔法是必需的.. 已有蜘蛛子了,目前在找一些已經有結局的異世界小說 原本想看哥布林殺手的但是還沒完結啊.....超不想看到一半被中斷了 至少至少...像刀劍那種完了SAO篇再換ALO的方式我還可以接受 請問還有什麼戰鬥類已完結的異世界小說可以推介呢?",已完結,False,龍傲天,0.6474726220804183,0.25898904883216733
q2,"不好意思,最近異世界需求大了,很想看異世界的故事不一定要轉生類但劍與魔法是必需的.. 已有蜘蛛子了,目前在找一些已經有結局的異世界小說 原本想看哥布林殺手的但是還沒完結啊.....超不想看到一半被中斷了 至少至少...像刀劍那種完了SAO篇再換ALO的方式我還可以接受 請問還有什麼戰鬥類已完結的異世界小說可以推介呢?",已完結,False,職場,0.6477873235291456,0.25911492941165826
q2,"不好意思,最近異世界需求大了,很想看異世界的故事不一定要轉生類但劍與魔法是必需的.. 已有蜘蛛子了,目前在找一些已經有結局的異世界小說 原本想看哥布林殺手的但是還沒完結啊.....超不想看到一半被中斷了 至少至少...像刀劍那種完了SAO篇再換ALO的方式我還可以接受 請問還有什麼戰鬥類已完結的異世界小說可以推介呢?",已完結,False,推理,0.6721686313770987,0.2688674525508395
q2,"不好意思,最近異世界需求大了,很想看異世界的故事不一定要轉生類但劍與魔法是必需的.. 已有蜘蛛子了,目前在找一些已經有結局的異世界小說 原本想看哥布林殺手的但是還沒完結啊.....超不想看到一半被中斷了 至少至少...像刀劍那種完了SAO篇再換ALO的方式我還可以接受 請問還有什麼戰鬥類已完結的異世界小說可以推介呢?",已完結,False,JC,0.6510869716662561,0.26043478866650244
q2,"不好意思,最近異世界需求大了,很想看異世界的故事不一定要轉生類但劍與魔法是必需的.. 已有蜘蛛子了,目前在找一些已經有結局的異世界小說 原本想看哥布林殺手的但是還沒完結啊.....超不想看到一半被中斷了 至少至少...像刀劍那種完了SAO篇再換ALO的方式我還可以接受 請問還有什麼戰鬥類已完結的異世界小說可以推介呢?",已完結,False,宅文化,0.6396351949376731,0.25585407797506926
q2,"不好意思,最近異世界需求大了,很想看異世界的故事不一定要轉生類但劍與魔法是必需的.. 已有蜘蛛子了,目前在找一些已經有結局的異世界小說 原本想看哥布林殺手的但是還沒完結啊.....超不想看到一半被中斷了 至少至少...像刀劍那種完了SAO篇再換ALO的方式我還可以接受 請問還有什麼戰鬥類已完結的異世界小說可以推介呢?",已完結,False,校園,0.646231972666538,0.2584927890666152
q2,"不好意思,最近異世界需求大了,很想看異世界的故事不一定要轉生類但劍與魔法是必需的.. 已有蜘蛛子了,目前在找一些已經有結局的異世界小說 原本想看哥布林殺手的但是還沒完結啊.....超不想看到一半被中斷了 至少至少...像刀劍那種完了SAO篇再換ALO的方式我還可以接受 請問還有什麼戰鬥類已完結的異世界小說可以推介呢?",已完結,False,同人,0.6647969824692644,0.26591879298770577
q2,"不好意思,最近異世界需求大了,很想看異世界的故事不一定要轉生類但劍與魔法是必需的.. 已有蜘蛛子了,目前在找一些已經有結局的異世界小說 原本想看哥布林殺手的但是還沒完結啊.....超不想看到一半被中斷了 至少至少...像刀劍那種完了SAO篇再換ALO的方式我還可以接受 請問還有什麼戰鬥類已完結的異世界小說可以推介呢?",已完結,False,偽娘,0.63253174359738,0.253012697438952
q2,"不好意思,最近異世界需求大了,很想看異世界的故事不一定要轉生類但劍與魔法是必需的.. 已有蜘蛛子了,目前在找一些已經有結局的異世界小說 原本想看哥布林殺手的但是還沒完結啊.....超不想看到一半被中斷了 至少至少...像刀劍那種完了SAO篇再換ALO的方式我還可以接受 請問還有什麼戰鬥類已完結的異世界小說可以推介呢?",已完結,False,NTR,0.6579823891283442,0.26319295565133766
q2,"不好意思,最近異世界需求大了,很想看異世界的故事不一定要轉生類但劍與魔法是必需的.. 已有蜘蛛子了,目前在找一些已經有結局的異世界小說 原本想看哥布林殺手的但是還沒完結啊.....超不想看到一半被中斷了 至少至少...像刀劍那種完了SAO篇再換ALO的方式我還可以接受 請問還有什麼戰鬥類已完結的異世界小說可以推介呢?",已完結,False,異能,0.6482692009220064,0.25930768036880253
q2,"不好意思,最近異世界需求大了,很想看異世界的故事不一定要轉生類但劍與魔法是必需的.. 已有蜘蛛子了,目前在找一些已經有結局的異世界小說 原本想看哥布林殺手的但是還沒完結啊.....超不想看到一半被中斷了 至少至少...像刀劍那種完了SAO篇再換ALO的方式我還可以接受 請問還有什麼戰鬥類已完結的異世界小說可以推介呢?",已完結,False,戰爭,0.6386722984664828,0.2554689193865931
q2,"不好意思,最近異世界需求大了,很想看異世界的故事不一定要轉生類但劍與魔法是必需的.. 已有蜘蛛子了,目前在找一些已經有結局的異世界小說 原本想看哥布林殺手的但是還沒完結啊.....超不想看到一半被中斷了 至少至少...像刀劍那種完了SAO篇再換ALO的方式我還可以接受 請問還有什麼戰鬥類已完結的異世界小說可以推介呢?",已完結,False,音樂,0.6560945041696347,0.26243780166785385
q2,"不好意思,最近異世界需求大了,很想看異世界的故事不一定要轉生類但劍與魔法是必需的.. 已有蜘蛛子了,目前在找一些已經有結局的異世界小說 原本想看哥布林殺手的但是還沒完結啊.....超不想看到一半被中斷了 至少至少...像刀劍那種完了SAO篇再換ALO的方式我還可以接受 請問還有什麼戰鬥類已完結的異世界小說可以推介呢?",已完結,False,病嬌,0.64641235913008,0.25856494365203203
q2,"不好意思,最近異世界需求大了,很想看異世界的故事不一定要轉生類但劍與魔法是必需的.. 已有蜘蛛子了,目前在找一些已經有結局的異世界小說 原本想看哥布林殺手的但是還沒完結啊.....超不想看到一半被中斷了 至少至少...像刀劍那種完了SAO篇再換ALO的方式我還可以接受 請問還有什麼戰鬥類已完結的異世界小說可以推介呢?",已完結,False,熱血,0.6429652342505647,0.2571860937002259
q2,"不好意思,最近異世界需求大了,很想看異世界的故事不一定要轉生類但劍與魔法是必需的.. 已有蜘蛛子了,目前在找一些已經有結局的異世界小說 原本想看哥布林殺手的但是還沒完結啊.....超不想看到一半被中斷了 至少至少...像刀劍那種完了SAO篇再換ALO的方式我還可以接受 請問還有什麼戰鬥類已完結的異世界小說可以推介呢?",已完結,False,間諜,0.6185333578241343,0.24741334312965374
q2,"不好意思,最近異世界需求大了,很想看異世界的故事不一定要轉生類但劍與魔法是必需的.. 已有蜘蛛子了,目前在找一些已經有結局的異世界小說 原本想看哥布林殺手的但是還沒完結啊.....超不想看到一半被中斷了 至少至少...像刀劍那種完了SAO篇再換ALO的方式我還可以接受 請問還有什麼戰鬥類已完結的異世界小說可以推介呢?",已完結,False,冒險,0.645273212007705,0.25810928480308204
q2,"不好意思,最近異世界需求大了,很想看異世界的故事不一定要轉生類但劍與魔法是必需的.. 已有蜘蛛子了,目前在找一些已經有結局的異世界小說 原本想看哥布林殺手的但是還沒完結啊.....超不想看到一半被中斷了 至少至少...像刀劍那種完了SAO篇再換ALO的方式我還可以接受 請問還有什麼戰鬥類已完結的異世界小說可以推介呢?",已完結,False,大小姐,0.6424305425371827,0.2569722170148731
q2,"不好意思,最近異世界需求大了,很想看異世界的故事不一定要轉生類但劍與魔法是必需的.. 已有蜘蛛子了,目前在找一些已經有結局的異世界小說 原本想看哥布林殺手的但是還沒完結啊.....超不想看到一半被中斷了 至少至少...像刀劍那種完了SAO篇再換ALO的方式我還可以接受 請問還有什麼戰鬥類已完結的異世界小說可以推介呢?",已完結,False,女兒,0.6300728269695537,0.25202913078782146
q2,"不好意思,最近異世界需求大了,很想看異世界的故事不一定要轉生類但劍與魔法是必需的.. 已有蜘蛛子了,目前在找一些已經有結局的異世界小說 原本想看哥布林殺手的但是還沒完結啊.....超不想看到一半被中斷了 至少至少...像刀劍那種完了SAO篇再換ALO的方式我還可以接受 請問還有什麼戰鬥類已完結的異世界小說可以推介呢?",已完結,False,人外,0.6657791645900244,0.2663116658360098
q2,"不好意思,最近異世界需求大了,很想看異世界的故事不一定要轉生類但劍與魔法是必需的.. 已有蜘蛛子了,目前在找一些已經有結局的異世界小說 原本想看哥布林殺手的但是還沒完結啊.....超不想看到一半被中斷了 至少至少...像刀劍那種完了SAO篇再換ALO的方式我還可以接受 請問還有什麼戰鬥類已完結的異世界小說可以推介呢?",已完結,False,美食,0.6335905979699773,0.2534362391879909
q2,"不好意思,最近異世界需求大了,很想看異世界的故事不一定要轉生類但劍與魔法是必需的.. 已有蜘蛛子了,目前在找一些已經有結局的異世界小說 原本想看哥布林殺手的但是還沒完結啊.....超不想看到一半被中斷了 至少至少...像刀劍那種完了SAO篇再換ALO的方式我還可以接受 請問還有什麼戰鬥類已完結的異世界小說可以推介呢?",已完結,False,異世界,0.6480508192900373,0.25922032771601494
q2,"不好意思,最近異世界需求大了,很想看異世界的故事不一定要轉生類但劍與魔法是必需的.. 已有蜘蛛子了,目前在找一些已經有結局的異世界小說 原本想看哥布林殺手的但是還沒完結啊.....超不想看到一半被中斷了 至少至少...像刀劍那種完了SAO篇再換ALO的方式我還可以接受 請問還有什麼戰鬥類已完結的異世界小說可以推介呢?",已完結,False,懸疑,0.6713651934725979,0.2685460773890392
q5,"如題，想找像是overlord、無職這種，有龐大世界，多個國家部落，文化特色分明，歷史背景完整，沉浸感和史詩感強的小說，請問各位有沒有推薦的？希望是劍與魔法的世界，有多不同種族、魔物的那種（其實我不太確定這類型叫什麼，異世界感覺不太對，但叫奇幻又好像太廣泛了？

有很多web小說我都有看過，像是轉生成魔劍、轉生龍蛋、哥布林，他們雖然世界都足夠龐大，但是都有個web小說的通病，就是讀起來會有割裂感，無法讓人帶入那個世界中
而轉生蜘蛛雖然沒有那種割裂感，但是世界觀卻不太夠了，就只簡單分成教皇、妖精、魔王而已，希望能看到更多人類國家間的關係，還有更多魔物亞人種族的故事設定",奇幻,True,奇幻,1.0,1.0
q5,"如題，想找像是overlord、無職這種，有龐大世界，多個國家部落，文化特色分明，歷史背景完整，沉浸感和史詩感強的小說，請問各位有沒有推薦的？希望是劍與魔法的世界，有多不同種族、魔物的那種（其實我不太確定這類型叫什麼，異世界感覺不太對，但叫奇幻又好像太廣泛了？

有很多web小說我都有看過，像是轉生成魔劍、轉生龍蛋、哥布林，他們雖然世界都足夠龐大，但是都有個web小說的通病，就是讀起來會有割裂感，無法讓人帶入那個世界中
而轉生蜘蛛雖然沒有那種割裂感，但是世界觀卻不太夠了，就只簡單分成教皇、妖精、魔王而已，希望能看到更多人類國家間的關係，還有更多魔物亞人種族的故事設定",冒險,True,冒險,1.0,1.0
q5,"如題，想找像是overlord、無職這種，有龐大世界，多個國家部落，文化特色分明，歷史背景完整，沉浸感和史詩感強的小說，請問各位有沒有推薦的？希望是劍與魔法的世界，有多不同種族、魔物的那種（其實我不太確定這類型叫什麼，異世界感覺不太對，但叫奇幻又好像太廣泛了？

有很多web小說我都有看過，像是轉生成魔劍、轉生龍蛋、哥布林，他們雖然世界都足夠龐大，但是都有個web小說的通病，就是讀起來會有割裂感，無法讓人帶入那個世界中
而轉生蜘蛛雖然沒有那種割裂感，但是世界觀卻不太夠了，就只簡單分成教皇、妖精、魔王而已，希望能看到更多人類國家間的關係，還有更多魔物亞人種族的故事設定",異世界,True,異世界,1.0,1.0
q5,"如題，想找像是overlord、無職這種，有龐大世界，多個國家部落，文化特色分明，歷史背景完整，沉浸感和史詩感強的小說，請問各位有沒有推薦的？希望是劍與魔法的世界，有多不同種族、魔物的那種（其實我不太確定這類型叫什麼，異世界感覺不太對，但叫奇幻又好像太廣泛了？

有很多web小說我都有看過，像是轉生成魔劍、轉生龍蛋、哥布林，他們雖然世界都足夠龐大，但是都有個web小說的通病，就是讀起來會有割裂感，無法讓人帶入那個世界中
而轉生蜘蛛雖然沒有那種割裂感，但是世界觀卻不太夠了，就只簡單分成教皇、妖精、魔王而已，希望能看到更多人類國家間的關係，還有更多魔物亞人種族的故事設定",劍與魔法,False,大逃殺,0.6194616799143615,0.2477846719657446
q5,"如題，想找像是overlord、無職這種，有龐大世界，多個國家部落，文化特色分明，歷史背景完整，沉浸感和史詩感強的小說，請問各位有沒有推薦的？希望是劍與魔法的世界，有多不同種族、魔物的那種（其實我不太確定這類型叫什麼，異世界感覺不太對，但叫奇幻又好像太廣泛了？

有很多web小說我都有看過，像是轉生成魔劍、轉生龍蛋、哥布林，他們雖然世界都足夠龐大，但是都有個web小說的通病，就是讀起來會有割裂感，無法讓人帶入那個世界中
而轉生蜘蛛雖然沒有那種割裂感，但是世界觀卻不太夠了，就只簡單分成教皇、妖精、魔王而已，希望能看到更多人類國家間的關係，還有更多魔物亞人種族的故事設定",劍與魔法,False,戀愛,0.6382153244833281,0.25528612979333126
q5,"如題，想找像是overlord、無職這種，有龐大世界，多個國家部落，文化特色分明，歷史背景完整，沉浸感和史詩感強的小說，請問各位有沒有推薦的？希望是劍與魔法的世界，有多不同種族、魔物的那種（其實我不太確定這類型叫什麼，異世界感覺不太對，但叫奇幻又好像太廣泛了？

有很多web小說我都有看過，像是轉生成魔劍、轉生龍蛋、哥布林，他們雖然世界都足夠龐大，但是都有個web小說的通病，就是讀起來會有割裂感，無法讓人帶入那個世界中
而轉生蜘蛛雖然沒有那種割裂感，但是世界觀卻不太夠了，就只簡單分成教皇、妖精、魔王而已，希望能看到更多人類國家間的關係，還有更多魔物亞人種族的故事設定",劍與魔法,False,犯罪,0.6382027148416971,0.25528108593667886
q5,"如題，想找像是overlord、無職這種，有龐大世界，多個國家部落，文化特色分明，歷史背景完整，沉浸感和史詩感強的小說，請問各位有沒有推薦的？希望是劍與魔法的世界，有多不同種族、魔物的那種（其實我不太確定這類型叫什麼，異世界感覺不太對，但叫奇幻又好像太廣泛了？

有很多web小說我都有看過，像是轉生成魔劍、轉生龍蛋、哥布林，他們雖然世界都足夠龐大，但是都有個web小說的通病，就是讀起來會有割裂感，無法讓人帶入那個世界中
而轉生蜘蛛雖然沒有那種割裂感，但是世界觀卻不太夠了，就只簡單分成教皇、妖精、魔王而已，希望能看到更多人類國家間的關係，還有更多魔物亞人種族的故事設定",劍與魔法,False,鬥智,0.6315773092659493,0.25263092370637974
q5,"如題，想找像是overlord、無職這種，有龐大世界，多個國家部落，文化特色分明，歷史背景完整，沉浸感和史詩感強的小說，請問各位有沒有推薦的？希望是劍與魔法的世界，有多不同種族、魔物的那種（其實我不太確定這類型叫什麼，異世界感覺不太對，但叫奇幻又好像太廣泛了？

有很多web小說我都有看過，像是轉生成魔劍、轉生龍蛋、哥布林，他們雖然世界都足夠龐大，但是都有個web小說的通病，就是讀起來會有割裂感，無法讓人帶入那個世界中
而轉生蜘蛛雖然沒有那種割裂感，但是世界觀卻不太夠了，就只簡單分成教皇、妖精、魔王而已，希望能看到更多人類國家間的關係，還有更多魔物亞人種族的故事設定",劍與魔法,False,科幻,0.6783142595665301,0.2713257038266121
q5,"如題，想找像是overlord、無職這種，有龐大世界，多個國家部落，文化特色分明，歷史背景完整，沉浸感和史詩感強的小說，請問各位有沒有推薦的？希望是劍與魔法的世界，有多不同種族、魔物的那種（其實我不太確定這類型叫什麼，異世界感覺不太對，但叫奇幻又好像太廣泛了？

有很多web小說我都有看過，像是轉生成魔劍、轉生龍蛋、哥布林，他們雖然世界都足夠龐大，但是都有個web小說的通病，就是讀起來會有割裂感，無法讓人帶入那個世界中
而轉生蜘蛛雖然沒有那種割裂感，但是世界觀卻不太夠了，就只簡單分成教皇、妖精、魔王而已，希望能看到更多人類國家間的關係，還有更多魔物亞人種族的故事設定",劍與魔法,False,格鬥,0.6350036206310893,0.2540014482524357
q5,"如題，想找像是overlord、無職這種，有龐大世界，多個國家部落，文化特色分明，歷史背景完整，沉浸感和史詩感強的小說，請問各位有沒有推薦的？希望是劍與魔法的世界，有多不同種族、魔物的那種（其實我不太確定這類型叫什麼，異世界感覺不太對，但叫奇幻又好像太廣泛了？

有很多web小說我都有看過，像是轉生成魔劍、轉生龍蛋、哥布林，他們雖然世界都足夠龐大，但是都有個web小說的通病，就是讀起來會有割裂感，無法讓人帶入那個世界中
而轉生蜘蛛雖然沒有那種割裂感，但是世界觀卻不太夠了，就只簡單分成教皇、妖精、魔王而已，希望能看到更多人類國家間的關係，還有更多魔物亞人種族的故事設定",劍與魔法,False,百合,0.638959699100288,0.25558387964011525
q5,"如題，想找像是overlord、無職這種，有龐大世界，多個國家部落，文化特色分明，歷史背景完整，沉浸感和史詩感強的小說，請問各位有沒有推薦的？希望是劍與魔法的世界，有多不同種族、魔物的那種（其實我不太確定這類型叫什麼，異世界感覺不太對，但叫奇幻又好像太廣泛了？

有很多web小說我都有看過，像是轉生成魔劍、轉生龍蛋、哥布林，他們雖然世界都足夠龐大，但是都有個web小說的通病，就是讀起來會有割裂感，無法讓人帶入那個世界中
而轉生蜘蛛雖然沒有那種割裂感，但是世界觀卻不太夠了，就只簡單分成教皇、妖精、魔王而已，希望能看到更多人類國家間的關係，還有更多魔物亞人種族的故事設定",劍與魔法,False,轉生,0.6493900344930008,0.2597560137972003
q5,"如題，想找像是overlord、無職這種，有龐大世界，多個國家部落，文化特色分明，歷史背景完整，沉浸感和史詩感強的小說，請問各位有沒有推薦的？希望是劍與魔法的世界，有多不同種族、魔物的那種（其實我不太確定這類型叫什麼，異世界感覺不太對，但叫奇幻又好像太廣泛了？

有很多web小說我都有看過，像是轉生成魔劍、轉生龍蛋、哥布林，他們雖然世界都足夠龐大，但是都有個web小說的通病，就是讀起來會有割裂感，無法讓人帶入那個世界中
而轉生蜘蛛雖然沒有那種割裂感，但是世界觀卻不太夠了，就只簡單分成教皇、妖精、魔王而已，希望能看到更多人類國家間的關係，還有更多魔物亞人種族的故事設定",劍與魔法,False,治癒,0.6481739340671497,0.25926957362685993
q5,"如題，想找像是overlord、無職這種，有龐大世界，多個國家部落，文化特色分明，歷史背景完整，沉浸感和史詩感強的小說，請問各位有沒有推薦的？希望是劍與魔法的世界，有多不同種族、魔物的那種（其實我不太確定這類型叫什麼，異世界感覺不太對，但叫奇幻又好像太廣泛了？

有很多web小說我都有看過，像是轉生成魔劍、轉生龍蛋、哥布林，他們雖然世界都足夠龐大，但是都有個web小說的通病，就是讀起來會有割裂感，無法讓人帶入那個世界中
而轉生蜘蛛雖然沒有那種割裂感，但是世界觀卻不太夠了，就只簡單分成教皇、妖精、魔王而已，希望能看到更多人類國家間的關係，還有更多魔物亞人種族的故事設定",劍與魔法,False,青梅竹馬,0.6194211666051385,0.2477684666420554
q5,"如題，想找像是overlord、無職這種，有龐大世界，多個國家部落，文化特色分明，歷史背景完整，沉浸感和史詩感強的小說，請問各位有沒有推薦的？希望是劍與魔法的世界，有多不同種族、魔物的那種（其實我不太確定這類型叫什麼，異世界感覺不太對，但叫奇幻又好像太廣泛了？

有很多web小說我都有看過，像是轉生成魔劍、轉生龍蛋、哥布林，他們雖然世界都足夠龐大，但是都有個web小說的通病，就是讀起來會有割裂感，無法讓人帶入那個世界中
而轉生蜘蛛雖然沒有那種割裂感，但是世界觀卻不太夠了，就只簡單分成教皇、妖精、魔王而已，希望能看到更多人類國家間的關係，還有更多魔物亞人種族的故事設定",劍與魔法,False,女性視角,0.6411543790145785,0.2564617516058314
q5,"如題，想找像是overlord、無職這種，有龐大世界，多個國家部落，文化特色分明，歷史背景完整，沉浸感和史詩感強的小說，請問各位有沒有推薦的？希望是劍與魔法的世界，有多不同種族、魔物的那種（其實我不太確定這類型叫什麼，異世界感覺不太對，但叫奇幻又好像太廣泛了？

有很多web小說我都有看過，像是轉生成魔劍、轉生龍蛋、哥布林，他們雖然世界都足夠龐大，但是都有個web小說的通病，就是讀起來會有割裂感，無法讓人帶入那個世界中
而轉生蜘蛛雖然沒有那種割裂感，但是世界觀卻不太夠了，就只簡單分成教皇、妖精、魔王而已，希望能看到更多人類國家間的關係，還有更多魔物亞人種族的故事設定",劍與魔法,False,性轉,0.6272395357562341,0.2508958143024937
q5,"如題，想找像是overlord、無職這種，有龐大世界，多個國家部落，文化特色分明，歷史背景完整，沉浸感和史詩感強的小說，請問各位有沒有推薦的？希望是劍與魔法的世界，有多不同種族、魔物的那種（其實我不太確定這類型叫什麼，異世界感覺不太對，但叫奇幻又好像太廣泛了？

有很多web小說我都有看過，像是轉生成魔劍、轉生龍蛋、哥布林，他們雖然世界都足夠龐大，但是都有個web小說的通病，就是讀起來會有割裂感，無法讓人帶入那個世界中
而轉生蜘蛛雖然沒有那種割裂感，但是世界觀卻不太夠了，就只簡單分成教皇、妖精、魔王而已，希望能看到更多人類國家間的關係，還有更多魔物亞人種族的故事設定",劍與魔法,False,溫馨,0.6436805174321972,0.2574722069728789
q5,"如題，想找像是overlord、無職這種，有龐大世界，多個國家部落，文化特色分明，歷史背景完整，沉浸感和史詩感強的小說，請問各位有沒有推薦的？希望是劍與魔法的世界，有多不同種族、魔物的那種（其實我不太確定這類型叫什麼，異世界感覺不太對，但叫奇幻又好像太廣泛了？

有很多web小說我都有看過，像是轉生成魔劍、轉生龍蛋、哥布林，他們雖然世界都足夠龐大，但是都有個web小說的通病，就是讀起來會有割裂感，無法讓人帶入那個世界中
而轉生蜘蛛雖然沒有那種割裂感，但是世界觀卻不太夠了，就只簡單分成教皇、妖精、魔王而已，希望能看到更多人類國家間的關係，還有更多魔物亞人種族的故事設定",劍與魔法,False,經營,0.6306846661228028,0.25227386644912114
q5,"如題，想找像是overlord、無職這種，有龐大世界，多個國家部落，文化特色分明，歷史背景完整，沉浸感和史詩感強的小說，請問各位有沒有推薦的？希望是劍與魔法的世界，有多不同種族、魔物的那種（其實我不太確定這類型叫什麼，異世界感覺不太對，但叫奇幻又好像太廣泛了？

有很多web小說我都有看過，像是轉生成魔劍、轉生龍蛋、哥布林，他們雖然世界都足夠龐大，但是都有個web小說的通病，就是讀起來會有割裂感，無法讓人帶入那個世界中
而轉生蜘蛛雖然沒有那種割裂感，但是世界觀卻不太夠了，就只簡單分成教皇、妖精、魔王而已，希望能看到更多人類國家間的關係，還有更多魔物亞人種族的故事設定",劍與魔法,False,獵奇,0.6526856626451027,0.2610742650580411
q5,"如題，想找像是overlord、無職這種，有龐大世界，多個國家部落，文化特色分明，歷史背景完整，沉浸感和史詩感強的小說，請問各位有沒有推薦的？希望是劍與魔法的世界，有多不同種族、魔物的那種（其實我不太確定這類型叫什麼，異世界感覺不太對，但叫奇幻又好像太廣泛了？

有很多web小說我都有看過，像是轉生成魔劍、轉生龍蛋、哥布林，他們雖然世界都足夠龐大，但是都有個web小說的通病，就是讀起來會有割裂感，無法讓人帶入那個世界中
而轉生蜘蛛雖然沒有那種割裂感，但是世界觀卻不太夠了，就只簡單分成教皇、妖精、魔王而已，希望能看到更多人類國家間的關係，還有更多魔物亞人種族的故事設定",劍與魔法,False,復仇,0.6172854465408755,0.2469141786163502
q5,"如題，想找像是overlord、無職這種，有龐大世界，多個國家部落，文化特色分明，歷史背景完整，沉浸感和史詩感強的小說，請問各位有沒有推薦的？希望是劍與魔法的世界，有多不同種族、魔物的那種（其實我不太確定這類型叫什麼，異世界感覺不太對，但叫奇幻又好像太廣泛了？

有很多web小說我都有看過，像是轉生成魔劍、轉生龍蛋、哥布林，他們雖然世界都足夠龐大，但是都有個web小說的通病，就是讀起來會有割裂感，無法讓人帶入那個世界中
而轉生蜘蛛雖然沒有那種割裂感，但是世界觀卻不太夠了，就只簡單分成教皇、妖精、魔王而已，希望能看到更多人類國家間的關係，還有更多魔物亞人種族的故事設定",劍與魔法,False,黑暗,0.6444620564788607,0.2577848225915443
q5,"如題，想找像是overlord、無職這種，有龐大世界，多個國家部落，文化特色分明，歷史背景完整，沉浸感和史詩感強的小說，請問各位有沒有推薦的？希望是劍與魔法的世界，有多不同種族、魔物的那種（其實我不太確定這類型叫什麼，異世界感覺不太對，但叫奇幻又好像太廣泛了？

有很多web小說我都有看過，像是轉生成魔劍、轉生龍蛋、哥布林，他們雖然世界都足夠龐大，但是都有個web小說的通病，就是讀起來會有割裂感，無法讓人帶入那個世界中
而轉生蜘蛛雖然沒有那種割裂感，但是世界觀卻不太夠了，就只簡單分成教皇、妖精、魔王而已，希望能看到更多人類國家間的關係，還有更多魔物亞人種族的故事設定",劍與魔法,False,末日,0.6367705943223567,0.2547082377289427
q5,"如題，想找像是overlord、無職這種，有龐大世界，多個國家部落，文化特色分明，歷史背景完整，沉浸感和史詩感強的小說，請問各位有沒有推薦的？希望是劍與魔法的世界，有多不同種族、魔物的那種（其實我不太確定這類型叫什麼，異世界感覺不太對，但叫奇幻又好像太廣泛了？

有很多web小說我都有看過，像是轉生成魔劍、轉生龍蛋、哥布林，他們雖然世界都足夠龐大，但是都有個web小說的通病，就是讀起來會有割裂感，無法讓人帶入那個世界中
而轉生蜘蛛雖然沒有那種割裂感，但是世界觀卻不太夠了，就只簡單分成教皇、妖精、魔王而已，希望能看到更多人類國家間的關係，還有更多魔物亞人種族的故事設定",劍與魔法,False,遊戲,0.6432420902985774,0.25729683611943094
q5,"如題，想找像是overlord、無職這種，有龐大世界，多個國家部落，文化特色分明，歷史背景完整，沉浸感和史詩感強的小說，請問各位有沒有推薦的？希望是劍與魔法的世界，有多不同種族、魔物的那種（其實我不太確定這類型叫什麼，異世界感覺不太對，但叫奇幻又好像太廣泛了？

有很多web小說我都有看過，像是轉生成魔劍、轉生龍蛋、哥布林，他們雖然世界都足夠龐大，但是都有個web小說的通病，就是讀起來會有割裂感，無法讓人帶入那個世界中
而轉生蜘蛛雖然沒有那種割裂感，但是世界觀卻不太夠了，就只簡單分成教皇、妖精、魔王而已，希望能看到更多人類國家間的關係，還有更多魔物亞人種族的故事設定",劍與魔法,False,戰鬥,0.6660277492649362,0.2664110997059745
q5,"如題，想找像是overlord、無職這種，有龐大世界，多個國家部落，文化特色分明，歷史背景完整，沉浸感和史詩感強的小說，請問各位有沒有推薦的？希望是劍與魔法的世界，有多不同種族、魔物的那種（其實我不太確定這類型叫什麼，異世界感覺不太對，但叫奇幻又好像太廣泛了？

有很多web小說我都有看過，像是轉生成魔劍、轉生龍蛋、哥布林，他們雖然世界都足夠龐大，但是都有個web小說的通病，就是讀起來會有割裂感，無法讓人帶入那個世界中
而轉生蜘蛛雖然沒有那種割裂感，但是世界觀卻不太夠了，就只簡單分成教皇、妖精、魔王而已，希望能看到更多人類國家間的關係，還有更多魔物亞人種族的故事設定",劍與魔法,False,群像,0.6373203398079935,0.2549281359231974
q5,"如題，想找像是overlord、無職這種，有龐大世界，多個國家部落，文化特色分明，歷史背景完整，沉浸感和史詩感強的小說，請問各位有沒有推薦的？希望是劍與魔法的世界，有多不同種族、魔物的那種（其實我不太確定這類型叫什麼，異世界感覺不太對，但叫奇幻又好像太廣泛了？

有很多web小說我都有看過，像是轉生成魔劍、轉生龍蛋、哥布林，他們雖然世界都足夠龐大，但是都有個web小說的通病，就是讀起來會有割裂感，無法讓人帶入那個世界中
而轉生蜘蛛雖然沒有那種割裂感，但是世界觀卻不太夠了，就只簡單分成教皇、妖精、魔王而已，希望能看到更多人類國家間的關係，還有更多魔物亞人種族的故事設定",劍與魔法,False,歡樂向,0.6779340869602783,0.27117363478411133
q5,"如題，想找像是overlord、無職這種，有龐大世界，多個國家部落，文化特色分明，歷史背景完整，沉浸感和史詩感強的小說，請問各位有沒有推薦的？希望是劍與魔法的世界，有多不同種族、魔物的那種（其實我不太確定這類型叫什麼，異世界感覺不太對，但叫奇幻又好像太廣泛了？

有很多web小說我都有看過，像是轉生成魔劍、轉生龍蛋、哥布林，他們雖然世界都足夠龐大，但是都有個web小說的通病，就是讀起來會有割裂感，無法讓人帶入那個世界中
而轉生蜘蛛雖然沒有那種割裂感，但是世界觀卻不太夠了，就只簡單分成教皇、妖精、魔王而已，希望能看到更多人類國家間的關係，還有更多魔物亞人種族的故事設定",劍與魔法,False,旅行,0.6316636268313974,0.25266545073255897
q5,"如題，想找像是overlord、無職這種，有龐大世界，多個國家部落，文化特色分明，歷史背景完整，沉浸感和史詩感強的小說，請問各位有沒有推薦的？希望是劍與魔法的世界，有多不同種族、魔物的那種（其實我不太確定這類型叫什麼，異世界感覺不太對，但叫奇幻又好像太廣泛了？

有很多web小說我都有看過，像是轉生成魔劍、轉生龍蛋、哥布林，他們雖然世界都足夠龐大，但是都有個web小說的通病，就是讀起來會有割裂感，無法讓人帶入那個世界中
而轉生蜘蛛雖然沒有那種割裂感，但是世界觀卻不太夠了，就只簡單分成教皇、妖精、魔王而已，希望能看到更多人類國家間的關係，還有更多魔物亞人種族的故事設定",劍與魔法,False,惡役,0.6282785102156538,0.25131140408626157
q5,"如題，想找像是overlord、無職這種，有龐大世界，多個國家部落，文化特色分明，歷史背景完整，沉浸感和史詩感強的小說，請問各位有沒有推薦的？希望是劍與魔法的世界，有多不同種族、魔物的那種（其實我不太確定這類型叫什麼，異世界感覺不太對，但叫奇幻又好像太廣泛了？

有很多web小說我都有看過，像是轉生成魔劍、轉生龍蛋、哥布林，他們雖然世界都足夠龐大，但是都有個web小說的通病，就是讀起來會有割裂感，無法讓人帶入那個世界中
而轉生蜘蛛雖然沒有那種割裂感，但是世界觀卻不太夠了，就只簡單分成教皇、妖精、魔王而已，希望能看到更多人類國家間的關係，還有更多魔物亞人種族的故事設定",劍與魔法,False,蘿莉,0.6369773854164841,0.25479095416659364
q5,"如題，想找像是overlord、無職這種，有龐大世界，多個國家部落，文化特色分明，歷史背景完整，沉浸感和史詩感強的小說，請問各位有沒有推薦的？希望是劍與魔法的世界，有多不同種族、魔物的那種（其實我不太確定這類型叫什麼，異世界感覺不太對，但叫奇幻又好像太廣泛了？

有很多web小說我都有看過，像是轉生成魔劍、轉生龍蛋、哥布林，他們雖然世界都足夠龐大，但是都有個web小說的通病，就是讀起來會有割裂感，無法讓人帶入那個世界中
而轉生蜘蛛雖然沒有那種割裂感，但是世界觀卻不太夠了，就只簡單分成教皇、妖精、魔王而已，希望能看到更多人類國家間的關係，還有更多魔物亞人種族的故事設定",劍與魔法,False,機戰,0.6494368308616607,0.2597747323446643
q5,"如題，想找像是overlord、無職這種，有龐大世界，多個國家部落，文化特色分明，歷史背景完整，沉浸感和史詩感強的小說，請問各位有沒有推薦的？希望是劍與魔法的世界，有多不同種族、魔物的那種（其實我不太確定這類型叫什麼，異世界感覺不太對，但叫奇幻又好像太廣泛了？

有很多web小說我都有看過，像是轉生成魔劍、轉生龍蛋、哥布林，他們雖然世界都足夠龐大，但是都有個web小說的通病，就是讀起來會有割裂感，無法讓人帶入那個世界中
而轉生蜘蛛雖然沒有那種割裂感，但是世界觀卻不太夠了，就只簡單分成教皇、妖精、魔王而已，希望能看到更多人類國家間的關係，還有更多魔物亞人種族的故事設定",劍與魔法,False,驚悚,0.6386387410135705,0.25545549640542825
q5,"如題，想找像是overlord、無職這種，有龐大世界，多個國家部落，文化特色分明，歷史背景完整，沉浸感和史詩感強的小說，請問各位有沒有推薦的？希望是劍與魔法的世界，有多不同種族、魔物的那種（其實我不太確定這類型叫什麼，異世界感覺不太對，但叫奇幻又好像太廣泛了？

有很多web小說我都有看過，像是轉生成魔劍、轉生龍蛋、哥布林，他們雖然世界都足夠龐大，但是都有個web小說的通病，就是讀起來會有割裂感，無法讓人帶入那個世界中
而轉生蜘蛛雖然沒有那種割裂感，但是世界觀卻不太夠了，就只簡單分成教皇、妖精、魔王而已，希望能看到更多人類國家間的關係，還有更多魔物亞人種族的故事設定",劍與魔法,False,奇幻,0.7267993880873341,0.29071975523493365
q5,"如題，想找像是overlord、無職這種，有龐大世界，多個國家部落，文化特色分明，歷史背景完整，沉浸感和史詩感強的小說，請問各位有沒有推薦的？希望是劍與魔法的世界，有多不同種族、魔物的那種（其實我不太確定這類型叫什麼，異世界感覺不太對，但叫奇幻又好像太廣泛了？

有很多web小說我都有看過，像是轉生成魔劍、轉生龍蛋、哥布林，他們雖然世界都足夠龐大，但是都有個web小說的通病，就是讀起來會有割裂感，無法讓人帶入那個世界中
而轉生蜘蛛雖然沒有那種割裂感，但是世界觀卻不太夠了，就只簡單分成教皇、妖精、魔王而已，希望能看到更多人類國家間的關係，還有更多魔物亞人種族的故事設定",劍與魔法,False,JK,0.6501520736344709,0.2600608294537884
q5,"如題，想找像是overlord、無職這種，有龐大世界，多個國家部落，文化特色分明，歷史背景完整，沉浸感和史詩感強的小說，請問各位有沒有推薦的？希望是劍與魔法的世界，有多不同種族、魔物的那種（其實我不太確定這類型叫什麼，異世界感覺不太對，但叫奇幻又好像太廣泛了？

有很多web小說我都有看過，像是轉生成魔劍、轉生龍蛋、哥布林，他們雖然世界都足夠龐大，但是都有個web小說的通病，就是讀起來會有割裂感，無法讓人帶入那個世界中
而轉生蜘蛛雖然沒有那種割裂感，但是世界觀卻不太夠了，就只簡單分成教皇、妖精、魔王而已，希望能看到更多人類國家間的關係，還有更多魔物亞人種族的故事設定",劍與魔法,False,後宮,0.6311132944557134,0.25244531778228535
q5,"如題，想找像是overlord、無職這種，有龐大世界，多個國家部落，文化特色分明，歷史背景完整，沉浸感和史詩感強的小說，請問各位有沒有推薦的？希望是劍與魔法的世界，有多不同種族、魔物的那種（其實我不太確定這類型叫什麼，異世界感覺不太對，但叫奇幻又好像太廣泛了？

有很多web小說我都有看過，像是轉生成魔劍、轉生龍蛋、哥布林，他們雖然世界都足夠龐大，但是都有個web小說的通病，就是讀起來會有割裂感，無法讓人帶入那個世界中
而轉生蜘蛛雖然沒有那種割裂感，但是世界觀卻不太夠了，就只簡單分成教皇、妖精、魔王而已，希望能看到更多人類國家間的關係，還有更多魔物亞人種族的故事設定",劍與魔法,False,耽美,0.6578819416043837,0.2631527766417535
q5,"如題，想找像是overlord、無職這種，有龐大世界，多個國家部落，文化特色分明，歷史背景完整，沉浸感和史詩感強的小說，請問各位有沒有推薦的？希望是劍與魔法的世界，有多不同種族、魔物的那種（其實我不太確定這類型叫什麼，異世界感覺不太對，但叫奇幻又好像太廣泛了？

有很多web小說我都有看過，像是轉生成魔劍、轉生龍蛋、哥布林，他們雖然世界都足夠龐大，但是都有個web小說的通病，就是讀起來會有割裂感，無法讓人帶入那個世界中
而轉生蜘蛛雖然沒有那種割裂感，但是世界觀卻不太夠了，就只簡單分成教皇、妖精、魔王而已，希望能看到更多人類國家間的關係，還有更多魔物亞人種族的故事設定",劍與魔法,False,妹妹,0.6112395003733189,0.24449580014932756
q5,"如題，想找像是overlord、無職這種，有龐大世界，多個國家部落，文化特色分明，歷史背景完整，沉浸感和史詩感強的小說，請問各位有沒有推薦的？希望是劍與魔法的世界，有多不同種族、魔物的那種（其實我不太確定這類型叫什麼，異世界感覺不太對，但叫奇幻又好像太廣泛了？

有很多web小說我都有看過，像是轉生成魔劍、轉生龍蛋、哥布林，他們雖然世界都足夠龐大，但是都有個web小說的通病，就是讀起來會有割裂感，無法讓人帶入那個世界中
而轉生蜘蛛雖然沒有那種割裂感，但是世界觀卻不太夠了，就只簡單分成教皇、妖精、魔王而已，希望能看到更多人類國家間的關係，還有更多魔物亞人種族的故事設定",劍與魔法,False,龍傲天,0.6518082725864938,0.2607233090345975
q5,"如題，想找像是overlord、無職這種，有龐大世界，多個國家部落，文化特色分明，歷史背景完整，沉浸感和史詩感強的小說，請問各位有沒有推薦的？希望是劍與魔法的世界，有多不同種族、魔物的那種（其實我不太確定這類型叫什麼，異世界感覺不太對，但叫奇幻又好像太廣泛了？

有很多web小說我都有看過，像是轉生成魔劍、轉生龍蛋、哥布林，他們雖然世界都足夠龐大，但是都有個web小說的通病，就是讀起來會有割裂感，無法讓人帶入那個世界中
而轉生蜘蛛雖然沒有那種割裂感，但是世界觀卻不太夠了，就只簡單分成教皇、妖精、魔王而已，希望能看到更多人類國家間的關係，還有更多魔物亞人種族的故事設定",劍與魔法,False,職場,0.6155847371304844,0.2462338948521938
q5,"如題，想找像是overlord、無職這種，有龐大世界，多個國家部落，文化特色分明，歷史背景完整，沉浸感和史詩感強的小說，請問各位有沒有推薦的？希望是劍與魔法的世界，有多不同種族、魔物的那種（其實我不太確定這類型叫什麼，異世界感覺不太對，但叫奇幻又好像太廣泛了？

有很多web小說我都有看過，像是轉生成魔劍、轉生龍蛋、哥布林，他們雖然世界都足夠龐大，但是都有個web小說的通病，就是讀起來會有割裂感，無法讓人帶入那個世界中
而轉生蜘蛛雖然沒有那種割裂感，但是世界觀卻不太夠了，就只簡單分成教皇、妖精、魔王而已，希望能看到更多人類國家間的關係，還有更多魔物亞人種族的故事設定",劍與魔法,False,推理,0.6531984443356134,0.26127937773424537
q5,"如題，想找像是overlord、無職這種，有龐大世界，多個國家部落，文化特色分明，歷史背景完整，沉浸感和史詩感強的小說，請問各位有沒有推薦的？希望是劍與魔法的世界，有多不同種族、魔物的那種（其實我不太確定這類型叫什麼，異世界感覺不太對，但叫奇幻又好像太廣泛了？

有很多web小說我都有看過，像是轉生成魔劍、轉生龍蛋、哥布林，他們雖然世界都足夠龐大，但是都有個web小說的通病，就是讀起來會有割裂感，無法讓人帶入那個世界中
而轉生蜘蛛雖然沒有那種割裂感，但是世界觀卻不太夠了，就只簡單分成教皇、妖精、魔王而已，希望能看到更多人類國家間的關係，還有更多魔物亞人種族的故事設定",劍與魔法,False,JC,0.6382832842684605,0.2553133137073842
q5,"如題，想找像是overlord、無職這種，有龐大世界，多個國家部落，文化特色分明，歷史背景完整，沉浸感和史詩感強的小說，請問各位有沒有推薦的？希望是劍與魔法的世界，有多不同種族、魔物的那種（其實我不太確定這類型叫什麼，異世界感覺不太對，但叫奇幻又好像太廣泛了？

有很多web小說我都有看過，像是轉生成魔劍、轉生龍蛋、哥布林，他們雖然世界都足夠龐大，但是都有個web小說的通病，就是讀起來會有割裂感，無法讓人帶入那個世界中
而轉生蜘蛛雖然沒有那種割裂感，但是世界觀卻不太夠了，就只簡單分成教皇、妖精、魔王而已，希望能看到更多人類國家間的關係，還有更多魔物亞人種族的故事設定",劍與魔法,False,宅文化,0.6160063767278272,0.2464025506911309
q5,"如題，想找像是overlord、無職這種，有龐大世界，多個國家部落，文化特色分明，歷史背景完整，沉浸感和史詩感強的小說，請問各位有沒有推薦的？希望是劍與魔法的世界，有多不同種族、魔物的那種（其實我不太確定這類型叫什麼，異世界感覺不太對，但叫奇幻又好像太廣泛了？

有很多web小說我都有看過，像是轉生成魔劍、轉生龍蛋、哥布林，他們雖然世界都足夠龐大，但是都有個web小說的通病，就是讀起來會有割裂感，無法讓人帶入那個世界中
而轉生蜘蛛雖然沒有那種割裂感，但是世界觀卻不太夠了，就只簡單分成教皇、妖精、魔王而已，希望能看到更多人類國家間的關係，還有更多魔物亞人種族的故事設定",劍與魔法,False,校園,0.6260746359478996,0.2504298543791598
q5,"如題，想找像是overlord、無職這種，有龐大世界，多個國家部落，文化特色分明，歷史背景完整，沉浸感和史詩感強的小說，請問各位有沒有推薦的？希望是劍與魔法的世界，有多不同種族、魔物的那種（其實我不太確定這類型叫什麼，異世界感覺不太對，但叫奇幻又好像太廣泛了？

有很多web小說我都有看過，像是轉生成魔劍、轉生龍蛋、哥布林，他們雖然世界都足夠龐大，但是都有個web小說的通病，就是讀起來會有割裂感，無法讓人帶入那個世界中
而轉生蜘蛛雖然沒有那種割裂感，但是世界觀卻不太夠了，就只簡單分成教皇、妖精、魔王而已，希望能看到更多人類國家間的關係，還有更多魔物亞人種族的故事設定",劍與魔法,False,同人,0.6513989267228281,0.2605595706891312
q5,"如題，想找像是overlord、無職這種，有龐大世界，多個國家部落，文化特色分明，歷史背景完整，沉浸感和史詩感強的小說，請問各位有沒有推薦的？希望是劍與魔法的世界，有多不同種族、魔物的那種（其實我不太確定這類型叫什麼，異世界感覺不太對，但叫奇幻又好像太廣泛了？

有很多web小說我都有看過，像是轉生成魔劍、轉生龍蛋、哥布林，他們雖然世界都足夠龐大，但是都有個web小說的通病，就是讀起來會有割裂感，無法讓人帶入那個世界中
而轉生蜘蛛雖然沒有那種割裂感，但是世界觀卻不太夠了，就只簡單分成教皇、妖精、魔王而已，希望能看到更多人類國家間的關係，還有更多魔物亞人種族的故事設定",劍與魔法,False,NTR,0.6429911120788712,0.25719644483154847
q5,"如題，想找像是overlord、無職這種，有龐大世界，多個國家部落，文化特色分明，歷史背景完整，沉浸感和史詩感強的小說，請問各位有沒有推薦的？希望是劍與魔法的世界，有多不同種族、魔物的那種（其實我不太確定這類型叫什麼，異世界感覺不太對，但叫奇幻又好像太廣泛了？

有很多web小說我都有看過，像是轉生成魔劍、轉生龍蛋、哥布林，他們雖然世界都足夠龐大，但是都有個web小說的通病，就是讀起來會有割裂感，無法讓人帶入那個世界中
而轉生蜘蛛雖然沒有那種割裂感，但是世界觀卻不太夠了，就只簡單分成教皇、妖精、魔王而已，希望能看到更多人類國家間的關係，還有更多魔物亞人種族的故事設定",劍與魔法,False,異能,0.6496798730439524,0.25987194921758094
q5,"如題，想找像是overlord、無職這種，有龐大世界，多個國家部落，文化特色分明，歷史背景完整，沉浸感和史詩感強的小說，請問各位有沒有推薦的？希望是劍與魔法的世界，有多不同種族、魔物的那種（其實我不太確定這類型叫什麼，異世界感覺不太對，但叫奇幻又好像太廣泛了？

有很多web小說我都有看過，像是轉生成魔劍、轉生龍蛋、哥布林，他們雖然世界都足夠龐大，但是都有個web小說的通病，就是讀起來會有割裂感，無法讓人帶入那個世界中
而轉生蜘蛛雖然沒有那種割裂感，但是世界觀卻不太夠了，就只簡單分成教皇、妖精、魔王而已，希望能看到更多人類國家間的關係，還有更多魔物亞人種族的故事設定",劍與魔法,False,戰爭,0.6462758582635985,0.25851034330543937
q5,"如題，想找像是overlord、無職這種，有龐大世界，多個國家部落，文化特色分明，歷史背景完整，沉浸感和史詩感強的小說，請問各位有沒有推薦的？希望是劍與魔法的世界，有多不同種族、魔物的那種（其實我不太確定這類型叫什麼，異世界感覺不太對，但叫奇幻又好像太廣泛了？

有很多web小說我都有看過，像是轉生成魔劍、轉生龍蛋、哥布林，他們雖然世界都足夠龐大，但是都有個web小說的通病，就是讀起來會有割裂感，無法讓人帶入那個世界中
而轉生蜘蛛雖然沒有那種割裂感，但是世界觀卻不太夠了，就只簡單分成教皇、妖精、魔王而已，希望能看到更多人類國家間的關係，還有更多魔物亞人種族的故事設定",劍與魔法,False,音樂,0.6305785984927446,0.25223143939709786
q5,"如題，想找像是overlord、無職這種，有龐大世界，多個國家部落，文化特色分明，歷史背景完整，沉浸感和史詩感強的小說，請問各位有沒有推薦的？希望是劍與魔法的世界，有多不同種族、魔物的那種（其實我不太確定這類型叫什麼，異世界感覺不太對，但叫奇幻又好像太廣泛了？

有很多web小說我都有看過，像是轉生成魔劍、轉生龍蛋、哥布林，他們雖然世界都足夠龐大，但是都有個web小說的通病，就是讀起來會有割裂感，無法讓人帶入那個世界中
而轉生蜘蛛雖然沒有那種割裂感，但是世界觀卻不太夠了，就只簡單分成教皇、妖精、魔王而已，希望能看到更多人類國家間的關係，還有更多魔物亞人種族的故事設定",劍與魔法,False,熱血,0.6531778075609032,0.2612711230243613
q5,"如題，想找像是overlord、無職這種，有龐大世界，多個國家部落，文化特色分明，歷史背景完整，沉浸感和史詩感強的小說，請問各位有沒有推薦的？希望是劍與魔法的世界，有多不同種族、魔物的那種（其實我不太確定這類型叫什麼，異世界感覺不太對，但叫奇幻又好像太廣泛了？

有很多web小說我都有看過，像是轉生成魔劍、轉生龍蛋、哥布林，他們雖然世界都足夠龐大，但是都有個web小說的通病，就是讀起來會有割裂感，無法讓人帶入那個世界中
而轉生蜘蛛雖然沒有那種割裂感，但是世界觀卻不太夠了，就只簡單分成教皇、妖精、魔王而已，希望能看到更多人類國家間的關係，還有更多魔物亞人種族的故事設定",劍與魔法,False,間諜,0.6136648093918626,0.24546592375674506
q5,"如題，想找像是overlord、無職這種，有龐大世界，多個國家部落，文化特色分明，歷史背景完整，沉浸感和史詩感強的小說，請問各位有沒有推薦的？希望是劍與魔法的世界，有多不同種族、魔物的那種（其實我不太確定這類型叫什麼，異世界感覺不太對，但叫奇幻又好像太廣泛了？

有很多web小說我都有看過，像是轉生成魔劍、轉生龍蛋、哥布林，他們雖然世界都足夠龐大，但是都有個web小說的通病，就是讀起來會有割裂感，無法讓人帶入那個世界中
而轉生蜘蛛雖然沒有那種割裂感，但是世界觀卻不太夠了，就只簡單分成教皇、妖精、魔王而已，希望能看到更多人類國家間的關係，還有更多魔物亞人種族的故事設定",劍與魔法,False,冒險,0.6790059357597193,0.27160237430388773
q5,"如題，想找像是overlord、無職這種，有龐大世界，多個國家部落，文化特色分明，歷史背景完整，沉浸感和史詩感強的小說，請問各位有沒有推薦的？希望是劍與魔法的世界，有多不同種族、魔物的那種（其實我不太確定這類型叫什麼，異世界感覺不太對，但叫奇幻又好像太廣泛了？

有很多web小說我都有看過，像是轉生成魔劍、轉生龍蛋、哥布林，他們雖然世界都足夠龐大，但是都有個web小說的通病，就是讀起來會有割裂感，無法讓人帶入那個世界中
而轉生蜘蛛雖然沒有那種割裂感，但是世界觀卻不太夠了，就只簡單分成教皇、妖精、魔王而已，希望能看到更多人類國家間的關係，還有更多魔物亞人種族的故事設定",劍與魔法,False,大小姐,0.6151066266277211,0.24604265065108843
q5,"如題，想找像是overlord、無職這種，有龐大世界，多個國家部落，文化特色分明，歷史背景完整，沉浸感和史詩感強的小說，請問各位有沒有推薦的？希望是劍與魔法的世界，有多不同種族、魔物的那種（其實我不太確定這類型叫什麼，異世界感覺不太對，但叫奇幻又好像太廣泛了？

有很多web小說我都有看過，像是轉生成魔劍、轉生龍蛋、哥布林，他們雖然世界都足夠龐大，但是都有個web小說的通病，就是讀起來會有割裂感，無法讓人帶入那個世界中
而轉生蜘蛛雖然沒有那種割裂感，但是世界觀卻不太夠了，就只簡單分成教皇、妖精、魔王而已，希望能看到更多人類國家間的關係，還有更多魔物亞人種族的故事設定",劍與魔法,False,女兒,0.6045095943299221,0.24180383773196887
q5,"如題，想找像是overlord、無職這種，有龐大世界，多個國家部落，文化特色分明，歷史背景完整，沉浸感和史詩感強的小說，請問各位有沒有推薦的？希望是劍與魔法的世界，有多不同種族、魔物的那種（其實我不太確定這類型叫什麼，異世界感覺不太對，但叫奇幻又好像太廣泛了？

有很多web小說我都有看過，像是轉生成魔劍、轉生龍蛋、哥布林，他們雖然世界都足夠龐大，但是都有個web小說的通病，就是讀起來會有割裂感，無法讓人帶入那個世界中
而轉生蜘蛛雖然沒有那種割裂感，但是世界觀卻不太夠了，就只簡單分成教皇、妖精、魔王而已，希望能看到更多人類國家間的關係，還有更多魔物亞人種族的故事設定",劍與魔法,False,人外,0.6686753475742633,0.26747013902970534
q5,"如題，想找像是overlord、無職這種，有龐大世界，多個國家部落，文化特色分明，歷史背景完整，沉浸感和史詩感強的小說，請問各位有沒有推薦的？希望是劍與魔法的世界，有多不同種族、魔物的那種（其實我不太確定這類型叫什麼，異世界感覺不太對，但叫奇幻又好像太廣泛了？

有很多web小說我都有看過，像是轉生成魔劍、轉生龍蛋、哥布林，他們雖然世界都足夠龐大，但是都有個web小說的通病，就是讀起來會有割裂感，無法讓人帶入那個世界中
而轉生蜘蛛雖然沒有那種割裂感，但是世界觀卻不太夠了，就只簡單分成教皇、妖精、魔王而已，希望能看到更多人類國家間的關係，還有更多魔物亞人種族的故事設定",劍與魔法,False,魔法,0.7007028581668011,0.28028114326672043
q5,"如題，想找像是overlord、無職這種，有龐大世界，多個國家部落，文化特色分明，歷史背景完整，沉浸感和史詩感強的小說，請問各位有沒有推薦的？希望是劍與魔法的世界，有多不同種族、魔物的那種（其實我不太確定這類型叫什麼，異世界感覺不太對，但叫奇幻又好像太廣泛了？

有很多web小說我都有看過，像是轉生成魔劍、轉生龍蛋、哥布林，他們雖然世界都足夠龐大，但是都有個web小說的通病，就是讀起來會有割裂感，無法讓人帶入那個世界中
而轉生蜘蛛雖然沒有那種割裂感，但是世界觀卻不太夠了，就只簡單分成教皇、妖精、魔王而已，希望能看到更多人類國家間的關係，還有更多魔物亞人種族的故事設定",劍與魔法,False,美食,0.6132318259102397,0.2452927303640959
q5,"如題，想找像是overlord、無職這種，有龐大世界，多個國家部落，文化特色分明，歷史背景完整，沉浸感和史詩感強的小說，請問各位有沒有推薦的？希望是劍與魔法的世界，有多不同種族、魔物的那種（其實我不太確定這類型叫什麼，異世界感覺不太對，但叫奇幻又好像太廣泛了？

有很多web小說我都有看過，像是轉生成魔劍、轉生龍蛋、哥布林，他們雖然世界都足夠龐大，但是都有個web小說的通病，就是讀起來會有割裂感，無法讓人帶入那個世界中
而轉生蜘蛛雖然沒有那種割裂感，但是世界觀卻不太夠了，就只簡單分成教皇、妖精、魔王而已，希望能看到更多人類國家間的關係，還有更多魔物亞人種族的故事設定",劍與魔法,False,異世界,0.6784426514112853,0.27137706056451416
q5,"如題，想找像是overlord、無職這種，有龐大世界，多個國家部落，文化特色分明，歷史背景完整，沉浸感和史詩感強的小說，請問各位有沒有推薦的？希望是劍與魔法的世界，有多不同種族、魔物的那種（其實我不太確定這類型叫什麼，異世界感覺不太對，但叫奇幻又好像太廣泛了？

有很多web小說我都有看過，像是轉生成魔劍、轉生龍蛋、哥布林，他們雖然世界都足夠龐大，但是都有個web小說的通病，就是讀起來會有割裂感，無法讓人帶入那個世界中
而轉生蜘蛛雖然沒有那種割裂感，但是世界觀卻不太夠了，就只簡單分成教皇、妖精、魔王而已，希望能看到更多人類國家間的關係，還有更多魔物亞人種族的故事設定",劍與魔法,False,懸疑,0.6611413001243094,0.26445652004972375
q5,"如題，想找像是overlord、無職這種，有龐大世界，多個國家部落，文化特色分明，歷史背景完整，沉浸感和史詩感強的小說，請問各位有沒有推薦的？希望是劍與魔法的世界，有多不同種族、魔物的那種（其實我不太確定這類型叫什麼，異世界感覺不太對，但叫奇幻又好像太廣泛了？

有很多web小說我都有看過，像是轉生成魔劍、轉生龍蛋、哥布林，他們雖然世界都足夠龐大，但是都有個web小說的通病，就是讀起來會有割裂感，無法讓人帶入那個世界中
而轉生蜘蛛雖然沒有那種割裂感，但是世界觀卻不太夠了，就只簡單分成教皇、妖精、魔王而已，希望能看到更多人類國家間的關係，還有更多魔物亞人種族的故事設定",史詩感,False,大逃殺,0.6325530047482467,0.2530212018992987
q5,"如題，想找像是overlord、無職這種，有龐大世界，多個國家部落，文化特色分明，歷史背景完整，沉浸感和史詩感強的小說，請問各位有沒有推薦的？希望是劍與魔法的世界，有多不同種族、魔物的那種（其實我不太確定這類型叫什麼，異世界感覺不太對，但叫奇幻又好像太廣泛了？

有很多web小說我都有看過，像是轉生成魔劍、轉生龍蛋、哥布林，他們雖然世界都足夠龐大，但是都有個web小說的通病，就是讀起來會有割裂感，無法讓人帶入那個世界中
而轉生蜘蛛雖然沒有那種割裂感，但是世界觀卻不太夠了，就只簡單分成教皇、妖精、魔王而已，希望能看到更多人類國家間的關係，還有更多魔物亞人種族的故事設定",史詩感,False,戀愛,0.6356490493732188,0.2542596197492875
q5,"如題，想找像是overlord、無職這種，有龐大世界，多個國家部落，文化特色分明，歷史背景完整，沉浸感和史詩感強的小說，請問各位有沒有推薦的？希望是劍與魔法的世界，有多不同種族、魔物的那種（其實我不太確定這類型叫什麼，異世界感覺不太對，但叫奇幻又好像太廣泛了？

有很多web小說我都有看過，像是轉生成魔劍、轉生龍蛋、哥布林，他們雖然世界都足夠龐大，但是都有個web小說的通病，就是讀起來會有割裂感，無法讓人帶入那個世界中
而轉生蜘蛛雖然沒有那種割裂感，但是世界觀卻不太夠了，就只簡單分成教皇、妖精、魔王而已，希望能看到更多人類國家間的關係，還有更多魔物亞人種族的故事設定",史詩感,False,犯罪,0.627108472646374,0.25084338905854964
q5,"如題，想找像是overlord、無職這種，有龐大世界，多個國家部落，文化特色分明，歷史背景完整，沉浸感和史詩感強的小說，請問各位有沒有推薦的？希望是劍與魔法的世界，有多不同種族、魔物的那種（其實我不太確定這類型叫什麼，異世界感覺不太對，但叫奇幻又好像太廣泛了？

有很多web小說我都有看過，像是轉生成魔劍、轉生龍蛋、哥布林，他們雖然世界都足夠龐大，但是都有個web小說的通病，就是讀起來會有割裂感，無法讓人帶入那個世界中
而轉生蜘蛛雖然沒有那種割裂感，但是世界觀卻不太夠了，就只簡單分成教皇、妖精、魔王而已，希望能看到更多人類國家間的關係，還有更多魔物亞人種族的故事設定",史詩感,False,鬥智,0.631150458603418,0.2524601834413672
q5,"如題，想找像是overlord、無職這種，有龐大世界，多個國家部落，文化特色分明，歷史背景完整，沉浸感和史詩感強的小說，請問各位有沒有推薦的？希望是劍與魔法的世界，有多不同種族、魔物的那種（其實我不太確定這類型叫什麼，異世界感覺不太對，但叫奇幻又好像太廣泛了？

有很多web小說我都有看過，像是轉生成魔劍、轉生龍蛋、哥布林，他們雖然世界都足夠龐大，但是都有個web小說的通病，就是讀起來會有割裂感，無法讓人帶入那個世界中
而轉生蜘蛛雖然沒有那種割裂感，但是世界觀卻不太夠了，就只簡單分成教皇、妖精、魔王而已，希望能看到更多人類國家間的關係，還有更多魔物亞人種族的故事設定",史詩感,False,科幻,0.6697214909648952,0.2678885963859581
q5,"如題，想找像是overlord、無職這種，有龐大世界，多個國家部落，文化特色分明，歷史背景完整，沉浸感和史詩感強的小說，請問各位有沒有推薦的？希望是劍與魔法的世界，有多不同種族、魔物的那種（其實我不太確定這類型叫什麼，異世界感覺不太對，但叫奇幻又好像太廣泛了？

有很多web小說我都有看過，像是轉生成魔劍、轉生龍蛋、哥布林，他們雖然世界都足夠龐大，但是都有個web小說的通病，就是讀起來會有割裂感，無法讓人帶入那個世界中
而轉生蜘蛛雖然沒有那種割裂感，但是世界觀卻不太夠了，就只簡單分成教皇、妖精、魔王而已，希望能看到更多人類國家間的關係，還有更多魔物亞人種族的故事設定",史詩感,False,百合,0.6259471875963131,0.25037887503852524
q5,"如題，想找像是overlord、無職這種，有龐大世界，多個國家部落，文化特色分明，歷史背景完整，沉浸感和史詩感強的小說，請問各位有沒有推薦的？希望是劍與魔法的世界，有多不同種族、魔物的那種（其實我不太確定這類型叫什麼，異世界感覺不太對，但叫奇幻又好像太廣泛了？

有很多web小說我都有看過，像是轉生成魔劍、轉生龍蛋、哥布林，他們雖然世界都足夠龐大，但是都有個web小說的通病，就是讀起來會有割裂感，無法讓人帶入那個世界中
而轉生蜘蛛雖然沒有那種割裂感，但是世界觀卻不太夠了，就只簡單分成教皇、妖精、魔王而已，希望能看到更多人類國家間的關係，還有更多魔物亞人種族的故事設定",史詩感,False,轉生,0.6295169778457537,0.25180679113830146
q5,"如題，想找像是overlord、無職這種，有龐大世界，多個國家部落，文化特色分明，歷史背景完整，沉浸感和史詩感強的小說，請問各位有沒有推薦的？希望是劍與魔法的世界，有多不同種族、魔物的那種（其實我不太確定這類型叫什麼，異世界感覺不太對，但叫奇幻又好像太廣泛了？

有很多web小說我都有看過，像是轉生成魔劍、轉生龍蛋、哥布林，他們雖然世界都足夠龐大，但是都有個web小說的通病，就是讀起來會有割裂感，無法讓人帶入那個世界中
而轉生蜘蛛雖然沒有那種割裂感，但是世界觀卻不太夠了，就只簡單分成教皇、妖精、魔王而已，希望能看到更多人類國家間的關係，還有更多魔物亞人種族的故事設定",史詩感,False,治癒,0.6428854229672816,0.25715416918691264
q5,"如題，想找像是overlord、無職這種，有龐大世界，多個國家部落，文化特色分明，歷史背景完整，沉浸感和史詩感強的小說，請問各位有沒有推薦的？希望是劍與魔法的世界，有多不同種族、魔物的那種（其實我不太確定這類型叫什麼，異世界感覺不太對，但叫奇幻又好像太廣泛了？

有很多web小說我都有看過，像是轉生成魔劍、轉生龍蛋、哥布林，他們雖然世界都足夠龐大，但是都有個web小說的通病，就是讀起來會有割裂感，無法讓人帶入那個世界中
而轉生蜘蛛雖然沒有那種割裂感，但是世界觀卻不太夠了，就只簡單分成教皇、妖精、魔王而已，希望能看到更多人類國家間的關係，還有更多魔物亞人種族的故事設定",史詩感,False,青梅竹馬,0.6189624646857559,0.24758498587430236
q5,"如題，想找像是overlord、無職這種，有龐大世界，多個國家部落，文化特色分明，歷史背景完整，沉浸感和史詩感強的小說，請問各位有沒有推薦的？希望是劍與魔法的世界，有多不同種族、魔物的那種（其實我不太確定這類型叫什麼，異世界感覺不太對，但叫奇幻又好像太廣泛了？

有很多web小說我都有看過，像是轉生成魔劍、轉生龍蛋、哥布林，他們雖然世界都足夠龐大，但是都有個web小說的通病，就是讀起來會有割裂感，無法讓人帶入那個世界中
而轉生蜘蛛雖然沒有那種割裂感，但是世界觀卻不太夠了，就只簡單分成教皇、妖精、魔王而已，希望能看到更多人類國家間的關係，還有更多魔物亞人種族的故事設定",史詩感,False,女性視角,0.6480491077935739,0.25921964311742957
q5,"如題，想找像是overlord、無職這種，有龐大世界，多個國家部落，文化特色分明，歷史背景完整，沉浸感和史詩感強的小說，請問各位有沒有推薦的？希望是劍與魔法的世界，有多不同種族、魔物的那種（其實我不太確定這類型叫什麼，異世界感覺不太對，但叫奇幻又好像太廣泛了？

有很多web小說我都有看過，像是轉生成魔劍、轉生龍蛋、哥布林，他們雖然世界都足夠龐大，但是都有個web小說的通病，就是讀起來會有割裂感，無法讓人帶入那個世界中
而轉生蜘蛛雖然沒有那種割裂感，但是世界觀卻不太夠了，就只簡單分成教皇、妖精、魔王而已，希望能看到更多人類國家間的關係，還有更多魔物亞人種族的故事設定",史詩感,False,溫馨,0.6548292529187241,0.26193170116748965
q5,"如題，想找像是overlord、無職這種，有龐大世界，多個國家部落，文化特色分明，歷史背景完整，沉浸感和史詩感強的小說，請問各位有沒有推薦的？希望是劍與魔法的世界，有多不同種族、魔物的那種（其實我不太確定這類型叫什麼，異世界感覺不太對，但叫奇幻又好像太廣泛了？

有很多web小說我都有看過，像是轉生成魔劍、轉生龍蛋、哥布林，他們雖然世界都足夠龐大，但是都有個web小說的通病，就是讀起來會有割裂感，無法讓人帶入那個世界中
而轉生蜘蛛雖然沒有那種割裂感，但是世界觀卻不太夠了，就只簡單分成教皇、妖精、魔王而已，希望能看到更多人類國家間的關係，還有更多魔物亞人種族的故事設定",史詩感,False,經營,0.6320504647736259,0.2528201859094504
q5,"如題，想找像是overlord、無職這種，有龐大世界，多個國家部落，文化特色分明，歷史背景完整，沉浸感和史詩感強的小說，請問各位有沒有推薦的？希望是劍與魔法的世界，有多不同種族、魔物的那種（其實我不太確定這類型叫什麼，異世界感覺不太對，但叫奇幻又好像太廣泛了？

有很多web小說我都有看過，像是轉生成魔劍、轉生龍蛋、哥布林，他們雖然世界都足夠龐大，但是都有個web小說的通病，就是讀起來會有割裂感，無法讓人帶入那個世界中
而轉生蜘蛛雖然沒有那種割裂感，但是世界觀卻不太夠了，就只簡單分成教皇、妖精、魔王而已，希望能看到更多人類國家間的關係，還有更多魔物亞人種族的故事設定",史詩感,False,獵奇,0.6435324671845222,0.25741298687380887
q5,"如題，想找像是overlord、無職這種，有龐大世界，多個國家部落，文化特色分明，歷史背景完整，沉浸感和史詩感強的小說，請問各位有沒有推薦的？希望是劍與魔法的世界，有多不同種族、魔物的那種（其實我不太確定這類型叫什麼，異世界感覺不太對，但叫奇幻又好像太廣泛了？

有很多web小說我都有看過，像是轉生成魔劍、轉生龍蛋、哥布林，他們雖然世界都足夠龐大，但是都有個web小說的通病，就是讀起來會有割裂感，無法讓人帶入那個世界中
而轉生蜘蛛雖然沒有那種割裂感，但是世界觀卻不太夠了，就只簡單分成教皇、妖精、魔王而已，希望能看到更多人類國家間的關係，還有更多魔物亞人種族的故事設定",史詩感,False,復仇,0.6166027476661977,0.2466410990664791
q5,"如題，想找像是overlord、無職這種，有龐大世界，多個國家部落，文化特色分明，歷史背景完整，沉浸感和史詩感強的小說，請問各位有沒有推薦的？希望是劍與魔法的世界，有多不同種族、魔物的那種（其實我不太確定這類型叫什麼，異世界感覺不太對，但叫奇幻又好像太廣泛了？

有很多web小說我都有看過，像是轉生成魔劍、轉生龍蛋、哥布林，他們雖然世界都足夠龐大，但是都有個web小說的通病，就是讀起來會有割裂感，無法讓人帶入那個世界中
而轉生蜘蛛雖然沒有那種割裂感，但是世界觀卻不太夠了，就只簡單分成教皇、妖精、魔王而已，希望能看到更多人類國家間的關係，還有更多魔物亞人種族的故事設定",史詩感,False,黑暗,0.6528066536490404,0.2611226614596162
q5,"如題，想找像是overlord、無職這種，有龐大世界，多個國家部落，文化特色分明，歷史背景完整，沉浸感和史詩感強的小說，請問各位有沒有推薦的？希望是劍與魔法的世界，有多不同種族、魔物的那種（其實我不太確定這類型叫什麼，異世界感覺不太對，但叫奇幻又好像太廣泛了？

有很多web小說我都有看過，像是轉生成魔劍、轉生龍蛋、哥布林，他們雖然世界都足夠龐大，但是都有個web小說的通病，就是讀起來會有割裂感，無法讓人帶入那個世界中
而轉生蜘蛛雖然沒有那種割裂感，但是世界觀卻不太夠了，就只簡單分成教皇、妖精、魔王而已，希望能看到更多人類國家間的關係，還有更多魔物亞人種族的故事設定",史詩感,False,末日,0.6481281024178934,0.2592512409671574
q5,"如題，想找像是overlord、無職這種，有龐大世界，多個國家部落，文化特色分明，歷史背景完整，沉浸感和史詩感強的小說，請問各位有沒有推薦的？希望是劍與魔法的世界，有多不同種族、魔物的那種（其實我不太確定這類型叫什麼，異世界感覺不太對，但叫奇幻又好像太廣泛了？

有很多web小說我都有看過，像是轉生成魔劍、轉生龍蛋、哥布林，他們雖然世界都足夠龐大，但是都有個web小說的通病，就是讀起來會有割裂感，無法讓人帶入那個世界中
而轉生蜘蛛雖然沒有那種割裂感，但是世界觀卻不太夠了，就只簡單分成教皇、妖精、魔王而已，希望能看到更多人類國家間的關係，還有更多魔物亞人種族的故事設定",史詩感,False,遊戲,0.6344995717521857,0.2537998287008743
q5,"如題，想找像是overlord、無職這種，有龐大世界，多個國家部落，文化特色分明，歷史背景完整，沉浸感和史詩感強的小說，請問各位有沒有推薦的？希望是劍與魔法的世界，有多不同種族、魔物的那種（其實我不太確定這類型叫什麼，異世界感覺不太對，但叫奇幻又好像太廣泛了？

有很多web小說我都有看過，像是轉生成魔劍、轉生龍蛋、哥布林，他們雖然世界都足夠龐大，但是都有個web小說的通病，就是讀起來會有割裂感，無法讓人帶入那個世界中
而轉生蜘蛛雖然沒有那種割裂感，但是世界觀卻不太夠了，就只簡單分成教皇、妖精、魔王而已，希望能看到更多人類國家間的關係，還有更多魔物亞人種族的故事設定",史詩感,False,戰鬥,0.6460891232674759,0.25843564930699037
q5,"如題，想找像是overlord、無職這種，有龐大世界，多個國家部落，文化特色分明，歷史背景完整，沉浸感和史詩感強的小說，請問各位有沒有推薦的？希望是劍與魔法的世界，有多不同種族、魔物的那種（其實我不太確定這類型叫什麼，異世界感覺不太對，但叫奇幻又好像太廣泛了？

有很多web小說我都有看過，像是轉生成魔劍、轉生龍蛋、哥布林，他們雖然世界都足夠龐大，但是都有個web小說的通病，就是讀起來會有割裂感，無法讓人帶入那個世界中
而轉生蜘蛛雖然沒有那種割裂感，但是世界觀卻不太夠了，就只簡單分成教皇、妖精、魔王而已，希望能看到更多人類國家間的關係，還有更多魔物亞人種族的故事設定",史詩感,False,青春,0.6420128841457026,0.25680515365828105
q5,"如題，想找像是overlord、無職這種，有龐大世界，多個國家部落，文化特色分明，歷史背景完整，沉浸感和史詩感強的小說，請問各位有沒有推薦的？希望是劍與魔法的世界，有多不同種族、魔物的那種（其實我不太確定這類型叫什麼，異世界感覺不太對，但叫奇幻又好像太廣泛了？

有很多web小說我都有看過，像是轉生成魔劍、轉生龍蛋、哥布林，他們雖然世界都足夠龐大，但是都有個web小說的通病，就是讀起來會有割裂感，無法讓人帶入那個世界中
而轉生蜘蛛雖然沒有那種割裂感，但是世界觀卻不太夠了，就只簡單分成教皇、妖精、魔王而已，希望能看到更多人類國家間的關係，還有更多魔物亞人種族的故事設定",史詩感,False,群像,0.660871094049107,0.26434843761964283
q5,"如題，想找像是overlord、無職這種，有龐大世界，多個國家部落，文化特色分明，歷史背景完整，沉浸感和史詩感強的小說，請問各位有沒有推薦的？希望是劍與魔法的世界，有多不同種族、魔物的那種（其實我不太確定這類型叫什麼，異世界感覺不太對，但叫奇幻又好像太廣泛了？

有很多web小說我都有看過，像是轉生成魔劍、轉生龍蛋、哥布林，他們雖然世界都足夠龐大，但是都有個web小說的通病，就是讀起來會有割裂感，無法讓人帶入那個世界中
而轉生蜘蛛雖然沒有那種割裂感，但是世界觀卻不太夠了，就只簡單分成教皇、妖精、魔王而已，希望能看到更多人類國家間的關係，還有更多魔物亞人種族的故事設定",史詩感,False,歡樂向,0.6631789556933217,0.2652715822773287
q5,"如題，想找像是overlord、無職這種，有龐大世界，多個國家部落，文化特色分明，歷史背景完整，沉浸感和史詩感強的小說，請問各位有沒有推薦的？希望是劍與魔法的世界，有多不同種族、魔物的那種（其實我不太確定這類型叫什麼，異世界感覺不太對，但叫奇幻又好像太廣泛了？

有很多web小說我都有看過，像是轉生成魔劍、轉生龍蛋、哥布林，他們雖然世界都足夠龐大，但是都有個web小說的通病，就是讀起來會有割裂感，無法讓人帶入那個世界中
而轉生蜘蛛雖然沒有那種割裂感，但是世界觀卻不太夠了，就只簡單分成教皇、妖精、魔王而已，希望能看到更多人類國家間的關係，還有更多魔物亞人種族的故事設定",史詩感,False,旅行,0.6526577502327932,0.2610631000931173
q5,"如題，想找像是overlord、無職這種，有龐大世界，多個國家部落，文化特色分明，歷史背景完整，沉浸感和史詩感強的小說，請問各位有沒有推薦的？希望是劍與魔法的世界，有多不同種族、魔物的那種（其實我不太確定這類型叫什麼，異世界感覺不太對，但叫奇幻又好像太廣泛了？

有很多web小說我都有看過，像是轉生成魔劍、轉生龍蛋、哥布林，他們雖然世界都足夠龐大，但是都有個web小說的通病，就是讀起來會有割裂感，無法讓人帶入那個世界中
而轉生蜘蛛雖然沒有那種割裂感，但是世界觀卻不太夠了，就只簡單分成教皇、妖精、魔王而已，希望能看到更多人類國家間的關係，還有更多魔物亞人種族的故事設定",史詩感,False,惡役,0.628722388279662,0.2514889553118648
q5,"如題，想找像是overlord、無職這種，有龐大世界，多個國家部落，文化特色分明，歷史背景完整，沉浸感和史詩感強的小說，請問各位有沒有推薦的？希望是劍與魔法的世界，有多不同種族、魔物的那種（其實我不太確定這類型叫什麼，異世界感覺不太對，但叫奇幻又好像太廣泛了？

有很多web小說我都有看過，像是轉生成魔劍、轉生龍蛋、哥布林，他們雖然世界都足夠龐大，但是都有個web小說的通病，就是讀起來會有割裂感，無法讓人帶入那個世界中
而轉生蜘蛛雖然沒有那種割裂感，但是世界觀卻不太夠了，就只簡單分成教皇、妖精、魔王而已，希望能看到更多人類國家間的關係，還有更多魔物亞人種族的故事設定",史詩感,False,機戰,0.6512656130797585,0.2605062452319034
q5,"如題，想找像是overlord、無職這種，有龐大世界，多個國家部落，文化特色分明，歷史背景完整，沉浸感和史詩感強的小說，請問各位有沒有推薦的？希望是劍與魔法的世界，有多不同種族、魔物的那種（其實我不太確定這類型叫什麼，異世界感覺不太對，但叫奇幻又好像太廣泛了？

有很多web小說我都有看過，像是轉生成魔劍、轉生龍蛋、哥布林，他們雖然世界都足夠龐大，但是都有個web小說的通病，就是讀起來會有割裂感，無法讓人帶入那個世界中
而轉生蜘蛛雖然沒有那種割裂感，但是世界觀卻不太夠了，就只簡單分成教皇、妖精、魔王而已，希望能看到更多人類國家間的關係，還有更多魔物亞人種族的故事設定",史詩感,False,驚悚,0.650398326142397,0.2601593304569588
q5,"如題，想找像是overlord、無職這種，有龐大世界，多個國家部落，文化特色分明，歷史背景完整，沉浸感和史詩感強的小說，請問各位有沒有推薦的？希望是劍與魔法的世界，有多不同種族、魔物的那種（其實我不太確定這類型叫什麼，異世界感覺不太對，但叫奇幻又好像太廣泛了？

有很多web小說我都有看過，像是轉生成魔劍、轉生龍蛋、哥布林，他們雖然世界都足夠龐大，但是都有個web小說的通病，就是讀起來會有割裂感，無法讓人帶入那個世界中
而轉生蜘蛛雖然沒有那種割裂感，但是世界觀卻不太夠了，就只簡單分成教皇、妖精、魔王而已，希望能看到更多人類國家間的關係，還有更多魔物亞人種族的故事設定",史詩感,False,奇幻,0.6822244370941,0.27288977483764
q5,"如題，想找像是overlord、無職這種，有龐大世界，多個國家部落，文化特色分明，歷史背景完整，沉浸感和史詩感強的小說，請問各位有沒有推薦的？希望是劍與魔法的世界，有多不同種族、魔物的那種（其實我不太確定這類型叫什麼，異世界感覺不太對，但叫奇幻又好像太廣泛了？

有很多web小說我都有看過，像是轉生成魔劍、轉生龍蛋、哥布林，他們雖然世界都足夠龐大，但是都有個web小說的通病，就是讀起來會有割裂感，無法讓人帶入那個世界中
而轉生蜘蛛雖然沒有那種割裂感，但是世界觀卻不太夠了，就只簡單分成教皇、妖精、魔王而已，希望能看到更多人類國家間的關係，還有更多魔物亞人種族的故事設定",史詩感,False,JK,0.6297426555038796,0.2518970622015519
q5,"如題，想找像是overlord、無職這種，有龐大世界，多個國家部落，文化特色分明，歷史背景完整，沉浸感和史詩感強的小說，請問各位有沒有推薦的？希望是劍與魔法的世界，有多不同種族、魔物的那種（其實我不太確定這類型叫什麼，異世界感覺不太對，但叫奇幻又好像太廣泛了？

有很多web小說我都有看過，像是轉生成魔劍、轉生龍蛋、哥布林，他們雖然世界都足夠龐大，但是都有個web小說的通病，就是讀起來會有割裂感，無法讓人帶入那個世界中
而轉生蜘蛛雖然沒有那種割裂感，但是世界觀卻不太夠了，就只簡單分成教皇、妖精、魔王而已，希望能看到更多人類國家間的關係，還有更多魔物亞人種族的故事設定",史詩感,False,後宮,0.6417743959618529,0.2567097583847412
q5,"如題，想找像是overlord、無職這種，有龐大世界，多個國家部落，文化特色分明，歷史背景完整，沉浸感和史詩感強的小說，請問各位有沒有推薦的？希望是劍與魔法的世界，有多不同種族、魔物的那種（其實我不太確定這類型叫什麼，異世界感覺不太對，但叫奇幻又好像太廣泛了？

有很多web小說我都有看過，像是轉生成魔劍、轉生龍蛋、哥布林，他們雖然世界都足夠龐大，但是都有個web小說的通病，就是讀起來會有割裂感，無法讓人帶入那個世界中
而轉生蜘蛛雖然沒有那種割裂感，但是世界觀卻不太夠了，就只簡單分成教皇、妖精、魔王而已，希望能看到更多人類國家間的關係，還有更多魔物亞人種族的故事設定",史詩感,False,耽美,0.6576008755305861,0.26304035021223443
q5,"如題，想找像是overlord、無職這種，有龐大世界，多個國家部落，文化特色分明，歷史背景完整，沉浸感和史詩感強的小說，請問各位有沒有推薦的？希望是劍與魔法的世界，有多不同種族、魔物的那種（其實我不太確定這類型叫什麼，異世界感覺不太對，但叫奇幻又好像太廣泛了？

有很多web小說我都有看過，像是轉生成魔劍、轉生龍蛋、哥布林，他們雖然世界都足夠龐大，但是都有個web小說的通病，就是讀起來會有割裂感，無法讓人帶入那個世界中
而轉生蜘蛛雖然沒有那種割裂感，但是世界觀卻不太夠了，就只簡單分成教皇、妖精、魔王而已，希望能看到更多人類國家間的關係，還有更多魔物亞人種族的故事設定",史詩感,False,龍傲天,0.6556268419516982,0.2622507367806793
q5,"如題，想找像是overlord、無職這種，有龐大世界，多個國家部落，文化特色分明，歷史背景完整，沉浸感和史詩感強的小說，請問各位有沒有推薦的？希望是劍與魔法的世界，有多不同種族、魔物的那種（其實我不太確定這類型叫什麼，異世界感覺不太對，但叫奇幻又好像太廣泛了？

有很多web小說我都有看過，像是轉生成魔劍、轉生龍蛋、哥布林，他們雖然世界都足夠龐大，但是都有個web小說的通病，就是讀起來會有割裂感，無法讓人帶入那個世界中
而轉生蜘蛛雖然沒有那種割裂感，但是世界觀卻不太夠了，就只簡單分成教皇、妖精、魔王而已，希望能看到更多人類國家間的關係，還有更多魔物亞人種族的故事設定",史詩感,False,職場,0.6253687734370563,0.25014750937482255
q5,"如題，想找像是overlord、無職這種，有龐大世界，多個國家部落，文化特色分明，歷史背景完整，沉浸感和史詩感強的小說，請問各位有沒有推薦的？希望是劍與魔法的世界，有多不同種族、魔物的那種（其實我不太確定這類型叫什麼，異世界感覺不太對，但叫奇幻又好像太廣泛了？

有很多web小說我都有看過，像是轉生成魔劍、轉生龍蛋、哥布林，他們雖然世界都足夠龐大，但是都有個web小說的通病，就是讀起來會有割裂感，無法讓人帶入那個世界中
而轉生蜘蛛雖然沒有那種割裂感，但是世界觀卻不太夠了，就只簡單分成教皇、妖精、魔王而已，希望能看到更多人類國家間的關係，還有更多魔物亞人種族的故事設定",史詩感,False,推理,0.6407917978736006,0.25631671914944026
q5,"如題，想找像是overlord、無職這種，有龐大世界，多個國家部落，文化特色分明，歷史背景完整，沉浸感和史詩感強的小說，請問各位有沒有推薦的？希望是劍與魔法的世界，有多不同種族、魔物的那種（其實我不太確定這類型叫什麼，異世界感覺不太對，但叫奇幻又好像太廣泛了？

有很多web小說我都有看過，像是轉生成魔劍、轉生龍蛋、哥布林，他們雖然世界都足夠龐大，但是都有個web小說的通病，就是讀起來會有割裂感，無法讓人帶入那個世界中
而轉生蜘蛛雖然沒有那種割裂感，但是世界觀卻不太夠了，就只簡單分成教皇、妖精、魔王而已，希望能看到更多人類國家間的關係，還有更多魔物亞人種族的故事設定",史詩感,False,JC,0.6279663872420116,0.25118655489680464
q5,"如題，想找像是overlord、無職這種，有龐大世界，多個國家部落，文化特色分明，歷史背景完整，沉浸感和史詩感強的小說，請問各位有沒有推薦的？希望是劍與魔法的世界，有多不同種族、魔物的那種（其實我不太確定這類型叫什麼，異世界感覺不太對，但叫奇幻又好像太廣泛了？

有很多web小說我都有看過，像是轉生成魔劍、轉生龍蛋、哥布林，他們雖然世界都足夠龐大，但是都有個web小說的通病，就是讀起來會有割裂感，無法讓人帶入那個世界中
而轉生蜘蛛雖然沒有那種割裂感，但是世界觀卻不太夠了，就只簡單分成教皇、妖精、魔王而已，希望能看到更多人類國家間的關係，還有更多魔物亞人種族的故事設定",史詩感,False,宅文化,0.6203943036265708,0.2481577214506283
q5,"如題，想找像是overlord、無職這種，有龐大世界，多個國家部落，文化特色分明，歷史背景完整，沉浸感和史詩感強的小說，請問各位有沒有推薦的？希望是劍與魔法的世界，有多不同種族、魔物的那種（其實我不太確定這類型叫什麼，異世界感覺不太對，但叫奇幻又好像太廣泛了？

有很多web小說我都有看過，像是轉生成魔劍、轉生龍蛋、哥布林，他們雖然世界都足夠龐大，但是都有個web小說的通病，就是讀起來會有割裂感，無法讓人帶入那個世界中
而轉生蜘蛛雖然沒有那種割裂感，但是世界觀卻不太夠了，就只簡單分成教皇、妖精、魔王而已，希望能看到更多人類國家間的關係，還有更多魔物亞人種族的故事設定",史詩感,False,校園,0.6277452586151272,0.2510981034460509
q5,"如題，想找像是overlord、無職這種，有龐大世界，多個國家部落，文化特色分明，歷史背景完整，沉浸感和史詩感強的小說，請問各位有沒有推薦的？希望是劍與魔法的世界，有多不同種族、魔物的那種（其實我不太確定這類型叫什麼，異世界感覺不太對，但叫奇幻又好像太廣泛了？

有很多web小說我都有看過，像是轉生成魔劍、轉生龍蛋、哥布林，他們雖然世界都足夠龐大，但是都有個web小說的通病，就是讀起來會有割裂感，無法讓人帶入那個世界中
而轉生蜘蛛雖然沒有那種割裂感，但是世界觀卻不太夠了，就只簡單分成教皇、妖精、魔王而已，希望能看到更多人類國家間的關係，還有更多魔物亞人種族的故事設定",史詩感,False,同人,0.6335844843653282,0.2534337937461313
q5,"如題，想找像是overlord、無職這種，有龐大世界，多個國家部落，文化特色分明，歷史背景完整，沉浸感和史詩感強的小說，請問各位有沒有推薦的？希望是劍與魔法的世界，有多不同種族、魔物的那種（其實我不太確定這類型叫什麼，異世界感覺不太對，但叫奇幻又好像太廣泛了？

有很多web小說我都有看過，像是轉生成魔劍、轉生龍蛋、哥布林，他們雖然世界都足夠龐大，但是都有個web小說的通病，就是讀起來會有割裂感，無法讓人帶入那個世界中
而轉生蜘蛛雖然沒有那種割裂感，但是世界觀卻不太夠了，就只簡單分成教皇、妖精、魔王而已，希望能看到更多人類國家間的關係，還有更多魔物亞人種族的故事設定",史詩感,False,NTR,0.6334297825550875,0.25337191302203504
q5,"如題，想找像是overlord、無職這種，有龐大世界，多個國家部落，文化特色分明，歷史背景完整，沉浸感和史詩感強的小說，請問各位有沒有推薦的？希望是劍與魔法的世界，有多不同種族、魔物的那種（其實我不太確定這類型叫什麼，異世界感覺不太對，但叫奇幻又好像太廣泛了？

有很多web小說我都有看過，像是轉生成魔劍、轉生龍蛋、哥布林，他們雖然世界都足夠龐大，但是都有個web小說的通病，就是讀起來會有割裂感，無法讓人帶入那個世界中
而轉生蜘蛛雖然沒有那種割裂感，但是世界觀卻不太夠了，就只簡單分成教皇、妖精、魔王而已，希望能看到更多人類國家間的關係，還有更多魔物亞人種族的故事設定",史詩感,False,異能,0.6335121842164273,0.25340487368657094
q5,"如題，想找像是overlord、無職這種，有龐大世界，多個國家部落，文化特色分明，歷史背景完整，沉浸感和史詩感強的小說，請問各位有沒有推薦的？希望是劍與魔法的世界，有多不同種族、魔物的那種（其實我不太確定這類型叫什麼，異世界感覺不太對，但叫奇幻又好像太廣泛了？

有很多web小說我都有看過，像是轉生成魔劍、轉生龍蛋、哥布林，他們雖然世界都足夠龐大，但是都有個web小說的通病，就是讀起來會有割裂感，無法讓人帶入那個世界中
而轉生蜘蛛雖然沒有那種割裂感，但是世界觀卻不太夠了，就只簡單分成教皇、妖精、魔王而已，希望能看到更多人類國家間的關係，還有更多魔物亞人種族的故事設定",史詩感,False,戰爭,0.6676575347146136,0.26706301388584547
q5,"如題，想找像是overlord、無職這種，有龐大世界，多個國家部落，文化特色分明，歷史背景完整，沉浸感和史詩感強的小說，請問各位有沒有推薦的？希望是劍與魔法的世界，有多不同種族、魔物的那種（其實我不太確定這類型叫什麼，異世界感覺不太對，但叫奇幻又好像太廣泛了？

有很多web小說我都有看過，像是轉生成魔劍、轉生龍蛋、哥布林，他們雖然世界都足夠龐大，但是都有個web小說的通病，就是讀起來會有割裂感，無法讓人帶入那個世界中
而轉生蜘蛛雖然沒有那種割裂感，但是世界觀卻不太夠了，就只簡單分成教皇、妖精、魔王而已，希望能看到更多人類國家間的關係，還有更多魔物亞人種族的故事設定",史詩感,False,音樂,0.6655473355367056,0.2662189342146823
q5,"如題，想找像是overlord、無職這種，有龐大世界，多個國家部落，文化特色分明，歷史背景完整，沉浸感和史詩感強的小說，請問各位有沒有推薦的？希望是劍與魔法的世界，有多不同種族、魔物的那種（其實我不太確定這類型叫什麼，異世界感覺不太對，但叫奇幻又好像太廣泛了？

有很多web小說我都有看過，像是轉生成魔劍、轉生龍蛋、哥布林，他們雖然世界都足夠龐大，但是都有個web小說的通病，就是讀起來會有割裂感，無法讓人帶入那個世界中
而轉生蜘蛛雖然沒有那種割裂感，但是世界觀卻不太夠了，就只簡單分成教皇、妖精、魔王而已，希望能看到更多人類國家間的關係，還有更多魔物亞人種族的故事設定",史詩感,False,熱血,0.6513657905199426,0.260546316207977
q5,"如題，想找像是overlord、無職這種，有龐大世界，多個國家部落，文化特色分明，歷史背景完整，沉浸感和史詩感強的小說，請問各位有沒有推薦的？希望是劍與魔法的世界，有多不同種族、魔物的那種（其實我不太確定這類型叫什麼，異世界感覺不太對，但叫奇幻又好像太廣泛了？

有很多web小說我都有看過，像是轉生成魔劍、轉生龍蛋、哥布林，他們雖然世界都足夠龐大，但是都有個web小說的通病，就是讀起來會有割裂感，無法讓人帶入那個世界中
而轉生蜘蛛雖然沒有那種割裂感，但是世界觀卻不太夠了，就只簡單分成教皇、妖精、魔王而已，希望能看到更多人類國家間的關係，還有更多魔物亞人種族的故事設定",史詩感,False,間諜,0.6189835513863797,0.2475934205545519
q5,"如題，想找像是overlord、無職這種，有龐大世界，多個國家部落，文化特色分明，歷史背景完整，沉浸感和史詩感強的小說，請問各位有沒有推薦的？希望是劍與魔法的世界，有多不同種族、魔物的那種（其實我不太確定這類型叫什麼，異世界感覺不太對，但叫奇幻又好像太廣泛了？

有很多web小說我都有看過，像是轉生成魔劍、轉生龍蛋、哥布林，他們雖然世界都足夠龐大，但是都有個web小說的通病，就是讀起來會有割裂感，無法讓人帶入那個世界中
而轉生蜘蛛雖然沒有那種割裂感，但是世界觀卻不太夠了，就只簡單分成教皇、妖精、魔王而已，希望能看到更多人類國家間的關係，還有更多魔物亞人種族的故事設定",史詩感,False,冒險,0.675529173265855,0.27021166930634205
q5,"如題，想找像是overlord、無職這種，有龐大世界，多個國家部落，文化特色分明，歷史背景完整，沉浸感和史詩感強的小說，請問各位有沒有推薦的？希望是劍與魔法的世界，有多不同種族、魔物的那種（其實我不太確定這類型叫什麼，異世界感覺不太對，但叫奇幻又好像太廣泛了？

有很多web小說我都有看過，像是轉生成魔劍、轉生龍蛋、哥布林，他們雖然世界都足夠龐大，但是都有個web小說的通病，就是讀起來會有割裂感，無法讓人帶入那個世界中
而轉生蜘蛛雖然沒有那種割裂感，但是世界觀卻不太夠了，就只簡單分成教皇、妖精、魔王而已，希望能看到更多人類國家間的關係，還有更多魔物亞人種族的故事設定",史詩感,False,大小姐,0.6320582847957008,0.25282331391828033
q5,"如題，想找像是overlord、無職這種，有龐大世界，多個國家部落，文化特色分明，歷史背景完整，沉浸感和史詩感強的小說，請問各位有沒有推薦的？希望是劍與魔法的世界，有多不同種族、魔物的那種（其實我不太確定這類型叫什麼，異世界感覺不太對，但叫奇幻又好像太廣泛了？

有很多web小說我都有看過，像是轉生成魔劍、轉生龍蛋、哥布林，他們雖然世界都足夠龐大，但是都有個web小說的通病，就是讀起來會有割裂感，無法讓人帶入那個世界中
而轉生蜘蛛雖然沒有那種割裂感，但是世界觀卻不太夠了，就只簡單分成教皇、妖精、魔王而已，希望能看到更多人類國家間的關係，還有更多魔物亞人種族的故事設定",史詩感,False,女兒,0.714959030411243,0.2859836121644972
q5,"如題，想找像是overlord、無職這種，有龐大世界，多個國家部落，文化特色分明，歷史背景完整，沉浸感和史詩感強的小說，請問各位有沒有推薦的？希望是劍與魔法的世界，有多不同種族、魔物的那種（其實我不太確定這類型叫什麼，異世界感覺不太對，但叫奇幻又好像太廣泛了？

有很多web小說我都有看過，像是轉生成魔劍、轉生龍蛋、哥布林，他們雖然世界都足夠龐大，但是都有個web小說的通病，就是讀起來會有割裂感，無法讓人帶入那個世界中
而轉生蜘蛛雖然沒有那種割裂感，但是世界觀卻不太夠了，就只簡單分成教皇、妖精、魔王而已，希望能看到更多人類國家間的關係，還有更多魔物亞人種族的故事設定",史詩感,False,人外,0.641852346552352,0.25674093862094083
q5,"如題，想找像是overlord、無職這種，有龐大世界，多個國家部落，文化特色分明，歷史背景完整，沉浸感和史詩感強的小說，請問各位有沒有推薦的？希望是劍與魔法的世界，有多不同種族、魔物的那種（其實我不太確定這類型叫什麼，異世界感覺不太對，但叫奇幻又好像太廣泛了？

有很多web小說我都有看過，像是轉生成魔劍、轉生龍蛋、哥布林，他們雖然世界都足夠龐大，但是都有個web小說的通病，就是讀起來會有割裂感，無法讓人帶入那個世界中
而轉生蜘蛛雖然沒有那種割裂感，但是世界觀卻不太夠了，就只簡單分成教皇、妖精、魔王而已，希望能看到更多人類國家間的關係，還有更多魔物亞人種族的故事設定",史詩感,False,美食,0.6233403139492332,0.24933612557969329
q5,"如題，想找像是overlord、無職這種，有龐大世界，多個國家部落，文化特色分明，歷史背景完整，沉浸感和史詩感強的小說，請問各位有沒有推薦的？希望是劍與魔法的世界，有多不同種族、魔物的那種（其實我不太確定這類型叫什麼，異世界感覺不太對，但叫奇幻又好像太廣泛了？

有很多web小說我都有看過，像是轉生成魔劍、轉生龍蛋、哥布林，他們雖然世界都足夠龐大，但是都有個web小說的通病，就是讀起來會有割裂感，無法讓人帶入那個世界中
而轉生蜘蛛雖然沒有那種割裂感，但是世界觀卻不太夠了，就只簡單分成教皇、妖精、魔王而已，希望能看到更多人類國家間的關係，還有更多魔物亞人種族的故事設定",史詩感,False,異世界,0.6456867221671092,0.2582746888668437
q5,"如題，想找像是overlord、無職這種，有龐大世界，多個國家部落，文化特色分明，歷史背景完整，沉浸感和史詩感強的小說，請問各位有沒有推薦的？希望是劍與魔法的世界，有多不同種族、魔物的那種（其實我不太確定這類型叫什麼，異世界感覺不太對，但叫奇幻又好像太廣泛了？

有很多web小說我都有看過，像是轉生成魔劍、轉生龍蛋、哥布林，他們雖然世界都足夠龐大，但是都有個web小說的通病，就是讀起來會有割裂感，無法讓人帶入那個世界中
而轉生蜘蛛雖然沒有那種割裂感，但是世界觀卻不太夠了，就只簡單分成教皇、妖精、魔王而已，希望能看到更多人類國家間的關係，還有更多魔物亞人種族的故事設定",史詩感,False,懸疑,0.66060905242942,0.264243620971768
q5,"如題，想找像是overlord、無職這種，有龐大世界，多個國家部落，文化特色分明，歷史背景完整，沉浸感和史詩感強的小說，請問各位有沒有推薦的？希望是劍與魔法的世界，有多不同種族、魔物的那種（其實我不太確定這類型叫什麼，異世界感覺不太對，但叫奇幻又好像太廣泛了？

有很多web小說我都有看過，像是轉生成魔劍、轉生龍蛋、哥布林，他們雖然世界都足夠龐大，但是都有個web小說的通病，就是讀起來會有割裂感，無法讓人帶入那個世界中
而轉生蜘蛛雖然沒有那種割裂感，但是世界觀卻不太夠了，就只簡單分成教皇、妖精、魔王而已，希望能看到更多人類國家間的關係，還有更多魔物亞人種族的故事設定",龐大世界觀,False,大逃殺,0.6380114789562394,0.2552045915824958
q5,"如題，想找像是overlord、無職這種，有龐大世界，多個國家部落，文化特色分明，歷史背景完整，沉浸感和史詩感強的小說，請問各位有沒有推薦的？希望是劍與魔法的世界，有多不同種族、魔物的那種（其實我不太確定這類型叫什麼，異世界感覺不太對，但叫奇幻又好像太廣泛了？

有很多web小說我都有看過，像是轉生成魔劍、轉生龍蛋、哥布林，他們雖然世界都足夠龐大，但是都有個web小說的通病，就是讀起來會有割裂感，無法讓人帶入那個世界中
而轉生蜘蛛雖然沒有那種割裂感，但是世界觀卻不太夠了，就只簡單分成教皇、妖精、魔王而已，希望能看到更多人類國家間的關係，還有更多魔物亞人種族的故事設定",龐大世界觀,False,戀愛,0.6423975205900249,0.25695900823601
q5,"如題，想找像是overlord、無職這種，有龐大世界，多個國家部落，文化特色分明，歷史背景完整，沉浸感和史詩感強的小說，請問各位有沒有推薦的？希望是劍與魔法的世界，有多不同種族、魔物的那種（其實我不太確定這類型叫什麼，異世界感覺不太對，但叫奇幻又好像太廣泛了？

有很多web小說我都有看過，像是轉生成魔劍、轉生龍蛋、哥布林，他們雖然世界都足夠龐大，但是都有個web小說的通病，就是讀起來會有割裂感，無法讓人帶入那個世界中
而轉生蜘蛛雖然沒有那種割裂感，但是世界觀卻不太夠了，就只簡單分成教皇、妖精、魔王而已，希望能看到更多人類國家間的關係，還有更多魔物亞人種族的故事設定",龐大世界觀,False,犯罪,0.6384291284761838,0.2553716513904735
q5,"如題，想找像是overlord、無職這種，有龐大世界，多個國家部落，文化特色分明，歷史背景完整，沉浸感和史詩感強的小說，請問各位有沒有推薦的？希望是劍與魔法的世界，有多不同種族、魔物的那種（其實我不太確定這類型叫什麼，異世界感覺不太對，但叫奇幻又好像太廣泛了？

有很多web小說我都有看過，像是轉生成魔劍、轉生龍蛋、哥布林，他們雖然世界都足夠龐大，但是都有個web小說的通病，就是讀起來會有割裂感，無法讓人帶入那個世界中
而轉生蜘蛛雖然沒有那種割裂感，但是世界觀卻不太夠了，就只簡單分成教皇、妖精、魔王而已，希望能看到更多人類國家間的關係，還有更多魔物亞人種族的故事設定",龐大世界觀,False,鬥智,0.6283334964563305,0.25133339858253223
q5,"如題，想找像是overlord、無職這種，有龐大世界，多個國家部落，文化特色分明，歷史背景完整，沉浸感和史詩感強的小說，請問各位有沒有推薦的？希望是劍與魔法的世界，有多不同種族、魔物的那種（其實我不太確定這類型叫什麼，異世界感覺不太對，但叫奇幻又好像太廣泛了？

有很多web小說我都有看過，像是轉生成魔劍、轉生龍蛋、哥布林，他們雖然世界都足夠龐大，但是都有個web小說的通病，就是讀起來會有割裂感，無法讓人帶入那個世界中
而轉生蜘蛛雖然沒有那種割裂感，但是世界觀卻不太夠了，就只簡單分成教皇、妖精、魔王而已，希望能看到更多人類國家間的關係，還有更多魔物亞人種族的故事設定",龐大世界觀,False,科幻,0.6891452154124793,0.2756580861649917
q5,"如題，想找像是overlord、無職這種，有龐大世界，多個國家部落，文化特色分明，歷史背景完整，沉浸感和史詩感強的小說，請問各位有沒有推薦的？希望是劍與魔法的世界，有多不同種族、魔物的那種（其實我不太確定這類型叫什麼，異世界感覺不太對，但叫奇幻又好像太廣泛了？

有很多web小說我都有看過，像是轉生成魔劍、轉生龍蛋、哥布林，他們雖然世界都足夠龐大，但是都有個web小說的通病，就是讀起來會有割裂感，無法讓人帶入那個世界中
而轉生蜘蛛雖然沒有那種割裂感，但是世界觀卻不太夠了，就只簡單分成教皇、妖精、魔王而已，希望能看到更多人類國家間的關係，還有更多魔物亞人種族的故事設定",龐大世界觀,False,格鬥,0.6167831869398506,0.24671327477594024
q5,"如題，想找像是overlord、無職這種，有龐大世界，多個國家部落，文化特色分明，歷史背景完整，沉浸感和史詩感強的小說，請問各位有沒有推薦的？希望是劍與魔法的世界，有多不同種族、魔物的那種（其實我不太確定這類型叫什麼，異世界感覺不太對，但叫奇幻又好像太廣泛了？

有很多web小說我都有看過，像是轉生成魔劍、轉生龍蛋、哥布林，他們雖然世界都足夠龐大，但是都有個web小說的通病，就是讀起來會有割裂感，無法讓人帶入那個世界中
而轉生蜘蛛雖然沒有那種割裂感，但是世界觀卻不太夠了，就只簡單分成教皇、妖精、魔王而已，希望能看到更多人類國家間的關係，還有更多魔物亞人種族的故事設定",龐大世界觀,False,百合,0.6349085913120618,0.2539634365248247
q5,"如題，想找像是overlord、無職這種，有龐大世界，多個國家部落，文化特色分明，歷史背景完整，沉浸感和史詩感強的小說，請問各位有沒有推薦的？希望是劍與魔法的世界，有多不同種族、魔物的那種（其實我不太確定這類型叫什麼，異世界感覺不太對，但叫奇幻又好像太廣泛了？

有很多web小說我都有看過，像是轉生成魔劍、轉生龍蛋、哥布林，他們雖然世界都足夠龐大，但是都有個web小說的通病，就是讀起來會有割裂感，無法讓人帶入那個世界中
而轉生蜘蛛雖然沒有那種割裂感，但是世界觀卻不太夠了，就只簡單分成教皇、妖精、魔王而已，希望能看到更多人類國家間的關係，還有更多魔物亞人種族的故事設定",龐大世界觀,False,轉生,0.6496877609498672,0.25987510437994693
q5,"如題，想找像是overlord、無職這種，有龐大世界，多個國家部落，文化特色分明，歷史背景完整，沉浸感和史詩感強的小說，請問各位有沒有推薦的？希望是劍與魔法的世界，有多不同種族、魔物的那種（其實我不太確定這類型叫什麼，異世界感覺不太對，但叫奇幻又好像太廣泛了？

有很多web小說我都有看過，像是轉生成魔劍、轉生龍蛋、哥布林，他們雖然世界都足夠龐大，但是都有個web小說的通病，就是讀起來會有割裂感，無法讓人帶入那個世界中
而轉生蜘蛛雖然沒有那種割裂感，但是世界觀卻不太夠了，就只簡單分成教皇、妖精、魔王而已，希望能看到更多人類國家間的關係，還有更多魔物亞人種族的故事設定",龐大世界觀,False,治癒,0.6418287768059096,0.25673151072236383
q5,"如題，想找像是overlord、無職這種，有龐大世界，多個國家部落，文化特色分明，歷史背景完整，沉浸感和史詩感強的小說，請問各位有沒有推薦的？希望是劍與魔法的世界，有多不同種族、魔物的那種（其實我不太確定這類型叫什麼，異世界感覺不太對，但叫奇幻又好像太廣泛了？

有很多web小說我都有看過，像是轉生成魔劍、轉生龍蛋、哥布林，他們雖然世界都足夠龐大，但是都有個web小說的通病，就是讀起來會有割裂感，無法讓人帶入那個世界中
而轉生蜘蛛雖然沒有那種割裂感，但是世界觀卻不太夠了，就只簡單分成教皇、妖精、魔王而已，希望能看到更多人類國家間的關係，還有更多魔物亞人種族的故事設定",龐大世界觀,False,青梅竹馬,0.6191685089703682,0.24766740358814732
q5,"如題，想找像是overlord、無職這種，有龐大世界，多個國家部落，文化特色分明，歷史背景完整，沉浸感和史詩感強的小說，請問各位有沒有推薦的？希望是劍與魔法的世界，有多不同種族、魔物的那種（其實我不太確定這類型叫什麼，異世界感覺不太對，但叫奇幻又好像太廣泛了？

有很多web小說我都有看過，像是轉生成魔劍、轉生龍蛋、哥布林，他們雖然世界都足夠龐大，但是都有個web小說的通病，就是讀起來會有割裂感，無法讓人帶入那個世界中
而轉生蜘蛛雖然沒有那種割裂感，但是世界觀卻不太夠了，就只簡單分成教皇、妖精、魔王而已，希望能看到更多人類國家間的關係，還有更多魔物亞人種族的故事設定",龐大世界觀,False,女性視角,0.6611901421837718,0.2644760568735087
q5,"如題，想找像是overlord、無職這種，有龐大世界，多個國家部落，文化特色分明，歷史背景完整，沉浸感和史詩感強的小說，請問各位有沒有推薦的？希望是劍與魔法的世界，有多不同種族、魔物的那種（其實我不太確定這類型叫什麼，異世界感覺不太對，但叫奇幻又好像太廣泛了？

有很多web小說我都有看過，像是轉生成魔劍、轉生龍蛋、哥布林，他們雖然世界都足夠龐大，但是都有個web小說的通病，就是讀起來會有割裂感，無法讓人帶入那個世界中
而轉生蜘蛛雖然沒有那種割裂感，但是世界觀卻不太夠了，就只簡單分成教皇、妖精、魔王而已，希望能看到更多人類國家間的關係，還有更多魔物亞人種族的故事設定",龐大世界觀,False,性轉,0.6236954380653403,0.24947817522613613
q5,"如題，想找像是overlord、無職這種，有龐大世界，多個國家部落，文化特色分明，歷史背景完整，沉浸感和史詩感強的小說，請問各位有沒有推薦的？希望是劍與魔法的世界，有多不同種族、魔物的那種（其實我不太確定這類型叫什麼，異世界感覺不太對，但叫奇幻又好像太廣泛了？

有很多web小說我都有看過，像是轉生成魔劍、轉生龍蛋、哥布林，他們雖然世界都足夠龐大，但是都有個web小說的通病，就是讀起來會有割裂感，無法讓人帶入那個世界中
而轉生蜘蛛雖然沒有那種割裂感，但是世界觀卻不太夠了，就只簡單分成教皇、妖精、魔王而已，希望能看到更多人類國家間的關係，還有更多魔物亞人種族的故事設定",龐大世界觀,False,經營,0.6451694903789611,0.2580677961515844
q5,"如題，想找像是overlord、無職這種，有龐大世界，多個國家部落，文化特色分明，歷史背景完整，沉浸感和史詩感強的小說，請問各位有沒有推薦的？希望是劍與魔法的世界，有多不同種族、魔物的那種（其實我不太確定這類型叫什麼，異世界感覺不太對，但叫奇幻又好像太廣泛了？

有很多web小說我都有看過，像是轉生成魔劍、轉生龍蛋、哥布林，他們雖然世界都足夠龐大，但是都有個web小說的通病，就是讀起來會有割裂感，無法讓人帶入那個世界中
而轉生蜘蛛雖然沒有那種割裂感，但是世界觀卻不太夠了，就只簡單分成教皇、妖精、魔王而已，希望能看到更多人類國家間的關係，還有更多魔物亞人種族的故事設定",龐大世界觀,False,溫馨,0.6482741967534115,0.2593096787013646
q5,"如題，想找像是overlord、無職這種，有龐大世界，多個國家部落，文化特色分明，歷史背景完整，沉浸感和史詩感強的小說，請問各位有沒有推薦的？希望是劍與魔法的世界，有多不同種族、魔物的那種（其實我不太確定這類型叫什麼，異世界感覺不太對，但叫奇幻又好像太廣泛了？

有很多web小說我都有看過，像是轉生成魔劍、轉生龍蛋、哥布林，他們雖然世界都足夠龐大，但是都有個web小說的通病，就是讀起來會有割裂感，無法讓人帶入那個世界中
而轉生蜘蛛雖然沒有那種割裂感，但是世界觀卻不太夠了，就只簡單分成教皇、妖精、魔王而已，希望能看到更多人類國家間的關係，還有更多魔物亞人種族的故事設定",龐大世界觀,False,獵奇,0.6564108087818321,0.26256432351273284
q5,"如題，想找像是overlord、無職這種，有龐大世界，多個國家部落，文化特色分明，歷史背景完整，沉浸感和史詩感強的小說，請問各位有沒有推薦的？希望是劍與魔法的世界，有多不同種族、魔物的那種（其實我不太確定這類型叫什麼，異世界感覺不太對，但叫奇幻又好像太廣泛了？

有很多web小說我都有看過，像是轉生成魔劍、轉生龍蛋、哥布林，他們雖然世界都足夠龐大，但是都有個web小說的通病，就是讀起來會有割裂感，無法讓人帶入那個世界中
而轉生蜘蛛雖然沒有那種割裂感，但是世界觀卻不太夠了，就只簡單分成教皇、妖精、魔王而已，希望能看到更多人類國家間的關係，還有更多魔物亞人種族的故事設定",龐大世界觀,False,復仇,0.6134950810218298,0.24539803240873193
q5,"如題，想找像是overlord、無職這種，有龐大世界，多個國家部落，文化特色分明，歷史背景完整，沉浸感和史詩感強的小說，請問各位有沒有推薦的？希望是劍與魔法的世界，有多不同種族、魔物的那種（其實我不太確定這類型叫什麼，異世界感覺不太對，但叫奇幻又好像太廣泛了？

有很多web小說我都有看過，像是轉生成魔劍、轉生龍蛋、哥布林，他們雖然世界都足夠龐大，但是都有個web小說的通病，就是讀起來會有割裂感，無法讓人帶入那個世界中
而轉生蜘蛛雖然沒有那種割裂感，但是世界觀卻不太夠了，就只簡單分成教皇、妖精、魔王而已，希望能看到更多人類國家間的關係，還有更多魔物亞人種族的故事設定",龐大世界觀,False,黑暗,0.6466691555586298,0.25866766222345194
q5,"如題，想找像是overlord、無職這種，有龐大世界，多個國家部落，文化特色分明，歷史背景完整，沉浸感和史詩感強的小說，請問各位有沒有推薦的？希望是劍與魔法的世界，有多不同種族、魔物的那種（其實我不太確定這類型叫什麼，異世界感覺不太對，但叫奇幻又好像太廣泛了？

有很多web小說我都有看過，像是轉生成魔劍、轉生龍蛋、哥布林，他們雖然世界都足夠龐大，但是都有個web小說的通病，就是讀起來會有割裂感，無法讓人帶入那個世界中
而轉生蜘蛛雖然沒有那種割裂感，但是世界觀卻不太夠了，就只簡單分成教皇、妖精、魔王而已，希望能看到更多人類國家間的關係，還有更多魔物亞人種族的故事設定",龐大世界觀,False,末日,0.6477862029453962,0.2591144811781585
q5,"如題，想找像是overlord、無職這種，有龐大世界，多個國家部落，文化特色分明，歷史背景完整，沉浸感和史詩感強的小說，請問各位有沒有推薦的？希望是劍與魔法的世界，有多不同種族、魔物的那種（其實我不太確定這類型叫什麼，異世界感覺不太對，但叫奇幻又好像太廣泛了？

有很多web小說我都有看過，像是轉生成魔劍、轉生龍蛋、哥布林，他們雖然世界都足夠龐大，但是都有個web小說的通病，就是讀起來會有割裂感，無法讓人帶入那個世界中
而轉生蜘蛛雖然沒有那種割裂感，但是世界觀卻不太夠了，就只簡單分成教皇、妖精、魔王而已，希望能看到更多人類國家間的關係，還有更多魔物亞人種族的故事設定",龐大世界觀,False,遊戲,0.6465775895777102,0.2586310358310841
q5,"如題，想找像是overlord、無職這種，有龐大世界，多個國家部落，文化特色分明，歷史背景完整，沉浸感和史詩感強的小說，請問各位有沒有推薦的？希望是劍與魔法的世界，有多不同種族、魔物的那種（其實我不太確定這類型叫什麼，異世界感覺不太對，但叫奇幻又好像太廣泛了？

有很多web小說我都有看過，像是轉生成魔劍、轉生龍蛋、哥布林，他們雖然世界都足夠龐大，但是都有個web小說的通病，就是讀起來會有割裂感，無法讓人帶入那個世界中
而轉生蜘蛛雖然沒有那種割裂感，但是世界觀卻不太夠了，就只簡單分成教皇、妖精、魔王而已，希望能看到更多人類國家間的關係，還有更多魔物亞人種族的故事設定",龐大世界觀,False,戰鬥,0.6349740601865448,0.25398962407461795
q5,"如題，想找像是overlord、無職這種，有龐大世界，多個國家部落，文化特色分明，歷史背景完整，沉浸感和史詩感強的小說，請問各位有沒有推薦的？希望是劍與魔法的世界，有多不同種族、魔物的那種（其實我不太確定這類型叫什麼，異世界感覺不太對，但叫奇幻又好像太廣泛了？

有很多web小說我都有看過，像是轉生成魔劍、轉生龍蛋、哥布林，他們雖然世界都足夠龐大，但是都有個web小說的通病，就是讀起來會有割裂感，無法讓人帶入那個世界中
而轉生蜘蛛雖然沒有那種割裂感，但是世界觀卻不太夠了，就只簡單分成教皇、妖精、魔王而已，希望能看到更多人類國家間的關係，還有更多魔物亞人種族的故事設定",龐大世界觀,False,青春,0.6229574773375136,0.24918299093500546
q5,"如題，想找像是overlord、無職這種，有龐大世界，多個國家部落，文化特色分明，歷史背景完整，沉浸感和史詩感強的小說，請問各位有沒有推薦的？希望是劍與魔法的世界，有多不同種族、魔物的那種（其實我不太確定這類型叫什麼，異世界感覺不太對，但叫奇幻又好像太廣泛了？

有很多web小說我都有看過，像是轉生成魔劍、轉生龍蛋、哥布林，他們雖然世界都足夠龐大，但是都有個web小說的通病，就是讀起來會有割裂感，無法讓人帶入那個世界中
而轉生蜘蛛雖然沒有那種割裂感，但是世界觀卻不太夠了，就只簡單分成教皇、妖精、魔王而已，希望能看到更多人類國家間的關係，還有更多魔物亞人種族的故事設定",龐大世界觀,False,群像,0.6697874507196615,0.2679149802878646
q5,"如題，想找像是overlord、無職這種，有龐大世界，多個國家部落，文化特色分明，歷史背景完整，沉浸感和史詩感強的小說，請問各位有沒有推薦的？希望是劍與魔法的世界，有多不同種族、魔物的那種（其實我不太確定這類型叫什麼，異世界感覺不太對，但叫奇幻又好像太廣泛了？

有很多web小說我都有看過，像是轉生成魔劍、轉生龍蛋、哥布林，他們雖然世界都足夠龐大，但是都有個web小說的通病，就是讀起來會有割裂感，無法讓人帶入那個世界中
而轉生蜘蛛雖然沒有那種割裂感，但是世界觀卻不太夠了，就只簡單分成教皇、妖精、魔王而已，希望能看到更多人類國家間的關係，還有更多魔物亞人種族的故事設定",龐大世界觀,False,歡樂向,0.6725771886373908,0.26903087545495635
q5,"如題，想找像是overlord、無職這種，有龐大世界，多個國家部落，文化特色分明，歷史背景完整，沉浸感和史詩感強的小說，請問各位有沒有推薦的？希望是劍與魔法的世界，有多不同種族、魔物的那種（其實我不太確定這類型叫什麼，異世界感覺不太對，但叫奇幻又好像太廣泛了？

有很多web小說我都有看過，像是轉生成魔劍、轉生龍蛋、哥布林，他們雖然世界都足夠龐大，但是都有個web小說的通病，就是讀起來會有割裂感，無法讓人帶入那個世界中
而轉生蜘蛛雖然沒有那種割裂感，但是世界觀卻不太夠了，就只簡單分成教皇、妖精、魔王而已，希望能看到更多人類國家間的關係，還有更多魔物亞人種族的故事設定",龐大世界觀,False,旅行,0.6459023440081897,0.2583609376032759
q5,"如題，想找像是overlord、無職這種，有龐大世界，多個國家部落，文化特色分明，歷史背景完整，沉浸感和史詩感強的小說，請問各位有沒有推薦的？希望是劍與魔法的世界，有多不同種族、魔物的那種（其實我不太確定這類型叫什麼，異世界感覺不太對，但叫奇幻又好像太廣泛了？

有很多web小說我都有看過，像是轉生成魔劍、轉生龍蛋、哥布林，他們雖然世界都足夠龐大，但是都有個web小說的通病，就是讀起來會有割裂感，無法讓人帶入那個世界中
而轉生蜘蛛雖然沒有那種割裂感，但是世界觀卻不太夠了，就只簡單分成教皇、妖精、魔王而已，希望能看到更多人類國家間的關係，還有更多魔物亞人種族的故事設定",龐大世界觀,False,惡役,0.6336379059236391,0.25345516236945564
q5,"如題，想找像是overlord、無職這種，有龐大世界，多個國家部落，文化特色分明，歷史背景完整，沉浸感和史詩感強的小說，請問各位有沒有推薦的？希望是劍與魔法的世界，有多不同種族、魔物的那種（其實我不太確定這類型叫什麼，異世界感覺不太對，但叫奇幻又好像太廣泛了？

有很多web小說我都有看過，像是轉生成魔劍、轉生龍蛋、哥布林，他們雖然世界都足夠龐大，但是都有個web小說的通病，就是讀起來會有割裂感，無法讓人帶入那個世界中
而轉生蜘蛛雖然沒有那種割裂感，但是世界觀卻不太夠了，就只簡單分成教皇、妖精、魔王而已，希望能看到更多人類國家間的關係，還有更多魔物亞人種族的故事設定",龐大世界觀,False,蘿莉,0.6381332512724898,0.2552533005089959
q5,"如題，想找像是overlord、無職這種，有龐大世界，多個國家部落，文化特色分明，歷史背景完整，沉浸感和史詩感強的小說，請問各位有沒有推薦的？希望是劍與魔法的世界，有多不同種族、魔物的那種（其實我不太確定這類型叫什麼，異世界感覺不太對，但叫奇幻又好像太廣泛了？

有很多web小說我都有看過，像是轉生成魔劍、轉生龍蛋、哥布林，他們雖然世界都足夠龐大，但是都有個web小說的通病，就是讀起來會有割裂感，無法讓人帶入那個世界中
而轉生蜘蛛雖然沒有那種割裂感，但是世界觀卻不太夠了，就只簡單分成教皇、妖精、魔王而已，希望能看到更多人類國家間的關係，還有更多魔物亞人種族的故事設定",龐大世界觀,False,機戰,0.662838139783299,0.2651352559133196
q5,"如題，想找像是overlord、無職這種，有龐大世界，多個國家部落，文化特色分明，歷史背景完整，沉浸感和史詩感強的小說，請問各位有沒有推薦的？希望是劍與魔法的世界，有多不同種族、魔物的那種（其實我不太確定這類型叫什麼，異世界感覺不太對，但叫奇幻又好像太廣泛了？

有很多web小說我都有看過，像是轉生成魔劍、轉生龍蛋、哥布林，他們雖然世界都足夠龐大，但是都有個web小說的通病，就是讀起來會有割裂感，無法讓人帶入那個世界中
而轉生蜘蛛雖然沒有那種割裂感，但是世界觀卻不太夠了，就只簡單分成教皇、妖精、魔王而已，希望能看到更多人類國家間的關係，還有更多魔物亞人種族的故事設定",龐大世界觀,False,驚悚,0.6411473491283209,0.2564589396513284
q5,"如題，想找像是overlord、無職這種，有龐大世界，多個國家部落，文化特色分明，歷史背景完整，沉浸感和史詩感強的小說，請問各位有沒有推薦的？希望是劍與魔法的世界，有多不同種族、魔物的那種（其實我不太確定這類型叫什麼，異世界感覺不太對，但叫奇幻又好像太廣泛了？

有很多web小說我都有看過，像是轉生成魔劍、轉生龍蛋、哥布林，他們雖然世界都足夠龐大，但是都有個web小說的通病，就是讀起來會有割裂感，無法讓人帶入那個世界中
而轉生蜘蛛雖然沒有那種割裂感，但是世界觀卻不太夠了，就只簡單分成教皇、妖精、魔王而已，希望能看到更多人類國家間的關係，還有更多魔物亞人種族的故事設定",龐大世界觀,False,奇幻,0.6902102340186395,0.2760840936074558
q5,"如題，想找像是overlord、無職這種，有龐大世界，多個國家部落，文化特色分明，歷史背景完整，沉浸感和史詩感強的小說，請問各位有沒有推薦的？希望是劍與魔法的世界，有多不同種族、魔物的那種（其實我不太確定這類型叫什麼，異世界感覺不太對，但叫奇幻又好像太廣泛了？

有很多web小說我都有看過，像是轉生成魔劍、轉生龍蛋、哥布林，他們雖然世界都足夠龐大，但是都有個web小說的通病，就是讀起來會有割裂感，無法讓人帶入那個世界中
而轉生蜘蛛雖然沒有那種割裂感，但是世界觀卻不太夠了，就只簡單分成教皇、妖精、魔王而已，希望能看到更多人類國家間的關係，還有更多魔物亞人種族的故事設定",龐大世界觀,False,JK,0.6439017980500383,0.25756071922001533
q5,"如題，想找像是overlord、無職這種，有龐大世界，多個國家部落，文化特色分明，歷史背景完整，沉浸感和史詩感強的小說，請問各位有沒有推薦的？希望是劍與魔法的世界，有多不同種族、魔物的那種（其實我不太確定這類型叫什麼，異世界感覺不太對，但叫奇幻又好像太廣泛了？

有很多web小說我都有看過，像是轉生成魔劍、轉生龍蛋、哥布林，他們雖然世界都足夠龐大，但是都有個web小說的通病，就是讀起來會有割裂感，無法讓人帶入那個世界中
而轉生蜘蛛雖然沒有那種割裂感，但是世界觀卻不太夠了，就只簡單分成教皇、妖精、魔王而已，希望能看到更多人類國家間的關係，還有更多魔物亞人種族的故事設定",龐大世界觀,False,後宮,0.6444340459367724,0.25777361837470897
q5,"如題，想找像是overlord、無職這種，有龐大世界，多個國家部落，文化特色分明，歷史背景完整，沉浸感和史詩感強的小說，請問各位有沒有推薦的？希望是劍與魔法的世界，有多不同種族、魔物的那種（其實我不太確定這類型叫什麼，異世界感覺不太對，但叫奇幻又好像太廣泛了？

有很多web小說我都有看過，像是轉生成魔劍、轉生龍蛋、哥布林，他們雖然世界都足夠龐大，但是都有個web小說的通病，就是讀起來會有割裂感，無法讓人帶入那個世界中
而轉生蜘蛛雖然沒有那種割裂感，但是世界觀卻不太夠了，就只簡單分成教皇、妖精、魔王而已，希望能看到更多人類國家間的關係，還有更多魔物亞人種族的故事設定",龐大世界觀,False,耽美,0.6633329134460804,0.26533316537843216
q5,"如題，想找像是overlord、無職這種，有龐大世界，多個國家部落，文化特色分明，歷史背景完整，沉浸感和史詩感強的小說，請問各位有沒有推薦的？希望是劍與魔法的世界，有多不同種族、魔物的那種（其實我不太確定這類型叫什麼，異世界感覺不太對，但叫奇幻又好像太廣泛了？

有很多web小說我都有看過，像是轉生成魔劍、轉生龍蛋、哥布林，他們雖然世界都足夠龐大，但是都有個web小說的通病，就是讀起來會有割裂感，無法讓人帶入那個世界中
而轉生蜘蛛雖然沒有那種割裂感，但是世界觀卻不太夠了，就只簡單分成教皇、妖精、魔王而已，希望能看到更多人類國家間的關係，還有更多魔物亞人種族的故事設定",龐大世界觀,False,妹妹,0.611714618675588,0.2446858474702352
q5,"如題，想找像是overlord、無職這種，有龐大世界，多個國家部落，文化特色分明，歷史背景完整，沉浸感和史詩感強的小說，請問各位有沒有推薦的？希望是劍與魔法的世界，有多不同種族、魔物的那種（其實我不太確定這類型叫什麼，異世界感覺不太對，但叫奇幻又好像太廣泛了？

有很多web小說我都有看過，像是轉生成魔劍、轉生龍蛋、哥布林，他們雖然世界都足夠龐大，但是都有個web小說的通病，就是讀起來會有割裂感，無法讓人帶入那個世界中
而轉生蜘蛛雖然沒有那種割裂感，但是世界觀卻不太夠了，就只簡單分成教皇、妖精、魔王而已，希望能看到更多人類國家間的關係，還有更多魔物亞人種族的故事設定",龐大世界觀,False,龍傲天,0.6487149894975166,0.25948599579900666
q5,"如題，想找像是overlord、無職這種，有龐大世界，多個國家部落，文化特色分明，歷史背景完整，沉浸感和史詩感強的小說，請問各位有沒有推薦的？希望是劍與魔法的世界，有多不同種族、魔物的那種（其實我不太確定這類型叫什麼，異世界感覺不太對，但叫奇幻又好像太廣泛了？

有很多web小說我都有看過，像是轉生成魔劍、轉生龍蛋、哥布林，他們雖然世界都足夠龐大，但是都有個web小說的通病，就是讀起來會有割裂感，無法讓人帶入那個世界中
而轉生蜘蛛雖然沒有那種割裂感，但是世界觀卻不太夠了，就只簡單分成教皇、妖精、魔王而已，希望能看到更多人類國家間的關係，還有更多魔物亞人種族的故事設定",龐大世界觀,False,職場,0.6259360795047526,0.25037443180190105
q5,"如題，想找像是overlord、無職這種，有龐大世界，多個國家部落，文化特色分明，歷史背景完整，沉浸感和史詩感強的小說，請問各位有沒有推薦的？希望是劍與魔法的世界，有多不同種族、魔物的那種（其實我不太確定這類型叫什麼，異世界感覺不太對，但叫奇幻又好像太廣泛了？

有很多web小說我都有看過，像是轉生成魔劍、轉生龍蛋、哥布林，他們雖然世界都足夠龐大，但是都有個web小說的通病，就是讀起來會有割裂感，無法讓人帶入那個世界中
而轉生蜘蛛雖然沒有那種割裂感，但是世界觀卻不太夠了，就只簡單分成教皇、妖精、魔王而已，希望能看到更多人類國家間的關係，還有更多魔物亞人種族的故事設定",龐大世界觀,False,推理,0.6494720675667621,0.25978882702670486
q5,"如題，想找像是overlord、無職這種，有龐大世界，多個國家部落，文化特色分明，歷史背景完整，沉浸感和史詩感強的小說，請問各位有沒有推薦的？希望是劍與魔法的世界，有多不同種族、魔物的那種（其實我不太確定這類型叫什麼，異世界感覺不太對，但叫奇幻又好像太廣泛了？

有很多web小說我都有看過，像是轉生成魔劍、轉生龍蛋、哥布林，他們雖然世界都足夠龐大，但是都有個web小說的通病，就是讀起來會有割裂感，無法讓人帶入那個世界中
而轉生蜘蛛雖然沒有那種割裂感，但是世界觀卻不太夠了，就只簡單分成教皇、妖精、魔王而已，希望能看到更多人類國家間的關係，還有更多魔物亞人種族的故事設定",龐大世界觀,False,腦洞,0.6578687916525691,0.26314751666102765
q5,"如題，想找像是overlord、無職這種，有龐大世界，多個國家部落，文化特色分明，歷史背景完整，沉浸感和史詩感強的小說，請問各位有沒有推薦的？希望是劍與魔法的世界，有多不同種族、魔物的那種（其實我不太確定這類型叫什麼，異世界感覺不太對，但叫奇幻又好像太廣泛了？

有很多web小說我都有看過，像是轉生成魔劍、轉生龍蛋、哥布林，他們雖然世界都足夠龐大，但是都有個web小說的通病，就是讀起來會有割裂感，無法讓人帶入那個世界中
而轉生蜘蛛雖然沒有那種割裂感，但是世界觀卻不太夠了，就只簡單分成教皇、妖精、魔王而已，希望能看到更多人類國家間的關係，還有更多魔物亞人種族的故事設定",龐大世界觀,False,JC,0.6361809719239175,0.254472388769567
q5,"如題，想找像是overlord、無職這種，有龐大世界，多個國家部落，文化特色分明，歷史背景完整，沉浸感和史詩感強的小說，請問各位有沒有推薦的？希望是劍與魔法的世界，有多不同種族、魔物的那種（其實我不太確定這類型叫什麼，異世界感覺不太對，但叫奇幻又好像太廣泛了？

有很多web小說我都有看過，像是轉生成魔劍、轉生龍蛋、哥布林，他們雖然世界都足夠龐大，但是都有個web小說的通病，就是讀起來會有割裂感，無法讓人帶入那個世界中
而轉生蜘蛛雖然沒有那種割裂感，但是世界觀卻不太夠了，就只簡單分成教皇、妖精、魔王而已，希望能看到更多人類國家間的關係，還有更多魔物亞人種族的故事設定",龐大世界觀,False,宅文化,0.633655266547468,0.2534621066189872
q5,"如題，想找像是overlord、無職這種，有龐大世界，多個國家部落，文化特色分明，歷史背景完整，沉浸感和史詩感強的小說，請問各位有沒有推薦的？希望是劍與魔法的世界，有多不同種族、魔物的那種（其實我不太確定這類型叫什麼，異世界感覺不太對，但叫奇幻又好像太廣泛了？

有很多web小說我都有看過，像是轉生成魔劍、轉生龍蛋、哥布林，他們雖然世界都足夠龐大，但是都有個web小說的通病，就是讀起來會有割裂感，無法讓人帶入那個世界中
而轉生蜘蛛雖然沒有那種割裂感，但是世界觀卻不太夠了，就只簡單分成教皇、妖精、魔王而已，希望能看到更多人類國家間的關係，還有更多魔物亞人種族的故事設定",龐大世界觀,False,校園,0.6436805329632155,0.2574722131852862
q5,"如題，想找像是overlord、無職這種，有龐大世界，多個國家部落，文化特色分明，歷史背景完整，沉浸感和史詩感強的小說，請問各位有沒有推薦的？希望是劍與魔法的世界，有多不同種族、魔物的那種（其實我不太確定這類型叫什麼，異世界感覺不太對，但叫奇幻又好像太廣泛了？

有很多web小說我都有看過，像是轉生成魔劍、轉生龍蛋、哥布林，他們雖然世界都足夠龐大，但是都有個web小說的通病，就是讀起來會有割裂感，無法讓人帶入那個世界中
而轉生蜘蛛雖然沒有那種割裂感，但是世界觀卻不太夠了，就只簡單分成教皇、妖精、魔王而已，希望能看到更多人類國家間的關係，還有更多魔物亞人種族的故事設定",龐大世界觀,False,同人,0.6602473477759393,0.26409893911037574
q5,"如題，想找像是overlord、無職這種，有龐大世界，多個國家部落，文化特色分明，歷史背景完整，沉浸感和史詩感強的小說，請問各位有沒有推薦的？希望是劍與魔法的世界，有多不同種族、魔物的那種（其實我不太確定這類型叫什麼，異世界感覺不太對，但叫奇幻又好像太廣泛了？

有很多web小說我都有看過，像是轉生成魔劍、轉生龍蛋、哥布林，他們雖然世界都足夠龐大，但是都有個web小說的通病，就是讀起來會有割裂感，無法讓人帶入那個世界中
而轉生蜘蛛雖然沒有那種割裂感，但是世界觀卻不太夠了，就只簡單分成教皇、妖精、魔王而已，希望能看到更多人類國家間的關係，還有更多魔物亞人種族的故事設定",龐大世界觀,False,NTR,0.6425242952774725,0.257009718110989
q5,"如題，想找像是overlord、無職這種，有龐大世界，多個國家部落，文化特色分明，歷史背景完整，沉浸感和史詩感強的小說，請問各位有沒有推薦的？希望是劍與魔法的世界，有多不同種族、魔物的那種（其實我不太確定這類型叫什麼，異世界感覺不太對，但叫奇幻又好像太廣泛了？

有很多web小說我都有看過，像是轉生成魔劍、轉生龍蛋、哥布林，他們雖然世界都足夠龐大，但是都有個web小說的通病，就是讀起來會有割裂感，無法讓人帶入那個世界中
而轉生蜘蛛雖然沒有那種割裂感，但是世界觀卻不太夠了，就只簡單分成教皇、妖精、魔王而已，希望能看到更多人類國家間的關係，還有更多魔物亞人種族的故事設定",龐大世界觀,False,異能,0.6482251254849584,0.2592900501939834
q5,"如題，想找像是overlord、無職這種，有龐大世界，多個國家部落，文化特色分明，歷史背景完整，沉浸感和史詩感強的小說，請問各位有沒有推薦的？希望是劍與魔法的世界，有多不同種族、魔物的那種（其實我不太確定這類型叫什麼，異世界感覺不太對，但叫奇幻又好像太廣泛了？

有很多web小說我都有看過，像是轉生成魔劍、轉生龍蛋、哥布林，他們雖然世界都足夠龐大，但是都有個web小說的通病，就是讀起來會有割裂感，無法讓人帶入那個世界中
而轉生蜘蛛雖然沒有那種割裂感，但是世界觀卻不太夠了，就只簡單分成教皇、妖精、魔王而已，希望能看到更多人類國家間的關係，還有更多魔物亞人種族的故事設定",龐大世界觀,False,戰爭,0.6457360353462946,0.2582944141385179
q5,"如題，想找像是overlord、無職這種，有龐大世界，多個國家部落，文化特色分明，歷史背景完整，沉浸感和史詩感強的小說，請問各位有沒有推薦的？希望是劍與魔法的世界，有多不同種族、魔物的那種（其實我不太確定這類型叫什麼，異世界感覺不太對，但叫奇幻又好像太廣泛了？

有很多web小說我都有看過，像是轉生成魔劍、轉生龍蛋、哥布林，他們雖然世界都足夠龐大，但是都有個web小說的通病，就是讀起來會有割裂感，無法讓人帶入那個世界中
而轉生蜘蛛雖然沒有那種割裂感，但是世界觀卻不太夠了，就只簡單分成教皇、妖精、魔王而已，希望能看到更多人類國家間的關係，還有更多魔物亞人種族的故事設定",龐大世界觀,False,音樂,0.6408862924634986,0.25635451698539946
q5,"如題，想找像是overlord、無職這種，有龐大世界，多個國家部落，文化特色分明，歷史背景完整，沉浸感和史詩感強的小說，請問各位有沒有推薦的？希望是劍與魔法的世界，有多不同種族、魔物的那種（其實我不太確定這類型叫什麼，異世界感覺不太對，但叫奇幻又好像太廣泛了？

有很多web小說我都有看過，像是轉生成魔劍、轉生龍蛋、哥布林，他們雖然世界都足夠龐大，但是都有個web小說的通病，就是讀起來會有割裂感，無法讓人帶入那個世界中
而轉生蜘蛛雖然沒有那種割裂感，但是世界觀卻不太夠了，就只簡單分成教皇、妖精、魔王而已，希望能看到更多人類國家間的關係，還有更多魔物亞人種族的故事設定",龐大世界觀,False,病嬌,0.6288486340619207,0.2515394536247683
q5,"如題，想找像是overlord、無職這種，有龐大世界，多個國家部落，文化特色分明，歷史背景完整，沉浸感和史詩感強的小說，請問各位有沒有推薦的？希望是劍與魔法的世界，有多不同種族、魔物的那種（其實我不太確定這類型叫什麼，異世界感覺不太對，但叫奇幻又好像太廣泛了？

有很多web小說我都有看過，像是轉生成魔劍、轉生龍蛋、哥布林，他們雖然世界都足夠龐大，但是都有個web小說的通病，就是讀起來會有割裂感，無法讓人帶入那個世界中
而轉生蜘蛛雖然沒有那種割裂感，但是世界觀卻不太夠了，就只簡單分成教皇、妖精、魔王而已，希望能看到更多人類國家間的關係，還有更多魔物亞人種族的故事設定",龐大世界觀,False,熱血,0.628601691793949,0.2514406767175796
q5,"如題，想找像是overlord、無職這種，有龐大世界，多個國家部落，文化特色分明，歷史背景完整，沉浸感和史詩感強的小說，請問各位有沒有推薦的？希望是劍與魔法的世界，有多不同種族、魔物的那種（其實我不太確定這類型叫什麼，異世界感覺不太對，但叫奇幻又好像太廣泛了？

有很多web小說我都有看過，像是轉生成魔劍、轉生龍蛋、哥布林，他們雖然世界都足夠龐大，但是都有個web小說的通病，就是讀起來會有割裂感，無法讓人帶入那個世界中
而轉生蜘蛛雖然沒有那種割裂感，但是世界觀卻不太夠了，就只簡單分成教皇、妖精、魔王而已，希望能看到更多人類國家間的關係，還有更多魔物亞人種族的故事設定",龐大世界觀,False,間諜,0.6184437682797731,0.24737750731190924
q5,"如題，想找像是overlord、無職這種，有龐大世界，多個國家部落，文化特色分明，歷史背景完整，沉浸感和史詩感強的小說，請問各位有沒有推薦的？希望是劍與魔法的世界，有多不同種族、魔物的那種（其實我不太確定這類型叫什麼，異世界感覺不太對，但叫奇幻又好像太廣泛了？

有很多web小說我都有看過，像是轉生成魔劍、轉生龍蛋、哥布林，他們雖然世界都足夠龐大，但是都有個web小說的通病，就是讀起來會有割裂感，無法讓人帶入那個世界中
而轉生蜘蛛雖然沒有那種割裂感，但是世界觀卻不太夠了，就只簡單分成教皇、妖精、魔王而已，希望能看到更多人類國家間的關係，還有更多魔物亞人種族的故事設定",龐大世界觀,False,冒險,0.6678442914550501,0.26713771658202007
q5,"如題，想找像是overlord、無職這種，有龐大世界，多個國家部落，文化特色分明，歷史背景完整，沉浸感和史詩感強的小說，請問各位有沒有推薦的？希望是劍與魔法的世界，有多不同種族、魔物的那種（其實我不太確定這類型叫什麼，異世界感覺不太對，但叫奇幻又好像太廣泛了？

有很多web小說我都有看過，像是轉生成魔劍、轉生龍蛋、哥布林，他們雖然世界都足夠龐大，但是都有個web小說的通病，就是讀起來會有割裂感，無法讓人帶入那個世界中
而轉生蜘蛛雖然沒有那種割裂感，但是世界觀卻不太夠了，就只簡單分成教皇、妖精、魔王而已，希望能看到更多人類國家間的關係，還有更多魔物亞人種族的故事設定",龐大世界觀,False,大小姐,0.6349816382013763,0.25399265528055054
q5,"如題，想找像是overlord、無職這種，有龐大世界，多個國家部落，文化特色分明，歷史背景完整，沉浸感和史詩感強的小說，請問各位有沒有推薦的？希望是劍與魔法的世界，有多不同種族、魔物的那種（其實我不太確定這類型叫什麼，異世界感覺不太對，但叫奇幻又好像太廣泛了？

有很多web小說我都有看過，像是轉生成魔劍、轉生龍蛋、哥布林，他們雖然世界都足夠龐大，但是都有個web小說的通病，就是讀起來會有割裂感，無法讓人帶入那個世界中
而轉生蜘蛛雖然沒有那種割裂感，但是世界觀卻不太夠了，就只簡單分成教皇、妖精、魔王而已，希望能看到更多人類國家間的關係，還有更多魔物亞人種族的故事設定",龐大世界觀,False,女兒,0.6059465067571355,0.2423786027028542
q5,"如題，想找像是overlord、無職這種，有龐大世界，多個國家部落，文化特色分明，歷史背景完整，沉浸感和史詩感強的小說，請問各位有沒有推薦的？希望是劍與魔法的世界，有多不同種族、魔物的那種（其實我不太確定這類型叫什麼，異世界感覺不太對，但叫奇幻又好像太廣泛了？

有很多web小說我都有看過，像是轉生成魔劍、轉生龍蛋、哥布林，他們雖然世界都足夠龐大，但是都有個web小說的通病，就是讀起來會有割裂感，無法讓人帶入那個世界中
而轉生蜘蛛雖然沒有那種割裂感，但是世界觀卻不太夠了，就只簡單分成教皇、妖精、魔王而已，希望能看到更多人類國家間的關係，還有更多魔物亞人種族的故事設定",龐大世界觀,False,人外,0.660941482670728,0.26437659306829125
q5,"如題，想找像是overlord、無職這種，有龐大世界，多個國家部落，文化特色分明，歷史背景完整，沉浸感和史詩感強的小說，請問各位有沒有推薦的？希望是劍與魔法的世界，有多不同種族、魔物的那種（其實我不太確定這類型叫什麼，異世界感覺不太對，但叫奇幻又好像太廣泛了？

有很多web小說我都有看過，像是轉生成魔劍、轉生龍蛋、哥布林，他們雖然世界都足夠龐大，但是都有個web小說的通病，就是讀起來會有割裂感，無法讓人帶入那個世界中
而轉生蜘蛛雖然沒有那種割裂感，但是世界觀卻不太夠了，就只簡單分成教皇、妖精、魔王而已，希望能看到更多人類國家間的關係，還有更多魔物亞人種族的故事設定",龐大世界觀,False,魔法,0.6387920102549517,0.2555168041019807
q5,"如題，想找像是overlord、無職這種，有龐大世界，多個國家部落，文化特色分明，歷史背景完整，沉浸感和史詩感強的小說，請問各位有沒有推薦的？希望是劍與魔法的世界，有多不同種族、魔物的那種（其實我不太確定這類型叫什麼，異世界感覺不太對，但叫奇幻又好像太廣泛了？

有很多web小說我都有看過，像是轉生成魔劍、轉生龍蛋、哥布林，他們雖然世界都足夠龐大，但是都有個web小說的通病，就是讀起來會有割裂感，無法讓人帶入那個世界中
而轉生蜘蛛雖然沒有那種割裂感，但是世界觀卻不太夠了，就只簡單分成教皇、妖精、魔王而已，希望能看到更多人類國家間的關係，還有更多魔物亞人種族的故事設定",龐大世界觀,False,美食,0.6198767417855091,0.24795069671420367
q5,"如題，想找像是overlord、無職這種，有龐大世界，多個國家部落，文化特色分明，歷史背景完整，沉浸感和史詩感強的小說，請問各位有沒有推薦的？希望是劍與魔法的世界，有多不同種族、魔物的那種（其實我不太確定這類型叫什麼，異世界感覺不太對，但叫奇幻又好像太廣泛了？

有很多web小說我都有看過，像是轉生成魔劍、轉生龍蛋、哥布林，他們雖然世界都足夠龐大，但是都有個web小說的通病，就是讀起來會有割裂感，無法讓人帶入那個世界中
而轉生蜘蛛雖然沒有那種割裂感，但是世界觀卻不太夠了，就只簡單分成教皇、妖精、魔王而已，希望能看到更多人類國家間的關係，還有更多魔物亞人種族的故事設定",龐大世界觀,False,異世界,0.6910437282994901,0.27641749131979604
q5,"如題，想找像是overlord、無職這種，有龐大世界，多個國家部落，文化特色分明，歷史背景完整，沉浸感和史詩感強的小說，請問各位有沒有推薦的？希望是劍與魔法的世界，有多不同種族、魔物的那種（其實我不太確定這類型叫什麼，異世界感覺不太對，但叫奇幻又好像太廣泛了？

有很多web小說我都有看過，像是轉生成魔劍、轉生龍蛋、哥布林，他們雖然世界都足夠龐大，但是都有個web小說的通病，就是讀起來會有割裂感，無法讓人帶入那個世界中
而轉生蜘蛛雖然沒有那種割裂感，但是世界觀卻不太夠了，就只簡單分成教皇、妖精、魔王而已，希望能看到更多人類國家間的關係，還有更多魔物亞人種族的故事設定",龐大世界觀,False,懸疑,0.6596054002045235,0.26384216008180944
q5,"如題，想找像是overlord、無職這種，有龐大世界，多個國家部落，文化特色分明，歷史背景完整，沉浸感和史詩感強的小說，請問各位有沒有推薦的？希望是劍與魔法的世界，有多不同種族、魔物的那種（其實我不太確定這類型叫什麼，異世界感覺不太對，但叫奇幻又好像太廣泛了？

有很多web小說我都有看過，像是轉生成魔劍、轉生龍蛋、哥布林，他們雖然世界都足夠龐大，但是都有個web小說的通病，就是讀起來會有割裂感，無法讓人帶入那個世界中
而轉生蜘蛛雖然沒有那種割裂感，但是世界觀卻不太夠了，就只簡單分成教皇、妖精、魔王而已，希望能看到更多人類國家間的關係，還有更多魔物亞人種族的故事設定",地緣政治,False,大逃殺,0.6085114684390075,0.243404587375603
q5,"如題，想找像是overlord、無職這種，有龐大世界，多個國家部落，文化特色分明，歷史背景完整，沉浸感和史詩感強的小說，請問各位有沒有推薦的？希望是劍與魔法的世界，有多不同種族、魔物的那種（其實我不太確定這類型叫什麼，異世界感覺不太對，但叫奇幻又好像太廣泛了？

有很多web小說我都有看過，像是轉生成魔劍、轉生龍蛋、哥布林，他們雖然世界都足夠龐大，但是都有個web小說的通病，就是讀起來會有割裂感，無法讓人帶入那個世界中
而轉生蜘蛛雖然沒有那種割裂感，但是世界觀卻不太夠了，就只簡單分成教皇、妖精、魔王而已，希望能看到更多人類國家間的關係，還有更多魔物亞人種族的故事設定",地緣政治,False,戀愛,0.626331004269607,0.2505324017078428
q5,"如題，想找像是overlord、無職這種，有龐大世界，多個國家部落，文化特色分明，歷史背景完整，沉浸感和史詩感強的小說，請問各位有沒有推薦的？希望是劍與魔法的世界，有多不同種族、魔物的那種（其實我不太確定這類型叫什麼，異世界感覺不太對，但叫奇幻又好像太廣泛了？

有很多web小說我都有看過，像是轉生成魔劍、轉生龍蛋、哥布林，他們雖然世界都足夠龐大，但是都有個web小說的通病，就是讀起來會有割裂感，無法讓人帶入那個世界中
而轉生蜘蛛雖然沒有那種割裂感，但是世界觀卻不太夠了，就只簡單分成教皇、妖精、魔王而已，希望能看到更多人類國家間的關係，還有更多魔物亞人種族的故事設定",地緣政治,False,犯罪,0.6247706544735261,0.24990826178941045
q5,"如題，想找像是overlord、無職這種，有龐大世界，多個國家部落，文化特色分明，歷史背景完整，沉浸感和史詩感強的小說，請問各位有沒有推薦的？希望是劍與魔法的世界，有多不同種族、魔物的那種（其實我不太確定這類型叫什麼，異世界感覺不太對，但叫奇幻又好像太廣泛了？

有很多web小說我都有看過，像是轉生成魔劍、轉生龍蛋、哥布林，他們雖然世界都足夠龐大，但是都有個web小說的通病，就是讀起來會有割裂感，無法讓人帶入那個世界中
而轉生蜘蛛雖然沒有那種割裂感，但是世界觀卻不太夠了，就只簡單分成教皇、妖精、魔王而已，希望能看到更多人類國家間的關係，還有更多魔物亞人種族的故事設定",地緣政治,False,鬥智,0.6386060577955976,0.25544242311823906
q5,"如題，想找像是overlord、無職這種，有龐大世界，多個國家部落，文化特色分明，歷史背景完整，沉浸感和史詩感強的小說，請問各位有沒有推薦的？希望是劍與魔法的世界，有多不同種族、魔物的那種（其實我不太確定這類型叫什麼，異世界感覺不太對，但叫奇幻又好像太廣泛了？

有很多web小說我都有看過，像是轉生成魔劍、轉生龍蛋、哥布林，他們雖然世界都足夠龐大，但是都有個web小說的通病，就是讀起來會有割裂感，無法讓人帶入那個世界中
而轉生蜘蛛雖然沒有那種割裂感，但是世界觀卻不太夠了，就只簡單分成教皇、妖精、魔王而已，希望能看到更多人類國家間的關係，還有更多魔物亞人種族的故事設定",地緣政治,False,科幻,0.656782982703213,0.2627131930812852
q5,"如題，想找像是overlord、無職這種，有龐大世界，多個國家部落，文化特色分明，歷史背景完整，沉浸感和史詩感強的小說，請問各位有沒有推薦的？希望是劍與魔法的世界，有多不同種族、魔物的那種（其實我不太確定這類型叫什麼，異世界感覺不太對，但叫奇幻又好像太廣泛了？

有很多web小說我都有看過，像是轉生成魔劍、轉生龍蛋、哥布林，他們雖然世界都足夠龐大，但是都有個web小說的通病，就是讀起來會有割裂感，無法讓人帶入那個世界中
而轉生蜘蛛雖然沒有那種割裂感，但是世界觀卻不太夠了，就只簡單分成教皇、妖精、魔王而已，希望能看到更多人類國家間的關係，還有更多魔物亞人種族的故事設定",地緣政治,False,格鬥,0.6045381113808088,0.24181524455232353
q5,"如題，想找像是overlord、無職這種，有龐大世界，多個國家部落，文化特色分明，歷史背景完整，沉浸感和史詩感強的小說，請問各位有沒有推薦的？希望是劍與魔法的世界，有多不同種族、魔物的那種（其實我不太確定這類型叫什麼，異世界感覺不太對，但叫奇幻又好像太廣泛了？

有很多web小說我都有看過，像是轉生成魔劍、轉生龍蛋、哥布林，他們雖然世界都足夠龐大，但是都有個web小說的通病，就是讀起來會有割裂感，無法讓人帶入那個世界中
而轉生蜘蛛雖然沒有那種割裂感，但是世界觀卻不太夠了，就只簡單分成教皇、妖精、魔王而已，希望能看到更多人類國家間的關係，還有更多魔物亞人種族的故事設定",地緣政治,False,百合,0.6247935164848926,0.24991740659395703
q5,"如題，想找像是overlord、無職這種，有龐大世界，多個國家部落，文化特色分明，歷史背景完整，沉浸感和史詩感強的小說，請問各位有沒有推薦的？希望是劍與魔法的世界，有多不同種族、魔物的那種（其實我不太確定這類型叫什麼，異世界感覺不太對，但叫奇幻又好像太廣泛了？

有很多web小說我都有看過，像是轉生成魔劍、轉生龍蛋、哥布林，他們雖然世界都足夠龐大，但是都有個web小說的通病，就是讀起來會有割裂感，無法讓人帶入那個世界中
而轉生蜘蛛雖然沒有那種割裂感，但是世界觀卻不太夠了，就只簡單分成教皇、妖精、魔王而已，希望能看到更多人類國家間的關係，還有更多魔物亞人種族的故事設定",地緣政治,False,轉生,0.6147046478506999,0.24588185914027996
q5,"如題，想找像是overlord、無職這種，有龐大世界，多個國家部落，文化特色分明，歷史背景完整，沉浸感和史詩感強的小說，請問各位有沒有推薦的？希望是劍與魔法的世界，有多不同種族、魔物的那種（其實我不太確定這類型叫什麼，異世界感覺不太對，但叫奇幻又好像太廣泛了？

有很多web小說我都有看過，像是轉生成魔劍、轉生龍蛋、哥布林，他們雖然世界都足夠龐大，但是都有個web小說的通病，就是讀起來會有割裂感，無法讓人帶入那個世界中
而轉生蜘蛛雖然沒有那種割裂感，但是世界觀卻不太夠了，就只簡單分成教皇、妖精、魔王而已，希望能看到更多人類國家間的關係，還有更多魔物亞人種族的故事設定",地緣政治,False,治癒,0.6146372680052649,0.24585490720210595
q5,"如題，想找像是overlord、無職這種，有龐大世界，多個國家部落，文化特色分明，歷史背景完整，沉浸感和史詩感強的小說，請問各位有沒有推薦的？希望是劍與魔法的世界，有多不同種族、魔物的那種（其實我不太確定這類型叫什麼，異世界感覺不太對，但叫奇幻又好像太廣泛了？

有很多web小說我都有看過，像是轉生成魔劍、轉生龍蛋、哥布林，他們雖然世界都足夠龐大，但是都有個web小說的通病，就是讀起來會有割裂感，無法讓人帶入那個世界中
而轉生蜘蛛雖然沒有那種割裂感，但是世界觀卻不太夠了，就只簡單分成教皇、妖精、魔王而已，希望能看到更多人類國家間的關係，還有更多魔物亞人種族的故事設定",地緣政治,False,女性視角,0.653738914620298,0.2614955658481192
q5,"如題，想找像是overlord、無職這種，有龐大世界，多個國家部落，文化特色分明，歷史背景完整，沉浸感和史詩感強的小說，請問各位有沒有推薦的？希望是劍與魔法的世界，有多不同種族、魔物的那種（其實我不太確定這類型叫什麼，異世界感覺不太對，但叫奇幻又好像太廣泛了？

有很多web小說我都有看過，像是轉生成魔劍、轉生龍蛋、哥布林，他們雖然世界都足夠龐大，但是都有個web小說的通病，就是讀起來會有割裂感，無法讓人帶入那個世界中
而轉生蜘蛛雖然沒有那種割裂感，但是世界觀卻不太夠了，就只簡單分成教皇、妖精、魔王而已，希望能看到更多人類國家間的關係，還有更多魔物亞人種族的故事設定",地緣政治,False,經營,0.6286126085511554,0.2514450434204622
q5,"如題，想找像是overlord、無職這種，有龐大世界，多個國家部落，文化特色分明，歷史背景完整，沉浸感和史詩感強的小說，請問各位有沒有推薦的？希望是劍與魔法的世界，有多不同種族、魔物的那種（其實我不太確定這類型叫什麼，異世界感覺不太對，但叫奇幻又好像太廣泛了？

有很多web小說我都有看過，像是轉生成魔劍、轉生龍蛋、哥布林，他們雖然世界都足夠龐大，但是都有個web小說的通病，就是讀起來會有割裂感，無法讓人帶入那個世界中
而轉生蜘蛛雖然沒有那種割裂感，但是世界觀卻不太夠了，就只簡單分成教皇、妖精、魔王而已，希望能看到更多人類國家間的關係，還有更多魔物亞人種族的故事設定",地緣政治,False,溫馨,0.6243064901607981,0.24972259606431924
q5,"如題，想找像是overlord、無職這種，有龐大世界，多個國家部落，文化特色分明，歷史背景完整，沉浸感和史詩感強的小說，請問各位有沒有推薦的？希望是劍與魔法的世界，有多不同種族、魔物的那種（其實我不太確定這類型叫什麼，異世界感覺不太對，但叫奇幻又好像太廣泛了？

有很多web小說我都有看過，像是轉生成魔劍、轉生龍蛋、哥布林，他們雖然世界都足夠龐大，但是都有個web小說的通病，就是讀起來會有割裂感，無法讓人帶入那個世界中
而轉生蜘蛛雖然沒有那種割裂感，但是世界觀卻不太夠了，就只簡單分成教皇、妖精、魔王而已，希望能看到更多人類國家間的關係，還有更多魔物亞人種族的故事設定",地緣政治,False,獵奇,0.6320929479652098,0.2528371791860839
q5,"如題，想找像是overlord、無職這種，有龐大世界，多個國家部落，文化特色分明，歷史背景完整，沉浸感和史詩感強的小說，請問各位有沒有推薦的？希望是劍與魔法的世界，有多不同種族、魔物的那種（其實我不太確定這類型叫什麼，異世界感覺不太對，但叫奇幻又好像太廣泛了？

有很多web小說我都有看過，像是轉生成魔劍、轉生龍蛋、哥布林，他們雖然世界都足夠龐大，但是都有個web小說的通病，就是讀起來會有割裂感，無法讓人帶入那個世界中
而轉生蜘蛛雖然沒有那種割裂感，但是世界觀卻不太夠了，就只簡單分成教皇、妖精、魔王而已，希望能看到更多人類國家間的關係，還有更多魔物亞人種族的故事設定",地緣政治,False,復仇,0.7009687931762052,0.2803875172704821
q5,"如題，想找像是overlord、無職這種，有龐大世界，多個國家部落，文化特色分明，歷史背景完整，沉浸感和史詩感強的小說，請問各位有沒有推薦的？希望是劍與魔法的世界，有多不同種族、魔物的那種（其實我不太確定這類型叫什麼，異世界感覺不太對，但叫奇幻又好像太廣泛了？

有很多web小說我都有看過，像是轉生成魔劍、轉生龍蛋、哥布林，他們雖然世界都足夠龐大，但是都有個web小說的通病，就是讀起來會有割裂感，無法讓人帶入那個世界中
而轉生蜘蛛雖然沒有那種割裂感，但是世界觀卻不太夠了，就只簡單分成教皇、妖精、魔王而已，希望能看到更多人類國家間的關係，還有更多魔物亞人種族的故事設定",地緣政治,False,黑暗,0.6350844040282848,0.2540337616113139
q5,"如題，想找像是overlord、無職這種，有龐大世界，多個國家部落，文化特色分明，歷史背景完整，沉浸感和史詩感強的小說，請問各位有沒有推薦的？希望是劍與魔法的世界，有多不同種族、魔物的那種（其實我不太確定這類型叫什麼，異世界感覺不太對，但叫奇幻又好像太廣泛了？

有很多web小說我都有看過，像是轉生成魔劍、轉生龍蛋、哥布林，他們雖然世界都足夠龐大，但是都有個web小說的通病，就是讀起來會有割裂感，無法讓人帶入那個世界中
而轉生蜘蛛雖然沒有那種割裂感，但是世界觀卻不太夠了，就只簡單分成教皇、妖精、魔王而已，希望能看到更多人類國家間的關係，還有更多魔物亞人種族的故事設定",地緣政治,False,末日,0.6391121668437251,0.25564486673749004
q5,"如題，想找像是overlord、無職這種，有龐大世界，多個國家部落，文化特色分明，歷史背景完整，沉浸感和史詩感強的小說，請問各位有沒有推薦的？希望是劍與魔法的世界，有多不同種族、魔物的那種（其實我不太確定這類型叫什麼，異世界感覺不太對，但叫奇幻又好像太廣泛了？

有很多web小說我都有看過，像是轉生成魔劍、轉生龍蛋、哥布林，他們雖然世界都足夠龐大，但是都有個web小說的通病，就是讀起來會有割裂感，無法讓人帶入那個世界中
而轉生蜘蛛雖然沒有那種割裂感，但是世界觀卻不太夠了，就只簡單分成教皇、妖精、魔王而已，希望能看到更多人類國家間的關係，還有更多魔物亞人種族的故事設定",地緣政治,False,遊戲,0.6138883726263228,0.24555534905052911
q5,"如題，想找像是overlord、無職這種，有龐大世界，多個國家部落，文化特色分明，歷史背景完整，沉浸感和史詩感強的小說，請問各位有沒有推薦的？希望是劍與魔法的世界，有多不同種族、魔物的那種（其實我不太確定這類型叫什麼，異世界感覺不太對，但叫奇幻又好像太廣泛了？

有很多web小說我都有看過，像是轉生成魔劍、轉生龍蛋、哥布林，他們雖然世界都足夠龐大，但是都有個web小說的通病，就是讀起來會有割裂感，無法讓人帶入那個世界中
而轉生蜘蛛雖然沒有那種割裂感，但是世界觀卻不太夠了，就只簡單分成教皇、妖精、魔王而已，希望能看到更多人類國家間的關係，還有更多魔物亞人種族的故事設定",地緣政治,False,戰鬥,0.6164857494901778,0.24659429979607111
q5,"如題，想找像是overlord、無職這種，有龐大世界，多個國家部落，文化特色分明，歷史背景完整，沉浸感和史詩感強的小說，請問各位有沒有推薦的？希望是劍與魔法的世界，有多不同種族、魔物的那種（其實我不太確定這類型叫什麼，異世界感覺不太對，但叫奇幻又好像太廣泛了？

有很多web小說我都有看過，像是轉生成魔劍、轉生龍蛋、哥布林，他們雖然世界都足夠龐大，但是都有個web小說的通病，就是讀起來會有割裂感，無法讓人帶入那個世界中
而轉生蜘蛛雖然沒有那種割裂感，但是世界觀卻不太夠了，就只簡單分成教皇、妖精、魔王而已，希望能看到更多人類國家間的關係，還有更多魔物亞人種族的故事設定",地緣政治,False,群像,0.6327445299848254,0.25309781199393017
q5,"如題，想找像是overlord、無職這種，有龐大世界，多個國家部落，文化特色分明，歷史背景完整，沉浸感和史詩感強的小說，請問各位有沒有推薦的？希望是劍與魔法的世界，有多不同種族、魔物的那種（其實我不太確定這類型叫什麼，異世界感覺不太對，但叫奇幻又好像太廣泛了？

有很多web小說我都有看過，像是轉生成魔劍、轉生龍蛋、哥布林，他們雖然世界都足夠龐大，但是都有個web小說的通病，就是讀起來會有割裂感，無法讓人帶入那個世界中
而轉生蜘蛛雖然沒有那種割裂感，但是世界觀卻不太夠了，就只簡單分成教皇、妖精、魔王而已，希望能看到更多人類國家間的關係，還有更多魔物亞人種族的故事設定",地緣政治,False,歡樂向,0.643919793662138,0.25756791746485524
q5,"如題，想找像是overlord、無職這種，有龐大世界，多個國家部落，文化特色分明，歷史背景完整，沉浸感和史詩感強的小說，請問各位有沒有推薦的？希望是劍與魔法的世界，有多不同種族、魔物的那種（其實我不太確定這類型叫什麼，異世界感覺不太對，但叫奇幻又好像太廣泛了？

有很多web小說我都有看過，像是轉生成魔劍、轉生龍蛋、哥布林，他們雖然世界都足夠龐大，但是都有個web小說的通病，就是讀起來會有割裂感，無法讓人帶入那個世界中
而轉生蜘蛛雖然沒有那種割裂感，但是世界觀卻不太夠了，就只簡單分成教皇、妖精、魔王而已，希望能看到更多人類國家間的關係，還有更多魔物亞人種族的故事設定",地緣政治,False,旅行,0.6343434048915451,0.25373736195661806
q5,"如題，想找像是overlord、無職這種，有龐大世界，多個國家部落，文化特色分明，歷史背景完整，沉浸感和史詩感強的小說，請問各位有沒有推薦的？希望是劍與魔法的世界，有多不同種族、魔物的那種（其實我不太確定這類型叫什麼，異世界感覺不太對，但叫奇幻又好像太廣泛了？

有很多web小說我都有看過，像是轉生成魔劍、轉生龍蛋、哥布林，他們雖然世界都足夠龐大，但是都有個web小說的通病，就是讀起來會有割裂感，無法讓人帶入那個世界中
而轉生蜘蛛雖然沒有那種割裂感，但是世界觀卻不太夠了，就只簡單分成教皇、妖精、魔王而已，希望能看到更多人類國家間的關係，還有更多魔物亞人種族的故事設定",地緣政治,False,惡役,0.6141825512749006,0.24567302050996026
q5,"如題，想找像是overlord、無職這種，有龐大世界，多個國家部落，文化特色分明，歷史背景完整，沉浸感和史詩感強的小說，請問各位有沒有推薦的？希望是劍與魔法的世界，有多不同種族、魔物的那種（其實我不太確定這類型叫什麼，異世界感覺不太對，但叫奇幻又好像太廣泛了？

有很多web小說我都有看過，像是轉生成魔劍、轉生龍蛋、哥布林，他們雖然世界都足夠龐大，但是都有個web小說的通病，就是讀起來會有割裂感，無法讓人帶入那個世界中
而轉生蜘蛛雖然沒有那種割裂感，但是世界觀卻不太夠了，就只簡單分成教皇、妖精、魔王而已，希望能看到更多人類國家間的關係，還有更多魔物亞人種族的故事設定",地緣政治,False,機戰,0.6299140327912301,0.25196561311649207
q5,"如題，想找像是overlord、無職這種，有龐大世界，多個國家部落，文化特色分明，歷史背景完整，沉浸感和史詩感強的小說，請問各位有沒有推薦的？希望是劍與魔法的世界，有多不同種族、魔物的那種（其實我不太確定這類型叫什麼，異世界感覺不太對，但叫奇幻又好像太廣泛了？

有很多web小說我都有看過，像是轉生成魔劍、轉生龍蛋、哥布林，他們雖然世界都足夠龐大，但是都有個web小說的通病，就是讀起來會有割裂感，無法讓人帶入那個世界中
而轉生蜘蛛雖然沒有那種割裂感，但是世界觀卻不太夠了，就只簡單分成教皇、妖精、魔王而已，希望能看到更多人類國家間的關係，還有更多魔物亞人種族的故事設定",地緣政治,False,驚悚,0.6348883347095283,0.25395533388381136
q5,"如題，想找像是overlord、無職這種，有龐大世界，多個國家部落，文化特色分明，歷史背景完整，沉浸感和史詩感強的小說，請問各位有沒有推薦的？希望是劍與魔法的世界，有多不同種族、魔物的那種（其實我不太確定這類型叫什麼，異世界感覺不太對，但叫奇幻又好像太廣泛了？

有很多web小說我都有看過，像是轉生成魔劍、轉生龍蛋、哥布林，他們雖然世界都足夠龐大，但是都有個web小說的通病，就是讀起來會有割裂感，無法讓人帶入那個世界中
而轉生蜘蛛雖然沒有那種割裂感，但是世界觀卻不太夠了，就只簡單分成教皇、妖精、魔王而已，希望能看到更多人類國家間的關係，還有更多魔物亞人種族的故事設定",地緣政治,False,奇幻,0.6339767711542874,0.253590708461715
q5,"如題，想找像是overlord、無職這種，有龐大世界，多個國家部落，文化特色分明，歷史背景完整，沉浸感和史詩感強的小說，請問各位有沒有推薦的？希望是劍與魔法的世界，有多不同種族、魔物的那種（其實我不太確定這類型叫什麼，異世界感覺不太對，但叫奇幻又好像太廣泛了？

有很多web小說我都有看過，像是轉生成魔劍、轉生龍蛋、哥布林，他們雖然世界都足夠龐大，但是都有個web小說的通病，就是讀起來會有割裂感，無法讓人帶入那個世界中
而轉生蜘蛛雖然沒有那種割裂感，但是世界觀卻不太夠了，就只簡單分成教皇、妖精、魔王而已，希望能看到更多人類國家間的關係，還有更多魔物亞人種族的故事設定",地緣政治,False,JK,0.6350599815252556,0.2540239926101022
q5,"如題，想找像是overlord、無職這種，有龐大世界，多個國家部落，文化特色分明，歷史背景完整，沉浸感和史詩感強的小說，請問各位有沒有推薦的？希望是劍與魔法的世界，有多不同種族、魔物的那種（其實我不太確定這類型叫什麼，異世界感覺不太對，但叫奇幻又好像太廣泛了？

有很多web小說我都有看過，像是轉生成魔劍、轉生龍蛋、哥布林，他們雖然世界都足夠龐大，但是都有個web小說的通病，就是讀起來會有割裂感，無法讓人帶入那個世界中
而轉生蜘蛛雖然沒有那種割裂感，但是世界觀卻不太夠了，就只簡單分成教皇、妖精、魔王而已，希望能看到更多人類國家間的關係，還有更多魔物亞人種族的故事設定",地緣政治,False,後宮,0.6358129216127888,0.2543251686451155
q5,"如題，想找像是overlord、無職這種，有龐大世界，多個國家部落，文化特色分明，歷史背景完整，沉浸感和史詩感強的小說，請問各位有沒有推薦的？希望是劍與魔法的世界，有多不同種族、魔物的那種（其實我不太確定這類型叫什麼，異世界感覺不太對，但叫奇幻又好像太廣泛了？

有很多web小說我都有看過，像是轉生成魔劍、轉生龍蛋、哥布林，他們雖然世界都足夠龐大，但是都有個web小說的通病，就是讀起來會有割裂感，無法讓人帶入那個世界中
而轉生蜘蛛雖然沒有那種割裂感，但是世界觀卻不太夠了，就只簡單分成教皇、妖精、魔王而已，希望能看到更多人類國家間的關係，還有更多魔物亞人種族的故事設定",地緣政治,False,耽美,0.6392566358380709,0.2557026543352284
q5,"如題，想找像是overlord、無職這種，有龐大世界，多個國家部落，文化特色分明，歷史背景完整，沉浸感和史詩感強的小說，請問各位有沒有推薦的？希望是劍與魔法的世界，有多不同種族、魔物的那種（其實我不太確定這類型叫什麼，異世界感覺不太對，但叫奇幻又好像太廣泛了？

有很多web小說我都有看過，像是轉生成魔劍、轉生龍蛋、哥布林，他們雖然世界都足夠龐大，但是都有個web小說的通病，就是讀起來會有割裂感，無法讓人帶入那個世界中
而轉生蜘蛛雖然沒有那種割裂感，但是世界觀卻不太夠了，就只簡單分成教皇、妖精、魔王而已，希望能看到更多人類國家間的關係，還有更多魔物亞人種族的故事設定",地緣政治,False,職場,0.6270497286901526,0.25081989147606104
q5,"如題，想找像是overlord、無職這種，有龐大世界，多個國家部落，文化特色分明，歷史背景完整，沉浸感和史詩感強的小說，請問各位有沒有推薦的？希望是劍與魔法的世界，有多不同種族、魔物的那種（其實我不太確定這類型叫什麼，異世界感覺不太對，但叫奇幻又好像太廣泛了？

有很多web小說我都有看過，像是轉生成魔劍、轉生龍蛋、哥布林，他們雖然世界都足夠龐大，但是都有個web小說的通病，就是讀起來會有割裂感，無法讓人帶入那個世界中
而轉生蜘蛛雖然沒有那種割裂感，但是世界觀卻不太夠了，就只簡單分成教皇、妖精、魔王而已，希望能看到更多人類國家間的關係，還有更多魔物亞人種族的故事設定",地緣政治,False,推理,0.6446334221871047,0.2578533688748419
q5,"如題，想找像是overlord、無職這種，有龐大世界，多個國家部落，文化特色分明，歷史背景完整，沉浸感和史詩感強的小說，請問各位有沒有推薦的？希望是劍與魔法的世界，有多不同種族、魔物的那種（其實我不太確定這類型叫什麼，異世界感覺不太對，但叫奇幻又好像太廣泛了？

有很多web小說我都有看過，像是轉生成魔劍、轉生龍蛋、哥布林，他們雖然世界都足夠龐大，但是都有個web小說的通病，就是讀起來會有割裂感，無法讓人帶入那個世界中
而轉生蜘蛛雖然沒有那種割裂感，但是世界觀卻不太夠了，就只簡單分成教皇、妖精、魔王而已，希望能看到更多人類國家間的關係，還有更多魔物亞人種族的故事設定",地緣政治,False,JC,0.626992098021966,0.2507968392087864
q5,"如題，想找像是overlord、無職這種，有龐大世界，多個國家部落，文化特色分明，歷史背景完整，沉浸感和史詩感強的小說，請問各位有沒有推薦的？希望是劍與魔法的世界，有多不同種族、魔物的那種（其實我不太確定這類型叫什麼，異世界感覺不太對，但叫奇幻又好像太廣泛了？

有很多web小說我都有看過，像是轉生成魔劍、轉生龍蛋、哥布林，他們雖然世界都足夠龐大，但是都有個web小說的通病，就是讀起來會有割裂感，無法讓人帶入那個世界中
而轉生蜘蛛雖然沒有那種割裂感，但是世界觀卻不太夠了，就只簡單分成教皇、妖精、魔王而已，希望能看到更多人類國家間的關係，還有更多魔物亞人種族的故事設定",地緣政治,False,宅文化,0.6171113222836914,0.24684452891347655
q5,"如題，想找像是overlord、無職這種，有龐大世界，多個國家部落，文化特色分明，歷史背景完整，沉浸感和史詩感強的小說，請問各位有沒有推薦的？希望是劍與魔法的世界，有多不同種族、魔物的那種（其實我不太確定這類型叫什麼，異世界感覺不太對，但叫奇幻又好像太廣泛了？

有很多web小說我都有看過，像是轉生成魔劍、轉生龍蛋、哥布林，他們雖然世界都足夠龐大，但是都有個web小說的通病，就是讀起來會有割裂感，無法讓人帶入那個世界中
而轉生蜘蛛雖然沒有那種割裂感，但是世界觀卻不太夠了，就只簡單分成教皇、妖精、魔王而已，希望能看到更多人類國家間的關係，還有更多魔物亞人種族的故事設定",地緣政治,False,校園,0.6205435052023227,0.2482174020809291
q5,"如題，想找像是overlord、無職這種，有龐大世界，多個國家部落，文化特色分明，歷史背景完整，沉浸感和史詩感強的小說，請問各位有沒有推薦的？希望是劍與魔法的世界，有多不同種族、魔物的那種（其實我不太確定這類型叫什麼，異世界感覺不太對，但叫奇幻又好像太廣泛了？

有很多web小說我都有看過，像是轉生成魔劍、轉生龍蛋、哥布林，他們雖然世界都足夠龐大，但是都有個web小說的通病，就是讀起來會有割裂感，無法讓人帶入那個世界中
而轉生蜘蛛雖然沒有那種割裂感，但是世界觀卻不太夠了，就只簡單分成教皇、妖精、魔王而已，希望能看到更多人類國家間的關係，還有更多魔物亞人種族的故事設定",地緣政治,False,同人,0.6338005253442448,0.25352021013769793
q5,"如題，想找像是overlord、無職這種，有龐大世界，多個國家部落，文化特色分明，歷史背景完整，沉浸感和史詩感強的小說，請問各位有沒有推薦的？希望是劍與魔法的世界，有多不同種族、魔物的那種（其實我不太確定這類型叫什麼，異世界感覺不太對，但叫奇幻又好像太廣泛了？

有很多web小說我都有看過，像是轉生成魔劍、轉生龍蛋、哥布林，他們雖然世界都足夠龐大，但是都有個web小說的通病，就是讀起來會有割裂感，無法讓人帶入那個世界中
而轉生蜘蛛雖然沒有那種割裂感，但是世界觀卻不太夠了，就只簡單分成教皇、妖精、魔王而已，希望能看到更多人類國家間的關係，還有更多魔物亞人種族的故事設定",地緣政治,False,NTR,0.6293423463268601,0.2517369385307441
q5,"如題，想找像是overlord、無職這種，有龐大世界，多個國家部落，文化特色分明，歷史背景完整，沉浸感和史詩感強的小說，請問各位有沒有推薦的？希望是劍與魔法的世界，有多不同種族、魔物的那種（其實我不太確定這類型叫什麼，異世界感覺不太對，但叫奇幻又好像太廣泛了？

有很多web小說我都有看過，像是轉生成魔劍、轉生龍蛋、哥布林，他們雖然世界都足夠龐大，但是都有個web小說的通病，就是讀起來會有割裂感，無法讓人帶入那個世界中
而轉生蜘蛛雖然沒有那種割裂感，但是世界觀卻不太夠了，就只簡單分成教皇、妖精、魔王而已，希望能看到更多人類國家間的關係，還有更多魔物亞人種族的故事設定",地緣政治,False,異能,0.6168063818456346,0.24672255273825386
q5,"如題，想找像是overlord、無職這種，有龐大世界，多個國家部落，文化特色分明，歷史背景完整，沉浸感和史詩感強的小說，請問各位有沒有推薦的？希望是劍與魔法的世界，有多不同種族、魔物的那種（其實我不太確定這類型叫什麼，異世界感覺不太對，但叫奇幻又好像太廣泛了？

有很多web小說我都有看過，像是轉生成魔劍、轉生龍蛋、哥布林，他們雖然世界都足夠龐大，但是都有個web小說的通病，就是讀起來會有割裂感，無法讓人帶入那個世界中
而轉生蜘蛛雖然沒有那種割裂感，但是世界觀卻不太夠了，就只簡單分成教皇、妖精、魔王而已，希望能看到更多人類國家間的關係，還有更多魔物亞人種族的故事設定",地緣政治,False,戰爭,0.6693899535170736,0.2677559814068295
q5,"如題，想找像是overlord、無職這種，有龐大世界，多個國家部落，文化特色分明，歷史背景完整，沉浸感和史詩感強的小說，請問各位有沒有推薦的？希望是劍與魔法的世界，有多不同種族、魔物的那種（其實我不太確定這類型叫什麼，異世界感覺不太對，但叫奇幻又好像太廣泛了？

有很多web小說我都有看過，像是轉生成魔劍、轉生龍蛋、哥布林，他們雖然世界都足夠龐大，但是都有個web小說的通病，就是讀起來會有割裂感，無法讓人帶入那個世界中
而轉生蜘蛛雖然沒有那種割裂感，但是世界觀卻不太夠了，就只簡單分成教皇、妖精、魔王而已，希望能看到更多人類國家間的關係，還有更多魔物亞人種族的故事設定",地緣政治,False,音樂,0.6203345217782101,0.24813380871128407
q5,"如題，想找像是overlord、無職這種，有龐大世界，多個國家部落，文化特色分明，歷史背景完整，沉浸感和史詩感強的小說，請問各位有沒有推薦的？希望是劍與魔法的世界，有多不同種族、魔物的那種（其實我不太確定這類型叫什麼，異世界感覺不太對，但叫奇幻又好像太廣泛了？

有很多web小說我都有看過，像是轉生成魔劍、轉生龍蛋、哥布林，他們雖然世界都足夠龐大，但是都有個web小說的通病，就是讀起來會有割裂感，無法讓人帶入那個世界中
而轉生蜘蛛雖然沒有那種割裂感，但是世界觀卻不太夠了，就只簡單分成教皇、妖精、魔王而已，希望能看到更多人類國家間的關係，還有更多魔物亞人種族的故事設定",地緣政治,False,熱血,0.6099354875679591,0.24397419502718365
q5,"如題，想找像是overlord、無職這種，有龐大世界，多個國家部落，文化特色分明，歷史背景完整，沉浸感和史詩感強的小說，請問各位有沒有推薦的？希望是劍與魔法的世界，有多不同種族、魔物的那種（其實我不太確定這類型叫什麼，異世界感覺不太對，但叫奇幻又好像太廣泛了？

有很多web小說我都有看過，像是轉生成魔劍、轉生龍蛋、哥布林，他們雖然世界都足夠龐大，但是都有個web小說的通病，就是讀起來會有割裂感，無法讓人帶入那個世界中
而轉生蜘蛛雖然沒有那種割裂感，但是世界觀卻不太夠了，就只簡單分成教皇、妖精、魔王而已，希望能看到更多人類國家間的關係，還有更多魔物亞人種族的故事設定",地緣政治,False,間諜,0.6323952491815406,0.25295809967261623
q5,"如題，想找像是overlord、無職這種，有龐大世界，多個國家部落，文化特色分明，歷史背景完整，沉浸感和史詩感強的小說，請問各位有沒有推薦的？希望是劍與魔法的世界，有多不同種族、魔物的那種（其實我不太確定這類型叫什麼，異世界感覺不太對，但叫奇幻又好像太廣泛了？

有很多web小說我都有看過，像是轉生成魔劍、轉生龍蛋、哥布林，他們雖然世界都足夠龐大，但是都有個web小說的通病，就是讀起來會有割裂感，無法讓人帶入那個世界中
而轉生蜘蛛雖然沒有那種割裂感，但是世界觀卻不太夠了，就只簡單分成教皇、妖精、魔王而已，希望能看到更多人類國家間的關係，還有更多魔物亞人種族的故事設定",地緣政治,False,冒險,0.6300602829311931,0.25202411317247725
q5,"如題，想找像是overlord、無職這種，有龐大世界，多個國家部落，文化特色分明，歷史背景完整，沉浸感和史詩感強的小說，請問各位有沒有推薦的？希望是劍與魔法的世界，有多不同種族、魔物的那種（其實我不太確定這類型叫什麼，異世界感覺不太對，但叫奇幻又好像太廣泛了？

有很多web小說我都有看過，像是轉生成魔劍、轉生龍蛋、哥布林，他們雖然世界都足夠龐大，但是都有個web小說的通病，就是讀起來會有割裂感，無法讓人帶入那個世界中
而轉生蜘蛛雖然沒有那種割裂感，但是世界觀卻不太夠了，就只簡單分成教皇、妖精、魔王而已，希望能看到更多人類國家間的關係，還有更多魔物亞人種族的故事設定",地緣政治,False,人外,0.6378564650522618,0.2551425860209047
q5,"如題，想找像是overlord、無職這種，有龐大世界，多個國家部落，文化特色分明，歷史背景完整，沉浸感和史詩感強的小說，請問各位有沒有推薦的？希望是劍與魔法的世界，有多不同種族、魔物的那種（其實我不太確定這類型叫什麼，異世界感覺不太對，但叫奇幻又好像太廣泛了？

有很多web小說我都有看過，像是轉生成魔劍、轉生龍蛋、哥布林，他們雖然世界都足夠龐大，但是都有個web小說的通病，就是讀起來會有割裂感，無法讓人帶入那個世界中
而轉生蜘蛛雖然沒有那種割裂感，但是世界觀卻不太夠了，就只簡單分成教皇、妖精、魔王而已，希望能看到更多人類國家間的關係，還有更多魔物亞人種族的故事設定",地緣政治,False,異世界,0.6365330910918884,0.2546132364367554
q5,"如題，想找像是overlord、無職這種，有龐大世界，多個國家部落，文化特色分明，歷史背景完整，沉浸感和史詩感強的小說，請問各位有沒有推薦的？希望是劍與魔法的世界，有多不同種族、魔物的那種（其實我不太確定這類型叫什麼，異世界感覺不太對，但叫奇幻又好像太廣泛了？

有很多web小說我都有看過，像是轉生成魔劍、轉生龍蛋、哥布林，他們雖然世界都足夠龐大，但是都有個web小說的通病，就是讀起來會有割裂感，無法讓人帶入那個世界中
而轉生蜘蛛雖然沒有那種割裂感，但是世界觀卻不太夠了，就只簡單分成教皇、妖精、魔王而已，希望能看到更多人類國家間的關係，還有更多魔物亞人種族的故事設定",地緣政治,False,懸疑,0.6481054003394607,0.2592421601357843
q1,"現在對於小說的要求越來越高了，
而且慢慢的發現現在除了狗糧基本上都看不進去，
連以很喜歡的異世界主題都看不進去了，
好想念從前那個什麼都可以看得很快樂的自己

說回主題，希望可以找到沒看過的狗糧系小說，
可以接受小刀，但一定要無黃毛無牛頭人，
但背景自帶沈重的例如「戀愛光譜」「刮鬍」這一類的也不喜歡，
黨爭就...看情況吧但其實我也一般般",戀愛,True,戀愛,1.0,1.0
q1,"現在對於小說的要求越來越高了，
而且慢慢的發現現在除了狗糧基本上都看不進去，
連以很喜歡的異世界主題都看不進去了，
好想念從前那個什麼都可以看得很快樂的自己

說回主題，希望可以找到沒看過的狗糧系小說，
可以接受小刀，但一定要無黃毛無牛頭人，
但背景自帶沈重的例如「戀愛光譜」「刮鬍」這一類的也不喜歡，
黨爭就...看情況吧但其實我也一般般",溫馨,True,溫馨,1.0,1.0
q1,"現在對於小說的要求越來越高了，
而且慢慢的發現現在除了狗糧基本上都看不進去，
連以很喜歡的異世界主題都看不進去了，
好想念從前那個什麼都可以看得很快樂的自己

說回主題，希望可以找到沒看過的狗糧系小說，
可以接受小刀，但一定要無黃毛無牛頭人，
但背景自帶沈重的例如「戀愛光譜」「刮鬍」這一類的也不喜歡，
黨爭就...看情況吧但其實我也一般般",狗糧,False,大逃殺,0.6205805672414689,0.24823222689658758
q1,"現在對於小說的要求越來越高了，
而且慢慢的發現現在除了狗糧基本上都看不進去，
連以很喜歡的異世界主題都看不進去了，
好想念從前那個什麼都可以看得很快樂的自己

說回主題，希望可以找到沒看過的狗糧系小說，
可以接受小刀，但一定要無黃毛無牛頭人，
但背景自帶沈重的例如「戀愛光譜」「刮鬍」這一類的也不喜歡，
黨爭就...看情況吧但其實我也一般般",狗糧,False,戀愛,0.6832475135469124,0.27329900541876495
q1,"現在對於小說的要求越來越高了，
而且慢慢的發現現在除了狗糧基本上都看不進去，
連以很喜歡的異世界主題都看不進去了，
好想念從前那個什麼都可以看得很快樂的自己

說回主題，希望可以找到沒看過的狗糧系小說，
可以接受小刀，但一定要無黃毛無牛頭人，
但背景自帶沈重的例如「戀愛光譜」「刮鬍」這一類的也不喜歡，
黨爭就...看情況吧但其實我也一般般",狗糧,False,犯罪,0.6306609393967484,0.25226437575869937
q1,"現在對於小說的要求越來越高了，
而且慢慢的發現現在除了狗糧基本上都看不進去，
連以很喜歡的異世界主題都看不進去了，
好想念從前那個什麼都可以看得很快樂的自己

說回主題，希望可以找到沒看過的狗糧系小說，
可以接受小刀，但一定要無黃毛無牛頭人，
但背景自帶沈重的例如「戀愛光譜」「刮鬍」這一類的也不喜歡，
黨爭就...看情況吧但其實我也一般般",狗糧,False,鬥智,0.6310842116797579,0.2524336846719032
q1,"現在對於小說的要求越來越高了，
而且慢慢的發現現在除了狗糧基本上都看不進去，
連以很喜歡的異世界主題都看不進去了，
好想念從前那個什麼都可以看得很快樂的自己

說回主題，希望可以找到沒看過的狗糧系小說，
可以接受小刀，但一定要無黃毛無牛頭人，
但背景自帶沈重的例如「戀愛光譜」「刮鬍」這一類的也不喜歡，
黨爭就...看情況吧但其實我也一般般",狗糧,False,科幻,0.6507552102337807,0.2603020840935123
q1,"現在對於小說的要求越來越高了，
而且慢慢的發現現在除了狗糧基本上都看不進去，
連以很喜歡的異世界主題都看不進去了，
好想念從前那個什麼都可以看得很快樂的自己

說回主題，希望可以找到沒看過的狗糧系小說，
可以接受小刀，但一定要無黃毛無牛頭人，
但背景自帶沈重的例如「戀愛光譜」「刮鬍」這一類的也不喜歡，
黨爭就...看情況吧但其實我也一般般",狗糧,False,百合,0.6711382384150014,0.2684552953660006
q1,"現在對於小說的要求越來越高了，
而且慢慢的發現現在除了狗糧基本上都看不進去，
連以很喜歡的異世界主題都看不進去了，
好想念從前那個什麼都可以看得很快樂的自己

說回主題，希望可以找到沒看過的狗糧系小說，
可以接受小刀，但一定要無黃毛無牛頭人，
但背景自帶沈重的例如「戀愛光譜」「刮鬍」這一類的也不喜歡，
黨爭就...看情況吧但其實我也一般般",狗糧,False,轉生,0.6403304093841542,0.2561321637536617
q1,"現在對於小說的要求越來越高了，
而且慢慢的發現現在除了狗糧基本上都看不進去，
連以很喜歡的異世界主題都看不進去了，
好想念從前那個什麼都可以看得很快樂的自己

說回主題，希望可以找到沒看過的狗糧系小說，
可以接受小刀，但一定要無黃毛無牛頭人，
但背景自帶沈重的例如「戀愛光譜」「刮鬍」這一類的也不喜歡，
黨爭就...看情況吧但其實我也一般般",狗糧,False,治癒,0.6672867203467945,0.2669146881387178
q1,"現在對於小說的要求越來越高了，
而且慢慢的發現現在除了狗糧基本上都看不進去，
連以很喜歡的異世界主題都看不進去了，
好想念從前那個什麼都可以看得很快樂的自己

說回主題，希望可以找到沒看過的狗糧系小說，
可以接受小刀，但一定要無黃毛無牛頭人，
但背景自帶沈重的例如「戀愛光譜」「刮鬍」這一類的也不喜歡，
黨爭就...看情況吧但其實我也一般般",狗糧,False,青梅竹馬,0.6598786265847312,0.26395145063389247
q1,"現在對於小說的要求越來越高了，
而且慢慢的發現現在除了狗糧基本上都看不進去，
連以很喜歡的異世界主題都看不進去了，
好想念從前那個什麼都可以看得很快樂的自己

說回主題，希望可以找到沒看過的狗糧系小說，
可以接受小刀，但一定要無黃毛無牛頭人，
但背景自帶沈重的例如「戀愛光譜」「刮鬍」這一類的也不喜歡，
黨爭就...看情況吧但其實我也一般般",狗糧,False,女性視角,0.6499495883171158,0.2599798353268463
q1,"現在對於小說的要求越來越高了，
而且慢慢的發現現在除了狗糧基本上都看不進去，
連以很喜歡的異世界主題都看不進去了，
好想念從前那個什麼都可以看得很快樂的自己

說回主題，希望可以找到沒看過的狗糧系小說，
可以接受小刀，但一定要無黃毛無牛頭人，
但背景自帶沈重的例如「戀愛光譜」「刮鬍」這一類的也不喜歡，
黨爭就...看情況吧但其實我也一般般",狗糧,False,性轉,0.6299851277345099,0.25199405109380396
q1,"現在對於小說的要求越來越高了，
而且慢慢的發現現在除了狗糧基本上都看不進去，
連以很喜歡的異世界主題都看不進去了，
好想念從前那個什麼都可以看得很快樂的自己

說回主題，希望可以找到沒看過的狗糧系小說，
可以接受小刀，但一定要無黃毛無牛頭人，
但背景自帶沈重的例如「戀愛光譜」「刮鬍」這一類的也不喜歡，
黨爭就...看情況吧但其實我也一般般",狗糧,False,溫馨,0.6944913322138492,0.2777965328855397
q1,"現在對於小說的要求越來越高了，
而且慢慢的發現現在除了狗糧基本上都看不進去，
連以很喜歡的異世界主題都看不進去了，
好想念從前那個什麼都可以看得很快樂的自己

說回主題，希望可以找到沒看過的狗糧系小說，
可以接受小刀，但一定要無黃毛無牛頭人，
但背景自帶沈重的例如「戀愛光譜」「刮鬍」這一類的也不喜歡，
黨爭就...看情況吧但其實我也一般般",狗糧,False,經營,0.6411899424011477,0.2564759769604591
q1,"現在對於小說的要求越來越高了，
而且慢慢的發現現在除了狗糧基本上都看不進去，
連以很喜歡的異世界主題都看不進去了，
好想念從前那個什麼都可以看得很快樂的自己

說回主題，希望可以找到沒看過的狗糧系小說，
可以接受小刀，但一定要無黃毛無牛頭人，
但背景自帶沈重的例如「戀愛光譜」「刮鬍」這一類的也不喜歡，
黨爭就...看情況吧但其實我也一般般",狗糧,False,獵奇,0.6696247078105629,0.2678498831242252
q1,"現在對於小說的要求越來越高了，
而且慢慢的發現現在除了狗糧基本上都看不進去，
連以很喜歡的異世界主題都看不進去了，
好想念從前那個什麼都可以看得很快樂的自己

說回主題，希望可以找到沒看過的狗糧系小說，
可以接受小刀，但一定要無黃毛無牛頭人，
但背景自帶沈重的例如「戀愛光譜」「刮鬍」這一類的也不喜歡，
黨爭就...看情況吧但其實我也一般般",狗糧,False,復仇,0.6009066489181802,0.2403626595672721
q1,"現在對於小說的要求越來越高了，
而且慢慢的發現現在除了狗糧基本上都看不進去，
連以很喜歡的異世界主題都看不進去了，
好想念從前那個什麼都可以看得很快樂的自己

說回主題，希望可以找到沒看過的狗糧系小說，
可以接受小刀，但一定要無黃毛無牛頭人，
但背景自帶沈重的例如「戀愛光譜」「刮鬍」這一類的也不喜歡，
黨爭就...看情況吧但其實我也一般般",狗糧,False,黑暗,0.6368719703843453,0.25474878815373814
q1,"現在對於小說的要求越來越高了，
而且慢慢的發現現在除了狗糧基本上都看不進去，
連以很喜歡的異世界主題都看不進去了，
好想念從前那個什麼都可以看得很快樂的自己

說回主題，希望可以找到沒看過的狗糧系小說，
可以接受小刀，但一定要無黃毛無牛頭人，
但背景自帶沈重的例如「戀愛光譜」「刮鬍」這一類的也不喜歡，
黨爭就...看情況吧但其實我也一般般",狗糧,False,末日,0.6265315436658597,0.2506126174663439
q1,"現在對於小說的要求越來越高了，
而且慢慢的發現現在除了狗糧基本上都看不進去，
連以很喜歡的異世界主題都看不進去了，
好想念從前那個什麼都可以看得很快樂的自己

說回主題，希望可以找到沒看過的狗糧系小說，
可以接受小刀，但一定要無黃毛無牛頭人，
但背景自帶沈重的例如「戀愛光譜」「刮鬍」這一類的也不喜歡，
黨爭就...看情況吧但其實我也一般般",狗糧,False,遊戲,0.6199530402884417,0.24798121611537668
q1,"現在對於小說的要求越來越高了，
而且慢慢的發現現在除了狗糧基本上都看不進去，
連以很喜歡的異世界主題都看不進去了，
好想念從前那個什麼都可以看得很快樂的自己

說回主題，希望可以找到沒看過的狗糧系小說，
可以接受小刀，但一定要無黃毛無牛頭人，
但背景自帶沈重的例如「戀愛光譜」「刮鬍」這一類的也不喜歡，
黨爭就...看情況吧但其實我也一般般",狗糧,False,戰鬥,0.6222759512493093,0.24891038049972375
q1,"現在對於小說的要求越來越高了，
而且慢慢的發現現在除了狗糧基本上都看不進去，
連以很喜歡的異世界主題都看不進去了，
好想念從前那個什麼都可以看得很快樂的自己

說回主題，希望可以找到沒看過的狗糧系小說，
可以接受小刀，但一定要無黃毛無牛頭人，
但背景自帶沈重的例如「戀愛光譜」「刮鬍」這一類的也不喜歡，
黨爭就...看情況吧但其實我也一般般",狗糧,False,青春,0.6342825777663583,0.25371303110654336
q1,"現在對於小說的要求越來越高了，
而且慢慢的發現現在除了狗糧基本上都看不進去，
連以很喜歡的異世界主題都看不進去了，
好想念從前那個什麼都可以看得很快樂的自己

說回主題，希望可以找到沒看過的狗糧系小說，
可以接受小刀，但一定要無黃毛無牛頭人，
但背景自帶沈重的例如「戀愛光譜」「刮鬍」這一類的也不喜歡，
黨爭就...看情況吧但其實我也一般般",狗糧,False,群像,0.6459985143632476,0.25839940574529907
q1,"現在對於小說的要求越來越高了，
而且慢慢的發現現在除了狗糧基本上都看不進去，
連以很喜歡的異世界主題都看不進去了，
好想念從前那個什麼都可以看得很快樂的自己

說回主題，希望可以找到沒看過的狗糧系小說，
可以接受小刀，但一定要無黃毛無牛頭人，
但背景自帶沈重的例如「戀愛光譜」「刮鬍」這一類的也不喜歡，
黨爭就...看情況吧但其實我也一般般",狗糧,False,歡樂向,0.7144811174617306,0.28579244698469225
q1,"現在對於小說的要求越來越高了，
而且慢慢的發現現在除了狗糧基本上都看不進去，
連以很喜歡的異世界主題都看不進去了，
好想念從前那個什麼都可以看得很快樂的自己

說回主題，希望可以找到沒看過的狗糧系小說，
可以接受小刀，但一定要無黃毛無牛頭人，
但背景自帶沈重的例如「戀愛光譜」「刮鬍」這一類的也不喜歡，
黨爭就...看情況吧但其實我也一般般",狗糧,False,旅行,0.6306577949684471,0.2522631179873788
q1,"現在對於小說的要求越來越高了，
而且慢慢的發現現在除了狗糧基本上都看不進去，
連以很喜歡的異世界主題都看不進去了，
好想念從前那個什麼都可以看得很快樂的自己

說回主題，希望可以找到沒看過的狗糧系小說，
可以接受小刀，但一定要無黃毛無牛頭人，
但背景自帶沈重的例如「戀愛光譜」「刮鬍」這一類的也不喜歡，
黨爭就...看情況吧但其實我也一般般",狗糧,False,惡役,0.6400325643614787,0.2560130257445915
q1,"現在對於小說的要求越來越高了，
而且慢慢的發現現在除了狗糧基本上都看不進去，
連以很喜歡的異世界主題都看不進去了，
好想念從前那個什麼都可以看得很快樂的自己

說回主題，希望可以找到沒看過的狗糧系小說，
可以接受小刀，但一定要無黃毛無牛頭人，
但背景自帶沈重的例如「戀愛光譜」「刮鬍」這一類的也不喜歡，
黨爭就...看情況吧但其實我也一般般",狗糧,False,蘿莉,0.6588535302945079,0.2635414121178032
q1,"現在對於小說的要求越來越高了，
而且慢慢的發現現在除了狗糧基本上都看不進去，
連以很喜歡的異世界主題都看不進去了，
好想念從前那個什麼都可以看得很快樂的自己

說回主題，希望可以找到沒看過的狗糧系小說，
可以接受小刀，但一定要無黃毛無牛頭人，
但背景自帶沈重的例如「戀愛光譜」「刮鬍」這一類的也不喜歡，
黨爭就...看情況吧但其實我也一般般",狗糧,False,機戰,0.6400579452317258,0.2560231780926903
q1,"現在對於小說的要求越來越高了，
而且慢慢的發現現在除了狗糧基本上都看不進去，
連以很喜歡的異世界主題都看不進去了，
好想念從前那個什麼都可以看得很快樂的自己

說回主題，希望可以找到沒看過的狗糧系小說，
可以接受小刀，但一定要無黃毛無牛頭人，
但背景自帶沈重的例如「戀愛光譜」「刮鬍」這一類的也不喜歡，
黨爭就...看情況吧但其實我也一般般",狗糧,False,驚悚,0.6329533672543222,0.2531813469017289
q1,"現在對於小說的要求越來越高了，
而且慢慢的發現現在除了狗糧基本上都看不進去，
連以很喜歡的異世界主題都看不進去了，
好想念從前那個什麼都可以看得很快樂的自己

說回主題，希望可以找到沒看過的狗糧系小說，
可以接受小刀，但一定要無黃毛無牛頭人，
但背景自帶沈重的例如「戀愛光譜」「刮鬍」這一類的也不喜歡，
黨爭就...看情況吧但其實我也一般般",狗糧,False,奇幻,0.6495417455285479,0.2598166982114192
q1,"現在對於小說的要求越來越高了，
而且慢慢的發現現在除了狗糧基本上都看不進去，
連以很喜歡的異世界主題都看不進去了，
好想念從前那個什麼都可以看得很快樂的自己

說回主題，希望可以找到沒看過的狗糧系小說，
可以接受小刀，但一定要無黃毛無牛頭人，
但背景自帶沈重的例如「戀愛光譜」「刮鬍」這一類的也不喜歡，
黨爭就...看情況吧但其實我也一般般",狗糧,False,JK,0.6722213149958389,0.26888852599833557
q1,"現在對於小說的要求越來越高了，
而且慢慢的發現現在除了狗糧基本上都看不進去，
連以很喜歡的異世界主題都看不進去了，
好想念從前那個什麼都可以看得很快樂的自己

說回主題，希望可以找到沒看過的狗糧系小說，
可以接受小刀，但一定要無黃毛無牛頭人，
但背景自帶沈重的例如「戀愛光譜」「刮鬍」這一類的也不喜歡，
黨爭就...看情況吧但其實我也一般般",狗糧,False,後宮,0.6561624476100343,0.2624649790440137
q1,"現在對於小說的要求越來越高了，
而且慢慢的發現現在除了狗糧基本上都看不進去，
連以很喜歡的異世界主題都看不進去了，
好想念從前那個什麼都可以看得很快樂的自己

說回主題，希望可以找到沒看過的狗糧系小說，
可以接受小刀，但一定要無黃毛無牛頭人，
但背景自帶沈重的例如「戀愛光譜」「刮鬍」這一類的也不喜歡，
黨爭就...看情況吧但其實我也一般般",狗糧,False,耽美,0.6978539807977275,0.279141592319091
q1,"現在對於小說的要求越來越高了，
而且慢慢的發現現在除了狗糧基本上都看不進去，
連以很喜歡的異世界主題都看不進去了，
好想念從前那個什麼都可以看得很快樂的自己

說回主題，希望可以找到沒看過的狗糧系小說，
可以接受小刀，但一定要無黃毛無牛頭人，
但背景自帶沈重的例如「戀愛光譜」「刮鬍」這一類的也不喜歡，
黨爭就...看情況吧但其實我也一般般",狗糧,False,妹妹,0.6393790834693704,0.2557516333877482
q1,"現在對於小說的要求越來越高了，
而且慢慢的發現現在除了狗糧基本上都看不進去，
連以很喜歡的異世界主題都看不進去了，
好想念從前那個什麼都可以看得很快樂的自己

說回主題，希望可以找到沒看過的狗糧系小說，
可以接受小刀，但一定要無黃毛無牛頭人，
但背景自帶沈重的例如「戀愛光譜」「刮鬍」這一類的也不喜歡，
黨爭就...看情況吧但其實我也一般般",狗糧,False,龍傲天,0.641128430571483,0.2564513722285932
q1,"現在對於小說的要求越來越高了，
而且慢慢的發現現在除了狗糧基本上都看不進去，
連以很喜歡的異世界主題都看不進去了，
好想念從前那個什麼都可以看得很快樂的自己

說回主題，希望可以找到沒看過的狗糧系小說，
可以接受小刀，但一定要無黃毛無牛頭人，
但背景自帶沈重的例如「戀愛光譜」「刮鬍」這一類的也不喜歡，
黨爭就...看情況吧但其實我也一般般",狗糧,False,職場,0.6440084523896052,0.2576033809558421
q1,"現在對於小說的要求越來越高了，
而且慢慢的發現現在除了狗糧基本上都看不進去，
連以很喜歡的異世界主題都看不進去了，
好想念從前那個什麼都可以看得很快樂的自己

說回主題，希望可以找到沒看過的狗糧系小說，
可以接受小刀，但一定要無黃毛無牛頭人，
但背景自帶沈重的例如「戀愛光譜」「刮鬍」這一類的也不喜歡，
黨爭就...看情況吧但其實我也一般般",狗糧,False,推理,0.6497402108977389,0.25989608435909556
q1,"現在對於小說的要求越來越高了，
而且慢慢的發現現在除了狗糧基本上都看不進去，
連以很喜歡的異世界主題都看不進去了，
好想念從前那個什麼都可以看得很快樂的自己

說回主題，希望可以找到沒看過的狗糧系小說，
可以接受小刀，但一定要無黃毛無牛頭人，
但背景自帶沈重的例如「戀愛光譜」「刮鬍」這一類的也不喜歡，
黨爭就...看情況吧但其實我也一般般",狗糧,False,JC,0.6595147666586668,0.26380590666346676
q1,"現在對於小說的要求越來越高了，
而且慢慢的發現現在除了狗糧基本上都看不進去，
連以很喜歡的異世界主題都看不進去了，
好想念從前那個什麼都可以看得很快樂的自己

說回主題，希望可以找到沒看過的狗糧系小說，
可以接受小刀，但一定要無黃毛無牛頭人，
但背景自帶沈重的例如「戀愛光譜」「刮鬍」這一類的也不喜歡，
黨爭就...看情況吧但其實我也一般般",狗糧,False,宅文化,0.6490302314484812,0.2596120925793925
q1,"現在對於小說的要求越來越高了，
而且慢慢的發現現在除了狗糧基本上都看不進去，
連以很喜歡的異世界主題都看不進去了，
好想念從前那個什麼都可以看得很快樂的自己

說回主題，希望可以找到沒看過的狗糧系小說，
可以接受小刀，但一定要無黃毛無牛頭人，
但背景自帶沈重的例如「戀愛光譜」「刮鬍」這一類的也不喜歡，
黨爭就...看情況吧但其實我也一般般",狗糧,False,校園,0.6537343086764634,0.26149372347058536
q1,"現在對於小說的要求越來越高了，
而且慢慢的發現現在除了狗糧基本上都看不進去，
連以很喜歡的異世界主題都看不進去了，
好想念從前那個什麼都可以看得很快樂的自己

說回主題，希望可以找到沒看過的狗糧系小說，
可以接受小刀，但一定要無黃毛無牛頭人，
但背景自帶沈重的例如「戀愛光譜」「刮鬍」這一類的也不喜歡，
黨爭就...看情況吧但其實我也一般般",狗糧,False,同人,0.6679186299656772,0.2671674519862709
q1,"現在對於小說的要求越來越高了，
而且慢慢的發現現在除了狗糧基本上都看不進去，
連以很喜歡的異世界主題都看不進去了，
好想念從前那個什麼都可以看得很快樂的自己

說回主題，希望可以找到沒看過的狗糧系小說，
可以接受小刀，但一定要無黃毛無牛頭人，
但背景自帶沈重的例如「戀愛光譜」「刮鬍」這一類的也不喜歡，
黨爭就...看情況吧但其實我也一般般",狗糧,False,偽娘,0.6319147936323544,0.25276591745294175
q1,"現在對於小說的要求越來越高了，
而且慢慢的發現現在除了狗糧基本上都看不進去，
連以很喜歡的異世界主題都看不進去了，
好想念從前那個什麼都可以看得很快樂的自己

說回主題，希望可以找到沒看過的狗糧系小說，
可以接受小刀，但一定要無黃毛無牛頭人，
但背景自帶沈重的例如「戀愛光譜」「刮鬍」這一類的也不喜歡，
黨爭就...看情況吧但其實我也一般般",狗糧,False,NTR,0.6629455740076852,0.2651782296030741
q1,"現在對於小說的要求越來越高了，
而且慢慢的發現現在除了狗糧基本上都看不進去，
連以很喜歡的異世界主題都看不進去了，
好想念從前那個什麼都可以看得很快樂的自己

說回主題，希望可以找到沒看過的狗糧系小說，
可以接受小刀，但一定要無黃毛無牛頭人，
但背景自帶沈重的例如「戀愛光譜」「刮鬍」這一類的也不喜歡，
黨爭就...看情況吧但其實我也一般般",狗糧,False,異能,0.6388692438602283,0.2555476975440913
q1,"現在對於小說的要求越來越高了，
而且慢慢的發現現在除了狗糧基本上都看不進去，
連以很喜歡的異世界主題都看不進去了，
好想念從前那個什麼都可以看得很快樂的自己

說回主題，希望可以找到沒看過的狗糧系小說，
可以接受小刀，但一定要無黃毛無牛頭人，
但背景自帶沈重的例如「戀愛光譜」「刮鬍」這一類的也不喜歡，
黨爭就...看情況吧但其實我也一般般",狗糧,False,病嬌,0.6653996488986669,0.26615985955946675
q1,"現在對於小說的要求越來越高了，
而且慢慢的發現現在除了狗糧基本上都看不進去，
連以很喜歡的異世界主題都看不進去了，
好想念從前那個什麼都可以看得很快樂的自己

說回主題，希望可以找到沒看過的狗糧系小說，
可以接受小刀，但一定要無黃毛無牛頭人，
但背景自帶沈重的例如「戀愛光譜」「刮鬍」這一類的也不喜歡，
黨爭就...看情況吧但其實我也一般般",狗糧,False,音樂,0.6419624605079278,0.25678498420317114
q1,"現在對於小說的要求越來越高了，
而且慢慢的發現現在除了狗糧基本上都看不進去，
連以很喜歡的異世界主題都看不進去了，
好想念從前那個什麼都可以看得很快樂的自己

說回主題，希望可以找到沒看過的狗糧系小說，
可以接受小刀，但一定要無黃毛無牛頭人，
但背景自帶沈重的例如「戀愛光譜」「刮鬍」這一類的也不喜歡，
黨爭就...看情況吧但其實我也一般般",狗糧,False,戰爭,0.6272200190859746,0.25088800763438984
q1,"現在對於小說的要求越來越高了，
而且慢慢的發現現在除了狗糧基本上都看不進去，
連以很喜歡的異世界主題都看不進去了，
好想念從前那個什麼都可以看得很快樂的自己

說回主題，希望可以找到沒看過的狗糧系小說，
可以接受小刀，但一定要無黃毛無牛頭人，
但背景自帶沈重的例如「戀愛光譜」「刮鬍」這一類的也不喜歡，
黨爭就...看情況吧但其實我也一般般",狗糧,False,熱血,0.6473937363169562,0.25895749452678246
q1,"現在對於小說的要求越來越高了，
而且慢慢的發現現在除了狗糧基本上都看不進去，
連以很喜歡的異世界主題都看不進去了，
好想念從前那個什麼都可以看得很快樂的自己

說回主題，希望可以找到沒看過的狗糧系小說，
可以接受小刀，但一定要無黃毛無牛頭人，
但背景自帶沈重的例如「戀愛光譜」「刮鬍」這一類的也不喜歡，
黨爭就...看情況吧但其實我也一般般",狗糧,False,間諜,0.6115944695786648,0.24463778783146595
q1,"現在對於小說的要求越來越高了，
而且慢慢的發現現在除了狗糧基本上都看不進去，
連以很喜歡的異世界主題都看不進去了，
好想念從前那個什麼都可以看得很快樂的自己

說回主題，希望可以找到沒看過的狗糧系小說，
可以接受小刀，但一定要無黃毛無牛頭人，
但背景自帶沈重的例如「戀愛光譜」「刮鬍」這一類的也不喜歡，
黨爭就...看情況吧但其實我也一般般",狗糧,False,冒險,0.6334519730312256,0.25338078921249024
q1,"現在對於小說的要求越來越高了，
而且慢慢的發現現在除了狗糧基本上都看不進去，
連以很喜歡的異世界主題都看不進去了，
好想念從前那個什麼都可以看得很快樂的自己

說回主題，希望可以找到沒看過的狗糧系小說，
可以接受小刀，但一定要無黃毛無牛頭人，
但背景自帶沈重的例如「戀愛光譜」「刮鬍」這一類的也不喜歡，
黨爭就...看情況吧但其實我也一般般",狗糧,False,大小姐,0.6385841329457186,0.2554336531782874
q1,"現在對於小說的要求越來越高了，
而且慢慢的發現現在除了狗糧基本上都看不進去，
連以很喜歡的異世界主題都看不進去了，
好想念從前那個什麼都可以看得很快樂的自己

說回主題，希望可以找到沒看過的狗糧系小說，
可以接受小刀，但一定要無黃毛無牛頭人，
但背景自帶沈重的例如「戀愛光譜」「刮鬍」這一類的也不喜歡，
黨爭就...看情況吧但其實我也一般般",狗糧,False,女兒,0.6356441599383538,0.2542576639753415
q1,"現在對於小說的要求越來越高了，
而且慢慢的發現現在除了狗糧基本上都看不進去，
連以很喜歡的異世界主題都看不進去了，
好想念從前那個什麼都可以看得很快樂的自己

說回主題，希望可以找到沒看過的狗糧系小說，
可以接受小刀，但一定要無黃毛無牛頭人，
但背景自帶沈重的例如「戀愛光譜」「刮鬍」這一類的也不喜歡，
黨爭就...看情況吧但其實我也一般般",狗糧,False,人外,0.674108476611797,0.2696433906447188
q1,"現在對於小說的要求越來越高了，
而且慢慢的發現現在除了狗糧基本上都看不進去，
連以很喜歡的異世界主題都看不進去了，
好想念從前那個什麼都可以看得很快樂的自己

說回主題，希望可以找到沒看過的狗糧系小說，
可以接受小刀，但一定要無黃毛無牛頭人，
但背景自帶沈重的例如「戀愛光譜」「刮鬍」這一類的也不喜歡，
黨爭就...看情況吧但其實我也一般般",狗糧,False,美食,0.6631967551620431,0.26527870206481724
q1,"現在對於小說的要求越來越高了，
而且慢慢的發現現在除了狗糧基本上都看不進去，
連以很喜歡的異世界主題都看不進去了，
好想念從前那個什麼都可以看得很快樂的自己

說回主題，希望可以找到沒看過的狗糧系小說，
可以接受小刀，但一定要無黃毛無牛頭人，
但背景自帶沈重的例如「戀愛光譜」「刮鬍」這一類的也不喜歡，
黨爭就...看情況吧但其實我也一般般",狗糧,False,異世界,0.6440693119917011,0.25762772479668045
q1,"現在對於小說的要求越來越高了，
而且慢慢的發現現在除了狗糧基本上都看不進去，
連以很喜歡的異世界主題都看不進去了，
好想念從前那個什麼都可以看得很快樂的自己

說回主題，希望可以找到沒看過的狗糧系小說，
可以接受小刀，但一定要無黃毛無牛頭人，
但背景自帶沈重的例如「戀愛光譜」「刮鬍」這一類的也不喜歡，
黨爭就...看情況吧但其實我也一般般",狗糧,False,懸疑,0.6430159560958406,0.25720638243833627
q1,"現在對於小說的要求越來越高了，
而且慢慢的發現現在除了狗糧基本上都看不進去，
連以很喜歡的異世界主題都看不進去了，
好想念從前那個什麼都可以看得很快樂的自己

說回主題，希望可以找到沒看過的狗糧系小說，
可以接受小刀，但一定要無黃毛無牛頭人，
但背景自帶沈重的例如「戀愛光譜」「刮鬍」這一類的也不喜歡，
黨爭就...看情況吧但其實我也一般般",甜文,False,戀愛,0.6863961553582623,0.2745584621433049
q1,"現在對於小說的要求越來越高了，
而且慢慢的發現現在除了狗糧基本上都看不進去，
連以很喜歡的異世界主題都看不進去了，
好想念從前那個什麼都可以看得很快樂的自己

說回主題，希望可以找到沒看過的狗糧系小說，
可以接受小刀，但一定要無黃毛無牛頭人，
但背景自帶沈重的例如「戀愛光譜」「刮鬍」這一類的也不喜歡，
黨爭就...看情況吧但其實我也一般般",甜文,False,犯罪,0.6174032697931497,0.2469613079172599
q1,"現在對於小說的要求越來越高了，
而且慢慢的發現現在除了狗糧基本上都看不進去，
連以很喜歡的異世界主題都看不進去了，
好想念從前那個什麼都可以看得很快樂的自己

說回主題，希望可以找到沒看過的狗糧系小說，
可以接受小刀，但一定要無黃毛無牛頭人，
但背景自帶沈重的例如「戀愛光譜」「刮鬍」這一類的也不喜歡，
黨爭就...看情況吧但其實我也一般般",甜文,False,鬥智,0.6226535571103825,0.249061422844153
q1,"現在對於小說的要求越來越高了，
而且慢慢的發現現在除了狗糧基本上都看不進去，
連以很喜歡的異世界主題都看不進去了，
好想念從前那個什麼都可以看得很快樂的自己

說回主題，希望可以找到沒看過的狗糧系小說，
可以接受小刀，但一定要無黃毛無牛頭人，
但背景自帶沈重的例如「戀愛光譜」「刮鬍」這一類的也不喜歡，
黨爭就...看情況吧但其實我也一般般",甜文,False,科幻,0.6447466681143428,0.2578986672457371
q1,"現在對於小說的要求越來越高了，
而且慢慢的發現現在除了狗糧基本上都看不進去，
連以很喜歡的異世界主題都看不進去了，
好想念從前那個什麼都可以看得很快樂的自己

說回主題，希望可以找到沒看過的狗糧系小說，
可以接受小刀，但一定要無黃毛無牛頭人，
但背景自帶沈重的例如「戀愛光譜」「刮鬍」這一類的也不喜歡，
黨爭就...看情況吧但其實我也一般般",甜文,False,百合,0.67166429308579,0.26866571723431604
q1,"現在對於小說的要求越來越高了，
而且慢慢的發現現在除了狗糧基本上都看不進去，
連以很喜歡的異世界主題都看不進去了，
好想念從前那個什麼都可以看得很快樂的自己

說回主題，希望可以找到沒看過的狗糧系小說，
可以接受小刀，但一定要無黃毛無牛頭人，
但背景自帶沈重的例如「戀愛光譜」「刮鬍」這一類的也不喜歡，
黨爭就...看情況吧但其實我也一般般",甜文,False,轉生,0.6462885240309583,0.25851540961238334
q1,"現在對於小說的要求越來越高了，
而且慢慢的發現現在除了狗糧基本上都看不進去，
連以很喜歡的異世界主題都看不進去了，
好想念從前那個什麼都可以看得很快樂的自己

說回主題，希望可以找到沒看過的狗糧系小說，
可以接受小刀，但一定要無黃毛無牛頭人，
但背景自帶沈重的例如「戀愛光譜」「刮鬍」這一類的也不喜歡，
黨爭就...看情況吧但其實我也一般般",甜文,False,治癒,0.6827721008101364,0.2731088403240546
q1,"現在對於小說的要求越來越高了，
而且慢慢的發現現在除了狗糧基本上都看不進去，
連以很喜歡的異世界主題都看不進去了，
好想念從前那個什麼都可以看得很快樂的自己

說回主題，希望可以找到沒看過的狗糧系小說，
可以接受小刀，但一定要無黃毛無牛頭人，
但背景自帶沈重的例如「戀愛光譜」「刮鬍」這一類的也不喜歡，
黨爭就...看情況吧但其實我也一般般",甜文,False,青梅竹馬,0.6596855064077298,0.26387420256309196
q1,"現在對於小說的要求越來越高了，
而且慢慢的發現現在除了狗糧基本上都看不進去，
連以很喜歡的異世界主題都看不進去了，
好想念從前那個什麼都可以看得很快樂的自己

說回主題，希望可以找到沒看過的狗糧系小說，
可以接受小刀，但一定要無黃毛無牛頭人，
但背景自帶沈重的例如「戀愛光譜」「刮鬍」這一類的也不喜歡，
黨爭就...看情況吧但其實我也一般般",甜文,False,女性視角,0.6585145003339242,0.2634058001335697
q1,"現在對於小說的要求越來越高了，
而且慢慢的發現現在除了狗糧基本上都看不進去，
連以很喜歡的異世界主題都看不進去了，
好想念從前那個什麼都可以看得很快樂的自己

說回主題，希望可以找到沒看過的狗糧系小說，
可以接受小刀，但一定要無黃毛無牛頭人，
但背景自帶沈重的例如「戀愛光譜」「刮鬍」這一類的也不喜歡，
黨爭就...看情況吧但其實我也一般般",甜文,False,性轉,0.6420627305337093,0.25682509221348376
q1,"現在對於小說的要求越來越高了，
而且慢慢的發現現在除了狗糧基本上都看不進去，
連以很喜歡的異世界主題都看不進去了，
好想念從前那個什麼都可以看得很快樂的自己

說回主題，希望可以找到沒看過的狗糧系小說，
可以接受小刀，但一定要無黃毛無牛頭人，
但背景自帶沈重的例如「戀愛光譜」「刮鬍」這一類的也不喜歡，
黨爭就...看情況吧但其實我也一般般",甜文,False,溫馨,0.713531056327708,0.2854124225310832
q1,"現在對於小說的要求越來越高了，
而且慢慢的發現現在除了狗糧基本上都看不進去，
連以很喜歡的異世界主題都看不進去了，
好想念從前那個什麼都可以看得很快樂的自己

說回主題，希望可以找到沒看過的狗糧系小說，
可以接受小刀，但一定要無黃毛無牛頭人，
但背景自帶沈重的例如「戀愛光譜」「刮鬍」這一類的也不喜歡，
黨爭就...看情況吧但其實我也一般般",甜文,False,經營,0.6381721993042689,0.2552688797217076
q1,"現在對於小說的要求越來越高了，
而且慢慢的發現現在除了狗糧基本上都看不進去，
連以很喜歡的異世界主題都看不進去了，
好想念從前那個什麼都可以看得很快樂的自己

說回主題，希望可以找到沒看過的狗糧系小說，
可以接受小刀，但一定要無黃毛無牛頭人，
但背景自帶沈重的例如「戀愛光譜」「刮鬍」這一類的也不喜歡，
黨爭就...看情況吧但其實我也一般般",甜文,False,獵奇,0.645981170442059,0.25839246817682365
q1,"現在對於小說的要求越來越高了，
而且慢慢的發現現在除了狗糧基本上都看不進去，
連以很喜歡的異世界主題都看不進去了，
好想念從前那個什麼都可以看得很快樂的自己

說回主題，希望可以找到沒看過的狗糧系小說，
可以接受小刀，但一定要無黃毛無牛頭人，
但背景自帶沈重的例如「戀愛光譜」「刮鬍」這一類的也不喜歡，
黨爭就...看情況吧但其實我也一般般",甜文,False,黑暗,0.6186157260348532,0.24744629041394128
q1,"現在對於小說的要求越來越高了，
而且慢慢的發現現在除了狗糧基本上都看不進去，
連以很喜歡的異世界主題都看不進去了，
好想念從前那個什麼都可以看得很快樂的自己

說回主題，希望可以找到沒看過的狗糧系小說，
可以接受小刀，但一定要無黃毛無牛頭人，
但背景自帶沈重的例如「戀愛光譜」「刮鬍」這一類的也不喜歡，
黨爭就...看情況吧但其實我也一般般",甜文,False,末日,0.6166925582031197,0.2466770232812479
q1,"現在對於小說的要求越來越高了，
而且慢慢的發現現在除了狗糧基本上都看不進去，
連以很喜歡的異世界主題都看不進去了，
好想念從前那個什麼都可以看得很快樂的自己

說回主題，希望可以找到沒看過的狗糧系小說，
可以接受小刀，但一定要無黃毛無牛頭人，
但背景自帶沈重的例如「戀愛光譜」「刮鬍」這一類的也不喜歡，
黨爭就...看情況吧但其實我也一般般",甜文,False,遊戲,0.6143465948862717,0.2457386379545087
q1,"現在對於小說的要求越來越高了，
而且慢慢的發現現在除了狗糧基本上都看不進去，
連以很喜歡的異世界主題都看不進去了，
好想念從前那個什麼都可以看得很快樂的自己

說回主題，希望可以找到沒看過的狗糧系小說，
可以接受小刀，但一定要無黃毛無牛頭人，
但背景自帶沈重的例如「戀愛光譜」「刮鬍」這一類的也不喜歡，
黨爭就...看情況吧但其實我也一般般",甜文,False,戰鬥,0.6161124650810851,0.24644498603243403
q1,"現在對於小說的要求越來越高了，
而且慢慢的發現現在除了狗糧基本上都看不進去，
連以很喜歡的異世界主題都看不進去了，
好想念從前那個什麼都可以看得很快樂的自己

說回主題，希望可以找到沒看過的狗糧系小說，
可以接受小刀，但一定要無黃毛無牛頭人，
但背景自帶沈重的例如「戀愛光譜」「刮鬍」這一類的也不喜歡，
黨爭就...看情況吧但其實我也一般般",甜文,False,青春,0.6431610266347324,0.257264410653893
q1,"現在對於小說的要求越來越高了，
而且慢慢的發現現在除了狗糧基本上都看不進去，
連以很喜歡的異世界主題都看不進去了，
好想念從前那個什麼都可以看得很快樂的自己

說回主題，希望可以找到沒看過的狗糧系小說，
可以接受小刀，但一定要無黃毛無牛頭人，
但背景自帶沈重的例如「戀愛光譜」「刮鬍」這一類的也不喜歡，
黨爭就...看情況吧但其實我也一般般",甜文,False,群像,0.6429888850158556,0.25719555400634225
q1,"現在對於小說的要求越來越高了，
而且慢慢的發現現在除了狗糧基本上都看不進去，
連以很喜歡的異世界主題都看不進去了，
好想念從前那個什麼都可以看得很快樂的自己

說回主題，希望可以找到沒看過的狗糧系小說，
可以接受小刀，但一定要無黃毛無牛頭人，
但背景自帶沈重的例如「戀愛光譜」「刮鬍」這一類的也不喜歡，
黨爭就...看情況吧但其實我也一般般",甜文,False,歡樂向,0.7083805925543861,0.28335223702175444
q1,"現在對於小說的要求越來越高了，
而且慢慢的發現現在除了狗糧基本上都看不進去，
連以很喜歡的異世界主題都看不進去了，
好想念從前那個什麼都可以看得很快樂的自己

說回主題，希望可以找到沒看過的狗糧系小說，
可以接受小刀，但一定要無黃毛無牛頭人，
但背景自帶沈重的例如「戀愛光譜」「刮鬍」這一類的也不喜歡，
黨爭就...看情況吧但其實我也一般般",甜文,False,旅行,0.6344274450769588,0.2537709780307835
q1,"現在對於小說的要求越來越高了，
而且慢慢的發現現在除了狗糧基本上都看不進去，
連以很喜歡的異世界主題都看不進去了，
好想念從前那個什麼都可以看得很快樂的自己

說回主題，希望可以找到沒看過的狗糧系小說，
可以接受小刀，但一定要無黃毛無牛頭人，
但背景自帶沈重的例如「戀愛光譜」「刮鬍」這一類的也不喜歡，
黨爭就...看情況吧但其實我也一般般",甜文,False,惡役,0.627735576751631,0.25109423070065245
q1,"現在對於小說的要求越來越高了，
而且慢慢的發現現在除了狗糧基本上都看不進去，
連以很喜歡的異世界主題都看不進去了，
好想念從前那個什麼都可以看得很快樂的自己

說回主題，希望可以找到沒看過的狗糧系小說，
可以接受小刀，但一定要無黃毛無牛頭人，
但背景自帶沈重的例如「戀愛光譜」「刮鬍」這一類的也不喜歡，
黨爭就...看情況吧但其實我也一般般",甜文,False,蘿莉,0.6565544721657159,0.2626217888662864
q1,"現在對於小說的要求越來越高了，
而且慢慢的發現現在除了狗糧基本上都看不進去，
連以很喜歡的異世界主題都看不進去了，
好想念從前那個什麼都可以看得很快樂的自己

說回主題，希望可以找到沒看過的狗糧系小說，
可以接受小刀，但一定要無黃毛無牛頭人，
但背景自帶沈重的例如「戀愛光譜」「刮鬍」這一類的也不喜歡，
黨爭就...看情況吧但其實我也一般般",甜文,False,機戰,0.6326237067420056,0.2530494826968023
q1,"現在對於小說的要求越來越高了，
而且慢慢的發現現在除了狗糧基本上都看不進去，
連以很喜歡的異世界主題都看不進去了，
好想念從前那個什麼都可以看得很快樂的自己

說回主題，希望可以找到沒看過的狗糧系小說，
可以接受小刀，但一定要無黃毛無牛頭人，
但背景自帶沈重的例如「戀愛光譜」「刮鬍」這一類的也不喜歡，
黨爭就...看情況吧但其實我也一般般",甜文,False,奇幻,0.6585029956196453,0.2634011982478581
q1,"現在對於小說的要求越來越高了，
而且慢慢的發現現在除了狗糧基本上都看不進去，
連以很喜歡的異世界主題都看不進去了，
好想念從前那個什麼都可以看得很快樂的自己

說回主題，希望可以找到沒看過的狗糧系小說，
可以接受小刀，但一定要無黃毛無牛頭人，
但背景自帶沈重的例如「戀愛光譜」「刮鬍」這一類的也不喜歡，
黨爭就...看情況吧但其實我也一般般",甜文,False,JK,0.6647422450555319,0.2658968980222128
q1,"現在對於小說的要求越來越高了，
而且慢慢的發現現在除了狗糧基本上都看不進去，
連以很喜歡的異世界主題都看不進去了，
好想念從前那個什麼都可以看得很快樂的自己

說回主題，希望可以找到沒看過的狗糧系小說，
可以接受小刀，但一定要無黃毛無牛頭人，
但背景自帶沈重的例如「戀愛光譜」「刮鬍」這一類的也不喜歡，
黨爭就...看情況吧但其實我也一般般",甜文,False,後宮,0.6564607523534407,0.2625843009413763
q1,"現在對於小說的要求越來越高了，
而且慢慢的發現現在除了狗糧基本上都看不進去，
連以很喜歡的異世界主題都看不進去了，
好想念從前那個什麼都可以看得很快樂的自己

說回主題，希望可以找到沒看過的狗糧系小說，
可以接受小刀，但一定要無黃毛無牛頭人，
但背景自帶沈重的例如「戀愛光譜」「刮鬍」這一類的也不喜歡，
黨爭就...看情況吧但其實我也一般般",甜文,False,耽美,0.6998854757075206,0.2799541902830082
q1,"現在對於小說的要求越來越高了，
而且慢慢的發現現在除了狗糧基本上都看不進去，
連以很喜歡的異世界主題都看不進去了，
好想念從前那個什麼都可以看得很快樂的自己

說回主題，希望可以找到沒看過的狗糧系小說，
可以接受小刀，但一定要無黃毛無牛頭人，
但背景自帶沈重的例如「戀愛光譜」「刮鬍」這一類的也不喜歡，
黨爭就...看情況吧但其實我也一般般",甜文,False,妹妹,0.6430244923815797,0.25720979695263185
q1,"現在對於小說的要求越來越高了，
而且慢慢的發現現在除了狗糧基本上都看不進去，
連以很喜歡的異世界主題都看不進去了，
好想念從前那個什麼都可以看得很快樂的自己

說回主題，希望可以找到沒看過的狗糧系小說，
可以接受小刀，但一定要無黃毛無牛頭人，
但背景自帶沈重的例如「戀愛光譜」「刮鬍」這一類的也不喜歡，
黨爭就...看情況吧但其實我也一般般",甜文,False,龍傲天,0.6327892568634106,0.25311570274536427
q1,"現在對於小說的要求越來越高了，
而且慢慢的發現現在除了狗糧基本上都看不進去，
連以很喜歡的異世界主題都看不進去了，
好想念從前那個什麼都可以看得很快樂的自己

說回主題，希望可以找到沒看過的狗糧系小說，
可以接受小刀，但一定要無黃毛無牛頭人，
但背景自帶沈重的例如「戀愛光譜」「刮鬍」這一類的也不喜歡，
黨爭就...看情況吧但其實我也一般般",甜文,False,職場,0.6390988549554883,0.25563954198219535
q1,"現在對於小說的要求越來越高了，
而且慢慢的發現現在除了狗糧基本上都看不進去，
連以很喜歡的異世界主題都看不進去了，
好想念從前那個什麼都可以看得很快樂的自己

說回主題，希望可以找到沒看過的狗糧系小說，
可以接受小刀，但一定要無黃毛無牛頭人，
但背景自帶沈重的例如「戀愛光譜」「刮鬍」這一類的也不喜歡，
黨爭就...看情況吧但其實我也一般般",甜文,False,推理,0.644153978995829,0.25766159159833163
q1,"現在對於小說的要求越來越高了，
而且慢慢的發現現在除了狗糧基本上都看不進去，
連以很喜歡的異世界主題都看不進去了，
好想念從前那個什麼都可以看得很快樂的自己

說回主題，希望可以找到沒看過的狗糧系小說，
可以接受小刀，但一定要無黃毛無牛頭人，
但背景自帶沈重的例如「戀愛光譜」「刮鬍」這一類的也不喜歡，
黨爭就...看情況吧但其實我也一般般",甜文,False,JC,0.6515465545047123,0.26061862180188494
q1,"現在對於小說的要求越來越高了，
而且慢慢的發現現在除了狗糧基本上都看不進去，
連以很喜歡的異世界主題都看不進去了，
好想念從前那個什麼都可以看得很快樂的自己

說回主題，希望可以找到沒看過的狗糧系小說，
可以接受小刀，但一定要無黃毛無牛頭人，
但背景自帶沈重的例如「戀愛光譜」「刮鬍」這一類的也不喜歡，
黨爭就...看情況吧但其實我也一般般",甜文,False,宅文化,0.6337982672805812,0.2535193069122325
q1,"現在對於小說的要求越來越高了，
而且慢慢的發現現在除了狗糧基本上都看不進去，
連以很喜歡的異世界主題都看不進去了，
好想念從前那個什麼都可以看得很快樂的自己

說回主題，希望可以找到沒看過的狗糧系小說，
可以接受小刀，但一定要無黃毛無牛頭人，
但背景自帶沈重的例如「戀愛光譜」「刮鬍」這一類的也不喜歡，
黨爭就...看情況吧但其實我也一般般",甜文,False,校園,0.6442070352943922,0.2576828141177569
q1,"現在對於小說的要求越來越高了，
而且慢慢的發現現在除了狗糧基本上都看不進去，
連以很喜歡的異世界主題都看不進去了，
好想念從前那個什麼都可以看得很快樂的自己

說回主題，希望可以找到沒看過的狗糧系小說，
可以接受小刀，但一定要無黃毛無牛頭人，
但背景自帶沈重的例如「戀愛光譜」「刮鬍」這一類的也不喜歡，
黨爭就...看情況吧但其實我也一般般",甜文,False,同人,0.6595494810578226,0.2638197924231291
q1,"現在對於小說的要求越來越高了，
而且慢慢的發現現在除了狗糧基本上都看不進去，
連以很喜歡的異世界主題都看不進去了，
好想念從前那個什麼都可以看得很快樂的自己

說回主題，希望可以找到沒看過的狗糧系小說，
可以接受小刀，但一定要無黃毛無牛頭人，
但背景自帶沈重的例如「戀愛光譜」「刮鬍」這一類的也不喜歡，
黨爭就...看情況吧但其實我也一般般",甜文,False,偽娘,0.6367010223938536,0.25468040895754146
q1,"現在對於小說的要求越來越高了，
而且慢慢的發現現在除了狗糧基本上都看不進去，
連以很喜歡的異世界主題都看不進去了，
好想念從前那個什麼都可以看得很快樂的自己

說回主題，希望可以找到沒看過的狗糧系小說，
可以接受小刀，但一定要無黃毛無牛頭人，
但背景自帶沈重的例如「戀愛光譜」「刮鬍」這一類的也不喜歡，
黨爭就...看情況吧但其實我也一般般",甜文,False,NTR,0.6515901239972265,0.2606360495988906
q1,"現在對於小說的要求越來越高了，
而且慢慢的發現現在除了狗糧基本上都看不進去，
連以很喜歡的異世界主題都看不進去了，
好想念從前那個什麼都可以看得很快樂的自己

說回主題，希望可以找到沒看過的狗糧系小說，
可以接受小刀，但一定要無黃毛無牛頭人，
但背景自帶沈重的例如「戀愛光譜」「刮鬍」這一類的也不喜歡，
黨爭就...看情況吧但其實我也一般般",甜文,False,異能,0.6348111504655116,0.2539244601862047
q1,"現在對於小說的要求越來越高了，
而且慢慢的發現現在除了狗糧基本上都看不進去，
連以很喜歡的異世界主題都看不進去了，
好想念從前那個什麼都可以看得很快樂的自己

說回主題，希望可以找到沒看過的狗糧系小說，
可以接受小刀，但一定要無黃毛無牛頭人，
但背景自帶沈重的例如「戀愛光譜」「刮鬍」這一類的也不喜歡，
黨爭就...看情況吧但其實我也一般般",甜文,False,病嬌,0.650293867932808,0.2601175471731232
q1,"現在對於小說的要求越來越高了，
而且慢慢的發現現在除了狗糧基本上都看不進去，
連以很喜歡的異世界主題都看不進去了，
好想念從前那個什麼都可以看得很快樂的自己

說回主題，希望可以找到沒看過的狗糧系小說，
可以接受小刀，但一定要無黃毛無牛頭人，
但背景自帶沈重的例如「戀愛光譜」「刮鬍」這一類的也不喜歡，
黨爭就...看情況吧但其實我也一般般",甜文,False,音樂,0.6368688191237916,0.25474752764951664
q1,"現在對於小說的要求越來越高了，
而且慢慢的發現現在除了狗糧基本上都看不進去，
連以很喜歡的異世界主題都看不進去了，
好想念從前那個什麼都可以看得很快樂的自己

說回主題，希望可以找到沒看過的狗糧系小說，
可以接受小刀，但一定要無黃毛無牛頭人，
但背景自帶沈重的例如「戀愛光譜」「刮鬍」這一類的也不喜歡，
黨爭就...看情況吧但其實我也一般般",甜文,False,戰爭,0.6149508141490182,0.24598032565960729
q1,"現在對於小說的要求越來越高了，
而且慢慢的發現現在除了狗糧基本上都看不進去，
連以很喜歡的異世界主題都看不進去了，
好想念從前那個什麼都可以看得很快樂的自己

說回主題，希望可以找到沒看過的狗糧系小說，
可以接受小刀，但一定要無黃毛無牛頭人，
但背景自帶沈重的例如「戀愛光譜」「刮鬍」這一類的也不喜歡，
黨爭就...看情況吧但其實我也一般般",甜文,False,熱血,0.6325982405378976,0.253039296215159
q1,"現在對於小說的要求越來越高了，
而且慢慢的發現現在除了狗糧基本上都看不進去，
連以很喜歡的異世界主題都看不進去了，
好想念從前那個什麼都可以看得很快樂的自己

說回主題，希望可以找到沒看過的狗糧系小說，
可以接受小刀，但一定要無黃毛無牛頭人，
但背景自帶沈重的例如「戀愛光譜」「刮鬍」這一類的也不喜歡，
黨爭就...看情況吧但其實我也一般般",甜文,False,冒險,0.6307050173782232,0.2522820069512893
q1,"現在對於小說的要求越來越高了，
而且慢慢的發現現在除了狗糧基本上都看不進去，
連以很喜歡的異世界主題都看不進去了，
好想念從前那個什麼都可以看得很快樂的自己

說回主題，希望可以找到沒看過的狗糧系小說，
可以接受小刀，但一定要無黃毛無牛頭人，
但背景自帶沈重的例如「戀愛光譜」「刮鬍」這一類的也不喜歡，
黨爭就...看情況吧但其實我也一般般",甜文,False,大小姐,0.6339074813141845,0.2535629925256738
q1,"現在對於小說的要求越來越高了，
而且慢慢的發現現在除了狗糧基本上都看不進去，
連以很喜歡的異世界主題都看不進去了，
好想念從前那個什麼都可以看得很快樂的自己

說回主題，希望可以找到沒看過的狗糧系小說，
可以接受小刀，但一定要無黃毛無牛頭人，
但背景自帶沈重的例如「戀愛光譜」「刮鬍」這一類的也不喜歡，
黨爭就...看情況吧但其實我也一般般",甜文,False,女兒,0.6325249147269352,0.25300996589077407
q1,"現在對於小說的要求越來越高了，
而且慢慢的發現現在除了狗糧基本上都看不進去，
連以很喜歡的異世界主題都看不進去了，
好想念從前那個什麼都可以看得很快樂的自己

說回主題，希望可以找到沒看過的狗糧系小說，
可以接受小刀，但一定要無黃毛無牛頭人，
但背景自帶沈重的例如「戀愛光譜」「刮鬍」這一類的也不喜歡，
黨爭就...看情況吧但其實我也一般般",甜文,False,人外,0.6597169327529007,0.26388677310116027
q1,"現在對於小說的要求越來越高了，
而且慢慢的發現現在除了狗糧基本上都看不進去，
連以很喜歡的異世界主題都看不進去了，
好想念從前那個什麼都可以看得很快樂的自己

說回主題，希望可以找到沒看過的狗糧系小說，
可以接受小刀，但一定要無黃毛無牛頭人，
但背景自帶沈重的例如「戀愛光譜」「刮鬍」這一類的也不喜歡，
黨爭就...看情況吧但其實我也一般般",甜文,False,美食,0.6465653460328081,0.25862613841312326
q1,"現在對於小說的要求越來越高了，
而且慢慢的發現現在除了狗糧基本上都看不進去，
連以很喜歡的異世界主題都看不進去了，
好想念從前那個什麼都可以看得很快樂的自己

說回主題，希望可以找到沒看過的狗糧系小說，
可以接受小刀，但一定要無黃毛無牛頭人，
但背景自帶沈重的例如「戀愛光譜」「刮鬍」這一類的也不喜歡，
黨爭就...看情況吧但其實我也一般般",甜文,False,異世界,0.6465879484891925,0.25863517939567704
q1,"現在對於小說的要求越來越高了，
而且慢慢的發現現在除了狗糧基本上都看不進去，
連以很喜歡的異世界主題都看不進去了，
好想念從前那個什麼都可以看得很快樂的自己

說回主題，希望可以找到沒看過的狗糧系小說，
可以接受小刀，但一定要無黃毛無牛頭人，
但背景自帶沈重的例如「戀愛光譜」「刮鬍」這一類的也不喜歡，
黨爭就...看情況吧但其實我也一般般",甜文,False,懸疑,0.6420945787295328,0.2568378314918131
q6,很喜歡看戰爭或戰記類型的小說，不要有魔法一發收拾或莫名其妙的神器，也別機械降神，主角可以強但不要把對手變白癡，暑假到了求書來啃，斷尾或沒完結也沒關係。,戰爭,True,戰爭,1.0,1.0
q6,很喜歡看戰爭或戰記類型的小說，不要有魔法一發收拾或莫名其妙的神器，也別機械降神，主角可以強但不要把對手變白癡，暑假到了求書來啃，斷尾或沒完結也沒關係。,戰記,False,競技,0.6414040903404813,0.25656163613619254
q6,很喜歡看戰爭或戰記類型的小說，不要有魔法一發收拾或莫名其妙的神器，也別機械降神，主角可以強但不要把對手變白癡，暑假到了求書來啃，斷尾或沒完結也沒關係。,戰記,False,大逃殺,0.6491962113067583,0.2596784845227033
q6,很喜歡看戰爭或戰記類型的小說，不要有魔法一發收拾或莫名其妙的神器，也別機械降神，主角可以強但不要把對手變白癡，暑假到了求書來啃，斷尾或沒完結也沒關係。,戰記,False,戀愛,0.6446655897377109,0.2578662358950844
q6,很喜歡看戰爭或戰記類型的小說，不要有魔法一發收拾或莫名其妙的神器，也別機械降神，主角可以強但不要把對手變白癡，暑假到了求書來啃，斷尾或沒完結也沒關係。,戰記,False,犯罪,0.6423568909771614,0.25694275639086456
q6,很喜歡看戰爭或戰記類型的小說，不要有魔法一發收拾或莫名其妙的神器，也別機械降神，主角可以強但不要把對手變白癡，暑假到了求書來啃，斷尾或沒完結也沒關係。,戰記,False,鬥智,0.6466223751838591,0.25864895007354366
q6,很喜歡看戰爭或戰記類型的小說，不要有魔法一發收拾或莫名其妙的神器，也別機械降神，主角可以強但不要把對手變白癡，暑假到了求書來啃，斷尾或沒完結也沒關係。,戰記,False,科幻,0.6712467011298943,0.26849868045195774
q6,很喜歡看戰爭或戰記類型的小說，不要有魔法一發收拾或莫名其妙的神器，也別機械降神，主角可以強但不要把對手變白癡，暑假到了求書來啃，斷尾或沒完結也沒關係。,戰記,False,格鬥,0.6491437674639262,0.2596575069855705
q6,很喜歡看戰爭或戰記類型的小說，不要有魔法一發收拾或莫名其妙的神器，也別機械降神，主角可以強但不要把對手變白癡，暑假到了求書來啃，斷尾或沒完結也沒關係。,戰記,False,轉生,0.6452126000893539,0.25808504003574156
q6,很喜歡看戰爭或戰記類型的小說，不要有魔法一發收拾或莫名其妙的神器，也別機械降神，主角可以強但不要把對手變白癡，暑假到了求書來啃，斷尾或沒完結也沒關係。,戰記,False,治癒,0.651786466362847,0.2607145865451388
q6,很喜歡看戰爭或戰記類型的小說，不要有魔法一發收拾或莫名其妙的神器，也別機械降神，主角可以強但不要把對手變白癡，暑假到了求書來啃，斷尾或沒完結也沒關係。,戰記,False,青梅竹馬,0.6326211720503283,0.2530484688201313
q6,很喜歡看戰爭或戰記類型的小說，不要有魔法一發收拾或莫名其妙的神器，也別機械降神，主角可以強但不要把對手變白癡，暑假到了求書來啃，斷尾或沒完結也沒關係。,戰記,False,女性視角,0.6571240856042853,0.2628496342417141
q6,很喜歡看戰爭或戰記類型的小說，不要有魔法一發收拾或莫名其妙的神器，也別機械降神，主角可以強但不要把對手變白癡，暑假到了求書來啃，斷尾或沒完結也沒關係。,戰記,False,溫馨,0.6517191049602843,0.2606876419841137
q6,很喜歡看戰爭或戰記類型的小說，不要有魔法一發收拾或莫名其妙的神器，也別機械降神，主角可以強但不要把對手變白癡，暑假到了求書來啃，斷尾或沒完結也沒關係。,戰記,False,經營,0.642874245925986,0.2571496983703944
q6,很喜歡看戰爭或戰記類型的小說，不要有魔法一發收拾或莫名其妙的神器，也別機械降神，主角可以強但不要把對手變白癡，暑假到了求書來啃，斷尾或沒完結也沒關係。,戰記,False,獵奇,0.6583420825537762,0.2633368330215105
q6,很喜歡看戰爭或戰記類型的小說，不要有魔法一發收拾或莫名其妙的神器，也別機械降神，主角可以強但不要把對手變白癡，暑假到了求書來啃，斷尾或沒完結也沒關係。,戰記,False,復仇,0.6371637604022629,0.25486550416090514
q6,很喜歡看戰爭或戰記類型的小說，不要有魔法一發收拾或莫名其妙的神器，也別機械降神，主角可以強但不要把對手變白癡，暑假到了求書來啃，斷尾或沒完結也沒關係。,戰記,False,黑暗,0.6471869621576931,0.25887478486307725
q6,很喜歡看戰爭或戰記類型的小說，不要有魔法一發收拾或莫名其妙的神器，也別機械降神，主角可以強但不要把對手變白癡，暑假到了求書來啃，斷尾或沒完結也沒關係。,戰記,False,末日,0.6552208440737932,0.2620883376295173
q6,很喜歡看戰爭或戰記類型的小說，不要有魔法一發收拾或莫名其妙的神器，也別機械降神，主角可以強但不要把對手變白癡，暑假到了求書來啃，斷尾或沒完結也沒關係。,戰記,False,遊戲,0.6400242630735492,0.2560097052294197
q6,很喜歡看戰爭或戰記類型的小說，不要有魔法一發收拾或莫名其妙的神器，也別機械降神，主角可以強但不要把對手變白癡，暑假到了求書來啃，斷尾或沒完結也沒關係。,戰記,False,戰鬥,0.700649254284987,0.28025970171399484
q6,很喜歡看戰爭或戰記類型的小說，不要有魔法一發收拾或莫名其妙的神器，也別機械降神，主角可以強但不要把對手變白癡，暑假到了求書來啃，斷尾或沒完結也沒關係。,戰記,False,青春,0.641023790812399,0.2564095163249596
q6,很喜歡看戰爭或戰記類型的小說，不要有魔法一發收拾或莫名其妙的神器，也別機械降神，主角可以強但不要把對手變白癡，暑假到了求書來啃，斷尾或沒完結也沒關係。,戰記,False,群像,0.6622772909988424,0.26491091639953696
q6,很喜歡看戰爭或戰記類型的小說，不要有魔法一發收拾或莫名其妙的神器，也別機械降神，主角可以強但不要把對手變白癡，暑假到了求書來啃，斷尾或沒完結也沒關係。,戰記,False,歡樂向,0.6738908332755486,0.26955633331021944
q6,很喜歡看戰爭或戰記類型的小說，不要有魔法一發收拾或莫名其妙的神器，也別機械降神，主角可以強但不要把對手變白癡，暑假到了求書來啃，斷尾或沒完結也沒關係。,戰記,False,旅行,0.6488176973240509,0.2595270789296204
q6,很喜歡看戰爭或戰記類型的小說，不要有魔法一發收拾或莫名其妙的神器，也別機械降神，主角可以強但不要把對手變白癡，暑假到了求書來啃，斷尾或沒完結也沒關係。,戰記,False,惡役,0.6467260405519684,0.25869041622078737
q6,很喜歡看戰爭或戰記類型的小說，不要有魔法一發收拾或莫名其妙的神器，也別機械降神，主角可以強但不要把對手變白癡，暑假到了求書來啃，斷尾或沒完結也沒關係。,戰記,False,蘿莉,0.634122589996615,0.253649035998646
q6,很喜歡看戰爭或戰記類型的小說，不要有魔法一發收拾或莫名其妙的神器，也別機械降神，主角可以強但不要把對手變白癡，暑假到了求書來啃，斷尾或沒完結也沒關係。,戰記,False,機戰,0.6867266699013018,0.2746906679605207
q6,很喜歡看戰爭或戰記類型的小說，不要有魔法一發收拾或莫名其妙的神器，也別機械降神，主角可以強但不要把對手變白癡，暑假到了求書來啃，斷尾或沒完結也沒關係。,戰記,False,驚悚,0.6503915192361063,0.26015660769444254
q6,很喜歡看戰爭或戰記類型的小說，不要有魔法一發收拾或莫名其妙的神器，也別機械降神，主角可以強但不要把對手變白癡，暑假到了求書來啃，斷尾或沒完結也沒關係。,戰記,False,奇幻,0.6711382444193488,0.2684552977677395
q6,很喜歡看戰爭或戰記類型的小說，不要有魔法一發收拾或莫名其妙的神器，也別機械降神，主角可以強但不要把對手變白癡，暑假到了求書來啃，斷尾或沒完結也沒關係。,戰記,False,JK,0.6624739409426326,0.26498957637705306
q6,很喜歡看戰爭或戰記類型的小說，不要有魔法一發收拾或莫名其妙的神器，也別機械降神，主角可以強但不要把對手變白癡，暑假到了求書來啃，斷尾或沒完結也沒關係。,戰記,False,後宮,0.6530892384916254,0.26123569539665015
q6,很喜歡看戰爭或戰記類型的小說，不要有魔法一發收拾或莫名其妙的神器，也別機械降神，主角可以強但不要把對手變白癡，暑假到了求書來啃，斷尾或沒完結也沒關係。,戰記,False,耽美,0.662356595486953,0.2649426381947812
q6,很喜歡看戰爭或戰記類型的小說，不要有魔法一發收拾或莫名其妙的神器，也別機械降神，主角可以強但不要把對手變白癡，暑假到了求書來啃，斷尾或沒完結也沒關係。,戰記,False,妹妹,0.6227948658156304,0.24911794632625217
q6,很喜歡看戰爭或戰記類型的小說，不要有魔法一發收拾或莫名其妙的神器，也別機械降神，主角可以強但不要把對手變白癡，暑假到了求書來啃，斷尾或沒完結也沒關係。,戰記,False,龍傲天,0.6384387720805222,0.2553755088322089
q6,很喜歡看戰爭或戰記類型的小說，不要有魔法一發收拾或莫名其妙的神器，也別機械降神，主角可以強但不要把對手變白癡，暑假到了求書來啃，斷尾或沒完結也沒關係。,戰記,False,職場,0.640119318154132,0.2560477272616528
q6,很喜歡看戰爭或戰記類型的小說，不要有魔法一發收拾或莫名其妙的神器，也別機械降神，主角可以強但不要把對手變白癡，暑假到了求書來啃，斷尾或沒完結也沒關係。,戰記,False,推理,0.6552914143821866,0.2621165657528747
q6,很喜歡看戰爭或戰記類型的小說，不要有魔法一發收拾或莫名其妙的神器，也別機械降神，主角可以強但不要把對手變白癡，暑假到了求書來啃，斷尾或沒完結也沒關係。,戰記,False,JC,0.6446368724412707,0.2578547489765083
q6,很喜歡看戰爭或戰記類型的小說，不要有魔法一發收拾或莫名其妙的神器，也別機械降神，主角可以強但不要把對手變白癡，暑假到了求書來啃，斷尾或沒完結也沒關係。,戰記,False,宅文化,0.6253061432452345,0.2501224572980938
q6,很喜歡看戰爭或戰記類型的小說，不要有魔法一發收拾或莫名其妙的神器，也別機械降神，主角可以強但不要把對手變白癡，暑假到了求書來啃，斷尾或沒完結也沒關係。,戰記,False,校園,0.640821371374765,0.256328548549906
q6,很喜歡看戰爭或戰記類型的小說，不要有魔法一發收拾或莫名其妙的神器，也別機械降神，主角可以強但不要把對手變白癡，暑假到了求書來啃，斷尾或沒完結也沒關係。,戰記,False,同人,0.6429585078595775,0.25718340314383104
q6,很喜歡看戰爭或戰記類型的小說，不要有魔法一發收拾或莫名其妙的神器，也別機械降神，主角可以強但不要把對手變白癡，暑假到了求書來啃，斷尾或沒完結也沒關係。,戰記,False,NTR,0.6464135393808436,0.25856541575233744
q6,很喜歡看戰爭或戰記類型的小說，不要有魔法一發收拾或莫名其妙的神器，也別機械降神，主角可以強但不要把對手變白癡，暑假到了求書來啃，斷尾或沒完結也沒關係。,戰記,False,異能,0.645179271535554,0.25807170861422163
q6,很喜歡看戰爭或戰記類型的小說，不要有魔法一發收拾或莫名其妙的神器，也別機械降神，主角可以強但不要把對手變白癡，暑假到了求書來啃，斷尾或沒完結也沒關係。,戰記,False,戰爭,0.7373854340616401,0.2949541736246561
q6,很喜歡看戰爭或戰記類型的小說，不要有魔法一發收拾或莫名其妙的神器，也別機械降神，主角可以強但不要把對手變白癡，暑假到了求書來啃，斷尾或沒完結也沒關係。,戰記,False,音樂,0.6454326203303112,0.2581730481321245
q6,很喜歡看戰爭或戰記類型的小說，不要有魔法一發收拾或莫名其妙的神器，也別機械降神，主角可以強但不要把對手變白癡，暑假到了求書來啃，斷尾或沒完結也沒關係。,戰記,False,病嬌,0.6319854264017359,0.25279417056069436
q6,很喜歡看戰爭或戰記類型的小說，不要有魔法一發收拾或莫名其妙的神器，也別機械降神，主角可以強但不要把對手變白癡，暑假到了求書來啃，斷尾或沒完結也沒關係。,戰記,False,熱血,0.6785641338855511,0.2714256535542205
q6,很喜歡看戰爭或戰記類型的小說，不要有魔法一發收拾或莫名其妙的神器，也別機械降神，主角可以強但不要把對手變白癡，暑假到了求書來啃，斷尾或沒完結也沒關係。,戰記,False,間諜,0.6321645177725438,0.2528658071090175
q6,很喜歡看戰爭或戰記類型的小說，不要有魔法一發收拾或莫名其妙的神器，也別機械降神，主角可以強但不要把對手變白癡，暑假到了求書來啃，斷尾或沒完結也沒關係。,戰記,False,冒險,0.6635063020563516,0.2654025208225407
q6,很喜歡看戰爭或戰記類型的小說，不要有魔法一發收拾或莫名其妙的神器，也別機械降神，主角可以強但不要把對手變白癡，暑假到了求書來啃，斷尾或沒完結也沒關係。,戰記,False,大小姐,0.6222091832166791,0.24888367328667163
q6,很喜歡看戰爭或戰記類型的小說，不要有魔法一發收拾或莫名其妙的神器，也別機械降神，主角可以強但不要把對手變白癡，暑假到了求書來啃，斷尾或沒完結也沒關係。,戰記,False,女兒,0.6110915247161111,0.24443660988644444
q6,很喜歡看戰爭或戰記類型的小說，不要有魔法一發收拾或莫名其妙的神器，也別機械降神，主角可以強但不要把對手變白癡，暑假到了求書來啃，斷尾或沒完結也沒關係。,戰記,False,人外,0.6515438957282342,0.2606175582912937
q6,很喜歡看戰爭或戰記類型的小說，不要有魔法一發收拾或莫名其妙的神器，也別機械降神，主角可以強但不要把對手變白癡，暑假到了求書來啃，斷尾或沒完結也沒關係。,戰記,False,美食,0.6118309908835137,0.2447323963534055
q6,很喜歡看戰爭或戰記類型的小說，不要有魔法一發收拾或莫名其妙的神器，也別機械降神，主角可以強但不要把對手變白癡，暑假到了求書來啃，斷尾或沒完結也沒關係。,戰記,False,異世界,0.6516905073432456,0.26067620293729826
q6,很喜歡看戰爭或戰記類型的小說，不要有魔法一發收拾或莫名其妙的神器，也別機械降神，主角可以強但不要把對手變白癡，暑假到了求書來啃，斷尾或沒完結也沒關係。,戰記,False,懸疑,0.6613196073876217,0.2645278429550487
q6,很喜歡看戰爭或戰記類型的小說，不要有魔法一發收拾或莫名其妙的神器，也別機械降神，主角可以強但不要把對手變白癡，暑假到了求書來啃，斷尾或沒完結也沒關係。,策略,False,競技,0.6403782178624136,0.25615128714496543
q6,很喜歡看戰爭或戰記類型的小說，不要有魔法一發收拾或莫名其妙的神器，也別機械降神，主角可以強但不要把對手變白癡，暑假到了求書來啃，斷尾或沒完結也沒關係。,策略,False,大逃殺,0.6454164017969254,0.25816656071877014
q6,很喜歡看戰爭或戰記類型的小說，不要有魔法一發收拾或莫名其妙的神器，也別機械降神，主角可以強但不要把對手變白癡，暑假到了求書來啃，斷尾或沒完結也沒關係。,策略,False,戀愛,0.6423304771755323,0.2569321908702129
q6,很喜歡看戰爭或戰記類型的小說，不要有魔法一發收拾或莫名其妙的神器，也別機械降神，主角可以強但不要把對手變白癡，暑假到了求書來啃，斷尾或沒完結也沒關係。,策略,False,犯罪,0.6420142583985252,0.2568057033594101
q6,很喜歡看戰爭或戰記類型的小說，不要有魔法一發收拾或莫名其妙的神器，也別機械降神，主角可以強但不要把對手變白癡，暑假到了求書來啃，斷尾或沒完結也沒關係。,策略,False,鬥智,0.6962167290111797,0.27848669160447187
q6,很喜歡看戰爭或戰記類型的小說，不要有魔法一發收拾或莫名其妙的神器，也別機械降神，主角可以強但不要把對手變白癡，暑假到了求書來啃，斷尾或沒完結也沒關係。,策略,False,科幻,0.6672853099120797,0.2669141239648319
q6,很喜歡看戰爭或戰記類型的小說，不要有魔法一發收拾或莫名其妙的神器，也別機械降神，主角可以強但不要把對手變白癡，暑假到了求書來啃，斷尾或沒完結也沒關係。,策略,False,格鬥,0.6405074056915948,0.2562029622766379
q6,很喜歡看戰爭或戰記類型的小說，不要有魔法一發收拾或莫名其妙的神器，也別機械降神，主角可以強但不要把對手變白癡，暑假到了求書來啃，斷尾或沒完結也沒關係。,策略,False,轉生,0.6414540336767343,0.2565816134706937
q6,很喜歡看戰爭或戰記類型的小說，不要有魔法一發收拾或莫名其妙的神器，也別機械降神，主角可以強但不要把對手變白癡，暑假到了求書來啃，斷尾或沒完結也沒關係。,策略,False,治癒,0.6330178959410914,0.25320715837643654
q6,很喜歡看戰爭或戰記類型的小說，不要有魔法一發收拾或莫名其妙的神器，也別機械降神，主角可以強但不要把對手變白癡，暑假到了求書來啃，斷尾或沒完結也沒關係。,策略,False,女性視角,0.6490471664861247,0.2596188665944499
q6,很喜歡看戰爭或戰記類型的小說，不要有魔法一發收拾或莫名其妙的神器，也別機械降神，主角可以強但不要把對手變白癡，暑假到了求書來啃，斷尾或沒完結也沒關係。,策略,False,經營,0.6737418246440368,0.2694967298576147
q6,很喜歡看戰爭或戰記類型的小說，不要有魔法一發收拾或莫名其妙的神器，也別機械降神，主角可以強但不要把對手變白癡，暑假到了求書來啃，斷尾或沒完結也沒關係。,策略,False,溫馨,0.6441434378652815,0.2576573751461126
q6,很喜歡看戰爭或戰記類型的小說，不要有魔法一發收拾或莫名其妙的神器，也別機械降神，主角可以強但不要把對手變白癡，暑假到了求書來啃，斷尾或沒完結也沒關係。,策略,False,獵奇,0.6457394630453994,0.25829578521815977
q6,很喜歡看戰爭或戰記類型的小說，不要有魔法一發收拾或莫名其妙的神器，也別機械降神，主角可以強但不要把對手變白癡，暑假到了求書來啃，斷尾或沒完結也沒關係。,策略,False,復仇,0.6184974003983853,0.24739896015935414
q6,很喜歡看戰爭或戰記類型的小說，不要有魔法一發收拾或莫名其妙的神器，也別機械降神，主角可以強但不要把對手變白癡，暑假到了求書來啃，斷尾或沒完結也沒關係。,策略,False,黑暗,0.6342560790084121,0.25370243160336486
q6,很喜歡看戰爭或戰記類型的小說，不要有魔法一發收拾或莫名其妙的神器，也別機械降神，主角可以強但不要把對手變白癡，暑假到了求書來啃，斷尾或沒完結也沒關係。,策略,False,末日,0.633369933454977,0.25334797338199083
q6,很喜歡看戰爭或戰記類型的小說，不要有魔法一發收拾或莫名其妙的神器，也別機械降神，主角可以強但不要把對手變白癡，暑假到了求書來啃，斷尾或沒完結也沒關係。,策略,False,遊戲,0.6738510381070504,0.2695404152428202
q6,很喜歡看戰爭或戰記類型的小說，不要有魔法一發收拾或莫名其妙的神器，也別機械降神，主角可以強但不要把對手變白癡，暑假到了求書來啃，斷尾或沒完結也沒關係。,策略,False,戰鬥,0.662609602165229,0.2650438408660916
q6,很喜歡看戰爭或戰記類型的小說，不要有魔法一發收拾或莫名其妙的神器，也別機械降神，主角可以強但不要把對手變白癡，暑假到了求書來啃，斷尾或沒完結也沒關係。,策略,False,群像,0.6503228528232873,0.2601291411293149
q6,很喜歡看戰爭或戰記類型的小說，不要有魔法一發收拾或莫名其妙的神器，也別機械降神，主角可以強但不要把對手變白癡，暑假到了求書來啃，斷尾或沒完結也沒關係。,策略,False,歡樂向,0.6711164225928858,0.26844656903715436
q6,很喜歡看戰爭或戰記類型的小說，不要有魔法一發收拾或莫名其妙的神器，也別機械降神，主角可以強但不要把對手變白癡，暑假到了求書來啃，斷尾或沒完結也沒關係。,策略,False,旅行,0.639601970707148,0.2558407882828592
q6,很喜歡看戰爭或戰記類型的小說，不要有魔法一發收拾或莫名其妙的神器，也別機械降神，主角可以強但不要把對手變白癡，暑假到了求書來啃，斷尾或沒完結也沒關係。,策略,False,惡役,0.6406057312785184,0.25624229251140734
q6,很喜歡看戰爭或戰記類型的小說，不要有魔法一發收拾或莫名其妙的神器，也別機械降神，主角可以強但不要把對手變白癡，暑假到了求書來啃，斷尾或沒完結也沒關係。,策略,False,蘿莉,0.6329694975088457,0.25318779900353827
q6,很喜歡看戰爭或戰記類型的小說，不要有魔法一發收拾或莫名其妙的神器，也別機械降神，主角可以強但不要把對手變白癡，暑假到了求書來啃，斷尾或沒完結也沒關係。,策略,False,機戰,0.667905453435011,0.2671621813740044
q6,很喜歡看戰爭或戰記類型的小說，不要有魔法一發收拾或莫名其妙的神器，也別機械降神，主角可以強但不要把對手變白癡，暑假到了求書來啃，斷尾或沒完結也沒關係。,策略,False,驚悚,0.652197189663331,0.26087887586533237
q6,很喜歡看戰爭或戰記類型的小說，不要有魔法一發收拾或莫名其妙的神器，也別機械降神，主角可以強但不要把對手變白癡，暑假到了求書來啃，斷尾或沒完結也沒關係。,策略,False,奇幻,0.6536733026541898,0.2614693210616759
q6,很喜歡看戰爭或戰記類型的小說，不要有魔法一發收拾或莫名其妙的神器，也別機械降神，主角可以強但不要把對手變白癡，暑假到了求書來啃，斷尾或沒完結也沒關係。,策略,False,JK,0.6414296591307638,0.2565718636523055
q6,很喜歡看戰爭或戰記類型的小說，不要有魔法一發收拾或莫名其妙的神器，也別機械降神，主角可以強但不要把對手變白癡，暑假到了求書來啃，斷尾或沒完結也沒關係。,策略,False,後宮,0.64715121226215,0.25886048490486
q6,很喜歡看戰爭或戰記類型的小說，不要有魔法一發收拾或莫名其妙的神器，也別機械降神，主角可以強但不要把對手變白癡，暑假到了求書來啃，斷尾或沒完結也沒關係。,策略,False,耽美,0.6551754347991791,0.26207017391967163
q6,很喜歡看戰爭或戰記類型的小說，不要有魔法一發收拾或莫名其妙的神器，也別機械降神，主角可以強但不要把對手變白癡，暑假到了求書來啃，斷尾或沒完結也沒關係。,策略,False,妹妹,0.6199555278944446,0.24798221115777785
q6,很喜歡看戰爭或戰記類型的小說，不要有魔法一發收拾或莫名其妙的神器，也別機械降神，主角可以強但不要把對手變白癡，暑假到了求書來啃，斷尾或沒完結也沒關係。,策略,False,職場,0.6317330820338226,0.25269323281352907
q6,很喜歡看戰爭或戰記類型的小說，不要有魔法一發收拾或莫名其妙的神器，也別機械降神，主角可以強但不要把對手變白癡，暑假到了求書來啃，斷尾或沒完結也沒關係。,策略,False,推理,0.6790282202024659,0.2716112880809864
q6,很喜歡看戰爭或戰記類型的小說，不要有魔法一發收拾或莫名其妙的神器，也別機械降神，主角可以強但不要把對手變白癡，暑假到了求書來啃，斷尾或沒完結也沒關係。,策略,False,JC,0.6306892922141741,0.2522757168856697
q6,很喜歡看戰爭或戰記類型的小說，不要有魔法一發收拾或莫名其妙的神器，也別機械降神，主角可以強但不要把對手變白癡，暑假到了求書來啃，斷尾或沒完結也沒關係。,策略,False,宅文化,0.6351363474475292,0.2540545389790117
q6,很喜歡看戰爭或戰記類型的小說，不要有魔法一發收拾或莫名其妙的神器，也別機械降神，主角可以強但不要把對手變白癡，暑假到了求書來啃，斷尾或沒完結也沒關係。,策略,False,校園,0.6308090576076479,0.25232362304305916
q6,很喜歡看戰爭或戰記類型的小說，不要有魔法一發收拾或莫名其妙的神器，也別機械降神，主角可以強但不要把對手變白癡，暑假到了求書來啃，斷尾或沒完結也沒關係。,策略,False,同人,0.648759472015081,0.2595037888060324
q6,很喜歡看戰爭或戰記類型的小說，不要有魔法一發收拾或莫名其妙的神器，也別機械降神，主角可以強但不要把對手變白癡，暑假到了求書來啃，斷尾或沒完結也沒關係。,策略,False,NTR,0.6509099505413058,0.26036398021652235
q6,很喜歡看戰爭或戰記類型的小說，不要有魔法一發收拾或莫名其妙的神器，也別機械降神，主角可以強但不要把對手變白癡，暑假到了求書來啃，斷尾或沒完結也沒關係。,策略,False,異能,0.637243468506623,0.25489738740264917
q6,很喜歡看戰爭或戰記類型的小說，不要有魔法一發收拾或莫名其妙的神器，也別機械降神，主角可以強但不要把對手變白癡，暑假到了求書來啃，斷尾或沒完結也沒關係。,策略,False,戰爭,0.6792876938241711,0.27171507752966845
q6,很喜歡看戰爭或戰記類型的小說，不要有魔法一發收拾或莫名其妙的神器，也別機械降神，主角可以強但不要把對手變白癡，暑假到了求書來啃，斷尾或沒完結也沒關係。,策略,False,音樂,0.6472792059702417,0.2589116823880967
q6,很喜歡看戰爭或戰記類型的小說，不要有魔法一發收拾或莫名其妙的神器，也別機械降神，主角可以強但不要把對手變白癡，暑假到了求書來啃，斷尾或沒完結也沒關係。,策略,False,病嬌,0.6390015456874247,0.2556006182749699
q6,很喜歡看戰爭或戰記類型的小說，不要有魔法一發收拾或莫名其妙的神器，也別機械降神，主角可以強但不要把對手變白癡，暑假到了求書來啃，斷尾或沒完結也沒關係。,策略,False,熱血,0.6353580668821825,0.25414322675287304
q6,很喜歡看戰爭或戰記類型的小說，不要有魔法一發收拾或莫名其妙的神器，也別機械降神，主角可以強但不要把對手變白癡，暑假到了求書來啃，斷尾或沒完結也沒關係。,策略,False,間諜,0.641185128288624,0.2564740513154496
q6,很喜歡看戰爭或戰記類型的小說，不要有魔法一發收拾或莫名其妙的神器，也別機械降神，主角可以強但不要把對手變白癡，暑假到了求書來啃，斷尾或沒完結也沒關係。,策略,False,冒險,0.6583389361887131,0.2633355744754852
q6,很喜歡看戰爭或戰記類型的小說，不要有魔法一發收拾或莫名其妙的神器，也別機械降神，主角可以強但不要把對手變白癡，暑假到了求書來啃，斷尾或沒完結也沒關係。,策略,False,大小姐,0.6237053125154839,0.24948212500619357
q6,很喜歡看戰爭或戰記類型的小說，不要有魔法一發收拾或莫名其妙的神器，也別機械降神，主角可以強但不要把對手變白癡，暑假到了求書來啃，斷尾或沒完結也沒關係。,策略,False,女兒,0.6110848740370325,0.24443394961481302
q6,很喜歡看戰爭或戰記類型的小說，不要有魔法一發收拾或莫名其妙的神器，也別機械降神，主角可以強但不要把對手變白癡，暑假到了求書來啃，斷尾或沒完結也沒關係。,策略,False,人外,0.6518667401760272,0.2607466960704109
q6,很喜歡看戰爭或戰記類型的小說，不要有魔法一發收拾或莫名其妙的神器，也別機械降神，主角可以強但不要把對手變白癡，暑假到了求書來啃，斷尾或沒完結也沒關係。,策略,False,魔法,0.6288581174256446,0.2515432469702578
q6,很喜歡看戰爭或戰記類型的小說，不要有魔法一發收拾或莫名其妙的神器，也別機械降神，主角可以強但不要把對手變白癡，暑假到了求書來啃，斷尾或沒完結也沒關係。,策略,False,美食,0.6128879829962348,0.24515519319849394
q6,很喜歡看戰爭或戰記類型的小說，不要有魔法一發收拾或莫名其妙的神器，也別機械降神，主角可以強但不要把對手變白癡，暑假到了求書來啃，斷尾或沒完結也沒關係。,策略,False,異世界,0.6462366695346742,0.2584946678138697
q6,很喜歡看戰爭或戰記類型的小說，不要有魔法一發收拾或莫名其妙的神器，也別機械降神，主角可以強但不要把對手變白癡，暑假到了求書來啃，斷尾或沒完結也沒關係。,策略,False,懸疑,0.6653059275567131,0.26612237102268527
q6,很喜歡看戰爭或戰記類型的小說，不要有魔法一發收拾或莫名其妙的神器，也別機械降神，主角可以強但不要把對手變白癡，暑假到了求書來啃，斷尾或沒完結也沒關係。,智鬥,False,競技,0.6624764366108165,0.26499057464432657
q6,很喜歡看戰爭或戰記類型的小說，不要有魔法一發收拾或莫名其妙的神器，也別機械降神，主角可以強但不要把對手變白癡，暑假到了求書來啃，斷尾或沒完結也沒關係。,智鬥,False,鬥智,0.792274324208696,0.3169097296834784
q6,很喜歡看戰爭或戰記類型的小說，不要有魔法一發收拾或莫名其妙的神器，也別機械降神，主角可以強但不要把對手變白癡，暑假到了求書來啃，斷尾或沒完結也沒關係。,智鬥,False,科幻,0.6763687300535344,0.27054749202141376
q6,很喜歡看戰爭或戰記類型的小說，不要有魔法一發收拾或莫名其妙的神器，也別機械降神，主角可以強但不要把對手變白癡，暑假到了求書來啃，斷尾或沒完結也沒關係。,智鬥,False,格鬥,0.675373619806172,0.2701494479224688
q6,很喜歡看戰爭或戰記類型的小說，不要有魔法一發收拾或莫名其妙的神器，也別機械降神，主角可以強但不要把對手變白癡，暑假到了求書來啃，斷尾或沒完結也沒關係。,智鬥,False,百合,0.6354951713506702,0.2541980685402681
q6,很喜歡看戰爭或戰記類型的小說，不要有魔法一發收拾或莫名其妙的神器，也別機械降神，主角可以強但不要把對手變白癡，暑假到了求書來啃，斷尾或沒完結也沒關係。,智鬥,False,治癒,0.6337284598979305,0.2534913839591722
q6,很喜歡看戰爭或戰記類型的小說，不要有魔法一發收拾或莫名其妙的神器，也別機械降神，主角可以強但不要把對手變白癡，暑假到了求書來啃，斷尾或沒完結也沒關係。,智鬥,False,性轉,0.6249558896718252,0.2499823558687301
q6,很喜歡看戰爭或戰記類型的小說，不要有魔法一發收拾或莫名其妙的神器，也別機械降神，主角可以強但不要把對手變白癡，暑假到了求書來啃，斷尾或沒完結也沒關係。,智鬥,False,獵奇,0.6438782243640341,0.25755128974561364
q6,很喜歡看戰爭或戰記類型的小說，不要有魔法一發收拾或莫名其妙的神器，也別機械降神，主角可以強但不要把對手變白癡，暑假到了求書來啃，斷尾或沒完結也沒關係。,智鬥,False,末日,0.6357726792425845,0.2543090716970338
q6,很喜歡看戰爭或戰記類型的小說，不要有魔法一發收拾或莫名其妙的神器，也別機械降神，主角可以強但不要把對手變白癡，暑假到了求書來啃，斷尾或沒完結也沒關係。,智鬥,False,遊戲,0.6553414749983999,0.26213658999935996
q6,很喜歡看戰爭或戰記類型的小說，不要有魔法一發收拾或莫名其妙的神器，也別機械降神，主角可以強但不要把對手變白癡，暑假到了求書來啃，斷尾或沒完結也沒關係。,智鬥,False,青春,0.626629577593918,0.2506518310375672
q6,很喜歡看戰爭或戰記類型的小說，不要有魔法一發收拾或莫名其妙的神器，也別機械降神，主角可以強但不要把對手變白癡，暑假到了求書來啃，斷尾或沒完結也沒關係。,智鬥,False,旅行,0.6329988803146701,0.25319955212586803
q6,很喜歡看戰爭或戰記類型的小說，不要有魔法一發收拾或莫名其妙的神器，也別機械降神，主角可以強但不要把對手變白癡，暑假到了求書來啃，斷尾或沒完結也沒關係。,智鬥,False,蘿莉,0.6260008355196947,0.2504003342078779
q6,很喜歡看戰爭或戰記類型的小說，不要有魔法一發收拾或莫名其妙的神器，也別機械降神，主角可以強但不要把對手變白癡，暑假到了求書來啃，斷尾或沒完結也沒關係。,智鬥,False,JK,0.6404103757289822,0.2561641502915929
q6,很喜歡看戰爭或戰記類型的小說，不要有魔法一發收拾或莫名其妙的神器，也別機械降神，主角可以強但不要把對手變白癡，暑假到了求書來啃，斷尾或沒完結也沒關係。,智鬥,False,後宮,0.6459362208267375,0.25837448833069504
q6,很喜歡看戰爭或戰記類型的小說，不要有魔法一發收拾或莫名其妙的神器，也別機械降神，主角可以強但不要把對手變白癡，暑假到了求書來啃，斷尾或沒完結也沒關係。,智鬥,False,職場,0.6454935754120289,0.25819743016481156
q6,很喜歡看戰爭或戰記類型的小說，不要有魔法一發收拾或莫名其妙的神器，也別機械降神，主角可以強但不要把對手變白癡，暑假到了求書來啃，斷尾或沒完結也沒關係。,智鬥,False,腦洞,0.6590091297988158,0.26360365191952634
q6,很喜歡看戰爭或戰記類型的小說，不要有魔法一發收拾或莫名其妙的神器，也別機械降神，主角可以強但不要把對手變白癡，暑假到了求書來啃，斷尾或沒完結也沒關係。,智鬥,False,宅文化,0.6329129053494233,0.25316516213976936
q6,很喜歡看戰爭或戰記類型的小說，不要有魔法一發收拾或莫名其妙的神器，也別機械降神，主角可以強但不要把對手變白癡，暑假到了求書來啃，斷尾或沒完結也沒關係。,智鬥,False,校園,0.6366569592044995,0.2546627836817998
q6,很喜歡看戰爭或戰記類型的小說，不要有魔法一發收拾或莫名其妙的神器，也別機械降神，主角可以強但不要把對手變白癡，暑假到了求書來啃，斷尾或沒完結也沒關係。,智鬥,False,同人,0.6382021277345808,0.25528085109383236
q6,很喜歡看戰爭或戰記類型的小說，不要有魔法一發收拾或莫名其妙的神器，也別機械降神，主角可以強但不要把對手變白癡，暑假到了求書來啃，斷尾或沒完結也沒關係。,智鬥,False,異能,0.6653282788259194,0.2661313115303678
q6,很喜歡看戰爭或戰記類型的小說，不要有魔法一發收拾或莫名其妙的神器，也別機械降神，主角可以強但不要把對手變白癡，暑假到了求書來啃，斷尾或沒完結也沒關係。,智鬥,False,音樂,0.6367871090599965,0.2547148436239986
q6,很喜歡看戰爭或戰記類型的小說，不要有魔法一發收拾或莫名其妙的神器，也別機械降神，主角可以強但不要把對手變白癡，暑假到了求書來啃，斷尾或沒完結也沒關係。,智鬥,False,間諜,0.6665904581503701,0.26663618326014804
q6,很喜歡看戰爭或戰記類型的小說，不要有魔法一發收拾或莫名其妙的神器，也別機械降神，主角可以強但不要把對手變白癡，暑假到了求書來啃，斷尾或沒完結也沒關係。,智鬥,False,大小姐,0.6225543515142349,0.24902174060569396
q6,很喜歡看戰爭或戰記類型的小說，不要有魔法一發收拾或莫名其妙的神器，也別機械降神，主角可以強但不要把對手變白癡，暑假到了求書來啃，斷尾或沒完結也沒關係。,智鬥,False,魔法,0.6266936051430274,0.250677442057211
q6,很喜歡看戰爭或戰記類型的小說，不要有魔法一發收拾或莫名其妙的神器，也別機械降神，主角可以強但不要把對手變白癡，暑假到了求書來啃，斷尾或沒完結也沒關係。,智鬥,False,美食,0.6169439837886432,0.2467775935154573
q6,很喜歡看戰爭或戰記類型的小說，不要有魔法一發收拾或莫名其妙的神器，也別機械降神，主角可以強但不要把對手變白癡，暑假到了求書來啃，斷尾或沒完結也沒關係。,智鬥,False,大逃殺,0.6575594229460952,0.26302376917843806
q6,很喜歡看戰爭或戰記類型的小說，不要有魔法一發收拾或莫名其妙的神器，也別機械降神，主角可以強但不要把對手變白癡，暑假到了求書來啃，斷尾或沒完結也沒關係。,智鬥,False,戀愛,0.6419805994234572,0.25679223976938287
q6,很喜歡看戰爭或戰記類型的小說，不要有魔法一發收拾或莫名其妙的神器，也別機械降神，主角可以強但不要把對手變白癡，暑假到了求書來啃，斷尾或沒完結也沒關係。,智鬥,False,犯罪,0.6603482767957014,0.26413931071828056
q6,很喜歡看戰爭或戰記類型的小說，不要有魔法一發收拾或莫名其妙的神器，也別機械降神，主角可以強但不要把對手變白癡，暑假到了求書來啃，斷尾或沒完結也沒關係。,智鬥,False,轉生,0.6369710630042481,0.25478842520169925
q6,很喜歡看戰爭或戰記類型的小說，不要有魔法一發收拾或莫名其妙的神器，也別機械降神，主角可以強但不要把對手變白癡，暑假到了求書來啃，斷尾或沒完結也沒關係。,智鬥,False,青梅竹馬,0.6230463302060133,0.24921853208240533
q6,很喜歡看戰爭或戰記類型的小說，不要有魔法一發收拾或莫名其妙的神器，也別機械降神，主角可以強但不要把對手變白癡，暑假到了求書來啃，斷尾或沒完結也沒關係。,智鬥,False,女性視角,0.6526768897952911,0.26107075591811646
q6,很喜歡看戰爭或戰記類型的小說，不要有魔法一發收拾或莫名其妙的神器，也別機械降神，主角可以強但不要把對手變白癡，暑假到了求書來啃，斷尾或沒完結也沒關係。,智鬥,False,經營,0.6447177772891914,0.25788711091567657
q6,很喜歡看戰爭或戰記類型的小說，不要有魔法一發收拾或莫名其妙的神器，也別機械降神，主角可以強但不要把對手變白癡，暑假到了求書來啃，斷尾或沒完結也沒關係。,智鬥,False,溫馨,0.6408421322991247,0.25633685291964986
q6,很喜歡看戰爭或戰記類型的小說，不要有魔法一發收拾或莫名其妙的神器，也別機械降神，主角可以強但不要把對手變白癡，暑假到了求書來啃，斷尾或沒完結也沒關係。,智鬥,False,復仇,0.6355029508613922,0.2542011803445569
q6,很喜歡看戰爭或戰記類型的小說，不要有魔法一發收拾或莫名其妙的神器，也別機械降神，主角可以強但不要把對手變白癡，暑假到了求書來啃，斷尾或沒完結也沒關係。,智鬥,False,黑暗,0.639162176958697,0.2556648707834788
q6,很喜歡看戰爭或戰記類型的小說，不要有魔法一發收拾或莫名其妙的神器，也別機械降神，主角可以強但不要把對手變白癡，暑假到了求書來啃，斷尾或沒完結也沒關係。,智鬥,False,戰鬥,0.683108014355791,0.2732432057423164
q6,很喜歡看戰爭或戰記類型的小說，不要有魔法一發收拾或莫名其妙的神器，也別機械降神，主角可以強但不要把對手變白癡，暑假到了求書來啃，斷尾或沒完結也沒關係。,智鬥,False,群像,0.6498853116742892,0.2599541246697157
q6,很喜歡看戰爭或戰記類型的小說，不要有魔法一發收拾或莫名其妙的神器，也別機械降神，主角可以強但不要把對手變白癡，暑假到了求書來啃，斷尾或沒完結也沒關係。,智鬥,False,歡樂向,0.6698912260421246,0.2679564904168498
q6,很喜歡看戰爭或戰記類型的小說，不要有魔法一發收拾或莫名其妙的神器，也別機械降神，主角可以強但不要把對手變白癡，暑假到了求書來啃，斷尾或沒完結也沒關係。,智鬥,False,惡役,0.6496265901111513,0.2598506360444605
q6,很喜歡看戰爭或戰記類型的小說，不要有魔法一發收拾或莫名其妙的神器，也別機械降神，主角可以強但不要把對手變白癡，暑假到了求書來啃，斷尾或沒完結也沒關係。,智鬥,False,機戰,0.6673294674068544,0.2669317869627418
q6,很喜歡看戰爭或戰記類型的小說，不要有魔法一發收拾或莫名其妙的神器，也別機械降神，主角可以強但不要把對手變白癡，暑假到了求書來啃，斷尾或沒完結也沒關係。,智鬥,False,驚悚,0.664404686936464,0.2657618747745856
q6,很喜歡看戰爭或戰記類型的小說，不要有魔法一發收拾或莫名其妙的神器，也別機械降神，主角可以強但不要把對手變白癡，暑假到了求書來啃，斷尾或沒完結也沒關係。,智鬥,False,奇幻,0.6620827221330601,0.26483308885322404
q6,很喜歡看戰爭或戰記類型的小說，不要有魔法一發收拾或莫名其妙的神器，也別機械降神，主角可以強但不要把對手變白癡，暑假到了求書來啃，斷尾或沒完結也沒關係。,智鬥,False,耽美,0.659103632025323,0.2636414528101292
q6,很喜歡看戰爭或戰記類型的小說，不要有魔法一發收拾或莫名其妙的神器，也別機械降神，主角可以強但不要把對手變白癡，暑假到了求書來啃，斷尾或沒完結也沒關係。,智鬥,False,妹妹,0.6141817991397786,0.24567271965591142
q6,很喜歡看戰爭或戰記類型的小說，不要有魔法一發收拾或莫名其妙的神器，也別機械降神，主角可以強但不要把對手變白癡，暑假到了求書來啃，斷尾或沒完結也沒關係。,智鬥,False,龍傲天,0.6275587754614039,0.2510235101845616
q6,很喜歡看戰爭或戰記類型的小說，不要有魔法一發收拾或莫名其妙的神器，也別機械降神，主角可以強但不要把對手變白癡，暑假到了求書來啃，斷尾或沒完結也沒關係。,智鬥,False,推理,0.7255473932369861,0.29021895729479447
q6,很喜歡看戰爭或戰記類型的小說，不要有魔法一發收拾或莫名其妙的神器，也別機械降神，主角可以強但不要把對手變白癡，暑假到了求書來啃，斷尾或沒完結也沒關係。,智鬥,False,JC,0.6385937384484275,0.255437495379371
q6,很喜歡看戰爭或戰記類型的小說，不要有魔法一發收拾或莫名其妙的神器，也別機械降神，主角可以強但不要把對手變白癡，暑假到了求書來啃，斷尾或沒完結也沒關係。,智鬥,False,NTR,0.6397625505950283,0.2559050202380113
q6,很喜歡看戰爭或戰記類型的小說，不要有魔法一發收拾或莫名其妙的神器，也別機械降神，主角可以強但不要把對手變白癡，暑假到了求書來啃，斷尾或沒完結也沒關係。,智鬥,False,戰爭,0.6662632577193552,0.2665053030877421
q6,很喜歡看戰爭或戰記類型的小說，不要有魔法一發收拾或莫名其妙的神器，也別機械降神，主角可以強但不要把對手變白癡，暑假到了求書來啃，斷尾或沒完結也沒關係。,智鬥,False,病嬌,0.6443298637069965,0.2577319454827986
q6,很喜歡看戰爭或戰記類型的小說，不要有魔法一發收拾或莫名其妙的神器，也別機械降神，主角可以強但不要把對手變白癡，暑假到了求書來啃，斷尾或沒完結也沒關係。,智鬥,False,熱血,0.6580139610697384,0.2632055844278954
q6,很喜歡看戰爭或戰記類型的小說，不要有魔法一發收拾或莫名其妙的神器，也別機械降神，主角可以強但不要把對手變白癡，暑假到了求書來啃，斷尾或沒完結也沒關係。,智鬥,False,冒險,0.6628514261174568,0.26514057044698275
q6,很喜歡看戰爭或戰記類型的小說，不要有魔法一發收拾或莫名其妙的神器，也別機械降神，主角可以強但不要把對手變白癡，暑假到了求書來啃，斷尾或沒完結也沒關係。,智鬥,False,女兒,0.6083350141173034,0.24333400564692137
q6,很喜歡看戰爭或戰記類型的小說，不要有魔法一發收拾或莫名其妙的神器，也別機械降神，主角可以強但不要把對手變白癡，暑假到了求書來啃，斷尾或沒完結也沒關係。,智鬥,False,人外,0.6505365516799024,0.260214620671961
q6,很喜歡看戰爭或戰記類型的小說，不要有魔法一發收拾或莫名其妙的神器，也別機械降神，主角可以強但不要把對手變白癡，暑假到了求書來啃，斷尾或沒完結也沒關係。,智鬥,False,異世界,0.6398844737391163,0.2559537894956465
q6,很喜歡看戰爭或戰記類型的小說，不要有魔法一發收拾或莫名其妙的神器，也別機械降神，主角可以強但不要把對手變白癡，暑假到了求書來啃，斷尾或沒完結也沒關係。,智鬥,False,懸疑,0.6897068756196673,0.2758827502478669
q7,"想請大家推薦一些書單希望符合以下條件
1.已經完結
2.以感情為主
希望是讀的時候可以隨著角色情緒有所起伏。並且不要轉生開無雙。",戀愛,True,戀愛,1.0,1.0
q7,"想請大家推薦一些書單希望符合以下條件
1.已經完結
2.以感情為主
希望是讀的時候可以隨著角色情緒有所起伏。並且不要轉生開無雙。",情感起伏,False,大逃殺,0.6221433931108785,0.24885735724435143
q7,"想請大家推薦一些書單希望符合以下條件
1.已經完結
2.以感情為主
希望是讀的時候可以隨著角色情緒有所起伏。並且不要轉生開無雙。",情感起伏,False,戀愛,0.6785069117588634,0.27140276470354535
q7,"想請大家推薦一些書單希望符合以下條件
1.已經完結
2.以感情為主
希望是讀的時候可以隨著角色情緒有所起伏。並且不要轉生開無雙。",情感起伏,False,犯罪,0.6359322292800677,0.2543728917120271
q7,"想請大家推薦一些書單希望符合以下條件
1.已經完結
2.以感情為主
希望是讀的時候可以隨著角色情緒有所起伏。並且不要轉生開無雙。",情感起伏,False,鬥智,0.6363494061046089,0.25453976244184356
q7,"想請大家推薦一些書單希望符合以下條件
1.已經完結
2.以感情為主
希望是讀的時候可以隨著角色情緒有所起伏。並且不要轉生開無雙。",情感起伏,False,科幻,0.6515333671229298,0.2606133468491719
q7,"想請大家推薦一些書單希望符合以下條件
1.已經完結
2.以感情為主
希望是讀的時候可以隨著角色情緒有所起伏。並且不要轉生開無雙。",情感起伏,False,百合,0.653946739112494,0.26157869564499764
q7,"想請大家推薦一些書單希望符合以下條件
1.已經完結
2.以感情為主
希望是讀的時候可以隨著角色情緒有所起伏。並且不要轉生開無雙。",情感起伏,False,轉生,0.6247024637279909,0.24988098549119636
q7,"想請大家推薦一些書單希望符合以下條件
1.已經完結
2.以感情為主
希望是讀的時候可以隨著角色情緒有所起伏。並且不要轉生開無雙。",情感起伏,False,治癒,0.67034380310576,0.268137521242304
q7,"想請大家推薦一些書單希望符合以下條件
1.已經完結
2.以感情為主
希望是讀的時候可以隨著角色情緒有所起伏。並且不要轉生開無雙。",情感起伏,False,青梅竹馬,0.6372077071965389,0.25488308287861555
q7,"想請大家推薦一些書單希望符合以下條件
1.已經完結
2.以感情為主
希望是讀的時候可以隨著角色情緒有所起伏。並且不要轉生開無雙。",情感起伏,False,女性視角,0.6573999814049809,0.2629599925619924
q7,"想請大家推薦一些書單希望符合以下條件
1.已經完結
2.以感情為主
希望是讀的時候可以隨著角色情緒有所起伏。並且不要轉生開無雙。",情感起伏,False,性轉,0.6316274625250473,0.2526509850100189
q7,"想請大家推薦一些書單希望符合以下條件
1.已經完結
2.以感情為主
希望是讀的時候可以隨著角色情緒有所起伏。並且不要轉生開無雙。",情感起伏,False,溫馨,0.6827269509919023,0.27309078039676093
q7,"想請大家推薦一些書單希望符合以下條件
1.已經完結
2.以感情為主
希望是讀的時候可以隨著角色情緒有所起伏。並且不要轉生開無雙。",情感起伏,False,經營,0.6314306805778376,0.25257227223113504
q7,"想請大家推薦一些書單希望符合以下條件
1.已經完結
2.以感情為主
希望是讀的時候可以隨著角色情緒有所起伏。並且不要轉生開無雙。",情感起伏,False,獵奇,0.6515182391624444,0.2606072956649778
q7,"想請大家推薦一些書單希望符合以下條件
1.已經完結
2.以感情為主
希望是讀的時候可以隨著角色情緒有所起伏。並且不要轉生開無雙。",情感起伏,False,復仇,0.6168532460288569,0.2467412984115428
q7,"想請大家推薦一些書單希望符合以下條件
1.已經完結
2.以感情為主
希望是讀的時候可以隨著角色情緒有所起伏。並且不要轉生開無雙。",情感起伏,False,黑暗,0.6560801144068037,0.2624320457627215
q7,"想請大家推薦一些書單希望符合以下條件
1.已經完結
2.以感情為主
希望是讀的時候可以隨著角色情緒有所起伏。並且不要轉生開無雙。",情感起伏,False,末日,0.623583510685434,0.24943340427417363
q7,"想請大家推薦一些書單希望符合以下條件
1.已經完結
2.以感情為主
希望是讀的時候可以隨著角色情緒有所起伏。並且不要轉生開無雙。",情感起伏,False,遊戲,0.6125338783443116,0.24501355133772465
q7,"想請大家推薦一些書單希望符合以下條件
1.已經完結
2.以感情為主
希望是讀的時候可以隨著角色情緒有所起伏。並且不要轉生開無雙。",情感起伏,False,戰鬥,0.6235216077602947,0.24940864310411792
q7,"想請大家推薦一些書單希望符合以下條件
1.已經完結
2.以感情為主
希望是讀的時候可以隨著角色情緒有所起伏。並且不要轉生開無雙。",情感起伏,False,青春,0.6526114063581454,0.2610445625432582
q7,"想請大家推薦一些書單希望符合以下條件
1.已經完結
2.以感情為主
希望是讀的時候可以隨著角色情緒有所起伏。並且不要轉生開無雙。",情感起伏,False,群像,0.6618633139771978,0.2647453255908791
q7,"想請大家推薦一些書單希望符合以下條件
1.已經完結
2.以感情為主
希望是讀的時候可以隨著角色情緒有所起伏。並且不要轉生開無雙。",情感起伏,False,歡樂向,0.6783330777598272,0.27133323110393087
q7,"想請大家推薦一些書單希望符合以下條件
1.已經完結
2.以感情為主
希望是讀的時候可以隨著角色情緒有所起伏。並且不要轉生開無雙。",情感起伏,False,旅行,0.6468570766208566,0.25874283064834264
q7,"想請大家推薦一些書單希望符合以下條件
1.已經完結
2.以感情為主
希望是讀的時候可以隨著角色情緒有所起伏。並且不要轉生開無雙。",情感起伏,False,惡役,0.6269079723326664,0.25076318893306654
q7,"想請大家推薦一些書單希望符合以下條件
1.已經完結
2.以感情為主
希望是讀的時候可以隨著角色情緒有所起伏。並且不要轉生開無雙。",情感起伏,False,蘿莉,0.6274387118002946,0.2509754847201179
q7,"想請大家推薦一些書單希望符合以下條件
1.已經完結
2.以感情為主
希望是讀的時候可以隨著角色情緒有所起伏。並且不要轉生開無雙。",情感起伏,False,機戰,0.6331996149117757,0.25327984596471026
q7,"想請大家推薦一些書單希望符合以下條件
1.已經完結
2.以感情為主
希望是讀的時候可以隨著角色情緒有所起伏。並且不要轉生開無雙。",情感起伏,False,驚悚,0.6654166271717826,0.26616665086871305
q7,"想請大家推薦一些書單希望符合以下條件
1.已經完結
2.以感情為主
希望是讀的時候可以隨著角色情緒有所起伏。並且不要轉生開無雙。",情感起伏,False,奇幻,0.6537897816238548,0.26151591264954194
q7,"想請大家推薦一些書單希望符合以下條件
1.已經完結
2.以感情為主
希望是讀的時候可以隨著角色情緒有所起伏。並且不要轉生開無雙。",情感起伏,False,JK,0.6541635308875489,0.26166541235501956
q7,"想請大家推薦一些書單希望符合以下條件
1.已經完結
2.以感情為主
希望是讀的時候可以隨著角色情緒有所起伏。並且不要轉生開無雙。",情感起伏,False,後宮,0.6496405401359675,0.259856216054387
q7,"想請大家推薦一些書單希望符合以下條件
1.已經完結
2.以感情為主
希望是讀的時候可以隨著角色情緒有所起伏。並且不要轉生開無雙。",情感起伏,False,耽美,0.6807152018102347,0.2722860807240939
q7,"想請大家推薦一些書單希望符合以下條件
1.已經完結
2.以感情為主
希望是讀的時候可以隨著角色情緒有所起伏。並且不要轉生開無雙。",情感起伏,False,妹妹,0.6262477903039625,0.250499116121585
q7,"想請大家推薦一些書單希望符合以下條件
1.已經完結
2.以感情為主
希望是讀的時候可以隨著角色情緒有所起伏。並且不要轉生開無雙。",情感起伏,False,職場,0.6473628774639129,0.25894515098556514
q7,"想請大家推薦一些書單希望符合以下條件
1.已經完結
2.以感情為主
希望是讀的時候可以隨著角色情緒有所起伏。並且不要轉生開無雙。",情感起伏,False,推理,0.6459779476816578,0.2583911790726631
q7,"想請大家推薦一些書單希望符合以下條件
1.已經完結
2.以感情為主
希望是讀的時候可以隨著角色情緒有所起伏。並且不要轉生開無雙。",情感起伏,False,JC,0.651320940830018,0.2605283763320072
q7,"想請大家推薦一些書單希望符合以下條件
1.已經完結
2.以感情為主
希望是讀的時候可以隨著角色情緒有所起伏。並且不要轉生開無雙。",情感起伏,False,宅文化,0.6156449990280923,0.24625799961123696
q7,"想請大家推薦一些書單希望符合以下條件
1.已經完結
2.以感情為主
希望是讀的時候可以隨著角色情緒有所起伏。並且不要轉生開無雙。",情感起伏,False,校園,0.6444044913285248,0.25776179653140996
q7,"想請大家推薦一些書單希望符合以下條件
1.已經完結
2.以感情為主
希望是讀的時候可以隨著角色情緒有所起伏。並且不要轉生開無雙。",情感起伏,False,同人,0.6421700840192128,0.2568680336076851
q7,"想請大家推薦一些書單希望符合以下條件
1.已經完結
2.以感情為主
希望是讀的時候可以隨著角色情緒有所起伏。並且不要轉生開無雙。",情感起伏,False,偽娘,0.6180109138694774,0.24720436554779096
q7,"想請大家推薦一些書單希望符合以下條件
1.已經完結
2.以感情為主
希望是讀的時候可以隨著角色情緒有所起伏。並且不要轉生開無雙。",情感起伏,False,NTR,0.6532285342996629,0.26129141371986514
q7,"想請大家推薦一些書單希望符合以下條件
1.已經完結
2.以感情為主
希望是讀的時候可以隨著角色情緒有所起伏。並且不要轉生開無雙。",情感起伏,False,異能,0.6285269746288419,0.25141078985153675
q7,"想請大家推薦一些書單希望符合以下條件
1.已經完結
2.以感情為主
希望是讀的時候可以隨著角色情緒有所起伏。並且不要轉生開無雙。",情感起伏,False,戰爭,0.632585052624845,0.253034021049938
q7,"想請大家推薦一些書單希望符合以下條件
1.已經完結
2.以感情為主
希望是讀的時候可以隨著角色情緒有所起伏。並且不要轉生開無雙。",情感起伏,False,音樂,0.6700905691010153,0.26803622764040613
q7,"想請大家推薦一些書單希望符合以下條件
1.已經完結
2.以感情為主
希望是讀的時候可以隨著角色情緒有所起伏。並且不要轉生開無雙。",情感起伏,False,病嬌,0.6433459508631734,0.25733838034526935
q7,"想請大家推薦一些書單希望符合以下條件
1.已經完結
2.以感情為主
希望是讀的時候可以隨著角色情緒有所起伏。並且不要轉生開無雙。",情感起伏,False,熱血,0.6655705470752786,0.26622821883011144
q7,"想請大家推薦一些書單希望符合以下條件
1.已經完結
2.以感情為主
希望是讀的時候可以隨著角色情緒有所起伏。並且不要轉生開無雙。",情感起伏,False,間諜,0.6158892959572032,0.24635571838288128
q7,"想請大家推薦一些書單希望符合以下條件
1.已經完結
2.以感情為主
希望是讀的時候可以隨著角色情緒有所起伏。並且不要轉生開無雙。",情感起伏,False,冒險,0.6497461752078042,0.25989847008312167
q7,"想請大家推薦一些書單希望符合以下條件
1.已經完結
2.以感情為主
希望是讀的時候可以隨著角色情緒有所起伏。並且不要轉生開無雙。",情感起伏,False,大小姐,0.6239151744017329,0.24956606976069318
q7,"想請大家推薦一些書單希望符合以下條件
1.已經完結
2.以感情為主
希望是讀的時候可以隨著角色情緒有所起伏。並且不要轉生開無雙。",情感起伏,False,女兒,0.6215786603345584,0.2486314641338234
q7,"想請大家推薦一些書單希望符合以下條件
1.已經完結
2.以感情為主
希望是讀的時候可以隨著角色情緒有所起伏。並且不要轉生開無雙。",情感起伏,False,人外,0.6458935168391666,0.25835740673566665
q7,"想請大家推薦一些書單希望符合以下條件
1.已經完結
2.以感情為主
希望是讀的時候可以隨著角色情緒有所起伏。並且不要轉生開無雙。",情感起伏,False,美食,0.622642634807828,0.2490570539231312
q7,"想請大家推薦一些書單希望符合以下條件
1.已經完結
2.以感情為主
希望是讀的時候可以隨著角色情緒有所起伏。並且不要轉生開無雙。",情感起伏,False,懸疑,0.6762792436812275,0.270511697472491
q7,"想請大家推薦一些書單希望符合以下條件
1.已經完結
2.以感情為主
希望是讀的時候可以隨著角色情緒有所起伏。並且不要轉生開無雙。",感情為主,False,大逃殺,0.6123666723108431,0.24494666892433725
q7,"想請大家推薦一些書單希望符合以下條件
1.已經完結
2.以感情為主
希望是讀的時候可以隨著角色情緒有所起伏。並且不要轉生開無雙。",感情為主,False,戀愛,0.7164804972543293,0.2865921989017317
q7,"想請大家推薦一些書單希望符合以下條件
1.已經完結
2.以感情為主
希望是讀的時候可以隨著角色情緒有所起伏。並且不要轉生開無雙。",感情為主,False,犯罪,0.6347748918803722,0.2539099567521489
q7,"想請大家推薦一些書單希望符合以下條件
1.已經完結
2.以感情為主
希望是讀的時候可以隨著角色情緒有所起伏。並且不要轉生開無雙。",感情為主,False,鬥智,0.6346499104325651,0.2538599641730261
q7,"想請大家推薦一些書單希望符合以下條件
1.已經完結
2.以感情為主
希望是讀的時候可以隨著角色情緒有所起伏。並且不要轉生開無雙。",感情為主,False,科幻,0.6513232782583585,0.2605293113033434
q7,"想請大家推薦一些書單希望符合以下條件
1.已經完結
2.以感情為主
希望是讀的時候可以隨著角色情緒有所起伏。並且不要轉生開無雙。",感情為主,False,百合,0.6722632555157952,0.2689053022063181
q7,"想請大家推薦一些書單希望符合以下條件
1.已經完結
2.以感情為主
希望是讀的時候可以隨著角色情緒有所起伏。並且不要轉生開無雙。",感情為主,False,轉生,0.6333256091619682,0.2533302436647873
q7,"想請大家推薦一些書單希望符合以下條件
1.已經完結
2.以感情為主
希望是讀的時候可以隨著角色情緒有所起伏。並且不要轉生開無雙。",感情為主,False,治癒,0.6882123420901859,0.27528493683607436
q7,"想請大家推薦一些書單希望符合以下條件
1.已經完結
2.以感情為主
希望是讀的時候可以隨著角色情緒有所起伏。並且不要轉生開無雙。",感情為主,False,青梅竹馬,0.6669834513863261,0.26679338055453045
q7,"想請大家推薦一些書單希望符合以下條件
1.已經完結
2.以感情為主
希望是讀的時候可以隨著角色情緒有所起伏。並且不要轉生開無雙。",感情為主,False,女性視角,0.6652587882063115,0.26610351528252457
q7,"想請大家推薦一些書單希望符合以下條件
1.已經完結
2.以感情為主
希望是讀的時候可以隨著角色情緒有所起伏。並且不要轉生開無雙。",感情為主,False,性轉,0.6333681894990622,0.25334727579962485
q7,"想請大家推薦一些書單希望符合以下條件
1.已經完結
2.以感情為主
希望是讀的時候可以隨著角色情緒有所起伏。並且不要轉生開無雙。",感情為主,False,溫馨,0.7130553172872802,0.2852221269149121
q7,"想請大家推薦一些書單希望符合以下條件
1.已經完結
2.以感情為主
希望是讀的時候可以隨著角色情緒有所起伏。並且不要轉生開無雙。",感情為主,False,經營,0.6454597934022395,0.2581839173608958
q7,"想請大家推薦一些書單希望符合以下條件
1.已經完結
2.以感情為主
希望是讀的時候可以隨著角色情緒有所起伏。並且不要轉生開無雙。",感情為主,False,獵奇,0.645610705306631,0.25824428212265244
q7,"想請大家推薦一些書單希望符合以下條件
1.已經完結
2.以感情為主
希望是讀的時候可以隨著角色情緒有所起伏。並且不要轉生開無雙。",感情為主,False,復仇,0.6141519058528991,0.24566076234115966
q7,"想請大家推薦一些書單希望符合以下條件
1.已經完結
2.以感情為主
希望是讀的時候可以隨著角色情緒有所起伏。並且不要轉生開無雙。",感情為主,False,黑暗,0.6464727602831171,0.2585891041132468
q7,"想請大家推薦一些書單希望符合以下條件
1.已經完結
2.以感情為主
希望是讀的時候可以隨著角色情緒有所起伏。並且不要轉生開無雙。",感情為主,False,末日,0.6208912361244977,0.2483564944497991
q7,"想請大家推薦一些書單希望符合以下條件
1.已經完結
2.以感情為主
希望是讀的時候可以隨著角色情緒有所起伏。並且不要轉生開無雙。",感情為主,False,遊戲,0.6108757315089648,0.24435029260358593
q7,"想請大家推薦一些書單希望符合以下條件
1.已經完結
2.以感情為主
希望是讀的時候可以隨著角色情緒有所起伏。並且不要轉生開無雙。",感情為主,False,戰鬥,0.6187293212674889,0.24749172850699558
q7,"想請大家推薦一些書單希望符合以下條件
1.已經完結
2.以感情為主
希望是讀的時候可以隨著角色情緒有所起伏。並且不要轉生開無雙。",感情為主,False,青春,0.6570090258319229,0.26280361033276917
q7,"想請大家推薦一些書單希望符合以下條件
1.已經完結
2.以感情為主
希望是讀的時候可以隨著角色情緒有所起伏。並且不要轉生開無雙。",感情為主,False,群像,0.6600665043885898,0.26402660175543596
q7,"想請大家推薦一些書單希望符合以下條件
1.已經完結
2.以感情為主
希望是讀的時候可以隨著角色情緒有所起伏。並且不要轉生開無雙。",感情為主,False,歡樂向,0.6842791811909039,0.2737116724763616
q7,"想請大家推薦一些書單希望符合以下條件
1.已經完結
2.以感情為主
希望是讀的時候可以隨著角色情緒有所起伏。並且不要轉生開無雙。",感情為主,False,旅行,0.642712583917089,0.2570850335668356
q7,"想請大家推薦一些書單希望符合以下條件
1.已經完結
2.以感情為主
希望是讀的時候可以隨著角色情緒有所起伏。並且不要轉生開無雙。",感情為主,False,惡役,0.6238014445286543,0.24952057781146172
q7,"想請大家推薦一些書單希望符合以下條件
1.已經完結
2.以感情為主
希望是讀的時候可以隨著角色情緒有所起伏。並且不要轉生開無雙。",感情為主,False,蘿莉,0.6409359418573288,0.25637437674293156
q7,"想請大家推薦一些書單希望符合以下條件
1.已經完結
2.以感情為主
希望是讀的時候可以隨著角色情緒有所起伏。並且不要轉生開無雙。",感情為主,False,機戰,0.6425976786540673,0.2570390714616269
q7,"想請大家推薦一些書單希望符合以下條件
1.已經完結
2.以感情為主
希望是讀的時候可以隨著角色情緒有所起伏。並且不要轉生開無雙。",感情為主,False,驚悚,0.6429520303701575,0.257180812148063
q7,"想請大家推薦一些書單希望符合以下條件
1.已經完結
2.以感情為主
希望是讀的時候可以隨著角色情緒有所起伏。並且不要轉生開無雙。",感情為主,False,奇幻,0.6491608753088112,0.25966435012352446
q7,"想請大家推薦一些書單希望符合以下條件
1.已經完結
2.以感情為主
希望是讀的時候可以隨著角色情緒有所起伏。並且不要轉生開無雙。",感情為主,False,JK,0.6601748442645914,0.2640699377058366
q7,"想請大家推薦一些書單希望符合以下條件
1.已經完結
2.以感情為主
希望是讀的時候可以隨著角色情緒有所起伏。並且不要轉生開無雙。",感情為主,False,後宮,0.6552643260709334,0.2621057304283734
q7,"想請大家推薦一些書單希望符合以下條件
1.已經完結
2.以感情為主
希望是讀的時候可以隨著角色情緒有所起伏。並且不要轉生開無雙。",感情為主,False,耽美,0.6977610289300729,0.27910441157202914
q7,"想請大家推薦一些書單希望符合以下條件
1.已經完結
2.以感情為主
希望是讀的時候可以隨著角色情緒有所起伏。並且不要轉生開無雙。",感情為主,False,妹妹,0.6420638732107531,0.25682554928430124
q7,"想請大家推薦一些書單希望符合以下條件
1.已經完結
2.以感情為主
希望是讀的時候可以隨著角色情緒有所起伏。並且不要轉生開無雙。",感情為主,False,龍傲天,0.6211454228013925,0.24845816912055702
q7,"想請大家推薦一些書單希望符合以下條件
1.已經完結
2.以感情為主
希望是讀的時候可以隨著角色情緒有所起伏。並且不要轉生開無雙。",感情為主,False,職場,0.6470488745192311,0.25881954980769245
q7,"想請大家推薦一些書單希望符合以下條件
1.已經完結
2.以感情為主
希望是讀的時候可以隨著角色情緒有所起伏。並且不要轉生開無雙。",感情為主,False,推理,0.6542197679581856,0.2616879071832742
q7,"想請大家推薦一些書單希望符合以下條件
1.已經完結
2.以感情為主
希望是讀的時候可以隨著角色情緒有所起伏。並且不要轉生開無雙。",感情為主,False,JC,0.6600168462052963,0.26400673848211853
q7,"想請大家推薦一些書單希望符合以下條件
1.已經完結
2.以感情為主
希望是讀的時候可以隨著角色情緒有所起伏。並且不要轉生開無雙。",感情為主,False,宅文化,0.6256165261896751,0.25024661047587005
q7,"想請大家推薦一些書單希望符合以下條件
1.已經完結
2.以感情為主
希望是讀的時候可以隨著角色情緒有所起伏。並且不要轉生開無雙。",感情為主,False,校園,0.6510447701809292,0.2604179080723717
q7,"想請大家推薦一些書單希望符合以下條件
1.已經完結
2.以感情為主
希望是讀的時候可以隨著角色情緒有所起伏。並且不要轉生開無雙。",感情為主,False,同人,0.6614514768721189,0.2645805907488476
q7,"想請大家推薦一些書單希望符合以下條件
1.已經完結
2.以感情為主
希望是讀的時候可以隨著角色情緒有所起伏。並且不要轉生開無雙。",感情為主,False,偽娘,0.6240864541914215,0.2496345816765686
q7,"想請大家推薦一些書單希望符合以下條件
1.已經完結
2.以感情為主
希望是讀的時候可以隨著角色情緒有所起伏。並且不要轉生開無雙。",感情為主,False,NTR,0.6644670492111329,0.26578681968445317
q7,"想請大家推薦一些書單希望符合以下條件
1.已經完結
2.以感情為主
希望是讀的時候可以隨著角色情緒有所起伏。並且不要轉生開無雙。",感情為主,False,異能,0.6284677076134867,0.2513870830453947
q7,"想請大家推薦一些書單希望符合以下條件
1.已經完結
2.以感情為主
希望是讀的時候可以隨著角色情緒有所起伏。並且不要轉生開無雙。",感情為主,False,病嬌,0.654923538150892,0.26196941526035683
q7,"想請大家推薦一些書單希望符合以下條件
1.已經完結
2.以感情為主
希望是讀的時候可以隨著角色情緒有所起伏。並且不要轉生開無雙。",感情為主,False,音樂,0.6687396441948588,0.26749585767794354
q7,"想請大家推薦一些書單希望符合以下條件
1.已經完結
2.以感情為主
希望是讀的時候可以隨著角色情緒有所起伏。並且不要轉生開無雙。",感情為主,False,戰爭,0.6303572195090137,0.2521428878036055
q7,"想請大家推薦一些書單希望符合以下條件
1.已經完結
2.以感情為主
希望是讀的時候可以隨著角色情緒有所起伏。並且不要轉生開無雙。",感情為主,False,熱血,0.6539604312877217,0.2615841725150887
q7,"想請大家推薦一些書單希望符合以下條件
1.已經完結
2.以感情為主
希望是讀的時候可以隨著角色情緒有所起伏。並且不要轉生開無雙。",感情為主,False,間諜,0.6182361233043003,0.24729444932172015
q7,"想請大家推薦一些書單希望符合以下條件
1.已經完結
2.以感情為主
希望是讀的時候可以隨著角色情緒有所起伏。並且不要轉生開無雙。",感情為主,False,冒險,0.6355337593681003,0.2542135037472401
q7,"想請大家推薦一些書單希望符合以下條件
1.已經完結
2.以感情為主
希望是讀的時候可以隨著角色情緒有所起伏。並且不要轉生開無雙。",感情為主,False,大小姐,0.633206620304031,0.2532826481216124
q7,"想請大家推薦一些書單希望符合以下條件
1.已經完結
2.以感情為主
希望是讀的時候可以隨著角色情緒有所起伏。並且不要轉生開無雙。",感情為主,False,女兒,0.6411701633752414,0.25646806535009653
q7,"想請大家推薦一些書單希望符合以下條件
1.已經完結
2.以感情為主
希望是讀的時候可以隨著角色情緒有所起伏。並且不要轉生開無雙。",感情為主,False,人外,0.6629587839673541,0.26518351358694164
q7,"想請大家推薦一些書單希望符合以下條件
1.已經完結
2.以感情為主
希望是讀的時候可以隨著角色情緒有所起伏。並且不要轉生開無雙。",感情為主,False,美食,0.628156015352947,0.2512624061411788
q7,"想請大家推薦一些書單希望符合以下條件
1.已經完結
2.以感情為主
希望是讀的時候可以隨著角色情緒有所起伏。並且不要轉生開無雙。",感情為主,False,懸疑,0.6544385288765978,0.26177541155063916
q8,"希望作品是
1.背景為現代
有槍砲炸藥之類的比較有代入感，對武俠/奇幻沒興趣，現代但有些微科幻/超能力要素沒關係
2.主角不是從0開始練等
漏漏長的成長過程會讓我想睡，大概是從看完鬥破蒼穹那公式化的遇強敵→隊友幫扛→遇到機運→變強反殺→前往下個城鎮→遇強敵，之後再也不想看這種了
3.主角非中二/死屁孩
不要太嚴重就好，隱殺主角偶爾也會屁孩一下但是是那種大人逗小鬼玩的感覺就不會反感",異能,True,異能,1.0,1.0
q8,"希望作品是
1.背景為現代
有槍砲炸藥之類的比較有代入感，對武俠/奇幻沒興趣，現代但有些微科幻/超能力要素沒關係
2.主角不是從0開始練等
漏漏長的成長過程會讓我想睡，大概是從看完鬥破蒼穹那公式化的遇強敵→隊友幫扛→遇到機運→變強反殺→前往下個城鎮→遇強敵，之後再也不想看這種了
3.主角非中二/死屁孩
不要太嚴重就好，隱殺主角偶爾也會屁孩一下但是是那種大人逗小鬼玩的感覺就不會反感",科幻,True,科幻,1.0,1.0
q8,"希望作品是
1.背景為現代
有槍砲炸藥之類的比較有代入感，對武俠/奇幻沒興趣，現代但有些微科幻/超能力要素沒關係
2.主角不是從0開始練等
漏漏長的成長過程會讓我想睡，大概是從看完鬥破蒼穹那公式化的遇強敵→隊友幫扛→遇到機運→變強反殺→前往下個城鎮→遇強敵，之後再也不想看這種了
3.主角非中二/死屁孩
不要太嚴重就好，隱殺主角偶爾也會屁孩一下但是是那種大人逗小鬼玩的感覺就不會反感",現代背景,False,競技,0.6267879524500951,0.25071518098003803
q8,"希望作品是
1.背景為現代
有槍砲炸藥之類的比較有代入感，對武俠/奇幻沒興趣，現代但有些微科幻/超能力要素沒關係
2.主角不是從0開始練等
漏漏長的成長過程會讓我想睡，大概是從看完鬥破蒼穹那公式化的遇強敵→隊友幫扛→遇到機運→變強反殺→前往下個城鎮→遇強敵，之後再也不想看這種了
3.主角非中二/死屁孩
不要太嚴重就好，隱殺主角偶爾也會屁孩一下但是是那種大人逗小鬼玩的感覺就不會反感",現代背景,False,鬥智,0.6346549446210074,0.253861977848403
q8,"希望作品是
1.背景為現代
有槍砲炸藥之類的比較有代入感，對武俠/奇幻沒興趣，現代但有些微科幻/超能力要素沒關係
2.主角不是從0開始練等
漏漏長的成長過程會讓我想睡，大概是從看完鬥破蒼穹那公式化的遇強敵→隊友幫扛→遇到機運→變強反殺→前往下個城鎮→遇強敵，之後再也不想看這種了
3.主角非中二/死屁孩
不要太嚴重就好，隱殺主角偶爾也會屁孩一下但是是那種大人逗小鬼玩的感覺就不會反感",現代背景,False,科幻,0.6817529396820722,0.2727011758728289
q8,"希望作品是
1.背景為現代
有槍砲炸藥之類的比較有代入感，對武俠/奇幻沒興趣，現代但有些微科幻/超能力要素沒關係
2.主角不是從0開始練等
漏漏長的成長過程會讓我想睡，大概是從看完鬥破蒼穹那公式化的遇強敵→隊友幫扛→遇到機運→變強反殺→前往下個城鎮→遇強敵，之後再也不想看這種了
3.主角非中二/死屁孩
不要太嚴重就好，隱殺主角偶爾也會屁孩一下但是是那種大人逗小鬼玩的感覺就不會反感",現代背景,False,格鬥,0.612702433086653,0.2450809732346612
q8,"希望作品是
1.背景為現代
有槍砲炸藥之類的比較有代入感，對武俠/奇幻沒興趣，現代但有些微科幻/超能力要素沒關係
2.主角不是從0開始練等
漏漏長的成長過程會讓我想睡，大概是從看完鬥破蒼穹那公式化的遇強敵→隊友幫扛→遇到機運→變強反殺→前往下個城鎮→遇強敵，之後再也不想看這種了
3.主角非中二/死屁孩
不要太嚴重就好，隱殺主角偶爾也會屁孩一下但是是那種大人逗小鬼玩的感覺就不會反感",現代背景,False,百合,0.6436128106108685,0.2574451242443474
q8,"希望作品是
1.背景為現代
有槍砲炸藥之類的比較有代入感，對武俠/奇幻沒興趣，現代但有些微科幻/超能力要素沒關係
2.主角不是從0開始練等
漏漏長的成長過程會讓我想睡，大概是從看完鬥破蒼穹那公式化的遇強敵→隊友幫扛→遇到機運→變強反殺→前往下個城鎮→遇強敵，之後再也不想看這種了
3.主角非中二/死屁孩
不要太嚴重就好，隱殺主角偶爾也會屁孩一下但是是那種大人逗小鬼玩的感覺就不會反感",現代背景,False,治癒,0.6511890564994884,0.2604756225997954
q8,"希望作品是
1.背景為現代
有槍砲炸藥之類的比較有代入感，對武俠/奇幻沒興趣，現代但有些微科幻/超能力要素沒關係
2.主角不是從0開始練等
漏漏長的成長過程會讓我想睡，大概是從看完鬥破蒼穹那公式化的遇強敵→隊友幫扛→遇到機運→變強反殺→前往下個城鎮→遇強敵，之後再也不想看這種了
3.主角非中二/死屁孩
不要太嚴重就好，隱殺主角偶爾也會屁孩一下但是是那種大人逗小鬼玩的感覺就不會反感",現代背景,False,性轉,0.6286556165623656,0.25146224662494626
q8,"希望作品是
1.背景為現代
有槍砲炸藥之類的比較有代入感，對武俠/奇幻沒興趣，現代但有些微科幻/超能力要素沒關係
2.主角不是從0開始練等
漏漏長的成長過程會讓我想睡，大概是從看完鬥破蒼穹那公式化的遇強敵→隊友幫扛→遇到機運→變強反殺→前往下個城鎮→遇強敵，之後再也不想看這種了
3.主角非中二/死屁孩
不要太嚴重就好，隱殺主角偶爾也會屁孩一下但是是那種大人逗小鬼玩的感覺就不會反感",現代背景,False,獵奇,0.6532635940408267,0.2613054376163307
q8,"希望作品是
1.背景為現代
有槍砲炸藥之類的比較有代入感，對武俠/奇幻沒興趣，現代但有些微科幻/超能力要素沒關係
2.主角不是從0開始練等
漏漏長的成長過程會讓我想睡，大概是從看完鬥破蒼穹那公式化的遇強敵→隊友幫扛→遇到機運→變強反殺→前往下個城鎮→遇強敵，之後再也不想看這種了
3.主角非中二/死屁孩
不要太嚴重就好，隱殺主角偶爾也會屁孩一下但是是那種大人逗小鬼玩的感覺就不會反感",現代背景,False,末日,0.6541370169687225,0.26165480678748904
q8,"希望作品是
1.背景為現代
有槍砲炸藥之類的比較有代入感，對武俠/奇幻沒興趣，現代但有些微科幻/超能力要素沒關係
2.主角不是從0開始練等
漏漏長的成長過程會讓我想睡，大概是從看完鬥破蒼穹那公式化的遇強敵→隊友幫扛→遇到機運→變強反殺→前往下個城鎮→遇強敵，之後再也不想看這種了
3.主角非中二/死屁孩
不要太嚴重就好，隱殺主角偶爾也會屁孩一下但是是那種大人逗小鬼玩的感覺就不會反感",現代背景,False,遊戲,0.6247190968286953,0.24988763873147812
q8,"希望作品是
1.背景為現代
有槍砲炸藥之類的比較有代入感，對武俠/奇幻沒興趣，現代但有些微科幻/超能力要素沒關係
2.主角不是從0開始練等
漏漏長的成長過程會讓我想睡，大概是從看完鬥破蒼穹那公式化的遇強敵→隊友幫扛→遇到機運→變強反殺→前往下個城鎮→遇強敵，之後再也不想看這種了
3.主角非中二/死屁孩
不要太嚴重就好，隱殺主角偶爾也會屁孩一下但是是那種大人逗小鬼玩的感覺就不會反感",現代背景,False,青春,0.6477692533124306,0.25910770132497224
q8,"希望作品是
1.背景為現代
有槍砲炸藥之類的比較有代入感，對武俠/奇幻沒興趣，現代但有些微科幻/超能力要素沒關係
2.主角不是從0開始練等
漏漏長的成長過程會讓我想睡，大概是從看完鬥破蒼穹那公式化的遇強敵→隊友幫扛→遇到機運→變強反殺→前往下個城鎮→遇強敵，之後再也不想看這種了
3.主角非中二/死屁孩
不要太嚴重就好，隱殺主角偶爾也會屁孩一下但是是那種大人逗小鬼玩的感覺就不會反感",現代背景,False,旅行,0.6438397278061736,0.25753589112246944
q8,"希望作品是
1.背景為現代
有槍砲炸藥之類的比較有代入感，對武俠/奇幻沒興趣，現代但有些微科幻/超能力要素沒關係
2.主角不是從0開始練等
漏漏長的成長過程會讓我想睡，大概是從看完鬥破蒼穹那公式化的遇強敵→隊友幫扛→遇到機運→變強反殺→前往下個城鎮→遇強敵，之後再也不想看這種了
3.主角非中二/死屁孩
不要太嚴重就好，隱殺主角偶爾也會屁孩一下但是是那種大人逗小鬼玩的感覺就不會反感",現代背景,False,蘿莉,0.6381860169813881,0.25527440679255525
q8,"希望作品是
1.背景為現代
有槍砲炸藥之類的比較有代入感，對武俠/奇幻沒興趣，現代但有些微科幻/超能力要素沒關係
2.主角不是從0開始練等
漏漏長的成長過程會讓我想睡，大概是從看完鬥破蒼穹那公式化的遇強敵→隊友幫扛→遇到機運→變強反殺→前往下個城鎮→遇強敵，之後再也不想看這種了
3.主角非中二/死屁孩
不要太嚴重就好，隱殺主角偶爾也會屁孩一下但是是那種大人逗小鬼玩的感覺就不會反感",現代背景,False,JK,0.6681235602563526,0.26724942410254104
q8,"希望作品是
1.背景為現代
有槍砲炸藥之類的比較有代入感，對武俠/奇幻沒興趣，現代但有些微科幻/超能力要素沒關係
2.主角不是從0開始練等
漏漏長的成長過程會讓我想睡，大概是從看完鬥破蒼穹那公式化的遇強敵→隊友幫扛→遇到機運→變強反殺→前往下個城鎮→遇強敵，之後再也不想看這種了
3.主角非中二/死屁孩
不要太嚴重就好，隱殺主角偶爾也會屁孩一下但是是那種大人逗小鬼玩的感覺就不會反感",現代背景,False,後宮,0.6483182045902202,0.25932728183608805
q8,"希望作品是
1.背景為現代
有槍砲炸藥之類的比較有代入感，對武俠/奇幻沒興趣，現代但有些微科幻/超能力要素沒關係
2.主角不是從0開始練等
漏漏長的成長過程會讓我想睡，大概是從看完鬥破蒼穹那公式化的遇強敵→隊友幫扛→遇到機運→變強反殺→前往下個城鎮→遇強敵，之後再也不想看這種了
3.主角非中二/死屁孩
不要太嚴重就好，隱殺主角偶爾也會屁孩一下但是是那種大人逗小鬼玩的感覺就不會反感",現代背景,False,職場,0.6699404446743282,0.2679761778697313
q8,"希望作品是
1.背景為現代
有槍砲炸藥之類的比較有代入感，對武俠/奇幻沒興趣，現代但有些微科幻/超能力要素沒關係
2.主角不是從0開始練等
漏漏長的成長過程會讓我想睡，大概是從看完鬥破蒼穹那公式化的遇強敵→隊友幫扛→遇到機運→變強反殺→前往下個城鎮→遇強敵，之後再也不想看這種了
3.主角非中二/死屁孩
不要太嚴重就好，隱殺主角偶爾也會屁孩一下但是是那種大人逗小鬼玩的感覺就不會反感",現代背景,False,宅文化,0.6409079499891313,0.2563631799956525
q8,"希望作品是
1.背景為現代
有槍砲炸藥之類的比較有代入感，對武俠/奇幻沒興趣，現代但有些微科幻/超能力要素沒關係
2.主角不是從0開始練等
漏漏長的成長過程會讓我想睡，大概是從看完鬥破蒼穹那公式化的遇強敵→隊友幫扛→遇到機運→變強反殺→前往下個城鎮→遇強敵，之後再也不想看這種了
3.主角非中二/死屁孩
不要太嚴重就好，隱殺主角偶爾也會屁孩一下但是是那種大人逗小鬼玩的感覺就不會反感",現代背景,False,校園,0.6663823333549314,0.26655293334197255
q8,"希望作品是
1.背景為現代
有槍砲炸藥之類的比較有代入感，對武俠/奇幻沒興趣，現代但有些微科幻/超能力要素沒關係
2.主角不是從0開始練等
漏漏長的成長過程會讓我想睡，大概是從看完鬥破蒼穹那公式化的遇強敵→隊友幫扛→遇到機運→變強反殺→前往下個城鎮→遇強敵，之後再也不想看這種了
3.主角非中二/死屁孩
不要太嚴重就好，隱殺主角偶爾也會屁孩一下但是是那種大人逗小鬼玩的感覺就不會反感",現代背景,False,同人,0.6528353057205152,0.2611341222882061
q8,"希望作品是
1.背景為現代
有槍砲炸藥之類的比較有代入感，對武俠/奇幻沒興趣，現代但有些微科幻/超能力要素沒關係
2.主角不是從0開始練等
漏漏長的成長過程會讓我想睡，大概是從看完鬥破蒼穹那公式化的遇強敵→隊友幫扛→遇到機運→變強反殺→前往下個城鎮→遇強敵，之後再也不想看這種了
3.主角非中二/死屁孩
不要太嚴重就好，隱殺主角偶爾也會屁孩一下但是是那種大人逗小鬼玩的感覺就不會反感",現代背景,False,異能,0.653565523000758,0.2614262092003032
q8,"希望作品是
1.背景為現代
有槍砲炸藥之類的比較有代入感，對武俠/奇幻沒興趣，現代但有些微科幻/超能力要素沒關係
2.主角不是從0開始練等
漏漏長的成長過程會讓我想睡，大概是從看完鬥破蒼穹那公式化的遇強敵→隊友幫扛→遇到機運→變強反殺→前往下個城鎮→遇強敵，之後再也不想看這種了
3.主角非中二/死屁孩
不要太嚴重就好，隱殺主角偶爾也會屁孩一下但是是那種大人逗小鬼玩的感覺就不會反感",現代背景,False,音樂,0.6529933921240767,0.2611973568496307
q8,"希望作品是
1.背景為現代
有槍砲炸藥之類的比較有代入感，對武俠/奇幻沒興趣，現代但有些微科幻/超能力要素沒關係
2.主角不是從0開始練等
漏漏長的成長過程會讓我想睡，大概是從看完鬥破蒼穹那公式化的遇強敵→隊友幫扛→遇到機運→變強反殺→前往下個城鎮→遇強敵，之後再也不想看這種了
3.主角非中二/死屁孩
不要太嚴重就好，隱殺主角偶爾也會屁孩一下但是是那種大人逗小鬼玩的感覺就不會反感",現代背景,False,間諜,0.6310561224412439,0.25242244897649757
q8,"希望作品是
1.背景為現代
有槍砲炸藥之類的比較有代入感，對武俠/奇幻沒興趣，現代但有些微科幻/超能力要素沒關係
2.主角不是從0開始練等
漏漏長的成長過程會讓我想睡，大概是從看完鬥破蒼穹那公式化的遇強敵→隊友幫扛→遇到機運→變強反殺→前往下個城鎮→遇強敵，之後再也不想看這種了
3.主角非中二/死屁孩
不要太嚴重就好，隱殺主角偶爾也會屁孩一下但是是那種大人逗小鬼玩的感覺就不會反感",現代背景,False,大小姐,0.6412934153530296,0.25651736614121184
q8,"希望作品是
1.背景為現代
有槍砲炸藥之類的比較有代入感，對武俠/奇幻沒興趣，現代但有些微科幻/超能力要素沒關係
2.主角不是從0開始練等
漏漏長的成長過程會讓我想睡，大概是從看完鬥破蒼穹那公式化的遇強敵→隊友幫扛→遇到機運→變強反殺→前往下個城鎮→遇強敵，之後再也不想看這種了
3.主角非中二/死屁孩
不要太嚴重就好，隱殺主角偶爾也會屁孩一下但是是那種大人逗小鬼玩的感覺就不會反感",現代背景,False,魔法,0.6279470360681684,0.25117881442726736
q8,"希望作品是
1.背景為現代
有槍砲炸藥之類的比較有代入感，對武俠/奇幻沒興趣，現代但有些微科幻/超能力要素沒關係
2.主角不是從0開始練等
漏漏長的成長過程會讓我想睡，大概是從看完鬥破蒼穹那公式化的遇強敵→隊友幫扛→遇到機運→變強反殺→前往下個城鎮→遇強敵，之後再也不想看這種了
3.主角非中二/死屁孩
不要太嚴重就好，隱殺主角偶爾也會屁孩一下但是是那種大人逗小鬼玩的感覺就不會反感",現代背景,False,美食,0.6173915712598136,0.24695662850392544
q8,"希望作品是
1.背景為現代
有槍砲炸藥之類的比較有代入感，對武俠/奇幻沒興趣，現代但有些微科幻/超能力要素沒關係
2.主角不是從0開始練等
漏漏長的成長過程會讓我想睡，大概是從看完鬥破蒼穹那公式化的遇強敵→隊友幫扛→遇到機運→變強反殺→前往下個城鎮→遇強敵，之後再也不想看這種了
3.主角非中二/死屁孩
不要太嚴重就好，隱殺主角偶爾也會屁孩一下但是是那種大人逗小鬼玩的感覺就不會反感",現代背景,False,大逃殺,0.6390114878586521,0.25560459514346084
q8,"希望作品是
1.背景為現代
有槍砲炸藥之類的比較有代入感，對武俠/奇幻沒興趣，現代但有些微科幻/超能力要素沒關係
2.主角不是從0開始練等
漏漏長的成長過程會讓我想睡，大概是從看完鬥破蒼穹那公式化的遇強敵→隊友幫扛→遇到機運→變強反殺→前往下個城鎮→遇強敵，之後再也不想看這種了
3.主角非中二/死屁孩
不要太嚴重就好，隱殺主角偶爾也會屁孩一下但是是那種大人逗小鬼玩的感覺就不會反感",現代背景,False,戀愛,0.66161831967574,0.26464732787029605
q8,"希望作品是
1.背景為現代
有槍砲炸藥之類的比較有代入感，對武俠/奇幻沒興趣，現代但有些微科幻/超能力要素沒關係
2.主角不是從0開始練等
漏漏長的成長過程會讓我想睡，大概是從看完鬥破蒼穹那公式化的遇強敵→隊友幫扛→遇到機運→變強反殺→前往下個城鎮→遇強敵，之後再也不想看這種了
3.主角非中二/死屁孩
不要太嚴重就好，隱殺主角偶爾也會屁孩一下但是是那種大人逗小鬼玩的感覺就不會反感",現代背景,False,犯罪,0.6504990575245223,0.2601996230098089
q8,"希望作品是
1.背景為現代
有槍砲炸藥之類的比較有代入感，對武俠/奇幻沒興趣，現代但有些微科幻/超能力要素沒關係
2.主角不是從0開始練等
漏漏長的成長過程會讓我想睡，大概是從看完鬥破蒼穹那公式化的遇強敵→隊友幫扛→遇到機運→變強反殺→前往下個城鎮→遇強敵，之後再也不想看這種了
3.主角非中二/死屁孩
不要太嚴重就好，隱殺主角偶爾也會屁孩一下但是是那種大人逗小鬼玩的感覺就不會反感",現代背景,False,轉生,0.6454184618887796,0.2581673847555119
q8,"希望作品是
1.背景為現代
有槍砲炸藥之類的比較有代入感，對武俠/奇幻沒興趣，現代但有些微科幻/超能力要素沒關係
2.主角不是從0開始練等
漏漏長的成長過程會讓我想睡，大概是從看完鬥破蒼穹那公式化的遇強敵→隊友幫扛→遇到機運→變強反殺→前往下個城鎮→遇強敵，之後再也不想看這種了
3.主角非中二/死屁孩
不要太嚴重就好，隱殺主角偶爾也會屁孩一下但是是那種大人逗小鬼玩的感覺就不會反感",現代背景,False,青梅竹馬,0.6351714305808254,0.25406857223233015
q8,"希望作品是
1.背景為現代
有槍砲炸藥之類的比較有代入感，對武俠/奇幻沒興趣，現代但有些微科幻/超能力要素沒關係
2.主角不是從0開始練等
漏漏長的成長過程會讓我想睡，大概是從看完鬥破蒼穹那公式化的遇強敵→隊友幫扛→遇到機運→變強反殺→前往下個城鎮→遇強敵，之後再也不想看這種了
3.主角非中二/死屁孩
不要太嚴重就好，隱殺主角偶爾也會屁孩一下但是是那種大人逗小鬼玩的感覺就不會反感",現代背景,False,女性視角,0.6693370028022754,0.26773480112091014
q8,"希望作品是
1.背景為現代
有槍砲炸藥之類的比較有代入感，對武俠/奇幻沒興趣，現代但有些微科幻/超能力要素沒關係
2.主角不是從0開始練等
漏漏長的成長過程會讓我想睡，大概是從看完鬥破蒼穹那公式化的遇強敵→隊友幫扛→遇到機運→變強反殺→前往下個城鎮→遇強敵，之後再也不想看這種了
3.主角非中二/死屁孩
不要太嚴重就好，隱殺主角偶爾也會屁孩一下但是是那種大人逗小鬼玩的感覺就不會反感",現代背景,False,溫馨,0.662119446998834,0.2648477787995336
q8,"希望作品是
1.背景為現代
有槍砲炸藥之類的比較有代入感，對武俠/奇幻沒興趣，現代但有些微科幻/超能力要素沒關係
2.主角不是從0開始練等
漏漏長的成長過程會讓我想睡，大概是從看完鬥破蒼穹那公式化的遇強敵→隊友幫扛→遇到機運→變強反殺→前往下個城鎮→遇強敵，之後再也不想看這種了
3.主角非中二/死屁孩
不要太嚴重就好，隱殺主角偶爾也會屁孩一下但是是那種大人逗小鬼玩的感覺就不會反感",現代背景,False,經營,0.6485264676693803,0.2594105870677521
q8,"希望作品是
1.背景為現代
有槍砲炸藥之類的比較有代入感，對武俠/奇幻沒興趣，現代但有些微科幻/超能力要素沒關係
2.主角不是從0開始練等
漏漏長的成長過程會讓我想睡，大概是從看完鬥破蒼穹那公式化的遇強敵→隊友幫扛→遇到機運→變強反殺→前往下個城鎮→遇強敵，之後再也不想看這種了
3.主角非中二/死屁孩
不要太嚴重就好，隱殺主角偶爾也會屁孩一下但是是那種大人逗小鬼玩的感覺就不會反感",現代背景,False,復仇,0.6131393582172807,0.2452557432869123
q8,"希望作品是
1.背景為現代
有槍砲炸藥之類的比較有代入感，對武俠/奇幻沒興趣，現代但有些微科幻/超能力要素沒關係
2.主角不是從0開始練等
漏漏長的成長過程會讓我想睡，大概是從看完鬥破蒼穹那公式化的遇強敵→隊友幫扛→遇到機運→變強反殺→前往下個城鎮→遇強敵，之後再也不想看這種了
3.主角非中二/死屁孩
不要太嚴重就好，隱殺主角偶爾也會屁孩一下但是是那種大人逗小鬼玩的感覺就不會反感",現代背景,False,黑暗,0.6552131356996762,0.2620852542798705
q8,"希望作品是
1.背景為現代
有槍砲炸藥之類的比較有代入感，對武俠/奇幻沒興趣，現代但有些微科幻/超能力要素沒關係
2.主角不是從0開始練等
漏漏長的成長過程會讓我想睡，大概是從看完鬥破蒼穹那公式化的遇強敵→隊友幫扛→遇到機運→變強反殺→前往下個城鎮→遇強敵，之後再也不想看這種了
3.主角非中二/死屁孩
不要太嚴重就好，隱殺主角偶爾也會屁孩一下但是是那種大人逗小鬼玩的感覺就不會反感",現代背景,False,戰鬥,0.6291910924183756,0.25167643696735026
q8,"希望作品是
1.背景為現代
有槍砲炸藥之類的比較有代入感，對武俠/奇幻沒興趣，現代但有些微科幻/超能力要素沒關係
2.主角不是從0開始練等
漏漏長的成長過程會讓我想睡，大概是從看完鬥破蒼穹那公式化的遇強敵→隊友幫扛→遇到機運→變強反殺→前往下個城鎮→遇強敵，之後再也不想看這種了
3.主角非中二/死屁孩
不要太嚴重就好，隱殺主角偶爾也會屁孩一下但是是那種大人逗小鬼玩的感覺就不會反感",現代背景,False,群像,0.653500795894215,0.261400318357686
q8,"希望作品是
1.背景為現代
有槍砲炸藥之類的比較有代入感，對武俠/奇幻沒興趣，現代但有些微科幻/超能力要素沒關係
2.主角不是從0開始練等
漏漏長的成長過程會讓我想睡，大概是從看完鬥破蒼穹那公式化的遇強敵→隊友幫扛→遇到機運→變強反殺→前往下個城鎮→遇強敵，之後再也不想看這種了
3.主角非中二/死屁孩
不要太嚴重就好，隱殺主角偶爾也會屁孩一下但是是那種大人逗小鬼玩的感覺就不會反感",現代背景,False,歡樂向,0.6724424270187214,0.26897697080748856
q8,"希望作品是
1.背景為現代
有槍砲炸藥之類的比較有代入感，對武俠/奇幻沒興趣，現代但有些微科幻/超能力要素沒關係
2.主角不是從0開始練等
漏漏長的成長過程會讓我想睡，大概是從看完鬥破蒼穹那公式化的遇強敵→隊友幫扛→遇到機運→變強反殺→前往下個城鎮→遇強敵，之後再也不想看這種了
3.主角非中二/死屁孩
不要太嚴重就好，隱殺主角偶爾也會屁孩一下但是是那種大人逗小鬼玩的感覺就不會反感",現代背景,False,惡役,0.6277894764403373,0.2511157905761349
q8,"希望作品是
1.背景為現代
有槍砲炸藥之類的比較有代入感，對武俠/奇幻沒興趣，現代但有些微科幻/超能力要素沒關係
2.主角不是從0開始練等
漏漏長的成長過程會讓我想睡，大概是從看完鬥破蒼穹那公式化的遇強敵→隊友幫扛→遇到機運→變強反殺→前往下個城鎮→遇強敵，之後再也不想看這種了
3.主角非中二/死屁孩
不要太嚴重就好，隱殺主角偶爾也會屁孩一下但是是那種大人逗小鬼玩的感覺就不會反感",現代背景,False,機戰,0.6383557461593908,0.25534229846375633
q8,"希望作品是
1.背景為現代
有槍砲炸藥之類的比較有代入感，對武俠/奇幻沒興趣，現代但有些微科幻/超能力要素沒關係
2.主角不是從0開始練等
漏漏長的成長過程會讓我想睡，大概是從看完鬥破蒼穹那公式化的遇強敵→隊友幫扛→遇到機運→變強反殺→前往下個城鎮→遇強敵，之後再也不想看這種了
3.主角非中二/死屁孩
不要太嚴重就好，隱殺主角偶爾也會屁孩一下但是是那種大人逗小鬼玩的感覺就不會反感",現代背景,False,驚悚,0.6552656974868291,0.26210627899473166
q8,"希望作品是
1.背景為現代
有槍砲炸藥之類的比較有代入感，對武俠/奇幻沒興趣，現代但有些微科幻/超能力要素沒關係
2.主角不是從0開始練等
漏漏長的成長過程會讓我想睡，大概是從看完鬥破蒼穹那公式化的遇強敵→隊友幫扛→遇到機運→變強反殺→前往下個城鎮→遇強敵，之後再也不想看這種了
3.主角非中二/死屁孩
不要太嚴重就好，隱殺主角偶爾也會屁孩一下但是是那種大人逗小鬼玩的感覺就不會反感",現代背景,False,奇幻,0.669857803133822,0.2679431212535288
q8,"希望作品是
1.背景為現代
有槍砲炸藥之類的比較有代入感，對武俠/奇幻沒興趣，現代但有些微科幻/超能力要素沒關係
2.主角不是從0開始練等
漏漏長的成長過程會讓我想睡，大概是從看完鬥破蒼穹那公式化的遇強敵→隊友幫扛→遇到機運→變強反殺→前往下個城鎮→遇強敵，之後再也不想看這種了
3.主角非中二/死屁孩
不要太嚴重就好，隱殺主角偶爾也會屁孩一下但是是那種大人逗小鬼玩的感覺就不會反感",現代背景,False,耽美,0.6641587482145717,0.26566349928582866
q8,"希望作品是
1.背景為現代
有槍砲炸藥之類的比較有代入感，對武俠/奇幻沒興趣，現代但有些微科幻/超能力要素沒關係
2.主角不是從0開始練等
漏漏長的成長過程會讓我想睡，大概是從看完鬥破蒼穹那公式化的遇強敵→隊友幫扛→遇到機運→變強反殺→前往下個城鎮→遇強敵，之後再也不想看這種了
3.主角非中二/死屁孩
不要太嚴重就好，隱殺主角偶爾也會屁孩一下但是是那種大人逗小鬼玩的感覺就不會反感",現代背景,False,妹妹,0.6295120656081163,0.25180482624324657
q8,"希望作品是
1.背景為現代
有槍砲炸藥之類的比較有代入感，對武俠/奇幻沒興趣，現代但有些微科幻/超能力要素沒關係
2.主角不是從0開始練等
漏漏長的成長過程會讓我想睡，大概是從看完鬥破蒼穹那公式化的遇強敵→隊友幫扛→遇到機運→變強反殺→前往下個城鎮→遇強敵，之後再也不想看這種了
3.主角非中二/死屁孩
不要太嚴重就好，隱殺主角偶爾也會屁孩一下但是是那種大人逗小鬼玩的感覺就不會反感",現代背景,False,龍傲天,0.6290251064510053,0.25161004258040215
q8,"希望作品是
1.背景為現代
有槍砲炸藥之類的比較有代入感，對武俠/奇幻沒興趣，現代但有些微科幻/超能力要素沒關係
2.主角不是從0開始練等
漏漏長的成長過程會讓我想睡，大概是從看完鬥破蒼穹那公式化的遇強敵→隊友幫扛→遇到機運→變強反殺→前往下個城鎮→遇強敵，之後再也不想看這種了
3.主角非中二/死屁孩
不要太嚴重就好，隱殺主角偶爾也會屁孩一下但是是那種大人逗小鬼玩的感覺就不會反感",現代背景,False,推理,0.6623690459924906,0.26494761839699627
q8,"希望作品是
1.背景為現代
有槍砲炸藥之類的比較有代入感，對武俠/奇幻沒興趣，現代但有些微科幻/超能力要素沒關係
2.主角不是從0開始練等
漏漏長的成長過程會讓我想睡，大概是從看完鬥破蒼穹那公式化的遇強敵→隊友幫扛→遇到機運→變強反殺→前往下個城鎮→遇強敵，之後再也不想看這種了
3.主角非中二/死屁孩
不要太嚴重就好，隱殺主角偶爾也會屁孩一下但是是那種大人逗小鬼玩的感覺就不會反感",現代背景,False,JC,0.65929567012012,0.26371826804804804
q8,"希望作品是
1.背景為現代
有槍砲炸藥之類的比較有代入感，對武俠/奇幻沒興趣，現代但有些微科幻/超能力要素沒關係
2.主角不是從0開始練等
漏漏長的成長過程會讓我想睡，大概是從看完鬥破蒼穹那公式化的遇強敵→隊友幫扛→遇到機運→變強反殺→前往下個城鎮→遇強敵，之後再也不想看這種了
3.主角非中二/死屁孩
不要太嚴重就好，隱殺主角偶爾也會屁孩一下但是是那種大人逗小鬼玩的感覺就不會反感",現代背景,False,偽娘,0.6258488340859392,0.25033953363437567
q8,"希望作品是
1.背景為現代
有槍砲炸藥之類的比較有代入感，對武俠/奇幻沒興趣，現代但有些微科幻/超能力要素沒關係
2.主角不是從0開始練等
漏漏長的成長過程會讓我想睡，大概是從看完鬥破蒼穹那公式化的遇強敵→隊友幫扛→遇到機運→變強反殺→前往下個城鎮→遇強敵，之後再也不想看這種了
3.主角非中二/死屁孩
不要太嚴重就好，隱殺主角偶爾也會屁孩一下但是是那種大人逗小鬼玩的感覺就不會反感",現代背景,False,NTR,0.6529079707729781,0.2611631883091913
q8,"希望作品是
1.背景為現代
有槍砲炸藥之類的比較有代入感，對武俠/奇幻沒興趣，現代但有些微科幻/超能力要素沒關係
2.主角不是從0開始練等
漏漏長的成長過程會讓我想睡，大概是從看完鬥破蒼穹那公式化的遇強敵→隊友幫扛→遇到機運→變強反殺→前往下個城鎮→遇強敵，之後再也不想看這種了
3.主角非中二/死屁孩
不要太嚴重就好，隱殺主角偶爾也會屁孩一下但是是那種大人逗小鬼玩的感覺就不會反感",現代背景,False,戰爭,0.6453717370462169,0.25814869481848673
q8,"希望作品是
1.背景為現代
有槍砲炸藥之類的比較有代入感，對武俠/奇幻沒興趣，現代但有些微科幻/超能力要素沒關係
2.主角不是從0開始練等
漏漏長的成長過程會讓我想睡，大概是從看完鬥破蒼穹那公式化的遇強敵→隊友幫扛→遇到機運→變強反殺→前往下個城鎮→遇強敵，之後再也不想看這種了
3.主角非中二/死屁孩
不要太嚴重就好，隱殺主角偶爾也會屁孩一下但是是那種大人逗小鬼玩的感覺就不會反感",現代背景,False,病嬌,0.6295305827030219,0.25181223308120876
q8,"希望作品是
1.背景為現代
有槍砲炸藥之類的比較有代入感，對武俠/奇幻沒興趣，現代但有些微科幻/超能力要素沒關係
2.主角不是從0開始練等
漏漏長的成長過程會讓我想睡，大概是從看完鬥破蒼穹那公式化的遇強敵→隊友幫扛→遇到機運→變強反殺→前往下個城鎮→遇強敵，之後再也不想看這種了
3.主角非中二/死屁孩
不要太嚴重就好，隱殺主角偶爾也會屁孩一下但是是那種大人逗小鬼玩的感覺就不會反感",現代背景,False,熱血,0.6398407558258639,0.25593630233034553
q8,"希望作品是
1.背景為現代
有槍砲炸藥之類的比較有代入感，對武俠/奇幻沒興趣，現代但有些微科幻/超能力要素沒關係
2.主角不是從0開始練等
漏漏長的成長過程會讓我想睡，大概是從看完鬥破蒼穹那公式化的遇強敵→隊友幫扛→遇到機運→變強反殺→前往下個城鎮→遇強敵，之後再也不想看這種了
3.主角非中二/死屁孩
不要太嚴重就好，隱殺主角偶爾也會屁孩一下但是是那種大人逗小鬼玩的感覺就不會反感",現代背景,False,冒險,0.6458931451069283,0.2583572580427713
q8,"希望作品是
1.背景為現代
有槍砲炸藥之類的比較有代入感，對武俠/奇幻沒興趣，現代但有些微科幻/超能力要素沒關係
2.主角不是從0開始練等
漏漏長的成長過程會讓我想睡，大概是從看完鬥破蒼穹那公式化的遇強敵→隊友幫扛→遇到機運→變強反殺→前往下個城鎮→遇強敵，之後再也不想看這種了
3.主角非中二/死屁孩
不要太嚴重就好，隱殺主角偶爾也會屁孩一下但是是那種大人逗小鬼玩的感覺就不會反感",現代背景,False,女兒,0.6301085333154912,0.2520434133261965
q8,"希望作品是
1.背景為現代
有槍砲炸藥之類的比較有代入感，對武俠/奇幻沒興趣，現代但有些微科幻/超能力要素沒關係
2.主角不是從0開始練等
漏漏長的成長過程會讓我想睡，大概是從看完鬥破蒼穹那公式化的遇強敵→隊友幫扛→遇到機運→變強反殺→前往下個城鎮→遇強敵，之後再也不想看這種了
3.主角非中二/死屁孩
不要太嚴重就好，隱殺主角偶爾也會屁孩一下但是是那種大人逗小鬼玩的感覺就不會反感",現代背景,False,人外,0.6675666920864913,0.2670266768345965
q8,"希望作品是
1.背景為現代
有槍砲炸藥之類的比較有代入感，對武俠/奇幻沒興趣，現代但有些微科幻/超能力要素沒關係
2.主角不是從0開始練等
漏漏長的成長過程會讓我想睡，大概是從看完鬥破蒼穹那公式化的遇強敵→隊友幫扛→遇到機運→變強反殺→前往下個城鎮→遇強敵，之後再也不想看這種了
3.主角非中二/死屁孩
不要太嚴重就好，隱殺主角偶爾也會屁孩一下但是是那種大人逗小鬼玩的感覺就不會反感",現代背景,False,異世界,0.6708951892606535,0.2683580757042614
q8,"希望作品是
1.背景為現代
有槍砲炸藥之類的比較有代入感，對武俠/奇幻沒興趣，現代但有些微科幻/超能力要素沒關係
2.主角不是從0開始練等
漏漏長的成長過程會讓我想睡，大概是從看完鬥破蒼穹那公式化的遇強敵→隊友幫扛→遇到機運→變強反殺→前往下個城鎮→遇強敵，之後再也不想看這種了
3.主角非中二/死屁孩
不要太嚴重就好，隱殺主角偶爾也會屁孩一下但是是那種大人逗小鬼玩的感覺就不會反感",現代背景,False,懸疑,0.6697780103959208,0.26791120415836833
q8,"希望作品是
1.背景為現代
有槍砲炸藥之類的比較有代入感，對武俠/奇幻沒興趣，現代但有些微科幻/超能力要素沒關係
2.主角不是從0開始練等
漏漏長的成長過程會讓我想睡，大概是從看完鬥破蒼穹那公式化的遇強敵→隊友幫扛→遇到機運→變強反殺→前往下個城鎮→遇強敵，之後再也不想看這種了
3.主角非中二/死屁孩
不要太嚴重就好，隱殺主角偶爾也會屁孩一下但是是那種大人逗小鬼玩的感覺就不會反感",槍砲,False,大逃殺,0.6602521682368404,0.2641008672947362
q8,"希望作品是
1.背景為現代
有槍砲炸藥之類的比較有代入感，對武俠/奇幻沒興趣，現代但有些微科幻/超能力要素沒關係
2.主角不是從0開始練等
漏漏長的成長過程會讓我想睡，大概是從看完鬥破蒼穹那公式化的遇強敵→隊友幫扛→遇到機運→變強反殺→前往下個城鎮→遇強敵，之後再也不想看這種了
3.主角非中二/死屁孩
不要太嚴重就好，隱殺主角偶爾也會屁孩一下但是是那種大人逗小鬼玩的感覺就不會反感",槍砲,False,戀愛,0.6240990908741478,0.24963963634965913
q8,"希望作品是
1.背景為現代
有槍砲炸藥之類的比較有代入感，對武俠/奇幻沒興趣，現代但有些微科幻/超能力要素沒關係
2.主角不是從0開始練等
漏漏長的成長過程會讓我想睡，大概是從看完鬥破蒼穹那公式化的遇強敵→隊友幫扛→遇到機運→變強反殺→前往下個城鎮→遇強敵，之後再也不想看這種了
3.主角非中二/死屁孩
不要太嚴重就好，隱殺主角偶爾也會屁孩一下但是是那種大人逗小鬼玩的感覺就不會反感",槍砲,False,犯罪,0.6678122308192929,0.26712489232771713
q8,"希望作品是
1.背景為現代
有槍砲炸藥之類的比較有代入感，對武俠/奇幻沒興趣，現代但有些微科幻/超能力要素沒關係
2.主角不是從0開始練等
漏漏長的成長過程會讓我想睡，大概是從看完鬥破蒼穹那公式化的遇強敵→隊友幫扛→遇到機運→變強反殺→前往下個城鎮→遇強敵，之後再也不想看這種了
3.主角非中二/死屁孩
不要太嚴重就好，隱殺主角偶爾也會屁孩一下但是是那種大人逗小鬼玩的感覺就不會反感",槍砲,False,鬥智,0.6319441289588908,0.25277765158355636
q8,"希望作品是
1.背景為現代
有槍砲炸藥之類的比較有代入感，對武俠/奇幻沒興趣，現代但有些微科幻/超能力要素沒關係
2.主角不是從0開始練等
漏漏長的成長過程會讓我想睡，大概是從看完鬥破蒼穹那公式化的遇強敵→隊友幫扛→遇到機運→變強反殺→前往下個城鎮→遇強敵，之後再也不想看這種了
3.主角非中二/死屁孩
不要太嚴重就好，隱殺主角偶爾也會屁孩一下但是是那種大人逗小鬼玩的感覺就不會反感",槍砲,False,科幻,0.6708900343199052,0.2683560137279621
q8,"希望作品是
1.背景為現代
有槍砲炸藥之類的比較有代入感，對武俠/奇幻沒興趣，現代但有些微科幻/超能力要素沒關係
2.主角不是從0開始練等
漏漏長的成長過程會讓我想睡，大概是從看完鬥破蒼穹那公式化的遇強敵→隊友幫扛→遇到機運→變強反殺→前往下個城鎮→遇強敵，之後再也不想看這種了
3.主角非中二/死屁孩
不要太嚴重就好，隱殺主角偶爾也會屁孩一下但是是那種大人逗小鬼玩的感覺就不會反感",槍砲,False,格鬥,0.6328955512196169,0.2531582204878468
q8,"希望作品是
1.背景為現代
有槍砲炸藥之類的比較有代入感，對武俠/奇幻沒興趣，現代但有些微科幻/超能力要素沒關係
2.主角不是從0開始練等
漏漏長的成長過程會讓我想睡，大概是從看完鬥破蒼穹那公式化的遇強敵→隊友幫扛→遇到機運→變強反殺→前往下個城鎮→遇強敵，之後再也不想看這種了
3.主角非中二/死屁孩
不要太嚴重就好，隱殺主角偶爾也會屁孩一下但是是那種大人逗小鬼玩的感覺就不會反感",槍砲,False,轉生,0.6247116385255589,0.24988465541022356
q8,"希望作品是
1.背景為現代
有槍砲炸藥之類的比較有代入感，對武俠/奇幻沒興趣，現代但有些微科幻/超能力要素沒關係
2.主角不是從0開始練等
漏漏長的成長過程會讓我想睡，大概是從看完鬥破蒼穹那公式化的遇強敵→隊友幫扛→遇到機運→變強反殺→前往下個城鎮→遇強敵，之後再也不想看這種了
3.主角非中二/死屁孩
不要太嚴重就好，隱殺主角偶爾也會屁孩一下但是是那種大人逗小鬼玩的感覺就不會反感",槍砲,False,治癒,0.6209003395828194,0.24836013583312777
q8,"希望作品是
1.背景為現代
有槍砲炸藥之類的比較有代入感，對武俠/奇幻沒興趣，現代但有些微科幻/超能力要素沒關係
2.主角不是從0開始練等
漏漏長的成長過程會讓我想睡，大概是從看完鬥破蒼穹那公式化的遇強敵→隊友幫扛→遇到機運→變強反殺→前往下個城鎮→遇強敵，之後再也不想看這種了
3.主角非中二/死屁孩
不要太嚴重就好，隱殺主角偶爾也會屁孩一下但是是那種大人逗小鬼玩的感覺就不會反感",槍砲,False,女性視角,0.6394369377329496,0.25577477509317986
q8,"希望作品是
1.背景為現代
有槍砲炸藥之類的比較有代入感，對武俠/奇幻沒興趣，現代但有些微科幻/超能力要素沒關係
2.主角不是從0開始練等
漏漏長的成長過程會讓我想睡，大概是從看完鬥破蒼穹那公式化的遇強敵→隊友幫扛→遇到機運→變強反殺→前往下個城鎮→遇強敵，之後再也不想看這種了
3.主角非中二/死屁孩
不要太嚴重就好，隱殺主角偶爾也會屁孩一下但是是那種大人逗小鬼玩的感覺就不會反感",槍砲,False,經營,0.6258776903307566,0.2503510761323026
q8,"希望作品是
1.背景為現代
有槍砲炸藥之類的比較有代入感，對武俠/奇幻沒興趣，現代但有些微科幻/超能力要素沒關係
2.主角不是從0開始練等
漏漏長的成長過程會讓我想睡，大概是從看完鬥破蒼穹那公式化的遇強敵→隊友幫扛→遇到機運→變強反殺→前往下個城鎮→遇強敵，之後再也不想看這種了
3.主角非中二/死屁孩
不要太嚴重就好，隱殺主角偶爾也會屁孩一下但是是那種大人逗小鬼玩的感覺就不會反感",槍砲,False,溫馨,0.6271714226665133,0.2508685690666053
q8,"希望作品是
1.背景為現代
有槍砲炸藥之類的比較有代入感，對武俠/奇幻沒興趣，現代但有些微科幻/超能力要素沒關係
2.主角不是從0開始練等
漏漏長的成長過程會讓我想睡，大概是從看完鬥破蒼穹那公式化的遇強敵→隊友幫扛→遇到機運→變強反殺→前往下個城鎮→遇強敵，之後再也不想看這種了
3.主角非中二/死屁孩
不要太嚴重就好，隱殺主角偶爾也會屁孩一下但是是那種大人逗小鬼玩的感覺就不會反感",槍砲,False,獵奇,0.6567616135394913,0.2627046454157965
q8,"希望作品是
1.背景為現代
有槍砲炸藥之類的比較有代入感，對武俠/奇幻沒興趣，現代但有些微科幻/超能力要素沒關係
2.主角不是從0開始練等
漏漏長的成長過程會讓我想睡，大概是從看完鬥破蒼穹那公式化的遇強敵→隊友幫扛→遇到機運→變強反殺→前往下個城鎮→遇強敵，之後再也不想看這種了
3.主角非中二/死屁孩
不要太嚴重就好，隱殺主角偶爾也會屁孩一下但是是那種大人逗小鬼玩的感覺就不會反感",槍砲,False,復仇,0.6331884042761646,0.2532753617104659
q8,"希望作品是
1.背景為現代
有槍砲炸藥之類的比較有代入感，對武俠/奇幻沒興趣，現代但有些微科幻/超能力要素沒關係
2.主角不是從0開始練等
漏漏長的成長過程會讓我想睡，大概是從看完鬥破蒼穹那公式化的遇強敵→隊友幫扛→遇到機運→變強反殺→前往下個城鎮→遇強敵，之後再也不想看這種了
3.主角非中二/死屁孩
不要太嚴重就好，隱殺主角偶爾也會屁孩一下但是是那種大人逗小鬼玩的感覺就不會反感",槍砲,False,黑暗,0.6411376160849169,0.25645504643396677
q8,"希望作品是
1.背景為現代
有槍砲炸藥之類的比較有代入感，對武俠/奇幻沒興趣，現代但有些微科幻/超能力要素沒關係
2.主角不是從0開始練等
漏漏長的成長過程會讓我想睡，大概是從看完鬥破蒼穹那公式化的遇強敵→隊友幫扛→遇到機運→變強反殺→前往下個城鎮→遇強敵，之後再也不想看這種了
3.主角非中二/死屁孩
不要太嚴重就好，隱殺主角偶爾也會屁孩一下但是是那種大人逗小鬼玩的感覺就不會反感",槍砲,False,末日,0.647620787422852,0.2590483149691408
q8,"希望作品是
1.背景為現代
有槍砲炸藥之類的比較有代入感，對武俠/奇幻沒興趣，現代但有些微科幻/超能力要素沒關係
2.主角不是從0開始練等
漏漏長的成長過程會讓我想睡，大概是從看完鬥破蒼穹那公式化的遇強敵→隊友幫扛→遇到機運→變強反殺→前往下個城鎮→遇強敵，之後再也不想看這種了
3.主角非中二/死屁孩
不要太嚴重就好，隱殺主角偶爾也會屁孩一下但是是那種大人逗小鬼玩的感覺就不會反感",槍砲,False,遊戲,0.6426042922897615,0.2570417169159046
q8,"希望作品是
1.背景為現代
有槍砲炸藥之類的比較有代入感，對武俠/奇幻沒興趣，現代但有些微科幻/超能力要素沒關係
2.主角不是從0開始練等
漏漏長的成長過程會讓我想睡，大概是從看完鬥破蒼穹那公式化的遇強敵→隊友幫扛→遇到機運→變強反殺→前往下個城鎮→遇強敵，之後再也不想看這種了
3.主角非中二/死屁孩
不要太嚴重就好，隱殺主角偶爾也會屁孩一下但是是那種大人逗小鬼玩的感覺就不會反感",槍砲,False,戰鬥,0.6664416674763249,0.26657666699053
q8,"希望作品是
1.背景為現代
有槍砲炸藥之類的比較有代入感，對武俠/奇幻沒興趣，現代但有些微科幻/超能力要素沒關係
2.主角不是從0開始練等
漏漏長的成長過程會讓我想睡，大概是從看完鬥破蒼穹那公式化的遇強敵→隊友幫扛→遇到機運→變強反殺→前往下個城鎮→遇強敵，之後再也不想看這種了
3.主角非中二/死屁孩
不要太嚴重就好，隱殺主角偶爾也會屁孩一下但是是那種大人逗小鬼玩的感覺就不會反感",槍砲,False,青春,0.6147185354728928,0.24588741418915713
q8,"希望作品是
1.背景為現代
有槍砲炸藥之類的比較有代入感，對武俠/奇幻沒興趣，現代但有些微科幻/超能力要素沒關係
2.主角不是從0開始練等
漏漏長的成長過程會讓我想睡，大概是從看完鬥破蒼穹那公式化的遇強敵→隊友幫扛→遇到機運→變強反殺→前往下個城鎮→遇強敵，之後再也不想看這種了
3.主角非中二/死屁孩
不要太嚴重就好，隱殺主角偶爾也會屁孩一下但是是那種大人逗小鬼玩的感覺就不會反感",槍砲,False,群像,0.64949506539545,0.25979802615818
q8,"希望作品是
1.背景為現代
有槍砲炸藥之類的比較有代入感，對武俠/奇幻沒興趣，現代但有些微科幻/超能力要素沒關係
2.主角不是從0開始練等
漏漏長的成長過程會讓我想睡，大概是從看完鬥破蒼穹那公式化的遇強敵→隊友幫扛→遇到機運→變強反殺→前往下個城鎮→遇強敵，之後再也不想看這種了
3.主角非中二/死屁孩
不要太嚴重就好，隱殺主角偶爾也會屁孩一下但是是那種大人逗小鬼玩的感覺就不會反感",槍砲,False,歡樂向,0.6708752560091584,0.26835010240366336
q8,"希望作品是
1.背景為現代
有槍砲炸藥之類的比較有代入感，對武俠/奇幻沒興趣，現代但有些微科幻/超能力要素沒關係
2.主角不是從0開始練等
漏漏長的成長過程會讓我想睡，大概是從看完鬥破蒼穹那公式化的遇強敵→隊友幫扛→遇到機運→變強反殺→前往下個城鎮→遇強敵，之後再也不想看這種了
3.主角非中二/死屁孩
不要太嚴重就好，隱殺主角偶爾也會屁孩一下但是是那種大人逗小鬼玩的感覺就不會反感",槍砲,False,旅行,0.6201172786347471,0.24804691145389884
q8,"希望作品是
1.背景為現代
有槍砲炸藥之類的比較有代入感，對武俠/奇幻沒興趣，現代但有些微科幻/超能力要素沒關係
2.主角不是從0開始練等
漏漏長的成長過程會讓我想睡，大概是從看完鬥破蒼穹那公式化的遇強敵→隊友幫扛→遇到機運→變強反殺→前往下個城鎮→遇強敵，之後再也不想看這種了
3.主角非中二/死屁孩
不要太嚴重就好，隱殺主角偶爾也會屁孩一下但是是那種大人逗小鬼玩的感覺就不會反感",槍砲,False,惡役,0.6362684281388876,0.25450737125555506
q8,"希望作品是
1.背景為現代
有槍砲炸藥之類的比較有代入感，對武俠/奇幻沒興趣，現代但有些微科幻/超能力要素沒關係
2.主角不是從0開始練等
漏漏長的成長過程會讓我想睡，大概是從看完鬥破蒼穹那公式化的遇強敵→隊友幫扛→遇到機運→變強反殺→前往下個城鎮→遇強敵，之後再也不想看這種了
3.主角非中二/死屁孩
不要太嚴重就好，隱殺主角偶爾也會屁孩一下但是是那種大人逗小鬼玩的感覺就不會反感",槍砲,False,機戰,0.6716088284726239,0.26864353138904956
q8,"希望作品是
1.背景為現代
有槍砲炸藥之類的比較有代入感，對武俠/奇幻沒興趣，現代但有些微科幻/超能力要素沒關係
2.主角不是從0開始練等
漏漏長的成長過程會讓我想睡，大概是從看完鬥破蒼穹那公式化的遇強敵→隊友幫扛→遇到機運→變強反殺→前往下個城鎮→遇強敵，之後再也不想看這種了
3.主角非中二/死屁孩
不要太嚴重就好，隱殺主角偶爾也會屁孩一下但是是那種大人逗小鬼玩的感覺就不會反感",槍砲,False,驚悚,0.6511095555451305,0.26044382221805223
q8,"希望作品是
1.背景為現代
有槍砲炸藥之類的比較有代入感，對武俠/奇幻沒興趣，現代但有些微科幻/超能力要素沒關係
2.主角不是從0開始練等
漏漏長的成長過程會讓我想睡，大概是從看完鬥破蒼穹那公式化的遇強敵→隊友幫扛→遇到機運→變強反殺→前往下個城鎮→遇強敵，之後再也不想看這種了
3.主角非中二/死屁孩
不要太嚴重就好，隱殺主角偶爾也會屁孩一下但是是那種大人逗小鬼玩的感覺就不會反感",槍砲,False,奇幻,0.6349349951048889,0.2539739980419556
q8,"希望作品是
1.背景為現代
有槍砲炸藥之類的比較有代入感，對武俠/奇幻沒興趣，現代但有些微科幻/超能力要素沒關係
2.主角不是從0開始練等
漏漏長的成長過程會讓我想睡，大概是從看完鬥破蒼穹那公式化的遇強敵→隊友幫扛→遇到機運→變強反殺→前往下個城鎮→遇強敵，之後再也不想看這種了
3.主角非中二/死屁孩
不要太嚴重就好，隱殺主角偶爾也會屁孩一下但是是那種大人逗小鬼玩的感覺就不會反感",槍砲,False,JK,0.6417615714095876,0.256704628563835
q8,"希望作品是
1.背景為現代
有槍砲炸藥之類的比較有代入感，對武俠/奇幻沒興趣，現代但有些微科幻/超能力要素沒關係
2.主角不是從0開始練等
漏漏長的成長過程會讓我想睡，大概是從看完鬥破蒼穹那公式化的遇強敵→隊友幫扛→遇到機運→變強反殺→前往下個城鎮→遇強敵，之後再也不想看這種了
3.主角非中二/死屁孩
不要太嚴重就好，隱殺主角偶爾也會屁孩一下但是是那種大人逗小鬼玩的感覺就不會反感",槍砲,False,後宮,0.6195139560672226,0.24780558242688905
q8,"希望作品是
1.背景為現代
有槍砲炸藥之類的比較有代入感，對武俠/奇幻沒興趣，現代但有些微科幻/超能力要素沒關係
2.主角不是從0開始練等
漏漏長的成長過程會讓我想睡，大概是從看完鬥破蒼穹那公式化的遇強敵→隊友幫扛→遇到機運→變強反殺→前往下個城鎮→遇強敵，之後再也不想看這種了
3.主角非中二/死屁孩
不要太嚴重就好，隱殺主角偶爾也會屁孩一下但是是那種大人逗小鬼玩的感覺就不會反感",槍砲,False,耽美,0.6514828526891557,0.2605931410756623
q8,"希望作品是
1.背景為現代
有槍砲炸藥之類的比較有代入感，對武俠/奇幻沒興趣，現代但有些微科幻/超能力要素沒關係
2.主角不是從0開始練等
漏漏長的成長過程會讓我想睡，大概是從看完鬥破蒼穹那公式化的遇強敵→隊友幫扛→遇到機運→變強反殺→前往下個城鎮→遇強敵，之後再也不想看這種了
3.主角非中二/死屁孩
不要太嚴重就好，隱殺主角偶爾也會屁孩一下但是是那種大人逗小鬼玩的感覺就不會反感",槍砲,False,龍傲天,0.6195863086552921,0.24783452346211685
q8,"希望作品是
1.背景為現代
有槍砲炸藥之類的比較有代入感，對武俠/奇幻沒興趣，現代但有些微科幻/超能力要素沒關係
2.主角不是從0開始練等
漏漏長的成長過程會讓我想睡，大概是從看完鬥破蒼穹那公式化的遇強敵→隊友幫扛→遇到機運→變強反殺→前往下個城鎮→遇強敵，之後再也不想看這種了
3.主角非中二/死屁孩
不要太嚴重就好，隱殺主角偶爾也會屁孩一下但是是那種大人逗小鬼玩的感覺就不會反感",槍砲,False,職場,0.6193912558709733,0.24775650234838933
q8,"希望作品是
1.背景為現代
有槍砲炸藥之類的比較有代入感，對武俠/奇幻沒興趣，現代但有些微科幻/超能力要素沒關係
2.主角不是從0開始練等
漏漏長的成長過程會讓我想睡，大概是從看完鬥破蒼穹那公式化的遇強敵→隊友幫扛→遇到機運→變強反殺→前往下個城鎮→遇強敵，之後再也不想看這種了
3.主角非中二/死屁孩
不要太嚴重就好，隱殺主角偶爾也會屁孩一下但是是那種大人逗小鬼玩的感覺就不會反感",槍砲,False,推理,0.649941287026821,0.2599765148107284
q8,"希望作品是
1.背景為現代
有槍砲炸藥之類的比較有代入感，對武俠/奇幻沒興趣，現代但有些微科幻/超能力要素沒關係
2.主角不是從0開始練等
漏漏長的成長過程會讓我想睡，大概是從看完鬥破蒼穹那公式化的遇強敵→隊友幫扛→遇到機運→變強反殺→前往下個城鎮→遇強敵，之後再也不想看這種了
3.主角非中二/死屁孩
不要太嚴重就好，隱殺主角偶爾也會屁孩一下但是是那種大人逗小鬼玩的感覺就不會反感",槍砲,False,JC,0.6312887580605935,0.2525155032242374
q8,"希望作品是
1.背景為現代
有槍砲炸藥之類的比較有代入感，對武俠/奇幻沒興趣，現代但有些微科幻/超能力要素沒關係
2.主角不是從0開始練等
漏漏長的成長過程會讓我想睡，大概是從看完鬥破蒼穹那公式化的遇強敵→隊友幫扛→遇到機運→變強反殺→前往下個城鎮→遇強敵，之後再也不想看這種了
3.主角非中二/死屁孩
不要太嚴重就好，隱殺主角偶爾也會屁孩一下但是是那種大人逗小鬼玩的感覺就不會反感",槍砲,False,宅文化,0.6223946112500486,0.24895784450001945
q8,"希望作品是
1.背景為現代
有槍砲炸藥之類的比較有代入感，對武俠/奇幻沒興趣，現代但有些微科幻/超能力要素沒關係
2.主角不是從0開始練等
漏漏長的成長過程會讓我想睡，大概是從看完鬥破蒼穹那公式化的遇強敵→隊友幫扛→遇到機運→變強反殺→前往下個城鎮→遇強敵，之後再也不想看這種了
3.主角非中二/死屁孩
不要太嚴重就好，隱殺主角偶爾也會屁孩一下但是是那種大人逗小鬼玩的感覺就不會反感",槍砲,False,校園,0.6282143592315598,0.2512857436926239
q8,"希望作品是
1.背景為現代
有槍砲炸藥之類的比較有代入感，對武俠/奇幻沒興趣，現代但有些微科幻/超能力要素沒關係
2.主角不是從0開始練等
漏漏長的成長過程會讓我想睡，大概是從看完鬥破蒼穹那公式化的遇強敵→隊友幫扛→遇到機運→變強反殺→前往下個城鎮→遇強敵，之後再也不想看這種了
3.主角非中二/死屁孩
不要太嚴重就好，隱殺主角偶爾也會屁孩一下但是是那種大人逗小鬼玩的感覺就不會反感",槍砲,False,同人,0.6484080900055395,0.2593632360022158
q8,"希望作品是
1.背景為現代
有槍砲炸藥之類的比較有代入感，對武俠/奇幻沒興趣，現代但有些微科幻/超能力要素沒關係
2.主角不是從0開始練等
漏漏長的成長過程會讓我想睡，大概是從看完鬥破蒼穹那公式化的遇強敵→隊友幫扛→遇到機運→變強反殺→前往下個城鎮→遇強敵，之後再也不想看這種了
3.主角非中二/死屁孩
不要太嚴重就好，隱殺主角偶爾也會屁孩一下但是是那種大人逗小鬼玩的感覺就不會反感",槍砲,False,NTR,0.6358502676382884,0.2543401070553154
q8,"希望作品是
1.背景為現代
有槍砲炸藥之類的比較有代入感，對武俠/奇幻沒興趣，現代但有些微科幻/超能力要素沒關係
2.主角不是從0開始練等
漏漏長的成長過程會讓我想睡，大概是從看完鬥破蒼穹那公式化的遇強敵→隊友幫扛→遇到機運→變強反殺→前往下個城鎮→遇強敵，之後再也不想看這種了
3.主角非中二/死屁孩
不要太嚴重就好，隱殺主角偶爾也會屁孩一下但是是那種大人逗小鬼玩的感覺就不會反感",槍砲,False,異能,0.639430199962606,0.2557720799850424
q8,"希望作品是
1.背景為現代
有槍砲炸藥之類的比較有代入感，對武俠/奇幻沒興趣，現代但有些微科幻/超能力要素沒關係
2.主角不是從0開始練等
漏漏長的成長過程會讓我想睡，大概是從看完鬥破蒼穹那公式化的遇強敵→隊友幫扛→遇到機運→變強反殺→前往下個城鎮→遇強敵，之後再也不想看這種了
3.主角非中二/死屁孩
不要太嚴重就好，隱殺主角偶爾也會屁孩一下但是是那種大人逗小鬼玩的感覺就不會反感",槍砲,False,戰爭,0.6887366967994971,0.2754946787197989
q8,"希望作品是
1.背景為現代
有槍砲炸藥之類的比較有代入感，對武俠/奇幻沒興趣，現代但有些微科幻/超能力要素沒關係
2.主角不是從0開始練等
漏漏長的成長過程會讓我想睡，大概是從看完鬥破蒼穹那公式化的遇強敵→隊友幫扛→遇到機運→變強反殺→前往下個城鎮→遇強敵，之後再也不想看這種了
3.主角非中二/死屁孩
不要太嚴重就好，隱殺主角偶爾也會屁孩一下但是是那種大人逗小鬼玩的感覺就不會反感",槍砲,False,音樂,0.6433926669654725,0.257357066786189
q8,"希望作品是
1.背景為現代
有槍砲炸藥之類的比較有代入感，對武俠/奇幻沒興趣，現代但有些微科幻/超能力要素沒關係
2.主角不是從0開始練等
漏漏長的成長過程會讓我想睡，大概是從看完鬥破蒼穹那公式化的遇強敵→隊友幫扛→遇到機運→變強反殺→前往下個城鎮→遇強敵，之後再也不想看這種了
3.主角非中二/死屁孩
不要太嚴重就好，隱殺主角偶爾也會屁孩一下但是是那種大人逗小鬼玩的感覺就不會反感",槍砲,False,病嬌,0.6313130955466094,0.25252523821864375
q8,"希望作品是
1.背景為現代
有槍砲炸藥之類的比較有代入感，對武俠/奇幻沒興趣，現代但有些微科幻/超能力要素沒關係
2.主角不是從0開始練等
漏漏長的成長過程會讓我想睡，大概是從看完鬥破蒼穹那公式化的遇強敵→隊友幫扛→遇到機運→變強反殺→前往下個城鎮→遇強敵，之後再也不想看這種了
3.主角非中二/死屁孩
不要太嚴重就好，隱殺主角偶爾也會屁孩一下但是是那種大人逗小鬼玩的感覺就不會反感",槍砲,False,熱血,0.6575750964020882,0.2630300385608353
q8,"希望作品是
1.背景為現代
有槍砲炸藥之類的比較有代入感，對武俠/奇幻沒興趣，現代但有些微科幻/超能力要素沒關係
2.主角不是從0開始練等
漏漏長的成長過程會讓我想睡，大概是從看完鬥破蒼穹那公式化的遇強敵→隊友幫扛→遇到機運→變強反殺→前往下個城鎮→遇強敵，之後再也不想看這種了
3.主角非中二/死屁孩
不要太嚴重就好，隱殺主角偶爾也會屁孩一下但是是那種大人逗小鬼玩的感覺就不會反感",槍砲,False,間諜,0.6164238751373865,0.24656955005495462
q8,"希望作品是
1.背景為現代
有槍砲炸藥之類的比較有代入感，對武俠/奇幻沒興趣，現代但有些微科幻/超能力要素沒關係
2.主角不是從0開始練等
漏漏長的成長過程會讓我想睡，大概是從看完鬥破蒼穹那公式化的遇強敵→隊友幫扛→遇到機運→變強反殺→前往下個城鎮→遇強敵，之後再也不想看這種了
3.主角非中二/死屁孩
不要太嚴重就好，隱殺主角偶爾也會屁孩一下但是是那種大人逗小鬼玩的感覺就不會反感",槍砲,False,冒險,0.6377560697397007,0.2551024278958803
q8,"希望作品是
1.背景為現代
有槍砲炸藥之類的比較有代入感，對武俠/奇幻沒興趣，現代但有些微科幻/超能力要素沒關係
2.主角不是從0開始練等
漏漏長的成長過程會讓我想睡，大概是從看完鬥破蒼穹那公式化的遇強敵→隊友幫扛→遇到機運→變強反殺→前往下個城鎮→遇強敵，之後再也不想看這種了
3.主角非中二/死屁孩
不要太嚴重就好，隱殺主角偶爾也會屁孩一下但是是那種大人逗小鬼玩的感覺就不會反感",槍砲,False,女兒,0.7137289611732005,0.2854915844692802
q8,"希望作品是
1.背景為現代
有槍砲炸藥之類的比較有代入感，對武俠/奇幻沒興趣，現代但有些微科幻/超能力要素沒關係
2.主角不是從0開始練等
漏漏長的成長過程會讓我想睡，大概是從看完鬥破蒼穹那公式化的遇強敵→隊友幫扛→遇到機運→變強反殺→前往下個城鎮→遇強敵，之後再也不想看這種了
3.主角非中二/死屁孩
不要太嚴重就好，隱殺主角偶爾也會屁孩一下但是是那種大人逗小鬼玩的感覺就不會反感",槍砲,False,人外,0.6408637133516176,0.25634548534064705
q8,"希望作品是
1.背景為現代
有槍砲炸藥之類的比較有代入感，對武俠/奇幻沒興趣，現代但有些微科幻/超能力要素沒關係
2.主角不是從0開始練等
漏漏長的成長過程會讓我想睡，大概是從看完鬥破蒼穹那公式化的遇強敵→隊友幫扛→遇到機運→變強反殺→前往下個城鎮→遇強敵，之後再也不想看這種了
3.主角非中二/死屁孩
不要太嚴重就好，隱殺主角偶爾也會屁孩一下但是是那種大人逗小鬼玩的感覺就不會反感",槍砲,False,美食,0.6958064200976335,0.2783225680390534
q8,"希望作品是
1.背景為現代
有槍砲炸藥之類的比較有代入感，對武俠/奇幻沒興趣，現代但有些微科幻/超能力要素沒關係
2.主角不是從0開始練等
漏漏長的成長過程會讓我想睡，大概是從看完鬥破蒼穹那公式化的遇強敵→隊友幫扛→遇到機運→變強反殺→前往下個城鎮→遇強敵，之後再也不想看這種了
3.主角非中二/死屁孩
不要太嚴重就好，隱殺主角偶爾也會屁孩一下但是是那種大人逗小鬼玩的感覺就不會反感",槍砲,False,懸疑,0.6496769779376985,0.25987079117507944
q9,"想請各位大大推薦一下這類的輕小說或小說，大陸網文也可以（我就是看了某部大陸網路輕小說才想找一些這類型的故事來看

世界觀再細一點的話
就是那種奇幻元素並不普及於所有人，只有少部份人擁有特殊能力，或是一些非人種族不會輕易在人前現身，隱藏在人類社會中那種都市奇幻類型",奇幻,True,奇幻,1.0,1.0
q9,"想請各位大大推薦一下這類的輕小說或小說，大陸網文也可以（我就是看了某部大陸網路輕小說才想找一些這類型的故事來看

世界觀再細一點的話
就是那種奇幻元素並不普及於所有人，只有少部份人擁有特殊能力，或是一些非人種族不會輕易在人前現身，隱藏在人類社會中那種都市奇幻類型",都市奇幻,False,大逃殺,0.6118705031941523,0.24474820127766092
q9,"想請各位大大推薦一下這類的輕小說或小說，大陸網文也可以（我就是看了某部大陸網路輕小說才想找一些這類型的故事來看

世界觀再細一點的話
就是那種奇幻元素並不普及於所有人，只有少部份人擁有特殊能力，或是一些非人種族不會輕易在人前現身，隱藏在人類社會中那種都市奇幻類型",都市奇幻,False,戀愛,0.6344154753193649,0.253766190127746
q9,"想請各位大大推薦一下這類的輕小說或小說，大陸網文也可以（我就是看了某部大陸網路輕小說才想找一些這類型的故事來看

世界觀再細一點的話
就是那種奇幻元素並不普及於所有人，只有少部份人擁有特殊能力，或是一些非人種族不會輕易在人前現身，隱藏在人類社會中那種都市奇幻類型",都市奇幻,False,犯罪,0.6405142175287146,0.2562056870114859
q9,"想請各位大大推薦一下這類的輕小說或小說，大陸網文也可以（我就是看了某部大陸網路輕小說才想找一些這類型的故事來看

世界觀再細一點的話
就是那種奇幻元素並不普及於所有人，只有少部份人擁有特殊能力，或是一些非人種族不會輕易在人前現身，隱藏在人類社會中那種都市奇幻類型",都市奇幻,False,鬥智,0.6465257344616967,0.2586102937846787
q9,"想請各位大大推薦一下這類的輕小說或小說，大陸網文也可以（我就是看了某部大陸網路輕小說才想找一些這類型的故事來看

世界觀再細一點的話
就是那種奇幻元素並不普及於所有人，只有少部份人擁有特殊能力，或是一些非人種族不會輕易在人前現身，隱藏在人類社會中那種都市奇幻類型",都市奇幻,False,科幻,0.694761178725529,0.27790447149021164
q9,"想請各位大大推薦一下這類的輕小說或小說，大陸網文也可以（我就是看了某部大陸網路輕小說才想找一些這類型的故事來看

世界觀再細一點的話
就是那種奇幻元素並不普及於所有人，只有少部份人擁有特殊能力，或是一些非人種族不會輕易在人前現身，隱藏在人類社會中那種都市奇幻類型",都市奇幻,False,轉生,0.6494684613399222,0.2597873845359689
q9,"想請各位大大推薦一下這類的輕小說或小說，大陸網文也可以（我就是看了某部大陸網路輕小說才想找一些這類型的故事來看

世界觀再細一點的話
就是那種奇幻元素並不普及於所有人，只有少部份人擁有特殊能力，或是一些非人種族不會輕易在人前現身，隱藏在人類社會中那種都市奇幻類型",都市奇幻,False,治癒,0.6569981154099289,0.2627992461639716
q9,"想請各位大大推薦一下這類的輕小說或小說，大陸網文也可以（我就是看了某部大陸網路輕小說才想找一些這類型的故事來看

世界觀再細一點的話
就是那種奇幻元素並不普及於所有人，只有少部份人擁有特殊能力，或是一些非人種族不會輕易在人前現身，隱藏在人類社會中那種都市奇幻類型",都市奇幻,False,青梅竹馬,0.6142867901997744,0.24571471607990977
q9,"想請各位大大推薦一下這類的輕小說或小說，大陸網文也可以（我就是看了某部大陸網路輕小說才想找一些這類型的故事來看

世界觀再細一點的話
就是那種奇幻元素並不普及於所有人，只有少部份人擁有特殊能力，或是一些非人種族不會輕易在人前現身，隱藏在人類社會中那種都市奇幻類型",都市奇幻,False,女性視角,0.6482330949821704,0.2592932379928682
q9,"想請各位大大推薦一下這類的輕小說或小說，大陸網文也可以（我就是看了某部大陸網路輕小說才想找一些這類型的故事來看

世界觀再細一點的話
就是那種奇幻元素並不普及於所有人，只有少部份人擁有特殊能力，或是一些非人種族不會輕易在人前現身，隱藏在人類社會中那種都市奇幻類型",都市奇幻,False,性轉,0.6302076312848444,0.25208305251393776
q9,"想請各位大大推薦一下這類的輕小說或小說，大陸網文也可以（我就是看了某部大陸網路輕小說才想找一些這類型的故事來看

世界觀再細一點的話
就是那種奇幻元素並不普及於所有人，只有少部份人擁有特殊能力，或是一些非人種族不會輕易在人前現身，隱藏在人類社會中那種都市奇幻類型",都市奇幻,False,溫馨,0.6544697770959627,0.2617879108383851
q9,"想請各位大大推薦一下這類的輕小說或小說，大陸網文也可以（我就是看了某部大陸網路輕小說才想找一些這類型的故事來看

世界觀再細一點的話
就是那種奇幻元素並不普及於所有人，只有少部份人擁有特殊能力，或是一些非人種族不會輕易在人前現身，隱藏在人類社會中那種都市奇幻類型",都市奇幻,False,經營,0.6364547302373686,0.25458189209494747
q9,"想請各位大大推薦一下這類的輕小說或小說，大陸網文也可以（我就是看了某部大陸網路輕小說才想找一些這類型的故事來看

世界觀再細一點的話
就是那種奇幻元素並不普及於所有人，只有少部份人擁有特殊能力，或是一些非人種族不會輕易在人前現身，隱藏在人類社會中那種都市奇幻類型",都市奇幻,False,獵奇,0.6777434843610277,0.2710973937444111
q9,"想請各位大大推薦一下這類的輕小說或小說，大陸網文也可以（我就是看了某部大陸網路輕小說才想找一些這類型的故事來看

世界觀再細一點的話
就是那種奇幻元素並不普及於所有人，只有少部份人擁有特殊能力，或是一些非人種族不會輕易在人前現身，隱藏在人類社會中那種都市奇幻類型",都市奇幻,False,復仇,0.6063473581799641,0.24253894327198566
q9,"想請各位大大推薦一下這類的輕小說或小說，大陸網文也可以（我就是看了某部大陸網路輕小說才想找一些這類型的故事來看

世界觀再細一點的話
就是那種奇幻元素並不普及於所有人，只有少部份人擁有特殊能力，或是一些非人種族不會輕易在人前現身，隱藏在人類社會中那種都市奇幻類型",都市奇幻,False,黑暗,0.6417553850925117,0.2567021540370047
q9,"想請各位大大推薦一下這類的輕小說或小說，大陸網文也可以（我就是看了某部大陸網路輕小說才想找一些這類型的故事來看

世界觀再細一點的話
就是那種奇幻元素並不普及於所有人，只有少部份人擁有特殊能力，或是一些非人種族不會輕易在人前現身，隱藏在人類社會中那種都市奇幻類型",都市奇幻,False,末日,0.6453657498700149,0.258146299948006
q9,"想請各位大大推薦一下這類的輕小說或小說，大陸網文也可以（我就是看了某部大陸網路輕小說才想找一些這類型的故事來看

世界觀再細一點的話
就是那種奇幻元素並不普及於所有人，只有少部份人擁有特殊能力，或是一些非人種族不會輕易在人前現身，隱藏在人類社會中那種都市奇幻類型",都市奇幻,False,遊戲,0.6315040092433692,0.2526016036973477
q9,"想請各位大大推薦一下這類的輕小說或小說，大陸網文也可以（我就是看了某部大陸網路輕小說才想找一些這類型的故事來看

世界觀再細一點的話
就是那種奇幻元素並不普及於所有人，只有少部份人擁有特殊能力，或是一些非人種族不會輕易在人前現身，隱藏在人類社會中那種都市奇幻類型",都市奇幻,False,戰鬥,0.6311595068543219,0.25246380274172875
q9,"想請各位大大推薦一下這類的輕小說或小說，大陸網文也可以（我就是看了某部大陸網路輕小說才想找一些這類型的故事來看

世界觀再細一點的話
就是那種奇幻元素並不普及於所有人，只有少部份人擁有特殊能力，或是一些非人種族不會輕易在人前現身，隱藏在人類社會中那種都市奇幻類型",都市奇幻,False,青春,0.6325177753776903,0.25300711015107613
q9,"想請各位大大推薦一下這類的輕小說或小說，大陸網文也可以（我就是看了某部大陸網路輕小說才想找一些這類型的故事來看

世界觀再細一點的話
就是那種奇幻元素並不普及於所有人，只有少部份人擁有特殊能力，或是一些非人種族不會輕易在人前現身，隱藏在人類社會中那種都市奇幻類型",都市奇幻,False,群像,0.644312051906283,0.25772482076251324
q9,"想請各位大大推薦一下這類的輕小說或小說，大陸網文也可以（我就是看了某部大陸網路輕小說才想找一些這類型的故事來看

世界觀再細一點的話
就是那種奇幻元素並不普及於所有人，只有少部份人擁有特殊能力，或是一些非人種族不會輕易在人前現身，隱藏在人類社會中那種都市奇幻類型",都市奇幻,False,歡樂向,0.680445647871147,0.27217825914845883
q9,"想請各位大大推薦一下這類的輕小說或小說，大陸網文也可以（我就是看了某部大陸網路輕小說才想找一些這類型的故事來看

世界觀再細一點的話
就是那種奇幻元素並不普及於所有人，只有少部份人擁有特殊能力，或是一些非人種族不會輕易在人前現身，隱藏在人類社會中那種都市奇幻類型",都市奇幻,False,旅行,0.6334352296553053,0.2533740918621221
q9,"想請各位大大推薦一下這類的輕小說或小說，大陸網文也可以（我就是看了某部大陸網路輕小說才想找一些這類型的故事來看

世界觀再細一點的話
就是那種奇幻元素並不普及於所有人，只有少部份人擁有特殊能力，或是一些非人種族不會輕易在人前現身，隱藏在人類社會中那種都市奇幻類型",都市奇幻,False,惡役,0.6164239389180304,0.24656957556721215
q9,"想請各位大大推薦一下這類的輕小說或小說，大陸網文也可以（我就是看了某部大陸網路輕小說才想找一些這類型的故事來看

世界觀再細一點的話
就是那種奇幻元素並不普及於所有人，只有少部份人擁有特殊能力，或是一些非人種族不會輕易在人前現身，隱藏在人類社會中那種都市奇幻類型",都市奇幻,False,蘿莉,0.6426498136137885,0.2570599254455154
q9,"想請各位大大推薦一下這類的輕小說或小說，大陸網文也可以（我就是看了某部大陸網路輕小說才想找一些這類型的故事來看

世界觀再細一點的話
就是那種奇幻元素並不普及於所有人，只有少部份人擁有特殊能力，或是一些非人種族不會輕易在人前現身，隱藏在人類社會中那種都市奇幻類型",都市奇幻,False,機戰,0.6266260270461319,0.2506504108184528
q9,"想請各位大大推薦一下這類的輕小說或小說，大陸網文也可以（我就是看了某部大陸網路輕小說才想找一些這類型的故事來看

世界觀再細一點的話
就是那種奇幻元素並不普及於所有人，只有少部份人擁有特殊能力，或是一些非人種族不會輕易在人前現身，隱藏在人類社會中那種都市奇幻類型",都市奇幻,False,驚悚,0.6529395279644985,0.2611758111857994
q9,"想請各位大大推薦一下這類的輕小說或小說，大陸網文也可以（我就是看了某部大陸網路輕小說才想找一些這類型的故事來看

世界觀再細一點的話
就是那種奇幻元素並不普及於所有人，只有少部份人擁有特殊能力，或是一些非人種族不會輕易在人前現身，隱藏在人類社會中那種都市奇幻類型",都市奇幻,False,奇幻,0.7535250629119867,0.3014100251647947
q9,"想請各位大大推薦一下這類的輕小說或小說，大陸網文也可以（我就是看了某部大陸網路輕小說才想找一些這類型的故事來看

世界觀再細一點的話
就是那種奇幻元素並不普及於所有人，只有少部份人擁有特殊能力，或是一些非人種族不會輕易在人前現身，隱藏在人類社會中那種都市奇幻類型",都市奇幻,False,JK,0.6528730579775569,0.2611492231910228
q9,"想請各位大大推薦一下這類的輕小說或小說，大陸網文也可以（我就是看了某部大陸網路輕小說才想找一些這類型的故事來看

世界觀再細一點的話
就是那種奇幻元素並不普及於所有人，只有少部份人擁有特殊能力，或是一些非人種族不會輕易在人前現身，隱藏在人類社會中那種都市奇幻類型",都市奇幻,False,後宮,0.6211160710305783,0.24844642841223133
q9,"想請各位大大推薦一下這類的輕小說或小說，大陸網文也可以（我就是看了某部大陸網路輕小說才想找一些這類型的故事來看

世界觀再細一點的話
就是那種奇幻元素並不普及於所有人，只有少部份人擁有特殊能力，或是一些非人種族不會輕易在人前現身，隱藏在人類社會中那種都市奇幻類型",都市奇幻,False,耽美,0.6550066011258924,0.262002640450357
q9,"想請各位大大推薦一下這類的輕小說或小說，大陸網文也可以（我就是看了某部大陸網路輕小說才想找一些這類型的故事來看

世界觀再細一點的話
就是那種奇幻元素並不普及於所有人，只有少部份人擁有特殊能力，或是一些非人種族不會輕易在人前現身，隱藏在人類社會中那種都市奇幻類型",都市奇幻,False,妹妹,0.6181163500407414,0.24724654001629656
q9,"想請各位大大推薦一下這類的輕小說或小說，大陸網文也可以（我就是看了某部大陸網路輕小說才想找一些這類型的故事來看

世界觀再細一點的話
就是那種奇幻元素並不普及於所有人，只有少部份人擁有特殊能力，或是一些非人種族不會輕易在人前現身，隱藏在人類社會中那種都市奇幻類型",都市奇幻,False,龍傲天,0.6401772627034668,0.2560709050813867
q9,"想請各位大大推薦一下這類的輕小說或小說，大陸網文也可以（我就是看了某部大陸網路輕小說才想找一些這類型的故事來看

世界觀再細一點的話
就是那種奇幻元素並不普及於所有人，只有少部份人擁有特殊能力，或是一些非人種族不會輕易在人前現身，隱藏在人類社會中那種都市奇幻類型",都市奇幻,False,職場,0.6311920864736776,0.25247683458947107
q9,"想請各位大大推薦一下這類的輕小說或小說，大陸網文也可以（我就是看了某部大陸網路輕小說才想找一些這類型的故事來看

世界觀再細一點的話
就是那種奇幻元素並不普及於所有人，只有少部份人擁有特殊能力，或是一些非人種族不會輕易在人前現身，隱藏在人類社會中那種都市奇幻類型",都市奇幻,False,推理,0.6659851162302215,0.2663940464920886
q9,"想請各位大大推薦一下這類的輕小說或小說，大陸網文也可以（我就是看了某部大陸網路輕小說才想找一些這類型的故事來看

世界觀再細一點的話
就是那種奇幻元素並不普及於所有人，只有少部份人擁有特殊能力，或是一些非人種族不會輕易在人前現身，隱藏在人類社會中那種都市奇幻類型",都市奇幻,False,腦洞,0.6525655632684,0.26102622530736
q9,"想請各位大大推薦一下這類的輕小說或小說，大陸網文也可以（我就是看了某部大陸網路輕小說才想找一些這類型的故事來看

世界觀再細一點的話
就是那種奇幻元素並不普及於所有人，只有少部份人擁有特殊能力，或是一些非人種族不會輕易在人前現身，隱藏在人類社會中那種都市奇幻類型",都市奇幻,False,JC,0.6491829932605634,0.2596731973042254
q9,"想請各位大大推薦一下這類的輕小說或小說，大陸網文也可以（我就是看了某部大陸網路輕小說才想找一些這類型的故事來看

世界觀再細一點的話
就是那種奇幻元素並不普及於所有人，只有少部份人擁有特殊能力，或是一些非人種族不會輕易在人前現身，隱藏在人類社會中那種都市奇幻類型",都市奇幻,False,宅文化,0.6312198991194184,0.2524879596477674
q9,"想請各位大大推薦一下這類的輕小說或小說，大陸網文也可以（我就是看了某部大陸網路輕小說才想找一些這類型的故事來看

世界觀再細一點的話
就是那種奇幻元素並不普及於所有人，只有少部份人擁有特殊能力，或是一些非人種族不會輕易在人前現身，隱藏在人類社會中那種都市奇幻類型",都市奇幻,False,校園,0.6481198421199039,0.2592479368479616
q9,"想請各位大大推薦一下這類的輕小說或小說，大陸網文也可以（我就是看了某部大陸網路輕小說才想找一些這類型的故事來看

世界觀再細一點的話
就是那種奇幻元素並不普及於所有人，只有少部份人擁有特殊能力，或是一些非人種族不會輕易在人前現身，隱藏在人類社會中那種都市奇幻類型",都市奇幻,False,同人,0.6451223352058348,0.2580489340823339
q9,"想請各位大大推薦一下這類的輕小說或小說，大陸網文也可以（我就是看了某部大陸網路輕小說才想找一些這類型的故事來看

世界觀再細一點的話
就是那種奇幻元素並不普及於所有人，只有少部份人擁有特殊能力，或是一些非人種族不會輕易在人前現身，隱藏在人類社會中那種都市奇幻類型",都市奇幻,False,NTR,0.6381408664568957,0.2552563465827583
q9,"想請各位大大推薦一下這類的輕小說或小說，大陸網文也可以（我就是看了某部大陸網路輕小說才想找一些這類型的故事來看

世界觀再細一點的話
就是那種奇幻元素並不普及於所有人，只有少部份人擁有特殊能力，或是一些非人種族不會輕易在人前現身，隱藏在人類社會中那種都市奇幻類型",都市奇幻,False,異能,0.6813591958792736,0.27254367835170945
q9,"想請各位大大推薦一下這類的輕小說或小說，大陸網文也可以（我就是看了某部大陸網路輕小說才想找一些這類型的故事來看

世界觀再細一點的話
就是那種奇幻元素並不普及於所有人，只有少部份人擁有特殊能力，或是一些非人種族不會輕易在人前現身，隱藏在人類社會中那種都市奇幻類型",都市奇幻,False,戰爭,0.6201058540750459,0.24804234163001837
q9,"想請各位大大推薦一下這類的輕小說或小說，大陸網文也可以（我就是看了某部大陸網路輕小說才想找一些這類型的故事來看

世界觀再細一點的話
就是那種奇幻元素並不普及於所有人，只有少部份人擁有特殊能力，或是一些非人種族不會輕易在人前現身，隱藏在人類社會中那種都市奇幻類型",都市奇幻,False,音樂,0.6309016056931447,0.2523606422772579
q9,"想請各位大大推薦一下這類的輕小說或小說，大陸網文也可以（我就是看了某部大陸網路輕小說才想找一些這類型的故事來看

世界觀再細一點的話
就是那種奇幻元素並不普及於所有人，只有少部份人擁有特殊能力，或是一些非人種族不會輕易在人前現身，隱藏在人類社會中那種都市奇幻類型",都市奇幻,False,熱血,0.6360438874533917,0.2544175549813567
q9,"想請各位大大推薦一下這類的輕小說或小說，大陸網文也可以（我就是看了某部大陸網路輕小說才想找一些這類型的故事來看

世界觀再細一點的話
就是那種奇幻元素並不普及於所有人，只有少部份人擁有特殊能力，或是一些非人種族不會輕易在人前現身，隱藏在人類社會中那種都市奇幻類型",都市奇幻,False,間諜,0.6120735531286554,0.24482942125146218
q9,"想請各位大大推薦一下這類的輕小說或小說，大陸網文也可以（我就是看了某部大陸網路輕小說才想找一些這類型的故事來看

世界觀再細一點的話
就是那種奇幻元素並不普及於所有人，只有少部份人擁有特殊能力，或是一些非人種族不會輕易在人前現身，隱藏在人類社會中那種都市奇幻類型",都市奇幻,False,冒險,0.6614193274816058,0.26456773099264236
q9,"想請各位大大推薦一下這類的輕小說或小說，大陸網文也可以（我就是看了某部大陸網路輕小說才想找一些這類型的故事來看

世界觀再細一點的話
就是那種奇幻元素並不普及於所有人，只有少部份人擁有特殊能力，或是一些非人種族不會輕易在人前現身，隱藏在人類社會中那種都市奇幻類型",都市奇幻,False,大小姐,0.6213230597657403,0.24852922390629614
q9,"想請各位大大推薦一下這類的輕小說或小說，大陸網文也可以（我就是看了某部大陸網路輕小說才想找一些這類型的故事來看

世界觀再細一點的話
就是那種奇幻元素並不普及於所有人，只有少部份人擁有特殊能力，或是一些非人種族不會輕易在人前現身，隱藏在人類社會中那種都市奇幻類型",都市奇幻,False,女兒,0.6119476702080153,0.24477906808320615
q9,"想請各位大大推薦一下這類的輕小說或小說，大陸網文也可以（我就是看了某部大陸網路輕小說才想找一些這類型的故事來看

世界觀再細一點的話
就是那種奇幻元素並不普及於所有人，只有少部份人擁有特殊能力，或是一些非人種族不會輕易在人前現身，隱藏在人類社會中那種都市奇幻類型",都市奇幻,False,人外,0.6841614835976169,0.27366459343904675
q9,"想請各位大大推薦一下這類的輕小說或小說，大陸網文也可以（我就是看了某部大陸網路輕小說才想找一些這類型的故事來看

世界觀再細一點的話
就是那種奇幻元素並不普及於所有人，只有少部份人擁有特殊能力，或是一些非人種族不會輕易在人前現身，隱藏在人類社會中那種都市奇幻類型",都市奇幻,False,魔法,0.6646882252925395,0.2658752901170158
q9,"想請各位大大推薦一下這類的輕小說或小說，大陸網文也可以（我就是看了某部大陸網路輕小說才想找一些這類型的故事來看

世界觀再細一點的話
就是那種奇幻元素並不普及於所有人，只有少部份人擁有特殊能力，或是一些非人種族不會輕易在人前現身，隱藏在人類社會中那種都市奇幻類型",都市奇幻,False,美食,0.6091149542357516,0.24364598169430063
q9,"想請各位大大推薦一下這類的輕小說或小說，大陸網文也可以（我就是看了某部大陸網路輕小說才想找一些這類型的故事來看

世界觀再細一點的話
就是那種奇幻元素並不普及於所有人，只有少部份人擁有特殊能力，或是一些非人種族不會輕易在人前現身，隱藏在人類社會中那種都市奇幻類型",都市奇幻,False,異世界,0.6800888964143248,0.2720355585657299
q9,"想請各位大大推薦一下這類的輕小說或小說，大陸網文也可以（我就是看了某部大陸網路輕小說才想找一些這類型的故事來看

世界觀再細一點的話
就是那種奇幻元素並不普及於所有人，只有少部份人擁有特殊能力，或是一些非人種族不會輕易在人前現身，隱藏在人類社會中那種都市奇幻類型",都市奇幻,False,懸疑,0.6876867842800395,0.2750747137120158
q9,"想請各位大大推薦一下這類的輕小說或小說，大陸網文也可以（我就是看了某部大陸網路輕小說才想找一些這類型的故事來看

世界觀再細一點的話
就是那種奇幻元素並不普及於所有人，只有少部份人擁有特殊能力，或是一些非人種族不會輕易在人前現身，隱藏在人類社會中那種都市奇幻類型",隱藏能力,False,鬥智,0.6508148338593797,0.2603259335437519
q9,"想請各位大大推薦一下這類的輕小說或小說，大陸網文也可以（我就是看了某部大陸網路輕小說才想找一些這類型的故事來看

世界觀再細一點的話
就是那種奇幻元素並不普及於所有人，只有少部份人擁有特殊能力，或是一些非人種族不會輕易在人前現身，隱藏在人類社會中那種都市奇幻類型",隱藏能力,False,科幻,0.6678262052799004,0.26713048211196017
q9,"想請各位大大推薦一下這類的輕小說或小說，大陸網文也可以（我就是看了某部大陸網路輕小說才想找一些這類型的故事來看

世界觀再細一點的話
就是那種奇幻元素並不普及於所有人，只有少部份人擁有特殊能力，或是一些非人種族不會輕易在人前現身，隱藏在人類社會中那種都市奇幻類型",隱藏能力,False,格鬥,0.623179451023434,0.2492717804093736
q9,"想請各位大大推薦一下這類的輕小說或小說，大陸網文也可以（我就是看了某部大陸網路輕小說才想找一些這類型的故事來看

世界觀再細一點的話
就是那種奇幻元素並不普及於所有人，只有少部份人擁有特殊能力，或是一些非人種族不會輕易在人前現身，隱藏在人類社會中那種都市奇幻類型",隱藏能力,False,百合,0.642648657569848,0.2570594630279392
q9,"想請各位大大推薦一下這類的輕小說或小說，大陸網文也可以（我就是看了某部大陸網路輕小說才想找一些這類型的故事來看

世界觀再細一點的話
就是那種奇幻元素並不普及於所有人，只有少部份人擁有特殊能力，或是一些非人種族不會輕易在人前現身，隱藏在人類社會中那種都市奇幻類型",隱藏能力,False,治癒,0.6588499592966655,0.2635399837186662
q9,"想請各位大大推薦一下這類的輕小說或小說，大陸網文也可以（我就是看了某部大陸網路輕小說才想找一些這類型的故事來看

世界觀再細一點的話
就是那種奇幻元素並不普及於所有人，只有少部份人擁有特殊能力，或是一些非人種族不會輕易在人前現身，隱藏在人類社會中那種都市奇幻類型",隱藏能力,False,性轉,0.6442423941478548,0.2576969576591419
q9,"想請各位大大推薦一下這類的輕小說或小說，大陸網文也可以（我就是看了某部大陸網路輕小說才想找一些這類型的故事來看

世界觀再細一點的話
就是那種奇幻元素並不普及於所有人，只有少部份人擁有特殊能力，或是一些非人種族不會輕易在人前現身，隱藏在人類社會中那種都市奇幻類型",隱藏能力,False,獵奇,0.6608967431028179,0.26435869724112715
q9,"想請各位大大推薦一下這類的輕小說或小說，大陸網文也可以（我就是看了某部大陸網路輕小說才想找一些這類型的故事來看

世界觀再細一點的話
就是那種奇幻元素並不普及於所有人，只有少部份人擁有特殊能力，或是一些非人種族不會輕易在人前現身，隱藏在人類社會中那種都市奇幻類型",隱藏能力,False,末日,0.6268432877000215,0.2507373150800086
q9,"想請各位大大推薦一下這類的輕小說或小說，大陸網文也可以（我就是看了某部大陸網路輕小說才想找一些這類型的故事來看

世界觀再細一點的話
就是那種奇幻元素並不普及於所有人，只有少部份人擁有特殊能力，或是一些非人種族不會輕易在人前現身，隱藏在人類社會中那種都市奇幻類型",隱藏能力,False,遊戲,0.6355990980938102,0.2542396392375241
q9,"想請各位大大推薦一下這類的輕小說或小說，大陸網文也可以（我就是看了某部大陸網路輕小說才想找一些這類型的故事來看

世界觀再細一點的話
就是那種奇幻元素並不普及於所有人，只有少部份人擁有特殊能力，或是一些非人種族不會輕易在人前現身，隱藏在人類社會中那種都市奇幻類型",隱藏能力,False,青春,0.623822708020394,0.2495290832081576
q9,"想請各位大大推薦一下這類的輕小說或小說，大陸網文也可以（我就是看了某部大陸網路輕小說才想找一些這類型的故事來看

世界觀再細一點的話
就是那種奇幻元素並不普及於所有人，只有少部份人擁有特殊能力，或是一些非人種族不會輕易在人前現身，隱藏在人類社會中那種都市奇幻類型",隱藏能力,False,旅行,0.6276435711250846,0.25105742845003387
q9,"想請各位大大推薦一下這類的輕小說或小說，大陸網文也可以（我就是看了某部大陸網路輕小說才想找一些這類型的故事來看

世界觀再細一點的話
就是那種奇幻元素並不普及於所有人，只有少部份人擁有特殊能力，或是一些非人種族不會輕易在人前現身，隱藏在人類社會中那種都市奇幻類型",隱藏能力,False,蘿莉,0.6464774068475482,0.25859096273901927
q9,"想請各位大大推薦一下這類的輕小說或小說，大陸網文也可以（我就是看了某部大陸網路輕小說才想找一些這類型的故事來看

世界觀再細一點的話
就是那種奇幻元素並不普及於所有人，只有少部份人擁有特殊能力，或是一些非人種族不會輕易在人前現身，隱藏在人類社會中那種都市奇幻類型",隱藏能力,False,JK,0.6585111168855589,0.26340444675422353
q9,"想請各位大大推薦一下這類的輕小說或小說，大陸網文也可以（我就是看了某部大陸網路輕小說才想找一些這類型的故事來看

世界觀再細一點的話
就是那種奇幻元素並不普及於所有人，只有少部份人擁有特殊能力，或是一些非人種族不會輕易在人前現身，隱藏在人類社會中那種都市奇幻類型",隱藏能力,False,後宮,0.64291177243667,0.257164708974668
q9,"想請各位大大推薦一下這類的輕小說或小說，大陸網文也可以（我就是看了某部大陸網路輕小說才想找一些這類型的故事來看

世界觀再細一點的話
就是那種奇幻元素並不普及於所有人，只有少部份人擁有特殊能力，或是一些非人種族不會輕易在人前現身，隱藏在人類社會中那種都市奇幻類型",隱藏能力,False,職場,0.6372228190807666,0.25488912763230664
q9,"想請各位大大推薦一下這類的輕小說或小說，大陸網文也可以（我就是看了某部大陸網路輕小說才想找一些這類型的故事來看

世界觀再細一點的話
就是那種奇幻元素並不普及於所有人，只有少部份人擁有特殊能力，或是一些非人種族不會輕易在人前現身，隱藏在人類社會中那種都市奇幻類型",隱藏能力,False,腦洞,0.6471288324458946,0.25885153297835783
q9,"想請各位大大推薦一下這類的輕小說或小說，大陸網文也可以（我就是看了某部大陸網路輕小說才想找一些這類型的故事來看

世界觀再細一點的話
就是那種奇幻元素並不普及於所有人，只有少部份人擁有特殊能力，或是一些非人種族不會輕易在人前現身，隱藏在人類社會中那種都市奇幻類型",隱藏能力,False,宅文化,0.633011423481662,0.2532045693926648
q9,"想請各位大大推薦一下這類的輕小說或小說，大陸網文也可以（我就是看了某部大陸網路輕小說才想找一些這類型的故事來看

世界觀再細一點的話
就是那種奇幻元素並不普及於所有人，只有少部份人擁有特殊能力，或是一些非人種族不會輕易在人前現身，隱藏在人類社會中那種都市奇幻類型",隱藏能力,False,校園,0.647422280765567,0.2589689123062268
q9,"想請各位大大推薦一下這類的輕小說或小說，大陸網文也可以（我就是看了某部大陸網路輕小說才想找一些這類型的故事來看

世界觀再細一點的話
就是那種奇幻元素並不普及於所有人，只有少部份人擁有特殊能力，或是一些非人種族不會輕易在人前現身，隱藏在人類社會中那種都市奇幻類型",隱藏能力,False,同人,0.6447150106480833,0.25788600425923336
q9,"想請各位大大推薦一下這類的輕小說或小說，大陸網文也可以（我就是看了某部大陸網路輕小說才想找一些這類型的故事來看

世界觀再細一點的話
就是那種奇幻元素並不普及於所有人，只有少部份人擁有特殊能力，或是一些非人種族不會輕易在人前現身，隱藏在人類社會中那種都市奇幻類型",隱藏能力,False,異能,0.726882937351502,0.2907531749406008
q9,"想請各位大大推薦一下這類的輕小說或小說，大陸網文也可以（我就是看了某部大陸網路輕小說才想找一些這類型的故事來看

世界觀再細一點的話
就是那種奇幻元素並不普及於所有人，只有少部份人擁有特殊能力，或是一些非人種族不會輕易在人前現身，隱藏在人類社會中那種都市奇幻類型",隱藏能力,False,音樂,0.6426075359172991,0.2570430143669197
q9,"想請各位大大推薦一下這類的輕小說或小說，大陸網文也可以（我就是看了某部大陸網路輕小說才想找一些這類型的故事來看

世界觀再細一點的話
就是那種奇幻元素並不普及於所有人，只有少部份人擁有特殊能力，或是一些非人種族不會輕易在人前現身，隱藏在人類社會中那種都市奇幻類型",隱藏能力,False,間諜,0.6538544689416557,0.2615417875766623
q9,"想請各位大大推薦一下這類的輕小說或小說，大陸網文也可以（我就是看了某部大陸網路輕小說才想找一些這類型的故事來看

世界觀再細一點的話
就是那種奇幻元素並不普及於所有人，只有少部份人擁有特殊能力，或是一些非人種族不會輕易在人前現身，隱藏在人類社會中那種都市奇幻類型",隱藏能力,False,大小姐,0.6312532565609614,0.2525013026243846
q9,"想請各位大大推薦一下這類的輕小說或小說，大陸網文也可以（我就是看了某部大陸網路輕小說才想找一些這類型的故事來看

世界觀再細一點的話
就是那種奇幻元素並不普及於所有人，只有少部份人擁有特殊能力，或是一些非人種族不會輕易在人前現身，隱藏在人類社會中那種都市奇幻類型",隱藏能力,False,魔法,0.664480566263175,0.26579222650527
q9,"想請各位大大推薦一下這類的輕小說或小說，大陸網文也可以（我就是看了某部大陸網路輕小說才想找一些這類型的故事來看

世界觀再細一點的話
就是那種奇幻元素並不普及於所有人，只有少部份人擁有特殊能力，或是一些非人種族不會輕易在人前現身，隱藏在人類社會中那種都市奇幻類型",隱藏能力,False,美食,0.6153161209844221,0.24612644839376885
q9,"想請各位大大推薦一下這類的輕小說或小說，大陸網文也可以（我就是看了某部大陸網路輕小說才想找一些這類型的故事來看

世界觀再細一點的話
就是那種奇幻元素並不普及於所有人，只有少部份人擁有特殊能力，或是一些非人種族不會輕易在人前現身，隱藏在人類社會中那種都市奇幻類型",隱藏能力,False,大逃殺,0.6230215732723273,0.24920862930893095
q9,"想請各位大大推薦一下這類的輕小說或小說，大陸網文也可以（我就是看了某部大陸網路輕小說才想找一些這類型的故事來看

世界觀再細一點的話
就是那種奇幻元素並不普及於所有人，只有少部份人擁有特殊能力，或是一些非人種族不會輕易在人前現身，隱藏在人類社會中那種都市奇幻類型",隱藏能力,False,戀愛,0.6491414096751033,0.2596565638700413
q9,"想請各位大大推薦一下這類的輕小說或小說，大陸網文也可以（我就是看了某部大陸網路輕小說才想找一些這類型的故事來看

世界觀再細一點的話
就是那種奇幻元素並不普及於所有人，只有少部份人擁有特殊能力，或是一些非人種族不會輕易在人前現身，隱藏在人類社會中那種都市奇幻類型",隱藏能力,False,犯罪,0.6460588332877067,0.2584235333150827
q9,"想請各位大大推薦一下這類的輕小說或小說，大陸網文也可以（我就是看了某部大陸網路輕小說才想找一些這類型的故事來看

世界觀再細一點的話
就是那種奇幻元素並不普及於所有人，只有少部份人擁有特殊能力，或是一些非人種族不會輕易在人前現身，隱藏在人類社會中那種都市奇幻類型",隱藏能力,False,轉生,0.6526531589356461,0.26106126357425846
q9,"想請各位大大推薦一下這類的輕小說或小說，大陸網文也可以（我就是看了某部大陸網路輕小說才想找一些這類型的故事來看

世界觀再細一點的話
就是那種奇幻元素並不普及於所有人，只有少部份人擁有特殊能力，或是一些非人種族不會輕易在人前現身，隱藏在人類社會中那種都市奇幻類型",隱藏能力,False,青梅竹馬,0.629419739756397,0.2517678959025588
q9,"想請各位大大推薦一下這類的輕小說或小說，大陸網文也可以（我就是看了某部大陸網路輕小說才想找一些這類型的故事來看

世界觀再細一點的話
就是那種奇幻元素並不普及於所有人，只有少部份人擁有特殊能力，或是一些非人種族不會輕易在人前現身，隱藏在人類社會中那種都市奇幻類型",隱藏能力,False,女性視角,0.652707387298188,0.2610829549192752
q9,"想請各位大大推薦一下這類的輕小說或小說，大陸網文也可以（我就是看了某部大陸網路輕小說才想找一些這類型的故事來看

世界觀再細一點的話
就是那種奇幻元素並不普及於所有人，只有少部份人擁有特殊能力，或是一些非人種族不會輕易在人前現身，隱藏在人類社會中那種都市奇幻類型",隱藏能力,False,溫馨,0.6571047086882054,0.26284188347528215
q9,"想請各位大大推薦一下這類的輕小說或小說，大陸網文也可以（我就是看了某部大陸網路輕小說才想找一些這類型的故事來看

世界觀再細一點的話
就是那種奇幻元素並不普及於所有人，只有少部份人擁有特殊能力，或是一些非人種族不會輕易在人前現身，隱藏在人類社會中那種都市奇幻類型",隱藏能力,False,經營,0.6401600148243489,0.2560640059297396
q9,"想請各位大大推薦一下這類的輕小說或小說，大陸網文也可以（我就是看了某部大陸網路輕小說才想找一些這類型的故事來看

世界觀再細一點的話
就是那種奇幻元素並不普及於所有人，只有少部份人擁有特殊能力，或是一些非人種族不會輕易在人前現身，隱藏在人類社會中那種都市奇幻類型",隱藏能力,False,復仇,0.6092796013976238,0.24371184055904954
q9,"想請各位大大推薦一下這類的輕小說或小說，大陸網文也可以（我就是看了某部大陸網路輕小說才想找一些這類型的故事來看

世界觀再細一點的話
就是那種奇幻元素並不普及於所有人，只有少部份人擁有特殊能力，或是一些非人種族不會輕易在人前現身，隱藏在人類社會中那種都市奇幻類型",隱藏能力,False,黑暗,0.6600946538649568,0.26403786154598274
q9,"想請各位大大推薦一下這類的輕小說或小說，大陸網文也可以（我就是看了某部大陸網路輕小說才想找一些這類型的故事來看

世界觀再細一點的話
就是那種奇幻元素並不普及於所有人，只有少部份人擁有特殊能力，或是一些非人種族不會輕易在人前現身，隱藏在人類社會中那種都市奇幻類型",隱藏能力,False,戰鬥,0.64144371499195,0.25657748599678
q9,"想請各位大大推薦一下這類的輕小說或小說，大陸網文也可以（我就是看了某部大陸網路輕小說才想找一些這類型的故事來看

世界觀再細一點的話
就是那種奇幻元素並不普及於所有人，只有少部份人擁有特殊能力，或是一些非人種族不會輕易在人前現身，隱藏在人類社會中那種都市奇幻類型",隱藏能力,False,群像,0.6518301762225791,0.26073207048903163
q9,"想請各位大大推薦一下這類的輕小說或小說，大陸網文也可以（我就是看了某部大陸網路輕小說才想找一些這類型的故事來看

世界觀再細一點的話
就是那種奇幻元素並不普及於所有人，只有少部份人擁有特殊能力，或是一些非人種族不會輕易在人前現身，隱藏在人類社會中那種都市奇幻類型",隱藏能力,False,歡樂向,0.6785225085971505,0.2714090034388602
q9,"想請各位大大推薦一下這類的輕小說或小說，大陸網文也可以（我就是看了某部大陸網路輕小說才想找一些這類型的故事來看

世界觀再細一點的話
就是那種奇幻元素並不普及於所有人，只有少部份人擁有特殊能力，或是一些非人種族不會輕易在人前現身，隱藏在人類社會中那種都市奇幻類型",隱藏能力,False,惡役,0.641281988113539,0.2565127952454156
q9,"想請各位大大推薦一下這類的輕小說或小說，大陸網文也可以（我就是看了某部大陸網路輕小說才想找一些這類型的故事來看

世界觀再細一點的話
就是那種奇幻元素並不普及於所有人，只有少部份人擁有特殊能力，或是一些非人種族不會輕易在人前現身，隱藏在人類社會中那種都市奇幻類型",隱藏能力,False,機戰,0.6345627535465216,0.25382510141860865
q9,"想請各位大大推薦一下這類的輕小說或小說，大陸網文也可以（我就是看了某部大陸網路輕小說才想找一些這類型的故事來看

世界觀再細一點的話
就是那種奇幻元素並不普及於所有人，只有少部份人擁有特殊能力，或是一些非人種族不會輕易在人前現身，隱藏在人類社會中那種都市奇幻類型",隱藏能力,False,驚悚,0.6612850733646177,0.2645140293458471
q9,"想請各位大大推薦一下這類的輕小說或小說，大陸網文也可以（我就是看了某部大陸網路輕小說才想找一些這類型的故事來看

世界觀再細一點的話
就是那種奇幻元素並不普及於所有人，只有少部份人擁有特殊能力，或是一些非人種族不會輕易在人前現身，隱藏在人類社會中那種都市奇幻類型",隱藏能力,False,奇幻,0.6762726058505371,0.27050904234021483
q9,"想請各位大大推薦一下這類的輕小說或小說，大陸網文也可以（我就是看了某部大陸網路輕小說才想找一些這類型的故事來看

世界觀再細一點的話
就是那種奇幻元素並不普及於所有人，只有少部份人擁有特殊能力，或是一些非人種族不會輕易在人前現身，隱藏在人類社會中那種都市奇幻類型",隱藏能力,False,耽美,0.6696300275826557,0.2678520110330623
q9,"想請各位大大推薦一下這類的輕小說或小說，大陸網文也可以（我就是看了某部大陸網路輕小說才想找一些這類型的故事來看

世界觀再細一點的話
就是那種奇幻元素並不普及於所有人，只有少部份人擁有特殊能力，或是一些非人種族不會輕易在人前現身，隱藏在人類社會中那種都市奇幻類型",隱藏能力,False,妹妹,0.6296587327936431,0.25186349311745726
q9,"想請各位大大推薦一下這類的輕小說或小說，大陸網文也可以（我就是看了某部大陸網路輕小說才想找一些這類型的故事來看

世界觀再細一點的話
就是那種奇幻元素並不普及於所有人，只有少部份人擁有特殊能力，或是一些非人種族不會輕易在人前現身，隱藏在人類社會中那種都市奇幻類型",隱藏能力,False,龍傲天,0.6502471600625261,0.2600988640250105
q9,"想請各位大大推薦一下這類的輕小說或小說，大陸網文也可以（我就是看了某部大陸網路輕小說才想找一些這類型的故事來看

世界觀再細一點的話
就是那種奇幻元素並不普及於所有人，只有少部份人擁有特殊能力，或是一些非人種族不會輕易在人前現身，隱藏在人類社會中那種都市奇幻類型",隱藏能力,False,推理,0.6659633538649882,0.2663853415459953
q9,"想請各位大大推薦一下這類的輕小說或小說，大陸網文也可以（我就是看了某部大陸網路輕小說才想找一些這類型的故事來看

世界觀再細一點的話
就是那種奇幻元素並不普及於所有人，只有少部份人擁有特殊能力，或是一些非人種族不會輕易在人前現身，隱藏在人類社會中那種都市奇幻類型",隱藏能力,False,JC,0.6450919593398896,0.25803678373595584
q9,"想請各位大大推薦一下這類的輕小說或小說，大陸網文也可以（我就是看了某部大陸網路輕小說才想找一些這類型的故事來看

世界觀再細一點的話
就是那種奇幻元素並不普及於所有人，只有少部份人擁有特殊能力，或是一些非人種族不會輕易在人前現身，隱藏在人類社會中那種都市奇幻類型",隱藏能力,False,偽娘,0.6442043596429055,0.2576817438571622
q9,"想請各位大大推薦一下這類的輕小說或小說，大陸網文也可以（我就是看了某部大陸網路輕小說才想找一些這類型的故事來看

世界觀再細一點的話
就是那種奇幻元素並不普及於所有人，只有少部份人擁有特殊能力，或是一些非人種族不會輕易在人前現身，隱藏在人類社會中那種都市奇幻類型",隱藏能力,False,NTR,0.642617250107927,0.2570469000431708
q9,"想請各位大大推薦一下這類的輕小說或小說，大陸網文也可以（我就是看了某部大陸網路輕小說才想找一些這類型的故事來看

世界觀再細一點的話
就是那種奇幻元素並不普及於所有人，只有少部份人擁有特殊能力，或是一些非人種族不會輕易在人前現身，隱藏在人類社會中那種都市奇幻類型",隱藏能力,False,病嬌,0.6480474854750538,0.25921899419002153
q9,"想請各位大大推薦一下這類的輕小說或小說，大陸網文也可以（我就是看了某部大陸網路輕小說才想找一些這類型的故事來看

世界觀再細一點的話
就是那種奇幻元素並不普及於所有人，只有少部份人擁有特殊能力，或是一些非人種族不會輕易在人前現身，隱藏在人類社會中那種都市奇幻類型",隱藏能力,False,戰爭,0.6211532964443607,0.24846131857774428
q9,"想請各位大大推薦一下這類的輕小說或小說，大陸網文也可以（我就是看了某部大陸網路輕小說才想找一些這類型的故事來看

世界觀再細一點的話
就是那種奇幻元素並不普及於所有人，只有少部份人擁有特殊能力，或是一些非人種族不會輕易在人前現身，隱藏在人類社會中那種都市奇幻類型",隱藏能力,False,熱血,0.6400643113206458,0.25602572452825834
q9,"想請各位大大推薦一下這類的輕小說或小說，大陸網文也可以（我就是看了某部大陸網路輕小說才想找一些這類型的故事來看

世界觀再細一點的話
就是那種奇幻元素並不普及於所有人，只有少部份人擁有特殊能力，或是一些非人種族不會輕易在人前現身，隱藏在人類社會中那種都市奇幻類型",隱藏能力,False,冒險,0.6412660273944515,0.2565064109577806
q9,"想請各位大大推薦一下這類的輕小說或小說，大陸網文也可以（我就是看了某部大陸網路輕小說才想找一些這類型的故事來看

世界觀再細一點的話
就是那種奇幻元素並不普及於所有人，只有少部份人擁有特殊能力，或是一些非人種族不會輕易在人前現身，隱藏在人類社會中那種都市奇幻類型",隱藏能力,False,女兒,0.6191703805369654,0.24766815221478616
q9,"想請各位大大推薦一下這類的輕小說或小說，大陸網文也可以（我就是看了某部大陸網路輕小說才想找一些這類型的故事來看

世界觀再細一點的話
就是那種奇幻元素並不普及於所有人，只有少部份人擁有特殊能力，或是一些非人種族不會輕易在人前現身，隱藏在人類社會中那種都市奇幻類型",隱藏能力,False,人外,0.6763439009836659,0.2705375603934664
q9,"想請各位大大推薦一下這類的輕小說或小說，大陸網文也可以（我就是看了某部大陸網路輕小說才想找一些這類型的故事來看

世界觀再細一點的話
就是那種奇幻元素並不普及於所有人，只有少部份人擁有特殊能力，或是一些非人種族不會輕易在人前現身，隱藏在人類社會中那種都市奇幻類型",隱藏能力,False,異世界,0.6575122930219642,0.2630049172087857
q9,"想請各位大大推薦一下這類的輕小說或小說，大陸網文也可以（我就是看了某部大陸網路輕小說才想找一些這類型的故事來看

世界觀再細一點的話
就是那種奇幻元素並不普及於所有人，只有少部份人擁有特殊能力，或是一些非人種族不會輕易在人前現身，隱藏在人類社會中那種都市奇幻類型",隱藏能力,False,懸疑,0.6889819440290847,0.2755927776116339
q9,"想請各位大大推薦一下這類的輕小說或小說，大陸網文也可以（我就是看了某部大陸網路輕小說才想找一些這類型的故事來看

世界觀再細一點的話
就是那種奇幻元素並不普及於所有人，只有少部份人擁有特殊能力，或是一些非人種族不會輕易在人前現身，隱藏在人類社會中那種都市奇幻類型",非人種族,False,大逃殺,0.6133558037363395,0.2453423214945358
q9,"想請各位大大推薦一下這類的輕小說或小說，大陸網文也可以（我就是看了某部大陸網路輕小說才想找一些這類型的故事來看

世界觀再細一點的話
就是那種奇幻元素並不普及於所有人，只有少部份人擁有特殊能力，或是一些非人種族不會輕易在人前現身，隱藏在人類社會中那種都市奇幻類型",非人種族,False,戀愛,0.6375288505223468,0.25501154020893874
q9,"想請各位大大推薦一下這類的輕小說或小說，大陸網文也可以（我就是看了某部大陸網路輕小說才想找一些這類型的故事來看

世界觀再細一點的話
就是那種奇幻元素並不普及於所有人，只有少部份人擁有特殊能力，或是一些非人種族不會輕易在人前現身，隱藏在人類社會中那種都市奇幻類型",非人種族,False,犯罪,0.6263646467852009,0.25054585871408036
q9,"想請各位大大推薦一下這類的輕小說或小說，大陸網文也可以（我就是看了某部大陸網路輕小說才想找一些這類型的故事來看

世界觀再細一點的話
就是那種奇幻元素並不普及於所有人，只有少部份人擁有特殊能力，或是一些非人種族不會輕易在人前現身，隱藏在人類社會中那種都市奇幻類型",非人種族,False,鬥智,0.606441021878921,0.2425764087515684
q9,"想請各位大大推薦一下這類的輕小說或小說，大陸網文也可以（我就是看了某部大陸網路輕小說才想找一些這類型的故事來看

世界觀再細一點的話
就是那種奇幻元素並不普及於所有人，只有少部份人擁有特殊能力，或是一些非人種族不會輕易在人前現身，隱藏在人類社會中那種都市奇幻類型",非人種族,False,科幻,0.6718437295288748,0.26873749181154993
q9,"想請各位大大推薦一下這類的輕小說或小說，大陸網文也可以（我就是看了某部大陸網路輕小說才想找一些這類型的故事來看

世界觀再細一點的話
就是那種奇幻元素並不普及於所有人，只有少部份人擁有特殊能力，或是一些非人種族不會輕易在人前現身，隱藏在人類社會中那種都市奇幻類型",非人種族,False,百合,0.6404247302022056,0.25616989208088226
q9,"想請各位大大推薦一下這類的輕小說或小說，大陸網文也可以（我就是看了某部大陸網路輕小說才想找一些這類型的故事來看

世界觀再細一點的話
就是那種奇幻元素並不普及於所有人，只有少部份人擁有特殊能力，或是一些非人種族不會輕易在人前現身，隱藏在人類社會中那種都市奇幻類型",非人種族,False,轉生,0.645025250047176,0.2580101000188704
q9,"想請各位大大推薦一下這類的輕小說或小說，大陸網文也可以（我就是看了某部大陸網路輕小說才想找一些這類型的故事來看

世界觀再細一點的話
就是那種奇幻元素並不普及於所有人，只有少部份人擁有特殊能力，或是一些非人種族不會輕易在人前現身，隱藏在人類社會中那種都市奇幻類型",非人種族,False,治癒,0.6283957028760172,0.25135828115040687
q9,"想請各位大大推薦一下這類的輕小說或小說，大陸網文也可以（我就是看了某部大陸網路輕小說才想找一些這類型的故事來看

世界觀再細一點的話
就是那種奇幻元素並不普及於所有人，只有少部份人擁有特殊能力，或是一些非人種族不會輕易在人前現身，隱藏在人類社會中那種都市奇幻類型",非人種族,False,青梅竹馬,0.6125130372813937,0.2450052149125575
q9,"想請各位大大推薦一下這類的輕小說或小說，大陸網文也可以（我就是看了某部大陸網路輕小說才想找一些這類型的故事來看

世界觀再細一點的話
就是那種奇幻元素並不普及於所有人，只有少部份人擁有特殊能力，或是一些非人種族不會輕易在人前現身，隱藏在人類社會中那種都市奇幻類型",非人種族,False,女性視角,0.6309062182677578,0.25236248730710314
q9,"想請各位大大推薦一下這類的輕小說或小說，大陸網文也可以（我就是看了某部大陸網路輕小說才想找一些這類型的故事來看

世界觀再細一點的話
就是那種奇幻元素並不普及於所有人，只有少部份人擁有特殊能力，或是一些非人種族不會輕易在人前現身，隱藏在人類社會中那種都市奇幻類型",非人種族,False,性轉,0.644206652477284,0.25768266099091364
q9,"想請各位大大推薦一下這類的輕小說或小說，大陸網文也可以（我就是看了某部大陸網路輕小說才想找一些這類型的故事來看

世界觀再細一點的話
就是那種奇幻元素並不普及於所有人，只有少部份人擁有特殊能力，或是一些非人種族不會輕易在人前現身，隱藏在人類社會中那種都市奇幻類型",非人種族,False,溫馨,0.6377870763656905,0.2551148305462762
q9,"想請各位大大推薦一下這類的輕小說或小說，大陸網文也可以（我就是看了某部大陸網路輕小說才想找一些這類型的故事來看

世界觀再細一點的話
就是那種奇幻元素並不普及於所有人，只有少部份人擁有特殊能力，或是一些非人種族不會輕易在人前現身，隱藏在人類社會中那種都市奇幻類型",非人種族,False,經營,0.6201126208029081,0.24804504832116325
q9,"想請各位大大推薦一下這類的輕小說或小說，大陸網文也可以（我就是看了某部大陸網路輕小說才想找一些這類型的故事來看

世界觀再細一點的話
就是那種奇幻元素並不普及於所有人，只有少部份人擁有特殊能力，或是一些非人種族不會輕易在人前現身，隱藏在人類社會中那種都市奇幻類型",非人種族,False,獵奇,0.6816485244933153,0.2726594097973261
q9,"想請各位大大推薦一下這類的輕小說或小說，大陸網文也可以（我就是看了某部大陸網路輕小說才想找一些這類型的故事來看

世界觀再細一點的話
就是那種奇幻元素並不普及於所有人，只有少部份人擁有特殊能力，或是一些非人種族不會輕易在人前現身，隱藏在人類社會中那種都市奇幻類型",非人種族,False,黑暗,0.646896555813878,0.2587586223255512
q9,"想請各位大大推薦一下這類的輕小說或小說，大陸網文也可以（我就是看了某部大陸網路輕小說才想找一些這類型的故事來看

世界觀再細一點的話
就是那種奇幻元素並不普及於所有人，只有少部份人擁有特殊能力，或是一些非人種族不會輕易在人前現身，隱藏在人類社會中那種都市奇幻類型",非人種族,False,末日,0.627621118552675,0.25104844742107
q9,"想請各位大大推薦一下這類的輕小說或小說，大陸網文也可以（我就是看了某部大陸網路輕小說才想找一些這類型的故事來看

世界觀再細一點的話
就是那種奇幻元素並不普及於所有人，只有少部份人擁有特殊能力，或是一些非人種族不會輕易在人前現身，隱藏在人類社會中那種都市奇幻類型",非人種族,False,遊戲,0.6142313874641785,0.2456925549856714
q9,"想請各位大大推薦一下這類的輕小說或小說，大陸網文也可以（我就是看了某部大陸網路輕小說才想找一些這類型的故事來看

世界觀再細一點的話
就是那種奇幻元素並不普及於所有人，只有少部份人擁有特殊能力，或是一些非人種族不會輕易在人前現身，隱藏在人類社會中那種都市奇幻類型",非人種族,False,戰鬥,0.6126232378119365,0.2450492951247746
q9,"想請各位大大推薦一下這類的輕小說或小說，大陸網文也可以（我就是看了某部大陸網路輕小說才想找一些這類型的故事來看

世界觀再細一點的話
就是那種奇幻元素並不普及於所有人，只有少部份人擁有特殊能力，或是一些非人種族不會輕易在人前現身，隱藏在人類社會中那種都市奇幻類型",非人種族,False,群像,0.6499699817944706,0.2599879927177883
q9,"想請各位大大推薦一下這類的輕小說或小說，大陸網文也可以（我就是看了某部大陸網路輕小說才想找一些這類型的故事來看

世界觀再細一點的話
就是那種奇幻元素並不普及於所有人，只有少部份人擁有特殊能力，或是一些非人種族不會輕易在人前現身，隱藏在人類社會中那種都市奇幻類型",非人種族,False,歡樂向,0.6736623328675095,0.2694649331470038
q9,"想請各位大大推薦一下這類的輕小說或小說，大陸網文也可以（我就是看了某部大陸網路輕小說才想找一些這類型的故事來看

世界觀再細一點的話
就是那種奇幻元素並不普及於所有人，只有少部份人擁有特殊能力，或是一些非人種族不會輕易在人前現身，隱藏在人類社會中那種都市奇幻類型",非人種族,False,旅行,0.6179148781845943,0.24716595127383775
q9,"想請各位大大推薦一下這類的輕小說或小說，大陸網文也可以（我就是看了某部大陸網路輕小說才想找一些這類型的故事來看

世界觀再細一點的話
就是那種奇幻元素並不普及於所有人，只有少部份人擁有特殊能力，或是一些非人種族不會輕易在人前現身，隱藏在人類社會中那種都市奇幻類型",非人種族,False,惡役,0.6340983192441049,0.25363932769764197
q9,"想請各位大大推薦一下這類的輕小說或小說，大陸網文也可以（我就是看了某部大陸網路輕小說才想找一些這類型的故事來看

世界觀再細一點的話
就是那種奇幻元素並不普及於所有人，只有少部份人擁有特殊能力，或是一些非人種族不會輕易在人前現身，隱藏在人類社會中那種都市奇幻類型",非人種族,False,蘿莉,0.6508677298314303,0.2603470919325721
q9,"想請各位大大推薦一下這類的輕小說或小說，大陸網文也可以（我就是看了某部大陸網路輕小說才想找一些這類型的故事來看

世界觀再細一點的話
就是那種奇幻元素並不普及於所有人，只有少部份人擁有特殊能力，或是一些非人種族不會輕易在人前現身，隱藏在人類社會中那種都市奇幻類型",非人種族,False,機戰,0.6381260138753506,0.2552504055501403
q9,"想請各位大大推薦一下這類的輕小說或小說，大陸網文也可以（我就是看了某部大陸網路輕小說才想找一些這類型的故事來看

世界觀再細一點的話
就是那種奇幻元素並不普及於所有人，只有少部份人擁有特殊能力，或是一些非人種族不會輕易在人前現身，隱藏在人類社會中那種都市奇幻類型",非人種族,False,驚悚,0.6281773096554885,0.2512709238621954
q9,"想請各位大大推薦一下這類的輕小說或小說，大陸網文也可以（我就是看了某部大陸網路輕小說才想找一些這類型的故事來看

世界觀再細一點的話
就是那種奇幻元素並不普及於所有人，只有少部份人擁有特殊能力，或是一些非人種族不會輕易在人前現身，隱藏在人類社會中那種都市奇幻類型",非人種族,False,奇幻,0.6923443704332762,0.2769377481733105
q9,"想請各位大大推薦一下這類的輕小說或小說，大陸網文也可以（我就是看了某部大陸網路輕小說才想找一些這類型的故事來看

世界觀再細一點的話
就是那種奇幻元素並不普及於所有人，只有少部份人擁有特殊能力，或是一些非人種族不會輕易在人前現身，隱藏在人類社會中那種都市奇幻類型",非人種族,False,JK,0.6351802357680552,0.25407209430722205
q9,"想請各位大大推薦一下這類的輕小說或小說，大陸網文也可以（我就是看了某部大陸網路輕小說才想找一些這類型的故事來看

世界觀再細一點的話
就是那種奇幻元素並不普及於所有人，只有少部份人擁有特殊能力，或是一些非人種族不會輕易在人前現身，隱藏在人類社會中那種都市奇幻類型",非人種族,False,後宮,0.6248916054314427,0.2499566421725771
q9,"想請各位大大推薦一下這類的輕小說或小說，大陸網文也可以（我就是看了某部大陸網路輕小說才想找一些這類型的故事來看

世界觀再細一點的話
就是那種奇幻元素並不普及於所有人，只有少部份人擁有特殊能力，或是一些非人種族不會輕易在人前現身，隱藏在人類社會中那種都市奇幻類型",非人種族,False,耽美,0.6610860567395803,0.2644344226958321
q9,"想請各位大大推薦一下這類的輕小說或小說，大陸網文也可以（我就是看了某部大陸網路輕小說才想找一些這類型的故事來看

世界觀再細一點的話
就是那種奇幻元素並不普及於所有人，只有少部份人擁有特殊能力，或是一些非人種族不會輕易在人前現身，隱藏在人類社會中那種都市奇幻類型",非人種族,False,妹妹,0.6199380017194174,0.24797520068776696
q9,"想請各位大大推薦一下這類的輕小說或小說，大陸網文也可以（我就是看了某部大陸網路輕小說才想找一些這類型的故事來看

世界觀再細一點的話
就是那種奇幻元素並不普及於所有人，只有少部份人擁有特殊能力，或是一些非人種族不會輕易在人前現身，隱藏在人類社會中那種都市奇幻類型",非人種族,False,龍傲天,0.6208851366915805,0.2483540546766322
q9,"想請各位大大推薦一下這類的輕小說或小說，大陸網文也可以（我就是看了某部大陸網路輕小說才想找一些這類型的故事來看

世界觀再細一點的話
就是那種奇幻元素並不普及於所有人，只有少部份人擁有特殊能力，或是一些非人種族不會輕易在人前現身，隱藏在人類社會中那種都市奇幻類型",非人種族,False,職場,0.6236504235619831,0.24946016942479324
q9,"想請各位大大推薦一下這類的輕小說或小說，大陸網文也可以（我就是看了某部大陸網路輕小說才想找一些這類型的故事來看

世界觀再細一點的話
就是那種奇幻元素並不普及於所有人，只有少部份人擁有特殊能力，或是一些非人種族不會輕易在人前現身，隱藏在人類社會中那種都市奇幻類型",非人種族,False,推理,0.6364046338075035,0.25456185352300137
q9,"想請各位大大推薦一下這類的輕小說或小說，大陸網文也可以（我就是看了某部大陸網路輕小說才想找一些這類型的故事來看

世界觀再細一點的話
就是那種奇幻元素並不普及於所有人，只有少部份人擁有特殊能力，或是一些非人種族不會輕易在人前現身，隱藏在人類社會中那種都市奇幻類型",非人種族,False,JC,0.6298373396680444,0.25193493586721777
q9,"想請各位大大推薦一下這類的輕小說或小說，大陸網文也可以（我就是看了某部大陸網路輕小說才想找一些這類型的故事來看

世界觀再細一點的話
就是那種奇幻元素並不普及於所有人，只有少部份人擁有特殊能力，或是一些非人種族不會輕易在人前現身，隱藏在人類社會中那種都市奇幻類型",非人種族,False,宅文化,0.6406654027798548,0.25626616111194195
q9,"想請各位大大推薦一下這類的輕小說或小說，大陸網文也可以（我就是看了某部大陸網路輕小說才想找一些這類型的故事來看

世界觀再細一點的話
就是那種奇幻元素並不普及於所有人，只有少部份人擁有特殊能力，或是一些非人種族不會輕易在人前現身，隱藏在人類社會中那種都市奇幻類型",非人種族,False,校園,0.6177521730356368,0.24710086921425473
q9,"想請各位大大推薦一下這類的輕小說或小說，大陸網文也可以（我就是看了某部大陸網路輕小說才想找一些這類型的故事來看

世界觀再細一點的話
就是那種奇幻元素並不普及於所有人，只有少部份人擁有特殊能力，或是一些非人種族不會輕易在人前現身，隱藏在人類社會中那種都市奇幻類型",非人種族,False,同人,0.662903619783263,0.2651614479133052
q9,"想請各位大大推薦一下這類的輕小說或小說，大陸網文也可以（我就是看了某部大陸網路輕小說才想找一些這類型的故事來看

世界觀再細一點的話
就是那種奇幻元素並不普及於所有人，只有少部份人擁有特殊能力，或是一些非人種族不會輕易在人前現身，隱藏在人類社會中那種都市奇幻類型",非人種族,False,偽娘,0.6411637349615587,0.2564654939846235
q9,"想請各位大大推薦一下這類的輕小說或小說，大陸網文也可以（我就是看了某部大陸網路輕小說才想找一些這類型的故事來看

世界觀再細一點的話
就是那種奇幻元素並不普及於所有人，只有少部份人擁有特殊能力，或是一些非人種族不會輕易在人前現身，隱藏在人類社會中那種都市奇幻類型",非人種族,False,NTR,0.6518337488446627,0.2607334995378651
q9,"想請各位大大推薦一下這類的輕小說或小說，大陸網文也可以（我就是看了某部大陸網路輕小說才想找一些這類型的故事來看

世界觀再細一點的話
就是那種奇幻元素並不普及於所有人，只有少部份人擁有特殊能力，或是一些非人種族不會輕易在人前現身，隱藏在人類社會中那種都市奇幻類型",非人種族,False,異能,0.6580461130978077,0.2632184452391231
q9,"想請各位大大推薦一下這類的輕小說或小說，大陸網文也可以（我就是看了某部大陸網路輕小說才想找一些這類型的故事來看

世界觀再細一點的話
就是那種奇幻元素並不普及於所有人，只有少部份人擁有特殊能力，或是一些非人種族不會輕易在人前現身，隱藏在人類社會中那種都市奇幻類型",非人種族,False,戰爭,0.6200355533996635,0.24801422135986542
q9,"想請各位大大推薦一下這類的輕小說或小說，大陸網文也可以（我就是看了某部大陸網路輕小說才想找一些這類型的故事來看

世界觀再細一點的話
就是那種奇幻元素並不普及於所有人，只有少部份人擁有特殊能力，或是一些非人種族不會輕易在人前現身，隱藏在人類社會中那種都市奇幻類型",非人種族,False,音樂,0.625894450902619,0.2503577803610476
q9,"想請各位大大推薦一下這類的輕小說或小說，大陸網文也可以（我就是看了某部大陸網路輕小說才想找一些這類型的故事來看

世界觀再細一點的話
就是那種奇幻元素並不普及於所有人，只有少部份人擁有特殊能力，或是一些非人種族不會輕易在人前現身，隱藏在人類社會中那種都市奇幻類型",非人種族,False,病嬌,0.6219341883648126,0.24877367534592507
q9,"想請各位大大推薦一下這類的輕小說或小說，大陸網文也可以（我就是看了某部大陸網路輕小說才想找一些這類型的故事來看

世界觀再細一點的話
就是那種奇幻元素並不普及於所有人，只有少部份人擁有特殊能力，或是一些非人種族不會輕易在人前現身，隱藏在人類社會中那種都市奇幻類型",非人種族,False,熱血,0.6257048158377103,0.2502819263350841
q9,"想請各位大大推薦一下這類的輕小說或小說，大陸網文也可以（我就是看了某部大陸網路輕小說才想找一些這類型的故事來看

世界觀再細一點的話
就是那種奇幻元素並不普及於所有人，只有少部份人擁有特殊能力，或是一些非人種族不會輕易在人前現身，隱藏在人類社會中那種都市奇幻類型",非人種族,False,間諜,0.6020926923286908,0.24083707693147632
q9,"想請各位大大推薦一下這類的輕小說或小說，大陸網文也可以（我就是看了某部大陸網路輕小說才想找一些這類型的故事來看

世界觀再細一點的話
就是那種奇幻元素並不普及於所有人，只有少部份人擁有特殊能力，或是一些非人種族不會輕易在人前現身，隱藏在人類社會中那種都市奇幻類型",非人種族,False,冒險,0.6286999698431529,0.2514799879372612
q9,"想請各位大大推薦一下這類的輕小說或小說，大陸網文也可以（我就是看了某部大陸網路輕小說才想找一些這類型的故事來看

世界觀再細一點的話
就是那種奇幻元素並不普及於所有人，只有少部份人擁有特殊能力，或是一些非人種族不會輕易在人前現身，隱藏在人類社會中那種都市奇幻類型",非人種族,False,大小姐,0.6177511213123152,0.2471004485249261
q9,"想請各位大大推薦一下這類的輕小說或小說，大陸網文也可以（我就是看了某部大陸網路輕小說才想找一些這類型的故事來看

世界觀再細一點的話
就是那種奇幻元素並不普及於所有人，只有少部份人擁有特殊能力，或是一些非人種族不會輕易在人前現身，隱藏在人類社會中那種都市奇幻類型",非人種族,False,女兒,0.72173852705181,0.288695410820724
q9,"想請各位大大推薦一下這類的輕小說或小說，大陸網文也可以（我就是看了某部大陸網路輕小說才想找一些這類型的故事來看

世界觀再細一點的話
就是那種奇幻元素並不普及於所有人，只有少部份人擁有特殊能力，或是一些非人種族不會輕易在人前現身，隱藏在人類社會中那種都市奇幻類型",非人種族,False,人外,0.7807815341596164,0.31231261366384655
q9,"想請各位大大推薦一下這類的輕小說或小說，大陸網文也可以（我就是看了某部大陸網路輕小說才想找一些這類型的故事來看

世界觀再細一點的話
就是那種奇幻元素並不普及於所有人，只有少部份人擁有特殊能力，或是一些非人種族不會輕易在人前現身，隱藏在人類社會中那種都市奇幻類型",非人種族,False,美食,0.7092061845627686,0.2836824738251075
q9,"想請各位大大推薦一下這類的輕小說或小說，大陸網文也可以（我就是看了某部大陸網路輕小說才想找一些這類型的故事來看

世界觀再細一點的話
就是那種奇幻元素並不普及於所有人，只有少部份人擁有特殊能力，或是一些非人種族不會輕易在人前現身，隱藏在人類社會中那種都市奇幻類型",非人種族,False,異世界,0.676589865132653,0.2706359460530612
q9,"想請各位大大推薦一下這類的輕小說或小說，大陸網文也可以（我就是看了某部大陸網路輕小說才想找一些這類型的故事來看

世界觀再細一點的話
就是那種奇幻元素並不普及於所有人，只有少部份人擁有特殊能力，或是一些非人種族不會輕易在人前現身，隱藏在人類社會中那種都市奇幻類型",非人種族,False,懸疑,0.6419016630071432,0.2567606652028573
q12,"想找一些日常系小說類型，希望劇情節奏安排和對話有趣些。
其它元素能接受百合、戀愛、生活、學校類型，有談話間交流劇情。",百合,True,百合,1.0,1.0
q12,"想找一些日常系小說類型，希望劇情節奏安排和對話有趣些。
其它元素能接受百合、戀愛、生活、學校類型，有談話間交流劇情。",戀愛,True,戀愛,1.0,1.0
q12,"想找一些日常系小說類型，希望劇情節奏安排和對話有趣些。
其它元素能接受百合、戀愛、生活、學校類型，有談話間交流劇情。",校園,True,校園,1.0,1.0
q12,"想找一些日常系小說類型，希望劇情節奏安排和對話有趣些。
其它元素能接受百合、戀愛、生活、學校類型，有談話間交流劇情。",溫馨,True,溫馨,1.0,1.0
q12,"想找一些日常系小說類型，希望劇情節奏安排和對話有趣些。
其它元素能接受百合、戀愛、生活、學校類型，有談話間交流劇情。",日常系,False,大逃殺,0.6270165855094496,0.25080663420377985
q12,"想找一些日常系小說類型，希望劇情節奏安排和對話有趣些。
其它元素能接受百合、戀愛、生活、學校類型，有談話間交流劇情。",日常系,False,戀愛,0.6691350989077554,0.26765403956310213
q12,"想找一些日常系小說類型，希望劇情節奏安排和對話有趣些。
其它元素能接受百合、戀愛、生活、學校類型，有談話間交流劇情。",日常系,False,犯罪,0.6363101321795561,0.25452405287182245
q12,"想找一些日常系小說類型，希望劇情節奏安排和對話有趣些。
其它元素能接受百合、戀愛、生活、學校類型，有談話間交流劇情。",日常系,False,鬥智,0.6332537110645403,0.2533014844258161
q12,"想找一些日常系小說類型，希望劇情節奏安排和對話有趣些。
其它元素能接受百合、戀愛、生活、學校類型，有談話間交流劇情。",日常系,False,科幻,0.6545236754799688,0.2618094701919875
q12,"想找一些日常系小說類型，希望劇情節奏安排和對話有趣些。
其它元素能接受百合、戀愛、生活、學校類型，有談話間交流劇情。",日常系,False,百合,0.6643409179337397,0.2657363671734959
q12,"想找一些日常系小說類型，希望劇情節奏安排和對話有趣些。
其它元素能接受百合、戀愛、生活、學校類型，有談話間交流劇情。",日常系,False,轉生,0.6525966578352258,0.26103866313409035
q12,"想找一些日常系小說類型，希望劇情節奏安排和對話有趣些。
其它元素能接受百合、戀愛、生活、學校類型，有談話間交流劇情。",日常系,False,治癒,0.6743613723687202,0.26974454894748806
q12,"想找一些日常系小說類型，希望劇情節奏安排和對話有趣些。
其它元素能接受百合、戀愛、生活、學校類型，有談話間交流劇情。",日常系,False,青梅竹馬,0.6584694526572087,0.26338778106288346
q12,"想找一些日常系小說類型，希望劇情節奏安排和對話有趣些。
其它元素能接受百合、戀愛、生活、學校類型，有談話間交流劇情。",日常系,False,女性視角,0.6559828128034477,0.2623931251213791
q12,"想找一些日常系小說類型，希望劇情節奏安排和對話有趣些。
其它元素能接受百合、戀愛、生活、學校類型，有談話間交流劇情。",日常系,False,性轉,0.6440226189544542,0.2576090475817817
q12,"想找一些日常系小說類型，希望劇情節奏安排和對話有趣些。
其它元素能接受百合、戀愛、生活、學校類型，有談話間交流劇情。",日常系,False,溫馨,0.6982775255614196,0.2793110102245679
q12,"想找一些日常系小說類型，希望劇情節奏安排和對話有趣些。
其它元素能接受百合、戀愛、生活、學校類型，有談話間交流劇情。",日常系,False,經營,0.6558442971892088,0.2623377188756835
q12,"想找一些日常系小說類型，希望劇情節奏安排和對話有趣些。
其它元素能接受百合、戀愛、生活、學校類型，有談話間交流劇情。",日常系,False,獵奇,0.6666932623059132,0.2666773049223653
q12,"想找一些日常系小說類型，希望劇情節奏安排和對話有趣些。
其它元素能接受百合、戀愛、生活、學校類型，有談話間交流劇情。",日常系,False,復仇,0.6067791418165998,0.2427116567266399
q12,"想找一些日常系小說類型，希望劇情節奏安排和對話有趣些。
其它元素能接受百合、戀愛、生活、學校類型，有談話間交流劇情。",日常系,False,黑暗,0.6413982874078045,0.2565593149631218
q12,"想找一些日常系小說類型，希望劇情節奏安排和對話有趣些。
其它元素能接受百合、戀愛、生活、學校類型，有談話間交流劇情。",日常系,False,末日,0.6365907687614774,0.25463630750459093
q12,"想找一些日常系小說類型，希望劇情節奏安排和對話有趣些。
其它元素能接受百合、戀愛、生活、學校類型，有談話間交流劇情。",日常系,False,遊戲,0.6317005334629902,0.2526802133851961
q12,"想找一些日常系小說類型，希望劇情節奏安排和對話有趣些。
其它元素能接受百合、戀愛、生活、學校類型，有談話間交流劇情。",日常系,False,戰鬥,0.6310208225005997,0.25240832900023985
q12,"想找一些日常系小說類型，希望劇情節奏安排和對話有趣些。
其它元素能接受百合、戀愛、生活、學校類型，有談話間交流劇情。",日常系,False,青春,0.649609641472853,0.2598438565891412
q12,"想找一些日常系小說類型，希望劇情節奏安排和對話有趣些。
其它元素能接受百合、戀愛、生活、學校類型，有談話間交流劇情。",日常系,False,群像,0.6577722037148641,0.26310888148594563
q12,"想找一些日常系小說類型，希望劇情節奏安排和對話有趣些。
其它元素能接受百合、戀愛、生活、學校類型，有談話間交流劇情。",日常系,False,歡樂向,0.7191351665346841,0.28765406661387366
q12,"想找一些日常系小說類型，希望劇情節奏安排和對話有趣些。
其它元素能接受百合、戀愛、生活、學校類型，有談話間交流劇情。",日常系,False,旅行,0.6494423465998989,0.25977693863995954
q12,"想找一些日常系小說類型，希望劇情節奏安排和對話有趣些。
其它元素能接受百合、戀愛、生活、學校類型，有談話間交流劇情。",日常系,False,惡役,0.632768869937016,0.2531075479748064
q12,"想找一些日常系小說類型，希望劇情節奏安排和對話有趣些。
其它元素能接受百合、戀愛、生活、學校類型，有談話間交流劇情。",日常系,False,蘿莉,0.6652858721477493,0.26611434885909974
q12,"想找一些日常系小說類型，希望劇情節奏安排和對話有趣些。
其它元素能接受百合、戀愛、生活、學校類型，有談話間交流劇情。",日常系,False,機戰,0.643110946325981,0.2572443785303924
q12,"想找一些日常系小說類型，希望劇情節奏安排和對話有趣些。
其它元素能接受百合、戀愛、生活、學校類型，有談話間交流劇情。",日常系,False,驚悚,0.6375458068932516,0.25501832275730063
q12,"想找一些日常系小說類型，希望劇情節奏安排和對話有趣些。
其它元素能接受百合、戀愛、生活、學校類型，有談話間交流劇情。",日常系,False,奇幻,0.6704040867615112,0.26816163470460447
q12,"想找一些日常系小說類型，希望劇情節奏安排和對話有趣些。
其它元素能接受百合、戀愛、生活、學校類型，有談話間交流劇情。",日常系,False,JK,0.6812594068014826,0.272503762720593
q12,"想找一些日常系小說類型，希望劇情節奏安排和對話有趣些。
其它元素能接受百合、戀愛、生活、學校類型，有談話間交流劇情。",日常系,False,後宮,0.6604639278484266,0.26418557113937063
q12,"想找一些日常系小說類型，希望劇情節奏安排和對話有趣些。
其它元素能接受百合、戀愛、生活、學校類型，有談話間交流劇情。",日常系,False,耽美,0.6730132999667733,0.2692053199867093
q12,"想找一些日常系小說類型，希望劇情節奏安排和對話有趣些。
其它元素能接受百合、戀愛、生活、學校類型，有談話間交流劇情。",日常系,False,妹妹,0.6572421928363089,0.2628968771345236
q12,"想找一些日常系小說類型，希望劇情節奏安排和對話有趣些。
其它元素能接受百合、戀愛、生活、學校類型，有談話間交流劇情。",日常系,False,龍傲天,0.6473085397390109,0.25892341589560436
q12,"想找一些日常系小說類型，希望劇情節奏安排和對話有趣些。
其它元素能接受百合、戀愛、生活、學校類型，有談話間交流劇情。",日常系,False,職場,0.6645616207557029,0.2658246483022812
q12,"想找一些日常系小說類型，希望劇情節奏安排和對話有趣些。
其它元素能接受百合、戀愛、生活、學校類型，有談話間交流劇情。",日常系,False,推理,0.6589752334249117,0.2635900933699647
q12,"想找一些日常系小說類型，希望劇情節奏安排和對話有趣些。
其它元素能接受百合、戀愛、生活、學校類型，有談話間交流劇情。",日常系,False,腦洞,0.644986577901312,0.2579946311605248
q12,"想找一些日常系小說類型，希望劇情節奏安排和對話有趣些。
其它元素能接受百合、戀愛、生活、學校類型，有談話間交流劇情。",日常系,False,JC,0.6667254809103538,0.26669019236414154
q12,"想找一些日常系小說類型，希望劇情節奏安排和對話有趣些。
其它元素能接受百合、戀愛、生活、學校類型，有談話間交流劇情。",日常系,False,宅文化,0.6683788824536236,0.26735155298144947
q12,"想找一些日常系小說類型，希望劇情節奏安排和對話有趣些。
其它元素能接受百合、戀愛、生活、學校類型，有談話間交流劇情。",日常系,False,校園,0.6781163075763234,0.2712465230305294
q12,"想找一些日常系小說類型，希望劇情節奏安排和對話有趣些。
其它元素能接受百合、戀愛、生活、學校類型，有談話間交流劇情。",日常系,False,同人,0.6691158865052245,0.2676463546020898
q12,"想找一些日常系小說類型，希望劇情節奏安排和對話有趣些。
其它元素能接受百合、戀愛、生活、學校類型，有談話間交流劇情。",日常系,False,偽娘,0.6488824226244188,0.2595529690497675
q12,"想找一些日常系小說類型，希望劇情節奏安排和對話有趣些。
其它元素能接受百合、戀愛、生活、學校類型，有談話間交流劇情。",日常系,False,NTR,0.6647947688568075,0.26591790754272304
q12,"想找一些日常系小說類型，希望劇情節奏安排和對話有趣些。
其它元素能接受百合、戀愛、生活、學校類型，有談話間交流劇情。",日常系,False,異能,0.6509336806795774,0.26037347227183094
q12,"想找一些日常系小說類型，希望劇情節奏安排和對話有趣些。
其它元素能接受百合、戀愛、生活、學校類型，有談話間交流劇情。",日常系,False,病嬌,0.6447789026307256,0.25791156105229024
q12,"想找一些日常系小說類型，希望劇情節奏安排和對話有趣些。
其它元素能接受百合、戀愛、生活、學校類型，有談話間交流劇情。",日常系,False,音樂,0.6407581814118831,0.25630327256475327
q12,"想找一些日常系小說類型，希望劇情節奏安排和對話有趣些。
其它元素能接受百合、戀愛、生活、學校類型，有談話間交流劇情。",日常系,False,戰爭,0.6360400559907178,0.25441602239628713
q12,"想找一些日常系小說類型，希望劇情節奏安排和對話有趣些。
其它元素能接受百合、戀愛、生活、學校類型，有談話間交流劇情。",日常系,False,熱血,0.6405010058331498,0.25620040233325997
q12,"想找一些日常系小說類型，希望劇情節奏安排和對話有趣些。
其它元素能接受百合、戀愛、生活、學校類型，有談話間交流劇情。",日常系,False,間諜,0.6238303916970109,0.24953215667880438
q12,"想找一些日常系小說類型，希望劇情節奏安排和對話有趣些。
其它元素能接受百合、戀愛、生活、學校類型，有談話間交流劇情。",日常系,False,冒險,0.646132370157634,0.25845294806305363
q12,"想找一些日常系小說類型，希望劇情節奏安排和對話有趣些。
其它元素能接受百合、戀愛、生活、學校類型，有談話間交流劇情。",日常系,False,大小姐,0.6568190825535731,0.26272763302142926
q12,"想找一些日常系小說類型，希望劇情節奏安排和對話有趣些。
其它元素能接受百合、戀愛、生活、學校類型，有談話間交流劇情。",日常系,False,女兒,0.6408217991301506,0.2563287196520602
q12,"想找一些日常系小說類型，希望劇情節奏安排和對話有趣些。
其它元素能接受百合、戀愛、生活、學校類型，有談話間交流劇情。",日常系,False,人外,0.6812088385325198,0.2724835354130079
q12,"想找一些日常系小說類型，希望劇情節奏安排和對話有趣些。
其它元素能接受百合、戀愛、生活、學校類型，有談話間交流劇情。",日常系,False,魔法,0.639305581278685,0.255722232511474
q12,"想找一些日常系小說類型，希望劇情節奏安排和對話有趣些。
其它元素能接受百合、戀愛、生活、學校類型，有談話間交流劇情。",日常系,False,美食,0.6350199782586793,0.25400799130347174
q12,"想找一些日常系小說類型，希望劇情節奏安排和對話有趣些。
其它元素能接受百合、戀愛、生活、學校類型，有談話間交流劇情。",日常系,False,異世界,0.6684537678791601,0.26738150715166403
q12,"想找一些日常系小說類型，希望劇情節奏安排和對話有趣些。
其它元素能接受百合、戀愛、生活、學校類型，有談話間交流劇情。",日常系,False,懸疑,0.6538669511924087,0.2615467804769635
q12,"想找一些日常系小說類型，希望劇情節奏安排和對話有趣些。
其它元素能接受百合、戀愛、生活、學校類型，有談話間交流劇情。",有趣對話,False,大逃殺,0.6280919301469925,0.251236772058797
q12,"想找一些日常系小說類型，希望劇情節奏安排和對話有趣些。
其它元素能接受百合、戀愛、生活、學校類型，有談話間交流劇情。",有趣對話,False,戀愛,0.6783221916456915,0.2713288766582766
q12,"想找一些日常系小說類型，希望劇情節奏安排和對話有趣些。
其它元素能接受百合、戀愛、生活、學校類型，有談話間交流劇情。",有趣對話,False,犯罪,0.6400459380486071,0.2560183752194429
q12,"想找一些日常系小說類型，希望劇情節奏安排和對話有趣些。
其它元素能接受百合、戀愛、生活、學校類型，有談話間交流劇情。",有趣對話,False,鬥智,0.6676849669435381,0.26707398677741523
q12,"想找一些日常系小說類型，希望劇情節奏安排和對話有趣些。
其它元素能接受百合、戀愛、生活、學校類型，有談話間交流劇情。",有趣對話,False,科幻,0.6635913794073209,0.2654365517629284
q12,"想找一些日常系小說類型，希望劇情節奏安排和對話有趣些。
其它元素能接受百合、戀愛、生活、學校類型，有談話間交流劇情。",有趣對話,False,百合,0.6588205272763745,0.26352821091054984
q12,"想找一些日常系小說類型，希望劇情節奏安排和對話有趣些。
其它元素能接受百合、戀愛、生活、學校類型，有談話間交流劇情。",有趣對話,False,轉生,0.6352732438832849,0.25410929755331396
q12,"想找一些日常系小說類型，希望劇情節奏安排和對話有趣些。
其它元素能接受百合、戀愛、生活、學校類型，有談話間交流劇情。",有趣對話,False,治癒,0.6561224676534821,0.26244898706139286
q12,"想找一些日常系小說類型，希望劇情節奏安排和對話有趣些。
其它元素能接受百合、戀愛、生活、學校類型，有談話間交流劇情。",有趣對話,False,青梅竹馬,0.6430337177173389,0.25721348708693553
q12,"想找一些日常系小說類型，希望劇情節奏安排和對話有趣些。
其它元素能接受百合、戀愛、生活、學校類型，有談話間交流劇情。",有趣對話,False,女性視角,0.6671269876678576,0.26685079506714304
q12,"想找一些日常系小說類型，希望劇情節奏安排和對話有趣些。
其它元素能接受百合、戀愛、生活、學校類型，有談話間交流劇情。",有趣對話,False,性轉,0.6389544759211434,0.25558179036845735
q12,"想找一些日常系小說類型，希望劇情節奏安排和對話有趣些。
其它元素能接受百合、戀愛、生活、學校類型，有談話間交流劇情。",有趣對話,False,溫馨,0.6752834267074275,0.270113370682971
q12,"想找一些日常系小說類型，希望劇情節奏安排和對話有趣些。
其它元素能接受百合、戀愛、生活、學校類型，有談話間交流劇情。",有趣對話,False,經營,0.6387968593097696,0.25551874372390787
q12,"想找一些日常系小說類型，希望劇情節奏安排和對話有趣些。
其它元素能接受百合、戀愛、生活、學校類型，有談話間交流劇情。",有趣對話,False,獵奇,0.6525589435801525,0.261023577432061
q12,"想找一些日常系小說類型，希望劇情節奏安排和對話有趣些。
其它元素能接受百合、戀愛、生活、學校類型，有談話間交流劇情。",有趣對話,False,復仇,0.6073565706159318,0.24294262824637275
q12,"想找一些日常系小說類型，希望劇情節奏安排和對話有趣些。
其它元素能接受百合、戀愛、生活、學校類型，有談話間交流劇情。",有趣對話,False,黑暗,0.6324129444841168,0.25296517779364674
q12,"想找一些日常系小說類型，希望劇情節奏安排和對話有趣些。
其它元素能接受百合、戀愛、生活、學校類型，有談話間交流劇情。",有趣對話,False,末日,0.6217881400252423,0.24871525601009692
q12,"想找一些日常系小說類型，希望劇情節奏安排和對話有趣些。
其它元素能接受百合、戀愛、生活、學校類型，有談話間交流劇情。",有趣對話,False,遊戲,0.6395793585759946,0.25583174343039783
q12,"想找一些日常系小說類型，希望劇情節奏安排和對話有趣些。
其它元素能接受百合、戀愛、生活、學校類型，有談話間交流劇情。",有趣對話,False,戰鬥,0.6228918139910326,0.24915672559641303
q12,"想找一些日常系小說類型，希望劇情節奏安排和對話有趣些。
其它元素能接受百合、戀愛、生活、學校類型，有談話間交流劇情。",有趣對話,False,青春,0.6510164421036687,0.2604065768414675
q12,"想找一些日常系小說類型，希望劇情節奏安排和對話有趣些。
其它元素能接受百合、戀愛、生活、學校類型，有談話間交流劇情。",有趣對話,False,群像,0.6597437937619965,0.2638975175047986
q12,"想找一些日常系小說類型，希望劇情節奏安排和對話有趣些。
其它元素能接受百合、戀愛、生活、學校類型，有談話間交流劇情。",有趣對話,False,歡樂向,0.7287849525465526,0.2915139810186211
q12,"想找一些日常系小說類型，希望劇情節奏安排和對話有趣些。
其它元素能接受百合、戀愛、生活、學校類型，有談話間交流劇情。",有趣對話,False,旅行,0.6540873376778268,0.2616349350711307
q12,"想找一些日常系小說類型，希望劇情節奏安排和對話有趣些。
其它元素能接受百合、戀愛、生活、學校類型，有談話間交流劇情。",有趣對話,False,惡役,0.6346449721097218,0.2538579888438887
q12,"想找一些日常系小說類型，希望劇情節奏安排和對話有趣些。
其它元素能接受百合、戀愛、生活、學校類型，有談話間交流劇情。",有趣對話,False,蘿莉,0.6415585357332042,0.25662341429328167
q12,"想找一些日常系小說類型，希望劇情節奏安排和對話有趣些。
其它元素能接受百合、戀愛、生活、學校類型，有談話間交流劇情。",有趣對話,False,機戰,0.6467495651378601,0.258699826055144
q12,"想找一些日常系小說類型，希望劇情節奏安排和對話有趣些。
其它元素能接受百合、戀愛、生活、學校類型，有談話間交流劇情。",有趣對話,False,驚悚,0.6466512476884094,0.25866049907536376
q12,"想找一些日常系小說類型，希望劇情節奏安排和對話有趣些。
其它元素能接受百合、戀愛、生活、學校類型，有談話間交流劇情。",有趣對話,False,奇幻,0.6553171231590011,0.26212684926360047
q12,"想找一些日常系小說類型，希望劇情節奏安排和對話有趣些。
其它元素能接受百合、戀愛、生活、學校類型，有談話間交流劇情。",有趣對話,False,JK,0.665411984798244,0.26616479391929765
q12,"想找一些日常系小說類型，希望劇情節奏安排和對話有趣些。
其它元素能接受百合、戀愛、生活、學校類型，有談話間交流劇情。",有趣對話,False,後宮,0.6488958845339681,0.2595583538135872
q12,"想找一些日常系小說類型，希望劇情節奏安排和對話有趣些。
其它元素能接受百合、戀愛、生活、學校類型，有談話間交流劇情。",有趣對話,False,耽美,0.6736287386035817,0.2694514954414327
q12,"想找一些日常系小說類型，希望劇情節奏安排和對話有趣些。
其它元素能接受百合、戀愛、生活、學校類型，有談話間交流劇情。",有趣對話,False,妹妹,0.6334321121874433,0.25337284487497735
q12,"想找一些日常系小說類型，希望劇情節奏安排和對話有趣些。
其它元素能接受百合、戀愛、生活、學校類型，有談話間交流劇情。",有趣對話,False,職場,0.6640766632610795,0.2656306653044318
q12,"想找一些日常系小說類型，希望劇情節奏安排和對話有趣些。
其它元素能接受百合、戀愛、生活、學校類型，有談話間交流劇情。",有趣對話,False,推理,0.6686560299515358,0.2674624119806143
q12,"想找一些日常系小說類型，希望劇情節奏安排和對話有趣些。
其它元素能接受百合、戀愛、生活、學校類型，有談話間交流劇情。",有趣對話,False,腦洞,0.6549119581734854,0.26196478326939415
q12,"想找一些日常系小說類型，希望劇情節奏安排和對話有趣些。
其它元素能接受百合、戀愛、生活、學校類型，有談話間交流劇情。",有趣對話,False,JC,0.6538497493128451,0.2615398997251381
q12,"想找一些日常系小說類型，希望劇情節奏安排和對話有趣些。
其它元素能接受百合、戀愛、生活、學校類型，有談話間交流劇情。",有趣對話,False,宅文化,0.6511246736039903,0.26044986944159615
q12,"想找一些日常系小說類型，希望劇情節奏安排和對話有趣些。
其它元素能接受百合、戀愛、生活、學校類型，有談話間交流劇情。",有趣對話,False,校園,0.6475495975347756,0.25901983901391024
q12,"想找一些日常系小說類型，希望劇情節奏安排和對話有趣些。
其它元素能接受百合、戀愛、生活、學校類型，有談話間交流劇情。",有趣對話,False,同人,0.6561924255890546,0.26247697023562183
q12,"想找一些日常系小說類型，希望劇情節奏安排和對話有趣些。
其它元素能接受百合、戀愛、生活、學校類型，有談話間交流劇情。",有趣對話,False,偽娘,0.6286446389355959,0.25145785557423833
q12,"想找一些日常系小說類型，希望劇情節奏安排和對話有趣些。
其它元素能接受百合、戀愛、生活、學校類型，有談話間交流劇情。",有趣對話,False,NTR,0.6473040319015684,0.25892161276062736
q12,"想找一些日常系小說類型，希望劇情節奏安排和對話有趣些。
其它元素能接受百合、戀愛、生活、學校類型，有談話間交流劇情。",有趣對話,False,異能,0.6318838325210603,0.2527535330084241
q12,"想找一些日常系小說類型，希望劇情節奏安排和對話有趣些。
其它元素能接受百合、戀愛、生活、學校類型，有談話間交流劇情。",有趣對話,False,戰爭,0.6266366731399047,0.25065466925596186
q12,"想找一些日常系小說類型，希望劇情節奏安排和對話有趣些。
其它元素能接受百合、戀愛、生活、學校類型，有談話間交流劇情。",有趣對話,False,音樂,0.6477128851838649,0.259085154073546
q12,"想找一些日常系小說類型，希望劇情節奏安排和對話有趣些。
其它元素能接受百合、戀愛、生活、學校類型，有談話間交流劇情。",有趣對話,False,熱血,0.6355353913225825,0.254214156529033
q12,"想找一些日常系小說類型，希望劇情節奏安排和對話有趣些。
其它元素能接受百合、戀愛、生活、學校類型，有談話間交流劇情。",有趣對話,False,間諜,0.6318082515801159,0.25272330063204634
q12,"想找一些日常系小說類型，希望劇情節奏安排和對話有趣些。
其它元素能接受百合、戀愛、生活、學校類型，有談話間交流劇情。",有趣對話,False,冒險,0.6536787611375725,0.26147150445502904
q12,"想找一些日常系小說類型，希望劇情節奏安排和對話有趣些。
其它元素能接受百合、戀愛、生活、學校類型，有談話間交流劇情。",有趣對話,False,大小姐,0.6462778546423626,0.25851114185694507
q12,"想找一些日常系小說類型，希望劇情節奏安排和對話有趣些。
其它元素能接受百合、戀愛、生活、學校類型，有談話間交流劇情。",有趣對話,False,女兒,0.6311586376325938,0.2524634550530375
q12,"想找一些日常系小說類型，希望劇情節奏安排和對話有趣些。
其它元素能接受百合、戀愛、生活、學校類型，有談話間交流劇情。",有趣對話,False,人外,0.6583633673800416,0.26334534695201667
q12,"想找一些日常系小說類型，希望劇情節奏安排和對話有趣些。
其它元素能接受百合、戀愛、生活、學校類型，有談話間交流劇情。",有趣對話,False,美食,0.6332001774058175,0.253280070962327
q12,"想找一些日常系小說類型，希望劇情節奏安排和對話有趣些。
其它元素能接受百合、戀愛、生活、學校類型，有談話間交流劇情。",有趣對話,False,異世界,0.6406940983419547,0.2562776393367819
q12,"想找一些日常系小說類型，希望劇情節奏安排和對話有趣些。
其它元素能接受百合、戀愛、生活、學校類型，有談話間交流劇情。",有趣對話,False,懸疑,0.6665924767675243,0.26663699070700975
q11,"最近人比較負面，
想看一些有共鳴的小說。
有沒有那種「我一個人爛就好了別搞其他人」的主角的輕小說？以前看大老師自暴自棄滿戳中我的。
宅宅現實找不到人取暖，希望能找輕小說取。",自暴自棄,False,大逃殺,0.64020855209123,0.256083420836492
q11,"最近人比較負面，
想看一些有共鳴的小說。
有沒有那種「我一個人爛就好了別搞其他人」的主角的輕小說？以前看大老師自暴自棄滿戳中我的。
宅宅現實找不到人取暖，希望能找輕小說取。",自暴自棄,False,戀愛,0.6306423104269477,0.2522569241707791
q11,"最近人比較負面，
想看一些有共鳴的小說。
有沒有那種「我一個人爛就好了別搞其他人」的主角的輕小說？以前看大老師自暴自棄滿戳中我的。
宅宅現實找不到人取暖，希望能找輕小說取。",自暴自棄,False,犯罪,0.6470317613593081,0.25881270454372324
q11,"最近人比較負面，
想看一些有共鳴的小說。
有沒有那種「我一個人爛就好了別搞其他人」的主角的輕小說？以前看大老師自暴自棄滿戳中我的。
宅宅現實找不到人取暖，希望能找輕小說取。",自暴自棄,False,鬥智,0.6176110402025049,0.24704441608100197
q11,"最近人比較負面，
想看一些有共鳴的小說。
有沒有那種「我一個人爛就好了別搞其他人」的主角的輕小說？以前看大老師自暴自棄滿戳中我的。
宅宅現實找不到人取暖，希望能找輕小說取。",自暴自棄,False,科幻,0.633482006421282,0.2533928025685128
q11,"最近人比較負面，
想看一些有共鳴的小說。
有沒有那種「我一個人爛就好了別搞其他人」的主角的輕小說？以前看大老師自暴自棄滿戳中我的。
宅宅現實找不到人取暖，希望能找輕小說取。",自暴自棄,False,百合,0.6284852843035088,0.2513941137214035
q11,"最近人比較負面，
想看一些有共鳴的小說。
有沒有那種「我一個人爛就好了別搞其他人」的主角的輕小說？以前看大老師自暴自棄滿戳中我的。
宅宅現實找不到人取暖，希望能找輕小說取。",自暴自棄,False,轉生,0.6199867215768622,0.2479946886307449
q11,"最近人比較負面，
想看一些有共鳴的小說。
有沒有那種「我一個人爛就好了別搞其他人」的主角的輕小說？以前看大老師自暴自棄滿戳中我的。
宅宅現實找不到人取暖，希望能找輕小說取。",自暴自棄,False,治癒,0.6301469803980054,0.2520587921592022
q11,"最近人比較負面，
想看一些有共鳴的小說。
有沒有那種「我一個人爛就好了別搞其他人」的主角的輕小說？以前看大老師自暴自棄滿戳中我的。
宅宅現實找不到人取暖，希望能找輕小說取。",自暴自棄,False,女性視角,0.6326617296915302,0.2530646918766121
q11,"最近人比較負面，
想看一些有共鳴的小說。
有沒有那種「我一個人爛就好了別搞其他人」的主角的輕小說？以前看大老師自暴自棄滿戳中我的。
宅宅現實找不到人取暖，希望能找輕小說取。",自暴自棄,False,獵奇,0.6679527829352996,0.26718111317411986
q11,"最近人比較負面，
想看一些有共鳴的小說。
有沒有那種「我一個人爛就好了別搞其他人」的主角的輕小說？以前看大老師自暴自棄滿戳中我的。
宅宅現實找不到人取暖，希望能找輕小說取。",自暴自棄,False,復仇,0.6349428978625066,0.25397715914500263
q11,"最近人比較負面，
想看一些有共鳴的小說。
有沒有那種「我一個人爛就好了別搞其他人」的主角的輕小說？以前看大老師自暴自棄滿戳中我的。
宅宅現實找不到人取暖，希望能找輕小說取。",自暴自棄,False,黑暗,0.6834511195398952,0.2733804478159581
q11,"最近人比較負面，
想看一些有共鳴的小說。
有沒有那種「我一個人爛就好了別搞其他人」的主角的輕小說？以前看大老師自暴自棄滿戳中我的。
宅宅現實找不到人取暖，希望能找輕小說取。",自暴自棄,False,末日,0.653738388572952,0.2614953554291808
q11,"最近人比較負面，
想看一些有共鳴的小說。
有沒有那種「我一個人爛就好了別搞其他人」的主角的輕小說？以前看大老師自暴自棄滿戳中我的。
宅宅現實找不到人取暖，希望能找輕小說取。",自暴自棄,False,遊戲,0.6035917844466805,0.2414367137786722
q11,"最近人比較負面，
想看一些有共鳴的小說。
有沒有那種「我一個人爛就好了別搞其他人」的主角的輕小說？以前看大老師自暴自棄滿戳中我的。
宅宅現實找不到人取暖，希望能找輕小說取。",自暴自棄,False,群像,0.6251341961469946,0.25005367845879783
q11,"最近人比較負面，
想看一些有共鳴的小說。
有沒有那種「我一個人爛就好了別搞其他人」的主角的輕小說？以前看大老師自暴自棄滿戳中我的。
宅宅現實找不到人取暖，希望能找輕小說取。",自暴自棄,False,歡樂向,0.6648998886403438,0.26595995545613754
q11,"最近人比較負面，
想看一些有共鳴的小說。
有沒有那種「我一個人爛就好了別搞其他人」的主角的輕小說？以前看大老師自暴自棄滿戳中我的。
宅宅現實找不到人取暖，希望能找輕小說取。",自暴自棄,False,旅行,0.6233700670894602,0.24934802683578408
q11,"最近人比較負面，
想看一些有共鳴的小說。
有沒有那種「我一個人爛就好了別搞其他人」的主角的輕小說？以前看大老師自暴自棄滿戳中我的。
宅宅現實找不到人取暖，希望能找輕小說取。",自暴自棄,False,惡役,0.6535321063980625,0.261412842559225
q11,"最近人比較負面，
想看一些有共鳴的小說。
有沒有那種「我一個人爛就好了別搞其他人」的主角的輕小說？以前看大老師自暴自棄滿戳中我的。
宅宅現實找不到人取暖，希望能找輕小說取。",自暴自棄,False,機戰,0.6154420625048296,0.24617682500193183
q11,"最近人比較負面，
想看一些有共鳴的小說。
有沒有那種「我一個人爛就好了別搞其他人」的主角的輕小說？以前看大老師自暴自棄滿戳中我的。
宅宅現實找不到人取暖，希望能找輕小說取。",自暴自棄,False,驚悚,0.6329210528379362,0.2531684211351745
q11,"最近人比較負面，
想看一些有共鳴的小說。
有沒有那種「我一個人爛就好了別搞其他人」的主角的輕小說？以前看大老師自暴自棄滿戳中我的。
宅宅現實找不到人取暖，希望能找輕小說取。",自暴自棄,False,JK,0.6364796443621435,0.25459185774485743
q11,"最近人比較負面，
想看一些有共鳴的小說。
有沒有那種「我一個人爛就好了別搞其他人」的主角的輕小說？以前看大老師自暴自棄滿戳中我的。
宅宅現實找不到人取暖，希望能找輕小說取。",自暴自棄,False,後宮,0.619189603263403,0.24767584130536122
q11,"最近人比較負面，
想看一些有共鳴的小說。
有沒有那種「我一個人爛就好了別搞其他人」的主角的輕小說？以前看大老師自暴自棄滿戳中我的。
宅宅現實找不到人取暖，希望能找輕小說取。",自暴自棄,False,耽美,0.6585111742742427,0.26340446970969705
q11,"最近人比較負面，
想看一些有共鳴的小說。
有沒有那種「我一個人爛就好了別搞其他人」的主角的輕小說？以前看大老師自暴自棄滿戳中我的。
宅宅現實找不到人取暖，希望能找輕小說取。",自暴自棄,False,龍傲天,0.6294923918463279,0.25179695673853114
q11,"最近人比較負面，
想看一些有共鳴的小說。
有沒有那種「我一個人爛就好了別搞其他人」的主角的輕小說？以前看大老師自暴自棄滿戳中我的。
宅宅現實找不到人取暖，希望能找輕小說取。",自暴自棄,False,職場,0.6252733340960881,0.25010933363843524
q11,"最近人比較負面，
想看一些有共鳴的小說。
有沒有那種「我一個人爛就好了別搞其他人」的主角的輕小說？以前看大老師自暴自棄滿戳中我的。
宅宅現實找不到人取暖，希望能找輕小說取。",自暴自棄,False,推理,0.6381166407322199,0.25524665629288795
q11,"最近人比較負面，
想看一些有共鳴的小說。
有沒有那種「我一個人爛就好了別搞其他人」的主角的輕小說？以前看大老師自暴自棄滿戳中我的。
宅宅現實找不到人取暖，希望能找輕小說取。",自暴自棄,False,JC,0.6289576563587848,0.2515830625435139
q11,"最近人比較負面，
想看一些有共鳴的小說。
有沒有那種「我一個人爛就好了別搞其他人」的主角的輕小說？以前看大老師自暴自棄滿戳中我的。
宅宅現實找不到人取暖，希望能找輕小說取。",自暴自棄,False,宅文化,0.6298318226476817,0.25193272905907266
q11,"最近人比較負面，
想看一些有共鳴的小說。
有沒有那種「我一個人爛就好了別搞其他人」的主角的輕小說？以前看大老師自暴自棄滿戳中我的。
宅宅現實找不到人取暖，希望能找輕小說取。",自暴自棄,False,校園,0.6189988738173892,0.24759954952695568
q11,"最近人比較負面，
想看一些有共鳴的小說。
有沒有那種「我一個人爛就好了別搞其他人」的主角的輕小說？以前看大老師自暴自棄滿戳中我的。
宅宅現實找不到人取暖，希望能找輕小說取。",自暴自棄,False,同人,0.6361243014808579,0.25444972059234316
q11,"最近人比較負面，
想看一些有共鳴的小說。
有沒有那種「我一個人爛就好了別搞其他人」的主角的輕小說？以前看大老師自暴自棄滿戳中我的。
宅宅現實找不到人取暖，希望能找輕小說取。",自暴自棄,False,NTR,0.655195622349947,0.26207824893997883
q11,"最近人比較負面，
想看一些有共鳴的小說。
有沒有那種「我一個人爛就好了別搞其他人」的主角的輕小說？以前看大老師自暴自棄滿戳中我的。
宅宅現實找不到人取暖，希望能找輕小說取。",自暴自棄,False,異能,0.625971148461609,0.2503884593846436
q11,"最近人比較負面，
想看一些有共鳴的小說。
有沒有那種「我一個人爛就好了別搞其他人」的主角的輕小說？以前看大老師自暴自棄滿戳中我的。
宅宅現實找不到人取暖，希望能找輕小說取。",自暴自棄,False,病嬌,0.6539076362249735,0.2615630544899894
q11,"最近人比較負面，
想看一些有共鳴的小說。
有沒有那種「我一個人爛就好了別搞其他人」的主角的輕小說？以前看大老師自暴自棄滿戳中我的。
宅宅現實找不到人取暖，希望能找輕小說取。",自暴自棄,False,音樂,0.6384122642389365,0.25536490569557463
q11,"最近人比較負面，
想看一些有共鳴的小說。
有沒有那種「我一個人爛就好了別搞其他人」的主角的輕小說？以前看大老師自暴自棄滿戳中我的。
宅宅現實找不到人取暖，希望能找輕小說取。",自暴自棄,False,戰爭,0.6183668472876773,0.24734673891507095
q11,"最近人比較負面，
想看一些有共鳴的小說。
有沒有那種「我一個人爛就好了別搞其他人」的主角的輕小說？以前看大老師自暴自棄滿戳中我的。
宅宅現實找不到人取暖，希望能找輕小說取。",自暴自棄,False,熱血,0.6356146538627101,0.25424586154508405
q11,"最近人比較負面，
想看一些有共鳴的小說。
有沒有那種「我一個人爛就好了別搞其他人」的主角的輕小說？以前看大老師自暴自棄滿戳中我的。
宅宅現實找不到人取暖，希望能找輕小說取。",自暴自棄,False,冒險,0.6285496982276144,0.25141987929104576
q11,"最近人比較負面，
想看一些有共鳴的小說。
有沒有那種「我一個人爛就好了別搞其他人」的主角的輕小說？以前看大老師自暴自棄滿戳中我的。
宅宅現實找不到人取暖，希望能找輕小說取。",自暴自棄,False,女兒,0.7046564697501952,0.2818625879000781
q11,"最近人比較負面，
想看一些有共鳴的小說。
有沒有那種「我一個人爛就好了別搞其他人」的主角的輕小說？以前看大老師自暴自棄滿戳中我的。
宅宅現實找不到人取暖，希望能找輕小說取。",自暴自棄,False,人外,0.642520203687581,0.2570080814750324
q11,"最近人比較負面，
想看一些有共鳴的小說。
有沒有那種「我一個人爛就好了別搞其他人」的主角的輕小說？以前看大老師自暴自棄滿戳中我的。
宅宅現實找不到人取暖，希望能找輕小說取。",自暴自棄,False,異世界,0.6267340242650892,0.25069360970603566
q11,"最近人比較負面，
想看一些有共鳴的小說。
有沒有那種「我一個人爛就好了別搞其他人」的主角的輕小說？以前看大老師自暴自棄滿戳中我的。
宅宅現實找不到人取暖，希望能找輕小說取。",自暴自棄,False,懸疑,0.6388981406300902,0.25555925625203607
q11,"最近人比較負面，
想看一些有共鳴的小說。
有沒有那種「我一個人爛就好了別搞其他人」的主角的輕小說？以前看大老師自暴自棄滿戳中我的。
宅宅現實找不到人取暖，希望能找輕小說取。",孤獨,False,大逃殺,0.6360572489212601,0.25442289956850406
q11,"最近人比較負面，
想看一些有共鳴的小說。
有沒有那種「我一個人爛就好了別搞其他人」的主角的輕小說？以前看大老師自暴自棄滿戳中我的。
宅宅現實找不到人取暖，希望能找輕小說取。",孤獨,False,戀愛,0.6402069033672924,0.25608276134691693
q11,"最近人比較負面，
想看一些有共鳴的小說。
有沒有那種「我一個人爛就好了別搞其他人」的主角的輕小說？以前看大老師自暴自棄滿戳中我的。
宅宅現實找不到人取暖，希望能找輕小說取。",孤獨,False,犯罪,0.6259654767864216,0.25038619071456863
q11,"最近人比較負面，
想看一些有共鳴的小說。
有沒有那種「我一個人爛就好了別搞其他人」的主角的輕小說？以前看大老師自暴自棄滿戳中我的。
宅宅現實找不到人取暖，希望能找輕小說取。",孤獨,False,鬥智,0.6156291859837457,0.2462516743934983
q11,"最近人比較負面，
想看一些有共鳴的小說。
有沒有那種「我一個人爛就好了別搞其他人」的主角的輕小說？以前看大老師自暴自棄滿戳中我的。
宅宅現實找不到人取暖，希望能找輕小說取。",孤獨,False,科幻,0.6481914866553752,0.2592765946621501
q11,"最近人比較負面，
想看一些有共鳴的小說。
有沒有那種「我一個人爛就好了別搞其他人」的主角的輕小說？以前看大老師自暴自棄滿戳中我的。
宅宅現實找不到人取暖，希望能找輕小說取。",孤獨,False,轉生,0.6156353554162663,0.24625414216650654
q11,"最近人比較負面，
想看一些有共鳴的小說。
有沒有那種「我一個人爛就好了別搞其他人」的主角的輕小說？以前看大老師自暴自棄滿戳中我的。
宅宅現實找不到人取暖，希望能找輕小說取。",孤獨,False,治癒,0.6466819981646619,0.2586727992658648
q11,"最近人比較負面，
想看一些有共鳴的小說。
有沒有那種「我一個人爛就好了別搞其他人」的主角的輕小說？以前看大老師自暴自棄滿戳中我的。
宅宅現實找不到人取暖，希望能找輕小說取。",孤獨,False,女性視角,0.6360450883752379,0.25441803535009516
q11,"最近人比較負面，
想看一些有共鳴的小說。
有沒有那種「我一個人爛就好了別搞其他人」的主角的輕小說？以前看大老師自暴自棄滿戳中我的。
宅宅現實找不到人取暖，希望能找輕小說取。",孤獨,False,溫馨,0.6483676379210761,0.25934705516843043
q11,"最近人比較負面，
想看一些有共鳴的小說。
有沒有那種「我一個人爛就好了別搞其他人」的主角的輕小說？以前看大老師自暴自棄滿戳中我的。
宅宅現實找不到人取暖，希望能找輕小說取。",孤獨,False,經營,0.6187454979177306,0.24749819916709226
q11,"最近人比較負面，
想看一些有共鳴的小說。
有沒有那種「我一個人爛就好了別搞其他人」的主角的輕小說？以前看大老師自暴自棄滿戳中我的。
宅宅現實找不到人取暖，希望能找輕小說取。",孤獨,False,獵奇,0.6591003275220348,0.26364013100881395
q11,"最近人比較負面，
想看一些有共鳴的小說。
有沒有那種「我一個人爛就好了別搞其他人」的主角的輕小說？以前看大老師自暴自棄滿戳中我的。
宅宅現實找不到人取暖，希望能找輕小說取。",孤獨,False,復仇,0.699620970220686,0.27984838808827445
q11,"最近人比較負面，
想看一些有共鳴的小說。
有沒有那種「我一個人爛就好了別搞其他人」的主角的輕小說？以前看大老師自暴自棄滿戳中我的。
宅宅現實找不到人取暖，希望能找輕小說取。",孤獨,False,黑暗,0.6942196703977435,0.2776878681590974
q11,"最近人比較負面，
想看一些有共鳴的小說。
有沒有那種「我一個人爛就好了別搞其他人」的主角的輕小說？以前看大老師自暴自棄滿戳中我的。
宅宅現實找不到人取暖，希望能找輕小說取。",孤獨,False,末日,0.6454843986994057,0.25819375947976225
q11,"最近人比較負面，
想看一些有共鳴的小說。
有沒有那種「我一個人爛就好了別搞其他人」的主角的輕小說？以前看大老師自暴自棄滿戳中我的。
宅宅現實找不到人取暖，希望能找輕小說取。",孤獨,False,青春,0.6337069939938471,0.25348279759753883
q11,"最近人比較負面，
想看一些有共鳴的小說。
有沒有那種「我一個人爛就好了別搞其他人」的主角的輕小說？以前看大老師自暴自棄滿戳中我的。
宅宅現實找不到人取暖，希望能找輕小說取。",孤獨,False,群像,0.6544343232273819,0.2617737292909528
q11,"最近人比較負面，
想看一些有共鳴的小說。
有沒有那種「我一個人爛就好了別搞其他人」的主角的輕小說？以前看大老師自暴自棄滿戳中我的。
宅宅現實找不到人取暖，希望能找輕小說取。",孤獨,False,歡樂向,0.6483219532634018,0.25932878130536074
q11,"最近人比較負面，
想看一些有共鳴的小說。
有沒有那種「我一個人爛就好了別搞其他人」的主角的輕小說？以前看大老師自暴自棄滿戳中我的。
宅宅現實找不到人取暖，希望能找輕小說取。",孤獨,False,旅行,0.6439531114621536,0.2575812445848615
q11,"最近人比較負面，
想看一些有共鳴的小說。
有沒有那種「我一個人爛就好了別搞其他人」的主角的輕小說？以前看大老師自暴自棄滿戳中我的。
宅宅現實找不到人取暖，希望能找輕小說取。",孤獨,False,惡役,0.617552153263864,0.24702086130554562
q11,"最近人比較負面，
想看一些有共鳴的小說。
有沒有那種「我一個人爛就好了別搞其他人」的主角的輕小說？以前看大老師自暴自棄滿戳中我的。
宅宅現實找不到人取暖，希望能找輕小說取。",孤獨,False,機戰,0.6162524471345456,0.24650097885381828
q11,"最近人比較負面，
想看一些有共鳴的小說。
有沒有那種「我一個人爛就好了別搞其他人」的主角的輕小說？以前看大老師自暴自棄滿戳中我的。
宅宅現實找不到人取暖，希望能找輕小說取。",孤獨,False,驚悚,0.6565111823047047,0.2626044729218819
q11,"最近人比較負面，
想看一些有共鳴的小說。
有沒有那種「我一個人爛就好了別搞其他人」的主角的輕小說？以前看大老師自暴自棄滿戳中我的。
宅宅現實找不到人取暖，希望能找輕小說取。",孤獨,False,JK,0.6332411972784677,0.2532964789113871
q11,"最近人比較負面，
想看一些有共鳴的小說。
有沒有那種「我一個人爛就好了別搞其他人」的主角的輕小說？以前看大老師自暴自棄滿戳中我的。
宅宅現實找不到人取暖，希望能找輕小說取。",孤獨,False,後宮,0.6225485699747768,0.24901942798991072
q11,"最近人比較負面，
想看一些有共鳴的小說。
有沒有那種「我一個人爛就好了別搞其他人」的主角的輕小說？以前看大老師自暴自棄滿戳中我的。
宅宅現實找不到人取暖，希望能找輕小說取。",孤獨,False,耽美,0.6510649764728728,0.2604259905891491
q11,"最近人比較負面，
想看一些有共鳴的小說。
有沒有那種「我一個人爛就好了別搞其他人」的主角的輕小說？以前看大老師自暴自棄滿戳中我的。
宅宅現實找不到人取暖，希望能找輕小說取。",孤獨,False,職場,0.6296666756584133,0.25186667026336534
q11,"最近人比較負面，
想看一些有共鳴的小說。
有沒有那種「我一個人爛就好了別搞其他人」的主角的輕小說？以前看大老師自暴自棄滿戳中我的。
宅宅現實找不到人取暖，希望能找輕小說取。",孤獨,False,推理,0.6480159390650869,0.25920637562603477
q11,"最近人比較負面，
想看一些有共鳴的小說。
有沒有那種「我一個人爛就好了別搞其他人」的主角的輕小說？以前看大老師自暴自棄滿戳中我的。
宅宅現實找不到人取暖，希望能找輕小說取。",孤獨,False,JC,0.6286916646668748,0.25147666586674994
q11,"最近人比較負面，
想看一些有共鳴的小說。
有沒有那種「我一個人爛就好了別搞其他人」的主角的輕小說？以前看大老師自暴自棄滿戳中我的。
宅宅現實找不到人取暖，希望能找輕小說取。",孤獨,False,校園,0.6270399984054615,0.2508159993621846
q11,"最近人比較負面，
想看一些有共鳴的小說。
有沒有那種「我一個人爛就好了別搞其他人」的主角的輕小說？以前看大老師自暴自棄滿戳中我的。
宅宅現實找不到人取暖，希望能找輕小說取。",孤獨,False,同人,0.6381914230299983,0.2552765692119993
q11,"最近人比較負面，
想看一些有共鳴的小說。
有沒有那種「我一個人爛就好了別搞其他人」的主角的輕小說？以前看大老師自暴自棄滿戳中我的。
宅宅現實找不到人取暖，希望能找輕小說取。",孤獨,False,NTR,0.6398482749436109,0.25593930997744435
q11,"最近人比較負面，
想看一些有共鳴的小說。
有沒有那種「我一個人爛就好了別搞其他人」的主角的輕小說？以前看大老師自暴自棄滿戳中我的。
宅宅現實找不到人取暖，希望能找輕小說取。",孤獨,False,病嬌,0.627224791555947,0.2508899166223788
q11,"最近人比較負面，
想看一些有共鳴的小說。
有沒有那種「我一個人爛就好了別搞其他人」的主角的輕小說？以前看大老師自暴自棄滿戳中我的。
宅宅現實找不到人取暖，希望能找輕小說取。",孤獨,False,音樂,0.6585393565330252,0.2634157426132101
q11,"最近人比較負面，
想看一些有共鳴的小說。
有沒有那種「我一個人爛就好了別搞其他人」的主角的輕小說？以前看大老師自暴自棄滿戳中我的。
宅宅現實找不到人取暖，希望能找輕小說取。",孤獨,False,戰爭,0.6187325021237763,0.24749300084951054
q11,"最近人比較負面，
想看一些有共鳴的小說。
有沒有那種「我一個人爛就好了別搞其他人」的主角的輕小說？以前看大老師自暴自棄滿戳中我的。
宅宅現實找不到人取暖，希望能找輕小說取。",孤獨,False,間諜,0.6033302239241741,0.24133208956966967
q11,"最近人比較負面，
想看一些有共鳴的小說。
有沒有那種「我一個人爛就好了別搞其他人」的主角的輕小說？以前看大老師自暴自棄滿戳中我的。
宅宅現實找不到人取暖，希望能找輕小說取。",孤獨,False,冒險,0.6354155386822978,0.2541662154729191
q11,"最近人比較負面，
想看一些有共鳴的小說。
有沒有那種「我一個人爛就好了別搞其他人」的主角的輕小說？以前看大老師自暴自棄滿戳中我的。
宅宅現實找不到人取暖，希望能找輕小說取。",孤獨,False,女兒,0.6114560684731983,0.24458242738927935
q11,"最近人比較負面，
想看一些有共鳴的小說。
有沒有那種「我一個人爛就好了別搞其他人」的主角的輕小說？以前看大老師自暴自棄滿戳中我的。
宅宅現實找不到人取暖，希望能找輕小說取。",孤獨,False,人外,0.6432656675852406,0.25730626703409626
q11,"最近人比較負面，
想看一些有共鳴的小說。
有沒有那種「我一個人爛就好了別搞其他人」的主角的輕小說？以前看大老師自暴自棄滿戳中我的。
宅宅現實找不到人取暖，希望能找輕小說取。",孤獨,False,美食,0.6031709435077444,0.24126837740309776
q11,"最近人比較負面，
想看一些有共鳴的小說。
有沒有那種「我一個人爛就好了別搞其他人」的主角的輕小說？以前看大老師自暴自棄滿戳中我的。
宅宅現實找不到人取暖，希望能找輕小說取。",孤獨,False,懸疑,0.6618009694132841,0.26472038776531365
q11,"最近人比較負面，
想看一些有共鳴的小說。
有沒有那種「我一個人爛就好了別搞其他人」的主角的輕小說？以前看大老師自暴自棄滿戳中我的。
宅宅現實找不到人取暖，希望能找輕小說取。",厭世,False,大逃殺,0.6343462598422881,0.25373850393691527
q11,"最近人比較負面，
想看一些有共鳴的小說。
有沒有那種「我一個人爛就好了別搞其他人」的主角的輕小說？以前看大老師自暴自棄滿戳中我的。
宅宅現實找不到人取暖，希望能找輕小說取。",厭世,False,犯罪,0.6394577489997538,0.25578309959990153
q11,"最近人比較負面，
想看一些有共鳴的小說。
有沒有那種「我一個人爛就好了別搞其他人」的主角的輕小說？以前看大老師自暴自棄滿戳中我的。
宅宅現實找不到人取暖，希望能找輕小說取。",厭世,False,鬥智,0.6161262785815256,0.24645051143261024
q11,"最近人比較負面，
想看一些有共鳴的小說。
有沒有那種「我一個人爛就好了別搞其他人」的主角的輕小說？以前看大老師自暴自棄滿戳中我的。
宅宅現實找不到人取暖，希望能找輕小說取。",厭世,False,科幻,0.6466673948981821,0.25866695795927286
q11,"最近人比較負面，
想看一些有共鳴的小說。
有沒有那種「我一個人爛就好了別搞其他人」的主角的輕小說？以前看大老師自暴自棄滿戳中我的。
宅宅現實找不到人取暖，希望能找輕小說取。",厭世,False,轉生,0.6231674697975733,0.24926698791902935
q11,"最近人比較負面，
想看一些有共鳴的小說。
有沒有那種「我一個人爛就好了別搞其他人」的主角的輕小說？以前看大老師自暴自棄滿戳中我的。
宅宅現實找不到人取暖，希望能找輕小說取。",厭世,False,治癒,0.6229007408543934,0.24916029634175738
q11,"最近人比較負面，
想看一些有共鳴的小說。
有沒有那種「我一個人爛就好了別搞其他人」的主角的輕小說？以前看大老師自暴自棄滿戳中我的。
宅宅現實找不到人取暖，希望能找輕小說取。",厭世,False,女性視角,0.6385023961021415,0.25540095844085664
q11,"最近人比較負面，
想看一些有共鳴的小說。
有沒有那種「我一個人爛就好了別搞其他人」的主角的輕小說？以前看大老師自暴自棄滿戳中我的。
宅宅現實找不到人取暖，希望能找輕小說取。",厭世,False,獵奇,0.6692440253862737,0.2676976101545095
q11,"最近人比較負面，
想看一些有共鳴的小說。
有沒有那種「我一個人爛就好了別搞其他人」的主角的輕小說？以前看大老師自暴自棄滿戳中我的。
宅宅現實找不到人取暖，希望能找輕小說取。",厭世,False,復仇,0.6262305470996973,0.25049221883987893
q11,"最近人比較負面，
想看一些有共鳴的小說。
有沒有那種「我一個人爛就好了別搞其他人」的主角的輕小說？以前看大老師自暴自棄滿戳中我的。
宅宅現實找不到人取暖，希望能找輕小說取。",厭世,False,黑暗,0.7061497283488867,0.2824598913395547
q11,"最近人比較負面，
想看一些有共鳴的小說。
有沒有那種「我一個人爛就好了別搞其他人」的主角的輕小說？以前看大老師自暴自棄滿戳中我的。
宅宅現實找不到人取暖，希望能找輕小說取。",厭世,False,末日,0.6654845256364766,0.26619381025459066
q11,"最近人比較負面，
想看一些有共鳴的小說。
有沒有那種「我一個人爛就好了別搞其他人」的主角的輕小說？以前看大老師自暴自棄滿戳中我的。
宅宅現實找不到人取暖，希望能找輕小說取。",厭世,False,遊戲,0.6011155733905628,0.24044622935622512
q11,"最近人比較負面，
想看一些有共鳴的小說。
有沒有那種「我一個人爛就好了別搞其他人」的主角的輕小說？以前看大老師自暴自棄滿戳中我的。
宅宅現實找不到人取暖，希望能找輕小說取。",厭世,False,群像,0.6315717891334324,0.25262871565337297
q11,"最近人比較負面，
想看一些有共鳴的小說。
有沒有那種「我一個人爛就好了別搞其他人」的主角的輕小說？以前看大老師自暴自棄滿戳中我的。
宅宅現實找不到人取暖，希望能找輕小說取。",厭世,False,歡樂向,0.6585100288522471,0.2634040115408988
q11,"最近人比較負面，
想看一些有共鳴的小說。
有沒有那種「我一個人爛就好了別搞其他人」的主角的輕小說？以前看大老師自暴自棄滿戳中我的。
宅宅現實找不到人取暖，希望能找輕小說取。",厭世,False,旅行,0.6233143539483902,0.24932574157935608
q11,"最近人比較負面，
想看一些有共鳴的小說。
有沒有那種「我一個人爛就好了別搞其他人」的主角的輕小說？以前看大老師自暴自棄滿戳中我的。
宅宅現實找不到人取暖，希望能找輕小說取。",厭世,False,惡役,0.6537740209382001,0.2615096083752801
q11,"最近人比較負面，
想看一些有共鳴的小說。
有沒有那種「我一個人爛就好了別搞其他人」的主角的輕小說？以前看大老師自暴自棄滿戳中我的。
宅宅現實找不到人取暖，希望能找輕小說取。",厭世,False,機戰,0.609868672434186,0.2439474689736744
q11,"最近人比較負面，
想看一些有共鳴的小說。
有沒有那種「我一個人爛就好了別搞其他人」的主角的輕小說？以前看大老師自暴自棄滿戳中我的。
宅宅現實找不到人取暖，希望能找輕小說取。",厭世,False,驚悚,0.6369344378530384,0.25477377514121535
q11,"最近人比較負面，
想看一些有共鳴的小說。
有沒有那種「我一個人爛就好了別搞其他人」的主角的輕小說？以前看大老師自暴自棄滿戳中我的。
宅宅現實找不到人取暖，希望能找輕小說取。",厭世,False,奇幻,0.6297274126042243,0.25189096504168973
q11,"最近人比較負面，
想看一些有共鳴的小說。
有沒有那種「我一個人爛就好了別搞其他人」的主角的輕小說？以前看大老師自暴自棄滿戳中我的。
宅宅現實找不到人取暖，希望能找輕小說取。",厭世,False,JK,0.6308404383522519,0.25233617534090075
q11,"最近人比較負面，
想看一些有共鳴的小說。
有沒有那種「我一個人爛就好了別搞其他人」的主角的輕小說？以前看大老師自暴自棄滿戳中我的。
宅宅現實找不到人取暖，希望能找輕小說取。",厭世,False,後宮,0.6128671733565622,0.24514686934262486
q11,"最近人比較負面，
想看一些有共鳴的小說。
有沒有那種「我一個人爛就好了別搞其他人」的主角的輕小說？以前看大老師自暴自棄滿戳中我的。
宅宅現實找不到人取暖，希望能找輕小說取。",厭世,False,耽美,0.6510820862882805,0.2604328345153122
q11,"最近人比較負面，
想看一些有共鳴的小說。
有沒有那種「我一個人爛就好了別搞其他人」的主角的輕小說？以前看大老師自暴自棄滿戳中我的。
宅宅現實找不到人取暖，希望能找輕小說取。",厭世,False,職場,0.6253989183641987,0.2501595673456795
q11,"最近人比較負面，
想看一些有共鳴的小說。
有沒有那種「我一個人爛就好了別搞其他人」的主角的輕小說？以前看大老師自暴自棄滿戳中我的。
宅宅現實找不到人取暖，希望能找輕小說取。",厭世,False,推理,0.6447619989916483,0.25790479959665935
q11,"最近人比較負面，
想看一些有共鳴的小說。
有沒有那種「我一個人爛就好了別搞其他人」的主角的輕小說？以前看大老師自暴自棄滿戳中我的。
宅宅現實找不到人取暖，希望能找輕小說取。",厭世,False,JC,0.6251236682658969,0.2500494673063588
q11,"最近人比較負面，
想看一些有共鳴的小說。
有沒有那種「我一個人爛就好了別搞其他人」的主角的輕小說？以前看大老師自暴自棄滿戳中我的。
宅宅現實找不到人取暖，希望能找輕小說取。",厭世,False,宅文化,0.6288138390109297,0.2515255356043719
q11,"最近人比較負面，
想看一些有共鳴的小說。
有沒有那種「我一個人爛就好了別搞其他人」的主角的輕小說？以前看大老師自暴自棄滿戳中我的。
宅宅現實找不到人取暖，希望能找輕小說取。",厭世,False,校園,0.6191092521571309,0.24764370086285237
q11,"最近人比較負面，
想看一些有共鳴的小說。
有沒有那種「我一個人爛就好了別搞其他人」的主角的輕小說？以前看大老師自暴自棄滿戳中我的。
宅宅現實找不到人取暖，希望能找輕小說取。",厭世,False,同人,0.63467418394666,0.253869673578664
q11,"最近人比較負面，
想看一些有共鳴的小說。
有沒有那種「我一個人爛就好了別搞其他人」的主角的輕小說？以前看大老師自暴自棄滿戳中我的。
宅宅現實找不到人取暖，希望能找輕小說取。",厭世,False,NTR,0.6419239287415645,0.25676957149662577
q11,"最近人比較負面，
想看一些有共鳴的小說。
有沒有那種「我一個人爛就好了別搞其他人」的主角的輕小說？以前看大老師自暴自棄滿戳中我的。
宅宅現實找不到人取暖，希望能找輕小說取。",厭世,False,戰爭,0.6205690887225235,0.2482276354890094
q11,"最近人比較負面，
想看一些有共鳴的小說。
有沒有那種「我一個人爛就好了別搞其他人」的主角的輕小說？以前看大老師自暴自棄滿戳中我的。
宅宅現實找不到人取暖，希望能找輕小說取。",厭世,False,音樂,0.6372240598834874,0.254889623953395
q11,"最近人比較負面，
想看一些有共鳴的小說。
有沒有那種「我一個人爛就好了別搞其他人」的主角的輕小說？以前看大老師自暴自棄滿戳中我的。
宅宅現實找不到人取暖，希望能找輕小說取。",厭世,False,病嬌,0.6435620980404105,0.2574248392161642
q11,"最近人比較負面，
想看一些有共鳴的小說。
有沒有那種「我一個人爛就好了別搞其他人」的主角的輕小說？以前看大老師自暴自棄滿戳中我的。
宅宅現實找不到人取暖，希望能找輕小說取。",厭世,False,熱血,0.610174864630636,0.2440699458522544
q11,"最近人比較負面，
想看一些有共鳴的小說。
有沒有那種「我一個人爛就好了別搞其他人」的主角的輕小說？以前看大老師自暴自棄滿戳中我的。
宅宅現實找不到人取暖，希望能找輕小說取。",厭世,False,人外,0.6415978702729153,0.2566391481091661
q11,"最近人比較負面，
想看一些有共鳴的小說。
有沒有那種「我一個人爛就好了別搞其他人」的主角的輕小說？以前看大老師自暴自棄滿戳中我的。
宅宅現實找不到人取暖，希望能找輕小說取。",厭世,False,異世界,0.6356492232515911,0.25425968930063647
q11,"最近人比較負面，
想看一些有共鳴的小說。
有沒有那種「我一個人爛就好了別搞其他人」的主角的輕小說？以前看大老師自暴自棄滿戳中我的。
宅宅現實找不到人取暖，希望能找輕小說取。",厭世,False,懸疑,0.6481147662924984,0.25924590651699936
q11,"最近人比較負面，
想看一些有共鳴的小說。
有沒有那種「我一個人爛就好了別搞其他人」的主角的輕小說？以前看大老師自暴自棄滿戳中我的。
宅宅現實找不到人取暖，希望能找輕小說取。",社交孤立,False,大逃殺,0.6521455046022969,0.2608582018409188
q11,"最近人比較負面，
想看一些有共鳴的小說。
有沒有那種「我一個人爛就好了別搞其他人」的主角的輕小說？以前看大老師自暴自棄滿戳中我的。
宅宅現實找不到人取暖，希望能找輕小說取。",社交孤立,False,戀愛,0.6493717204622839,0.25974868818491353
q11,"最近人比較負面，
想看一些有共鳴的小說。
有沒有那種「我一個人爛就好了別搞其他人」的主角的輕小說？以前看大老師自暴自棄滿戳中我的。
宅宅現實找不到人取暖，希望能找輕小說取。",社交孤立,False,犯罪,0.646345484855618,0.25853819394224725
q11,"最近人比較負面，
想看一些有共鳴的小說。
有沒有那種「我一個人爛就好了別搞其他人」的主角的輕小說？以前看大老師自暴自棄滿戳中我的。
宅宅現實找不到人取暖，希望能找輕小說取。",社交孤立,False,鬥智,0.6337210680215559,0.25348842720862236
q11,"最近人比較負面，
想看一些有共鳴的小說。
有沒有那種「我一個人爛就好了別搞其他人」的主角的輕小說？以前看大老師自暴自棄滿戳中我的。
宅宅現實找不到人取暖，希望能找輕小說取。",社交孤立,False,科幻,0.6514917828656811,0.2605967131462725
q11,"最近人比較負面，
想看一些有共鳴的小說。
有沒有那種「我一個人爛就好了別搞其他人」的主角的輕小說？以前看大老師自暴自棄滿戳中我的。
宅宅現實找不到人取暖，希望能找輕小說取。",社交孤立,False,百合,0.6413572471317823,0.2565428988527129
q11,"最近人比較負面，
想看一些有共鳴的小說。
有沒有那種「我一個人爛就好了別搞其他人」的主角的輕小說？以前看大老師自暴自棄滿戳中我的。
宅宅現實找不到人取暖，希望能找輕小說取。",社交孤立,False,轉生,0.6201375322237314,0.24805501288949255
q11,"最近人比較負面，
想看一些有共鳴的小說。
有沒有那種「我一個人爛就好了別搞其他人」的主角的輕小說？以前看大老師自暴自棄滿戳中我的。
宅宅現實找不到人取暖，希望能找輕小說取。",社交孤立,False,治癒,0.650661775070462,0.2602647100281848
q11,"最近人比較負面，
想看一些有共鳴的小說。
有沒有那種「我一個人爛就好了別搞其他人」的主角的輕小說？以前看大老師自暴自棄滿戳中我的。
宅宅現實找不到人取暖，希望能找輕小說取。",社交孤立,False,青梅竹馬,0.6266792249703846,0.25067168998815387
q11,"最近人比較負面，
想看一些有共鳴的小說。
有沒有那種「我一個人爛就好了別搞其他人」的主角的輕小說？以前看大老師自暴自棄滿戳中我的。
宅宅現實找不到人取暖，希望能找輕小說取。",社交孤立,False,女性視角,0.6552001380966346,0.26208005523865385
q11,"最近人比較負面，
想看一些有共鳴的小說。
有沒有那種「我一個人爛就好了別搞其他人」的主角的輕小說？以前看大老師自暴自棄滿戳中我的。
宅宅現實找不到人取暖，希望能找輕小說取。",社交孤立,False,性轉,0.6242248166526043,0.24968992666104173
q11,"最近人比較負面，
想看一些有共鳴的小說。
有沒有那種「我一個人爛就好了別搞其他人」的主角的輕小說？以前看大老師自暴自棄滿戳中我的。
宅宅現實找不到人取暖，希望能找輕小說取。",社交孤立,False,溫馨,0.65401980657775,0.26160792263110005
q11,"最近人比較負面，
想看一些有共鳴的小說。
有沒有那種「我一個人爛就好了別搞其他人」的主角的輕小說？以前看大老師自暴自棄滿戳中我的。
宅宅現實找不到人取暖，希望能找輕小說取。",社交孤立,False,經營,0.6232302439428525,0.24929209757714102
q11,"最近人比較負面，
想看一些有共鳴的小說。
有沒有那種「我一個人爛就好了別搞其他人」的主角的輕小說？以前看大老師自暴自棄滿戳中我的。
宅宅現實找不到人取暖，希望能找輕小說取。",社交孤立,False,獵奇,0.6644873126228941,0.26579492504915764
q11,"最近人比較負面，
想看一些有共鳴的小說。
有沒有那種「我一個人爛就好了別搞其他人」的主角的輕小說？以前看大老師自暴自棄滿戳中我的。
宅宅現實找不到人取暖，希望能找輕小說取。",社交孤立,False,復仇,0.6138651565381065,0.2455460626152426
q11,"最近人比較負面，
想看一些有共鳴的小說。
有沒有那種「我一個人爛就好了別搞其他人」的主角的輕小說？以前看大老師自暴自棄滿戳中我的。
宅宅現實找不到人取暖，希望能找輕小說取。",社交孤立,False,黑暗,0.6768016638136073,0.27072066552544294
q11,"最近人比較負面，
想看一些有共鳴的小說。
有沒有那種「我一個人爛就好了別搞其他人」的主角的輕小說？以前看大老師自暴自棄滿戳中我的。
宅宅現實找不到人取暖，希望能找輕小說取。",社交孤立,False,末日,0.6428122340472872,0.2571248936189149
q11,"最近人比較負面，
想看一些有共鳴的小說。
有沒有那種「我一個人爛就好了別搞其他人」的主角的輕小說？以前看大老師自暴自棄滿戳中我的。
宅宅現實找不到人取暖，希望能找輕小說取。",社交孤立,False,遊戲,0.6161460846211104,0.24645843384844418
q11,"最近人比較負面，
想看一些有共鳴的小說。
有沒有那種「我一個人爛就好了別搞其他人」的主角的輕小說？以前看大老師自暴自棄滿戳中我的。
宅宅現實找不到人取暖，希望能找輕小說取。",社交孤立,False,戰鬥,0.6044519695713211,0.24178078782852844
q11,"最近人比較負面，
想看一些有共鳴的小說。
有沒有那種「我一個人爛就好了別搞其他人」的主角的輕小說？以前看大老師自暴自棄滿戳中我的。
宅宅現實找不到人取暖，希望能找輕小說取。",社交孤立,False,青春,0.6319828904121435,0.2527931561648574
q11,"最近人比較負面，
想看一些有共鳴的小說。
有沒有那種「我一個人爛就好了別搞其他人」的主角的輕小說？以前看大老師自暴自棄滿戳中我的。
宅宅現實找不到人取暖，希望能找輕小說取。",社交孤立,False,群像,0.6678009820859443,0.2671203928343777
q11,"最近人比較負面，
想看一些有共鳴的小說。
有沒有那種「我一個人爛就好了別搞其他人」的主角的輕小說？以前看大老師自暴自棄滿戳中我的。
宅宅現實找不到人取暖，希望能找輕小說取。",社交孤立,False,歡樂向,0.6531357347517015,0.2612542939006806
q11,"最近人比較負面，
想看一些有共鳴的小說。
有沒有那種「我一個人爛就好了別搞其他人」的主角的輕小說？以前看大老師自暴自棄滿戳中我的。
宅宅現實找不到人取暖，希望能找輕小說取。",社交孤立,False,旅行,0.6351112196404409,0.2540444878561764
q11,"最近人比較負面，
想看一些有共鳴的小說。
有沒有那種「我一個人爛就好了別搞其他人」的主角的輕小說？以前看大老師自暴自棄滿戳中我的。
宅宅現實找不到人取暖，希望能找輕小說取。",社交孤立,False,惡役,0.6389790990709201,0.25559163962836806
q11,"最近人比較負面，
想看一些有共鳴的小說。
有沒有那種「我一個人爛就好了別搞其他人」的主角的輕小說？以前看大老師自暴自棄滿戳中我的。
宅宅現實找不到人取暖，希望能找輕小說取。",社交孤立,False,蘿莉,0.6255623921632792,0.2502249568653117
q11,"最近人比較負面，
想看一些有共鳴的小說。
有沒有那種「我一個人爛就好了別搞其他人」的主角的輕小說？以前看大老師自暴自棄滿戳中我的。
宅宅現實找不到人取暖，希望能找輕小說取。",社交孤立,False,機戰,0.6129490932457223,0.24517963729828895
q11,"最近人比較負面，
想看一些有共鳴的小說。
有沒有那種「我一個人爛就好了別搞其他人」的主角的輕小說？以前看大老師自暴自棄滿戳中我的。
宅宅現實找不到人取暖，希望能找輕小說取。",社交孤立,False,驚悚,0.6641270315793985,0.2656508126317594
q11,"最近人比較負面，
想看一些有共鳴的小說。
有沒有那種「我一個人爛就好了別搞其他人」的主角的輕小說？以前看大老師自暴自棄滿戳中我的。
宅宅現實找不到人取暖，希望能找輕小說取。",社交孤立,False,JK,0.6428365127809699,0.25713460511238795
q11,"最近人比較負面，
想看一些有共鳴的小說。
有沒有那種「我一個人爛就好了別搞其他人」的主角的輕小說？以前看大老師自暴自棄滿戳中我的。
宅宅現實找不到人取暖，希望能找輕小說取。",社交孤立,False,後宮,0.6409061963328821,0.25636247853315286
q11,"最近人比較負面，
想看一些有共鳴的小說。
有沒有那種「我一個人爛就好了別搞其他人」的主角的輕小說？以前看大老師自暴自棄滿戳中我的。
宅宅現實找不到人取暖，希望能找輕小說取。",社交孤立,False,耽美,0.6583191549412593,0.2633276619765037
q11,"最近人比較負面，
想看一些有共鳴的小說。
有沒有那種「我一個人爛就好了別搞其他人」的主角的輕小說？以前看大老師自暴自棄滿戳中我的。
宅宅現實找不到人取暖，希望能找輕小說取。",社交孤立,False,妹妹,0.6183793995458049,0.24735175981832197
q11,"最近人比較負面，
想看一些有共鳴的小說。
有沒有那種「我一個人爛就好了別搞其他人」的主角的輕小說？以前看大老師自暴自棄滿戳中我的。
宅宅現實找不到人取暖，希望能找輕小說取。",社交孤立,False,職場,0.6499383573361841,0.25997534293447366
q11,"最近人比較負面，
想看一些有共鳴的小說。
有沒有那種「我一個人爛就好了別搞其他人」的主角的輕小說？以前看大老師自暴自棄滿戳中我的。
宅宅現實找不到人取暖，希望能找輕小說取。",社交孤立,False,推理,0.649954790479252,0.2599819161917008
q11,"最近人比較負面，
想看一些有共鳴的小說。
有沒有那種「我一個人爛就好了別搞其他人」的主角的輕小說？以前看大老師自暴自棄滿戳中我的。
宅宅現實找不到人取暖，希望能找輕小說取。",社交孤立,False,JC,0.6398526501073217,0.2559410600429287
q11,"最近人比較負面，
想看一些有共鳴的小說。
有沒有那種「我一個人爛就好了別搞其他人」的主角的輕小說？以前看大老師自暴自棄滿戳中我的。
宅宅現實找不到人取暖，希望能找輕小說取。",社交孤立,False,宅文化,0.6632958146012975,0.265318325840519
q11,"最近人比較負面，
想看一些有共鳴的小說。
有沒有那種「我一個人爛就好了別搞其他人」的主角的輕小說？以前看大老師自暴自棄滿戳中我的。
宅宅現實找不到人取暖，希望能找輕小說取。",社交孤立,False,校園,0.647308565550291,0.25892342622011644
q11,"最近人比較負面，
想看一些有共鳴的小說。
有沒有那種「我一個人爛就好了別搞其他人」的主角的輕小說？以前看大老師自暴自棄滿戳中我的。
宅宅現實找不到人取暖，希望能找輕小說取。",社交孤立,False,同人,0.6386305437531458,0.2554522175012583
q11,"最近人比較負面，
想看一些有共鳴的小說。
有沒有那種「我一個人爛就好了別搞其他人」的主角的輕小說？以前看大老師自暴自棄滿戳中我的。
宅宅現實找不到人取暖，希望能找輕小說取。",社交孤立,False,NTR,0.6481380781510533,0.2592552312604213
q11,"最近人比較負面，
想看一些有共鳴的小說。
有沒有那種「我一個人爛就好了別搞其他人」的主角的輕小說？以前看大老師自暴自棄滿戳中我的。
宅宅現實找不到人取暖，希望能找輕小說取。",社交孤立,False,異能,0.6339648734755519,0.2535859493902208
q11,"最近人比較負面，
想看一些有共鳴的小說。
有沒有那種「我一個人爛就好了別搞其他人」的主角的輕小說？以前看大老師自暴自棄滿戳中我的。
宅宅現實找不到人取暖，希望能找輕小說取。",社交孤立,False,病嬌,0.6470568584690266,0.25882274338761063
q11,"最近人比較負面，
想看一些有共鳴的小說。
有沒有那種「我一個人爛就好了別搞其他人」的主角的輕小說？以前看大老師自暴自棄滿戳中我的。
宅宅現實找不到人取暖，希望能找輕小說取。",社交孤立,False,音樂,0.6474971093804529,0.2589988437521812
q11,"最近人比較負面，
想看一些有共鳴的小說。
有沒有那種「我一個人爛就好了別搞其他人」的主角的輕小說？以前看大老師自暴自棄滿戳中我的。
宅宅現實找不到人取暖，希望能找輕小說取。",社交孤立,False,戰爭,0.6276806861305657,0.2510722744522263
q11,"最近人比較負面，
想看一些有共鳴的小說。
有沒有那種「我一個人爛就好了別搞其他人」的主角的輕小說？以前看大老師自暴自棄滿戳中我的。
宅宅現實找不到人取暖，希望能找輕小說取。",社交孤立,False,間諜,0.6142233245533912,0.2456893298213565
q11,"最近人比較負面，
想看一些有共鳴的小說。
有沒有那種「我一個人爛就好了別搞其他人」的主角的輕小說？以前看大老師自暴自棄滿戳中我的。
宅宅現實找不到人取暖，希望能找輕小說取。",社交孤立,False,冒險,0.6217240171355073,0.24868960685420294
q11,"最近人比較負面，
想看一些有共鳴的小說。
有沒有那種「我一個人爛就好了別搞其他人」的主角的輕小說？以前看大老師自暴自棄滿戳中我的。
宅宅現實找不到人取暖，希望能找輕小說取。",社交孤立,False,大小姐,0.6232391695619965,0.24929566782479862
q11,"最近人比較負面，
想看一些有共鳴的小說。
有沒有那種「我一個人爛就好了別搞其他人」的主角的輕小說？以前看大老師自暴自棄滿戳中我的。
宅宅現實找不到人取暖，希望能找輕小說取。",社交孤立,False,女兒,0.6200223402475247,0.24800893609900987
q11,"最近人比較負面，
想看一些有共鳴的小說。
有沒有那種「我一個人爛就好了別搞其他人」的主角的輕小說？以前看大老師自暴自棄滿戳中我的。
宅宅現實找不到人取暖，希望能找輕小說取。",社交孤立,False,人外,0.6592925490737945,0.2637170196295178
q11,"最近人比較負面，
想看一些有共鳴的小說。
有沒有那種「我一個人爛就好了別搞其他人」的主角的輕小說？以前看大老師自暴自棄滿戳中我的。
宅宅現實找不到人取暖，希望能找輕小說取。",社交孤立,False,美食,0.6104153127068468,0.24416612508273872
q11,"最近人比較負面，
想看一些有共鳴的小說。
有沒有那種「我一個人爛就好了別搞其他人」的主角的輕小說？以前看大老師自暴自棄滿戳中我的。
宅宅現實找不到人取暖，希望能找輕小說取。",社交孤立,False,異世界,0.6478703356519955,0.2591481342607982
q11,"最近人比較負面，
想看一些有共鳴的小說。
有沒有那種「我一個人爛就好了別搞其他人」的主角的輕小說？以前看大老師自暴自棄滿戳中我的。
宅宅現實找不到人取暖，希望能找輕小說取。",社交孤立,False,懸疑,0.6668473761499435,0.2667389504599774
q14,"想求各位大大們，有沒有推薦以百合、女生友情、男女愛情這類的日本輕小說呢?

不太想要有奇幻、科幻、后宮、異世界這元素，有點太過氾濫不太想看
只要日常、青春的就可以了，有發糖的和胃痛我都可以~",百合,True,百合,1.0,1.0
q14,"想求各位大大們，有沒有推薦以百合、女生友情、男女愛情這類的日本輕小說呢?

不太想要有奇幻、科幻、后宮、異世界這元素，有點太過氾濫不太想看
只要日常、青春的就可以了，有發糖的和胃痛我都可以~",戀愛,True,戀愛,1.0,1.0
q14,"想求各位大大們，有沒有推薦以百合、女生友情、男女愛情這類的日本輕小說呢?

不太想要有奇幻、科幻、后宮、異世界這元素，有點太過氾濫不太想看
只要日常、青春的就可以了，有發糖的和胃痛我都可以~",青春,True,青春,1.0,1.0
q14,"想求各位大大們，有沒有推薦以百合、女生友情、男女愛情這類的日本輕小說呢?

不太想要有奇幻、科幻、后宮、異世界這元素，有點太過氾濫不太想看
只要日常、青春的就可以了，有發糖的和胃痛我都可以~",女生友情,False,大逃殺,0.6082783097728807,0.24331132390915228
q14,"想求各位大大們，有沒有推薦以百合、女生友情、男女愛情這類的日本輕小說呢?

不太想要有奇幻、科幻、后宮、異世界這元素，有點太過氾濫不太想看
只要日常、青春的就可以了，有發糖的和胃痛我都可以~",女生友情,False,戀愛,0.6788950501552315,0.2715580200620926
q14,"想求各位大大們，有沒有推薦以百合、女生友情、男女愛情這類的日本輕小說呢?

不太想要有奇幻、科幻、后宮、異世界這元素，有點太過氾濫不太想看
只要日常、青春的就可以了，有發糖的和胃痛我都可以~",女生友情,False,犯罪,0.6167041553015157,0.24668166212060627
q14,"想求各位大大們，有沒有推薦以百合、女生友情、男女愛情這類的日本輕小說呢?

不太想要有奇幻、科幻、后宮、異世界這元素，有點太過氾濫不太想看
只要日常、青春的就可以了，有發糖的和胃痛我都可以~",女生友情,False,鬥智,0.6194824937754629,0.2477929975101852
q14,"想求各位大大們，有沒有推薦以百合、女生友情、男女愛情這類的日本輕小說呢?

不太想要有奇幻、科幻、后宮、異世界這元素，有點太過氾濫不太想看
只要日常、青春的就可以了，有發糖的和胃痛我都可以~",女生友情,False,百合,0.7156500527855328,0.28626002111421317
q14,"想求各位大大們，有沒有推薦以百合、女生友情、男女愛情這類的日本輕小說呢?

不太想要有奇幻、科幻、后宮、異世界這元素，有點太過氾濫不太想看
只要日常、青春的就可以了，有發糖的和胃痛我都可以~",女生友情,False,轉生,0.6188059643846567,0.2475223857538627
q14,"想求各位大大們，有沒有推薦以百合、女生友情、男女愛情這類的日本輕小說呢?

不太想要有奇幻、科幻、后宮、異世界這元素，有點太過氾濫不太想看
只要日常、青春的就可以了，有發糖的和胃痛我都可以~",女生友情,False,治癒,0.6668444555999159,0.26673778223996636
q14,"想求各位大大們，有沒有推薦以百合、女生友情、男女愛情這類的日本輕小說呢?

不太想要有奇幻、科幻、后宮、異世界這元素，有點太過氾濫不太想看
只要日常、青春的就可以了，有發糖的和胃痛我都可以~",女生友情,False,青梅竹馬,0.6662040307607502,0.26648161230430006
q14,"想求各位大大們，有沒有推薦以百合、女生友情、男女愛情這類的日本輕小說呢?

不太想要有奇幻、科幻、后宮、異世界這元素，有點太過氾濫不太想看
只要日常、青春的就可以了，有發糖的和胃痛我都可以~",女生友情,False,女性視角,0.7194998251175185,0.28779993004700744
q14,"想求各位大大們，有沒有推薦以百合、女生友情、男女愛情這類的日本輕小說呢?

不太想要有奇幻、科幻、后宮、異世界這元素，有點太過氾濫不太想看
只要日常、青春的就可以了，有發糖的和胃痛我都可以~",女生友情,False,性轉,0.6585608139513668,0.26342432558054674
q14,"想求各位大大們，有沒有推薦以百合、女生友情、男女愛情這類的日本輕小說呢?

不太想要有奇幻、科幻、后宮、異世界這元素，有點太過氾濫不太想看
只要日常、青春的就可以了，有發糖的和胃痛我都可以~",女生友情,False,溫馨,0.7023639446685122,0.28094557786740487
q14,"想求各位大大們，有沒有推薦以百合、女生友情、男女愛情這類的日本輕小說呢?

不太想要有奇幻、科幻、后宮、異世界這元素，有點太過氾濫不太想看
只要日常、青春的就可以了，有發糖的和胃痛我都可以~",女生友情,False,經營,0.6202894193907547,0.24811576775630187
q14,"想求各位大大們，有沒有推薦以百合、女生友情、男女愛情這類的日本輕小說呢?

不太想要有奇幻、科幻、后宮、異世界這元素，有點太過氾濫不太想看
只要日常、青春的就可以了，有發糖的和胃痛我都可以~",女生友情,False,獵奇,0.6332083906086382,0.25328335624345527
q14,"想求各位大大們，有沒有推薦以百合、女生友情、男女愛情這類的日本輕小說呢?

不太想要有奇幻、科幻、后宮、異世界這元素，有點太過氾濫不太想看
只要日常、青春的就可以了，有發糖的和胃痛我都可以~",女生友情,False,復仇,0.696385530029116,0.2785542120116464
q14,"想求各位大大們，有沒有推薦以百合、女生友情、男女愛情這類的日本輕小說呢?

不太想要有奇幻、科幻、后宮、異世界這元素，有點太過氾濫不太想看
只要日常、青春的就可以了，有發糖的和胃痛我都可以~",女生友情,False,黑暗,0.6230925674139505,0.2492370269655802
q14,"想求各位大大們，有沒有推薦以百合、女生友情、男女愛情這類的日本輕小說呢?

不太想要有奇幻、科幻、后宮、異世界這元素，有點太過氾濫不太想看
只要日常、青春的就可以了，有發糖的和胃痛我都可以~",女生友情,False,遊戲,0.6115459274778158,0.24461837099112632
q14,"想求各位大大們，有沒有推薦以百合、女生友情、男女愛情這類的日本輕小說呢?

不太想要有奇幻、科幻、后宮、異世界這元素，有點太過氾濫不太想看
只要日常、青春的就可以了，有發糖的和胃痛我都可以~",女生友情,False,青春,0.669268840924677,0.2677075363698708
q14,"想求各位大大們，有沒有推薦以百合、女生友情、男女愛情這類的日本輕小說呢?

不太想要有奇幻、科幻、后宮、異世界這元素，有點太過氾濫不太想看
只要日常、青春的就可以了，有發糖的和胃痛我都可以~",女生友情,False,群像,0.6580936319727191,0.26323745278908767
q14,"想求各位大大們，有沒有推薦以百合、女生友情、男女愛情這類的日本輕小說呢?

不太想要有奇幻、科幻、后宮、異世界這元素，有點太過氾濫不太想看
只要日常、青春的就可以了，有發糖的和胃痛我都可以~",女生友情,False,歡樂向,0.6912973011186357,0.2765189204474543
q14,"想求各位大大們，有沒有推薦以百合、女生友情、男女愛情這類的日本輕小說呢?

不太想要有奇幻、科幻、后宮、異世界這元素，有點太過氾濫不太想看
只要日常、青春的就可以了，有發糖的和胃痛我都可以~",女生友情,False,旅行,0.6340360280039329,0.2536144112015732
q14,"想求各位大大們，有沒有推薦以百合、女生友情、男女愛情這類的日本輕小說呢?

不太想要有奇幻、科幻、后宮、異世界這元素，有點太過氾濫不太想看
只要日常、青春的就可以了，有發糖的和胃痛我都可以~",女生友情,False,惡役,0.6128755101413245,0.2451502040565298
q14,"想求各位大大們，有沒有推薦以百合、女生友情、男女愛情這類的日本輕小說呢?

不太想要有奇幻、科幻、后宮、異世界這元素，有點太過氾濫不太想看
只要日常、青春的就可以了，有發糖的和胃痛我都可以~",女生友情,False,蘿莉,0.6548966583429731,0.26195866333718926
q14,"想求各位大大們，有沒有推薦以百合、女生友情、男女愛情這類的日本輕小說呢?

不太想要有奇幻、科幻、后宮、異世界這元素，有點太過氾濫不太想看
只要日常、青春的就可以了，有發糖的和胃痛我都可以~",女生友情,False,機戰,0.6176857592040086,0.24707430368160344
q14,"想求各位大大們，有沒有推薦以百合、女生友情、男女愛情這類的日本輕小說呢?

不太想要有奇幻、科幻、后宮、異世界這元素，有點太過氾濫不太想看
只要日常、青春的就可以了，有發糖的和胃痛我都可以~",女生友情,False,JK,0.6791242935241728,0.27164971740966914
q14,"想求各位大大們，有沒有推薦以百合、女生友情、男女愛情這類的日本輕小說呢?

不太想要有奇幻、科幻、后宮、異世界這元素，有點太過氾濫不太想看
只要日常、青春的就可以了，有發糖的和胃痛我都可以~",女生友情,False,後宮,0.6625698660472148,0.26502794641888594
q14,"想求各位大大們，有沒有推薦以百合、女生友情、男女愛情這類的日本輕小說呢?

不太想要有奇幻、科幻、后宮、異世界這元素，有點太過氾濫不太想看
只要日常、青春的就可以了，有發糖的和胃痛我都可以~",女生友情,False,耽美,0.6667278812034916,0.26669115248139663
q14,"想求各位大大們，有沒有推薦以百合、女生友情、男女愛情這類的日本輕小說呢?

不太想要有奇幻、科幻、后宮、異世界這元素，有點太過氾濫不太想看
只要日常、青春的就可以了，有發糖的和胃痛我都可以~",女生友情,False,妹妹,0.6689949124263739,0.26759796497054955
q14,"想求各位大大們，有沒有推薦以百合、女生友情、男女愛情這類的日本輕小說呢?

不太想要有奇幻、科幻、后宮、異世界這元素，有點太過氾濫不太想看
只要日常、青春的就可以了，有發糖的和胃痛我都可以~",女生友情,False,職場,0.6428730912310914,0.25714923649243654
q14,"想求各位大大們，有沒有推薦以百合、女生友情、男女愛情這類的日本輕小說呢?

不太想要有奇幻、科幻、后宮、異世界這元素，有點太過氾濫不太想看
只要日常、青春的就可以了，有發糖的和胃痛我都可以~",女生友情,False,推理,0.637349024226497,0.2549396096905988
q14,"想求各位大大們，有沒有推薦以百合、女生友情、男女愛情這類的日本輕小說呢?

不太想要有奇幻、科幻、后宮、異世界這元素，有點太過氾濫不太想看
只要日常、青春的就可以了，有發糖的和胃痛我都可以~",女生友情,False,JC,0.670837924323121,0.26833516972924837
q14,"想求各位大大們，有沒有推薦以百合、女生友情、男女愛情這類的日本輕小說呢?

不太想要有奇幻、科幻、后宮、異世界這元素，有點太過氾濫不太想看
只要日常、青春的就可以了，有發糖的和胃痛我都可以~",女生友情,False,宅文化,0.6314145673112223,0.2525658269244889
q14,"想求各位大大們，有沒有推薦以百合、女生友情、男女愛情這類的日本輕小說呢?

不太想要有奇幻、科幻、后宮、異世界這元素，有點太過氾濫不太想看
只要日常、青春的就可以了，有發糖的和胃痛我都可以~",女生友情,False,校園,0.6594664263152943,0.2637865705261177
q14,"想求各位大大們，有沒有推薦以百合、女生友情、男女愛情這類的日本輕小說呢?

不太想要有奇幻、科幻、后宮、異世界這元素，有點太過氾濫不太想看
只要日常、青春的就可以了，有發糖的和胃痛我都可以~",女生友情,False,同人,0.6554566235918848,0.26218264943675396
q14,"想求各位大大們，有沒有推薦以百合、女生友情、男女愛情這類的日本輕小說呢?

不太想要有奇幻、科幻、后宮、異世界這元素，有點太過氾濫不太想看
只要日常、青春的就可以了，有發糖的和胃痛我都可以~",女生友情,False,偽娘,0.6518540886693018,0.2607416354677207
q14,"想求各位大大們，有沒有推薦以百合、女生友情、男女愛情這類的日本輕小說呢?

不太想要有奇幻、科幻、后宮、異世界這元素，有點太過氾濫不太想看
只要日常、青春的就可以了，有發糖的和胃痛我都可以~",女生友情,False,NTR,0.6440227532200049,0.25760910128800196
q14,"想求各位大大們，有沒有推薦以百合、女生友情、男女愛情這類的日本輕小說呢?

不太想要有奇幻、科幻、后宮、異世界這元素，有點太過氾濫不太想看
只要日常、青春的就可以了，有發糖的和胃痛我都可以~",女生友情,False,異能,0.6101869877769586,0.24407479511078345
q14,"想求各位大大們，有沒有推薦以百合、女生友情、男女愛情這類的日本輕小說呢?

不太想要有奇幻、科幻、后宮、異世界這元素，有點太過氾濫不太想看
只要日常、青春的就可以了，有發糖的和胃痛我都可以~",女生友情,False,病嬌,0.633539292714852,0.2534157170859408
q14,"想求各位大大們，有沒有推薦以百合、女生友情、男女愛情這類的日本輕小說呢?

不太想要有奇幻、科幻、后宮、異世界這元素，有點太過氾濫不太想看
只要日常、青春的就可以了，有發糖的和胃痛我都可以~",女生友情,False,音樂,0.6458134069501433,0.25832536278005735
q14,"想求各位大大們，有沒有推薦以百合、女生友情、男女愛情這類的日本輕小說呢?

不太想要有奇幻、科幻、后宮、異世界這元素，有點太過氾濫不太想看
只要日常、青春的就可以了，有發糖的和胃痛我都可以~",女生友情,False,戰爭,0.6125110213522078,0.24500440854088312
q14,"想求各位大大們，有沒有推薦以百合、女生友情、男女愛情這類的日本輕小說呢?

不太想要有奇幻、科幻、后宮、異世界這元素，有點太過氾濫不太想看
只要日常、青春的就可以了，有發糖的和胃痛我都可以~",女生友情,False,熱血,0.6346083624456005,0.2538433449782402
q14,"想求各位大大們，有沒有推薦以百合、女生友情、男女愛情這類的日本輕小說呢?

不太想要有奇幻、科幻、后宮、異世界這元素，有點太過氾濫不太想看
只要日常、青春的就可以了，有發糖的和胃痛我都可以~",女生友情,False,冒險,0.6268608774814683,0.25074435099258735
q14,"想求各位大大們，有沒有推薦以百合、女生友情、男女愛情這類的日本輕小說呢?

不太想要有奇幻、科幻、后宮、異世界這元素，有點太過氾濫不太想看
只要日常、青春的就可以了，有發糖的和胃痛我都可以~",女生友情,False,大小姐,0.6568181785235235,0.26272727140940944
q14,"想求各位大大們，有沒有推薦以百合、女生友情、男女愛情這類的日本輕小說呢?

不太想要有奇幻、科幻、后宮、異世界這元素，有點太過氾濫不太想看
只要日常、青春的就可以了，有發糖的和胃痛我都可以~",女生友情,False,女兒,0.664615232860457,0.2658460931441828
q14,"想求各位大大們，有沒有推薦以百合、女生友情、男女愛情這類的日本輕小說呢?

不太想要有奇幻、科幻、后宮、異世界這元素，有點太過氾濫不太想看
只要日常、青春的就可以了，有發糖的和胃痛我都可以~",女生友情,False,人外,0.6442798979691298,0.25771195918765194
q14,"想求各位大大們，有沒有推薦以百合、女生友情、男女愛情這類的日本輕小說呢?

不太想要有奇幻、科幻、后宮、異世界這元素，有點太過氾濫不太想看
只要日常、青春的就可以了，有發糖的和胃痛我都可以~",女生友情,False,美食,0.6139949541342324,0.24559798165369298
q14,"想求各位大大們，有沒有推薦以百合、女生友情、男女愛情這類的日本輕小說呢?

不太想要有奇幻、科幻、后宮、異世界這元素，有點太過氾濫不太想看
只要日常、青春的就可以了，有發糖的和胃痛我都可以~",女生友情,False,懸疑,0.6449228308132355,0.2579691323252942
q14,"想求各位大大們，有沒有推薦以百合、女生友情、男女愛情這類的日本輕小說呢?

不太想要有奇幻、科幻、后宮、異世界這元素，有點太過氾濫不太想看
只要日常、青春的就可以了，有發糖的和胃痛我都可以~",日常,False,競技,0.628946766487363,0.25157870659494525
q14,"想求各位大大們，有沒有推薦以百合、女生友情、男女愛情這類的日本輕小說呢?

不太想要有奇幻、科幻、后宮、異世界這元素，有點太過氾濫不太想看
只要日常、青春的就可以了，有發糖的和胃痛我都可以~",日常,False,鬥智,0.6344482786856217,0.2537793114742487
q14,"想求各位大大們，有沒有推薦以百合、女生友情、男女愛情這類的日本輕小說呢?

不太想要有奇幻、科幻、后宮、異世界這元素，有點太過氾濫不太想看
只要日常、青春的就可以了，有發糖的和胃痛我都可以~",日常,False,科幻,0.6582273299892443,0.2632909319956977
q14,"想求各位大大們，有沒有推薦以百合、女生友情、男女愛情這類的日本輕小說呢?

不太想要有奇幻、科幻、后宮、異世界這元素，有點太過氾濫不太想看
只要日常、青春的就可以了，有發糖的和胃痛我都可以~",日常,False,格鬥,0.6147787502479563,0.2459115000991825
q14,"想求各位大大們，有沒有推薦以百合、女生友情、男女愛情這類的日本輕小說呢?

不太想要有奇幻、科幻、后宮、異世界這元素，有點太過氾濫不太想看
只要日常、青春的就可以了，有發糖的和胃痛我都可以~",日常,False,百合,0.6633887358828319,0.26535549435313277
q14,"想求各位大大們，有沒有推薦以百合、女生友情、男女愛情這類的日本輕小說呢?

不太想要有奇幻、科幻、后宮、異世界這元素，有點太過氾濫不太想看
只要日常、青春的就可以了，有發糖的和胃痛我都可以~",日常,False,治癒,0.6755369187716568,0.27021476750866275
q14,"想求各位大大們，有沒有推薦以百合、女生友情、男女愛情這類的日本輕小說呢?

不太想要有奇幻、科幻、后宮、異世界這元素，有點太過氾濫不太想看
只要日常、青春的就可以了，有發糖的和胃痛我都可以~",日常,False,性轉,0.6431549044814294,0.25726196179257177
q14,"想求各位大大們，有沒有推薦以百合、女生友情、男女愛情這類的日本輕小說呢?

不太想要有奇幻、科幻、后宮、異世界這元素，有點太過氾濫不太想看
只要日常、青春的就可以了，有發糖的和胃痛我都可以~",日常,False,獵奇,0.6646264991481567,0.2658505996592627
q14,"想求各位大大們，有沒有推薦以百合、女生友情、男女愛情這類的日本輕小說呢?

不太想要有奇幻、科幻、后宮、異世界這元素，有點太過氾濫不太想看
只要日常、青春的就可以了，有發糖的和胃痛我都可以~",日常,False,末日,0.6402507067404467,0.2561002826961787
q14,"想求各位大大們，有沒有推薦以百合、女生友情、男女愛情這類的日本輕小說呢?

不太想要有奇幻、科幻、后宮、異世界這元素，有點太過氾濫不太想看
只要日常、青春的就可以了，有發糖的和胃痛我都可以~",日常,False,遊戲,0.6293082031379995,0.2517232812551998
q14,"想求各位大大們，有沒有推薦以百合、女生友情、男女愛情這類的日本輕小說呢?

不太想要有奇幻、科幻、后宮、異世界這元素，有點太過氾濫不太想看
只要日常、青春的就可以了，有發糖的和胃痛我都可以~",日常,False,青春,0.652215875555478,0.2608863502221912
q14,"想求各位大大們，有沒有推薦以百合、女生友情、男女愛情這類的日本輕小說呢?

不太想要有奇幻、科幻、后宮、異世界這元素，有點太過氾濫不太想看
只要日常、青春的就可以了，有發糖的和胃痛我都可以~",日常,False,旅行,0.652644980549782,0.2610579922199128
q14,"想求各位大大們，有沒有推薦以百合、女生友情、男女愛情這類的日本輕小說呢?

不太想要有奇幻、科幻、后宮、異世界這元素，有點太過氾濫不太想看
只要日常、青春的就可以了，有發糖的和胃痛我都可以~",日常,False,蘿莉,0.6641236944322433,0.2656494777728973
q14,"想求各位大大們，有沒有推薦以百合、女生友情、男女愛情這類的日本輕小說呢?

不太想要有奇幻、科幻、后宮、異世界這元素，有點太過氾濫不太想看
只要日常、青春的就可以了，有發糖的和胃痛我都可以~",日常,False,JK,0.6792976611368198,0.27171906445472793
q14,"想求各位大大們，有沒有推薦以百合、女生友情、男女愛情這類的日本輕小說呢?

不太想要有奇幻、科幻、后宮、異世界這元素，有點太過氾濫不太想看
只要日常、青春的就可以了，有發糖的和胃痛我都可以~",日常,False,後宮,0.6595846979560407,0.2638338791824163
q14,"想求各位大大們，有沒有推薦以百合、女生友情、男女愛情這類的日本輕小說呢?

不太想要有奇幻、科幻、后宮、異世界這元素，有點太過氾濫不太想看
只要日常、青春的就可以了，有發糖的和胃痛我都可以~",日常,False,職場,0.6680125752816131,0.26720503011264524
q14,"想求各位大大們，有沒有推薦以百合、女生友情、男女愛情這類的日本輕小說呢?

不太想要有奇幻、科幻、后宮、異世界這元素，有點太過氾濫不太想看
只要日常、青春的就可以了，有發糖的和胃痛我都可以~",日常,False,宅文化,0.6629424635731423,0.26517698542925694
q14,"想求各位大大們，有沒有推薦以百合、女生友情、男女愛情這類的日本輕小說呢?

不太想要有奇幻、科幻、后宮、異世界這元素，有點太過氾濫不太想看
只要日常、青春的就可以了，有發糖的和胃痛我都可以~",日常,False,校園,0.6771036055921121,0.27084144223684486
q14,"想求各位大大們，有沒有推薦以百合、女生友情、男女愛情這類的日本輕小說呢?

不太想要有奇幻、科幻、后宮、異世界這元素，有點太過氾濫不太想看
只要日常、青春的就可以了，有發糖的和胃痛我都可以~",日常,False,同人,0.669325695167315,0.267730278066926
q14,"想求各位大大們，有沒有推薦以百合、女生友情、男女愛情這類的日本輕小說呢?

不太想要有奇幻、科幻、后宮、異世界這元素，有點太過氾濫不太想看
只要日常、青春的就可以了，有發糖的和胃痛我都可以~",日常,False,異能,0.6496860038029839,0.25987440152119357
q14,"想求各位大大們，有沒有推薦以百合、女生友情、男女愛情這類的日本輕小說呢?

不太想要有奇幻、科幻、后宮、異世界這元素，有點太過氾濫不太想看
只要日常、青春的就可以了，有發糖的和胃痛我都可以~",日常,False,音樂,0.644711552858022,0.2578846211432088
q14,"想求各位大大們，有沒有推薦以百合、女生友情、男女愛情這類的日本輕小說呢?

不太想要有奇幻、科幻、后宮、異世界這元素，有點太過氾濫不太想看
只要日常、青春的就可以了，有發糖的和胃痛我都可以~",日常,False,間諜,0.6252358851671735,0.2500943540668694
q14,"想求各位大大們，有沒有推薦以百合、女生友情、男女愛情這類的日本輕小說呢?

不太想要有奇幻、科幻、后宮、異世界這元素，有點太過氾濫不太想看
只要日常、青春的就可以了，有發糖的和胃痛我都可以~",日常,False,大小姐,0.6568546382742902,0.2627418553097161
q14,"想求各位大大們，有沒有推薦以百合、女生友情、男女愛情這類的日本輕小說呢?

不太想要有奇幻、科幻、后宮、異世界這元素，有點太過氾濫不太想看
只要日常、青春的就可以了，有發糖的和胃痛我都可以~",日常,False,魔法,0.6380774160248552,0.2552309664099421
q14,"想求各位大大們，有沒有推薦以百合、女生友情、男女愛情這類的日本輕小說呢?

不太想要有奇幻、科幻、后宮、異世界這元素，有點太過氾濫不太想看
只要日常、青春的就可以了，有發糖的和胃痛我都可以~",日常,False,美食,0.634063344743542,0.2536253378974168
q14,"想求各位大大們，有沒有推薦以百合、女生友情、男女愛情這類的日本輕小說呢?

不太想要有奇幻、科幻、后宮、異世界這元素，有點太過氾濫不太想看
只要日常、青春的就可以了，有發糖的和胃痛我都可以~",日常,False,大逃殺,0.6296152998542354,0.25184611994169415
q14,"想求各位大大們，有沒有推薦以百合、女生友情、男女愛情這類的日本輕小說呢?

不太想要有奇幻、科幻、后宮、異世界這元素，有點太過氾濫不太想看
只要日常、青春的就可以了，有發糖的和胃痛我都可以~",日常,False,戀愛,0.670686046358841,0.2682744185435364
q14,"想求各位大大們，有沒有推薦以百合、女生友情、男女愛情這類的日本輕小說呢?

不太想要有奇幻、科幻、后宮、異世界這元素，有點太過氾濫不太想看
只要日常、青春的就可以了，有發糖的和胃痛我都可以~",日常,False,犯罪,0.6394660678378753,0.25578642713515015
q14,"想求各位大大們，有沒有推薦以百合、女生友情、男女愛情這類的日本輕小說呢?

不太想要有奇幻、科幻、后宮、異世界這元素，有點太過氾濫不太想看
只要日常、青春的就可以了，有發糖的和胃痛我都可以~",日常,False,轉生,0.651490456614684,0.2605961826458736
q14,"想求各位大大們，有沒有推薦以百合、女生友情、男女愛情這類的日本輕小說呢?

不太想要有奇幻、科幻、后宮、異世界這元素，有點太過氾濫不太想看
只要日常、青春的就可以了，有發糖的和胃痛我都可以~",日常,False,青梅竹馬,0.6588715494175525,0.26354861976702104
q14,"想求各位大大們，有沒有推薦以百合、女生友情、男女愛情這類的日本輕小說呢?

不太想要有奇幻、科幻、后宮、異世界這元素，有點太過氾濫不太想看
只要日常、青春的就可以了，有發糖的和胃痛我都可以~",日常,False,女性視角,0.6578469566332314,0.2631387826532926
q14,"想求各位大大們，有沒有推薦以百合、女生友情、男女愛情這類的日本輕小說呢?

不太想要有奇幻、科幻、后宮、異世界這元素，有點太過氾濫不太想看
只要日常、青春的就可以了，有發糖的和胃痛我都可以~",日常,False,溫馨,0.6996667922743419,0.2798667169097368
q14,"想求各位大大們，有沒有推薦以百合、女生友情、男女愛情這類的日本輕小說呢?

不太想要有奇幻、科幻、后宮、異世界這元素，有點太過氾濫不太想看
只要日常、青春的就可以了，有發糖的和胃痛我都可以~",日常,False,經營,0.6549192720467147,0.2619677088186859
q14,"想求各位大大們，有沒有推薦以百合、女生友情、男女愛情這類的日本輕小說呢?

不太想要有奇幻、科幻、后宮、異世界這元素，有點太過氾濫不太想看
只要日常、青春的就可以了，有發糖的和胃痛我都可以~",日常,False,復仇,0.6088648397349987,0.2435459358939995
q14,"想求各位大大們，有沒有推薦以百合、女生友情、男女愛情這類的日本輕小說呢?

不太想要有奇幻、科幻、后宮、異世界這元素，有點太過氾濫不太想看
只要日常、青春的就可以了，有發糖的和胃痛我都可以~",日常,False,黑暗,0.6447096426096205,0.2578838570438482
q14,"想求各位大大們，有沒有推薦以百合、女生友情、男女愛情這類的日本輕小說呢?

不太想要有奇幻、科幻、后宮、異世界這元素，有點太過氾濫不太想看
只要日常、青春的就可以了，有發糖的和胃痛我都可以~",日常,False,戰鬥,0.6309119536530149,0.25236478146120594
q14,"想求各位大大們，有沒有推薦以百合、女生友情、男女愛情這類的日本輕小說呢?

不太想要有奇幻、科幻、后宮、異世界這元素，有點太過氾濫不太想看
只要日常、青春的就可以了，有發糖的和胃痛我都可以~",日常,False,群像,0.6584820230272125,0.263392809210885
q14,"想求各位大大們，有沒有推薦以百合、女生友情、男女愛情這類的日本輕小說呢?

不太想要有奇幻、科幻、后宮、異世界這元素，有點太過氾濫不太想看
只要日常、青春的就可以了，有發糖的和胃痛我都可以~",日常,False,歡樂向,0.717898755402005,0.287159502160802
q14,"想求各位大大們，有沒有推薦以百合、女生友情、男女愛情這類的日本輕小說呢?

不太想要有奇幻、科幻、后宮、異世界這元素，有點太過氾濫不太想看
只要日常、青春的就可以了，有發糖的和胃痛我都可以~",日常,False,惡役,0.6332720976883248,0.2533088390753299
q14,"想求各位大大們，有沒有推薦以百合、女生友情、男女愛情這類的日本輕小說呢?

不太想要有奇幻、科幻、后宮、異世界這元素，有點太過氾濫不太想看
只要日常、青春的就可以了，有發糖的和胃痛我都可以~",日常,False,機戰,0.6405801111675241,0.25623204446700965
q14,"想求各位大大們，有沒有推薦以百合、女生友情、男女愛情這類的日本輕小說呢?

不太想要有奇幻、科幻、后宮、異世界這元素，有點太過氾濫不太想看
只要日常、青春的就可以了，有發糖的和胃痛我都可以~",日常,False,驚悚,0.6417319445128061,0.25669277780512245
q14,"想求各位大大們，有沒有推薦以百合、女生友情、男女愛情這類的日本輕小說呢?

不太想要有奇幻、科幻、后宮、異世界這元素，有點太過氾濫不太想看
只要日常、青春的就可以了，有發糖的和胃痛我都可以~",日常,False,奇幻,0.6725432228358414,0.2690172891343366
q14,"想求各位大大們，有沒有推薦以百合、女生友情、男女愛情這類的日本輕小說呢?

不太想要有奇幻、科幻、后宮、異世界這元素，有點太過氾濫不太想看
只要日常、青春的就可以了，有發糖的和胃痛我都可以~",日常,False,耽美,0.673350608581919,0.2693402434327676
q14,"想求各位大大們，有沒有推薦以百合、女生友情、男女愛情這類的日本輕小說呢?

不太想要有奇幻、科幻、后宮、異世界這元素，有點太過氾濫不太想看
只要日常、青春的就可以了，有發糖的和胃痛我都可以~",日常,False,妹妹,0.6540166657890922,0.2616066663156369
q14,"想求各位大大們，有沒有推薦以百合、女生友情、男女愛情這類的日本輕小說呢?

不太想要有奇幻、科幻、后宮、異世界這元素，有點太過氾濫不太想看
只要日常、青春的就可以了，有發糖的和胃痛我都可以~",日常,False,龍傲天,0.6455808402637185,0.2582323361054874
q14,"想求各位大大們，有沒有推薦以百合、女生友情、男女愛情這類的日本輕小說呢?

不太想要有奇幻、科幻、后宮、異世界這元素，有點太過氾濫不太想看
只要日常、青春的就可以了，有發糖的和胃痛我都可以~",日常,False,推理,0.6595800427020915,0.2638320170808366
q14,"想求各位大大們，有沒有推薦以百合、女生友情、男女愛情這類的日本輕小說呢?

不太想要有奇幻、科幻、后宮、異世界這元素，有點太過氾濫不太想看
只要日常、青春的就可以了，有發糖的和胃痛我都可以~",日常,False,JC,0.6654016284387197,0.2661606513754879
q14,"想求各位大大們，有沒有推薦以百合、女生友情、男女愛情這類的日本輕小說呢?

不太想要有奇幻、科幻、后宮、異世界這元素，有點太過氾濫不太想看
只要日常、青春的就可以了，有發糖的和胃痛我都可以~",日常,False,偽娘,0.6456478342566631,0.25825913370266523
q14,"想求各位大大們，有沒有推薦以百合、女生友情、男女愛情這類的日本輕小說呢?

不太想要有奇幻、科幻、后宮、異世界這元素，有點太過氾濫不太想看
只要日常、青春的就可以了，有發糖的和胃痛我都可以~",日常,False,NTR,0.6627066654067483,0.2650826661626993
q14,"想求各位大大們，有沒有推薦以百合、女生友情、男女愛情這類的日本輕小說呢?

不太想要有奇幻、科幻、后宮、異世界這元素，有點太過氾濫不太想看
只要日常、青春的就可以了，有發糖的和胃痛我都可以~",日常,False,戰爭,0.6391915285913828,0.2556766114365531
q14,"想求各位大大們，有沒有推薦以百合、女生友情、男女愛情這類的日本輕小說呢?

不太想要有奇幻、科幻、后宮、異世界這元素，有點太過氾濫不太想看
只要日常、青春的就可以了，有發糖的和胃痛我都可以~",日常,False,病嬌,0.6409370163027244,0.25637480652108974
q14,"想求各位大大們，有沒有推薦以百合、女生友情、男女愛情這類的日本輕小說呢?

不太想要有奇幻、科幻、后宮、異世界這元素，有點太過氾濫不太想看
只要日常、青春的就可以了，有發糖的和胃痛我都可以~",日常,False,熱血,0.6384320459145097,0.2553728183658039
q14,"想求各位大大們，有沒有推薦以百合、女生友情、男女愛情這類的日本輕小說呢?

不太想要有奇幻、科幻、后宮、異世界這元素，有點太過氾濫不太想看
只要日常、青春的就可以了，有發糖的和胃痛我都可以~",日常,False,冒險,0.6473599872915341,0.25894399491661363
q14,"想求各位大大們，有沒有推薦以百合、女生友情、男女愛情這類的日本輕小說呢?

不太想要有奇幻、科幻、后宮、異世界這元素，有點太過氾濫不太想看
只要日常、青春的就可以了，有發糖的和胃痛我都可以~",日常,False,女兒,0.6444221780502346,0.25776887122009384
q14,"想求各位大大們，有沒有推薦以百合、女生友情、男女愛情這類的日本輕小說呢?

不太想要有奇幻、科幻、后宮、異世界這元素，有點太過氾濫不太想看
只要日常、青春的就可以了，有發糖的和胃痛我都可以~",日常,False,人外,0.6786248964992493,0.2714499585996997
q14,"想求各位大大們，有沒有推薦以百合、女生友情、男女愛情這類的日本輕小說呢?

不太想要有奇幻、科幻、后宮、異世界這元素，有點太過氾濫不太想看
只要日常、青春的就可以了，有發糖的和胃痛我都可以~",日常,False,異世界,0.665169278461529,0.2660677113846116
q14,"想求各位大大們，有沒有推薦以百合、女生友情、男女愛情這類的日本輕小說呢?

不太想要有奇幻、科幻、后宮、異世界這元素，有點太過氾濫不太想看
只要日常、青春的就可以了，有發糖的和胃痛我都可以~",日常,False,懸疑,0.6565790820229043,0.26263163280916174
q13,"我很喜歡搞笑類，誤會系剛好能戳到我的笑點，
看了會有種「這群人的腦迴路到底怎麼長的」的感覺，（像電玩咖這種的）
當然不需要全程搞笑，後面進入主線開始嚴肅起來我還是能接受的（素晴、腦礙這種的）",歡樂向,True,歡樂向,1.0,1.0
q13,"我很喜歡搞笑類，誤會系剛好能戳到我的笑點，
看了會有種「這群人的腦迴路到底怎麼長的」的感覺，（像電玩咖這種的）
當然不需要全程搞笑，後面進入主線開始嚴肅起來我還是能接受的（素晴、腦礙這種的）",腦洞,True,腦洞,1.0,1.0
q13,"我很喜歡搞笑類，誤會系剛好能戳到我的笑點，
看了會有種「這群人的腦迴路到底怎麼長的」的感覺，（像電玩咖這種的）
當然不需要全程搞笑，後面進入主線開始嚴肅起來我還是能接受的（素晴、腦礙這種的）",搞笑,False,大逃殺,0.6227987554180725,0.249119502167229
q13,"我很喜歡搞笑類，誤會系剛好能戳到我的笑點，
看了會有種「這群人的腦迴路到底怎麼長的」的感覺，（像電玩咖這種的）
當然不需要全程搞笑，後面進入主線開始嚴肅起來我還是能接受的（素晴、腦礙這種的）",搞笑,False,戀愛,0.6411429993738305,0.2564571997495322
q13,"我很喜歡搞笑類，誤會系剛好能戳到我的笑點，
看了會有種「這群人的腦迴路到底怎麼長的」的感覺，（像電玩咖這種的）
當然不需要全程搞笑，後面進入主線開始嚴肅起來我還是能接受的（素晴、腦礙這種的）",搞笑,False,犯罪,0.6381999488338057,0.25527997953352227
q13,"我很喜歡搞笑類，誤會系剛好能戳到我的笑點，
看了會有種「這群人的腦迴路到底怎麼長的」的感覺，（像電玩咖這種的）
當然不需要全程搞笑，後面進入主線開始嚴肅起來我還是能接受的（素晴、腦礙這種的）",搞笑,False,鬥智,0.6289901123084676,0.25159604492338705
q13,"我很喜歡搞笑類，誤會系剛好能戳到我的笑點，
看了會有種「這群人的腦迴路到底怎麼長的」的感覺，（像電玩咖這種的）
當然不需要全程搞笑，後面進入主線開始嚴肅起來我還是能接受的（素晴、腦礙這種的）",搞笑,False,科幻,0.6506363003134258,0.2602545201253703
q13,"我很喜歡搞笑類，誤會系剛好能戳到我的笑點，
看了會有種「這群人的腦迴路到底怎麼長的」的感覺，（像電玩咖這種的）
當然不需要全程搞笑，後面進入主線開始嚴肅起來我還是能接受的（素晴、腦礙這種的）",搞笑,False,百合,0.6413256242201915,0.2565302496880766
q13,"我很喜歡搞笑類，誤會系剛好能戳到我的笑點，
看了會有種「這群人的腦迴路到底怎麼長的」的感覺，（像電玩咖這種的）
當然不需要全程搞笑，後面進入主線開始嚴肅起來我還是能接受的（素晴、腦礙這種的）",搞笑,False,轉生,0.6344138039580213,0.25376552158320853
q13,"我很喜歡搞笑類，誤會系剛好能戳到我的笑點，
看了會有種「這群人的腦迴路到底怎麼長的」的感覺，（像電玩咖這種的）
當然不需要全程搞笑，後面進入主線開始嚴肅起來我還是能接受的（素晴、腦礙這種的）",搞笑,False,治癒,0.6429425154776912,0.2571770061910765
q13,"我很喜歡搞笑類，誤會系剛好能戳到我的笑點，
看了會有種「這群人的腦迴路到底怎麼長的」的感覺，（像電玩咖這種的）
當然不需要全程搞笑，後面進入主線開始嚴肅起來我還是能接受的（素晴、腦礙這種的）",搞笑,False,青梅竹馬,0.6253557529120257,0.2501423011648103
q13,"我很喜歡搞笑類，誤會系剛好能戳到我的笑點，
看了會有種「這群人的腦迴路到底怎麼長的」的感覺，（像電玩咖這種的）
當然不需要全程搞笑，後面進入主線開始嚴肅起來我還是能接受的（素晴、腦礙這種的）",搞笑,False,女性視角,0.6335238286367884,0.25340953145471534
q13,"我很喜歡搞笑類，誤會系剛好能戳到我的笑點，
看了會有種「這群人的腦迴路到底怎麼長的」的感覺，（像電玩咖這種的）
當然不需要全程搞笑，後面進入主線開始嚴肅起來我還是能接受的（素晴、腦礙這種的）",搞笑,False,性轉,0.633565256905177,0.2534261027620708
q13,"我很喜歡搞笑類，誤會系剛好能戳到我的笑點，
看了會有種「這群人的腦迴路到底怎麼長的」的感覺，（像電玩咖這種的）
當然不需要全程搞笑，後面進入主線開始嚴肅起來我還是能接受的（素晴、腦礙這種的）",搞笑,False,溫馨,0.6487078708934351,0.259483148357374
q13,"我很喜歡搞笑類，誤會系剛好能戳到我的笑點，
看了會有種「這群人的腦迴路到底怎麼長的」的感覺，（像電玩咖這種的）
當然不需要全程搞笑，後面進入主線開始嚴肅起來我還是能接受的（素晴、腦礙這種的）",搞笑,False,經營,0.6225021655212852,0.2490008662085141
q13,"我很喜歡搞笑類，誤會系剛好能戳到我的笑點，
看了會有種「這群人的腦迴路到底怎麼長的」的感覺，（像電玩咖這種的）
當然不需要全程搞笑，後面進入主線開始嚴肅起來我還是能接受的（素晴、腦礙這種的）",搞笑,False,獵奇,0.6473680604418489,0.2589472241767396
q13,"我很喜歡搞笑類，誤會系剛好能戳到我的笑點，
看了會有種「這群人的腦迴路到底怎麼長的」的感覺，（像電玩咖這種的）
當然不需要全程搞笑，後面進入主線開始嚴肅起來我還是能接受的（素晴、腦礙這種的）",搞笑,False,復仇,0.604209343901354,0.2416837375605416
q13,"我很喜歡搞笑類，誤會系剛好能戳到我的笑點，
看了會有種「這群人的腦迴路到底怎麼長的」的感覺，（像電玩咖這種的）
當然不需要全程搞笑，後面進入主線開始嚴肅起來我還是能接受的（素晴、腦礙這種的）",搞笑,False,黑暗,0.6262729658734858,0.25050918634939434
q13,"我很喜歡搞笑類，誤會系剛好能戳到我的笑點，
看了會有種「這群人的腦迴路到底怎麼長的」的感覺，（像電玩咖這種的）
當然不需要全程搞笑，後面進入主線開始嚴肅起來我還是能接受的（素晴、腦礙這種的）",搞笑,False,遊戲,0.620829119948993,0.24833164797959723
q13,"我很喜歡搞笑類，誤會系剛好能戳到我的笑點，
看了會有種「這群人的腦迴路到底怎麼長的」的感覺，（像電玩咖這種的）
當然不需要全程搞笑，後面進入主線開始嚴肅起來我還是能接受的（素晴、腦礙這種的）",搞笑,False,戰鬥,0.6040788836243265,0.2416315534497306
q13,"我很喜歡搞笑類，誤會系剛好能戳到我的笑點，
看了會有種「這群人的腦迴路到底怎麼長的」的感覺，（像電玩咖這種的）
當然不需要全程搞笑，後面進入主線開始嚴肅起來我還是能接受的（素晴、腦礙這種的）",搞笑,False,青春,0.6223566688524158,0.24894266754096633
q13,"我很喜歡搞笑類，誤會系剛好能戳到我的笑點，
看了會有種「這群人的腦迴路到底怎麼長的」的感覺，（像電玩咖這種的）
當然不需要全程搞笑，後面進入主線開始嚴肅起來我還是能接受的（素晴、腦礙這種的）",搞笑,False,群像,0.6356633601888331,0.25426534407553325
q13,"我很喜歡搞笑類，誤會系剛好能戳到我的笑點，
看了會有種「這群人的腦迴路到底怎麼長的」的感覺，（像電玩咖這種的）
當然不需要全程搞笑，後面進入主線開始嚴肅起來我還是能接受的（素晴、腦礙這種的）",搞笑,False,歡樂向,0.7708420628371874,0.308336825134875
q13,"我很喜歡搞笑類，誤會系剛好能戳到我的笑點，
看了會有種「這群人的腦迴路到底怎麼長的」的感覺，（像電玩咖這種的）
當然不需要全程搞笑，後面進入主線開始嚴肅起來我還是能接受的（素晴、腦礙這種的）",搞笑,False,旅行,0.6216364426786165,0.24865457707144661
q13,"我很喜歡搞笑類，誤會系剛好能戳到我的笑點，
看了會有種「這群人的腦迴路到底怎麼長的」的感覺，（像電玩咖這種的）
當然不需要全程搞笑，後面進入主線開始嚴肅起來我還是能接受的（素晴、腦礙這種的）",搞笑,False,惡役,0.6433022995956489,0.25732091983825955
q13,"我很喜歡搞笑類，誤會系剛好能戳到我的笑點，
看了會有種「這群人的腦迴路到底怎麼長的」的感覺，（像電玩咖這種的）
當然不需要全程搞笑，後面進入主線開始嚴肅起來我還是能接受的（素晴、腦礙這種的）",搞笑,False,蘿莉,0.6442260248899746,0.25769040995598985
q13,"我很喜歡搞笑類，誤會系剛好能戳到我的笑點，
看了會有種「這群人的腦迴路到底怎麼長的」的感覺，（像電玩咖這種的）
當然不需要全程搞笑，後面進入主線開始嚴肅起來我還是能接受的（素晴、腦礙這種的）",搞笑,False,機戰,0.6354363048150878,0.2541745219260351
q13,"我很喜歡搞笑類，誤會系剛好能戳到我的笑點，
看了會有種「這群人的腦迴路到底怎麼長的」的感覺，（像電玩咖這種的）
當然不需要全程搞笑，後面進入主線開始嚴肅起來我還是能接受的（素晴、腦礙這種的）",搞笑,False,驚悚,0.6304607111283992,0.2521842844513597
q13,"我很喜歡搞笑類，誤會系剛好能戳到我的笑點，
看了會有種「這群人的腦迴路到底怎麼長的」的感覺，（像電玩咖這種的）
當然不需要全程搞笑，後面進入主線開始嚴肅起來我還是能接受的（素晴、腦礙這種的）",搞笑,False,奇幻,0.6462088540344355,0.25848354161377424
q13,"我很喜歡搞笑類，誤會系剛好能戳到我的笑點，
看了會有種「這群人的腦迴路到底怎麼長的」的感覺，（像電玩咖這種的）
當然不需要全程搞笑，後面進入主線開始嚴肅起來我還是能接受的（素晴、腦礙這種的）",搞笑,False,JK,0.660173637751596,0.2640694551006384
q13,"我很喜歡搞笑類，誤會系剛好能戳到我的笑點，
看了會有種「這群人的腦迴路到底怎麼長的」的感覺，（像電玩咖這種的）
當然不需要全程搞笑，後面進入主線開始嚴肅起來我還是能接受的（素晴、腦礙這種的）",搞笑,False,後宮,0.633648381730727,0.2534593526922908
q13,"我很喜歡搞笑類，誤會系剛好能戳到我的笑點，
看了會有種「這群人的腦迴路到底怎麼長的」的感覺，（像電玩咖這種的）
當然不需要全程搞笑，後面進入主線開始嚴肅起來我還是能接受的（素晴、腦礙這種的）",搞笑,False,耽美,0.6543417327111387,0.2617366930844555
q13,"我很喜歡搞笑類，誤會系剛好能戳到我的笑點，
看了會有種「這群人的腦迴路到底怎麼長的」的感覺，（像電玩咖這種的）
當然不需要全程搞笑，後面進入主線開始嚴肅起來我還是能接受的（素晴、腦礙這種的）",搞笑,False,妹妹,0.6301619162663878,0.2520647665065551
q13,"我很喜歡搞笑類，誤會系剛好能戳到我的笑點，
看了會有種「這群人的腦迴路到底怎麼長的」的感覺，（像電玩咖這種的）
當然不需要全程搞笑，後面進入主線開始嚴肅起來我還是能接受的（素晴、腦礙這種的）",搞笑,False,龍傲天,0.635809256496211,0.2543237025984844
q13,"我很喜歡搞笑類，誤會系剛好能戳到我的笑點，
看了會有種「這群人的腦迴路到底怎麼長的」的感覺，（像電玩咖這種的）
當然不需要全程搞笑，後面進入主線開始嚴肅起來我還是能接受的（素晴、腦礙這種的）",搞笑,False,職場,0.6394397579079354,0.25577590316317417
q13,"我很喜歡搞笑類，誤會系剛好能戳到我的笑點，
看了會有種「這群人的腦迴路到底怎麼長的」的感覺，（像電玩咖這種的）
當然不需要全程搞笑，後面進入主線開始嚴肅起來我還是能接受的（素晴、腦礙這種的）",搞笑,False,推理,0.6407922136830851,0.25631688547323406
q13,"我很喜歡搞笑類，誤會系剛好能戳到我的笑點，
看了會有種「這群人的腦迴路到底怎麼長的」的感覺，（像電玩咖這種的）
當然不需要全程搞笑，後面進入主線開始嚴肅起來我還是能接受的（素晴、腦礙這種的）",搞笑,False,JC,0.6407778023077753,0.2563111209231101
q13,"我很喜歡搞笑類，誤會系剛好能戳到我的笑點，
看了會有種「這群人的腦迴路到底怎麼長的」的感覺，（像電玩咖這種的）
當然不需要全程搞笑，後面進入主線開始嚴肅起來我還是能接受的（素晴、腦礙這種的）",搞笑,False,宅文化,0.6358604161193065,0.2543441664477226
q13,"我很喜歡搞笑類，誤會系剛好能戳到我的笑點，
看了會有種「這群人的腦迴路到底怎麼長的」的感覺，（像電玩咖這種的）
當然不需要全程搞笑，後面進入主線開始嚴肅起來我還是能接受的（素晴、腦礙這種的）",搞笑,False,校園,0.6431587189209762,0.2572634875683905
q13,"我很喜歡搞笑類，誤會系剛好能戳到我的笑點，
看了會有種「這群人的腦迴路到底怎麼長的」的感覺，（像電玩咖這種的）
當然不需要全程搞笑，後面進入主線開始嚴肅起來我還是能接受的（素晴、腦礙這種的）",搞笑,False,同人,0.6448790579778565,0.2579516231911426
q13,"我很喜歡搞笑類，誤會系剛好能戳到我的笑點，
看了會有種「這群人的腦迴路到底怎麼長的」的感覺，（像電玩咖這種的）
當然不需要全程搞笑，後面進入主線開始嚴肅起來我還是能接受的（素晴、腦礙這種的）",搞笑,False,偽娘,0.636372447971693,0.2545489791886772
q13,"我很喜歡搞笑類，誤會系剛好能戳到我的笑點，
看了會有種「這群人的腦迴路到底怎麼長的」的感覺，（像電玩咖這種的）
當然不需要全程搞笑，後面進入主線開始嚴肅起來我還是能接受的（素晴、腦礙這種的）",搞笑,False,NTR,0.6384992619067098,0.2553997047626839
q13,"我很喜歡搞笑類，誤會系剛好能戳到我的笑點，
看了會有種「這群人的腦迴路到底怎麼長的」的感覺，（像電玩咖這種的）
當然不需要全程搞笑，後面進入主線開始嚴肅起來我還是能接受的（素晴、腦礙這種的）",搞笑,False,異能,0.6326244032201975,0.25304976128807904
q13,"我很喜歡搞笑類，誤會系剛好能戳到我的笑點，
看了會有種「這群人的腦迴路到底怎麼長的」的感覺，（像電玩咖這種的）
當然不需要全程搞笑，後面進入主線開始嚴肅起來我還是能接受的（素晴、腦礙這種的）",搞笑,False,音樂,0.6359295287511229,0.25437181150044913
q13,"我很喜歡搞笑類，誤會系剛好能戳到我的笑點，
看了會有種「這群人的腦迴路到底怎麼長的」的感覺，（像電玩咖這種的）
當然不需要全程搞笑，後面進入主線開始嚴肅起來我還是能接受的（素晴、腦礙這種的）",搞笑,False,戰爭,0.6054313908443738,0.24217255633774953
q13,"我很喜歡搞笑類，誤會系剛好能戳到我的笑點，
看了會有種「這群人的腦迴路到底怎麼長的」的感覺，（像電玩咖這種的）
當然不需要全程搞笑，後面進入主線開始嚴肅起來我還是能接受的（素晴、腦礙這種的）",搞笑,False,熱血,0.629018893110733,0.25160755724429323
q13,"我很喜歡搞笑類，誤會系剛好能戳到我的笑點，
看了會有種「這群人的腦迴路到底怎麼長的」的感覺，（像電玩咖這種的）
當然不需要全程搞笑，後面進入主線開始嚴肅起來我還是能接受的（素晴、腦礙這種的）",搞笑,False,冒險,0.6319679074168929,0.2527871629667572
q13,"我很喜歡搞笑類，誤會系剛好能戳到我的笑點，
看了會有種「這群人的腦迴路到底怎麼長的」的感覺，（像電玩咖這種的）
當然不需要全程搞笑，後面進入主線開始嚴肅起來我還是能接受的（素晴、腦礙這種的）",搞笑,False,大小姐,0.6292018235977497,0.25168072943909986
q13,"我很喜歡搞笑類，誤會系剛好能戳到我的笑點，
看了會有種「這群人的腦迴路到底怎麼長的」的感覺，（像電玩咖這種的）
當然不需要全程搞笑，後面進入主線開始嚴肅起來我還是能接受的（素晴、腦礙這種的）",搞笑,False,女兒,0.6159053941438319,0.24636215765753278
q13,"我很喜歡搞笑類，誤會系剛好能戳到我的笑點，
看了會有種「這群人的腦迴路到底怎麼長的」的感覺，（像電玩咖這種的）
當然不需要全程搞笑，後面進入主線開始嚴肅起來我還是能接受的（素晴、腦礙這種的）",搞笑,False,人外,0.6570048414456744,0.2628019365782698
q13,"我很喜歡搞笑類，誤會系剛好能戳到我的笑點，
看了會有種「這群人的腦迴路到底怎麼長的」的感覺，（像電玩咖這種的）
當然不需要全程搞笑，後面進入主線開始嚴肅起來我還是能接受的（素晴、腦礙這種的）",搞笑,False,美食,0.6149133096888377,0.2459653238755351
q13,"我很喜歡搞笑類，誤會系剛好能戳到我的笑點，
看了會有種「這群人的腦迴路到底怎麼長的」的感覺，（像電玩咖這種的）
當然不需要全程搞笑，後面進入主線開始嚴肅起來我還是能接受的（素晴、腦礙這種的）",搞笑,False,異世界,0.6422946931448918,0.25691787725795673
q13,"我很喜歡搞笑類，誤會系剛好能戳到我的笑點，
看了會有種「這群人的腦迴路到底怎麼長的」的感覺，（像電玩咖這種的）
當然不需要全程搞笑，後面進入主線開始嚴肅起來我還是能接受的（素晴、腦礙這種的）",搞笑,False,懸疑,0.6373490036864098,0.2549396014745639
q13,"我很喜歡搞笑類，誤會系剛好能戳到我的笑點，
看了會有種「這群人的腦迴路到底怎麼長的」的感覺，（像電玩咖這種的）
當然不需要全程搞笑，後面進入主線開始嚴肅起來我還是能接受的（素晴、腦礙這種的）",誤會系,False,大逃殺,0.6166952886868737,0.2466781154747495
q13,"我很喜歡搞笑類，誤會系剛好能戳到我的笑點，
看了會有種「這群人的腦迴路到底怎麼長的」的感覺，（像電玩咖這種的）
當然不需要全程搞笑，後面進入主線開始嚴肅起來我還是能接受的（素晴、腦礙這種的）",誤會系,False,戀愛,0.6827675599407861,0.2731070239763144
q13,"我很喜歡搞笑類，誤會系剛好能戳到我的笑點，
看了會有種「這群人的腦迴路到底怎麼長的」的感覺，（像電玩咖這種的）
當然不需要全程搞笑，後面進入主線開始嚴肅起來我還是能接受的（素晴、腦礙這種的）",誤會系,False,犯罪,0.6415876166837836,0.25663504667351345
q13,"我很喜歡搞笑類，誤會系剛好能戳到我的笑點，
看了會有種「這群人的腦迴路到底怎麼長的」的感覺，（像電玩咖這種的）
當然不需要全程搞笑，後面進入主線開始嚴肅起來我還是能接受的（素晴、腦礙這種的）",誤會系,False,鬥智,0.6523087433827837,0.2609234973531135
q13,"我很喜歡搞笑類，誤會系剛好能戳到我的笑點，
看了會有種「這群人的腦迴路到底怎麼長的」的感覺，（像電玩咖這種的）
當然不需要全程搞笑，後面進入主線開始嚴肅起來我還是能接受的（素晴、腦礙這種的）",誤會系,False,科幻,0.6513253419114086,0.26053013676456344
q13,"我很喜歡搞笑類，誤會系剛好能戳到我的笑點，
看了會有種「這群人的腦迴路到底怎麼長的」的感覺，（像電玩咖這種的）
當然不需要全程搞笑，後面進入主線開始嚴肅起來我還是能接受的（素晴、腦礙這種的）",誤會系,False,百合,0.6635767564994637,0.26543070259978546
q13,"我很喜歡搞笑類，誤會系剛好能戳到我的笑點，
看了會有種「這群人的腦迴路到底怎麼長的」的感覺，（像電玩咖這種的）
當然不需要全程搞笑，後面進入主線開始嚴肅起來我還是能接受的（素晴、腦礙這種的）",誤會系,False,轉生,0.6473312279976471,0.25893249119905887
q13,"我很喜歡搞笑類，誤會系剛好能戳到我的笑點，
看了會有種「這群人的腦迴路到底怎麼長的」的感覺，（像電玩咖這種的）
當然不需要全程搞笑，後面進入主線開始嚴肅起來我還是能接受的（素晴、腦礙這種的）",誤會系,False,治癒,0.6489775654631158,0.2595910261852463
q13,"我很喜歡搞笑類，誤會系剛好能戳到我的笑點，
看了會有種「這群人的腦迴路到底怎麼長的」的感覺，（像電玩咖這種的）
當然不需要全程搞笑，後面進入主線開始嚴肅起來我還是能接受的（素晴、腦礙這種的）",誤會系,False,青梅竹馬,0.6636297623639448,0.2654519049455779
q13,"我很喜歡搞笑類，誤會系剛好能戳到我的笑點，
看了會有種「這群人的腦迴路到底怎麼長的」的感覺，（像電玩咖這種的）
當然不需要全程搞笑，後面進入主線開始嚴肅起來我還是能接受的（素晴、腦礙這種的）",誤會系,False,女性視角,0.6511848038009229,0.2604739215203692
q13,"我很喜歡搞笑類，誤會系剛好能戳到我的笑點，
看了會有種「這群人的腦迴路到底怎麼長的」的感覺，（像電玩咖這種的）
當然不需要全程搞笑，後面進入主線開始嚴肅起來我還是能接受的（素晴、腦礙這種的）",誤會系,False,性轉,0.6494635154415058,0.25978540617660234
q13,"我很喜歡搞笑類，誤會系剛好能戳到我的笑點，
看了會有種「這群人的腦迴路到底怎麼長的」的感覺，（像電玩咖這種的）
當然不需要全程搞笑，後面進入主線開始嚴肅起來我還是能接受的（素晴、腦礙這種的）",誤會系,False,溫馨,0.671058513939984,0.2684234055759936
q13,"我很喜歡搞笑類，誤會系剛好能戳到我的笑點，
看了會有種「這群人的腦迴路到底怎麼長的」的感覺，（像電玩咖這種的）
當然不需要全程搞笑，後面進入主線開始嚴肅起來我還是能接受的（素晴、腦礙這種的）",誤會系,False,經營,0.6355693770862643,0.2542277508345057
q13,"我很喜歡搞笑類，誤會系剛好能戳到我的笑點，
看了會有種「這群人的腦迴路到底怎麼長的」的感覺，（像電玩咖這種的）
當然不需要全程搞笑，後面進入主線開始嚴肅起來我還是能接受的（素晴、腦礙這種的）",誤會系,False,獵奇,0.6463399332118137,0.2585359732847255
q13,"我很喜歡搞笑類，誤會系剛好能戳到我的笑點，
看了會有種「這群人的腦迴路到底怎麼長的」的感覺，（像電玩咖這種的）
當然不需要全程搞笑，後面進入主線開始嚴肅起來我還是能接受的（素晴、腦礙這種的）",誤會系,False,復仇,0.6121884793936185,0.24487539175744744
q13,"我很喜歡搞笑類，誤會系剛好能戳到我的笑點，
看了會有種「這群人的腦迴路到底怎麼長的」的感覺，（像電玩咖這種的）
當然不需要全程搞笑，後面進入主線開始嚴肅起來我還是能接受的（素晴、腦礙這種的）",誤會系,False,黑暗,0.6388634322589553,0.2555453729035821
q13,"我很喜歡搞笑類，誤會系剛好能戳到我的笑點，
看了會有種「這群人的腦迴路到底怎麼長的」的感覺，（像電玩咖這種的）
當然不需要全程搞笑，後面進入主線開始嚴肅起來我還是能接受的（素晴、腦礙這種的）",誤會系,False,末日,0.6146025851721856,0.24584103406887425
q13,"我很喜歡搞笑類，誤會系剛好能戳到我的笑點，
看了會有種「這群人的腦迴路到底怎麼長的」的感覺，（像電玩咖這種的）
當然不需要全程搞笑，後面進入主線開始嚴肅起來我還是能接受的（素晴、腦礙這種的）",誤會系,False,遊戲,0.6244137257938936,0.24976549031755746
q13,"我很喜歡搞笑類，誤會系剛好能戳到我的笑點，
看了會有種「這群人的腦迴路到底怎麼長的」的感覺，（像電玩咖這種的）
當然不需要全程搞笑，後面進入主線開始嚴肅起來我還是能接受的（素晴、腦礙這種的）",誤會系,False,戰鬥,0.6145389652367764,0.24581558609471058
q13,"我很喜歡搞笑類，誤會系剛好能戳到我的笑點，
看了會有種「這群人的腦迴路到底怎麼長的」的感覺，（像電玩咖這種的）
當然不需要全程搞笑，後面進入主線開始嚴肅起來我還是能接受的（素晴、腦礙這種的）",誤會系,False,青春,0.6341389712295092,0.2536555884918037
q13,"我很喜歡搞笑類，誤會系剛好能戳到我的笑點，
看了會有種「這群人的腦迴路到底怎麼長的」的感覺，（像電玩咖這種的）
當然不需要全程搞笑，後面進入主線開始嚴肅起來我還是能接受的（素晴、腦礙這種的）",誤會系,False,群像,0.6518383792125083,0.26073535168500334
q13,"我很喜歡搞笑類，誤會系剛好能戳到我的笑點，
看了會有種「這群人的腦迴路到底怎麼長的」的感覺，（像電玩咖這種的）
當然不需要全程搞笑，後面進入主線開始嚴肅起來我還是能接受的（素晴、腦礙這種的）",誤會系,False,歡樂向,0.7075384620552966,0.28301538482211863
q13,"我很喜歡搞笑類，誤會系剛好能戳到我的笑點，
看了會有種「這群人的腦迴路到底怎麼長的」的感覺，（像電玩咖這種的）
當然不需要全程搞笑，後面進入主線開始嚴肅起來我還是能接受的（素晴、腦礙這種的）",誤會系,False,旅行,0.632423362921205,0.252969345168482
q13,"我很喜歡搞笑類，誤會系剛好能戳到我的笑點，
看了會有種「這群人的腦迴路到底怎麼長的」的感覺，（像電玩咖這種的）
當然不需要全程搞笑，後面進入主線開始嚴肅起來我還是能接受的（素晴、腦礙這種的）",誤會系,False,惡役,0.6494687223686392,0.2597874889474557
q13,"我很喜歡搞笑類，誤會系剛好能戳到我的笑點，
看了會有種「這群人的腦迴路到底怎麼長的」的感覺，（像電玩咖這種的）
當然不需要全程搞笑，後面進入主線開始嚴肅起來我還是能接受的（素晴、腦礙這種的）",誤會系,False,蘿莉,0.6477319143745136,0.25909276574980544
q13,"我很喜歡搞笑類，誤會系剛好能戳到我的笑點，
看了會有種「這群人的腦迴路到底怎麼長的」的感覺，（像電玩咖這種的）
當然不需要全程搞笑，後面進入主線開始嚴肅起來我還是能接受的（素晴、腦礙這種的）",誤會系,False,機戰,0.6427151144395132,0.2570860457758053
q13,"我很喜歡搞笑類，誤會系剛好能戳到我的笑點，
看了會有種「這群人的腦迴路到底怎麼長的」的感覺，（像電玩咖這種的）
當然不需要全程搞笑，後面進入主線開始嚴肅起來我還是能接受的（素晴、腦礙這種的）",誤會系,False,驚悚,0.6529625825732074,0.261185033029283
q13,"我很喜歡搞笑類，誤會系剛好能戳到我的笑點，
看了會有種「這群人的腦迴路到底怎麼長的」的感覺，（像電玩咖這種的）
當然不需要全程搞笑，後面進入主線開始嚴肅起來我還是能接受的（素晴、腦礙這種的）",誤會系,False,奇幻,0.6569818128116166,0.26279272512464663
q13,"我很喜歡搞笑類，誤會系剛好能戳到我的笑點，
看了會有種「這群人的腦迴路到底怎麼長的」的感覺，（像電玩咖這種的）
當然不需要全程搞笑，後面進入主線開始嚴肅起來我還是能接受的（素晴、腦礙這種的）",誤會系,False,JK,0.6754595435956638,0.27018381743826553
q13,"我很喜歡搞笑類，誤會系剛好能戳到我的笑點，
看了會有種「這群人的腦迴路到底怎麼長的」的感覺，（像電玩咖這種的）
當然不需要全程搞笑，後面進入主線開始嚴肅起來我還是能接受的（素晴、腦礙這種的）",誤會系,False,後宮,0.6532813871613152,0.2613125548645261
q13,"我很喜歡搞笑類，誤會系剛好能戳到我的笑點，
看了會有種「這群人的腦迴路到底怎麼長的」的感覺，（像電玩咖這種的）
當然不需要全程搞笑，後面進入主線開始嚴肅起來我還是能接受的（素晴、腦礙這種的）",誤會系,False,耽美,0.6831163522007696,0.27324654088030786
q13,"我很喜歡搞笑類，誤會系剛好能戳到我的笑點，
看了會有種「這群人的腦迴路到底怎麼長的」的感覺，（像電玩咖這種的）
當然不需要全程搞笑，後面進入主線開始嚴肅起來我還是能接受的（素晴、腦礙這種的）",誤會系,False,妹妹,0.6508587124783191,0.26034348499132764
q13,"我很喜歡搞笑類，誤會系剛好能戳到我的笑點，
看了會有種「這群人的腦迴路到底怎麼長的」的感覺，（像電玩咖這種的）
當然不需要全程搞笑，後面進入主線開始嚴肅起來我還是能接受的（素晴、腦礙這種的）",誤會系,False,職場,0.6543094639537511,0.26172378558150045
q13,"我很喜歡搞笑類，誤會系剛好能戳到我的笑點，
看了會有種「這群人的腦迴路到底怎麼長的」的感覺，（像電玩咖這種的）
當然不需要全程搞笑，後面進入主線開始嚴肅起來我還是能接受的（素晴、腦礙這種的）",誤會系,False,推理,0.6774851045956746,0.27099404183826986
q13,"我很喜歡搞笑類，誤會系剛好能戳到我的笑點，
看了會有種「這群人的腦迴路到底怎麼長的」的感覺，（像電玩咖這種的）
當然不需要全程搞笑，後面進入主線開始嚴肅起來我還是能接受的（素晴、腦礙這種的）",誤會系,False,JC,0.6566339812460749,0.26265359249842996
q13,"我很喜歡搞笑類，誤會系剛好能戳到我的笑點，
看了會有種「這群人的腦迴路到底怎麼長的」的感覺，（像電玩咖這種的）
當然不需要全程搞笑，後面進入主線開始嚴肅起來我還是能接受的（素晴、腦礙這種的）",誤會系,False,宅文化,0.6439851921684655,0.2575940768673862
q13,"我很喜歡搞笑類，誤會系剛好能戳到我的笑點，
看了會有種「這群人的腦迴路到底怎麼長的」的感覺，（像電玩咖這種的）
當然不需要全程搞笑，後面進入主線開始嚴肅起來我還是能接受的（素晴、腦礙這種的）",誤會系,False,校園,0.6514791618760858,0.2605916647504343
q13,"我很喜歡搞笑類，誤會系剛好能戳到我的笑點，
看了會有種「這群人的腦迴路到底怎麼長的」的感覺，（像電玩咖這種的）
當然不需要全程搞笑，後面進入主線開始嚴肅起來我還是能接受的（素晴、腦礙這種的）",誤會系,False,同人,0.661217256005767,0.2644869024023068
q13,"我很喜歡搞笑類，誤會系剛好能戳到我的笑點，
看了會有種「這群人的腦迴路到底怎麼長的」的感覺，（像電玩咖這種的）
當然不需要全程搞笑，後面進入主線開始嚴肅起來我還是能接受的（素晴、腦礙這種的）",誤會系,False,偽娘,0.6520035155824098,0.26080140623296394
q13,"我很喜歡搞笑類，誤會系剛好能戳到我的笑點，
看了會有種「這群人的腦迴路到底怎麼長的」的感覺，（像電玩咖這種的）
當然不需要全程搞笑，後面進入主線開始嚴肅起來我還是能接受的（素晴、腦礙這種的）",誤會系,False,NTR,0.6628318696619907,0.2651327478647963
q13,"我很喜歡搞笑類，誤會系剛好能戳到我的笑點，
看了會有種「這群人的腦迴路到底怎麼長的」的感覺，（像電玩咖這種的）
當然不需要全程搞笑，後面進入主線開始嚴肅起來我還是能接受的（素晴、腦礙這種的）",誤會系,False,異能,0.6381491275799814,0.2552596510319926
q13,"我很喜歡搞笑類，誤會系剛好能戳到我的笑點，
看了會有種「這群人的腦迴路到底怎麼長的」的感覺，（像電玩咖這種的）
當然不需要全程搞笑，後面進入主線開始嚴肅起來我還是能接受的（素晴、腦礙這種的）",誤會系,False,病嬌,0.6608265272242313,0.2643306108896925
q13,"我很喜歡搞笑類，誤會系剛好能戳到我的笑點，
看了會有種「這群人的腦迴路到底怎麼長的」的感覺，（像電玩咖這種的）
當然不需要全程搞笑，後面進入主線開始嚴肅起來我還是能接受的（素晴、腦礙這種的）",誤會系,False,音樂,0.6375596611318353,0.2550238644527341
q13,"我很喜歡搞笑類，誤會系剛好能戳到我的笑點，
看了會有種「這群人的腦迴路到底怎麼長的」的感覺，（像電玩咖這種的）
當然不需要全程搞笑，後面進入主線開始嚴肅起來我還是能接受的（素晴、腦礙這種的）",誤會系,False,戰爭,0.6180019784998445,0.2472007913999378
q13,"我很喜歡搞笑類，誤會系剛好能戳到我的笑點，
看了會有種「這群人的腦迴路到底怎麼長的」的感覺，（像電玩咖這種的）
當然不需要全程搞笑，後面進入主線開始嚴肅起來我還是能接受的（素晴、腦礙這種的）",誤會系,False,熱血,0.6278361082963752,0.25113444331855006
q13,"我很喜歡搞笑類，誤會系剛好能戳到我的笑點，
看了會有種「這群人的腦迴路到底怎麼長的」的感覺，（像電玩咖這種的）
當然不需要全程搞笑，後面進入主線開始嚴肅起來我還是能接受的（素晴、腦礙這種的）",誤會系,False,間諜,0.6271824657842263,0.25087298631369054
q13,"我很喜歡搞笑類，誤會系剛好能戳到我的笑點，
看了會有種「這群人的腦迴路到底怎麼長的」的感覺，（像電玩咖這種的）
當然不需要全程搞笑，後面進入主線開始嚴肅起來我還是能接受的（素晴、腦礙這種的）",誤會系,False,冒險,0.6326611015218205,0.25306444060872824
q13,"我很喜歡搞笑類，誤會系剛好能戳到我的笑點，
看了會有種「這群人的腦迴路到底怎麼長的」的感覺，（像電玩咖這種的）
當然不需要全程搞笑，後面進入主線開始嚴肅起來我還是能接受的（素晴、腦礙這種的）",誤會系,False,大小姐,0.6514808838640938,0.26059235354563753
q13,"我很喜歡搞笑類，誤會系剛好能戳到我的笑點，
看了會有種「這群人的腦迴路到底怎麼長的」的感覺，（像電玩咖這種的）
當然不需要全程搞笑，後面進入主線開始嚴肅起來我還是能接受的（素晴、腦礙這種的）",誤會系,False,女兒,0.6291235669782754,0.2516494267913102
q13,"我很喜歡搞笑類，誤會系剛好能戳到我的笑點，
看了會有種「這群人的腦迴路到底怎麼長的」的感覺，（像電玩咖這種的）
當然不需要全程搞笑，後面進入主線開始嚴肅起來我還是能接受的（素晴、腦礙這種的）",誤會系,False,人外,0.6706574422875963,0.26826297691503853
q13,"我很喜歡搞笑類，誤會系剛好能戳到我的笑點，
看了會有種「這群人的腦迴路到底怎麼長的」的感覺，（像電玩咖這種的）
當然不需要全程搞笑，後面進入主線開始嚴肅起來我還是能接受的（素晴、腦礙這種的）",誤會系,False,美食,0.621064969570386,0.24842598782815442
q13,"我很喜歡搞笑類，誤會系剛好能戳到我的笑點，
看了會有種「這群人的腦迴路到底怎麼長的」的感覺，（像電玩咖這種的）
當然不需要全程搞笑，後面進入主線開始嚴肅起來我還是能接受的（素晴、腦礙這種的）",誤會系,False,異世界,0.658999381635031,0.2635997526540124
q13,"我很喜歡搞笑類，誤會系剛好能戳到我的笑點，
看了會有種「這群人的腦迴路到底怎麼長的」的感覺，（像電玩咖這種的）
當然不需要全程搞笑，後面進入主線開始嚴肅起來我還是能接受的（素晴、腦礙這種的）",誤會系,False,懸疑,0.6823846793649215,0.27295387174596863
q10,"像是果青友少這種的
年份的話最近三到五年為主
背景是校園戀愛喜劇為主
有複數女角讓男主多選一
啊不要開場就有女朋友鎖死的
那種我覺得其他女角只是浪費時間而已",校園,True,校園,1.0,1.0
q10,"像是果青友少這種的
年份的話最近三到五年為主
背景是校園戀愛喜劇為主
有複數女角讓男主多選一
啊不要開場就有女朋友鎖死的
那種我覺得其他女角只是浪費時間而已",戀愛,True,戀愛,1.0,1.0
q10,"像是果青友少這種的
年份的話最近三到五年為主
背景是校園戀愛喜劇為主
有複數女角讓男主多選一
啊不要開場就有女朋友鎖死的
那種我覺得其他女角只是浪費時間而已",歡樂向,True,歡樂向,1.0,1.0
q10,"像是果青友少這種的
年份的話最近三到五年為主
背景是校園戀愛喜劇為主
有複數女角讓男主多選一
啊不要開場就有女朋友鎖死的
那種我覺得其他女角只是浪費時間而已",後宮,True,後宮,1.0,1.0
q10,"像是果青友少這種的
年份的話最近三到五年為主
背景是校園戀愛喜劇為主
有複數女角讓男主多選一
啊不要開場就有女朋友鎖死的
那種我覺得其他女角只是浪費時間而已",青春,True,青春,1.0,1.0
q10,"像是果青友少這種的
年份的話最近三到五年為主
背景是校園戀愛喜劇為主
有複數女角讓男主多選一
啊不要開場就有女朋友鎖死的
那種我覺得其他女角只是浪費時間而已",多女主,False,大逃殺,0.6166429717590071,0.24665718870360284
q10,"像是果青友少這種的
年份的話最近三到五年為主
背景是校園戀愛喜劇為主
有複數女角讓男主多選一
啊不要開場就有女朋友鎖死的
那種我覺得其他女角只是浪費時間而已",多女主,False,戀愛,0.6674471206792357,0.2669788482716943
q10,"像是果青友少這種的
年份的話最近三到五年為主
背景是校園戀愛喜劇為主
有複數女角讓男主多選一
啊不要開場就有女朋友鎖死的
那種我覺得其他女角只是浪費時間而已",多女主,False,犯罪,0.6195976145838858,0.24783904583355434
q10,"像是果青友少這種的
年份的話最近三到五年為主
背景是校園戀愛喜劇為主
有複數女角讓男主多選一
啊不要開場就有女朋友鎖死的
那種我覺得其他女角只是浪費時間而已",多女主,False,鬥智,0.6138611402874807,0.24554445611499232
q10,"像是果青友少這種的
年份的話最近三到五年為主
背景是校園戀愛喜劇為主
有複數女角讓男主多選一
啊不要開場就有女朋友鎖死的
那種我覺得其他女角只是浪費時間而已",多女主,False,科幻,0.6404335407535227,0.25617341630140905
q10,"像是果青友少這種的
年份的話最近三到五年為主
背景是校園戀愛喜劇為主
有複數女角讓男主多選一
啊不要開場就有女朋友鎖死的
那種我覺得其他女角只是浪費時間而已",多女主,False,百合,0.6776726034622865,0.2710690413849146
q10,"像是果青友少這種的
年份的話最近三到五年為主
背景是校園戀愛喜劇為主
有複數女角讓男主多選一
啊不要開場就有女朋友鎖死的
那種我覺得其他女角只是浪費時間而已",多女主,False,轉生,0.6460963612845515,0.2584385445138206
q10,"像是果青友少這種的
年份的話最近三到五年為主
背景是校園戀愛喜劇為主
有複數女角讓男主多選一
啊不要開場就有女朋友鎖死的
那種我覺得其他女角只是浪費時間而已",多女主,False,治癒,0.6340638669517955,0.2536255467807182
q10,"像是果青友少這種的
年份的話最近三到五年為主
背景是校園戀愛喜劇為主
有複數女角讓男主多選一
啊不要開場就有女朋友鎖死的
那種我覺得其他女角只是浪費時間而已",多女主,False,青梅竹馬,0.6331608771349032,0.2532643508539613
q10,"像是果青友少這種的
年份的話最近三到五年為主
背景是校園戀愛喜劇為主
有複數女角讓男主多選一
啊不要開場就有女朋友鎖死的
那種我覺得其他女角只是浪費時間而已",多女主,False,女性視角,0.6855265799624538,0.2742106319849815
q10,"像是果青友少這種的
年份的話最近三到五年為主
背景是校園戀愛喜劇為主
有複數女角讓男主多選一
啊不要開場就有女朋友鎖死的
那種我覺得其他女角只是浪費時間而已",多女主,False,性轉,0.6556866561136709,0.2622746624454684
q10,"像是果青友少這種的
年份的話最近三到五年為主
背景是校園戀愛喜劇為主
有複數女角讓男主多選一
啊不要開場就有女朋友鎖死的
那種我覺得其他女角只是浪費時間而已",多女主,False,溫馨,0.6407512006073133,0.25630048024292534
q10,"像是果青友少這種的
年份的話最近三到五年為主
背景是校園戀愛喜劇為主
有複數女角讓男主多選一
啊不要開場就有女朋友鎖死的
那種我覺得其他女角只是浪費時間而已",多女主,False,經營,0.6414864967550301,0.25659459870201207
q10,"像是果青友少這種的
年份的話最近三到五年為主
背景是校園戀愛喜劇為主
有複數女角讓男主多選一
啊不要開場就有女朋友鎖死的
那種我覺得其他女角只是浪費時間而已",多女主,False,獵奇,0.6489420649863575,0.259576825994543
q10,"像是果青友少這種的
年份的話最近三到五年為主
背景是校園戀愛喜劇為主
有複數女角讓男主多選一
啊不要開場就有女朋友鎖死的
那種我覺得其他女角只是浪費時間而已",多女主,False,復仇,0.6948973618317292,0.2779589447326917
q10,"像是果青友少這種的
年份的話最近三到五年為主
背景是校園戀愛喜劇為主
有複數女角讓男主多選一
啊不要開場就有女朋友鎖死的
那種我覺得其他女角只是浪費時間而已",多女主,False,黑暗,0.611173129569468,0.24446925182778723
q10,"像是果青友少這種的
年份的話最近三到五年為主
背景是校園戀愛喜劇為主
有複數女角讓男主多選一
啊不要開場就有女朋友鎖死的
那種我覺得其他女角只是浪費時間而已",多女主,False,遊戲,0.6168509971157717,0.24674039884630872
q10,"像是果青友少這種的
年份的話最近三到五年為主
背景是校園戀愛喜劇為主
有複數女角讓男主多選一
啊不要開場就有女朋友鎖死的
那種我覺得其他女角只是浪費時間而已",多女主,False,戰鬥,0.6121785021111761,0.24487140084447045
q10,"像是果青友少這種的
年份的話最近三到五年為主
背景是校園戀愛喜劇為主
有複數女角讓男主多選一
啊不要開場就有女朋友鎖死的
那種我覺得其他女角只是浪費時間而已",多女主,False,群像,0.6880133520642996,0.27520534082571985
q10,"像是果青友少這種的
年份的話最近三到五年為主
背景是校園戀愛喜劇為主
有複數女角讓男主多選一
啊不要開場就有女朋友鎖死的
那種我覺得其他女角只是浪費時間而已",多女主,False,歡樂向,0.6759147982714271,0.27036591930857085
q10,"像是果青友少這種的
年份的話最近三到五年為主
背景是校園戀愛喜劇為主
有複數女角讓男主多選一
啊不要開場就有女朋友鎖死的
那種我覺得其他女角只是浪費時間而已",多女主,False,旅行,0.6240650026441238,0.24962600105764954
q10,"像是果青友少這種的
年份的話最近三到五年為主
背景是校園戀愛喜劇為主
有複數女角讓男主多選一
啊不要開場就有女朋友鎖死的
那種我覺得其他女角只是浪費時間而已",多女主,False,惡役,0.634176368108565,0.253670547243426
q10,"像是果青友少這種的
年份的話最近三到五年為主
背景是校園戀愛喜劇為主
有複數女角讓男主多選一
啊不要開場就有女朋友鎖死的
那種我覺得其他女角只是浪費時間而已",多女主,False,蘿莉,0.6414751595922701,0.256590063836908
q10,"像是果青友少這種的
年份的話最近三到五年為主
背景是校園戀愛喜劇為主
有複數女角讓男主多選一
啊不要開場就有女朋友鎖死的
那種我覺得其他女角只是浪費時間而已",多女主,False,機戰,0.6320172976200532,0.2528069190480213
q10,"像是果青友少這種的
年份的話最近三到五年為主
背景是校園戀愛喜劇為主
有複數女角讓男主多選一
啊不要開場就有女朋友鎖死的
那種我覺得其他女角只是浪費時間而已",多女主,False,JK,0.6617888699588248,0.2647155479835299
q10,"像是果青友少這種的
年份的話最近三到五年為主
背景是校園戀愛喜劇為主
有複數女角讓男主多選一
啊不要開場就有女朋友鎖死的
那種我覺得其他女角只是浪費時間而已",多女主,False,後宮,0.6883285358053282,0.27533141432213126
q10,"像是果青友少這種的
年份的話最近三到五年為主
背景是校園戀愛喜劇為主
有複數女角讓男主多選一
啊不要開場就有女朋友鎖死的
那種我覺得其他女角只是浪費時間而已",多女主,False,耽美,0.6657857369447625,0.266314294777905
q10,"像是果青友少這種的
年份的話最近三到五年為主
背景是校園戀愛喜劇為主
有複數女角讓男主多選一
啊不要開場就有女朋友鎖死的
那種我覺得其他女角只是浪費時間而已",多女主,False,妹妹,0.6431749564517462,0.2572699825806985
q10,"像是果青友少這種的
年份的話最近三到五年為主
背景是校園戀愛喜劇為主
有複數女角讓男主多選一
啊不要開場就有女朋友鎖死的
那種我覺得其他女角只是浪費時間而已",多女主,False,龍傲天,0.6371539640739372,0.2548615856295749
q10,"像是果青友少這種的
年份的話最近三到五年為主
背景是校園戀愛喜劇為主
有複數女角讓男主多選一
啊不要開場就有女朋友鎖死的
那種我覺得其他女角只是浪費時間而已",多女主,False,職場,0.6224635905029077,0.2489854362011631
q10,"像是果青友少這種的
年份的話最近三到五年為主
背景是校園戀愛喜劇為主
有複數女角讓男主多選一
啊不要開場就有女朋友鎖死的
那種我覺得其他女角只是浪費時間而已",多女主,False,推理,0.6389078798132493,0.2555631519252997
q10,"像是果青友少這種的
年份的話最近三到五年為主
背景是校園戀愛喜劇為主
有複數女角讓男主多選一
啊不要開場就有女朋友鎖死的
那種我覺得其他女角只是浪費時間而已",多女主,False,JC,0.6488010306053672,0.2595204122421469
q10,"像是果青友少這種的
年份的話最近三到五年為主
背景是校園戀愛喜劇為主
有複數女角讓男主多選一
啊不要開場就有女朋友鎖死的
那種我覺得其他女角只是浪費時間而已",多女主,False,宅文化,0.6333345006073953,0.2533338002429581
q10,"像是果青友少這種的
年份的話最近三到五年為主
背景是校園戀愛喜劇為主
有複數女角讓男主多選一
啊不要開場就有女朋友鎖死的
那種我覺得其他女角只是浪費時間而已",多女主,False,校園,0.6331535701441978,0.25326142805767915
q10,"像是果青友少這種的
年份的話最近三到五年為主
背景是校園戀愛喜劇為主
有複數女角讓男主多選一
啊不要開場就有女朋友鎖死的
那種我覺得其他女角只是浪費時間而已",多女主,False,同人,0.6471021357510843,0.25884085430043374
q10,"像是果青友少這種的
年份的話最近三到五年為主
背景是校園戀愛喜劇為主
有複數女角讓男主多選一
啊不要開場就有女朋友鎖死的
那種我覺得其他女角只是浪費時間而已",多女主,False,偽娘,0.6390457820694739,0.2556183128277896
q10,"像是果青友少這種的
年份的話最近三到五年為主
背景是校園戀愛喜劇為主
有複數女角讓男主多選一
啊不要開場就有女朋友鎖死的
那種我覺得其他女角只是浪費時間而已",多女主,False,NTR,0.6838341155895583,0.2735336462358233
q10,"像是果青友少這種的
年份的話最近三到五年為主
背景是校園戀愛喜劇為主
有複數女角讓男主多選一
啊不要開場就有女朋友鎖死的
那種我覺得其他女角只是浪費時間而已",多女主,False,異能,0.6232410437924076,0.24929641751696308
q10,"像是果青友少這種的
年份的話最近三到五年為主
背景是校園戀愛喜劇為主
有複數女角讓男主多選一
啊不要開場就有女朋友鎖死的
那種我覺得其他女角只是浪費時間而已",多女主,False,病嬌,0.6425123195104135,0.25700492780416545
q10,"像是果青友少這種的
年份的話最近三到五年為主
背景是校園戀愛喜劇為主
有複數女角讓男主多選一
啊不要開場就有女朋友鎖死的
那種我覺得其他女角只是浪費時間而已",多女主,False,音樂,0.6180066248423537,0.2472026499369415
q10,"像是果青友少這種的
年份的話最近三到五年為主
背景是校園戀愛喜劇為主
有複數女角讓男主多選一
啊不要開場就有女朋友鎖死的
那種我覺得其他女角只是浪費時間而已",多女主,False,戰爭,0.6150237599115261,0.24600950396461047
q10,"像是果青友少這種的
年份的話最近三到五年為主
背景是校園戀愛喜劇為主
有複數女角讓男主多選一
啊不要開場就有女朋友鎖死的
那種我覺得其他女角只是浪費時間而已",多女主,False,熱血,0.6297477417766734,0.25189909671066935
q10,"像是果青友少這種的
年份的話最近三到五年為主
背景是校園戀愛喜劇為主
有複數女角讓男主多選一
啊不要開場就有女朋友鎖死的
那種我覺得其他女角只是浪費時間而已",多女主,False,冒險,0.6322103562540335,0.25288414250161345
q10,"像是果青友少這種的
年份的話最近三到五年為主
背景是校園戀愛喜劇為主
有複數女角讓男主多選一
啊不要開場就有女朋友鎖死的
那種我覺得其他女角只是浪費時間而已",多女主,False,大小姐,0.6468105927259904,0.25872423709039616
q10,"像是果青友少這種的
年份的話最近三到五年為主
背景是校園戀愛喜劇為主
有複數女角讓男主多選一
啊不要開場就有女朋友鎖死的
那種我覺得其他女角只是浪費時間而已",多女主,False,女兒,0.6423301838263038,0.25693207353052155
q10,"像是果青友少這種的
年份的話最近三到五年為主
背景是校園戀愛喜劇為主
有複數女角讓男主多選一
啊不要開場就有女朋友鎖死的
那種我覺得其他女角只是浪費時間而已",多女主,False,人外,0.6477863343688363,0.2591145337475345
q10,"像是果青友少這種的
年份的話最近三到五年為主
背景是校園戀愛喜劇為主
有複數女角讓男主多選一
啊不要開場就有女朋友鎖死的
那種我覺得其他女角只是浪費時間而已",多女主,False,美食,0.6086732556492763,0.24346930225971053
q10,"像是果青友少這種的
年份的話最近三到五年為主
背景是校園戀愛喜劇為主
有複數女角讓男主多選一
啊不要開場就有女朋友鎖死的
那種我覺得其他女角只是浪費時間而已",多女主,False,異世界,0.6483830109365369,0.2593532043746148
q10,"像是果青友少這種的
年份的話最近三到五年為主
背景是校園戀愛喜劇為主
有複數女角讓男主多選一
啊不要開場就有女朋友鎖死的
那種我覺得其他女角只是浪費時間而已",多女主,False,懸疑,0.6392764008384627,0.2557105603353851
q16,"如題想看校園類型小說，不知道有無推薦
純現實的不要有奇幻元素，集數不多的佳",校園,True,校園,1.0,1.0
q16,"如題想看校園類型小說，不知道有無推薦
純現實的不要有奇幻元素，集數不多的佳",青春,True,青春,1.0,1.0
q16,"如題想看校園類型小說，不知道有無推薦
純現實的不要有奇幻元素，集數不多的佳",現實主義,False,大逃殺,0.6209606203098772,0.24838424812395088
q16,"如題想看校園類型小說，不知道有無推薦
純現實的不要有奇幻元素，集數不多的佳",現實主義,False,戀愛,0.6439791034146765,0.2575916413658706
q16,"如題想看校園類型小說，不知道有無推薦
純現實的不要有奇幻元素，集數不多的佳",現實主義,False,犯罪,0.6315413301546796,0.25261653206187185
q16,"如題想看校園類型小說，不知道有無推薦
純現實的不要有奇幻元素，集數不多的佳",現實主義,False,鬥智,0.6170464036904427,0.2468185614761771
q16,"如題想看校園類型小說，不知道有無推薦
純現實的不要有奇幻元素，集數不多的佳",現實主義,False,科幻,0.6623460423546963,0.26493841694187853
q16,"如題想看校園類型小說，不知道有無推薦
純現實的不要有奇幻元素，集數不多的佳",現實主義,False,百合,0.6281616240182573,0.25126464960730294
q16,"如題想看校園類型小說，不知道有無推薦
純現實的不要有奇幻元素，集數不多的佳",現實主義,False,轉生,0.6224246353533465,0.2489698541413386
q16,"如題想看校園類型小說，不知道有無推薦
純現實的不要有奇幻元素，集數不多的佳",現實主義,False,治癒,0.6432467728240859,0.2572987091296344
q16,"如題想看校園類型小說，不知道有無推薦
純現實的不要有奇幻元素，集數不多的佳",現實主義,False,青梅竹馬,0.6235074817064109,0.24940299268256438
q16,"如題想看校園類型小說，不知道有無推薦
純現實的不要有奇幻元素，集數不多的佳",現實主義,False,女性視角,0.6525393409817031,0.2610157363926812
q16,"如題想看校園類型小說，不知道有無推薦
純現實的不要有奇幻元素，集數不多的佳",現實主義,False,溫馨,0.6589544223944459,0.26358176895777835
q16,"如題想看校園類型小說，不知道有無推薦
純現實的不要有奇幻元素，集數不多的佳",現實主義,False,經營,0.6253263377752619,0.2501305351101048
q16,"如題想看校園類型小說，不知道有無推薦
純現實的不要有奇幻元素，集數不多的佳",現實主義,False,獵奇,0.644540870939768,0.2578163483759072
q16,"如題想看校園類型小說，不知道有無推薦
純現實的不要有奇幻元素，集數不多的佳",現實主義,False,復仇,0.7030446591251608,0.28121786365006435
q16,"如題想看校園類型小說，不知道有無推薦
純現實的不要有奇幻元素，集數不多的佳",現實主義,False,黑暗,0.6506941052301961,0.26027764209207843
q16,"如題想看校園類型小說，不知道有無推薦
純現實的不要有奇幻元素，集數不多的佳",現實主義,False,末日,0.6279781689500161,0.2511912675800065
q16,"如題想看校園類型小說，不知道有無推薦
純現實的不要有奇幻元素，集數不多的佳",現實主義,False,遊戲,0.607862983181961,0.2431451932727844
q16,"如題想看校園類型小說，不知道有無推薦
純現實的不要有奇幻元素，集數不多的佳",現實主義,False,戰鬥,0.6139646710654493,0.24558586842617972
q16,"如題想看校園類型小說，不知道有無推薦
純現實的不要有奇幻元素，集數不多的佳",現實主義,False,青春,0.6360189471217838,0.2544075788487135
q16,"如題想看校園類型小說，不知道有無推薦
純現實的不要有奇幻元素，集數不多的佳",現實主義,False,群像,0.6384782927183703,0.25539131708734814
q16,"如題想看校園類型小說，不知道有無推薦
純現實的不要有奇幻元素，集數不多的佳",現實主義,False,歡樂向,0.6568003068948611,0.2627201227579445
q16,"如題想看校園類型小說，不知道有無推薦
純現實的不要有奇幻元素，集數不多的佳",現實主義,False,旅行,0.6452039849114908,0.25808159396459635
q16,"如題想看校園類型小說，不知道有無推薦
純現實的不要有奇幻元素，集數不多的佳",現實主義,False,惡役,0.6109010987929252,0.2443604395171701
q16,"如題想看校園類型小說，不知道有無推薦
純現實的不要有奇幻元素，集數不多的佳",現實主義,False,蘿莉,0.6253164072339394,0.25012656289357577
q16,"如題想看校園類型小說，不知道有無推薦
純現實的不要有奇幻元素，集數不多的佳",現實主義,False,機戰,0.6213429333861926,0.24853717335447706
q16,"如題想看校園類型小說，不知道有無推薦
純現實的不要有奇幻元素，集數不多的佳",現實主義,False,驚悚,0.6385599371048334,0.25542397484193335
q16,"如題想看校園類型小說，不知道有無推薦
純現實的不要有奇幻元素，集數不多的佳",現實主義,False,奇幻,0.6616699891238437,0.26466799564953747
q16,"如題想看校園類型小說，不知道有無推薦
純現實的不要有奇幻元素，集數不多的佳",現實主義,False,JK,0.6487355232479367,0.2594942092991747
q16,"如題想看校園類型小說，不知道有無推薦
純現實的不要有奇幻元素，集數不多的佳",現實主義,False,後宮,0.6307726549769532,0.2523090619907813
q16,"如題想看校園類型小說，不知道有無推薦
純現實的不要有奇幻元素，集數不多的佳",現實主義,False,耽美,0.6550865084899975,0.262034603395999
q16,"如題想看校園類型小說，不知道有無推薦
純現實的不要有奇幻元素，集數不多的佳",現實主義,False,職場,0.6463121134289633,0.2585248453715853
q16,"如題想看校園類型小說，不知道有無推薦
純現實的不要有奇幻元素，集數不多的佳",現實主義,False,推理,0.6524370066948381,0.2609748026779352
q16,"如題想看校園類型小說，不知道有無推薦
純現實的不要有奇幻元素，集數不多的佳",現實主義,False,JC,0.645949831065661,0.2583799324262644
q16,"如題想看校園類型小說，不知道有無推薦
純現實的不要有奇幻元素，集數不多的佳",現實主義,False,校園,0.6414895947639031,0.25659583790556123
q16,"如題想看校園類型小說，不知道有無推薦
純現實的不要有奇幻元素，集數不多的佳",現實主義,False,同人,0.6322018966624177,0.25288075866496706
q16,"如題想看校園類型小說，不知道有無推薦
純現實的不要有奇幻元素，集數不多的佳",現實主義,False,NTR,0.6455884688418441,0.25823538753673764
q16,"如題想看校園類型小說，不知道有無推薦
純現實的不要有奇幻元素，集數不多的佳",現實主義,False,異能,0.6253556117877034,0.25014224471508134
q16,"如題想看校園類型小說，不知道有無推薦
純現實的不要有奇幻元素，集數不多的佳",現實主義,False,戰爭,0.6401969470198432,0.2560787788079373
q16,"如題想看校園類型小說，不知道有無推薦
純現實的不要有奇幻元素，集數不多的佳",現實主義,False,音樂,0.642471202725381,0.25698848109015243
q16,"如題想看校園類型小說，不知道有無推薦
純現實的不要有奇幻元素，集數不多的佳",現實主義,False,病嬌,0.6188344815105364,0.2475337926042146
q16,"如題想看校園類型小說，不知道有無推薦
純現實的不要有奇幻元素，集數不多的佳",現實主義,False,熱血,0.6257501737290275,0.25030006949161104
q16,"如題想看校園類型小說，不知道有無推薦
純現實的不要有奇幻元素，集數不多的佳",現實主義,False,冒險,0.6333480980859969,0.25333923923439877
q16,"如題想看校園類型小說，不知道有無推薦
純現實的不要有奇幻元素，集數不多的佳",現實主義,False,大小姐,0.6166711994459657,0.2466684797783863
q16,"如題想看校園類型小說，不知道有無推薦
純現實的不要有奇幻元素，集數不多的佳",現實主義,False,女兒,0.6115556340917759,0.2446222536367104
q16,"如題想看校園類型小說，不知道有無推薦
純現實的不要有奇幻元素，集數不多的佳",現實主義,False,人外,0.6452549377775447,0.2581019751110179
q16,"如題想看校園類型小說，不知道有無推薦
純現實的不要有奇幻元素，集數不多的佳",現實主義,False,美食,0.6155442563683008,0.24621770254732034
q16,"如題想看校園類型小說，不知道有無推薦
純現實的不要有奇幻元素，集數不多的佳",現實主義,False,異世界,0.6470554905425373,0.2588221962170149
q16,"如題想看校園類型小說，不知道有無推薦
純現實的不要有奇幻元素，集數不多的佳",現實主義,False,懸疑,0.650770209836899,0.2603080839347596
q15,"喜歡的類型 是異世界 轉生 重生 穿越 校園異能 幻想世界 劍與魔法 主角最強 多後宮 戰鬥要夠中二 都行
夠套路
要男主 一定要有戰鬥 後宮 沒後宮也沒關係但要有女主 如果主角拿的是劍我會更開心
不接受有沒男主的 例如蜘蛛又怎樣 能力值平均 怕痛的我
不接受虐主的 除了re 0 是因為動畫入坑的 除非前面虐後面很爽的這樣可以例如平職
需要裝逼讓我看的會高潮的 所以無職轉生我看不下去因為太真實太哭逼了",異世界,True,異世界,1.0,1.0
q15,"喜歡的類型 是異世界 轉生 重生 穿越 校園異能 幻想世界 劍與魔法 主角最強 多後宮 戰鬥要夠中二 都行
夠套路
要男主 一定要有戰鬥 後宮 沒後宮也沒關係但要有女主 如果主角拿的是劍我會更開心
不接受有沒男主的 例如蜘蛛又怎樣 能力值平均 怕痛的我
不接受虐主的 除了re 0 是因為動畫入坑的 除非前面虐後面很爽的這樣可以例如平職
需要裝逼讓我看的會高潮的 所以無職轉生我看不下去因為太真實太哭逼了",轉生,True,轉生,1.0,1.0
q15,"喜歡的類型 是異世界 轉生 重生 穿越 校園異能 幻想世界 劍與魔法 主角最強 多後宮 戰鬥要夠中二 都行
夠套路
要男主 一定要有戰鬥 後宮 沒後宮也沒關係但要有女主 如果主角拿的是劍我會更開心
不接受有沒男主的 例如蜘蛛又怎樣 能力值平均 怕痛的我
不接受虐主的 除了re 0 是因為動畫入坑的 除非前面虐後面很爽的這樣可以例如平職
需要裝逼讓我看的會高潮的 所以無職轉生我看不下去因為太真實太哭逼了",後宮,True,後宮,1.0,1.0
q15,"喜歡的類型 是異世界 轉生 重生 穿越 校園異能 幻想世界 劍與魔法 主角最強 多後宮 戰鬥要夠中二 都行
夠套路
要男主 一定要有戰鬥 後宮 沒後宮也沒關係但要有女主 如果主角拿的是劍我會更開心
不接受有沒男主的 例如蜘蛛又怎樣 能力值平均 怕痛的我
不接受虐主的 除了re 0 是因為動畫入坑的 除非前面虐後面很爽的這樣可以例如平職
需要裝逼讓我看的會高潮的 所以無職轉生我看不下去因為太真實太哭逼了",龍傲天,True,龍傲天,1.0,1.0
q15,"喜歡的類型 是異世界 轉生 重生 穿越 校園異能 幻想世界 劍與魔法 主角最強 多後宮 戰鬥要夠中二 都行
夠套路
要男主 一定要有戰鬥 後宮 沒後宮也沒關係但要有女主 如果主角拿的是劍我會更開心
不接受有沒男主的 例如蜘蛛又怎樣 能力值平均 怕痛的我
不接受虐主的 除了re 0 是因為動畫入坑的 除非前面虐後面很爽的這樣可以例如平職
需要裝逼讓我看的會高潮的 所以無職轉生我看不下去因為太真實太哭逼了",魔法,True,魔法,1.0,1.0
q15,"喜歡的類型 是異世界 轉生 重生 穿越 校園異能 幻想世界 劍與魔法 主角最強 多後宮 戰鬥要夠中二 都行
夠套路
要男主 一定要有戰鬥 後宮 沒後宮也沒關係但要有女主 如果主角拿的是劍我會更開心
不接受有沒男主的 例如蜘蛛又怎樣 能力值平均 怕痛的我
不接受虐主的 除了re 0 是因為動畫入坑的 除非前面虐後面很爽的這樣可以例如平職
需要裝逼讓我看的會高潮的 所以無職轉生我看不下去因為太真實太哭逼了",戰鬥,True,戰鬥,1.0,1.0
q15,"喜歡的類型 是異世界 轉生 重生 穿越 校園異能 幻想世界 劍與魔法 主角最強 多後宮 戰鬥要夠中二 都行
夠套路
要男主 一定要有戰鬥 後宮 沒後宮也沒關係但要有女主 如果主角拿的是劍我會更開心
不接受有沒男主的 例如蜘蛛又怎樣 能力值平均 怕痛的我
不接受虐主的 除了re 0 是因為動畫入坑的 除非前面虐後面很爽的這樣可以例如平職
需要裝逼讓我看的會高潮的 所以無職轉生我看不下去因為太真實太哭逼了",劍與魔法,False,大逃殺,0.6194616799143615,0.2477846719657446
q15,"喜歡的類型 是異世界 轉生 重生 穿越 校園異能 幻想世界 劍與魔法 主角最強 多後宮 戰鬥要夠中二 都行
夠套路
要男主 一定要有戰鬥 後宮 沒後宮也沒關係但要有女主 如果主角拿的是劍我會更開心
不接受有沒男主的 例如蜘蛛又怎樣 能力值平均 怕痛的我
不接受虐主的 除了re 0 是因為動畫入坑的 除非前面虐後面很爽的這樣可以例如平職
需要裝逼讓我看的會高潮的 所以無職轉生我看不下去因為太真實太哭逼了",劍與魔法,False,戀愛,0.6382153244833281,0.25528612979333126
q15,"喜歡的類型 是異世界 轉生 重生 穿越 校園異能 幻想世界 劍與魔法 主角最強 多後宮 戰鬥要夠中二 都行
夠套路
要男主 一定要有戰鬥 後宮 沒後宮也沒關係但要有女主 如果主角拿的是劍我會更開心
不接受有沒男主的 例如蜘蛛又怎樣 能力值平均 怕痛的我
不接受虐主的 除了re 0 是因為動畫入坑的 除非前面虐後面很爽的這樣可以例如平職
需要裝逼讓我看的會高潮的 所以無職轉生我看不下去因為太真實太哭逼了",劍與魔法,False,犯罪,0.6382027148416971,0.25528108593667886
q15,"喜歡的類型 是異世界 轉生 重生 穿越 校園異能 幻想世界 劍與魔法 主角最強 多後宮 戰鬥要夠中二 都行
夠套路
要男主 一定要有戰鬥 後宮 沒後宮也沒關係但要有女主 如果主角拿的是劍我會更開心
不接受有沒男主的 例如蜘蛛又怎樣 能力值平均 怕痛的我
不接受虐主的 除了re 0 是因為動畫入坑的 除非前面虐後面很爽的這樣可以例如平職
需要裝逼讓我看的會高潮的 所以無職轉生我看不下去因為太真實太哭逼了",劍與魔法,False,鬥智,0.6315773092659493,0.25263092370637974
q15,"喜歡的類型 是異世界 轉生 重生 穿越 校園異能 幻想世界 劍與魔法 主角最強 多後宮 戰鬥要夠中二 都行
夠套路
要男主 一定要有戰鬥 後宮 沒後宮也沒關係但要有女主 如果主角拿的是劍我會更開心
不接受有沒男主的 例如蜘蛛又怎樣 能力值平均 怕痛的我
不接受虐主的 除了re 0 是因為動畫入坑的 除非前面虐後面很爽的這樣可以例如平職
需要裝逼讓我看的會高潮的 所以無職轉生我看不下去因為太真實太哭逼了",劍與魔法,False,科幻,0.6783142595665301,0.2713257038266121
q15,"喜歡的類型 是異世界 轉生 重生 穿越 校園異能 幻想世界 劍與魔法 主角最強 多後宮 戰鬥要夠中二 都行
夠套路
要男主 一定要有戰鬥 後宮 沒後宮也沒關係但要有女主 如果主角拿的是劍我會更開心
不接受有沒男主的 例如蜘蛛又怎樣 能力值平均 怕痛的我
不接受虐主的 除了re 0 是因為動畫入坑的 除非前面虐後面很爽的這樣可以例如平職
需要裝逼讓我看的會高潮的 所以無職轉生我看不下去因為太真實太哭逼了",劍與魔法,False,格鬥,0.6350036206310893,0.2540014482524357
q15,"喜歡的類型 是異世界 轉生 重生 穿越 校園異能 幻想世界 劍與魔法 主角最強 多後宮 戰鬥要夠中二 都行
夠套路
要男主 一定要有戰鬥 後宮 沒後宮也沒關係但要有女主 如果主角拿的是劍我會更開心
不接受有沒男主的 例如蜘蛛又怎樣 能力值平均 怕痛的我
不接受虐主的 除了re 0 是因為動畫入坑的 除非前面虐後面很爽的這樣可以例如平職
需要裝逼讓我看的會高潮的 所以無職轉生我看不下去因為太真實太哭逼了",劍與魔法,False,百合,0.638959699100288,0.25558387964011525
q15,"喜歡的類型 是異世界 轉生 重生 穿越 校園異能 幻想世界 劍與魔法 主角最強 多後宮 戰鬥要夠中二 都行
夠套路
要男主 一定要有戰鬥 後宮 沒後宮也沒關係但要有女主 如果主角拿的是劍我會更開心
不接受有沒男主的 例如蜘蛛又怎樣 能力值平均 怕痛的我
不接受虐主的 除了re 0 是因為動畫入坑的 除非前面虐後面很爽的這樣可以例如平職
需要裝逼讓我看的會高潮的 所以無職轉生我看不下去因為太真實太哭逼了",劍與魔法,False,轉生,0.6493900344930008,0.2597560137972003
q15,"喜歡的類型 是異世界 轉生 重生 穿越 校園異能 幻想世界 劍與魔法 主角最強 多後宮 戰鬥要夠中二 都行
夠套路
要男主 一定要有戰鬥 後宮 沒後宮也沒關係但要有女主 如果主角拿的是劍我會更開心
不接受有沒男主的 例如蜘蛛又怎樣 能力值平均 怕痛的我
不接受虐主的 除了re 0 是因為動畫入坑的 除非前面虐後面很爽的這樣可以例如平職
需要裝逼讓我看的會高潮的 所以無職轉生我看不下去因為太真實太哭逼了",劍與魔法,False,治癒,0.6481739340671497,0.25926957362685993
q15,"喜歡的類型 是異世界 轉生 重生 穿越 校園異能 幻想世界 劍與魔法 主角最強 多後宮 戰鬥要夠中二 都行
夠套路
要男主 一定要有戰鬥 後宮 沒後宮也沒關係但要有女主 如果主角拿的是劍我會更開心
不接受有沒男主的 例如蜘蛛又怎樣 能力值平均 怕痛的我
不接受虐主的 除了re 0 是因為動畫入坑的 除非前面虐後面很爽的這樣可以例如平職
需要裝逼讓我看的會高潮的 所以無職轉生我看不下去因為太真實太哭逼了",劍與魔法,False,青梅竹馬,0.6194211666051385,0.2477684666420554
q15,"喜歡的類型 是異世界 轉生 重生 穿越 校園異能 幻想世界 劍與魔法 主角最強 多後宮 戰鬥要夠中二 都行
夠套路
要男主 一定要有戰鬥 後宮 沒後宮也沒關係但要有女主 如果主角拿的是劍我會更開心
不接受有沒男主的 例如蜘蛛又怎樣 能力值平均 怕痛的我
不接受虐主的 除了re 0 是因為動畫入坑的 除非前面虐後面很爽的這樣可以例如平職
需要裝逼讓我看的會高潮的 所以無職轉生我看不下去因為太真實太哭逼了",劍與魔法,False,女性視角,0.6411543790145785,0.2564617516058314
q15,"喜歡的類型 是異世界 轉生 重生 穿越 校園異能 幻想世界 劍與魔法 主角最強 多後宮 戰鬥要夠中二 都行
夠套路
要男主 一定要有戰鬥 後宮 沒後宮也沒關係但要有女主 如果主角拿的是劍我會更開心
不接受有沒男主的 例如蜘蛛又怎樣 能力值平均 怕痛的我
不接受虐主的 除了re 0 是因為動畫入坑的 除非前面虐後面很爽的這樣可以例如平職
需要裝逼讓我看的會高潮的 所以無職轉生我看不下去因為太真實太哭逼了",劍與魔法,False,性轉,0.6272395357562341,0.2508958143024937
q15,"喜歡的類型 是異世界 轉生 重生 穿越 校園異能 幻想世界 劍與魔法 主角最強 多後宮 戰鬥要夠中二 都行
夠套路
要男主 一定要有戰鬥 後宮 沒後宮也沒關係但要有女主 如果主角拿的是劍我會更開心
不接受有沒男主的 例如蜘蛛又怎樣 能力值平均 怕痛的我
不接受虐主的 除了re 0 是因為動畫入坑的 除非前面虐後面很爽的這樣可以例如平職
需要裝逼讓我看的會高潮的 所以無職轉生我看不下去因為太真實太哭逼了",劍與魔法,False,溫馨,0.6436805174321972,0.2574722069728789
q15,"喜歡的類型 是異世界 轉生 重生 穿越 校園異能 幻想世界 劍與魔法 主角最強 多後宮 戰鬥要夠中二 都行
夠套路
要男主 一定要有戰鬥 後宮 沒後宮也沒關係但要有女主 如果主角拿的是劍我會更開心
不接受有沒男主的 例如蜘蛛又怎樣 能力值平均 怕痛的我
不接受虐主的 除了re 0 是因為動畫入坑的 除非前面虐後面很爽的這樣可以例如平職
需要裝逼讓我看的會高潮的 所以無職轉生我看不下去因為太真實太哭逼了",劍與魔法,False,經營,0.6306846661228028,0.25227386644912114
q15,"喜歡的類型 是異世界 轉生 重生 穿越 校園異能 幻想世界 劍與魔法 主角最強 多後宮 戰鬥要夠中二 都行
夠套路
要男主 一定要有戰鬥 後宮 沒後宮也沒關係但要有女主 如果主角拿的是劍我會更開心
不接受有沒男主的 例如蜘蛛又怎樣 能力值平均 怕痛的我
不接受虐主的 除了re 0 是因為動畫入坑的 除非前面虐後面很爽的這樣可以例如平職
需要裝逼讓我看的會高潮的 所以無職轉生我看不下去因為太真實太哭逼了",劍與魔法,False,獵奇,0.6526856626451027,0.2610742650580411
q15,"喜歡的類型 是異世界 轉生 重生 穿越 校園異能 幻想世界 劍與魔法 主角最強 多後宮 戰鬥要夠中二 都行
夠套路
要男主 一定要有戰鬥 後宮 沒後宮也沒關係但要有女主 如果主角拿的是劍我會更開心
不接受有沒男主的 例如蜘蛛又怎樣 能力值平均 怕痛的我
不接受虐主的 除了re 0 是因為動畫入坑的 除非前面虐後面很爽的這樣可以例如平職
需要裝逼讓我看的會高潮的 所以無職轉生我看不下去因為太真實太哭逼了",劍與魔法,False,復仇,0.6172854465408755,0.2469141786163502
q15,"喜歡的類型 是異世界 轉生 重生 穿越 校園異能 幻想世界 劍與魔法 主角最強 多後宮 戰鬥要夠中二 都行
夠套路
要男主 一定要有戰鬥 後宮 沒後宮也沒關係但要有女主 如果主角拿的是劍我會更開心
不接受有沒男主的 例如蜘蛛又怎樣 能力值平均 怕痛的我
不接受虐主的 除了re 0 是因為動畫入坑的 除非前面虐後面很爽的這樣可以例如平職
需要裝逼讓我看的會高潮的 所以無職轉生我看不下去因為太真實太哭逼了",劍與魔法,False,黑暗,0.6444620564788607,0.2577848225915443
q15,"喜歡的類型 是異世界 轉生 重生 穿越 校園異能 幻想世界 劍與魔法 主角最強 多後宮 戰鬥要夠中二 都行
夠套路
要男主 一定要有戰鬥 後宮 沒後宮也沒關係但要有女主 如果主角拿的是劍我會更開心
不接受有沒男主的 例如蜘蛛又怎樣 能力值平均 怕痛的我
不接受虐主的 除了re 0 是因為動畫入坑的 除非前面虐後面很爽的這樣可以例如平職
需要裝逼讓我看的會高潮的 所以無職轉生我看不下去因為太真實太哭逼了",劍與魔法,False,末日,0.6367705943223567,0.2547082377289427
q15,"喜歡的類型 是異世界 轉生 重生 穿越 校園異能 幻想世界 劍與魔法 主角最強 多後宮 戰鬥要夠中二 都行
夠套路
要男主 一定要有戰鬥 後宮 沒後宮也沒關係但要有女主 如果主角拿的是劍我會更開心
不接受有沒男主的 例如蜘蛛又怎樣 能力值平均 怕痛的我
不接受虐主的 除了re 0 是因為動畫入坑的 除非前面虐後面很爽的這樣可以例如平職
需要裝逼讓我看的會高潮的 所以無職轉生我看不下去因為太真實太哭逼了",劍與魔法,False,遊戲,0.6432420902985774,0.25729683611943094
q15,"喜歡的類型 是異世界 轉生 重生 穿越 校園異能 幻想世界 劍與魔法 主角最強 多後宮 戰鬥要夠中二 都行
夠套路
要男主 一定要有戰鬥 後宮 沒後宮也沒關係但要有女主 如果主角拿的是劍我會更開心
不接受有沒男主的 例如蜘蛛又怎樣 能力值平均 怕痛的我
不接受虐主的 除了re 0 是因為動畫入坑的 除非前面虐後面很爽的這樣可以例如平職
需要裝逼讓我看的會高潮的 所以無職轉生我看不下去因為太真實太哭逼了",劍與魔法,False,戰鬥,0.6660277492649362,0.2664110997059745
q15,"喜歡的類型 是異世界 轉生 重生 穿越 校園異能 幻想世界 劍與魔法 主角最強 多後宮 戰鬥要夠中二 都行
夠套路
要男主 一定要有戰鬥 後宮 沒後宮也沒關係但要有女主 如果主角拿的是劍我會更開心
不接受有沒男主的 例如蜘蛛又怎樣 能力值平均 怕痛的我
不接受虐主的 除了re 0 是因為動畫入坑的 除非前面虐後面很爽的這樣可以例如平職
需要裝逼讓我看的會高潮的 所以無職轉生我看不下去因為太真實太哭逼了",劍與魔法,False,群像,0.6373203398079935,0.2549281359231974
q15,"喜歡的類型 是異世界 轉生 重生 穿越 校園異能 幻想世界 劍與魔法 主角最強 多後宮 戰鬥要夠中二 都行
夠套路
要男主 一定要有戰鬥 後宮 沒後宮也沒關係但要有女主 如果主角拿的是劍我會更開心
不接受有沒男主的 例如蜘蛛又怎樣 能力值平均 怕痛的我
不接受虐主的 除了re 0 是因為動畫入坑的 除非前面虐後面很爽的這樣可以例如平職
需要裝逼讓我看的會高潮的 所以無職轉生我看不下去因為太真實太哭逼了",劍與魔法,False,歡樂向,0.6779340869602783,0.27117363478411133
q15,"喜歡的類型 是異世界 轉生 重生 穿越 校園異能 幻想世界 劍與魔法 主角最強 多後宮 戰鬥要夠中二 都行
夠套路
要男主 一定要有戰鬥 後宮 沒後宮也沒關係但要有女主 如果主角拿的是劍我會更開心
不接受有沒男主的 例如蜘蛛又怎樣 能力值平均 怕痛的我
不接受虐主的 除了re 0 是因為動畫入坑的 除非前面虐後面很爽的這樣可以例如平職
需要裝逼讓我看的會高潮的 所以無職轉生我看不下去因為太真實太哭逼了",劍與魔法,False,旅行,0.6316636268313974,0.25266545073255897
q15,"喜歡的類型 是異世界 轉生 重生 穿越 校園異能 幻想世界 劍與魔法 主角最強 多後宮 戰鬥要夠中二 都行
夠套路
要男主 一定要有戰鬥 後宮 沒後宮也沒關係但要有女主 如果主角拿的是劍我會更開心
不接受有沒男主的 例如蜘蛛又怎樣 能力值平均 怕痛的我
不接受虐主的 除了re 0 是因為動畫入坑的 除非前面虐後面很爽的這樣可以例如平職
需要裝逼讓我看的會高潮的 所以無職轉生我看不下去因為太真實太哭逼了",劍與魔法,False,惡役,0.6282785102156538,0.25131140408626157
q15,"喜歡的類型 是異世界 轉生 重生 穿越 校園異能 幻想世界 劍與魔法 主角最強 多後宮 戰鬥要夠中二 都行
夠套路
要男主 一定要有戰鬥 後宮 沒後宮也沒關係但要有女主 如果主角拿的是劍我會更開心
不接受有沒男主的 例如蜘蛛又怎樣 能力值平均 怕痛的我
不接受虐主的 除了re 0 是因為動畫入坑的 除非前面虐後面很爽的這樣可以例如平職
需要裝逼讓我看的會高潮的 所以無職轉生我看不下去因為太真實太哭逼了",劍與魔法,False,蘿莉,0.6369773854164841,0.25479095416659364
q15,"喜歡的類型 是異世界 轉生 重生 穿越 校園異能 幻想世界 劍與魔法 主角最強 多後宮 戰鬥要夠中二 都行
夠套路
要男主 一定要有戰鬥 後宮 沒後宮也沒關係但要有女主 如果主角拿的是劍我會更開心
不接受有沒男主的 例如蜘蛛又怎樣 能力值平均 怕痛的我
不接受虐主的 除了re 0 是因為動畫入坑的 除非前面虐後面很爽的這樣可以例如平職
需要裝逼讓我看的會高潮的 所以無職轉生我看不下去因為太真實太哭逼了",劍與魔法,False,機戰,0.6494368308616607,0.2597747323446643
q15,"喜歡的類型 是異世界 轉生 重生 穿越 校園異能 幻想世界 劍與魔法 主角最強 多後宮 戰鬥要夠中二 都行
夠套路
要男主 一定要有戰鬥 後宮 沒後宮也沒關係但要有女主 如果主角拿的是劍我會更開心
不接受有沒男主的 例如蜘蛛又怎樣 能力值平均 怕痛的我
不接受虐主的 除了re 0 是因為動畫入坑的 除非前面虐後面很爽的這樣可以例如平職
需要裝逼讓我看的會高潮的 所以無職轉生我看不下去因為太真實太哭逼了",劍與魔法,False,驚悚,0.6386387410135705,0.25545549640542825
q15,"喜歡的類型 是異世界 轉生 重生 穿越 校園異能 幻想世界 劍與魔法 主角最強 多後宮 戰鬥要夠中二 都行
夠套路
要男主 一定要有戰鬥 後宮 沒後宮也沒關係但要有女主 如果主角拿的是劍我會更開心
不接受有沒男主的 例如蜘蛛又怎樣 能力值平均 怕痛的我
不接受虐主的 除了re 0 是因為動畫入坑的 除非前面虐後面很爽的這樣可以例如平職
需要裝逼讓我看的會高潮的 所以無職轉生我看不下去因為太真實太哭逼了",劍與魔法,False,奇幻,0.7267993880873341,0.29071975523493365
q15,"喜歡的類型 是異世界 轉生 重生 穿越 校園異能 幻想世界 劍與魔法 主角最強 多後宮 戰鬥要夠中二 都行
夠套路
要男主 一定要有戰鬥 後宮 沒後宮也沒關係但要有女主 如果主角拿的是劍我會更開心
不接受有沒男主的 例如蜘蛛又怎樣 能力值平均 怕痛的我
不接受虐主的 除了re 0 是因為動畫入坑的 除非前面虐後面很爽的這樣可以例如平職
需要裝逼讓我看的會高潮的 所以無職轉生我看不下去因為太真實太哭逼了",劍與魔法,False,JK,0.6501520736344709,0.2600608294537884
q15,"喜歡的類型 是異世界 轉生 重生 穿越 校園異能 幻想世界 劍與魔法 主角最強 多後宮 戰鬥要夠中二 都行
夠套路
要男主 一定要有戰鬥 後宮 沒後宮也沒關係但要有女主 如果主角拿的是劍我會更開心
不接受有沒男主的 例如蜘蛛又怎樣 能力值平均 怕痛的我
不接受虐主的 除了re 0 是因為動畫入坑的 除非前面虐後面很爽的這樣可以例如平職
需要裝逼讓我看的會高潮的 所以無職轉生我看不下去因為太真實太哭逼了",劍與魔法,False,後宮,0.6311132944557134,0.25244531778228535
q15,"喜歡的類型 是異世界 轉生 重生 穿越 校園異能 幻想世界 劍與魔法 主角最強 多後宮 戰鬥要夠中二 都行
夠套路
要男主 一定要有戰鬥 後宮 沒後宮也沒關係但要有女主 如果主角拿的是劍我會更開心
不接受有沒男主的 例如蜘蛛又怎樣 能力值平均 怕痛的我
不接受虐主的 除了re 0 是因為動畫入坑的 除非前面虐後面很爽的這樣可以例如平職
需要裝逼讓我看的會高潮的 所以無職轉生我看不下去因為太真實太哭逼了",劍與魔法,False,耽美,0.6578819416043837,0.2631527766417535
q15,"喜歡的類型 是異世界 轉生 重生 穿越 校園異能 幻想世界 劍與魔法 主角最強 多後宮 戰鬥要夠中二 都行
夠套路
要男主 一定要有戰鬥 後宮 沒後宮也沒關係但要有女主 如果主角拿的是劍我會更開心
不接受有沒男主的 例如蜘蛛又怎樣 能力值平均 怕痛的我
不接受虐主的 除了re 0 是因為動畫入坑的 除非前面虐後面很爽的這樣可以例如平職
需要裝逼讓我看的會高潮的 所以無職轉生我看不下去因為太真實太哭逼了",劍與魔法,False,妹妹,0.6112395003733189,0.24449580014932756
q15,"喜歡的類型 是異世界 轉生 重生 穿越 校園異能 幻想世界 劍與魔法 主角最強 多後宮 戰鬥要夠中二 都行
夠套路
要男主 一定要有戰鬥 後宮 沒後宮也沒關係但要有女主 如果主角拿的是劍我會更開心
不接受有沒男主的 例如蜘蛛又怎樣 能力值平均 怕痛的我
不接受虐主的 除了re 0 是因為動畫入坑的 除非前面虐後面很爽的這樣可以例如平職
需要裝逼讓我看的會高潮的 所以無職轉生我看不下去因為太真實太哭逼了",劍與魔法,False,龍傲天,0.6518082725864938,0.2607233090345975
q15,"喜歡的類型 是異世界 轉生 重生 穿越 校園異能 幻想世界 劍與魔法 主角最強 多後宮 戰鬥要夠中二 都行
夠套路
要男主 一定要有戰鬥 後宮 沒後宮也沒關係但要有女主 如果主角拿的是劍我會更開心
不接受有沒男主的 例如蜘蛛又怎樣 能力值平均 怕痛的我
不接受虐主的 除了re 0 是因為動畫入坑的 除非前面虐後面很爽的這樣可以例如平職
需要裝逼讓我看的會高潮的 所以無職轉生我看不下去因為太真實太哭逼了",劍與魔法,False,職場,0.6155847371304844,0.2462338948521938
q15,"喜歡的類型 是異世界 轉生 重生 穿越 校園異能 幻想世界 劍與魔法 主角最強 多後宮 戰鬥要夠中二 都行
夠套路
要男主 一定要有戰鬥 後宮 沒後宮也沒關係但要有女主 如果主角拿的是劍我會更開心
不接受有沒男主的 例如蜘蛛又怎樣 能力值平均 怕痛的我
不接受虐主的 除了re 0 是因為動畫入坑的 除非前面虐後面很爽的這樣可以例如平職
需要裝逼讓我看的會高潮的 所以無職轉生我看不下去因為太真實太哭逼了",劍與魔法,False,推理,0.6531984443356134,0.26127937773424537
q15,"喜歡的類型 是異世界 轉生 重生 穿越 校園異能 幻想世界 劍與魔法 主角最強 多後宮 戰鬥要夠中二 都行
夠套路
要男主 一定要有戰鬥 後宮 沒後宮也沒關係但要有女主 如果主角拿的是劍我會更開心
不接受有沒男主的 例如蜘蛛又怎樣 能力值平均 怕痛的我
不接受虐主的 除了re 0 是因為動畫入坑的 除非前面虐後面很爽的這樣可以例如平職
需要裝逼讓我看的會高潮的 所以無職轉生我看不下去因為太真實太哭逼了",劍與魔法,False,JC,0.6382832842684605,0.2553133137073842
q15,"喜歡的類型 是異世界 轉生 重生 穿越 校園異能 幻想世界 劍與魔法 主角最強 多後宮 戰鬥要夠中二 都行
夠套路
要男主 一定要有戰鬥 後宮 沒後宮也沒關係但要有女主 如果主角拿的是劍我會更開心
不接受有沒男主的 例如蜘蛛又怎樣 能力值平均 怕痛的我
不接受虐主的 除了re 0 是因為動畫入坑的 除非前面虐後面很爽的這樣可以例如平職
需要裝逼讓我看的會高潮的 所以無職轉生我看不下去因為太真實太哭逼了",劍與魔法,False,宅文化,0.6160063767278272,0.2464025506911309
q15,"喜歡的類型 是異世界 轉生 重生 穿越 校園異能 幻想世界 劍與魔法 主角最強 多後宮 戰鬥要夠中二 都行
夠套路
要男主 一定要有戰鬥 後宮 沒後宮也沒關係但要有女主 如果主角拿的是劍我會更開心
不接受有沒男主的 例如蜘蛛又怎樣 能力值平均 怕痛的我
不接受虐主的 除了re 0 是因為動畫入坑的 除非前面虐後面很爽的這樣可以例如平職
需要裝逼讓我看的會高潮的 所以無職轉生我看不下去因為太真實太哭逼了",劍與魔法,False,校園,0.6260746359478996,0.2504298543791598
q15,"喜歡的類型 是異世界 轉生 重生 穿越 校園異能 幻想世界 劍與魔法 主角最強 多後宮 戰鬥要夠中二 都行
夠套路
要男主 一定要有戰鬥 後宮 沒後宮也沒關係但要有女主 如果主角拿的是劍我會更開心
不接受有沒男主的 例如蜘蛛又怎樣 能力值平均 怕痛的我
不接受虐主的 除了re 0 是因為動畫入坑的 除非前面虐後面很爽的這樣可以例如平職
需要裝逼讓我看的會高潮的 所以無職轉生我看不下去因為太真實太哭逼了",劍與魔法,False,同人,0.6513989267228281,0.2605595706891312
q15,"喜歡的類型 是異世界 轉生 重生 穿越 校園異能 幻想世界 劍與魔法 主角最強 多後宮 戰鬥要夠中二 都行
夠套路
要男主 一定要有戰鬥 後宮 沒後宮也沒關係但要有女主 如果主角拿的是劍我會更開心
不接受有沒男主的 例如蜘蛛又怎樣 能力值平均 怕痛的我
不接受虐主的 除了re 0 是因為動畫入坑的 除非前面虐後面很爽的這樣可以例如平職
需要裝逼讓我看的會高潮的 所以無職轉生我看不下去因為太真實太哭逼了",劍與魔法,False,NTR,0.6429911120788712,0.25719644483154847
q15,"喜歡的類型 是異世界 轉生 重生 穿越 校園異能 幻想世界 劍與魔法 主角最強 多後宮 戰鬥要夠中二 都行
夠套路
要男主 一定要有戰鬥 後宮 沒後宮也沒關係但要有女主 如果主角拿的是劍我會更開心
不接受有沒男主的 例如蜘蛛又怎樣 能力值平均 怕痛的我
不接受虐主的 除了re 0 是因為動畫入坑的 除非前面虐後面很爽的這樣可以例如平職
需要裝逼讓我看的會高潮的 所以無職轉生我看不下去因為太真實太哭逼了",劍與魔法,False,異能,0.6496798730439524,0.25987194921758094
q15,"喜歡的類型 是異世界 轉生 重生 穿越 校園異能 幻想世界 劍與魔法 主角最強 多後宮 戰鬥要夠中二 都行
夠套路
要男主 一定要有戰鬥 後宮 沒後宮也沒關係但要有女主 如果主角拿的是劍我會更開心
不接受有沒男主的 例如蜘蛛又怎樣 能力值平均 怕痛的我
不接受虐主的 除了re 0 是因為動畫入坑的 除非前面虐後面很爽的這樣可以例如平職
需要裝逼讓我看的會高潮的 所以無職轉生我看不下去因為太真實太哭逼了",劍與魔法,False,戰爭,0.6462758582635985,0.25851034330543937
q15,"喜歡的類型 是異世界 轉生 重生 穿越 校園異能 幻想世界 劍與魔法 主角最強 多後宮 戰鬥要夠中二 都行
夠套路
要男主 一定要有戰鬥 後宮 沒後宮也沒關係但要有女主 如果主角拿的是劍我會更開心
不接受有沒男主的 例如蜘蛛又怎樣 能力值平均 怕痛的我
不接受虐主的 除了re 0 是因為動畫入坑的 除非前面虐後面很爽的這樣可以例如平職
需要裝逼讓我看的會高潮的 所以無職轉生我看不下去因為太真實太哭逼了",劍與魔法,False,音樂,0.6305785984927446,0.25223143939709786
q15,"喜歡的類型 是異世界 轉生 重生 穿越 校園異能 幻想世界 劍與魔法 主角最強 多後宮 戰鬥要夠中二 都行
夠套路
要男主 一定要有戰鬥 後宮 沒後宮也沒關係但要有女主 如果主角拿的是劍我會更開心
不接受有沒男主的 例如蜘蛛又怎樣 能力值平均 怕痛的我
不接受虐主的 除了re 0 是因為動畫入坑的 除非前面虐後面很爽的這樣可以例如平職
需要裝逼讓我看的會高潮的 所以無職轉生我看不下去因為太真實太哭逼了",劍與魔法,False,熱血,0.6531778075609032,0.2612711230243613
q15,"喜歡的類型 是異世界 轉生 重生 穿越 校園異能 幻想世界 劍與魔法 主角最強 多後宮 戰鬥要夠中二 都行
夠套路
要男主 一定要有戰鬥 後宮 沒後宮也沒關係但要有女主 如果主角拿的是劍我會更開心
不接受有沒男主的 例如蜘蛛又怎樣 能力值平均 怕痛的我
不接受虐主的 除了re 0 是因為動畫入坑的 除非前面虐後面很爽的這樣可以例如平職
需要裝逼讓我看的會高潮的 所以無職轉生我看不下去因為太真實太哭逼了",劍與魔法,False,間諜,0.6136648093918626,0.24546592375674506
q15,"喜歡的類型 是異世界 轉生 重生 穿越 校園異能 幻想世界 劍與魔法 主角最強 多後宮 戰鬥要夠中二 都行
夠套路
要男主 一定要有戰鬥 後宮 沒後宮也沒關係但要有女主 如果主角拿的是劍我會更開心
不接受有沒男主的 例如蜘蛛又怎樣 能力值平均 怕痛的我
不接受虐主的 除了re 0 是因為動畫入坑的 除非前面虐後面很爽的這樣可以例如平職
需要裝逼讓我看的會高潮的 所以無職轉生我看不下去因為太真實太哭逼了",劍與魔法,False,冒險,0.6790059357597193,0.27160237430388773
q15,"喜歡的類型 是異世界 轉生 重生 穿越 校園異能 幻想世界 劍與魔法 主角最強 多後宮 戰鬥要夠中二 都行
夠套路
要男主 一定要有戰鬥 後宮 沒後宮也沒關係但要有女主 如果主角拿的是劍我會更開心
不接受有沒男主的 例如蜘蛛又怎樣 能力值平均 怕痛的我
不接受虐主的 除了re 0 是因為動畫入坑的 除非前面虐後面很爽的這樣可以例如平職
需要裝逼讓我看的會高潮的 所以無職轉生我看不下去因為太真實太哭逼了",劍與魔法,False,大小姐,0.6151066266277211,0.24604265065108843
q15,"喜歡的類型 是異世界 轉生 重生 穿越 校園異能 幻想世界 劍與魔法 主角最強 多後宮 戰鬥要夠中二 都行
夠套路
要男主 一定要有戰鬥 後宮 沒後宮也沒關係但要有女主 如果主角拿的是劍我會更開心
不接受有沒男主的 例如蜘蛛又怎樣 能力值平均 怕痛的我
不接受虐主的 除了re 0 是因為動畫入坑的 除非前面虐後面很爽的這樣可以例如平職
需要裝逼讓我看的會高潮的 所以無職轉生我看不下去因為太真實太哭逼了",劍與魔法,False,女兒,0.6045095943299221,0.24180383773196887
q15,"喜歡的類型 是異世界 轉生 重生 穿越 校園異能 幻想世界 劍與魔法 主角最強 多後宮 戰鬥要夠中二 都行
夠套路
要男主 一定要有戰鬥 後宮 沒後宮也沒關係但要有女主 如果主角拿的是劍我會更開心
不接受有沒男主的 例如蜘蛛又怎樣 能力值平均 怕痛的我
不接受虐主的 除了re 0 是因為動畫入坑的 除非前面虐後面很爽的這樣可以例如平職
需要裝逼讓我看的會高潮的 所以無職轉生我看不下去因為太真實太哭逼了",劍與魔法,False,人外,0.6686753475742633,0.26747013902970534
q15,"喜歡的類型 是異世界 轉生 重生 穿越 校園異能 幻想世界 劍與魔法 主角最強 多後宮 戰鬥要夠中二 都行
夠套路
要男主 一定要有戰鬥 後宮 沒後宮也沒關係但要有女主 如果主角拿的是劍我會更開心
不接受有沒男主的 例如蜘蛛又怎樣 能力值平均 怕痛的我
不接受虐主的 除了re 0 是因為動畫入坑的 除非前面虐後面很爽的這樣可以例如平職
需要裝逼讓我看的會高潮的 所以無職轉生我看不下去因為太真實太哭逼了",劍與魔法,False,魔法,0.7007028581668011,0.28028114326672043
q15,"喜歡的類型 是異世界 轉生 重生 穿越 校園異能 幻想世界 劍與魔法 主角最強 多後宮 戰鬥要夠中二 都行
夠套路
要男主 一定要有戰鬥 後宮 沒後宮也沒關係但要有女主 如果主角拿的是劍我會更開心
不接受有沒男主的 例如蜘蛛又怎樣 能力值平均 怕痛的我
不接受虐主的 除了re 0 是因為動畫入坑的 除非前面虐後面很爽的這樣可以例如平職
需要裝逼讓我看的會高潮的 所以無職轉生我看不下去因為太真實太哭逼了",劍與魔法,False,美食,0.6132318259102397,0.2452927303640959
q15,"喜歡的類型 是異世界 轉生 重生 穿越 校園異能 幻想世界 劍與魔法 主角最強 多後宮 戰鬥要夠中二 都行
夠套路
要男主 一定要有戰鬥 後宮 沒後宮也沒關係但要有女主 如果主角拿的是劍我會更開心
不接受有沒男主的 例如蜘蛛又怎樣 能力值平均 怕痛的我
不接受虐主的 除了re 0 是因為動畫入坑的 除非前面虐後面很爽的這樣可以例如平職
需要裝逼讓我看的會高潮的 所以無職轉生我看不下去因為太真實太哭逼了",劍與魔法,False,異世界,0.6784426514112853,0.27137706056451416
q15,"喜歡的類型 是異世界 轉生 重生 穿越 校園異能 幻想世界 劍與魔法 主角最強 多後宮 戰鬥要夠中二 都行
夠套路
要男主 一定要有戰鬥 後宮 沒後宮也沒關係但要有女主 如果主角拿的是劍我會更開心
不接受有沒男主的 例如蜘蛛又怎樣 能力值平均 怕痛的我
不接受虐主的 除了re 0 是因為動畫入坑的 除非前面虐後面很爽的這樣可以例如平職
需要裝逼讓我看的會高潮的 所以無職轉生我看不下去因為太真實太哭逼了",劍與魔法,False,懸疑,0.6611413001243094,0.26445652004972375
q15,"喜歡的類型 是異世界 轉生 重生 穿越 校園異能 幻想世界 劍與魔法 主角最強 多後宮 戰鬥要夠中二 都行
夠套路
要男主 一定要有戰鬥 後宮 沒後宮也沒關係但要有女主 如果主角拿的是劍我會更開心
不接受有沒男主的 例如蜘蛛又怎樣 能力值平均 怕痛的我
不接受虐主的 除了re 0 是因為動畫入坑的 除非前面虐後面很爽的這樣可以例如平職
需要裝逼讓我看的會高潮的 所以無職轉生我看不下去因為太真實太哭逼了",中二,False,鬥智,0.6441285961483985,0.2576514384593594
q15,"喜歡的類型 是異世界 轉生 重生 穿越 校園異能 幻想世界 劍與魔法 主角最強 多後宮 戰鬥要夠中二 都行
夠套路
要男主 一定要有戰鬥 後宮 沒後宮也沒關係但要有女主 如果主角拿的是劍我會更開心
不接受有沒男主的 例如蜘蛛又怎樣 能力值平均 怕痛的我
不接受虐主的 除了re 0 是因為動畫入坑的 除非前面虐後面很爽的這樣可以例如平職
需要裝逼讓我看的會高潮的 所以無職轉生我看不下去因為太真實太哭逼了",中二,False,科幻,0.6743943955960489,0.2697577582384196
q15,"喜歡的類型 是異世界 轉生 重生 穿越 校園異能 幻想世界 劍與魔法 主角最強 多後宮 戰鬥要夠中二 都行
夠套路
要男主 一定要有戰鬥 後宮 沒後宮也沒關係但要有女主 如果主角拿的是劍我會更開心
不接受有沒男主的 例如蜘蛛又怎樣 能力值平均 怕痛的我
不接受虐主的 除了re 0 是因為動畫入坑的 除非前面虐後面很爽的這樣可以例如平職
需要裝逼讓我看的會高潮的 所以無職轉生我看不下去因為太真實太哭逼了",中二,False,格鬥,0.6273437356638225,0.250937494265529
q15,"喜歡的類型 是異世界 轉生 重生 穿越 校園異能 幻想世界 劍與魔法 主角最強 多後宮 戰鬥要夠中二 都行
夠套路
要男主 一定要有戰鬥 後宮 沒後宮也沒關係但要有女主 如果主角拿的是劍我會更開心
不接受有沒男主的 例如蜘蛛又怎樣 能力值平均 怕痛的我
不接受虐主的 除了re 0 是因為動畫入坑的 除非前面虐後面很爽的這樣可以例如平職
需要裝逼讓我看的會高潮的 所以無職轉生我看不下去因為太真實太哭逼了",中二,False,百合,0.6599862036370914,0.26399448145483656
q15,"喜歡的類型 是異世界 轉生 重生 穿越 校園異能 幻想世界 劍與魔法 主角最強 多後宮 戰鬥要夠中二 都行
夠套路
要男主 一定要有戰鬥 後宮 沒後宮也沒關係但要有女主 如果主角拿的是劍我會更開心
不接受有沒男主的 例如蜘蛛又怎樣 能力值平均 怕痛的我
不接受虐主的 除了re 0 是因為動畫入坑的 除非前面虐後面很爽的這樣可以例如平職
需要裝逼讓我看的會高潮的 所以無職轉生我看不下去因為太真實太哭逼了",中二,False,治癒,0.6537912708664548,0.26151650834658197
q15,"喜歡的類型 是異世界 轉生 重生 穿越 校園異能 幻想世界 劍與魔法 主角最強 多後宮 戰鬥要夠中二 都行
夠套路
要男主 一定要有戰鬥 後宮 沒後宮也沒關係但要有女主 如果主角拿的是劍我會更開心
不接受有沒男主的 例如蜘蛛又怎樣 能力值平均 怕痛的我
不接受虐主的 除了re 0 是因為動畫入坑的 除非前面虐後面很爽的這樣可以例如平職
需要裝逼讓我看的會高潮的 所以無職轉生我看不下去因為太真實太哭逼了",中二,False,性轉,0.6555056103934076,0.26220224415736304
q15,"喜歡的類型 是異世界 轉生 重生 穿越 校園異能 幻想世界 劍與魔法 主角最強 多後宮 戰鬥要夠中二 都行
夠套路
要男主 一定要有戰鬥 後宮 沒後宮也沒關係但要有女主 如果主角拿的是劍我會更開心
不接受有沒男主的 例如蜘蛛又怎樣 能力值平均 怕痛的我
不接受虐主的 除了re 0 是因為動畫入坑的 除非前面虐後面很爽的這樣可以例如平職
需要裝逼讓我看的會高潮的 所以無職轉生我看不下去因為太真實太哭逼了",中二,False,獵奇,0.6732946133239688,0.2693178453295875
q15,"喜歡的類型 是異世界 轉生 重生 穿越 校園異能 幻想世界 劍與魔法 主角最強 多後宮 戰鬥要夠中二 都行
夠套路
要男主 一定要有戰鬥 後宮 沒後宮也沒關係但要有女主 如果主角拿的是劍我會更開心
不接受有沒男主的 例如蜘蛛又怎樣 能力值平均 怕痛的我
不接受虐主的 除了re 0 是因為動畫入坑的 除非前面虐後面很爽的這樣可以例如平職
需要裝逼讓我看的會高潮的 所以無職轉生我看不下去因為太真實太哭逼了",中二,False,末日,0.6591672341136298,0.2636668936454519
q15,"喜歡的類型 是異世界 轉生 重生 穿越 校園異能 幻想世界 劍與魔法 主角最強 多後宮 戰鬥要夠中二 都行
夠套路
要男主 一定要有戰鬥 後宮 沒後宮也沒關係但要有女主 如果主角拿的是劍我會更開心
不接受有沒男主的 例如蜘蛛又怎樣 能力值平均 怕痛的我
不接受虐主的 除了re 0 是因為動畫入坑的 除非前面虐後面很爽的這樣可以例如平職
需要裝逼讓我看的會高潮的 所以無職轉生我看不下去因為太真實太哭逼了",中二,False,遊戲,0.6447495345021264,0.25789981380085053
q15,"喜歡的類型 是異世界 轉生 重生 穿越 校園異能 幻想世界 劍與魔法 主角最強 多後宮 戰鬥要夠中二 都行
夠套路
要男主 一定要有戰鬥 後宮 沒後宮也沒關係但要有女主 如果主角拿的是劍我會更開心
不接受有沒男主的 例如蜘蛛又怎樣 能力值平均 怕痛的我
不接受虐主的 除了re 0 是因為動畫入坑的 除非前面虐後面很爽的這樣可以例如平職
需要裝逼讓我看的會高潮的 所以無職轉生我看不下去因為太真實太哭逼了",中二,False,青春,0.6774276756205555,0.2709710702482222
q15,"喜歡的類型 是異世界 轉生 重生 穿越 校園異能 幻想世界 劍與魔法 主角最強 多後宮 戰鬥要夠中二 都行
夠套路
要男主 一定要有戰鬥 後宮 沒後宮也沒關係但要有女主 如果主角拿的是劍我會更開心
不接受有沒男主的 例如蜘蛛又怎樣 能力值平均 怕痛的我
不接受虐主的 除了re 0 是因為動畫入坑的 除非前面虐後面很爽的這樣可以例如平職
需要裝逼讓我看的會高潮的 所以無職轉生我看不下去因為太真實太哭逼了",中二,False,旅行,0.6483115456458942,0.2593246182583577
q15,"喜歡的類型 是異世界 轉生 重生 穿越 校園異能 幻想世界 劍與魔法 主角最強 多後宮 戰鬥要夠中二 都行
夠套路
要男主 一定要有戰鬥 後宮 沒後宮也沒關係但要有女主 如果主角拿的是劍我會更開心
不接受有沒男主的 例如蜘蛛又怎樣 能力值平均 怕痛的我
不接受虐主的 除了re 0 是因為動畫入坑的 除非前面虐後面很爽的這樣可以例如平職
需要裝逼讓我看的會高潮的 所以無職轉生我看不下去因為太真實太哭逼了",中二,False,蘿莉,0.6734437006718073,0.26937748026872294
q15,"喜歡的類型 是異世界 轉生 重生 穿越 校園異能 幻想世界 劍與魔法 主角最強 多後宮 戰鬥要夠中二 都行
夠套路
要男主 一定要有戰鬥 後宮 沒後宮也沒關係但要有女主 如果主角拿的是劍我會更開心
不接受有沒男主的 例如蜘蛛又怎樣 能力值平均 怕痛的我
不接受虐主的 除了re 0 是因為動畫入坑的 除非前面虐後面很爽的這樣可以例如平職
需要裝逼讓我看的會高潮的 所以無職轉生我看不下去因為太真實太哭逼了",中二,False,JK,0.6874871286009787,0.2749948514403915
q15,"喜歡的類型 是異世界 轉生 重生 穿越 校園異能 幻想世界 劍與魔法 主角最強 多後宮 戰鬥要夠中二 都行
夠套路
要男主 一定要有戰鬥 後宮 沒後宮也沒關係但要有女主 如果主角拿的是劍我會更開心
不接受有沒男主的 例如蜘蛛又怎樣 能力值平均 怕痛的我
不接受虐主的 除了re 0 是因為動畫入坑的 除非前面虐後面很爽的這樣可以例如平職
需要裝逼讓我看的會高潮的 所以無職轉生我看不下去因為太真實太哭逼了",中二,False,後宮,0.6596596268235005,0.2638638507294002
q15,"喜歡的類型 是異世界 轉生 重生 穿越 校園異能 幻想世界 劍與魔法 主角最強 多後宮 戰鬥要夠中二 都行
夠套路
要男主 一定要有戰鬥 後宮 沒後宮也沒關係但要有女主 如果主角拿的是劍我會更開心
不接受有沒男主的 例如蜘蛛又怎樣 能力值平均 怕痛的我
不接受虐主的 除了re 0 是因為動畫入坑的 除非前面虐後面很爽的這樣可以例如平職
需要裝逼讓我看的會高潮的 所以無職轉生我看不下去因為太真實太哭逼了",中二,False,職場,0.650547836283497,0.2602191345133988
q15,"喜歡的類型 是異世界 轉生 重生 穿越 校園異能 幻想世界 劍與魔法 主角最強 多後宮 戰鬥要夠中二 都行
夠套路
要男主 一定要有戰鬥 後宮 沒後宮也沒關係但要有女主 如果主角拿的是劍我會更開心
不接受有沒男主的 例如蜘蛛又怎樣 能力值平均 怕痛的我
不接受虐主的 除了re 0 是因為動畫入坑的 除非前面虐後面很爽的這樣可以例如平職
需要裝逼讓我看的會高潮的 所以無職轉生我看不下去因為太真實太哭逼了",中二,False,腦洞,0.6651788076340318,0.26607152305361276
q15,"喜歡的類型 是異世界 轉生 重生 穿越 校園異能 幻想世界 劍與魔法 主角最強 多後宮 戰鬥要夠中二 都行
夠套路
要男主 一定要有戰鬥 後宮 沒後宮也沒關係但要有女主 如果主角拿的是劍我會更開心
不接受有沒男主的 例如蜘蛛又怎樣 能力值平均 怕痛的我
不接受虐主的 除了re 0 是因為動畫入坑的 除非前面虐後面很爽的這樣可以例如平職
需要裝逼讓我看的會高潮的 所以無職轉生我看不下去因為太真實太哭逼了",中二,False,宅文化,0.6617033459985734,0.26468133839942937
q15,"喜歡的類型 是異世界 轉生 重生 穿越 校園異能 幻想世界 劍與魔法 主角最強 多後宮 戰鬥要夠中二 都行
夠套路
要男主 一定要有戰鬥 後宮 沒後宮也沒關係但要有女主 如果主角拿的是劍我會更開心
不接受有沒男主的 例如蜘蛛又怎樣 能力值平均 怕痛的我
不接受虐主的 除了re 0 是因為動畫入坑的 除非前面虐後面很爽的這樣可以例如平職
需要裝逼讓我看的會高潮的 所以無職轉生我看不下去因為太真實太哭逼了",中二,False,校園,0.6680353836817509,0.26721415347270033
q15,"喜歡的類型 是異世界 轉生 重生 穿越 校園異能 幻想世界 劍與魔法 主角最強 多後宮 戰鬥要夠中二 都行
夠套路
要男主 一定要有戰鬥 後宮 沒後宮也沒關係但要有女主 如果主角拿的是劍我會更開心
不接受有沒男主的 例如蜘蛛又怎樣 能力值平均 怕痛的我
不接受虐主的 除了re 0 是因為動畫入坑的 除非前面虐後面很爽的這樣可以例如平職
需要裝逼讓我看的會高潮的 所以無職轉生我看不下去因為太真實太哭逼了",中二,False,同人,0.6791314332122256,0.27165257328489023
q15,"喜歡的類型 是異世界 轉生 重生 穿越 校園異能 幻想世界 劍與魔法 主角最強 多後宮 戰鬥要夠中二 都行
夠套路
要男主 一定要有戰鬥 後宮 沒後宮也沒關係但要有女主 如果主角拿的是劍我會更開心
不接受有沒男主的 例如蜘蛛又怎樣 能力值平均 怕痛的我
不接受虐主的 除了re 0 是因為動畫入坑的 除非前面虐後面很爽的這樣可以例如平職
需要裝逼讓我看的會高潮的 所以無職轉生我看不下去因為太真實太哭逼了",中二,False,異能,0.6680840210905524,0.26723360843622096
q15,"喜歡的類型 是異世界 轉生 重生 穿越 校園異能 幻想世界 劍與魔法 主角最強 多後宮 戰鬥要夠中二 都行
夠套路
要男主 一定要有戰鬥 後宮 沒後宮也沒關係但要有女主 如果主角拿的是劍我會更開心
不接受有沒男主的 例如蜘蛛又怎樣 能力值平均 怕痛的我
不接受虐主的 除了re 0 是因為動畫入坑的 除非前面虐後面很爽的這樣可以例如平職
需要裝逼讓我看的會高潮的 所以無職轉生我看不下去因為太真實太哭逼了",中二,False,音樂,0.6700372270668042,0.2680148908267217
q15,"喜歡的類型 是異世界 轉生 重生 穿越 校園異能 幻想世界 劍與魔法 主角最強 多後宮 戰鬥要夠中二 都行
夠套路
要男主 一定要有戰鬥 後宮 沒後宮也沒關係但要有女主 如果主角拿的是劍我會更開心
不接受有沒男主的 例如蜘蛛又怎樣 能力值平均 怕痛的我
不接受虐主的 除了re 0 是因為動畫入坑的 除非前面虐後面很爽的這樣可以例如平職
需要裝逼讓我看的會高潮的 所以無職轉生我看不下去因為太真實太哭逼了",中二,False,間諜,0.6234700787869667,0.2493880315147867
q15,"喜歡的類型 是異世界 轉生 重生 穿越 校園異能 幻想世界 劍與魔法 主角最強 多後宮 戰鬥要夠中二 都行
夠套路
要男主 一定要有戰鬥 後宮 沒後宮也沒關係但要有女主 如果主角拿的是劍我會更開心
不接受有沒男主的 例如蜘蛛又怎樣 能力值平均 怕痛的我
不接受虐主的 除了re 0 是因為動畫入坑的 除非前面虐後面很爽的這樣可以例如平職
需要裝逼讓我看的會高潮的 所以無職轉生我看不下去因為太真實太哭逼了",中二,False,大小姐,0.6584323395302893,0.26337293581211574
q15,"喜歡的類型 是異世界 轉生 重生 穿越 校園異能 幻想世界 劍與魔法 主角最強 多後宮 戰鬥要夠中二 都行
夠套路
要男主 一定要有戰鬥 後宮 沒後宮也沒關係但要有女主 如果主角拿的是劍我會更開心
不接受有沒男主的 例如蜘蛛又怎樣 能力值平均 怕痛的我
不接受虐主的 除了re 0 是因為動畫入坑的 除非前面虐後面很爽的這樣可以例如平職
需要裝逼讓我看的會高潮的 所以無職轉生我看不下去因為太真實太哭逼了",中二,False,魔法,0.6447440996868903,0.2578976398747561
q15,"喜歡的類型 是異世界 轉生 重生 穿越 校園異能 幻想世界 劍與魔法 主角最強 多後宮 戰鬥要夠中二 都行
夠套路
要男主 一定要有戰鬥 後宮 沒後宮也沒關係但要有女主 如果主角拿的是劍我會更開心
不接受有沒男主的 例如蜘蛛又怎樣 能力值平均 怕痛的我
不接受虐主的 除了re 0 是因為動畫入坑的 除非前面虐後面很爽的這樣可以例如平職
需要裝逼讓我看的會高潮的 所以無職轉生我看不下去因為太真實太哭逼了",中二,False,美食,0.6210087514614321,0.24840350058457283
q15,"喜歡的類型 是異世界 轉生 重生 穿越 校園異能 幻想世界 劍與魔法 主角最強 多後宮 戰鬥要夠中二 都行
夠套路
要男主 一定要有戰鬥 後宮 沒後宮也沒關係但要有女主 如果主角拿的是劍我會更開心
不接受有沒男主的 例如蜘蛛又怎樣 能力值平均 怕痛的我
不接受虐主的 除了re 0 是因為動畫入坑的 除非前面虐後面很爽的這樣可以例如平職
需要裝逼讓我看的會高潮的 所以無職轉生我看不下去因為太真實太哭逼了",中二,False,大逃殺,0.6386721552256314,0.25546886209025255
q15,"喜歡的類型 是異世界 轉生 重生 穿越 校園異能 幻想世界 劍與魔法 主角最強 多後宮 戰鬥要夠中二 都行
夠套路
要男主 一定要有戰鬥 後宮 沒後宮也沒關係但要有女主 如果主角拿的是劍我會更開心
不接受有沒男主的 例如蜘蛛又怎樣 能力值平均 怕痛的我
不接受虐主的 除了re 0 是因為動畫入坑的 除非前面虐後面很爽的這樣可以例如平職
需要裝逼讓我看的會高潮的 所以無職轉生我看不下去因為太真實太哭逼了",中二,False,戀愛,0.6642263590399508,0.2656905436159803
q15,"喜歡的類型 是異世界 轉生 重生 穿越 校園異能 幻想世界 劍與魔法 主角最強 多後宮 戰鬥要夠中二 都行
夠套路
要男主 一定要有戰鬥 後宮 沒後宮也沒關係但要有女主 如果主角拿的是劍我會更開心
不接受有沒男主的 例如蜘蛛又怎樣 能力值平均 怕痛的我
不接受虐主的 除了re 0 是因為動畫入坑的 除非前面虐後面很爽的這樣可以例如平職
需要裝逼讓我看的會高潮的 所以無職轉生我看不下去因為太真實太哭逼了",中二,False,犯罪,0.6531599882024905,0.26126399528099625
q15,"喜歡的類型 是異世界 轉生 重生 穿越 校園異能 幻想世界 劍與魔法 主角最強 多後宮 戰鬥要夠中二 都行
夠套路
要男主 一定要有戰鬥 後宮 沒後宮也沒關係但要有女主 如果主角拿的是劍我會更開心
不接受有沒男主的 例如蜘蛛又怎樣 能力值平均 怕痛的我
不接受虐主的 除了re 0 是因為動畫入坑的 除非前面虐後面很爽的這樣可以例如平職
需要裝逼讓我看的會高潮的 所以無職轉生我看不下去因為太真實太哭逼了",中二,False,轉生,0.6726005916986095,0.2690402366794438
q15,"喜歡的類型 是異世界 轉生 重生 穿越 校園異能 幻想世界 劍與魔法 主角最強 多後宮 戰鬥要夠中二 都行
夠套路
要男主 一定要有戰鬥 後宮 沒後宮也沒關係但要有女主 如果主角拿的是劍我會更開心
不接受有沒男主的 例如蜘蛛又怎樣 能力值平均 怕痛的我
不接受虐主的 除了re 0 是因為動畫入坑的 除非前面虐後面很爽的這樣可以例如平職
需要裝逼讓我看的會高潮的 所以無職轉生我看不下去因為太真實太哭逼了",中二,False,青梅竹馬,0.6598092199859739,0.26392368799438953
q15,"喜歡的類型 是異世界 轉生 重生 穿越 校園異能 幻想世界 劍與魔法 主角最強 多後宮 戰鬥要夠中二 都行
夠套路
要男主 一定要有戰鬥 後宮 沒後宮也沒關係但要有女主 如果主角拿的是劍我會更開心
不接受有沒男主的 例如蜘蛛又怎樣 能力值平均 怕痛的我
不接受虐主的 除了re 0 是因為動畫入坑的 除非前面虐後面很爽的這樣可以例如平職
需要裝逼讓我看的會高潮的 所以無職轉生我看不下去因為太真實太哭逼了",中二,False,女性視角,0.6584612322996944,0.2633844929198778
q15,"喜歡的類型 是異世界 轉生 重生 穿越 校園異能 幻想世界 劍與魔法 主角最強 多後宮 戰鬥要夠中二 都行
夠套路
要男主 一定要有戰鬥 後宮 沒後宮也沒關係但要有女主 如果主角拿的是劍我會更開心
不接受有沒男主的 例如蜘蛛又怎樣 能力值平均 怕痛的我
不接受虐主的 除了re 0 是因為動畫入坑的 除非前面虐後面很爽的這樣可以例如平職
需要裝逼讓我看的會高潮的 所以無職轉生我看不下去因為太真實太哭逼了",中二,False,溫馨,0.6495446479457765,0.25981785917831063
q15,"喜歡的類型 是異世界 轉生 重生 穿越 校園異能 幻想世界 劍與魔法 主角最強 多後宮 戰鬥要夠中二 都行
夠套路
要男主 一定要有戰鬥 後宮 沒後宮也沒關係但要有女主 如果主角拿的是劍我會更開心
不接受有沒男主的 例如蜘蛛又怎樣 能力值平均 怕痛的我
不接受虐主的 除了re 0 是因為動畫入坑的 除非前面虐後面很爽的這樣可以例如平職
需要裝逼讓我看的會高潮的 所以無職轉生我看不下去因為太真實太哭逼了",中二,False,經營,0.646209548644022,0.25848381945760884
q15,"喜歡的類型 是異世界 轉生 重生 穿越 校園異能 幻想世界 劍與魔法 主角最強 多後宮 戰鬥要夠中二 都行
夠套路
要男主 一定要有戰鬥 後宮 沒後宮也沒關係但要有女主 如果主角拿的是劍我會更開心
不接受有沒男主的 例如蜘蛛又怎樣 能力值平均 怕痛的我
不接受虐主的 除了re 0 是因為動畫入坑的 除非前面虐後面很爽的這樣可以例如平職
需要裝逼讓我看的會高潮的 所以無職轉生我看不下去因為太真實太哭逼了",中二,False,復仇,0.6325255549176031,0.25301022196704126
q15,"喜歡的類型 是異世界 轉生 重生 穿越 校園異能 幻想世界 劍與魔法 主角最強 多後宮 戰鬥要夠中二 都行
夠套路
要男主 一定要有戰鬥 後宮 沒後宮也沒關係但要有女主 如果主角拿的是劍我會更開心
不接受有沒男主的 例如蜘蛛又怎樣 能力值平均 怕痛的我
不接受虐主的 除了re 0 是因為動畫入坑的 除非前面虐後面很爽的這樣可以例如平職
需要裝逼讓我看的會高潮的 所以無職轉生我看不下去因為太真實太哭逼了",中二,False,黑暗,0.6763815937675552,0.27055263750702213
q15,"喜歡的類型 是異世界 轉生 重生 穿越 校園異能 幻想世界 劍與魔法 主角最強 多後宮 戰鬥要夠中二 都行
夠套路
要男主 一定要有戰鬥 後宮 沒後宮也沒關係但要有女主 如果主角拿的是劍我會更開心
不接受有沒男主的 例如蜘蛛又怎樣 能力值平均 怕痛的我
不接受虐主的 除了re 0 是因為動畫入坑的 除非前面虐後面很爽的這樣可以例如平職
需要裝逼讓我看的會高潮的 所以無職轉生我看不下去因為太真實太哭逼了",中二,False,戰鬥,0.6431596875262858,0.25726387501051434
q15,"喜歡的類型 是異世界 轉生 重生 穿越 校園異能 幻想世界 劍與魔法 主角最強 多後宮 戰鬥要夠中二 都行
夠套路
要男主 一定要有戰鬥 後宮 沒後宮也沒關係但要有女主 如果主角拿的是劍我會更開心
不接受有沒男主的 例如蜘蛛又怎樣 能力值平均 怕痛的我
不接受虐主的 除了re 0 是因為動畫入坑的 除非前面虐後面很爽的這樣可以例如平職
需要裝逼讓我看的會高潮的 所以無職轉生我看不下去因為太真實太哭逼了",中二,False,群像,0.6601963806047291,0.26407855224189164
q15,"喜歡的類型 是異世界 轉生 重生 穿越 校園異能 幻想世界 劍與魔法 主角最強 多後宮 戰鬥要夠中二 都行
夠套路
要男主 一定要有戰鬥 後宮 沒後宮也沒關係但要有女主 如果主角拿的是劍我會更開心
不接受有沒男主的 例如蜘蛛又怎樣 能力值平均 怕痛的我
不接受虐主的 除了re 0 是因為動畫入坑的 除非前面虐後面很爽的這樣可以例如平職
需要裝逼讓我看的會高潮的 所以無職轉生我看不下去因為太真實太哭逼了",中二,False,歡樂向,0.7045269669883144,0.2818107867953258
q15,"喜歡的類型 是異世界 轉生 重生 穿越 校園異能 幻想世界 劍與魔法 主角最強 多後宮 戰鬥要夠中二 都行
夠套路
要男主 一定要有戰鬥 後宮 沒後宮也沒關係但要有女主 如果主角拿的是劍我會更開心
不接受有沒男主的 例如蜘蛛又怎樣 能力值平均 怕痛的我
不接受虐主的 除了re 0 是因為動畫入坑的 除非前面虐後面很爽的這樣可以例如平職
需要裝逼讓我看的會高潮的 所以無職轉生我看不下去因為太真實太哭逼了",中二,False,惡役,0.6755251192172337,0.2702100476868935
q15,"喜歡的類型 是異世界 轉生 重生 穿越 校園異能 幻想世界 劍與魔法 主角最強 多後宮 戰鬥要夠中二 都行
夠套路
要男主 一定要有戰鬥 後宮 沒後宮也沒關係但要有女主 如果主角拿的是劍我會更開心
不接受有沒男主的 例如蜘蛛又怎樣 能力值平均 怕痛的我
不接受虐主的 除了re 0 是因為動畫入坑的 除非前面虐後面很爽的這樣可以例如平職
需要裝逼讓我看的會高潮的 所以無職轉生我看不下去因為太真實太哭逼了",中二,False,機戰,0.6683506994135117,0.2673402797654047
q15,"喜歡的類型 是異世界 轉生 重生 穿越 校園異能 幻想世界 劍與魔法 主角最強 多後宮 戰鬥要夠中二 都行
夠套路
要男主 一定要有戰鬥 後宮 沒後宮也沒關係但要有女主 如果主角拿的是劍我會更開心
不接受有沒男主的 例如蜘蛛又怎樣 能力值平均 怕痛的我
不接受虐主的 除了re 0 是因為動畫入坑的 除非前面虐後面很爽的這樣可以例如平職
需要裝逼讓我看的會高潮的 所以無職轉生我看不下去因為太真實太哭逼了",中二,False,驚悚,0.6491698815681481,0.2596679526272593
q15,"喜歡的類型 是異世界 轉生 重生 穿越 校園異能 幻想世界 劍與魔法 主角最強 多後宮 戰鬥要夠中二 都行
夠套路
要男主 一定要有戰鬥 後宮 沒後宮也沒關係但要有女主 如果主角拿的是劍我會更開心
不接受有沒男主的 例如蜘蛛又怎樣 能力值平均 怕痛的我
不接受虐主的 除了re 0 是因為動畫入坑的 除非前面虐後面很爽的這樣可以例如平職
需要裝逼讓我看的會高潮的 所以無職轉生我看不下去因為太真實太哭逼了",中二,False,奇幻,0.6820058096352156,0.27280232385408626
q15,"喜歡的類型 是異世界 轉生 重生 穿越 校園異能 幻想世界 劍與魔法 主角最強 多後宮 戰鬥要夠中二 都行
夠套路
要男主 一定要有戰鬥 後宮 沒後宮也沒關係但要有女主 如果主角拿的是劍我會更開心
不接受有沒男主的 例如蜘蛛又怎樣 能力值平均 怕痛的我
不接受虐主的 除了re 0 是因為動畫入坑的 除非前面虐後面很爽的這樣可以例如平職
需要裝逼讓我看的會高潮的 所以無職轉生我看不下去因為太真實太哭逼了",中二,False,耽美,0.6852063827839767,0.2740825531135907
q15,"喜歡的類型 是異世界 轉生 重生 穿越 校園異能 幻想世界 劍與魔法 主角最強 多後宮 戰鬥要夠中二 都行
夠套路
要男主 一定要有戰鬥 後宮 沒後宮也沒關係但要有女主 如果主角拿的是劍我會更開心
不接受有沒男主的 例如蜘蛛又怎樣 能力值平均 怕痛的我
不接受虐主的 除了re 0 是因為動畫入坑的 除非前面虐後面很爽的這樣可以例如平職
需要裝逼讓我看的會高潮的 所以無職轉生我看不下去因為太真實太哭逼了",中二,False,妹妹,0.6510569132078385,0.2604227652831354
q15,"喜歡的類型 是異世界 轉生 重生 穿越 校園異能 幻想世界 劍與魔法 主角最強 多後宮 戰鬥要夠中二 都行
夠套路
要男主 一定要有戰鬥 後宮 沒後宮也沒關係但要有女主 如果主角拿的是劍我會更開心
不接受有沒男主的 例如蜘蛛又怎樣 能力值平均 怕痛的我
不接受虐主的 除了re 0 是因為動畫入坑的 除非前面虐後面很爽的這樣可以例如平職
需要裝逼讓我看的會高潮的 所以無職轉生我看不下去因為太真實太哭逼了",中二,False,龍傲天,0.6911977524958387,0.2764791009983355
q15,"喜歡的類型 是異世界 轉生 重生 穿越 校園異能 幻想世界 劍與魔法 主角最強 多後宮 戰鬥要夠中二 都行
夠套路
要男主 一定要有戰鬥 後宮 沒後宮也沒關係但要有女主 如果主角拿的是劍我會更開心
不接受有沒男主的 例如蜘蛛又怎樣 能力值平均 怕痛的我
不接受虐主的 除了re 0 是因為動畫入坑的 除非前面虐後面很爽的這樣可以例如平職
需要裝逼讓我看的會高潮的 所以無職轉生我看不下去因為太真實太哭逼了",中二,False,推理,0.6574792328720899,0.26299169314883597
q15,"喜歡的類型 是異世界 轉生 重生 穿越 校園異能 幻想世界 劍與魔法 主角最強 多後宮 戰鬥要夠中二 都行
夠套路
要男主 一定要有戰鬥 後宮 沒後宮也沒關係但要有女主 如果主角拿的是劍我會更開心
不接受有沒男主的 例如蜘蛛又怎樣 能力值平均 怕痛的我
不接受虐主的 除了re 0 是因為動畫入坑的 除非前面虐後面很爽的這樣可以例如平職
需要裝逼讓我看的會高潮的 所以無職轉生我看不下去因為太真實太哭逼了",中二,False,JC,0.6831498771280675,0.273259950851227
q15,"喜歡的類型 是異世界 轉生 重生 穿越 校園異能 幻想世界 劍與魔法 主角最強 多後宮 戰鬥要夠中二 都行
夠套路
要男主 一定要有戰鬥 後宮 沒後宮也沒關係但要有女主 如果主角拿的是劍我會更開心
不接受有沒男主的 例如蜘蛛又怎樣 能力值平均 怕痛的我
不接受虐主的 除了re 0 是因為動畫入坑的 除非前面虐後面很爽的這樣可以例如平職
需要裝逼讓我看的會高潮的 所以無職轉生我看不下去因為太真實太哭逼了",中二,False,偽娘,0.6638077054839563,0.2655230821935825
q15,"喜歡的類型 是異世界 轉生 重生 穿越 校園異能 幻想世界 劍與魔法 主角最強 多後宮 戰鬥要夠中二 都行
夠套路
要男主 一定要有戰鬥 後宮 沒後宮也沒關係但要有女主 如果主角拿的是劍我會更開心
不接受有沒男主的 例如蜘蛛又怎樣 能力值平均 怕痛的我
不接受虐主的 除了re 0 是因為動畫入坑的 除非前面虐後面很爽的這樣可以例如平職
需要裝逼讓我看的會高潮的 所以無職轉生我看不下去因為太真實太哭逼了",中二,False,NTR,0.6674606336502458,0.2669842534600983
q15,"喜歡的類型 是異世界 轉生 重生 穿越 校園異能 幻想世界 劍與魔法 主角最強 多後宮 戰鬥要夠中二 都行
夠套路
要男主 一定要有戰鬥 後宮 沒後宮也沒關係但要有女主 如果主角拿的是劍我會更開心
不接受有沒男主的 例如蜘蛛又怎樣 能力值平均 怕痛的我
不接受虐主的 除了re 0 是因為動畫入坑的 除非前面虐後面很爽的這樣可以例如平職
需要裝逼讓我看的會高潮的 所以無職轉生我看不下去因為太真實太哭逼了",中二,False,病嬌,0.6789742070353615,0.2715896828141446
q15,"喜歡的類型 是異世界 轉生 重生 穿越 校園異能 幻想世界 劍與魔法 主角最強 多後宮 戰鬥要夠中二 都行
夠套路
要男主 一定要有戰鬥 後宮 沒後宮也沒關係但要有女主 如果主角拿的是劍我會更開心
不接受有沒男主的 例如蜘蛛又怎樣 能力值平均 怕痛的我
不接受虐主的 除了re 0 是因為動畫入坑的 除非前面虐後面很爽的這樣可以例如平職
需要裝逼讓我看的會高潮的 所以無職轉生我看不下去因為太真實太哭逼了",中二,False,戰爭,0.6425822678837474,0.25703290715349897
q15,"喜歡的類型 是異世界 轉生 重生 穿越 校園異能 幻想世界 劍與魔法 主角最強 多後宮 戰鬥要夠中二 都行
夠套路
要男主 一定要有戰鬥 後宮 沒後宮也沒關係但要有女主 如果主角拿的是劍我會更開心
不接受有沒男主的 例如蜘蛛又怎樣 能力值平均 怕痛的我
不接受虐主的 除了re 0 是因為動畫入坑的 除非前面虐後面很爽的這樣可以例如平職
需要裝逼讓我看的會高潮的 所以無職轉生我看不下去因為太真實太哭逼了",中二,False,熱血,0.6703967705375009,0.2681587082150004
q15,"喜歡的類型 是異世界 轉生 重生 穿越 校園異能 幻想世界 劍與魔法 主角最強 多後宮 戰鬥要夠中二 都行
夠套路
要男主 一定要有戰鬥 後宮 沒後宮也沒關係但要有女主 如果主角拿的是劍我會更開心
不接受有沒男主的 例如蜘蛛又怎樣 能力值平均 怕痛的我
不接受虐主的 除了re 0 是因為動畫入坑的 除非前面虐後面很爽的這樣可以例如平職
需要裝逼讓我看的會高潮的 所以無職轉生我看不下去因為太真實太哭逼了",中二,False,冒險,0.6726943527290017,0.2690777410916007
q15,"喜歡的類型 是異世界 轉生 重生 穿越 校園異能 幻想世界 劍與魔法 主角最強 多後宮 戰鬥要夠中二 都行
夠套路
要男主 一定要有戰鬥 後宮 沒後宮也沒關係但要有女主 如果主角拿的是劍我會更開心
不接受有沒男主的 例如蜘蛛又怎樣 能力值平均 怕痛的我
不接受虐主的 除了re 0 是因為動畫入坑的 除非前面虐後面很爽的這樣可以例如平職
需要裝逼讓我看的會高潮的 所以無職轉生我看不下去因為太真實太哭逼了",中二,False,女兒,0.6302266480137372,0.2520906592054949
q15,"喜歡的類型 是異世界 轉生 重生 穿越 校園異能 幻想世界 劍與魔法 主角最強 多後宮 戰鬥要夠中二 都行
夠套路
要男主 一定要有戰鬥 後宮 沒後宮也沒關係但要有女主 如果主角拿的是劍我會更開心
不接受有沒男主的 例如蜘蛛又怎樣 能力值平均 怕痛的我
不接受虐主的 除了re 0 是因為動畫入坑的 除非前面虐後面很爽的這樣可以例如平職
需要裝逼讓我看的會高潮的 所以無職轉生我看不下去因為太真實太哭逼了",中二,False,人外,0.6731194469193189,0.2692477787677276
q15,"喜歡的類型 是異世界 轉生 重生 穿越 校園異能 幻想世界 劍與魔法 主角最強 多後宮 戰鬥要夠中二 都行
夠套路
要男主 一定要有戰鬥 後宮 沒後宮也沒關係但要有女主 如果主角拿的是劍我會更開心
不接受有沒男主的 例如蜘蛛又怎樣 能力值平均 怕痛的我
不接受虐主的 除了re 0 是因為動畫入坑的 除非前面虐後面很爽的這樣可以例如平職
需要裝逼讓我看的會高潮的 所以無職轉生我看不下去因為太真實太哭逼了",中二,False,異世界,0.6781828368856,0.27127313475424003
q15,"喜歡的類型 是異世界 轉生 重生 穿越 校園異能 幻想世界 劍與魔法 主角最強 多後宮 戰鬥要夠中二 都行
夠套路
要男主 一定要有戰鬥 後宮 沒後宮也沒關係但要有女主 如果主角拿的是劍我會更開心
不接受有沒男主的 例如蜘蛛又怎樣 能力值平均 怕痛的我
不接受虐主的 除了re 0 是因為動畫入坑的 除非前面虐後面很爽的這樣可以例如平職
需要裝逼讓我看的會高潮的 所以無職轉生我看不下去因為太真實太哭逼了",中二,False,懸疑,0.6610757819682702,0.2644303127873081
q15,"喜歡的類型 是異世界 轉生 重生 穿越 校園異能 幻想世界 劍與魔法 主角最強 多後宮 戰鬥要夠中二 都行
夠套路
要男主 一定要有戰鬥 後宮 沒後宮也沒關係但要有女主 如果主角拿的是劍我會更開心
不接受有沒男主的 例如蜘蛛又怎樣 能力值平均 怕痛的我
不接受虐主的 除了re 0 是因為動畫入坑的 除非前面虐後面很爽的這樣可以例如平職
需要裝逼讓我看的會高潮的 所以無職轉生我看不下去因為太真實太哭逼了",主角最強,False,大逃殺,0.6285477972405553,0.25141911889622215
q15,"喜歡的類型 是異世界 轉生 重生 穿越 校園異能 幻想世界 劍與魔法 主角最強 多後宮 戰鬥要夠中二 都行
夠套路
要男主 一定要有戰鬥 後宮 沒後宮也沒關係但要有女主 如果主角拿的是劍我會更開心
不接受有沒男主的 例如蜘蛛又怎樣 能力值平均 怕痛的我
不接受虐主的 除了re 0 是因為動畫入坑的 除非前面虐後面很爽的這樣可以例如平職
需要裝逼讓我看的會高潮的 所以無職轉生我看不下去因為太真實太哭逼了",主角最強,False,戀愛,0.6341315176027144,0.2536526070410858
q15,"喜歡的類型 是異世界 轉生 重生 穿越 校園異能 幻想世界 劍與魔法 主角最強 多後宮 戰鬥要夠中二 都行
夠套路
要男主 一定要有戰鬥 後宮 沒後宮也沒關係但要有女主 如果主角拿的是劍我會更開心
不接受有沒男主的 例如蜘蛛又怎樣 能力值平均 怕痛的我
不接受虐主的 除了re 0 是因為動畫入坑的 除非前面虐後面很爽的這樣可以例如平職
需要裝逼讓我看的會高潮的 所以無職轉生我看不下去因為太真實太哭逼了",主角最強,False,犯罪,0.6297959968178624,0.25191839872714494
q15,"喜歡的類型 是異世界 轉生 重生 穿越 校園異能 幻想世界 劍與魔法 主角最強 多後宮 戰鬥要夠中二 都行
夠套路
要男主 一定要有戰鬥 後宮 沒後宮也沒關係但要有女主 如果主角拿的是劍我會更開心
不接受有沒男主的 例如蜘蛛又怎樣 能力值平均 怕痛的我
不接受虐主的 除了re 0 是因為動畫入坑的 除非前面虐後面很爽的這樣可以例如平職
需要裝逼讓我看的會高潮的 所以無職轉生我看不下去因為太真實太哭逼了",主角最強,False,鬥智,0.6318815478158359,0.2527526191263344
q15,"喜歡的類型 是異世界 轉生 重生 穿越 校園異能 幻想世界 劍與魔法 主角最強 多後宮 戰鬥要夠中二 都行
夠套路
要男主 一定要有戰鬥 後宮 沒後宮也沒關係但要有女主 如果主角拿的是劍我會更開心
不接受有沒男主的 例如蜘蛛又怎樣 能力值平均 怕痛的我
不接受虐主的 除了re 0 是因為動畫入坑的 除非前面虐後面很爽的這樣可以例如平職
需要裝逼讓我看的會高潮的 所以無職轉生我看不下去因為太真實太哭逼了",主角最強,False,科幻,0.6587281458022944,0.2634912583209178
q15,"喜歡的類型 是異世界 轉生 重生 穿越 校園異能 幻想世界 劍與魔法 主角最強 多後宮 戰鬥要夠中二 都行
夠套路
要男主 一定要有戰鬥 後宮 沒後宮也沒關係但要有女主 如果主角拿的是劍我會更開心
不接受有沒男主的 例如蜘蛛又怎樣 能力值平均 怕痛的我
不接受虐主的 除了re 0 是因為動畫入坑的 除非前面虐後面很爽的這樣可以例如平職
需要裝逼讓我看的會高潮的 所以無職轉生我看不下去因為太真實太哭逼了",主角最強,False,格鬥,0.6310629996175445,0.25242519984701783
q15,"喜歡的類型 是異世界 轉生 重生 穿越 校園異能 幻想世界 劍與魔法 主角最強 多後宮 戰鬥要夠中二 都行
夠套路
要男主 一定要有戰鬥 後宮 沒後宮也沒關係但要有女主 如果主角拿的是劍我會更開心
不接受有沒男主的 例如蜘蛛又怎樣 能力值平均 怕痛的我
不接受虐主的 除了re 0 是因為動畫入坑的 除非前面虐後面很爽的這樣可以例如平職
需要裝逼讓我看的會高潮的 所以無職轉生我看不下去因為太真實太哭逼了",主角最強,False,轉生,0.6580432329794715,0.2632172931917886
q15,"喜歡的類型 是異世界 轉生 重生 穿越 校園異能 幻想世界 劍與魔法 主角最強 多後宮 戰鬥要夠中二 都行
夠套路
要男主 一定要有戰鬥 後宮 沒後宮也沒關係但要有女主 如果主角拿的是劍我會更開心
不接受有沒男主的 例如蜘蛛又怎樣 能力值平均 怕痛的我
不接受虐主的 除了re 0 是因為動畫入坑的 除非前面虐後面很爽的這樣可以例如平職
需要裝逼讓我看的會高潮的 所以無職轉生我看不下去因為太真實太哭逼了",主角最強,False,治癒,0.6429177884636195,0.2571671153854478
q15,"喜歡的類型 是異世界 轉生 重生 穿越 校園異能 幻想世界 劍與魔法 主角最強 多後宮 戰鬥要夠中二 都行
夠套路
要男主 一定要有戰鬥 後宮 沒後宮也沒關係但要有女主 如果主角拿的是劍我會更開心
不接受有沒男主的 例如蜘蛛又怎樣 能力值平均 怕痛的我
不接受虐主的 除了re 0 是因為動畫入坑的 除非前面虐後面很爽的這樣可以例如平職
需要裝逼讓我看的會高潮的 所以無職轉生我看不下去因為太真實太哭逼了",主角最強,False,青梅竹馬,0.6370206214140469,0.2548082485656188
q15,"喜歡的類型 是異世界 轉生 重生 穿越 校園異能 幻想世界 劍與魔法 主角最強 多後宮 戰鬥要夠中二 都行
夠套路
要男主 一定要有戰鬥 後宮 沒後宮也沒關係但要有女主 如果主角拿的是劍我會更開心
不接受有沒男主的 例如蜘蛛又怎樣 能力值平均 怕痛的我
不接受虐主的 除了re 0 是因為動畫入坑的 除非前面虐後面很爽的這樣可以例如平職
需要裝逼讓我看的會高潮的 所以無職轉生我看不下去因為太真實太哭逼了",主角最強,False,女性視角,0.6425556113156172,0.2570222445262469
q15,"喜歡的類型 是異世界 轉生 重生 穿越 校園異能 幻想世界 劍與魔法 主角最強 多後宮 戰鬥要夠中二 都行
夠套路
要男主 一定要有戰鬥 後宮 沒後宮也沒關係但要有女主 如果主角拿的是劍我會更開心
不接受有沒男主的 例如蜘蛛又怎樣 能力值平均 怕痛的我
不接受虐主的 除了re 0 是因為動畫入坑的 除非前面虐後面很爽的這樣可以例如平職
需要裝逼讓我看的會高潮的 所以無職轉生我看不下去因為太真實太哭逼了",主角最強,False,性轉,0.6256125020751058,0.2502450008300423
q15,"喜歡的類型 是異世界 轉生 重生 穿越 校園異能 幻想世界 劍與魔法 主角最強 多後宮 戰鬥要夠中二 都行
夠套路
要男主 一定要有戰鬥 後宮 沒後宮也沒關係但要有女主 如果主角拿的是劍我會更開心
不接受有沒男主的 例如蜘蛛又怎樣 能力值平均 怕痛的我
不接受虐主的 除了re 0 是因為動畫入坑的 除非前面虐後面很爽的這樣可以例如平職
需要裝逼讓我看的會高潮的 所以無職轉生我看不下去因為太真實太哭逼了",主角最強,False,溫馨,0.6485126122413336,0.25940504489653343
q15,"喜歡的類型 是異世界 轉生 重生 穿越 校園異能 幻想世界 劍與魔法 主角最強 多後宮 戰鬥要夠中二 都行
夠套路
要男主 一定要有戰鬥 後宮 沒後宮也沒關係但要有女主 如果主角拿的是劍我會更開心
不接受有沒男主的 例如蜘蛛又怎樣 能力值平均 怕痛的我
不接受虐主的 除了re 0 是因為動畫入坑的 除非前面虐後面很爽的這樣可以例如平職
需要裝逼讓我看的會高潮的 所以無職轉生我看不下去因為太真實太哭逼了",主角最強,False,經營,0.6406755472997049,0.25627021891988194
q15,"喜歡的類型 是異世界 轉生 重生 穿越 校園異能 幻想世界 劍與魔法 主角最強 多後宮 戰鬥要夠中二 都行
夠套路
要男主 一定要有戰鬥 後宮 沒後宮也沒關係但要有女主 如果主角拿的是劍我會更開心
不接受有沒男主的 例如蜘蛛又怎樣 能力值平均 怕痛的我
不接受虐主的 除了re 0 是因為動畫入坑的 除非前面虐後面很爽的這樣可以例如平職
需要裝逼讓我看的會高潮的 所以無職轉生我看不下去因為太真實太哭逼了",主角最強,False,獵奇,0.6457139209846601,0.258285568393864
q15,"喜歡的類型 是異世界 轉生 重生 穿越 校園異能 幻想世界 劍與魔法 主角最強 多後宮 戰鬥要夠中二 都行
夠套路
要男主 一定要有戰鬥 後宮 沒後宮也沒關係但要有女主 如果主角拿的是劍我會更開心
不接受有沒男主的 例如蜘蛛又怎樣 能力值平均 怕痛的我
不接受虐主的 除了re 0 是因為動畫入坑的 除非前面虐後面很爽的這樣可以例如平職
需要裝逼讓我看的會高潮的 所以無職轉生我看不下去因為太真實太哭逼了",主角最強,False,復仇,0.6127725249984212,0.24510900999936847
q15,"喜歡的類型 是異世界 轉生 重生 穿越 校園異能 幻想世界 劍與魔法 主角最強 多後宮 戰鬥要夠中二 都行
夠套路
要男主 一定要有戰鬥 後宮 沒後宮也沒關係但要有女主 如果主角拿的是劍我會更開心
不接受有沒男主的 例如蜘蛛又怎樣 能力值平均 怕痛的我
不接受虐主的 除了re 0 是因為動畫入坑的 除非前面虐後面很爽的這樣可以例如平職
需要裝逼讓我看的會高潮的 所以無職轉生我看不下去因為太真實太哭逼了",主角最強,False,黑暗,0.6337909313377219,0.2535163725350888
q15,"喜歡的類型 是異世界 轉生 重生 穿越 校園異能 幻想世界 劍與魔法 主角最強 多後宮 戰鬥要夠中二 都行
夠套路
要男主 一定要有戰鬥 後宮 沒後宮也沒關係但要有女主 如果主角拿的是劍我會更開心
不接受有沒男主的 例如蜘蛛又怎樣 能力值平均 怕痛的我
不接受虐主的 除了re 0 是因為動畫入坑的 除非前面虐後面很爽的這樣可以例如平職
需要裝逼讓我看的會高潮的 所以無職轉生我看不下去因為太真實太哭逼了",主角最強,False,末日,0.6216306666935801,0.24865226667743207
q15,"喜歡的類型 是異世界 轉生 重生 穿越 校園異能 幻想世界 劍與魔法 主角最強 多後宮 戰鬥要夠中二 都行
夠套路
要男主 一定要有戰鬥 後宮 沒後宮也沒關係但要有女主 如果主角拿的是劍我會更開心
不接受有沒男主的 例如蜘蛛又怎樣 能力值平均 怕痛的我
不接受虐主的 除了re 0 是因為動畫入坑的 除非前面虐後面很爽的這樣可以例如平職
需要裝逼讓我看的會高潮的 所以無職轉生我看不下去因為太真實太哭逼了",主角最強,False,遊戲,0.6284195106054007,0.25136780424216026
q15,"喜歡的類型 是異世界 轉生 重生 穿越 校園異能 幻想世界 劍與魔法 主角最強 多後宮 戰鬥要夠中二 都行
夠套路
要男主 一定要有戰鬥 後宮 沒後宮也沒關係但要有女主 如果主角拿的是劍我會更開心
不接受有沒男主的 例如蜘蛛又怎樣 能力值平均 怕痛的我
不接受虐主的 除了re 0 是因為動畫入坑的 除非前面虐後面很爽的這樣可以例如平職
需要裝逼讓我看的會高潮的 所以無職轉生我看不下去因為太真實太哭逼了",主角最強,False,戰鬥,0.6451660768363218,0.25806643073452873
q15,"喜歡的類型 是異世界 轉生 重生 穿越 校園異能 幻想世界 劍與魔法 主角最強 多後宮 戰鬥要夠中二 都行
夠套路
要男主 一定要有戰鬥 後宮 沒後宮也沒關係但要有女主 如果主角拿的是劍我會更開心
不接受有沒男主的 例如蜘蛛又怎樣 能力值平均 怕痛的我
不接受虐主的 除了re 0 是因為動畫入坑的 除非前面虐後面很爽的這樣可以例如平職
需要裝逼讓我看的會高潮的 所以無職轉生我看不下去因為太真實太哭逼了",主角最強,False,青春,0.628327233934187,0.25133089357367483
q15,"喜歡的類型 是異世界 轉生 重生 穿越 校園異能 幻想世界 劍與魔法 主角最強 多後宮 戰鬥要夠中二 都行
夠套路
要男主 一定要有戰鬥 後宮 沒後宮也沒關係但要有女主 如果主角拿的是劍我會更開心
不接受有沒男主的 例如蜘蛛又怎樣 能力值平均 怕痛的我
不接受虐主的 除了re 0 是因為動畫入坑的 除非前面虐後面很爽的這樣可以例如平職
需要裝逼讓我看的會高潮的 所以無職轉生我看不下去因為太真實太哭逼了",主角最強,False,群像,0.6505570691542713,0.2602228276617085
q15,"喜歡的類型 是異世界 轉生 重生 穿越 校園異能 幻想世界 劍與魔法 主角最強 多後宮 戰鬥要夠中二 都行
夠套路
要男主 一定要有戰鬥 後宮 沒後宮也沒關係但要有女主 如果主角拿的是劍我會更開心
不接受有沒男主的 例如蜘蛛又怎樣 能力值平均 怕痛的我
不接受虐主的 除了re 0 是因為動畫入坑的 除非前面虐後面很爽的這樣可以例如平職
需要裝逼讓我看的會高潮的 所以無職轉生我看不下去因為太真實太哭逼了",主角最強,False,歡樂向,0.6790552603984885,0.2716221041593954
q15,"喜歡的類型 是異世界 轉生 重生 穿越 校園異能 幻想世界 劍與魔法 主角最強 多後宮 戰鬥要夠中二 都行
夠套路
要男主 一定要有戰鬥 後宮 沒後宮也沒關係但要有女主 如果主角拿的是劍我會更開心
不接受有沒男主的 例如蜘蛛又怎樣 能力值平均 怕痛的我
不接受虐主的 除了re 0 是因為動畫入坑的 除非前面虐後面很爽的這樣可以例如平職
需要裝逼讓我看的會高潮的 所以無職轉生我看不下去因為太真實太哭逼了",主角最強,False,旅行,0.6228705610491774,0.24914822441967097
q15,"喜歡的類型 是異世界 轉生 重生 穿越 校園異能 幻想世界 劍與魔法 主角最強 多後宮 戰鬥要夠中二 都行
夠套路
要男主 一定要有戰鬥 後宮 沒後宮也沒關係但要有女主 如果主角拿的是劍我會更開心
不接受有沒男主的 例如蜘蛛又怎樣 能力值平均 怕痛的我
不接受虐主的 除了re 0 是因為動畫入坑的 除非前面虐後面很爽的這樣可以例如平職
需要裝逼讓我看的會高潮的 所以無職轉生我看不下去因為太真實太哭逼了",主角最強,False,惡役,0.6599787701449195,0.2639915080579678
q15,"喜歡的類型 是異世界 轉生 重生 穿越 校園異能 幻想世界 劍與魔法 主角最強 多後宮 戰鬥要夠中二 都行
夠套路
要男主 一定要有戰鬥 後宮 沒後宮也沒關係但要有女主 如果主角拿的是劍我會更開心
不接受有沒男主的 例如蜘蛛又怎樣 能力值平均 怕痛的我
不接受虐主的 除了re 0 是因為動畫入坑的 除非前面虐後面很爽的這樣可以例如平職
需要裝逼讓我看的會高潮的 所以無職轉生我看不下去因為太真實太哭逼了",主角最強,False,蘿莉,0.6358989710473613,0.2543595884189445
q15,"喜歡的類型 是異世界 轉生 重生 穿越 校園異能 幻想世界 劍與魔法 主角最強 多後宮 戰鬥要夠中二 都行
夠套路
要男主 一定要有戰鬥 後宮 沒後宮也沒關係但要有女主 如果主角拿的是劍我會更開心
不接受有沒男主的 例如蜘蛛又怎樣 能力值平均 怕痛的我
不接受虐主的 除了re 0 是因為動畫入坑的 除非前面虐後面很爽的這樣可以例如平職
需要裝逼讓我看的會高潮的 所以無職轉生我看不下去因為太真實太哭逼了",主角最強,False,機戰,0.6442350055780072,0.25769400223120287
q15,"喜歡的類型 是異世界 轉生 重生 穿越 校園異能 幻想世界 劍與魔法 主角最強 多後宮 戰鬥要夠中二 都行
夠套路
要男主 一定要有戰鬥 後宮 沒後宮也沒關係但要有女主 如果主角拿的是劍我會更開心
不接受有沒男主的 例如蜘蛛又怎樣 能力值平均 怕痛的我
不接受虐主的 除了re 0 是因為動畫入坑的 除非前面虐後面很爽的這樣可以例如平職
需要裝逼讓我看的會高潮的 所以無職轉生我看不下去因為太真實太哭逼了",主角最強,False,奇幻,0.6600022142807366,0.26400088571229463
q15,"喜歡的類型 是異世界 轉生 重生 穿越 校園異能 幻想世界 劍與魔法 主角最強 多後宮 戰鬥要夠中二 都行
夠套路
要男主 一定要有戰鬥 後宮 沒後宮也沒關係但要有女主 如果主角拿的是劍我會更開心
不接受有沒男主的 例如蜘蛛又怎樣 能力值平均 怕痛的我
不接受虐主的 除了re 0 是因為動畫入坑的 除非前面虐後面很爽的這樣可以例如平職
需要裝逼讓我看的會高潮的 所以無職轉生我看不下去因為太真實太哭逼了",主角最強,False,JK,0.6543569008402387,0.2617427603360955
q15,"喜歡的類型 是異世界 轉生 重生 穿越 校園異能 幻想世界 劍與魔法 主角最強 多後宮 戰鬥要夠中二 都行
夠套路
要男主 一定要有戰鬥 後宮 沒後宮也沒關係但要有女主 如果主角拿的是劍我會更開心
不接受有沒男主的 例如蜘蛛又怎樣 能力值平均 怕痛的我
不接受虐主的 除了re 0 是因為動畫入坑的 除非前面虐後面很爽的這樣可以例如平職
需要裝逼讓我看的會高潮的 所以無職轉生我看不下去因為太真實太哭逼了",主角最強,False,後宮,0.643328382831822,0.2573313531327288
q15,"喜歡的類型 是異世界 轉生 重生 穿越 校園異能 幻想世界 劍與魔法 主角最強 多後宮 戰鬥要夠中二 都行
夠套路
要男主 一定要有戰鬥 後宮 沒後宮也沒關係但要有女主 如果主角拿的是劍我會更開心
不接受有沒男主的 例如蜘蛛又怎樣 能力值平均 怕痛的我
不接受虐主的 除了re 0 是因為動畫入坑的 除非前面虐後面很爽的這樣可以例如平職
需要裝逼讓我看的會高潮的 所以無職轉生我看不下去因為太真實太哭逼了",主角最強,False,耽美,0.6653147338774337,0.2661258935509735
q15,"喜歡的類型 是異世界 轉生 重生 穿越 校園異能 幻想世界 劍與魔法 主角最強 多後宮 戰鬥要夠中二 都行
夠套路
要男主 一定要有戰鬥 後宮 沒後宮也沒關係但要有女主 如果主角拿的是劍我會更開心
不接受有沒男主的 例如蜘蛛又怎樣 能力值平均 怕痛的我
不接受虐主的 除了re 0 是因為動畫入坑的 除非前面虐後面很爽的這樣可以例如平職
需要裝逼讓我看的會高潮的 所以無職轉生我看不下去因為太真實太哭逼了",主角最強,False,妹妹,0.6309391994852673,0.25237567979410697
q15,"喜歡的類型 是異世界 轉生 重生 穿越 校園異能 幻想世界 劍與魔法 主角最強 多後宮 戰鬥要夠中二 都行
夠套路
要男主 一定要有戰鬥 後宮 沒後宮也沒關係但要有女主 如果主角拿的是劍我會更開心
不接受有沒男主的 例如蜘蛛又怎樣 能力值平均 怕痛的我
不接受虐主的 除了re 0 是因為動畫入坑的 除非前面虐後面很爽的這樣可以例如平職
需要裝逼讓我看的會高潮的 所以無職轉生我看不下去因為太真實太哭逼了",主角最強,False,龍傲天,0.7155586728323015,0.28622346913292057
q15,"喜歡的類型 是異世界 轉生 重生 穿越 校園異能 幻想世界 劍與魔法 主角最強 多後宮 戰鬥要夠中二 都行
夠套路
要男主 一定要有戰鬥 後宮 沒後宮也沒關係但要有女主 如果主角拿的是劍我會更開心
不接受有沒男主的 例如蜘蛛又怎樣 能力值平均 怕痛的我
不接受虐主的 除了re 0 是因為動畫入坑的 除非前面虐後面很爽的這樣可以例如平職
需要裝逼讓我看的會高潮的 所以無職轉生我看不下去因為太真實太哭逼了",主角最強,False,職場,0.6335639453948219,0.25342557815792877
q15,"喜歡的類型 是異世界 轉生 重生 穿越 校園異能 幻想世界 劍與魔法 主角最強 多後宮 戰鬥要夠中二 都行
夠套路
要男主 一定要有戰鬥 後宮 沒後宮也沒關係但要有女主 如果主角拿的是劍我會更開心
不接受有沒男主的 例如蜘蛛又怎樣 能力值平均 怕痛的我
不接受虐主的 除了re 0 是因為動畫入坑的 除非前面虐後面很爽的這樣可以例如平職
需要裝逼讓我看的會高潮的 所以無職轉生我看不下去因為太真實太哭逼了",主角最強,False,推理,0.6481298862000071,0.2592519544800029
q15,"喜歡的類型 是異世界 轉生 重生 穿越 校園異能 幻想世界 劍與魔法 主角最強 多後宮 戰鬥要夠中二 都行
夠套路
要男主 一定要有戰鬥 後宮 沒後宮也沒關係但要有女主 如果主角拿的是劍我會更開心
不接受有沒男主的 例如蜘蛛又怎樣 能力值平均 怕痛的我
不接受虐主的 除了re 0 是因為動畫入坑的 除非前面虐後面很爽的這樣可以例如平職
需要裝逼讓我看的會高潮的 所以無職轉生我看不下去因為太真實太哭逼了",主角最強,False,JC,0.6421763174675095,0.2568705269870038
q15,"喜歡的類型 是異世界 轉生 重生 穿越 校園異能 幻想世界 劍與魔法 主角最強 多後宮 戰鬥要夠中二 都行
夠套路
要男主 一定要有戰鬥 後宮 沒後宮也沒關係但要有女主 如果主角拿的是劍我會更開心
不接受有沒男主的 例如蜘蛛又怎樣 能力值平均 怕痛的我
不接受虐主的 除了re 0 是因為動畫入坑的 除非前面虐後面很爽的這樣可以例如平職
需要裝逼讓我看的會高潮的 所以無職轉生我看不下去因為太真實太哭逼了",主角最強,False,校園,0.6327687605171741,0.25310750420686967
q15,"喜歡的類型 是異世界 轉生 重生 穿越 校園異能 幻想世界 劍與魔法 主角最強 多後宮 戰鬥要夠中二 都行
夠套路
要男主 一定要有戰鬥 後宮 沒後宮也沒關係但要有女主 如果主角拿的是劍我會更開心
不接受有沒男主的 例如蜘蛛又怎樣 能力值平均 怕痛的我
不接受虐主的 除了re 0 是因為動畫入坑的 除非前面虐後面很爽的這樣可以例如平職
需要裝逼讓我看的會高潮的 所以無職轉生我看不下去因為太真實太哭逼了",主角最強,False,同人,0.634320858616263,0.2537283434465052
q15,"喜歡的類型 是異世界 轉生 重生 穿越 校園異能 幻想世界 劍與魔法 主角最強 多後宮 戰鬥要夠中二 都行
夠套路
要男主 一定要有戰鬥 後宮 沒後宮也沒關係但要有女主 如果主角拿的是劍我會更開心
不接受有沒男主的 例如蜘蛛又怎樣 能力值平均 怕痛的我
不接受虐主的 除了re 0 是因為動畫入坑的 除非前面虐後面很爽的這樣可以例如平職
需要裝逼讓我看的會高潮的 所以無職轉生我看不下去因為太真實太哭逼了",主角最強,False,偽娘,0.6263368506123209,0.2505347402449284
q15,"喜歡的類型 是異世界 轉生 重生 穿越 校園異能 幻想世界 劍與魔法 主角最強 多後宮 戰鬥要夠中二 都行
夠套路
要男主 一定要有戰鬥 後宮 沒後宮也沒關係但要有女主 如果主角拿的是劍我會更開心
不接受有沒男主的 例如蜘蛛又怎樣 能力值平均 怕痛的我
不接受虐主的 除了re 0 是因為動畫入坑的 除非前面虐後面很爽的這樣可以例如平職
需要裝逼讓我看的會高潮的 所以無職轉生我看不下去因為太真實太哭逼了",主角最強,False,NTR,0.6510971332455497,0.2604388532982199
q15,"喜歡的類型 是異世界 轉生 重生 穿越 校園異能 幻想世界 劍與魔法 主角最強 多後宮 戰鬥要夠中二 都行
夠套路
要男主 一定要有戰鬥 後宮 沒後宮也沒關係但要有女主 如果主角拿的是劍我會更開心
不接受有沒男主的 例如蜘蛛又怎樣 能力值平均 怕痛的我
不接受虐主的 除了re 0 是因為動畫入坑的 除非前面虐後面很爽的這樣可以例如平職
需要裝逼讓我看的會高潮的 所以無職轉生我看不下去因為太真實太哭逼了",主角最強,False,異能,0.6801845589195417,0.2720738235678167
q15,"喜歡的類型 是異世界 轉生 重生 穿越 校園異能 幻想世界 劍與魔法 主角最強 多後宮 戰鬥要夠中二 都行
夠套路
要男主 一定要有戰鬥 後宮 沒後宮也沒關係但要有女主 如果主角拿的是劍我會更開心
不接受有沒男主的 例如蜘蛛又怎樣 能力值平均 怕痛的我
不接受虐主的 除了re 0 是因為動畫入坑的 除非前面虐後面很爽的這樣可以例如平職
需要裝逼讓我看的會高潮的 所以無職轉生我看不下去因為太真實太哭逼了",主角最強,False,戰爭,0.6237636029857635,0.2495054411943054
q15,"喜歡的類型 是異世界 轉生 重生 穿越 校園異能 幻想世界 劍與魔法 主角最強 多後宮 戰鬥要夠中二 都行
夠套路
要男主 一定要有戰鬥 後宮 沒後宮也沒關係但要有女主 如果主角拿的是劍我會更開心
不接受有沒男主的 例如蜘蛛又怎樣 能力值平均 怕痛的我
不接受虐主的 除了re 0 是因為動畫入坑的 除非前面虐後面很爽的這樣可以例如平職
需要裝逼讓我看的會高潮的 所以無職轉生我看不下去因為太真實太哭逼了",主角最強,False,音樂,0.6317252084503855,0.2526900833801542
q15,"喜歡的類型 是異世界 轉生 重生 穿越 校園異能 幻想世界 劍與魔法 主角最強 多後宮 戰鬥要夠中二 都行
夠套路
要男主 一定要有戰鬥 後宮 沒後宮也沒關係但要有女主 如果主角拿的是劍我會更開心
不接受有沒男主的 例如蜘蛛又怎樣 能力值平均 怕痛的我
不接受虐主的 除了re 0 是因為動畫入坑的 除非前面虐後面很爽的這樣可以例如平職
需要裝逼讓我看的會高潮的 所以無職轉生我看不下去因為太真實太哭逼了",主角最強,False,病嬌,0.6472992255971107,0.2589196902388443
q15,"喜歡的類型 是異世界 轉生 重生 穿越 校園異能 幻想世界 劍與魔法 主角最強 多後宮 戰鬥要夠中二 都行
夠套路
要男主 一定要有戰鬥 後宮 沒後宮也沒關係但要有女主 如果主角拿的是劍我會更開心
不接受有沒男主的 例如蜘蛛又怎樣 能力值平均 怕痛的我
不接受虐主的 除了re 0 是因為動畫入坑的 除非前面虐後面很爽的這樣可以例如平職
需要裝逼讓我看的會高潮的 所以無職轉生我看不下去因為太真實太哭逼了",主角最強,False,熱血,0.6586197918957648,0.2634479167583059
q15,"喜歡的類型 是異世界 轉生 重生 穿越 校園異能 幻想世界 劍與魔法 主角最強 多後宮 戰鬥要夠中二 都行
夠套路
要男主 一定要有戰鬥 後宮 沒後宮也沒關係但要有女主 如果主角拿的是劍我會更開心
不接受有沒男主的 例如蜘蛛又怎樣 能力值平均 怕痛的我
不接受虐主的 除了re 0 是因為動畫入坑的 除非前面虐後面很爽的這樣可以例如平職
需要裝逼讓我看的會高潮的 所以無職轉生我看不下去因為太真實太哭逼了",主角最強,False,冒險,0.6482653403755263,0.25930613615021053
q15,"喜歡的類型 是異世界 轉生 重生 穿越 校園異能 幻想世界 劍與魔法 主角最強 多後宮 戰鬥要夠中二 都行
夠套路
要男主 一定要有戰鬥 後宮 沒後宮也沒關係但要有女主 如果主角拿的是劍我會更開心
不接受有沒男主的 例如蜘蛛又怎樣 能力值平均 怕痛的我
不接受虐主的 除了re 0 是因為動畫入坑的 除非前面虐後面很爽的這樣可以例如平職
需要裝逼讓我看的會高潮的 所以無職轉生我看不下去因為太真實太哭逼了",主角最強,False,大小姐,0.6487455478105927,0.2594982191242371
q15,"喜歡的類型 是異世界 轉生 重生 穿越 校園異能 幻想世界 劍與魔法 主角最強 多後宮 戰鬥要夠中二 都行
夠套路
要男主 一定要有戰鬥 後宮 沒後宮也沒關係但要有女主 如果主角拿的是劍我會更開心
不接受有沒男主的 例如蜘蛛又怎樣 能力值平均 怕痛的我
不接受虐主的 除了re 0 是因為動畫入坑的 除非前面虐後面很爽的這樣可以例如平職
需要裝逼讓我看的會高潮的 所以無職轉生我看不下去因為太真實太哭逼了",主角最強,False,女兒,0.6171163964032497,0.2468465585612999
q15,"喜歡的類型 是異世界 轉生 重生 穿越 校園異能 幻想世界 劍與魔法 主角最強 多後宮 戰鬥要夠中二 都行
夠套路
要男主 一定要有戰鬥 後宮 沒後宮也沒關係但要有女主 如果主角拿的是劍我會更開心
不接受有沒男主的 例如蜘蛛又怎樣 能力值平均 怕痛的我
不接受虐主的 除了re 0 是因為動畫入坑的 除非前面虐後面很爽的這樣可以例如平職
需要裝逼讓我看的會高潮的 所以無職轉生我看不下去因為太真實太哭逼了",主角最強,False,人外,0.6568249383219696,0.2627299753287879
q15,"喜歡的類型 是異世界 轉生 重生 穿越 校園異能 幻想世界 劍與魔法 主角最強 多後宮 戰鬥要夠中二 都行
夠套路
要男主 一定要有戰鬥 後宮 沒後宮也沒關係但要有女主 如果主角拿的是劍我會更開心
不接受有沒男主的 例如蜘蛛又怎樣 能力值平均 怕痛的我
不接受虐主的 除了re 0 是因為動畫入坑的 除非前面虐後面很爽的這樣可以例如平職
需要裝逼讓我看的會高潮的 所以無職轉生我看不下去因為太真實太哭逼了",主角最強,False,魔法,0.6378691652841137,0.25514766611364553
q15,"喜歡的類型 是異世界 轉生 重生 穿越 校園異能 幻想世界 劍與魔法 主角最強 多後宮 戰鬥要夠中二 都行
夠套路
要男主 一定要有戰鬥 後宮 沒後宮也沒關係但要有女主 如果主角拿的是劍我會更開心
不接受有沒男主的 例如蜘蛛又怎樣 能力值平均 怕痛的我
不接受虐主的 除了re 0 是因為動畫入坑的 除非前面虐後面很爽的這樣可以例如平職
需要裝逼讓我看的會高潮的 所以無職轉生我看不下去因為太真實太哭逼了",主角最強,False,美食,0.610969501177943,0.24438780047117722
q15,"喜歡的類型 是異世界 轉生 重生 穿越 校園異能 幻想世界 劍與魔法 主角最強 多後宮 戰鬥要夠中二 都行
夠套路
要男主 一定要有戰鬥 後宮 沒後宮也沒關係但要有女主 如果主角拿的是劍我會更開心
不接受有沒男主的 例如蜘蛛又怎樣 能力值平均 怕痛的我
不接受虐主的 除了re 0 是因為動畫入坑的 除非前面虐後面很爽的這樣可以例如平職
需要裝逼讓我看的會高潮的 所以無職轉生我看不下去因為太真實太哭逼了",主角最強,False,異世界,0.6563639577123825,0.262545583084953
q15,"喜歡的類型 是異世界 轉生 重生 穿越 校園異能 幻想世界 劍與魔法 主角最強 多後宮 戰鬥要夠中二 都行
夠套路
要男主 一定要有戰鬥 後宮 沒後宮也沒關係但要有女主 如果主角拿的是劍我會更開心
不接受有沒男主的 例如蜘蛛又怎樣 能力值平均 怕痛的我
不接受虐主的 除了re 0 是因為動畫入坑的 除非前面虐後面很爽的這樣可以例如平職
需要裝逼讓我看的會高潮的 所以無職轉生我看不下去因為太真實太哭逼了",主角最強,False,懸疑,0.6444197405570488,0.25776789622281954
q18,"我最近剛看了龍王的工作的小說
雖然不懂將棋，但覺得對局的刻劃很棒
能看到將棋解說
也會側面描寫一些職業棋士、女流棋士的差別和情況

最喜歡的部分是銀子挑戰獎勵會那邊
書裡描寫的女性棋士會被小看的部分
那種低人一等、逆境求生的感覺做得很真實(?不會形容，總之很有代入感
銀子加油，不要輸給將棋星人!

希望各位能分享一些好看的將棋小說!!",競技,True,競技,1.0,1.0
q18,"我最近剛看了龍王的工作的小說
雖然不懂將棋，但覺得對局的刻劃很棒
能看到將棋解說
也會側面描寫一些職業棋士、女流棋士的差別和情況

最喜歡的部分是銀子挑戰獎勵會那邊
書裡描寫的女性棋士會被小看的部分
那種低人一等、逆境求生的感覺做得很真實(?不會形容，總之很有代入感
銀子加油，不要輸給將棋星人!

希望各位能分享一些好看的將棋小說!!",將棋,False,競技,0.6364919754813099,0.25459679019252396
q18,"我最近剛看了龍王的工作的小說
雖然不懂將棋，但覺得對局的刻劃很棒
能看到將棋解說
也會側面描寫一些職業棋士、女流棋士的差別和情況

最喜歡的部分是銀子挑戰獎勵會那邊
書裡描寫的女性棋士會被小看的部分
那種低人一等、逆境求生的感覺做得很真實(?不會形容，總之很有代入感
銀子加油，不要輸給將棋星人!

希望各位能分享一些好看的將棋小說!!",將棋,False,大逃殺,0.6166576672112529,0.24666306688450118
q18,"我最近剛看了龍王的工作的小說
雖然不懂將棋，但覺得對局的刻劃很棒
能看到將棋解說
也會側面描寫一些職業棋士、女流棋士的差別和情況

最喜歡的部分是銀子挑戰獎勵會那邊
書裡描寫的女性棋士會被小看的部分
那種低人一等、逆境求生的感覺做得很真實(?不會形容，總之很有代入感
銀子加油，不要輸給將棋星人!

希望各位能分享一些好看的將棋小說!!",將棋,False,戀愛,0.6342872134689589,0.2537148853875836
q18,"我最近剛看了龍王的工作的小說
雖然不懂將棋，但覺得對局的刻劃很棒
能看到將棋解說
也會側面描寫一些職業棋士、女流棋士的差別和情況

最喜歡的部分是銀子挑戰獎勵會那邊
書裡描寫的女性棋士會被小看的部分
那種低人一等、逆境求生的感覺做得很真實(?不會形容，總之很有代入感
銀子加油，不要輸給將棋星人!

希望各位能分享一些好看的將棋小說!!",將棋,False,犯罪,0.6220737989065173,0.2488295195626069
q18,"我最近剛看了龍王的工作的小說
雖然不懂將棋，但覺得對局的刻劃很棒
能看到將棋解說
也會側面描寫一些職業棋士、女流棋士的差別和情況

最喜歡的部分是銀子挑戰獎勵會那邊
書裡描寫的女性棋士會被小看的部分
那種低人一等、逆境求生的感覺做得很真實(?不會形容，總之很有代入感
銀子加油，不要輸給將棋星人!

希望各位能分享一些好看的將棋小說!!",將棋,False,鬥智,0.6695866339105099,0.26783465356420394
q18,"我最近剛看了龍王的工作的小說
雖然不懂將棋，但覺得對局的刻劃很棒
能看到將棋解說
也會側面描寫一些職業棋士、女流棋士的差別和情況

最喜歡的部分是銀子挑戰獎勵會那邊
書裡描寫的女性棋士會被小看的部分
那種低人一等、逆境求生的感覺做得很真實(?不會形容，總之很有代入感
銀子加油，不要輸給將棋星人!

希望各位能分享一些好看的將棋小說!!",將棋,False,科幻,0.6493051287599481,0.25972205150397926
q18,"我最近剛看了龍王的工作的小說
雖然不懂將棋，但覺得對局的刻劃很棒
能看到將棋解說
也會側面描寫一些職業棋士、女流棋士的差別和情況

最喜歡的部分是銀子挑戰獎勵會那邊
書裡描寫的女性棋士會被小看的部分
那種低人一等、逆境求生的感覺做得很真實(?不會形容，總之很有代入感
銀子加油，不要輸給將棋星人!

希望各位能分享一些好看的將棋小說!!",將棋,False,格鬥,0.6241544086593238,0.24966176346372954
q18,"我最近剛看了龍王的工作的小說
雖然不懂將棋，但覺得對局的刻劃很棒
能看到將棋解說
也會側面描寫一些職業棋士、女流棋士的差別和情況

最喜歡的部分是銀子挑戰獎勵會那邊
書裡描寫的女性棋士會被小看的部分
那種低人一等、逆境求生的感覺做得很真實(?不會形容，總之很有代入感
銀子加油，不要輸給將棋星人!

希望各位能分享一些好看的將棋小說!!",將棋,False,百合,0.6394279834415054,0.2557711933766022
q18,"我最近剛看了龍王的工作的小說
雖然不懂將棋，但覺得對局的刻劃很棒
能看到將棋解說
也會側面描寫一些職業棋士、女流棋士的差別和情況

最喜歡的部分是銀子挑戰獎勵會那邊
書裡描寫的女性棋士會被小看的部分
那種低人一等、逆境求生的感覺做得很真實(?不會形容，總之很有代入感
銀子加油，不要輸給將棋星人!

希望各位能分享一些好看的將棋小說!!",將棋,False,轉生,0.6254789891855567,0.25019159567422267
q18,"我最近剛看了龍王的工作的小說
雖然不懂將棋，但覺得對局的刻劃很棒
能看到將棋解說
也會側面描寫一些職業棋士、女流棋士的差別和情況

最喜歡的部分是銀子挑戰獎勵會那邊
書裡描寫的女性棋士會被小看的部分
那種低人一等、逆境求生的感覺做得很真實(?不會形容，總之很有代入感
銀子加油，不要輸給將棋星人!

希望各位能分享一些好看的將棋小說!!",將棋,False,治癒,0.6286204021515196,0.25144816086060784
q18,"我最近剛看了龍王的工作的小說
雖然不懂將棋，但覺得對局的刻劃很棒
能看到將棋解說
也會側面描寫一些職業棋士、女流棋士的差別和情況

最喜歡的部分是銀子挑戰獎勵會那邊
書裡描寫的女性棋士會被小看的部分
那種低人一等、逆境求生的感覺做得很真實(?不會形容，總之很有代入感
銀子加油，不要輸給將棋星人!

希望各位能分享一些好看的將棋小說!!",將棋,False,青梅竹馬,0.6294180829158421,0.25176723316633687
q18,"我最近剛看了龍王的工作的小說
雖然不懂將棋，但覺得對局的刻劃很棒
能看到將棋解說
也會側面描寫一些職業棋士、女流棋士的差別和情況

最喜歡的部分是銀子挑戰獎勵會那邊
書裡描寫的女性棋士會被小看的部分
那種低人一等、逆境求生的感覺做得很真實(?不會形容，總之很有代入感
銀子加油，不要輸給將棋星人!

希望各位能分享一些好看的將棋小說!!",將棋,False,女性視角,0.6394437632720041,0.25577750530880167
q18,"我最近剛看了龍王的工作的小說
雖然不懂將棋，但覺得對局的刻劃很棒
能看到將棋解說
也會側面描寫一些職業棋士、女流棋士的差別和情況

最喜歡的部分是銀子挑戰獎勵會那邊
書裡描寫的女性棋士會被小看的部分
那種低人一等、逆境求生的感覺做得很真實(?不會形容，總之很有代入感
銀子加油，不要輸給將棋星人!

希望各位能分享一些好看的將棋小說!!",將棋,False,性轉,0.62562536944753,0.250250147779012
q18,"我最近剛看了龍王的工作的小說
雖然不懂將棋，但覺得對局的刻劃很棒
能看到將棋解說
也會側面描寫一些職業棋士、女流棋士的差別和情況

最喜歡的部分是銀子挑戰獎勵會那邊
書裡描寫的女性棋士會被小看的部分
那種低人一等、逆境求生的感覺做得很真實(?不會形容，總之很有代入感
銀子加油，不要輸給將棋星人!

希望各位能分享一些好看的將棋小說!!",將棋,False,溫馨,0.6390258515221634,0.2556103406088654
q18,"我最近剛看了龍王的工作的小說
雖然不懂將棋，但覺得對局的刻劃很棒
能看到將棋解說
也會側面描寫一些職業棋士、女流棋士的差別和情況

最喜歡的部分是銀子挑戰獎勵會那邊
書裡描寫的女性棋士會被小看的部分
那種低人一等、逆境求生的感覺做得很真實(?不會形容，總之很有代入感
銀子加油，不要輸給將棋星人!

希望各位能分享一些好看的將棋小說!!",將棋,False,經營,0.622527594821754,0.2490110379287016
q18,"我最近剛看了龍王的工作的小說
雖然不懂將棋，但覺得對局的刻劃很棒
能看到將棋解說
也會側面描寫一些職業棋士、女流棋士的差別和情況

最喜歡的部分是銀子挑戰獎勵會那邊
書裡描寫的女性棋士會被小看的部分
那種低人一等、逆境求生的感覺做得很真實(?不會形容，總之很有代入感
銀子加油，不要輸給將棋星人!

希望各位能分享一些好看的將棋小說!!",將棋,False,獵奇,0.6493533587710247,0.2597413435084099
q18,"我最近剛看了龍王的工作的小說
雖然不懂將棋，但覺得對局的刻劃很棒
能看到將棋解說
也會側面描寫一些職業棋士、女流棋士的差別和情況

最喜歡的部分是銀子挑戰獎勵會那邊
書裡描寫的女性棋士會被小看的部分
那種低人一等、逆境求生的感覺做得很真實(?不會形容，總之很有代入感
銀子加油，不要輸給將棋星人!

希望各位能分享一些好看的將棋小說!!",將棋,False,復仇,0.7137792724539969,0.2855117089815988
q18,"我最近剛看了龍王的工作的小說
雖然不懂將棋，但覺得對局的刻劃很棒
能看到將棋解說
也會側面描寫一些職業棋士、女流棋士的差別和情況

最喜歡的部分是銀子挑戰獎勵會那邊
書裡描寫的女性棋士會被小看的部分
那種低人一等、逆境求生的感覺做得很真實(?不會形容，總之很有代入感
銀子加油，不要輸給將棋星人!

希望各位能分享一些好看的將棋小說!!",將棋,False,黑暗,0.6263246437805845,0.25052985751223383
q18,"我最近剛看了龍王的工作的小說
雖然不懂將棋，但覺得對局的刻劃很棒
能看到將棋解說
也會側面描寫一些職業棋士、女流棋士的差別和情況

最喜歡的部分是銀子挑戰獎勵會那邊
書裡描寫的女性棋士會被小看的部分
那種低人一等、逆境求生的感覺做得很真實(?不會形容，總之很有代入感
銀子加油，不要輸給將棋星人!

希望各位能分享一些好看的將棋小說!!",將棋,False,末日,0.604976410239788,0.2419905640959152
q18,"我最近剛看了龍王的工作的小說
雖然不懂將棋，但覺得對局的刻劃很棒
能看到將棋解說
也會側面描寫一些職業棋士、女流棋士的差別和情況

最喜歡的部分是銀子挑戰獎勵會那邊
書裡描寫的女性棋士會被小看的部分
那種低人一等、逆境求生的感覺做得很真實(?不會形容，總之很有代入感
銀子加油，不要輸給將棋星人!

希望各位能分享一些好看的將棋小說!!",將棋,False,遊戲,0.646642389960286,0.2586569559841144
q18,"我最近剛看了龍王的工作的小說
雖然不懂將棋，但覺得對局的刻劃很棒
能看到將棋解說
也會側面描寫一些職業棋士、女流棋士的差別和情況

最喜歡的部分是銀子挑戰獎勵會那邊
書裡描寫的女性棋士會被小看的部分
那種低人一等、逆境求生的感覺做得很真實(?不會形容，總之很有代入感
銀子加油，不要輸給將棋星人!

希望各位能分享一些好看的將棋小說!!",將棋,False,戰鬥,0.6257846064566499,0.25031384258266
q18,"我最近剛看了龍王的工作的小說
雖然不懂將棋，但覺得對局的刻劃很棒
能看到將棋解說
也會側面描寫一些職業棋士、女流棋士的差別和情況

最喜歡的部分是銀子挑戰獎勵會那邊
書裡描寫的女性棋士會被小看的部分
那種低人一等、逆境求生的感覺做得很真實(?不會形容，總之很有代入感
銀子加油，不要輸給將棋星人!

希望各位能分享一些好看的將棋小說!!",將棋,False,群像,0.6475852402848606,0.2590340961139443
q18,"我最近剛看了龍王的工作的小說
雖然不懂將棋，但覺得對局的刻劃很棒
能看到將棋解說
也會側面描寫一些職業棋士、女流棋士的差別和情況

最喜歡的部分是銀子挑戰獎勵會那邊
書裡描寫的女性棋士會被小看的部分
那種低人一等、逆境求生的感覺做得很真實(?不會形容，總之很有代入感
銀子加油，不要輸給將棋星人!

希望各位能分享一些好看的將棋小說!!",將棋,False,歡樂向,0.6781133481505509,0.2712453392602204
q18,"我最近剛看了龍王的工作的小說
雖然不懂將棋，但覺得對局的刻劃很棒
能看到將棋解說
也會側面描寫一些職業棋士、女流棋士的差別和情況

最喜歡的部分是銀子挑戰獎勵會那邊
書裡描寫的女性棋士會被小看的部分
那種低人一等、逆境求生的感覺做得很真實(?不會形容，總之很有代入感
銀子加油，不要輸給將棋星人!

希望各位能分享一些好看的將棋小說!!",將棋,False,旅行,0.614599548934663,0.2458398195738652
q18,"我最近剛看了龍王的工作的小說
雖然不懂將棋，但覺得對局的刻劃很棒
能看到將棋解說
也會側面描寫一些職業棋士、女流棋士的差別和情況

最喜歡的部分是銀子挑戰獎勵會那邊
書裡描寫的女性棋士會被小看的部分
那種低人一等、逆境求生的感覺做得很真實(?不會形容，總之很有代入感
銀子加油，不要輸給將棋星人!

希望各位能分享一些好看的將棋小說!!",將棋,False,惡役,0.6324275371563839,0.2529710148625536
q18,"我最近剛看了龍王的工作的小說
雖然不懂將棋，但覺得對局的刻劃很棒
能看到將棋解說
也會側面描寫一些職業棋士、女流棋士的差別和情況

最喜歡的部分是銀子挑戰獎勵會那邊
書裡描寫的女性棋士會被小看的部分
那種低人一等、逆境求生的感覺做得很真實(?不會形容，總之很有代入感
銀子加油，不要輸給將棋星人!

希望各位能分享一些好看的將棋小說!!",將棋,False,機戰,0.6380000930833905,0.2552000372333562
q18,"我最近剛看了龍王的工作的小說
雖然不懂將棋，但覺得對局的刻劃很棒
能看到將棋解說
也會側面描寫一些職業棋士、女流棋士的差別和情況

最喜歡的部分是銀子挑戰獎勵會那邊
書裡描寫的女性棋士會被小看的部分
那種低人一等、逆境求生的感覺做得很真實(?不會形容，總之很有代入感
銀子加油，不要輸給將棋星人!

希望各位能分享一些好看的將棋小說!!",將棋,False,驚悚,0.6347175768623998,0.25388703074495994
q18,"我最近剛看了龍王的工作的小說
雖然不懂將棋，但覺得對局的刻劃很棒
能看到將棋解說
也會側面描寫一些職業棋士、女流棋士的差別和情況

最喜歡的部分是銀子挑戰獎勵會那邊
書裡描寫的女性棋士會被小看的部分
那種低人一等、逆境求生的感覺做得很真實(?不會形容，總之很有代入感
銀子加油，不要輸給將棋星人!

希望各位能分享一些好看的將棋小說!!",將棋,False,奇幻,0.6533597509061067,0.26134390036244265
q18,"我最近剛看了龍王的工作的小說
雖然不懂將棋，但覺得對局的刻劃很棒
能看到將棋解說
也會側面描寫一些職業棋士、女流棋士的差別和情況

最喜歡的部分是銀子挑戰獎勵會那邊
書裡描寫的女性棋士會被小看的部分
那種低人一等、逆境求生的感覺做得很真實(?不會形容，總之很有代入感
銀子加油，不要輸給將棋星人!

希望各位能分享一些好看的將棋小說!!",將棋,False,JK,0.6483261821268651,0.25933047285074606
q18,"我最近剛看了龍王的工作的小說
雖然不懂將棋，但覺得對局的刻劃很棒
能看到將棋解說
也會側面描寫一些職業棋士、女流棋士的差別和情況

最喜歡的部分是銀子挑戰獎勵會那邊
書裡描寫的女性棋士會被小看的部分
那種低人一等、逆境求生的感覺做得很真實(?不會形容，總之很有代入感
銀子加油，不要輸給將棋星人!

希望各位能分享一些好看的將棋小說!!",將棋,False,後宮,0.6406469712798739,0.25625878851194955
q18,"我最近剛看了龍王的工作的小說
雖然不懂將棋，但覺得對局的刻劃很棒
能看到將棋解說
也會側面描寫一些職業棋士、女流棋士的差別和情況

最喜歡的部分是銀子挑戰獎勵會那邊
書裡描寫的女性棋士會被小看的部分
那種低人一等、逆境求生的感覺做得很真實(?不會形容，總之很有代入感
銀子加油，不要輸給將棋星人!

希望各位能分享一些好看的將棋小說!!",將棋,False,耽美,0.649697964132542,0.2598791856530168
q18,"我最近剛看了龍王的工作的小說
雖然不懂將棋，但覺得對局的刻劃很棒
能看到將棋解說
也會側面描寫一些職業棋士、女流棋士的差別和情況

最喜歡的部分是銀子挑戰獎勵會那邊
書裡描寫的女性棋士會被小看的部分
那種低人一等、逆境求生的感覺做得很真實(?不會形容，總之很有代入感
銀子加油，不要輸給將棋星人!

希望各位能分享一些好看的將棋小說!!",將棋,False,龍傲天,0.6200052137261689,0.24800208549046757
q18,"我最近剛看了龍王的工作的小說
雖然不懂將棋，但覺得對局的刻劃很棒
能看到將棋解說
也會側面描寫一些職業棋士、女流棋士的差別和情況

最喜歡的部分是銀子挑戰獎勵會那邊
書裡描寫的女性棋士會被小看的部分
那種低人一等、逆境求生的感覺做得很真實(?不會形容，總之很有代入感
銀子加油，不要輸給將棋星人!

希望各位能分享一些好看的將棋小說!!",將棋,False,職場,0.6233024169666399,0.24932096678665597
q18,"我最近剛看了龍王的工作的小說
雖然不懂將棋，但覺得對局的刻劃很棒
能看到將棋解說
也會側面描寫一些職業棋士、女流棋士的差別和情況

最喜歡的部分是銀子挑戰獎勵會那邊
書裡描寫的女性棋士會被小看的部分
那種低人一等、逆境求生的感覺做得很真實(?不會形容，總之很有代入感
銀子加油，不要輸給將棋星人!

希望各位能分享一些好看的將棋小說!!",將棋,False,推理,0.6669982340223416,0.26679929360893667
q18,"我最近剛看了龍王的工作的小說
雖然不懂將棋，但覺得對局的刻劃很棒
能看到將棋解說
也會側面描寫一些職業棋士、女流棋士的差別和情況

最喜歡的部分是銀子挑戰獎勵會那邊
書裡描寫的女性棋士會被小看的部分
那種低人一等、逆境求生的感覺做得很真實(?不會形容，總之很有代入感
銀子加油，不要輸給將棋星人!

希望各位能分享一些好看的將棋小說!!",將棋,False,JC,0.6333324396266405,0.25333297585065623
q18,"我最近剛看了龍王的工作的小說
雖然不懂將棋，但覺得對局的刻劃很棒
能看到將棋解說
也會側面描寫一些職業棋士、女流棋士的差別和情況

最喜歡的部分是銀子挑戰獎勵會那邊
書裡描寫的女性棋士會被小看的部分
那種低人一等、逆境求生的感覺做得很真實(?不會形容，總之很有代入感
銀子加油，不要輸給將棋星人!

希望各位能分享一些好看的將棋小說!!",將棋,False,宅文化,0.6267964853121005,0.2507185941248402
q18,"我最近剛看了龍王的工作的小說
雖然不懂將棋，但覺得對局的刻劃很棒
能看到將棋解說
也會側面描寫一些職業棋士、女流棋士的差別和情況

最喜歡的部分是銀子挑戰獎勵會那邊
書裡描寫的女性棋士會被小看的部分
那種低人一等、逆境求生的感覺做得很真實(?不會形容，總之很有代入感
銀子加油，不要輸給將棋星人!

希望各位能分享一些好看的將棋小說!!",將棋,False,校園,0.625266634671077,0.25010665386843084
q18,"我最近剛看了龍王的工作的小說
雖然不懂將棋，但覺得對局的刻劃很棒
能看到將棋解說
也會側面描寫一些職業棋士、女流棋士的差別和情況

最喜歡的部分是銀子挑戰獎勵會那邊
書裡描寫的女性棋士會被小看的部分
那種低人一等、逆境求生的感覺做得很真實(?不會形容，總之很有代入感
銀子加油，不要輸給將棋星人!

希望各位能分享一些好看的將棋小說!!",將棋,False,同人,0.6443298724527599,0.25773194898110396
q18,"我最近剛看了龍王的工作的小說
雖然不懂將棋，但覺得對局的刻劃很棒
能看到將棋解說
也會側面描寫一些職業棋士、女流棋士的差別和情況

最喜歡的部分是銀子挑戰獎勵會那邊
書裡描寫的女性棋士會被小看的部分
那種低人一等、逆境求生的感覺做得很真實(?不會形容，總之很有代入感
銀子加油，不要輸給將棋星人!

希望各位能分享一些好看的將棋小說!!",將棋,False,NTR,0.6398954398702764,0.2559581759481106
q18,"我最近剛看了龍王的工作的小說
雖然不懂將棋，但覺得對局的刻劃很棒
能看到將棋解說
也會側面描寫一些職業棋士、女流棋士的差別和情況

最喜歡的部分是銀子挑戰獎勵會那邊
書裡描寫的女性棋士會被小看的部分
那種低人一等、逆境求生的感覺做得很真實(?不會形容，總之很有代入感
銀子加油，不要輸給將棋星人!

希望各位能分享一些好看的將棋小說!!",將棋,False,異能,0.6355543753700549,0.25422175014802195
q18,"我最近剛看了龍王的工作的小說
雖然不懂將棋，但覺得對局的刻劃很棒
能看到將棋解說
也會側面描寫一些職業棋士、女流棋士的差別和情況

最喜歡的部分是銀子挑戰獎勵會那邊
書裡描寫的女性棋士會被小看的部分
那種低人一等、逆境求生的感覺做得很真實(?不會形容，總之很有代入感
銀子加油，不要輸給將棋星人!

希望各位能分享一些好看的將棋小說!!",將棋,False,戰爭,0.6365198389412119,0.25460793557648476
q18,"我最近剛看了龍王的工作的小說
雖然不懂將棋，但覺得對局的刻劃很棒
能看到將棋解說
也會側面描寫一些職業棋士、女流棋士的差別和情況

最喜歡的部分是銀子挑戰獎勵會那邊
書裡描寫的女性棋士會被小看的部分
那種低人一等、逆境求生的感覺做得很真實(?不會形容，總之很有代入感
銀子加油，不要輸給將棋星人!

希望各位能分享一些好看的將棋小說!!",將棋,False,音樂,0.6407878151589694,0.2563151260635878
q18,"我最近剛看了龍王的工作的小說
雖然不懂將棋，但覺得對局的刻劃很棒
能看到將棋解說
也會側面描寫一些職業棋士、女流棋士的差別和情況

最喜歡的部分是銀子挑戰獎勵會那邊
書裡描寫的女性棋士會被小看的部分
那種低人一等、逆境求生的感覺做得很真實(?不會形容，總之很有代入感
銀子加油，不要輸給將棋星人!

希望各位能分享一些好看的將棋小說!!",將棋,False,病嬌,0.6297196147251863,0.25188784589007457
q18,"我最近剛看了龍王的工作的小說
雖然不懂將棋，但覺得對局的刻劃很棒
能看到將棋解說
也會側面描寫一些職業棋士、女流棋士的差別和情況

最喜歡的部分是銀子挑戰獎勵會那邊
書裡描寫的女性棋士會被小看的部分
那種低人一等、逆境求生的感覺做得很真實(?不會形容，總之很有代入感
銀子加油，不要輸給將棋星人!

希望各位能分享一些好看的將棋小說!!",將棋,False,熱血,0.6309489722086548,0.2523795888834619
q18,"我最近剛看了龍王的工作的小說
雖然不懂將棋，但覺得對局的刻劃很棒
能看到將棋解說
也會側面描寫一些職業棋士、女流棋士的差別和情況

最喜歡的部分是銀子挑戰獎勵會那邊
書裡描寫的女性棋士會被小看的部分
那種低人一等、逆境求生的感覺做得很真實(?不會形容，總之很有代入感
銀子加油，不要輸給將棋星人!

希望各位能分享一些好看的將棋小說!!",將棋,False,間諜,0.611888218625902,0.24475528745036082
q18,"我最近剛看了龍王的工作的小說
雖然不懂將棋，但覺得對局的刻劃很棒
能看到將棋解說
也會側面描寫一些職業棋士、女流棋士的差別和情況

最喜歡的部分是銀子挑戰獎勵會那邊
書裡描寫的女性棋士會被小看的部分
那種低人一等、逆境求生的感覺做得很真實(?不會形容，總之很有代入感
銀子加油，不要輸給將棋星人!

希望各位能分享一些好看的將棋小說!!",將棋,False,冒險,0.6324645327928825,0.252985813117153
q18,"我最近剛看了龍王的工作的小說
雖然不懂將棋，但覺得對局的刻劃很棒
能看到將棋解說
也會側面描寫一些職業棋士、女流棋士的差別和情況

最喜歡的部分是銀子挑戰獎勵會那邊
書裡描寫的女性棋士會被小看的部分
那種低人一等、逆境求生的感覺做得很真實(?不會形容，總之很有代入感
銀子加油，不要輸給將棋星人!

希望各位能分享一些好看的將棋小說!!",將棋,False,女兒,0.7341285373259647,0.2936514149303859
q18,"我最近剛看了龍王的工作的小說
雖然不懂將棋，但覺得對局的刻劃很棒
能看到將棋解說
也會側面描寫一些職業棋士、女流棋士的差別和情況

最喜歡的部分是銀子挑戰獎勵會那邊
書裡描寫的女性棋士會被小看的部分
那種低人一等、逆境求生的感覺做得很真實(?不會形容，總之很有代入感
銀子加油，不要輸給將棋星人!

希望各位能分享一些好看的將棋小說!!",將棋,False,人外,0.6393059775747935,0.2557223910299174
q18,"我最近剛看了龍王的工作的小說
雖然不懂將棋，但覺得對局的刻劃很棒
能看到將棋解說
也會側面描寫一些職業棋士、女流棋士的差別和情況

最喜歡的部分是銀子挑戰獎勵會那邊
書裡描寫的女性棋士會被小看的部分
那種低人一等、逆境求生的感覺做得很真實(?不會形容，總之很有代入感
銀子加油，不要輸給將棋星人!

希望各位能分享一些好看的將棋小說!!",將棋,False,異世界,0.6295827217511945,0.25183308870047777
q18,"我最近剛看了龍王的工作的小說
雖然不懂將棋，但覺得對局的刻劃很棒
能看到將棋解說
也會側面描寫一些職業棋士、女流棋士的差別和情況

最喜歡的部分是銀子挑戰獎勵會那邊
書裡描寫的女性棋士會被小看的部分
那種低人一等、逆境求生的感覺做得很真實(?不會形容，總之很有代入感
銀子加油，不要輸給將棋星人!

希望各位能分享一些好看的將棋小說!!",將棋,False,懸疑,0.6507946174591175,0.260317846983647
q18,"我最近剛看了龍王的工作的小說
雖然不懂將棋，但覺得對局的刻劃很棒
能看到將棋解說
也會側面描寫一些職業棋士、女流棋士的差別和情況

最喜歡的部分是銀子挑戰獎勵會那邊
書裡描寫的女性棋士會被小看的部分
那種低人一等、逆境求生的感覺做得很真實(?不會形容，總之很有代入感
銀子加油，不要輸給將棋星人!

希望各位能分享一些好看的將棋小說!!",職業棋士,False,競技,0.6622053790726011,0.26488215162904044
q18,"我最近剛看了龍王的工作的小說
雖然不懂將棋，但覺得對局的刻劃很棒
能看到將棋解說
也會側面描寫一些職業棋士、女流棋士的差別和情況

最喜歡的部分是銀子挑戰獎勵會那邊
書裡描寫的女性棋士會被小看的部分
那種低人一等、逆境求生的感覺做得很真實(?不會形容，總之很有代入感
銀子加油，不要輸給將棋星人!

希望各位能分享一些好看的將棋小說!!",職業棋士,False,大逃殺,0.6223256536362248,0.24893026145448993
q18,"我最近剛看了龍王的工作的小說
雖然不懂將棋，但覺得對局的刻劃很棒
能看到將棋解說
也會側面描寫一些職業棋士、女流棋士的差別和情況

最喜歡的部分是銀子挑戰獎勵會那邊
書裡描寫的女性棋士會被小看的部分
那種低人一等、逆境求生的感覺做得很真實(?不會形容，總之很有代入感
銀子加油，不要輸給將棋星人!

希望各位能分享一些好看的將棋小說!!",職業棋士,False,戀愛,0.6464945652845123,0.25859782611380494
q18,"我最近剛看了龍王的工作的小說
雖然不懂將棋，但覺得對局的刻劃很棒
能看到將棋解說
也會側面描寫一些職業棋士、女流棋士的差別和情況

最喜歡的部分是銀子挑戰獎勵會那邊
書裡描寫的女性棋士會被小看的部分
那種低人一等、逆境求生的感覺做得很真實(?不會形容，總之很有代入感
銀子加油，不要輸給將棋星人!

希望各位能分享一些好看的將棋小說!!",職業棋士,False,犯罪,0.6305349626318737,0.2522139850527495
q18,"我最近剛看了龍王的工作的小說
雖然不懂將棋，但覺得對局的刻劃很棒
能看到將棋解說
也會側面描寫一些職業棋士、女流棋士的差別和情況

最喜歡的部分是銀子挑戰獎勵會那邊
書裡描寫的女性棋士會被小看的部分
那種低人一等、逆境求生的感覺做得很真實(?不會形容，總之很有代入感
銀子加油，不要輸給將棋星人!

希望各位能分享一些好看的將棋小說!!",職業棋士,False,鬥智,0.6728927474442715,0.2691570989777086
q18,"我最近剛看了龍王的工作的小說
雖然不懂將棋，但覺得對局的刻劃很棒
能看到將棋解說
也會側面描寫一些職業棋士、女流棋士的差別和情況

最喜歡的部分是銀子挑戰獎勵會那邊
書裡描寫的女性棋士會被小看的部分
那種低人一等、逆境求生的感覺做得很真實(?不會形容，總之很有代入感
銀子加油，不要輸給將棋星人!

希望各位能分享一些好看的將棋小說!!",職業棋士,False,科幻,0.6590256713987099,0.263610268559484
q18,"我最近剛看了龍王的工作的小說
雖然不懂將棋，但覺得對局的刻劃很棒
能看到將棋解說
也會側面描寫一些職業棋士、女流棋士的差別和情況

最喜歡的部分是銀子挑戰獎勵會那邊
書裡描寫的女性棋士會被小看的部分
那種低人一等、逆境求生的感覺做得很真實(?不會形容，總之很有代入感
銀子加油，不要輸給將棋星人!

希望各位能分享一些好看的將棋小說!!",職業棋士,False,格鬥,0.6333583321257921,0.25334333285031685
q18,"我最近剛看了龍王的工作的小說
雖然不懂將棋，但覺得對局的刻劃很棒
能看到將棋解說
也會側面描寫一些職業棋士、女流棋士的差別和情況

最喜歡的部分是銀子挑戰獎勵會那邊
書裡描寫的女性棋士會被小看的部分
那種低人一等、逆境求生的感覺做得很真實(?不會形容，總之很有代入感
銀子加油，不要輸給將棋星人!

希望各位能分享一些好看的將棋小說!!",職業棋士,False,百合,0.6329270488694018,0.2531708195477607
q18,"我最近剛看了龍王的工作的小說
雖然不懂將棋，但覺得對局的刻劃很棒
能看到將棋解說
也會側面描寫一些職業棋士、女流棋士的差別和情況

最喜歡的部分是銀子挑戰獎勵會那邊
書裡描寫的女性棋士會被小看的部分
那種低人一等、逆境求生的感覺做得很真實(?不會形容，總之很有代入感
銀子加油，不要輸給將棋星人!

希望各位能分享一些好看的將棋小說!!",職業棋士,False,轉生,0.636725272954972,0.2546901091819888
q18,"我最近剛看了龍王的工作的小說
雖然不懂將棋，但覺得對局的刻劃很棒
能看到將棋解說
也會側面描寫一些職業棋士、女流棋士的差別和情況

最喜歡的部分是銀子挑戰獎勵會那邊
書裡描寫的女性棋士會被小看的部分
那種低人一等、逆境求生的感覺做得很真實(?不會形容，總之很有代入感
銀子加油，不要輸給將棋星人!

希望各位能分享一些好看的將棋小說!!",職業棋士,False,治癒,0.6429315579645504,0.2571726231858202
q18,"我最近剛看了龍王的工作的小說
雖然不懂將棋，但覺得對局的刻劃很棒
能看到將棋解說
也會側面描寫一些職業棋士、女流棋士的差別和情況

最喜歡的部分是銀子挑戰獎勵會那邊
書裡描寫的女性棋士會被小看的部分
那種低人一等、逆境求生的感覺做得很真實(?不會形容，總之很有代入感
銀子加油，不要輸給將棋星人!

希望各位能分享一些好看的將棋小說!!",職業棋士,False,青梅竹馬,0.6332460099537104,0.2532984039814842
q18,"我最近剛看了龍王的工作的小說
雖然不懂將棋，但覺得對局的刻劃很棒
能看到將棋解說
也會側面描寫一些職業棋士、女流棋士的差別和情況

最喜歡的部分是銀子挑戰獎勵會那邊
書裡描寫的女性棋士會被小看的部分
那種低人一等、逆境求生的感覺做得很真實(?不會形容，總之很有代入感
銀子加油，不要輸給將棋星人!

希望各位能分享一些好看的將棋小說!!",職業棋士,False,女性視角,0.6470272118138457,0.2588108847255383
q18,"我最近剛看了龍王的工作的小說
雖然不懂將棋，但覺得對局的刻劃很棒
能看到將棋解說
也會側面描寫一些職業棋士、女流棋士的差別和情況

最喜歡的部分是銀子挑戰獎勵會那邊
書裡描寫的女性棋士會被小看的部分
那種低人一等、逆境求生的感覺做得很真實(?不會形容，總之很有代入感
銀子加油，不要輸給將棋星人!

希望各位能分享一些好看的將棋小說!!",職業棋士,False,性轉,0.6245381424487977,0.2498152569795191
q18,"我最近剛看了龍王的工作的小說
雖然不懂將棋，但覺得對局的刻劃很棒
能看到將棋解說
也會側面描寫一些職業棋士、女流棋士的差別和情況

最喜歡的部分是銀子挑戰獎勵會那邊
書裡描寫的女性棋士會被小看的部分
那種低人一等、逆境求生的感覺做得很真實(?不會形容，總之很有代入感
銀子加油，不要輸給將棋星人!

希望各位能分享一些好看的將棋小說!!",職業棋士,False,溫馨,0.651226265292753,0.2604905061171012
q18,"我最近剛看了龍王的工作的小說
雖然不懂將棋，但覺得對局的刻劃很棒
能看到將棋解說
也會側面描寫一些職業棋士、女流棋士的差別和情況

最喜歡的部分是銀子挑戰獎勵會那邊
書裡描寫的女性棋士會被小看的部分
那種低人一等、逆境求生的感覺做得很真實(?不會形容，總之很有代入感
銀子加油，不要輸給將棋星人!

希望各位能分享一些好看的將棋小說!!",職業棋士,False,經營,0.6483318510797322,0.2593327404318929
q18,"我最近剛看了龍王的工作的小說
雖然不懂將棋，但覺得對局的刻劃很棒
能看到將棋解說
也會側面描寫一些職業棋士、女流棋士的差別和情況

最喜歡的部分是銀子挑戰獎勵會那邊
書裡描寫的女性棋士會被小看的部分
那種低人一等、逆境求生的感覺做得很真實(?不會形容，總之很有代入感
銀子加油，不要輸給將棋星人!

希望各位能分享一些好看的將棋小說!!",職業棋士,False,獵奇,0.6506735536074415,0.2602694214429766
q18,"我最近剛看了龍王的工作的小說
雖然不懂將棋，但覺得對局的刻劃很棒
能看到將棋解說
也會側面描寫一些職業棋士、女流棋士的差別和情況

最喜歡的部分是銀子挑戰獎勵會那邊
書裡描寫的女性棋士會被小看的部分
那種低人一等、逆境求生的感覺做得很真實(?不會形容，總之很有代入感
銀子加油，不要輸給將棋星人!

希望各位能分享一些好看的將棋小說!!",職業棋士,False,復仇,0.7090144059849259,0.2836057623939704
q18,"我最近剛看了龍王的工作的小說
雖然不懂將棋，但覺得對局的刻劃很棒
能看到將棋解說
也會側面描寫一些職業棋士、女流棋士的差別和情況

最喜歡的部分是銀子挑戰獎勵會那邊
書裡描寫的女性棋士會被小看的部分
那種低人一等、逆境求生的感覺做得很真實(?不會形容，總之很有代入感
銀子加油，不要輸給將棋星人!

希望各位能分享一些好看的將棋小說!!",職業棋士,False,黑暗,0.628319476965344,0.2513277907861376
q18,"我最近剛看了龍王的工作的小說
雖然不懂將棋，但覺得對局的刻劃很棒
能看到將棋解說
也會側面描寫一些職業棋士、女流棋士的差別和情況

最喜歡的部分是銀子挑戰獎勵會那邊
書裡描寫的女性棋士會被小看的部分
那種低人一等、逆境求生的感覺做得很真實(?不會形容，總之很有代入感
銀子加油，不要輸給將棋星人!

希望各位能分享一些好看的將棋小說!!",職業棋士,False,末日,0.6150919165835769,0.24603676663343077
q18,"我最近剛看了龍王的工作的小說
雖然不懂將棋，但覺得對局的刻劃很棒
能看到將棋解說
也會側面描寫一些職業棋士、女流棋士的差別和情況

最喜歡的部分是銀子挑戰獎勵會那邊
書裡描寫的女性棋士會被小看的部分
那種低人一等、逆境求生的感覺做得很真實(?不會形容，總之很有代入感
銀子加油，不要輸給將棋星人!

希望各位能分享一些好看的將棋小說!!",職業棋士,False,遊戲,0.6516448441077112,0.2606579376430845
q18,"我最近剛看了龍王的工作的小說
雖然不懂將棋，但覺得對局的刻劃很棒
能看到將棋解說
也會側面描寫一些職業棋士、女流棋士的差別和情況

最喜歡的部分是銀子挑戰獎勵會那邊
書裡描寫的女性棋士會被小看的部分
那種低人一等、逆境求生的感覺做得很真實(?不會形容，總之很有代入感
銀子加油，不要輸給將棋星人!

希望各位能分享一些好看的將棋小說!!",職業棋士,False,戰鬥,0.628107869450546,0.2512431477802184
q18,"我最近剛看了龍王的工作的小說
雖然不懂將棋，但覺得對局的刻劃很棒
能看到將棋解說
也會側面描寫一些職業棋士、女流棋士的差別和情況

最喜歡的部分是銀子挑戰獎勵會那邊
書裡描寫的女性棋士會被小看的部分
那種低人一等、逆境求生的感覺做得很真實(?不會形容，總之很有代入感
銀子加油，不要輸給將棋星人!

希望各位能分享一些好看的將棋小說!!",職業棋士,False,青春,0.6326841094589494,0.25307364378357977
q18,"我最近剛看了龍王的工作的小說
雖然不懂將棋，但覺得對局的刻劃很棒
能看到將棋解說
也會側面描寫一些職業棋士、女流棋士的差別和情況

最喜歡的部分是銀子挑戰獎勵會那邊
書裡描寫的女性棋士會被小看的部分
那種低人一等、逆境求生的感覺做得很真實(?不會形容，總之很有代入感
銀子加油，不要輸給將棋星人!

希望各位能分享一些好看的將棋小說!!",職業棋士,False,群像,0.6507244557262597,0.26028978229050387
q18,"我最近剛看了龍王的工作的小說
雖然不懂將棋，但覺得對局的刻劃很棒
能看到將棋解說
也會側面描寫一些職業棋士、女流棋士的差別和情況

最喜歡的部分是銀子挑戰獎勵會那邊
書裡描寫的女性棋士會被小看的部分
那種低人一等、逆境求生的感覺做得很真實(?不會形容，總之很有代入感
銀子加油，不要輸給將棋星人!

希望各位能分享一些好看的將棋小說!!",職業棋士,False,歡樂向,0.6743127252612322,0.2697250901044929
q18,"我最近剛看了龍王的工作的小說
雖然不懂將棋，但覺得對局的刻劃很棒
能看到將棋解說
也會側面描寫一些職業棋士、女流棋士的差別和情況

最喜歡的部分是銀子挑戰獎勵會那邊
書裡描寫的女性棋士會被小看的部分
那種低人一等、逆境求生的感覺做得很真實(?不會形容，總之很有代入感
銀子加油，不要輸給將棋星人!

希望各位能分享一些好看的將棋小說!!",職業棋士,False,旅行,0.6310253252123286,0.25241013008493146
q18,"我最近剛看了龍王的工作的小說
雖然不懂將棋，但覺得對局的刻劃很棒
能看到將棋解說
也會側面描寫一些職業棋士、女流棋士的差別和情況

最喜歡的部分是銀子挑戰獎勵會那邊
書裡描寫的女性棋士會被小看的部分
那種低人一等、逆境求生的感覺做得很真實(?不會形容，總之很有代入感
銀子加油，不要輸給將棋星人!

希望各位能分享一些好看的將棋小說!!",職業棋士,False,惡役,0.636899677174499,0.2547598708697996
q18,"我最近剛看了龍王的工作的小說
雖然不懂將棋，但覺得對局的刻劃很棒
能看到將棋解說
也會側面描寫一些職業棋士、女流棋士的差別和情況

最喜歡的部分是銀子挑戰獎勵會那邊
書裡描寫的女性棋士會被小看的部分
那種低人一等、逆境求生的感覺做得很真實(?不會形容，總之很有代入感
銀子加油，不要輸給將棋星人!

希望各位能分享一些好看的將棋小說!!",職業棋士,False,機戰,0.6379721217797837,0.2551888487119135
q18,"我最近剛看了龍王的工作的小說
雖然不懂將棋，但覺得對局的刻劃很棒
能看到將棋解說
也會側面描寫一些職業棋士、女流棋士的差別和情況

最喜歡的部分是銀子挑戰獎勵會那邊
書裡描寫的女性棋士會被小看的部分
那種低人一等、逆境求生的感覺做得很真實(?不會形容，總之很有代入感
銀子加油，不要輸給將棋星人!

希望各位能分享一些好看的將棋小說!!",職業棋士,False,驚悚,0.6432834274566714,0.2573133709826686
q18,"我最近剛看了龍王的工作的小說
雖然不懂將棋，但覺得對局的刻劃很棒
能看到將棋解說
也會側面描寫一些職業棋士、女流棋士的差別和情況

最喜歡的部分是銀子挑戰獎勵會那邊
書裡描寫的女性棋士會被小看的部分
那種低人一等、逆境求生的感覺做得很真實(?不會形容，總之很有代入感
銀子加油，不要輸給將棋星人!

希望各位能分享一些好看的將棋小說!!",職業棋士,False,奇幻,0.667489946302164,0.2669959785208656
q18,"我最近剛看了龍王的工作的小說
雖然不懂將棋，但覺得對局的刻劃很棒
能看到將棋解說
也會側面描寫一些職業棋士、女流棋士的差別和情況

最喜歡的部分是銀子挑戰獎勵會那邊
書裡描寫的女性棋士會被小看的部分
那種低人一等、逆境求生的感覺做得很真實(?不會形容，總之很有代入感
銀子加油，不要輸給將棋星人!

希望各位能分享一些好看的將棋小說!!",職業棋士,False,JK,0.6507426882775711,0.26029707531102847
q18,"我最近剛看了龍王的工作的小說
雖然不懂將棋，但覺得對局的刻劃很棒
能看到將棋解說
也會側面描寫一些職業棋士、女流棋士的差別和情況

最喜歡的部分是銀子挑戰獎勵會那邊
書裡描寫的女性棋士會被小看的部分
那種低人一等、逆境求生的感覺做得很真實(?不會形容，總之很有代入感
銀子加油，不要輸給將棋星人!

希望各位能分享一些好看的將棋小說!!",職業棋士,False,後宮,0.6420088007643545,0.25680352030574183
q18,"我最近剛看了龍王的工作的小說
雖然不懂將棋，但覺得對局的刻劃很棒
能看到將棋解說
也會側面描寫一些職業棋士、女流棋士的差別和情況

最喜歡的部分是銀子挑戰獎勵會那邊
書裡描寫的女性棋士會被小看的部分
那種低人一等、逆境求生的感覺做得很真實(?不會形容，總之很有代入感
銀子加油，不要輸給將棋星人!

希望各位能分享一些好看的將棋小說!!",職業棋士,False,耽美,0.6604912651485105,0.2641965060594042
q18,"我最近剛看了龍王的工作的小說
雖然不懂將棋，但覺得對局的刻劃很棒
能看到將棋解說
也會側面描寫一些職業棋士、女流棋士的差別和情況

最喜歡的部分是銀子挑戰獎勵會那邊
書裡描寫的女性棋士會被小看的部分
那種低人一等、逆境求生的感覺做得很真實(?不會形容，總之很有代入感
銀子加油，不要輸給將棋星人!

希望各位能分享一些好看的將棋小說!!",職業棋士,False,妹妹,0.6098194787479828,0.24392779149919314
q18,"我最近剛看了龍王的工作的小說
雖然不懂將棋，但覺得對局的刻劃很棒
能看到將棋解說
也會側面描寫一些職業棋士、女流棋士的差別和情況

最喜歡的部分是銀子挑戰獎勵會那邊
書裡描寫的女性棋士會被小看的部分
那種低人一等、逆境求生的感覺做得很真實(?不會形容，總之很有代入感
銀子加油，不要輸給將棋星人!

希望各位能分享一些好看的將棋小說!!",職業棋士,False,龍傲天,0.6365071559715025,0.254602862388601
q18,"我最近剛看了龍王的工作的小說
雖然不懂將棋，但覺得對局的刻劃很棒
能看到將棋解說
也會側面描寫一些職業棋士、女流棋士的差別和情況

最喜歡的部分是銀子挑戰獎勵會那邊
書裡描寫的女性棋士會被小看的部分
那種低人一等、逆境求生的感覺做得很真實(?不會形容，總之很有代入感
銀子加油，不要輸給將棋星人!

希望各位能分享一些好看的將棋小說!!",職業棋士,False,職場,0.6716536350481934,0.2686614540192774
q18,"我最近剛看了龍王的工作的小說
雖然不懂將棋，但覺得對局的刻劃很棒
能看到將棋解說
也會側面描寫一些職業棋士、女流棋士的差別和情況

最喜歡的部分是銀子挑戰獎勵會那邊
書裡描寫的女性棋士會被小看的部分
那種低人一等、逆境求生的感覺做得很真實(?不會形容，總之很有代入感
銀子加油，不要輸給將棋星人!

希望各位能分享一些好看的將棋小說!!",職業棋士,False,推理,0.6692251586198144,0.26769006344792573
q18,"我最近剛看了龍王的工作的小說
雖然不懂將棋，但覺得對局的刻劃很棒
能看到將棋解說
也會側面描寫一些職業棋士、女流棋士的差別和情況

最喜歡的部分是銀子挑戰獎勵會那邊
書裡描寫的女性棋士會被小看的部分
那種低人一等、逆境求生的感覺做得很真實(?不會形容，總之很有代入感
銀子加油，不要輸給將棋星人!

希望各位能分享一些好看的將棋小說!!",職業棋士,False,JC,0.6410449029150839,0.25641796116603355
q18,"我最近剛看了龍王的工作的小說
雖然不懂將棋，但覺得對局的刻劃很棒
能看到將棋解說
也會側面描寫一些職業棋士、女流棋士的差別和情況

最喜歡的部分是銀子挑戰獎勵會那邊
書裡描寫的女性棋士會被小看的部分
那種低人一等、逆境求生的感覺做得很真實(?不會形容，總之很有代入感
銀子加油，不要輸給將棋星人!

希望各位能分享一些好看的將棋小說!!",職業棋士,False,宅文化,0.6309890625312811,0.25239562501251245
q18,"我最近剛看了龍王的工作的小說
雖然不懂將棋，但覺得對局的刻劃很棒
能看到將棋解說
也會側面描寫一些職業棋士、女流棋士的差別和情況

最喜歡的部分是銀子挑戰獎勵會那邊
書裡描寫的女性棋士會被小看的部分
那種低人一等、逆境求生的感覺做得很真實(?不會形容，總之很有代入感
銀子加油，不要輸給將棋星人!

希望各位能分享一些好看的將棋小說!!",職業棋士,False,校園,0.6404232989482188,0.2561693195792875
q18,"我最近剛看了龍王的工作的小說
雖然不懂將棋，但覺得對局的刻劃很棒
能看到將棋解說
也會側面描寫一些職業棋士、女流棋士的差別和情況

最喜歡的部分是銀子挑戰獎勵會那邊
書裡描寫的女性棋士會被小看的部分
那種低人一等、逆境求生的感覺做得很真實(?不會形容，總之很有代入感
銀子加油，不要輸給將棋星人!

希望各位能分享一些好看的將棋小說!!",職業棋士,False,同人,0.6450997736506847,0.2580399094602739
q18,"我最近剛看了龍王的工作的小說
雖然不懂將棋，但覺得對局的刻劃很棒
能看到將棋解說
也會側面描寫一些職業棋士、女流棋士的差別和情況

最喜歡的部分是銀子挑戰獎勵會那邊
書裡描寫的女性棋士會被小看的部分
那種低人一等、逆境求生的感覺做得很真實(?不會形容，總之很有代入感
銀子加油，不要輸給將棋星人!

希望各位能分享一些好看的將棋小說!!",職業棋士,False,偽娘,0.6166454960391705,0.24665819841566822
q18,"我最近剛看了龍王的工作的小說
雖然不懂將棋，但覺得對局的刻劃很棒
能看到將棋解說
也會側面描寫一些職業棋士、女流棋士的差別和情況

最喜歡的部分是銀子挑戰獎勵會那邊
書裡描寫的女性棋士會被小看的部分
那種低人一等、逆境求生的感覺做得很真實(?不會形容，總之很有代入感
銀子加油，不要輸給將棋星人!

希望各位能分享一些好看的將棋小說!!",職業棋士,False,NTR,0.6440332577778353,0.2576133031111341
q18,"我最近剛看了龍王的工作的小說
雖然不懂將棋，但覺得對局的刻劃很棒
能看到將棋解說
也會側面描寫一些職業棋士、女流棋士的差別和情況

最喜歡的部分是銀子挑戰獎勵會那邊
書裡描寫的女性棋士會被小看的部分
那種低人一等、逆境求生的感覺做得很真實(?不會形容，總之很有代入感
銀子加油，不要輸給將棋星人!

希望各位能分享一些好看的將棋小說!!",職業棋士,False,異能,0.6473186943826952,0.25892747775307806
q18,"我最近剛看了龍王的工作的小說
雖然不懂將棋，但覺得對局的刻劃很棒
能看到將棋解說
也會側面描寫一些職業棋士、女流棋士的差別和情況

最喜歡的部分是銀子挑戰獎勵會那邊
書裡描寫的女性棋士會被小看的部分
那種低人一等、逆境求生的感覺做得很真實(?不會形容，總之很有代入感
銀子加油，不要輸給將棋星人!

希望各位能分享一些好看的將棋小說!!",職業棋士,False,戰爭,0.6367272183553939,0.25469088734215756
q18,"我最近剛看了龍王的工作的小說
雖然不懂將棋，但覺得對局的刻劃很棒
能看到將棋解說
也會側面描寫一些職業棋士、女流棋士的差別和情況

最喜歡的部分是銀子挑戰獎勵會那邊
書裡描寫的女性棋士會被小看的部分
那種低人一等、逆境求生的感覺做得很真實(?不會形容，總之很有代入感
銀子加油，不要輸給將棋星人!

希望各位能分享一些好看的將棋小說!!",職業棋士,False,音樂,0.6415326973358856,0.25661307893435426
q18,"我最近剛看了龍王的工作的小說
雖然不懂將棋，但覺得對局的刻劃很棒
能看到將棋解說
也會側面描寫一些職業棋士、女流棋士的差別和情況

最喜歡的部分是銀子挑戰獎勵會那邊
書裡描寫的女性棋士會被小看的部分
那種低人一等、逆境求生的感覺做得很真實(?不會形容，總之很有代入感
銀子加油，不要輸給將棋星人!

希望各位能分享一些好看的將棋小說!!",職業棋士,False,病嬌,0.6293089874555979,0.2517235949822392
q18,"我最近剛看了龍王的工作的小說
雖然不懂將棋，但覺得對局的刻劃很棒
能看到將棋解說
也會側面描寫一些職業棋士、女流棋士的差別和情況

最喜歡的部分是銀子挑戰獎勵會那邊
書裡描寫的女性棋士會被小看的部分
那種低人一等、逆境求生的感覺做得很真實(?不會形容，總之很有代入感
銀子加油，不要輸給將棋星人!

希望各位能分享一些好看的將棋小說!!",職業棋士,False,熱血,0.6499472566493731,0.25997890265974927
q18,"我最近剛看了龍王的工作的小說
雖然不懂將棋，但覺得對局的刻劃很棒
能看到將棋解說
也會側面描寫一些職業棋士、女流棋士的差別和情況

最喜歡的部分是銀子挑戰獎勵會那邊
書裡描寫的女性棋士會被小看的部分
那種低人一等、逆境求生的感覺做得很真實(?不會形容，總之很有代入感
銀子加油，不要輸給將棋星人!

希望各位能分享一些好看的將棋小說!!",職業棋士,False,間諜,0.6245952256939867,0.2498380902775947
q18,"我最近剛看了龍王的工作的小說
雖然不懂將棋，但覺得對局的刻劃很棒
能看到將棋解說
也會側面描寫一些職業棋士、女流棋士的差別和情況

最喜歡的部分是銀子挑戰獎勵會那邊
書裡描寫的女性棋士會被小看的部分
那種低人一等、逆境求生的感覺做得很真實(?不會形容，總之很有代入感
銀子加油，不要輸給將棋星人!

希望各位能分享一些好看的將棋小說!!",職業棋士,False,冒險,0.6521611830886835,0.2608644732354734
q18,"我最近剛看了龍王的工作的小說
雖然不懂將棋，但覺得對局的刻劃很棒
能看到將棋解說
也會側面描寫一些職業棋士、女流棋士的差別和情況

最喜歡的部分是銀子挑戰獎勵會那邊
書裡描寫的女性棋士會被小看的部分
那種低人一等、逆境求生的感覺做得很真實(?不會形容，總之很有代入感
銀子加油，不要輸給將棋星人!

希望各位能分享一些好看的將棋小說!!",職業棋士,False,大小姐,0.6285386264519471,0.25141545058077885
q18,"我最近剛看了龍王的工作的小說
雖然不懂將棋，但覺得對局的刻劃很棒
能看到將棋解說
也會側面描寫一些職業棋士、女流棋士的差別和情況

最喜歡的部分是銀子挑戰獎勵會那邊
書裡描寫的女性棋士會被小看的部分
那種低人一等、逆境求生的感覺做得很真實(?不會形容，總之很有代入感
銀子加油，不要輸給將棋星人!

希望各位能分享一些好看的將棋小說!!",職業棋士,False,女兒,0.7282330615188484,0.29129322460753937
q18,"我最近剛看了龍王的工作的小說
雖然不懂將棋，但覺得對局的刻劃很棒
能看到將棋解說
也會側面描寫一些職業棋士、女流棋士的差別和情況

最喜歡的部分是銀子挑戰獎勵會那邊
書裡描寫的女性棋士會被小看的部分
那種低人一等、逆境求生的感覺做得很真實(?不會形容，總之很有代入感
銀子加油，不要輸給將棋星人!

希望各位能分享一些好看的將棋小說!!",職業棋士,False,人外,0.6434897374791984,0.25739589499167936
q18,"我最近剛看了龍王的工作的小說
雖然不懂將棋，但覺得對局的刻劃很棒
能看到將棋解說
也會側面描寫一些職業棋士、女流棋士的差別和情況

最喜歡的部分是銀子挑戰獎勵會那邊
書裡描寫的女性棋士會被小看的部分
那種低人一等、逆境求生的感覺做得很真實(?不會形容，總之很有代入感
銀子加油，不要輸給將棋星人!

希望各位能分享一些好看的將棋小說!!",職業棋士,False,美食,0.6056490888395111,0.24225963553580443
q18,"我最近剛看了龍王的工作的小說
雖然不懂將棋，但覺得對局的刻劃很棒
能看到將棋解說
也會側面描寫一些職業棋士、女流棋士的差別和情況

最喜歡的部分是銀子挑戰獎勵會那邊
書裡描寫的女性棋士會被小看的部分
那種低人一等、逆境求生的感覺做得很真實(?不會形容，總之很有代入感
銀子加油，不要輸給將棋星人!

希望各位能分享一些好看的將棋小說!!",職業棋士,False,異世界,0.6412546620131157,0.2565018648052463
q18,"我最近剛看了龍王的工作的小說
雖然不懂將棋，但覺得對局的刻劃很棒
能看到將棋解說
也會側面描寫一些職業棋士、女流棋士的差別和情況

最喜歡的部分是銀子挑戰獎勵會那邊
書裡描寫的女性棋士會被小看的部分
那種低人一等、逆境求生的感覺做得很真實(?不會形容，總之很有代入感
銀子加油，不要輸給將棋星人!

希望各位能分享一些好看的將棋小說!!",職業棋士,False,懸疑,0.662401859023848,0.2649607436095392
q18,"我最近剛看了龍王的工作的小說
雖然不懂將棋，但覺得對局的刻劃很棒
能看到將棋解說
也會側面描寫一些職業棋士、女流棋士的差別和情況

最喜歡的部分是銀子挑戰獎勵會那邊
書裡描寫的女性棋士會被小看的部分
那種低人一等、逆境求生的感覺做得很真實(?不會形容，總之很有代入感
銀子加油，不要輸給將棋星人!

希望各位能分享一些好看的將棋小說!!",女流棋士,False,競技,0.6389631131036094,0.25558524524144377
q18,"我最近剛看了龍王的工作的小說
雖然不懂將棋，但覺得對局的刻劃很棒
能看到將棋解說
也會側面描寫一些職業棋士、女流棋士的差別和情況

最喜歡的部分是銀子挑戰獎勵會那邊
書裡描寫的女性棋士會被小看的部分
那種低人一等、逆境求生的感覺做得很真實(?不會形容，總之很有代入感
銀子加油，不要輸給將棋星人!

希望各位能分享一些好看的將棋小說!!",女流棋士,False,大逃殺,0.6172681573865962,0.2469072629546385
q18,"我最近剛看了龍王的工作的小說
雖然不懂將棋，但覺得對局的刻劃很棒
能看到將棋解說
也會側面描寫一些職業棋士、女流棋士的差別和情況

最喜歡的部分是銀子挑戰獎勵會那邊
書裡描寫的女性棋士會被小看的部分
那種低人一等、逆境求生的感覺做得很真實(?不會形容，總之很有代入感
銀子加油，不要輸給將棋星人!

希望各位能分享一些好看的將棋小說!!",女流棋士,False,戀愛,0.6486967085067945,0.2594786834027178
q18,"我最近剛看了龍王的工作的小說
雖然不懂將棋，但覺得對局的刻劃很棒
能看到將棋解說
也會側面描寫一些職業棋士、女流棋士的差別和情況

最喜歡的部分是銀子挑戰獎勵會那邊
書裡描寫的女性棋士會被小看的部分
那種低人一等、逆境求生的感覺做得很真實(?不會形容，總之很有代入感
銀子加油，不要輸給將棋星人!

希望各位能分享一些好看的將棋小說!!",女流棋士,False,犯罪,0.6239427318037954,0.24957709272151818
q18,"我最近剛看了龍王的工作的小說
雖然不懂將棋，但覺得對局的刻劃很棒
能看到將棋解說
也會側面描寫一些職業棋士、女流棋士的差別和情況

最喜歡的部分是銀子挑戰獎勵會那邊
書裡描寫的女性棋士會被小看的部分
那種低人一等、逆境求生的感覺做得很真實(?不會形容，總之很有代入感
銀子加油，不要輸給將棋星人!

希望各位能分享一些好看的將棋小說!!",女流棋士,False,鬥智,0.6563220651129289,0.2625288260451716
q18,"我最近剛看了龍王的工作的小說
雖然不懂將棋，但覺得對局的刻劃很棒
能看到將棋解說
也會側面描寫一些職業棋士、女流棋士的差別和情況

最喜歡的部分是銀子挑戰獎勵會那邊
書裡描寫的女性棋士會被小看的部分
那種低人一等、逆境求生的感覺做得很真實(?不會形容，總之很有代入感
銀子加油，不要輸給將棋星人!

希望各位能分享一些好看的將棋小說!!",女流棋士,False,科幻,0.6496131923911111,0.2598452769564445
q18,"我最近剛看了龍王的工作的小說
雖然不懂將棋，但覺得對局的刻劃很棒
能看到將棋解說
也會側面描寫一些職業棋士、女流棋士的差別和情況

最喜歡的部分是銀子挑戰獎勵會那邊
書裡描寫的女性棋士會被小看的部分
那種低人一等、逆境求生的感覺做得很真實(?不會形容，總之很有代入感
銀子加油，不要輸給將棋星人!

希望各位能分享一些好看的將棋小說!!",女流棋士,False,格鬥,0.6177722925688722,0.2471089170275489
q18,"我最近剛看了龍王的工作的小說
雖然不懂將棋，但覺得對局的刻劃很棒
能看到將棋解說
也會側面描寫一些職業棋士、女流棋士的差別和情況

最喜歡的部分是銀子挑戰獎勵會那邊
書裡描寫的女性棋士會被小看的部分
那種低人一等、逆境求生的感覺做得很真實(?不會形容，總之很有代入感
銀子加油，不要輸給將棋星人!

希望各位能分享一些好看的將棋小說!!",女流棋士,False,百合,0.6744568472259637,0.26978273889038545
q18,"我最近剛看了龍王的工作的小說
雖然不懂將棋，但覺得對局的刻劃很棒
能看到將棋解說
也會側面描寫一些職業棋士、女流棋士的差別和情況

最喜歡的部分是銀子挑戰獎勵會那邊
書裡描寫的女性棋士會被小看的部分
那種低人一等、逆境求生的感覺做得很真實(?不會形容，總之很有代入感
銀子加油，不要輸給將棋星人!

希望各位能分享一些好看的將棋小說!!",女流棋士,False,轉生,0.6192562005475226,0.24770248021900906
q18,"我最近剛看了龍王的工作的小說
雖然不懂將棋，但覺得對局的刻劃很棒
能看到將棋解說
也會側面描寫一些職業棋士、女流棋士的差別和情況

最喜歡的部分是銀子挑戰獎勵會那邊
書裡描寫的女性棋士會被小看的部分
那種低人一等、逆境求生的感覺做得很真實(?不會形容，總之很有代入感
銀子加油，不要輸給將棋星人!

希望各位能分享一些好看的將棋小說!!",女流棋士,False,治癒,0.6402699546808521,0.25610798187234085
q18,"我最近剛看了龍王的工作的小說
雖然不懂將棋，但覺得對局的刻劃很棒
能看到將棋解說
也會側面描寫一些職業棋士、女流棋士的差別和情況

最喜歡的部分是銀子挑戰獎勵會那邊
書裡描寫的女性棋士會被小看的部分
那種低人一等、逆境求生的感覺做得很真實(?不會形容，總之很有代入感
銀子加油，不要輸給將棋星人!

希望各位能分享一些好看的將棋小說!!",女流棋士,False,青梅竹馬,0.6255058650577294,0.25020234602309177
q18,"我最近剛看了龍王的工作的小說
雖然不懂將棋，但覺得對局的刻劃很棒
能看到將棋解說
也會側面描寫一些職業棋士、女流棋士的差別和情況

最喜歡的部分是銀子挑戰獎勵會那邊
書裡描寫的女性棋士會被小看的部分
那種低人一等、逆境求生的感覺做得很真實(?不會形容，總之很有代入感
銀子加油，不要輸給將棋星人!

希望各位能分享一些好看的將棋小說!!",女流棋士,False,女性視角,0.7005381356009315,0.2802152542403726
q18,"我最近剛看了龍王的工作的小說
雖然不懂將棋，但覺得對局的刻劃很棒
能看到將棋解說
也會側面描寫一些職業棋士、女流棋士的差別和情況

最喜歡的部分是銀子挑戰獎勵會那邊
書裡描寫的女性棋士會被小看的部分
那種低人一等、逆境求生的感覺做得很真實(?不會形容，總之很有代入感
銀子加油，不要輸給將棋星人!

希望各位能分享一些好看的將棋小說!!",女流棋士,False,性轉,0.6499906320188469,0.25999625280753874
q18,"我最近剛看了龍王的工作的小說
雖然不懂將棋，但覺得對局的刻劃很棒
能看到將棋解說
也會側面描寫一些職業棋士、女流棋士的差別和情況

最喜歡的部分是銀子挑戰獎勵會那邊
書裡描寫的女性棋士會被小看的部分
那種低人一等、逆境求生的感覺做得很真實(?不會形容，總之很有代入感
銀子加油，不要輸給將棋星人!

希望各位能分享一些好看的將棋小說!!",女流棋士,False,溫馨,0.6533861997455765,0.26135447989823063
q18,"我最近剛看了龍王的工作的小說
雖然不懂將棋，但覺得對局的刻劃很棒
能看到將棋解說
也會側面描寫一些職業棋士、女流棋士的差別和情況

最喜歡的部分是銀子挑戰獎勵會那邊
書裡描寫的女性棋士會被小看的部分
那種低人一等、逆境求生的感覺做得很真實(?不會形容，總之很有代入感
銀子加油，不要輸給將棋星人!

希望各位能分享一些好看的將棋小說!!",女流棋士,False,經營,0.6227047106361662,0.24908188425446648
q18,"我最近剛看了龍王的工作的小說
雖然不懂將棋，但覺得對局的刻劃很棒
能看到將棋解說
也會側面描寫一些職業棋士、女流棋士的差別和情況

最喜歡的部分是銀子挑戰獎勵會那邊
書裡描寫的女性棋士會被小看的部分
那種低人一等、逆境求生的感覺做得很真實(?不會形容，總之很有代入感
銀子加油，不要輸給將棋星人!

希望各位能分享一些好看的將棋小說!!",女流棋士,False,獵奇,0.6531953747764478,0.2612781499105791
q18,"我最近剛看了龍王的工作的小說
雖然不懂將棋，但覺得對局的刻劃很棒
能看到將棋解說
也會側面描寫一些職業棋士、女流棋士的差別和情況

最喜歡的部分是銀子挑戰獎勵會那邊
書裡描寫的女性棋士會被小看的部分
那種低人一等、逆境求生的感覺做得很真實(?不會形容，總之很有代入感
銀子加油，不要輸給將棋星人!

希望各位能分享一些好看的將棋小說!!",女流棋士,False,復仇,0.7106658657882667,0.28426634631530673
q18,"我最近剛看了龍王的工作的小說
雖然不懂將棋，但覺得對局的刻劃很棒
能看到將棋解說
也會側面描寫一些職業棋士、女流棋士的差別和情況

最喜歡的部分是銀子挑戰獎勵會那邊
書裡描寫的女性棋士會被小看的部分
那種低人一等、逆境求生的感覺做得很真實(?不會形容，總之很有代入感
銀子加油，不要輸給將棋星人!

希望各位能分享一些好看的將棋小說!!",女流棋士,False,黑暗,0.6279520155302453,0.2511808062120981
q18,"我最近剛看了龍王的工作的小說
雖然不懂將棋，但覺得對局的刻劃很棒
能看到將棋解說
也會側面描寫一些職業棋士、女流棋士的差別和情況

最喜歡的部分是銀子挑戰獎勵會那邊
書裡描寫的女性棋士會被小看的部分
那種低人一等、逆境求生的感覺做得很真實(?不會形容，總之很有代入感
銀子加油，不要輸給將棋星人!

希望各位能分享一些好看的將棋小說!!",女流棋士,False,末日,0.6056337541206631,0.24225350164826526
q18,"我最近剛看了龍王的工作的小說
雖然不懂將棋，但覺得對局的刻劃很棒
能看到將棋解說
也會側面描寫一些職業棋士、女流棋士的差別和情況

最喜歡的部分是銀子挑戰獎勵會那邊
書裡描寫的女性棋士會被小看的部分
那種低人一等、逆境求生的感覺做得很真實(?不會形容，總之很有代入感
銀子加油，不要輸給將棋星人!

希望各位能分享一些好看的將棋小說!!",女流棋士,False,遊戲,0.6394697638963929,0.2557879055585572
q18,"我最近剛看了龍王的工作的小說
雖然不懂將棋，但覺得對局的刻劃很棒
能看到將棋解說
也會側面描寫一些職業棋士、女流棋士的差別和情況

最喜歡的部分是銀子挑戰獎勵會那邊
書裡描寫的女性棋士會被小看的部分
那種低人一等、逆境求生的感覺做得很真實(?不會形容，總之很有代入感
銀子加油，不要輸給將棋星人!

希望各位能分享一些好看的將棋小說!!",女流棋士,False,戰鬥,0.6135414078553663,0.24541656314214652
q18,"我最近剛看了龍王的工作的小說
雖然不懂將棋，但覺得對局的刻劃很棒
能看到將棋解說
也會側面描寫一些職業棋士、女流棋士的差別和情況

最喜歡的部分是銀子挑戰獎勵會那邊
書裡描寫的女性棋士會被小看的部分
那種低人一等、逆境求生的感覺做得很真實(?不會形容，總之很有代入感
銀子加油，不要輸給將棋星人!

希望各位能分享一些好看的將棋小說!!",女流棋士,False,青春,0.6292642498576448,0.25170569994305797
q18,"我最近剛看了龍王的工作的小說
雖然不懂將棋，但覺得對局的刻劃很棒
能看到將棋解說
也會側面描寫一些職業棋士、女流棋士的差別和情況

最喜歡的部分是銀子挑戰獎勵會那邊
書裡描寫的女性棋士會被小看的部分
那種低人一等、逆境求生的感覺做得很真實(?不會形容，總之很有代入感
銀子加油，不要輸給將棋星人!

希望各位能分享一些好看的將棋小說!!",女流棋士,False,群像,0.6460579963140599,0.25842319852562395
q18,"我最近剛看了龍王的工作的小說
雖然不懂將棋，但覺得對局的刻劃很棒
能看到將棋解說
也會側面描寫一些職業棋士、女流棋士的差別和情況

最喜歡的部分是銀子挑戰獎勵會那邊
書裡描寫的女性棋士會被小看的部分
那種低人一等、逆境求生的感覺做得很真實(?不會形容，總之很有代入感
銀子加油，不要輸給將棋星人!

希望各位能分享一些好看的將棋小說!!",女流棋士,False,歡樂向,0.6737007061693456,0.26948028246773825
q18,"我最近剛看了龍王的工作的小說
雖然不懂將棋，但覺得對局的刻劃很棒
能看到將棋解說
也會側面描寫一些職業棋士、女流棋士的差別和情況

最喜歡的部分是銀子挑戰獎勵會那邊
書裡描寫的女性棋士會被小看的部分
那種低人一等、逆境求生的感覺做得很真實(?不會形容，總之很有代入感
銀子加油，不要輸給將棋星人!

希望各位能分享一些好看的將棋小說!!",女流棋士,False,旅行,0.6173474139564786,0.24693896558259146
q18,"我最近剛看了龍王的工作的小說
雖然不懂將棋，但覺得對局的刻劃很棒
能看到將棋解說
也會側面描寫一些職業棋士、女流棋士的差別和情況

最喜歡的部分是銀子挑戰獎勵會那邊
書裡描寫的女性棋士會被小看的部分
那種低人一等、逆境求生的感覺做得很真實(?不會形容，總之很有代入感
銀子加油，不要輸給將棋星人!

希望各位能分享一些好看的將棋小說!!",女流棋士,False,惡役,0.631829056706605,0.25273162268264204
q18,"我最近剛看了龍王的工作的小說
雖然不懂將棋，但覺得對局的刻劃很棒
能看到將棋解說
也會側面描寫一些職業棋士、女流棋士的差別和情況

最喜歡的部分是銀子挑戰獎勵會那邊
書裡描寫的女性棋士會被小看的部分
那種低人一等、逆境求生的感覺做得很真實(?不會形容，總之很有代入感
銀子加油，不要輸給將棋星人!

希望各位能分享一些好看的將棋小說!!",女流棋士,False,蘿莉,0.6440893311765785,0.25763573247063143
q18,"我最近剛看了龍王的工作的小說
雖然不懂將棋，但覺得對局的刻劃很棒
能看到將棋解說
也會側面描寫一些職業棋士、女流棋士的差別和情況

最喜歡的部分是銀子挑戰獎勵會那邊
書裡描寫的女性棋士會被小看的部分
那種低人一等、逆境求生的感覺做得很真實(?不會形容，總之很有代入感
銀子加油，不要輸給將棋星人!

希望各位能分享一些好看的將棋小說!!",女流棋士,False,機戰,0.626611369677166,0.25064454787086643
q18,"我最近剛看了龍王的工作的小說
雖然不懂將棋，但覺得對局的刻劃很棒
能看到將棋解說
也會側面描寫一些職業棋士、女流棋士的差別和情況

最喜歡的部分是銀子挑戰獎勵會那邊
書裡描寫的女性棋士會被小看的部分
那種低人一等、逆境求生的感覺做得很真實(?不會形容，總之很有代入感
銀子加油，不要輸給將棋星人!

希望各位能分享一些好看的將棋小說!!",女流棋士,False,驚悚,0.6415088864359292,0.2566035545743717
q18,"我最近剛看了龍王的工作的小說
雖然不懂將棋，但覺得對局的刻劃很棒
能看到將棋解說
也會側面描寫一些職業棋士、女流棋士的差別和情況

最喜歡的部分是銀子挑戰獎勵會那邊
書裡描寫的女性棋士會被小看的部分
那種低人一等、逆境求生的感覺做得很真實(?不會形容，總之很有代入感
銀子加油，不要輸給將棋星人!

希望各位能分享一些好看的將棋小說!!",女流棋士,False,奇幻,0.6548785690712274,0.261951427628491
q18,"我最近剛看了龍王的工作的小說
雖然不懂將棋，但覺得對局的刻劃很棒
能看到將棋解說
也會側面描寫一些職業棋士、女流棋士的差別和情況

最喜歡的部分是銀子挑戰獎勵會那邊
書裡描寫的女性棋士會被小看的部分
那種低人一等、逆境求生的感覺做得很真實(?不會形容，總之很有代入感
銀子加油，不要輸給將棋星人!

希望各位能分享一些好看的將棋小說!!",女流棋士,False,JK,0.6628917292134238,0.26515669168536954
q18,"我最近剛看了龍王的工作的小說
雖然不懂將棋，但覺得對局的刻劃很棒
能看到將棋解說
也會側面描寫一些職業棋士、女流棋士的差別和情況

最喜歡的部分是銀子挑戰獎勵會那邊
書裡描寫的女性棋士會被小看的部分
那種低人一等、逆境求生的感覺做得很真實(?不會形容，總之很有代入感
銀子加油，不要輸給將棋星人!

希望各位能分享一些好看的將棋小說!!",女流棋士,False,後宮,0.6583649252816572,0.2633459701126629
q18,"我最近剛看了龍王的工作的小說
雖然不懂將棋，但覺得對局的刻劃很棒
能看到將棋解說
也會側面描寫一些職業棋士、女流棋士的差別和情況

最喜歡的部分是銀子挑戰獎勵會那邊
書裡描寫的女性棋士會被小看的部分
那種低人一等、逆境求生的感覺做得很真實(?不會形容，總之很有代入感
銀子加油，不要輸給將棋星人!

希望各位能分享一些好看的將棋小說!!",女流棋士,False,耽美,0.6438332607031312,0.2575333042812525
q18,"我最近剛看了龍王的工作的小說
雖然不懂將棋，但覺得對局的刻劃很棒
能看到將棋解說
也會側面描寫一些職業棋士、女流棋士的差別和情況

最喜歡的部分是銀子挑戰獎勵會那邊
書裡描寫的女性棋士會被小看的部分
那種低人一等、逆境求生的感覺做得很真實(?不會形容，總之很有代入感
銀子加油，不要輸給將棋星人!

希望各位能分享一些好看的將棋小說!!",女流棋士,False,妹妹,0.6360083012787137,0.25440332051148545
q18,"我最近剛看了龍王的工作的小說
雖然不懂將棋，但覺得對局的刻劃很棒
能看到將棋解說
也會側面描寫一些職業棋士、女流棋士的差別和情況

最喜歡的部分是銀子挑戰獎勵會那邊
書裡描寫的女性棋士會被小看的部分
那種低人一等、逆境求生的感覺做得很真實(?不會形容，總之很有代入感
銀子加油，不要輸給將棋星人!

希望各位能分享一些好看的將棋小說!!",女流棋士,False,職場,0.6379087169160961,0.25516348676643846
q18,"我最近剛看了龍王的工作的小說
雖然不懂將棋，但覺得對局的刻劃很棒
能看到將棋解說
也會側面描寫一些職業棋士、女流棋士的差別和情況

最喜歡的部分是銀子挑戰獎勵會那邊
書裡描寫的女性棋士會被小看的部分
那種低人一等、逆境求生的感覺做得很真實(?不會形容，總之很有代入感
銀子加油，不要輸給將棋星人!

希望各位能分享一些好看的將棋小說!!",女流棋士,False,推理,0.6566068031439988,0.2626427212575995
q18,"我最近剛看了龍王的工作的小說
雖然不懂將棋，但覺得對局的刻劃很棒
能看到將棋解說
也會側面描寫一些職業棋士、女流棋士的差別和情況

最喜歡的部分是銀子挑戰獎勵會那邊
書裡描寫的女性棋士會被小看的部分
那種低人一等、逆境求生的感覺做得很真實(?不會形容，總之很有代入感
銀子加油，不要輸給將棋星人!

希望各位能分享一些好看的將棋小說!!",女流棋士,False,JC,0.6475264623756676,0.259010584950267
q18,"我最近剛看了龍王的工作的小說
雖然不懂將棋，但覺得對局的刻劃很棒
能看到將棋解說
也會側面描寫一些職業棋士、女流棋士的差別和情況

最喜歡的部分是銀子挑戰獎勵會那邊
書裡描寫的女性棋士會被小看的部分
那種低人一等、逆境求生的感覺做得很真實(?不會形容，總之很有代入感
銀子加油，不要輸給將棋星人!

希望各位能分享一些好看的將棋小說!!",女流棋士,False,宅文化,0.6300043326439515,0.2520017330575806
q18,"我最近剛看了龍王的工作的小說
雖然不懂將棋，但覺得對局的刻劃很棒
能看到將棋解說
也會側面描寫一些職業棋士、女流棋士的差別和情況

最喜歡的部分是銀子挑戰獎勵會那邊
書裡描寫的女性棋士會被小看的部分
那種低人一等、逆境求生的感覺做得很真實(?不會形容，總之很有代入感
銀子加油，不要輸給將棋星人!

希望各位能分享一些好看的將棋小說!!",女流棋士,False,校園,0.6308023189001404,0.25232092756005614
q18,"我最近剛看了龍王的工作的小說
雖然不懂將棋，但覺得對局的刻劃很棒
能看到將棋解說
也會側面描寫一些職業棋士、女流棋士的差別和情況

最喜歡的部分是銀子挑戰獎勵會那邊
書裡描寫的女性棋士會被小看的部分
那種低人一等、逆境求生的感覺做得很真實(?不會形容，總之很有代入感
銀子加油，不要輸給將棋星人!

希望各位能分享一些好看的將棋小說!!",女流棋士,False,同人,0.6389973917081279,0.25559895668325117
q18,"我最近剛看了龍王的工作的小說
雖然不懂將棋，但覺得對局的刻劃很棒
能看到將棋解說
也會側面描寫一些職業棋士、女流棋士的差別和情況

最喜歡的部分是銀子挑戰獎勵會那邊
書裡描寫的女性棋士會被小看的部分
那種低人一等、逆境求生的感覺做得很真實(?不會形容，總之很有代入感
銀子加油，不要輸給將棋星人!

希望各位能分享一些好看的將棋小說!!",女流棋士,False,偽娘,0.6446914720620432,0.2578765888248173
q18,"我最近剛看了龍王的工作的小說
雖然不懂將棋，但覺得對局的刻劃很棒
能看到將棋解說
也會側面描寫一些職業棋士、女流棋士的差別和情況

最喜歡的部分是銀子挑戰獎勵會那邊
書裡描寫的女性棋士會被小看的部分
那種低人一等、逆境求生的感覺做得很真實(?不會形容，總之很有代入感
銀子加油，不要輸給將棋星人!

希望各位能分享一些好看的將棋小說!!",女流棋士,False,NTR,0.6488900620304271,0.2595560248121708
q18,"我最近剛看了龍王的工作的小說
雖然不懂將棋，但覺得對局的刻劃很棒
能看到將棋解說
也會側面描寫一些職業棋士、女流棋士的差別和情況

最喜歡的部分是銀子挑戰獎勵會那邊
書裡描寫的女性棋士會被小看的部分
那種低人一等、逆境求生的感覺做得很真實(?不會形容，總之很有代入感
銀子加油，不要輸給將棋星人!

希望各位能分享一些好看的將棋小說!!",女流棋士,False,異能,0.6328912394381802,0.25315649577527205
q18,"我最近剛看了龍王的工作的小說
雖然不懂將棋，但覺得對局的刻劃很棒
能看到將棋解說
也會側面描寫一些職業棋士、女流棋士的差別和情況

最喜歡的部分是銀子挑戰獎勵會那邊
書裡描寫的女性棋士會被小看的部分
那種低人一等、逆境求生的感覺做得很真實(?不會形容，總之很有代入感
銀子加油，不要輸給將棋星人!

希望各位能分享一些好看的將棋小說!!",女流棋士,False,病嬌,0.6364042650849121,0.25456170603396483
q18,"我最近剛看了龍王的工作的小說
雖然不懂將棋，但覺得對局的刻劃很棒
能看到將棋解說
也會側面描寫一些職業棋士、女流棋士的差別和情況

最喜歡的部分是銀子挑戰獎勵會那邊
書裡描寫的女性棋士會被小看的部分
那種低人一等、逆境求生的感覺做得很真實(?不會形容，總之很有代入感
銀子加油，不要輸給將棋星人!

希望各位能分享一些好看的將棋小說!!",女流棋士,False,音樂,0.6393100700179078,0.25572402800716315
q18,"我最近剛看了龍王的工作的小說
雖然不懂將棋，但覺得對局的刻劃很棒
能看到將棋解說
也會側面描寫一些職業棋士、女流棋士的差別和情況

最喜歡的部分是銀子挑戰獎勵會那邊
書裡描寫的女性棋士會被小看的部分
那種低人一等、逆境求生的感覺做得很真實(?不會形容，總之很有代入感
銀子加油，不要輸給將棋星人!

希望各位能分享一些好看的將棋小說!!",女流棋士,False,戰爭,0.6210748470616273,0.24842993882465092
q18,"我最近剛看了龍王的工作的小說
雖然不懂將棋，但覺得對局的刻劃很棒
能看到將棋解說
也會側面描寫一些職業棋士、女流棋士的差別和情況

最喜歡的部分是銀子挑戰獎勵會那邊
書裡描寫的女性棋士會被小看的部分
那種低人一等、逆境求生的感覺做得很真實(?不會形容，總之很有代入感
銀子加油，不要輸給將棋星人!

希望各位能分享一些好看的將棋小說!!",女流棋士,False,熱血,0.6399769734910125,0.255990789396405
q18,"我最近剛看了龍王的工作的小說
雖然不懂將棋，但覺得對局的刻劃很棒
能看到將棋解說
也會側面描寫一些職業棋士、女流棋士的差別和情況

最喜歡的部分是銀子挑戰獎勵會那邊
書裡描寫的女性棋士會被小看的部分
那種低人一等、逆境求生的感覺做得很真實(?不會形容，總之很有代入感
銀子加油，不要輸給將棋星人!

希望各位能分享一些好看的將棋小說!!",女流棋士,False,間諜,0.607533633549515,0.24301345341980599
q18,"我最近剛看了龍王的工作的小說
雖然不懂將棋，但覺得對局的刻劃很棒
能看到將棋解說
也會側面描寫一些職業棋士、女流棋士的差別和情況

最喜歡的部分是銀子挑戰獎勵會那邊
書裡描寫的女性棋士會被小看的部分
那種低人一等、逆境求生的感覺做得很真實(?不會形容，總之很有代入感
銀子加油，不要輸給將棋星人!

希望各位能分享一些好看的將棋小說!!",女流棋士,False,冒險,0.629641545366747,0.2518566181466988
q18,"我最近剛看了龍王的工作的小說
雖然不懂將棋，但覺得對局的刻劃很棒
能看到將棋解說
也會側面描寫一些職業棋士、女流棋士的差別和情況

最喜歡的部分是銀子挑戰獎勵會那邊
書裡描寫的女性棋士會被小看的部分
那種低人一等、逆境求生的感覺做得很真實(?不會形容，總之很有代入感
銀子加油，不要輸給將棋星人!

希望各位能分享一些好看的將棋小說!!",女流棋士,False,大小姐,0.6602569676767053,0.26410278707068213
q18,"我最近剛看了龍王的工作的小說
雖然不懂將棋，但覺得對局的刻劃很棒
能看到將棋解說
也會側面描寫一些職業棋士、女流棋士的差別和情況

最喜歡的部分是銀子挑戰獎勵會那邊
書裡描寫的女性棋士會被小看的部分
那種低人一等、逆境求生的感覺做得很真實(?不會形容，總之很有代入感
銀子加油，不要輸給將棋星人!

希望各位能分享一些好看的將棋小說!!",女流棋士,False,女兒,0.6350154467077667,0.25400617868310665
q18,"我最近剛看了龍王的工作的小說
雖然不懂將棋，但覺得對局的刻劃很棒
能看到將棋解說
也會側面描寫一些職業棋士、女流棋士的差別和情況

最喜歡的部分是銀子挑戰獎勵會那邊
書裡描寫的女性棋士會被小看的部分
那種低人一等、逆境求生的感覺做得很真實(?不會形容，總之很有代入感
銀子加油，不要輸給將棋星人!

希望各位能分享一些好看的將棋小說!!",女流棋士,False,人外,0.640802454293536,0.2563209817174144
q18,"我最近剛看了龍王的工作的小說
雖然不懂將棋，但覺得對局的刻劃很棒
能看到將棋解說
也會側面描寫一些職業棋士、女流棋士的差別和情況

最喜歡的部分是銀子挑戰獎勵會那邊
書裡描寫的女性棋士會被小看的部分
那種低人一等、逆境求生的感覺做得很真實(?不會形容，總之很有代入感
銀子加油，不要輸給將棋星人!

希望各位能分享一些好看的將棋小說!!",女流棋士,False,美食,0.7122938280311345,0.28491753121245383
q18,"我最近剛看了龍王的工作的小說
雖然不懂將棋，但覺得對局的刻劃很棒
能看到將棋解說
也會側面描寫一些職業棋士、女流棋士的差別和情況

最喜歡的部分是銀子挑戰獎勵會那邊
書裡描寫的女性棋士會被小看的部分
那種低人一等、逆境求生的感覺做得很真實(?不會形容，總之很有代入感
銀子加油，不要輸給將棋星人!

希望各位能分享一些好看的將棋小說!!",女流棋士,False,異世界,0.6277514911579594,0.2511005964631838
q18,"我最近剛看了龍王的工作的小說
雖然不懂將棋，但覺得對局的刻劃很棒
能看到將棋解說
也會側面描寫一些職業棋士、女流棋士的差別和情況

最喜歡的部分是銀子挑戰獎勵會那邊
書裡描寫的女性棋士會被小看的部分
那種低人一等、逆境求生的感覺做得很真實(?不會形容，總之很有代入感
銀子加油，不要輸給將棋星人!

希望各位能分享一些好看的將棋小說!!",女流棋士,False,懸疑,0.6561519683222701,0.26246078732890804
q18,"我最近剛看了龍王的工作的小說
雖然不懂將棋，但覺得對局的刻劃很棒
能看到將棋解說
也會側面描寫一些職業棋士、女流棋士的差別和情況

最喜歡的部分是銀子挑戰獎勵會那邊
書裡描寫的女性棋士會被小看的部分
那種低人一等、逆境求生的感覺做得很真實(?不會形容，總之很有代入感
銀子加油，不要輸給將棋星人!

希望各位能分享一些好看的將棋小說!!",逆境成長,False,競技,0.6293501382081181,0.2517400552832473
q18,"我最近剛看了龍王的工作的小說
雖然不懂將棋，但覺得對局的刻劃很棒
能看到將棋解說
也會側面描寫一些職業棋士、女流棋士的差別和情況

最喜歡的部分是銀子挑戰獎勵會那邊
書裡描寫的女性棋士會被小看的部分
那種低人一等、逆境求生的感覺做得很真實(?不會形容，總之很有代入感
銀子加油，不要輸給將棋星人!

希望各位能分享一些好看的將棋小說!!",逆境成長,False,鬥智,0.6520943908257032,0.2608377563302813
q18,"我最近剛看了龍王的工作的小說
雖然不懂將棋，但覺得對局的刻劃很棒
能看到將棋解說
也會側面描寫一些職業棋士、女流棋士的差別和情況

最喜歡的部分是銀子挑戰獎勵會那邊
書裡描寫的女性棋士會被小看的部分
那種低人一等、逆境求生的感覺做得很真實(?不會形容，總之很有代入感
銀子加油，不要輸給將棋星人!

希望各位能分享一些好看的將棋小說!!",逆境成長,False,科幻,0.6638228537003916,0.26552914148015666
q18,"我最近剛看了龍王的工作的小說
雖然不懂將棋，但覺得對局的刻劃很棒
能看到將棋解說
也會側面描寫一些職業棋士、女流棋士的差別和情況

最喜歡的部分是銀子挑戰獎勵會那邊
書裡描寫的女性棋士會被小看的部分
那種低人一等、逆境求生的感覺做得很真實(?不會形容，總之很有代入感
銀子加油，不要輸給將棋星人!

希望各位能分享一些好看的將棋小說!!",逆境成長,False,格鬥,0.6381285245690498,0.2552514098276199
q18,"我最近剛看了龍王的工作的小說
雖然不懂將棋，但覺得對局的刻劃很棒
能看到將棋解說
也會側面描寫一些職業棋士、女流棋士的差別和情況

最喜歡的部分是銀子挑戰獎勵會那邊
書裡描寫的女性棋士會被小看的部分
那種低人一等、逆境求生的感覺做得很真實(?不會形容，總之很有代入感
銀子加油，不要輸給將棋星人!

希望各位能分享一些好看的將棋小說!!",逆境成長,False,百合,0.643743162891635,0.257497265156654
q18,"我最近剛看了龍王的工作的小說
雖然不懂將棋，但覺得對局的刻劃很棒
能看到將棋解說
也會側面描寫一些職業棋士、女流棋士的差別和情況

最喜歡的部分是銀子挑戰獎勵會那邊
書裡描寫的女性棋士會被小看的部分
那種低人一等、逆境求生的感覺做得很真實(?不會形容，總之很有代入感
銀子加油，不要輸給將棋星人!

希望各位能分享一些好看的將棋小說!!",逆境成長,False,治癒,0.6877952420572103,0.27511809682288413
q18,"我最近剛看了龍王的工作的小說
雖然不懂將棋，但覺得對局的刻劃很棒
能看到將棋解說
也會側面描寫一些職業棋士、女流棋士的差別和情況

最喜歡的部分是銀子挑戰獎勵會那邊
書裡描寫的女性棋士會被小看的部分
那種低人一等、逆境求生的感覺做得很真實(?不會形容，總之很有代入感
銀子加油，不要輸給將棋星人!

希望各位能分享一些好看的將棋小說!!",逆境成長,False,性轉,0.6527734031684929,0.26110936126739714
q18,"我最近剛看了龍王的工作的小說
雖然不懂將棋，但覺得對局的刻劃很棒
能看到將棋解說
也會側面描寫一些職業棋士、女流棋士的差別和情況

最喜歡的部分是銀子挑戰獎勵會那邊
書裡描寫的女性棋士會被小看的部分
那種低人一等、逆境求生的感覺做得很真實(?不會形容，總之很有代入感
銀子加油，不要輸給將棋星人!

希望各位能分享一些好看的將棋小說!!",逆境成長,False,獵奇,0.6620626992903607,0.2648250797161443
q18,"我最近剛看了龍王的工作的小說
雖然不懂將棋，但覺得對局的刻劃很棒
能看到將棋解說
也會側面描寫一些職業棋士、女流棋士的差別和情況

最喜歡的部分是銀子挑戰獎勵會那邊
書裡描寫的女性棋士會被小看的部分
那種低人一等、逆境求生的感覺做得很真實(?不會形容，總之很有代入感
銀子加油，不要輸給將棋星人!

希望各位能分享一些好看的將棋小說!!",逆境成長,False,末日,0.6540180972851214,0.2616072389140486
q18,"我最近剛看了龍王的工作的小說
雖然不懂將棋，但覺得對局的刻劃很棒
能看到將棋解說
也會側面描寫一些職業棋士、女流棋士的差別和情況

最喜歡的部分是銀子挑戰獎勵會那邊
書裡描寫的女性棋士會被小看的部分
那種低人一等、逆境求生的感覺做得很真實(?不會形容，總之很有代入感
銀子加油，不要輸給將棋星人!

希望各位能分享一些好看的將棋小說!!",逆境成長,False,遊戲,0.6386026873698797,0.2554410749479519
q18,"我最近剛看了龍王的工作的小說
雖然不懂將棋，但覺得對局的刻劃很棒
能看到將棋解說
也會側面描寫一些職業棋士、女流棋士的差別和情況

最喜歡的部分是銀子挑戰獎勵會那邊
書裡描寫的女性棋士會被小看的部分
那種低人一等、逆境求生的感覺做得很真實(?不會形容，總之很有代入感
銀子加油，不要輸給將棋星人!

希望各位能分享一些好看的將棋小說!!",逆境成長,False,青春,0.6690039472146583,0.26760157888586333
q18,"我最近剛看了龍王的工作的小說
雖然不懂將棋，但覺得對局的刻劃很棒
能看到將棋解說
也會側面描寫一些職業棋士、女流棋士的差別和情況

最喜歡的部分是銀子挑戰獎勵會那邊
書裡描寫的女性棋士會被小看的部分
那種低人一等、逆境求生的感覺做得很真實(?不會形容，總之很有代入感
銀子加油，不要輸給將棋星人!

希望各位能分享一些好看的將棋小說!!",逆境成長,False,旅行,0.6486819611381336,0.25947278445525346
q18,"我最近剛看了龍王的工作的小說
雖然不懂將棋，但覺得對局的刻劃很棒
能看到將棋解說
也會側面描寫一些職業棋士、女流棋士的差別和情況

最喜歡的部分是銀子挑戰獎勵會那邊
書裡描寫的女性棋士會被小看的部分
那種低人一等、逆境求生的感覺做得很真實(?不會形容，總之很有代入感
銀子加油，不要輸給將棋星人!

希望各位能分享一些好看的將棋小說!!",逆境成長,False,蘿莉,0.6389053068359096,0.25556212273436385
q18,"我最近剛看了龍王的工作的小說
雖然不懂將棋，但覺得對局的刻劃很棒
能看到將棋解說
也會側面描寫一些職業棋士、女流棋士的差別和情況

最喜歡的部分是銀子挑戰獎勵會那邊
書裡描寫的女性棋士會被小看的部分
那種低人一等、逆境求生的感覺做得很真實(?不會形容，總之很有代入感
銀子加油，不要輸給將棋星人!

希望各位能分享一些好看的將棋小說!!",逆境成長,False,JK,0.6607906327361616,0.26431625309446466
q18,"我最近剛看了龍王的工作的小說
雖然不懂將棋，但覺得對局的刻劃很棒
能看到將棋解說
也會側面描寫一些職業棋士、女流棋士的差別和情況

最喜歡的部分是銀子挑戰獎勵會那邊
書裡描寫的女性棋士會被小看的部分
那種低人一等、逆境求生的感覺做得很真實(?不會形容，總之很有代入感
銀子加油，不要輸給將棋星人!

希望各位能分享一些好看的將棋小說!!",逆境成長,False,後宮,0.6542362967801855,0.2616945187120742
q18,"我最近剛看了龍王的工作的小說
雖然不懂將棋，但覺得對局的刻劃很棒
能看到將棋解說
也會側面描寫一些職業棋士、女流棋士的差別和情況

最喜歡的部分是銀子挑戰獎勵會那邊
書裡描寫的女性棋士會被小看的部分
那種低人一等、逆境求生的感覺做得很真實(?不會形容，總之很有代入感
銀子加油，不要輸給將棋星人!

希望各位能分享一些好看的將棋小說!!",逆境成長,False,職場,0.6615636295991558,0.26462545183966235
q18,"我最近剛看了龍王的工作的小說
雖然不懂將棋，但覺得對局的刻劃很棒
能看到將棋解說
也會側面描寫一些職業棋士、女流棋士的差別和情況

最喜歡的部分是銀子挑戰獎勵會那邊
書裡描寫的女性棋士會被小看的部分
那種低人一等、逆境求生的感覺做得很真實(?不會形容，總之很有代入感
銀子加油，不要輸給將棋星人!

希望各位能分享一些好看的將棋小說!!",逆境成長,False,宅文化,0.6316081474595258,0.2526432589838103
q18,"我最近剛看了龍王的工作的小說
雖然不懂將棋，但覺得對局的刻劃很棒
能看到將棋解說
也會側面描寫一些職業棋士、女流棋士的差別和情況

最喜歡的部分是銀子挑戰獎勵會那邊
書裡描寫的女性棋士會被小看的部分
那種低人一等、逆境求生的感覺做得很真實(?不會形容，總之很有代入感
銀子加油，不要輸給將棋星人!

希望各位能分享一些好看的將棋小說!!",逆境成長,False,校園,0.6641242870819208,0.26564971483276834
q18,"我最近剛看了龍王的工作的小說
雖然不懂將棋，但覺得對局的刻劃很棒
能看到將棋解說
也會側面描寫一些職業棋士、女流棋士的差別和情況

最喜歡的部分是銀子挑戰獎勵會那邊
書裡描寫的女性棋士會被小看的部分
那種低人一等、逆境求生的感覺做得很真實(?不會形容，總之很有代入感
銀子加油，不要輸給將棋星人!

希望各位能分享一些好看的將棋小說!!",逆境成長,False,同人,0.6490839154793691,0.25963356619174766
q18,"我最近剛看了龍王的工作的小說
雖然不懂將棋，但覺得對局的刻劃很棒
能看到將棋解說
也會側面描寫一些職業棋士、女流棋士的差別和情況

最喜歡的部分是銀子挑戰獎勵會那邊
書裡描寫的女性棋士會被小看的部分
那種低人一等、逆境求生的感覺做得很真實(?不會形容，總之很有代入感
銀子加油，不要輸給將棋星人!

希望各位能分享一些好看的將棋小說!!",逆境成長,False,異能,0.670449316732394,0.26817972669295764
q18,"我最近剛看了龍王的工作的小說
雖然不懂將棋，但覺得對局的刻劃很棒
能看到將棋解說
也會側面描寫一些職業棋士、女流棋士的差別和情況

最喜歡的部分是銀子挑戰獎勵會那邊
書裡描寫的女性棋士會被小看的部分
那種低人一等、逆境求生的感覺做得很真實(?不會形容，總之很有代入感
銀子加油，不要輸給將棋星人!

希望各位能分享一些好看的將棋小說!!",逆境成長,False,音樂,0.6511586236349386,0.2604634494539754
q18,"我最近剛看了龍王的工作的小說
雖然不懂將棋，但覺得對局的刻劃很棒
能看到將棋解說
也會側面描寫一些職業棋士、女流棋士的差別和情況

最喜歡的部分是銀子挑戰獎勵會那邊
書裡描寫的女性棋士會被小看的部分
那種低人一等、逆境求生的感覺做得很真實(?不會形容，總之很有代入感
銀子加油，不要輸給將棋星人!

希望各位能分享一些好看的將棋小說!!",逆境成長,False,間諜,0.6124863337173938,0.24499453348695754
q18,"我最近剛看了龍王的工作的小說
雖然不懂將棋，但覺得對局的刻劃很棒
能看到將棋解說
也會側面描寫一些職業棋士、女流棋士的差別和情況

最喜歡的部分是銀子挑戰獎勵會那邊
書裡描寫的女性棋士會被小看的部分
那種低人一等、逆境求生的感覺做得很真實(?不會形容，總之很有代入感
銀子加油，不要輸給將棋星人!

希望各位能分享一些好看的將棋小說!!",逆境成長,False,大小姐,0.6356061816861206,0.25424247267444827
q18,"我最近剛看了龍王的工作的小說
雖然不懂將棋，但覺得對局的刻劃很棒
能看到將棋解說
也會側面描寫一些職業棋士、女流棋士的差別和情況

最喜歡的部分是銀子挑戰獎勵會那邊
書裡描寫的女性棋士會被小看的部分
那種低人一等、逆境求生的感覺做得很真實(?不會形容，總之很有代入感
銀子加油，不要輸給將棋星人!

希望各位能分享一些好看的將棋小說!!",逆境成長,False,魔法,0.6293774472096089,0.25175097888384357
q18,"我最近剛看了龍王的工作的小說
雖然不懂將棋，但覺得對局的刻劃很棒
能看到將棋解說
也會側面描寫一些職業棋士、女流棋士的差別和情況

最喜歡的部分是銀子挑戰獎勵會那邊
書裡描寫的女性棋士會被小看的部分
那種低人一等、逆境求生的感覺做得很真實(?不會形容，總之很有代入感
銀子加油，不要輸給將棋星人!

希望各位能分享一些好看的將棋小說!!",逆境成長,False,美食,0.6276386663596185,0.2510554665438474
q18,"我最近剛看了龍王的工作的小說
雖然不懂將棋，但覺得對局的刻劃很棒
能看到將棋解說
也會側面描寫一些職業棋士、女流棋士的差別和情況

最喜歡的部分是銀子挑戰獎勵會那邊
書裡描寫的女性棋士會被小看的部分
那種低人一等、逆境求生的感覺做得很真實(?不會形容，總之很有代入感
銀子加油，不要輸給將棋星人!

希望各位能分享一些好看的將棋小說!!",逆境成長,False,大逃殺,0.6410073472874332,0.2564029389149733
q18,"我最近剛看了龍王的工作的小說
雖然不懂將棋，但覺得對局的刻劃很棒
能看到將棋解說
也會側面描寫一些職業棋士、女流棋士的差別和情況

最喜歡的部分是銀子挑戰獎勵會那邊
書裡描寫的女性棋士會被小看的部分
那種低人一等、逆境求生的感覺做得很真實(?不會形容，總之很有代入感
銀子加油，不要輸給將棋星人!

希望各位能分享一些好看的將棋小說!!",逆境成長,False,戀愛,0.6509368922443718,0.26037475689774875
q18,"我最近剛看了龍王的工作的小說
雖然不懂將棋，但覺得對局的刻劃很棒
能看到將棋解說
也會側面描寫一些職業棋士、女流棋士的差別和情況

最喜歡的部分是銀子挑戰獎勵會那邊
書裡描寫的女性棋士會被小看的部分
那種低人一等、逆境求生的感覺做得很真實(?不會形容，總之很有代入感
銀子加油，不要輸給將棋星人!

希望各位能分享一些好看的將棋小說!!",逆境成長,False,犯罪,0.6489708453053721,0.2595883381221488
q18,"我最近剛看了龍王的工作的小說
雖然不懂將棋，但覺得對局的刻劃很棒
能看到將棋解說
也會側面描寫一些職業棋士、女流棋士的差別和情況

最喜歡的部分是銀子挑戰獎勵會那邊
書裡描寫的女性棋士會被小看的部分
那種低人一等、逆境求生的感覺做得很真實(?不會形容，總之很有代入感
銀子加油，不要輸給將棋星人!

希望各位能分享一些好看的將棋小說!!",逆境成長,False,轉生,0.6770493658571392,0.27081974634285566
q18,"我最近剛看了龍王的工作的小說
雖然不懂將棋，但覺得對局的刻劃很棒
能看到將棋解說
也會側面描寫一些職業棋士、女流棋士的差別和情況

最喜歡的部分是銀子挑戰獎勵會那邊
書裡描寫的女性棋士會被小看的部分
那種低人一等、逆境求生的感覺做得很真實(?不會形容，總之很有代入感
銀子加油，不要輸給將棋星人!

希望各位能分享一些好看的將棋小說!!",逆境成長,False,青梅竹馬,0.662402210638271,0.2649608842553084
q18,"我最近剛看了龍王的工作的小說
雖然不懂將棋，但覺得對局的刻劃很棒
能看到將棋解說
也會側面描寫一些職業棋士、女流棋士的差別和情況

最喜歡的部分是銀子挑戰獎勵會那邊
書裡描寫的女性棋士會被小看的部分
那種低人一等、逆境求生的感覺做得很真實(?不會形容，總之很有代入感
銀子加油，不要輸給將棋星人!

希望各位能分享一些好看的將棋小說!!",逆境成長,False,女性視角,0.6576319610810782,0.2630527844324313
q18,"我最近剛看了龍王的工作的小說
雖然不懂將棋，但覺得對局的刻劃很棒
能看到將棋解說
也會側面描寫一些職業棋士、女流棋士的差別和情況

最喜歡的部分是銀子挑戰獎勵會那邊
書裡描寫的女性棋士會被小看的部分
那種低人一等、逆境求生的感覺做得很真實(?不會形容，總之很有代入感
銀子加油，不要輸給將棋星人!

希望各位能分享一些好看的將棋小說!!",逆境成長,False,溫馨,0.6738138768169802,0.26952555072679213
q18,"我最近剛看了龍王的工作的小說
雖然不懂將棋，但覺得對局的刻劃很棒
能看到將棋解說
也會側面描寫一些職業棋士、女流棋士的差別和情況

最喜歡的部分是銀子挑戰獎勵會那邊
書裡描寫的女性棋士會被小看的部分
那種低人一等、逆境求生的感覺做得很真實(?不會形容，總之很有代入感
銀子加油，不要輸給將棋星人!

希望各位能分享一些好看的將棋小說!!",逆境成長,False,經營,0.667569907908222,0.2670279631632888
q18,"我最近剛看了龍王的工作的小說
雖然不懂將棋，但覺得對局的刻劃很棒
能看到將棋解說
也會側面描寫一些職業棋士、女流棋士的差別和情況

最喜歡的部分是銀子挑戰獎勵會那邊
書裡描寫的女性棋士會被小看的部分
那種低人一等、逆境求生的感覺做得很真實(?不會形容，總之很有代入感
銀子加油，不要輸給將棋星人!

希望各位能分享一些好看的將棋小說!!",逆境成長,False,復仇,0.6475610824094401,0.25902443296377603
q18,"我最近剛看了龍王的工作的小說
雖然不懂將棋，但覺得對局的刻劃很棒
能看到將棋解說
也會側面描寫一些職業棋士、女流棋士的差別和情況

最喜歡的部分是銀子挑戰獎勵會那邊
書裡描寫的女性棋士會被小看的部分
那種低人一等、逆境求生的感覺做得很真實(?不會形容，總之很有代入感
銀子加油，不要輸給將棋星人!

希望各位能分享一些好看的將棋小說!!",逆境成長,False,黑暗,0.6630709408839959,0.26522837635359836
q18,"我最近剛看了龍王的工作的小說
雖然不懂將棋，但覺得對局的刻劃很棒
能看到將棋解說
也會側面描寫一些職業棋士、女流棋士的差別和情況

最喜歡的部分是銀子挑戰獎勵會那邊
書裡描寫的女性棋士會被小看的部分
那種低人一等、逆境求生的感覺做得很真實(?不會形容，總之很有代入感
銀子加油，不要輸給將棋星人!

希望各位能分享一些好看的將棋小說!!",逆境成長,False,戰鬥,0.6444546503914016,0.2577818601565606
q18,"我最近剛看了龍王的工作的小說
雖然不懂將棋，但覺得對局的刻劃很棒
能看到將棋解說
也會側面描寫一些職業棋士、女流棋士的差別和情況

最喜歡的部分是銀子挑戰獎勵會那邊
書裡描寫的女性棋士會被小看的部分
那種低人一等、逆境求生的感覺做得很真實(?不會形容，總之很有代入感
銀子加油，不要輸給將棋星人!

希望各位能分享一些好看的將棋小說!!",逆境成長,False,群像,0.6616127523538627,0.2646451009415451
q18,"我最近剛看了龍王的工作的小說
雖然不懂將棋，但覺得對局的刻劃很棒
能看到將棋解說
也會側面描寫一些職業棋士、女流棋士的差別和情況

最喜歡的部分是銀子挑戰獎勵會那邊
書裡描寫的女性棋士會被小看的部分
那種低人一等、逆境求生的感覺做得很真實(?不會形容，總之很有代入感
銀子加油，不要輸給將棋星人!

希望各位能分享一些好看的將棋小說!!",逆境成長,False,歡樂向,0.6717207540576952,0.26868830162307805
q18,"我最近剛看了龍王的工作的小說
雖然不懂將棋，但覺得對局的刻劃很棒
能看到將棋解說
也會側面描寫一些職業棋士、女流棋士的差別和情況

最喜歡的部分是銀子挑戰獎勵會那邊
書裡描寫的女性棋士會被小看的部分
那種低人一等、逆境求生的感覺做得很真實(?不會形容，總之很有代入感
銀子加油，不要輸給將棋星人!

希望各位能分享一些好看的將棋小說!!",逆境成長,False,惡役,0.6686384215311724,0.26745536861246894
q18,"我最近剛看了龍王的工作的小說
雖然不懂將棋，但覺得對局的刻劃很棒
能看到將棋解說
也會側面描寫一些職業棋士、女流棋士的差別和情況

最喜歡的部分是銀子挑戰獎勵會那邊
書裡描寫的女性棋士會被小看的部分
那種低人一等、逆境求生的感覺做得很真實(?不會形容，總之很有代入感
銀子加油，不要輸給將棋星人!

希望各位能分享一些好看的將棋小說!!",逆境成長,False,機戰,0.6472906834791907,0.2589162733916763
q18,"我最近剛看了龍王的工作的小說
雖然不懂將棋，但覺得對局的刻劃很棒
能看到將棋解說
也會側面描寫一些職業棋士、女流棋士的差別和情況

最喜歡的部分是銀子挑戰獎勵會那邊
書裡描寫的女性棋士會被小看的部分
那種低人一等、逆境求生的感覺做得很真實(?不會形容，總之很有代入感
銀子加油，不要輸給將棋星人!

希望各位能分享一些好看的將棋小說!!",逆境成長,False,驚悚,0.6559842042924289,0.2623936817169716
q18,"我最近剛看了龍王的工作的小說
雖然不懂將棋，但覺得對局的刻劃很棒
能看到將棋解說
也會側面描寫一些職業棋士、女流棋士的差別和情況

最喜歡的部分是銀子挑戰獎勵會那邊
書裡描寫的女性棋士會被小看的部分
那種低人一等、逆境求生的感覺做得很真實(?不會形容，總之很有代入感
銀子加油，不要輸給將棋星人!

希望各位能分享一些好看的將棋小說!!",逆境成長,False,奇幻,0.6649722210100777,0.26598888840403107
q18,"我最近剛看了龍王的工作的小說
雖然不懂將棋，但覺得對局的刻劃很棒
能看到將棋解說
也會側面描寫一些職業棋士、女流棋士的差別和情況

最喜歡的部分是銀子挑戰獎勵會那邊
書裡描寫的女性棋士會被小看的部分
那種低人一等、逆境求生的感覺做得很真實(?不會形容，總之很有代入感
銀子加油，不要輸給將棋星人!

希望各位能分享一些好看的將棋小說!!",逆境成長,False,耽美,0.670495048224532,0.2681980192898128
q18,"我最近剛看了龍王的工作的小說
雖然不懂將棋，但覺得對局的刻劃很棒
能看到將棋解說
也會側面描寫一些職業棋士、女流棋士的差別和情況

最喜歡的部分是銀子挑戰獎勵會那邊
書裡描寫的女性棋士會被小看的部分
那種低人一等、逆境求生的感覺做得很真實(?不會形容，總之很有代入感
銀子加油，不要輸給將棋星人!

希望各位能分享一些好看的將棋小說!!",逆境成長,False,妹妹,0.6405065820868234,0.2562026328347294
q18,"我最近剛看了龍王的工作的小說
雖然不懂將棋，但覺得對局的刻劃很棒
能看到將棋解說
也會側面描寫一些職業棋士、女流棋士的差別和情況

最喜歡的部分是銀子挑戰獎勵會那邊
書裡描寫的女性棋士會被小看的部分
那種低人一等、逆境求生的感覺做得很真實(?不會形容，總之很有代入感
銀子加油，不要輸給將棋星人!

希望各位能分享一些好看的將棋小說!!",逆境成長,False,龍傲天,0.6507067966343353,0.26028271865373415
q18,"我最近剛看了龍王的工作的小說
雖然不懂將棋，但覺得對局的刻劃很棒
能看到將棋解說
也會側面描寫一些職業棋士、女流棋士的差別和情況

最喜歡的部分是銀子挑戰獎勵會那邊
書裡描寫的女性棋士會被小看的部分
那種低人一等、逆境求生的感覺做得很真實(?不會形容，總之很有代入感
銀子加油，不要輸給將棋星人!

希望各位能分享一些好看的將棋小說!!",逆境成長,False,推理,0.6521163044049277,0.2608465217619711
q18,"我最近剛看了龍王的工作的小說
雖然不懂將棋，但覺得對局的刻劃很棒
能看到將棋解說
也會側面描寫一些職業棋士、女流棋士的差別和情況

最喜歡的部分是銀子挑戰獎勵會那邊
書裡描寫的女性棋士會被小看的部分
那種低人一等、逆境求生的感覺做得很真實(?不會形容，總之很有代入感
銀子加油，不要輸給將棋星人!

希望各位能分享一些好看的將棋小說!!",逆境成長,False,JC,0.6649888745199797,0.2659955498079919
q18,"我最近剛看了龍王的工作的小說
雖然不懂將棋，但覺得對局的刻劃很棒
能看到將棋解說
也會側面描寫一些職業棋士、女流棋士的差別和情況

最喜歡的部分是銀子挑戰獎勵會那邊
書裡描寫的女性棋士會被小看的部分
那種低人一等、逆境求生的感覺做得很真實(?不會形容，總之很有代入感
銀子加油，不要輸給將棋星人!

希望各位能分享一些好看的將棋小說!!",逆境成長,False,偽娘,0.6318092404602575,0.252723696184103
q18,"我最近剛看了龍王的工作的小說
雖然不懂將棋，但覺得對局的刻劃很棒
能看到將棋解說
也會側面描寫一些職業棋士、女流棋士的差別和情況

最喜歡的部分是銀子挑戰獎勵會那邊
書裡描寫的女性棋士會被小看的部分
那種低人一等、逆境求生的感覺做得很真實(?不會形容，總之很有代入感
銀子加油，不要輸給將棋星人!

希望各位能分享一些好看的將棋小說!!",逆境成長,False,NTR,0.6531574141335934,0.2612629656534374
q18,"我最近剛看了龍王的工作的小說
雖然不懂將棋，但覺得對局的刻劃很棒
能看到將棋解說
也會側面描寫一些職業棋士、女流棋士的差別和情況

最喜歡的部分是銀子挑戰獎勵會那邊
書裡描寫的女性棋士會被小看的部分
那種低人一等、逆境求生的感覺做得很真實(?不會形容，總之很有代入感
銀子加油，不要輸給將棋星人!

希望各位能分享一些好看的將棋小說!!",逆境成長,False,戰爭,0.6379881855456819,0.25519527421827276
q18,"我最近剛看了龍王的工作的小說
雖然不懂將棋，但覺得對局的刻劃很棒
能看到將棋解說
也會側面描寫一些職業棋士、女流棋士的差別和情況

最喜歡的部分是銀子挑戰獎勵會那邊
書裡描寫的女性棋士會被小看的部分
那種低人一等、逆境求生的感覺做得很真實(?不會形容，總之很有代入感
銀子加油，不要輸給將棋星人!

希望各位能分享一些好看的將棋小說!!",逆境成長,False,病嬌,0.6450851109689625,0.258034044387585
q18,"我最近剛看了龍王的工作的小說
雖然不懂將棋，但覺得對局的刻劃很棒
能看到將棋解說
也會側面描寫一些職業棋士、女流棋士的差別和情況

最喜歡的部分是銀子挑戰獎勵會那邊
書裡描寫的女性棋士會被小看的部分
那種低人一等、逆境求生的感覺做得很真實(?不會形容，總之很有代入感
銀子加油，不要輸給將棋星人!

希望各位能分享一些好看的將棋小說!!",逆境成長,False,熱血,0.6691411922932706,0.26765647691730826
q18,"我最近剛看了龍王的工作的小說
雖然不懂將棋，但覺得對局的刻劃很棒
能看到將棋解說
也會側面描寫一些職業棋士、女流棋士的差別和情況

最喜歡的部分是銀子挑戰獎勵會那邊
書裡描寫的女性棋士會被小看的部分
那種低人一等、逆境求生的感覺做得很真實(?不會形容，總之很有代入感
銀子加油，不要輸給將棋星人!

希望各位能分享一些好看的將棋小說!!",逆境成長,False,冒險,0.6831621331922011,0.27326485327688044
q18,"我最近剛看了龍王的工作的小說
雖然不懂將棋，但覺得對局的刻劃很棒
能看到將棋解說
也會側面描寫一些職業棋士、女流棋士的差別和情況

最喜歡的部分是銀子挑戰獎勵會那邊
書裡描寫的女性棋士會被小看的部分
那種低人一等、逆境求生的感覺做得很真實(?不會形容，總之很有代入感
銀子加油，不要輸給將棋星人!

希望各位能分享一些好看的將棋小說!!",逆境成長,False,女兒,0.6370523678038023,0.2548209471215209
q18,"我最近剛看了龍王的工作的小說
雖然不懂將棋，但覺得對局的刻劃很棒
能看到將棋解說
也會側面描寫一些職業棋士、女流棋士的差別和情況

最喜歡的部分是銀子挑戰獎勵會那邊
書裡描寫的女性棋士會被小看的部分
那種低人一等、逆境求生的感覺做得很真實(?不會形容，總之很有代入感
銀子加油，不要輸給將棋星人!

希望各位能分享一些好看的將棋小說!!",逆境成長,False,人外,0.66707770876601,0.266831083506404
q18,"我最近剛看了龍王的工作的小說
雖然不懂將棋，但覺得對局的刻劃很棒
能看到將棋解說
也會側面描寫一些職業棋士、女流棋士的差別和情況

最喜歡的部分是銀子挑戰獎勵會那邊
書裡描寫的女性棋士會被小看的部分
那種低人一等、逆境求生的感覺做得很真實(?不會形容，總之很有代入感
銀子加油，不要輸給將棋星人!

希望各位能分享一些好看的將棋小說!!",逆境成長,False,異世界,0.6653999099160635,0.2661599639664254
q18,"我最近剛看了龍王的工作的小說
雖然不懂將棋，但覺得對局的刻劃很棒
能看到將棋解說
也會側面描寫一些職業棋士、女流棋士的差別和情況

最喜歡的部分是銀子挑戰獎勵會那邊
書裡描寫的女性棋士會被小看的部分
那種低人一等、逆境求生的感覺做得很真實(?不會形容，總之很有代入感
銀子加油，不要輸給將棋星人!

希望各位能分享一些好看的將棋小說!!",逆境成長,False,懸疑,0.6652984628764345,0.2661193851505738
q17,"求推薦世界觀建構完整
主角很清楚當下該做甚麼
是不太希望主角輕鬆拿到一堆外掛這種的
然後也蠻喜歡主角大意、失誤或忘記重要信息導致危機感這種狀況發生
非戰鬥類主角也可以，感覺這類主角穿越的比較多?
但是如果是一個高中生通十八般武藝心理素質又特好的就不要",鬥智,True,鬥智,1.0,1.0
q17,"求推薦世界觀建構完整
主角很清楚當下該做甚麼
是不太希望主角輕鬆拿到一堆外掛這種的
然後也蠻喜歡主角大意、失誤或忘記重要信息導致危機感這種狀況發生
非戰鬥類主角也可以，感覺這類主角穿越的比較多?
但是如果是一個高中生通十八般武藝心理素質又特好的就不要",世界觀完整,False,競技,0.6272837679080485,0.2509135071632194
q17,"求推薦世界觀建構完整
主角很清楚當下該做甚麼
是不太希望主角輕鬆拿到一堆外掛這種的
然後也蠻喜歡主角大意、失誤或忘記重要信息導致危機感這種狀況發生
非戰鬥類主角也可以，感覺這類主角穿越的比較多?
但是如果是一個高中生通十八般武藝心理素質又特好的就不要",世界觀完整,False,鬥智,0.6334863553828769,0.25339454215315077
q17,"求推薦世界觀建構完整
主角很清楚當下該做甚麼
是不太希望主角輕鬆拿到一堆外掛這種的
然後也蠻喜歡主角大意、失誤或忘記重要信息導致危機感這種狀況發生
非戰鬥類主角也可以，感覺這類主角穿越的比較多?
但是如果是一個高中生通十八般武藝心理素質又特好的就不要",世界觀完整,False,科幻,0.6895660228263648,0.27582640913054596
q17,"求推薦世界觀建構完整
主角很清楚當下該做甚麼
是不太希望主角輕鬆拿到一堆外掛這種的
然後也蠻喜歡主角大意、失誤或忘記重要信息導致危機感這種狀況發生
非戰鬥類主角也可以，感覺這類主角穿越的比較多?
但是如果是一個高中生通十八般武藝心理素質又特好的就不要",世界觀完整,False,格鬥,0.6247609852068523,0.24990439408274093
q17,"求推薦世界觀建構完整
主角很清楚當下該做甚麼
是不太希望主角輕鬆拿到一堆外掛這種的
然後也蠻喜歡主角大意、失誤或忘記重要信息導致危機感這種狀況發生
非戰鬥類主角也可以，感覺這類主角穿越的比較多?
但是如果是一個高中生通十八般武藝心理素質又特好的就不要",世界觀完整,False,百合,0.6498480651050386,0.2599392260420154
q17,"求推薦世界觀建構完整
主角很清楚當下該做甚麼
是不太希望主角輕鬆拿到一堆外掛這種的
然後也蠻喜歡主角大意、失誤或忘記重要信息導致危機感這種狀況發生
非戰鬥類主角也可以，感覺這類主角穿越的比較多?
但是如果是一個高中生通十八般武藝心理素質又特好的就不要",世界觀完整,False,治癒,0.6577845224763793,0.26311380899055176
q17,"求推薦世界觀建構完整
主角很清楚當下該做甚麼
是不太希望主角輕鬆拿到一堆外掛這種的
然後也蠻喜歡主角大意、失誤或忘記重要信息導致危機感這種狀況發生
非戰鬥類主角也可以，感覺這類主角穿越的比較多?
但是如果是一個高中生通十八般武藝心理素質又特好的就不要",世界觀完整,False,性轉,0.633045658737341,0.2532182634949364
q17,"求推薦世界觀建構完整
主角很清楚當下該做甚麼
是不太希望主角輕鬆拿到一堆外掛這種的
然後也蠻喜歡主角大意、失誤或忘記重要信息導致危機感這種狀況發生
非戰鬥類主角也可以，感覺這類主角穿越的比較多?
但是如果是一個高中生通十八般武藝心理素質又特好的就不要",世界觀完整,False,獵奇,0.661352229118976,0.26454089164759037
q17,"求推薦世界觀建構完整
主角很清楚當下該做甚麼
是不太希望主角輕鬆拿到一堆外掛這種的
然後也蠻喜歡主角大意、失誤或忘記重要信息導致危機感這種狀況發生
非戰鬥類主角也可以，感覺這類主角穿越的比較多?
但是如果是一個高中生通十八般武藝心理素質又特好的就不要",世界觀完整,False,末日,0.6583059091558403,0.26332236366233613
q17,"求推薦世界觀建構完整
主角很清楚當下該做甚麼
是不太希望主角輕鬆拿到一堆外掛這種的
然後也蠻喜歡主角大意、失誤或忘記重要信息導致危機感這種狀況發生
非戰鬥類主角也可以，感覺這類主角穿越的比較多?
但是如果是一個高中生通十八般武藝心理素質又特好的就不要",世界觀完整,False,遊戲,0.6525901924848875,0.261036076993955
q17,"求推薦世界觀建構完整
主角很清楚當下該做甚麼
是不太希望主角輕鬆拿到一堆外掛這種的
然後也蠻喜歡主角大意、失誤或忘記重要信息導致危機感這種狀況發生
非戰鬥類主角也可以，感覺這類主角穿越的比較多?
但是如果是一個高中生通十八般武藝心理素質又特好的就不要",世界觀完整,False,青春,0.6275932175997084,0.25103728703988337
q17,"求推薦世界觀建構完整
主角很清楚當下該做甚麼
是不太希望主角輕鬆拿到一堆外掛這種的
然後也蠻喜歡主角大意、失誤或忘記重要信息導致危機感這種狀況發生
非戰鬥類主角也可以，感覺這類主角穿越的比較多?
但是如果是一個高中生通十八般武藝心理素質又特好的就不要",世界觀完整,False,旅行,0.6486400613400061,0.2594560245360024
q17,"求推薦世界觀建構完整
主角很清楚當下該做甚麼
是不太希望主角輕鬆拿到一堆外掛這種的
然後也蠻喜歡主角大意、失誤或忘記重要信息導致危機感這種狀況發生
非戰鬥類主角也可以，感覺這類主角穿越的比較多?
但是如果是一個高中生通十八般武藝心理素質又特好的就不要",世界觀完整,False,蘿莉,0.6541945158655862,0.2616778063462345
q17,"求推薦世界觀建構完整
主角很清楚當下該做甚麼
是不太希望主角輕鬆拿到一堆外掛這種的
然後也蠻喜歡主角大意、失誤或忘記重要信息導致危機感這種狀況發生
非戰鬥類主角也可以，感覺這類主角穿越的比較多?
但是如果是一個高中生通十八般武藝心理素質又特好的就不要",世界觀完整,False,JK,0.6547333327239937,0.2618933330895975
q17,"求推薦世界觀建構完整
主角很清楚當下該做甚麼
是不太希望主角輕鬆拿到一堆外掛這種的
然後也蠻喜歡主角大意、失誤或忘記重要信息導致危機感這種狀況發生
非戰鬥類主角也可以，感覺這類主角穿越的比較多?
但是如果是一個高中生通十八般武藝心理素質又特好的就不要",世界觀完整,False,後宮,0.6417927919045195,0.2567171167618078
q17,"求推薦世界觀建構完整
主角很清楚當下該做甚麼
是不太希望主角輕鬆拿到一堆外掛這種的
然後也蠻喜歡主角大意、失誤或忘記重要信息導致危機感這種狀況發生
非戰鬥類主角也可以，感覺這類主角穿越的比較多?
但是如果是一個高中生通十八般武藝心理素質又特好的就不要",世界觀完整,False,職場,0.6346613838122778,0.2538645535249111
q17,"求推薦世界觀建構完整
主角很清楚當下該做甚麼
是不太希望主角輕鬆拿到一堆外掛這種的
然後也蠻喜歡主角大意、失誤或忘記重要信息導致危機感這種狀況發生
非戰鬥類主角也可以，感覺這類主角穿越的比較多?
但是如果是一個高中生通十八般武藝心理素質又特好的就不要",世界觀完整,False,腦洞,0.6553908501598487,0.26215634006393945
q17,"求推薦世界觀建構完整
主角很清楚當下該做甚麼
是不太希望主角輕鬆拿到一堆外掛這種的
然後也蠻喜歡主角大意、失誤或忘記重要信息導致危機感這種狀況發生
非戰鬥類主角也可以，感覺這類主角穿越的比較多?
但是如果是一個高中生通十八般武藝心理素質又特好的就不要",世界觀完整,False,宅文化,0.6394299164945638,0.25577196659782553
q17,"求推薦世界觀建構完整
主角很清楚當下該做甚麼
是不太希望主角輕鬆拿到一堆外掛這種的
然後也蠻喜歡主角大意、失誤或忘記重要信息導致危機感這種狀況發生
非戰鬥類主角也可以，感覺這類主角穿越的比較多?
但是如果是一個高中生通十八般武藝心理素質又特好的就不要",世界觀完整,False,校園,0.6463023611588515,0.2585209444635406
q17,"求推薦世界觀建構完整
主角很清楚當下該做甚麼
是不太希望主角輕鬆拿到一堆外掛這種的
然後也蠻喜歡主角大意、失誤或忘記重要信息導致危機感這種狀況發生
非戰鬥類主角也可以，感覺這類主角穿越的比較多?
但是如果是一個高中生通十八般武藝心理素質又特好的就不要",世界觀完整,False,同人,0.6735378351840359,0.26941513407361434
q17,"求推薦世界觀建構完整
主角很清楚當下該做甚麼
是不太希望主角輕鬆拿到一堆外掛這種的
然後也蠻喜歡主角大意、失誤或忘記重要信息導致危機感這種狀況發生
非戰鬥類主角也可以，感覺這類主角穿越的比較多?
但是如果是一個高中生通十八般武藝心理素質又特好的就不要",世界觀完整,False,異能,0.6503106237024938,0.26012424948099755
q17,"求推薦世界觀建構完整
主角很清楚當下該做甚麼
是不太希望主角輕鬆拿到一堆外掛這種的
然後也蠻喜歡主角大意、失誤或忘記重要信息導致危機感這種狀況發生
非戰鬥類主角也可以，感覺這類主角穿越的比較多?
但是如果是一個高中生通十八般武藝心理素質又特好的就不要",世界觀完整,False,音樂,0.648214951327573,0.2592859805310292
q17,"求推薦世界觀建構完整
主角很清楚當下該做甚麼
是不太希望主角輕鬆拿到一堆外掛這種的
然後也蠻喜歡主角大意、失誤或忘記重要信息導致危機感這種狀況發生
非戰鬥類主角也可以，感覺這類主角穿越的比較多?
但是如果是一個高中生通十八般武藝心理素質又特好的就不要",世界觀完整,False,間諜,0.6233928093322058,0.24935712373288232
q17,"求推薦世界觀建構完整
主角很清楚當下該做甚麼
是不太希望主角輕鬆拿到一堆外掛這種的
然後也蠻喜歡主角大意、失誤或忘記重要信息導致危機感這種狀況發生
非戰鬥類主角也可以，感覺這類主角穿越的比較多?
但是如果是一個高中生通十八般武藝心理素質又特好的就不要",世界觀完整,False,大小姐,0.6304785897359112,0.2521914358943645
q17,"求推薦世界觀建構完整
主角很清楚當下該做甚麼
是不太希望主角輕鬆拿到一堆外掛這種的
然後也蠻喜歡主角大意、失誤或忘記重要信息導致危機感這種狀況發生
非戰鬥類主角也可以，感覺這類主角穿越的比較多?
但是如果是一個高中生通十八般武藝心理素質又特好的就不要",世界觀完整,False,魔法,0.6385683590031607,0.2554273436012643
q17,"求推薦世界觀建構完整
主角很清楚當下該做甚麼
是不太希望主角輕鬆拿到一堆外掛這種的
然後也蠻喜歡主角大意、失誤或忘記重要信息導致危機感這種狀況發生
非戰鬥類主角也可以，感覺這類主角穿越的比較多?
但是如果是一個高中生通十八般武藝心理素質又特好的就不要",世界觀完整,False,美食,0.6233630819916689,0.24934523279666757
q17,"求推薦世界觀建構完整
主角很清楚當下該做甚麼
是不太希望主角輕鬆拿到一堆外掛這種的
然後也蠻喜歡主角大意、失誤或忘記重要信息導致危機感這種狀況發生
非戰鬥類主角也可以，感覺這類主角穿越的比較多?
但是如果是一個高中生通十八般武藝心理素質又特好的就不要",世界觀完整,False,大逃殺,0.640973839344556,0.2563895357378224
q17,"求推薦世界觀建構完整
主角很清楚當下該做甚麼
是不太希望主角輕鬆拿到一堆外掛這種的
然後也蠻喜歡主角大意、失誤或忘記重要信息導致危機感這種狀況發生
非戰鬥類主角也可以，感覺這類主角穿越的比較多?
但是如果是一個高中生通十八般武藝心理素質又特好的就不要",世界觀完整,False,戀愛,0.6542177781694447,0.2616871112677779
q17,"求推薦世界觀建構完整
主角很清楚當下該做甚麼
是不太希望主角輕鬆拿到一堆外掛這種的
然後也蠻喜歡主角大意、失誤或忘記重要信息導致危機感這種狀況發生
非戰鬥類主角也可以，感覺這類主角穿越的比較多?
但是如果是一個高中生通十八般武藝心理素質又特好的就不要",世界觀完整,False,犯罪,0.6488208306173937,0.2595283322469575
q17,"求推薦世界觀建構完整
主角很清楚當下該做甚麼
是不太希望主角輕鬆拿到一堆外掛這種的
然後也蠻喜歡主角大意、失誤或忘記重要信息導致危機感這種狀況發生
非戰鬥類主角也可以，感覺這類主角穿越的比較多?
但是如果是一個高中生通十八般武藝心理素質又特好的就不要",世界觀完整,False,轉生,0.6579774359203427,0.2631909743681371
q17,"求推薦世界觀建構完整
主角很清楚當下該做甚麼
是不太希望主角輕鬆拿到一堆外掛這種的
然後也蠻喜歡主角大意、失誤或忘記重要信息導致危機感這種狀況發生
非戰鬥類主角也可以，感覺這類主角穿越的比較多?
但是如果是一個高中生通十八般武藝心理素質又特好的就不要",世界觀完整,False,青梅竹馬,0.6370961001314739,0.25483844005258954
q17,"求推薦世界觀建構完整
主角很清楚當下該做甚麼
是不太希望主角輕鬆拿到一堆外掛這種的
然後也蠻喜歡主角大意、失誤或忘記重要信息導致危機感這種狀況發生
非戰鬥類主角也可以，感覺這類主角穿越的比較多?
但是如果是一個高中生通十八般武藝心理素質又特好的就不要",世界觀完整,False,女性視角,0.6745264300075559,0.26981057200302233
q17,"求推薦世界觀建構完整
主角很清楚當下該做甚麼
是不太希望主角輕鬆拿到一堆外掛這種的
然後也蠻喜歡主角大意、失誤或忘記重要信息導致危機感這種狀況發生
非戰鬥類主角也可以，感覺這類主角穿越的比較多?
但是如果是一個高中生通十八般武藝心理素質又特好的就不要",世界觀完整,False,溫馨,0.6584023519332737,0.26336094077330946
q17,"求推薦世界觀建構完整
主角很清楚當下該做甚麼
是不太希望主角輕鬆拿到一堆外掛這種的
然後也蠻喜歡主角大意、失誤或忘記重要信息導致危機感這種狀況發生
非戰鬥類主角也可以，感覺這類主角穿越的比較多?
但是如果是一個高中生通十八般武藝心理素質又特好的就不要",世界觀完整,False,經營,0.6452848925979635,0.25811395703918544
q17,"求推薦世界觀建構完整
主角很清楚當下該做甚麼
是不太希望主角輕鬆拿到一堆外掛這種的
然後也蠻喜歡主角大意、失誤或忘記重要信息導致危機感這種狀況發生
非戰鬥類主角也可以，感覺這類主角穿越的比較多?
但是如果是一個高中生通十八般武藝心理素質又特好的就不要",世界觀完整,False,復仇,0.6192174469744984,0.2476869787897994
q17,"求推薦世界觀建構完整
主角很清楚當下該做甚麼
是不太希望主角輕鬆拿到一堆外掛這種的
然後也蠻喜歡主角大意、失誤或忘記重要信息導致危機感這種狀況發生
非戰鬥類主角也可以，感覺這類主角穿越的比較多?
但是如果是一個高中生通十八般武藝心理素質又特好的就不要",世界觀完整,False,黑暗,0.6577877552188915,0.2631151020875566
q17,"求推薦世界觀建構完整
主角很清楚當下該做甚麼
是不太希望主角輕鬆拿到一堆外掛這種的
然後也蠻喜歡主角大意、失誤或忘記重要信息導致危機感這種狀況發生
非戰鬥類主角也可以，感覺這類主角穿越的比較多?
但是如果是一個高中生通十八般武藝心理素質又特好的就不要",世界觀完整,False,戰鬥,0.6377509337194501,0.2551003734877801
q17,"求推薦世界觀建構完整
主角很清楚當下該做甚麼
是不太希望主角輕鬆拿到一堆外掛這種的
然後也蠻喜歡主角大意、失誤或忘記重要信息導致危機感這種狀況發生
非戰鬥類主角也可以，感覺這類主角穿越的比較多?
但是如果是一個高中生通十八般武藝心理素質又特好的就不要",世界觀完整,False,群像,0.6648793426931301,0.26595173707725206
q17,"求推薦世界觀建構完整
主角很清楚當下該做甚麼
是不太希望主角輕鬆拿到一堆外掛這種的
然後也蠻喜歡主角大意、失誤或忘記重要信息導致危機感這種狀況發生
非戰鬥類主角也可以，感覺這類主角穿越的比較多?
但是如果是一個高中生通十八般武藝心理素質又特好的就不要",世界觀完整,False,歡樂向,0.6760362817763381,0.27041451271053524
q17,"求推薦世界觀建構完整
主角很清楚當下該做甚麼
是不太希望主角輕鬆拿到一堆外掛這種的
然後也蠻喜歡主角大意、失誤或忘記重要信息導致危機感這種狀況發生
非戰鬥類主角也可以，感覺這類主角穿越的比較多?
但是如果是一個高中生通十八般武藝心理素質又特好的就不要",世界觀完整,False,惡役,0.6396705426275306,0.25586821705101226
q17,"求推薦世界觀建構完整
主角很清楚當下該做甚麼
是不太希望主角輕鬆拿到一堆外掛這種的
然後也蠻喜歡主角大意、失誤或忘記重要信息導致危機感這種狀況發生
非戰鬥類主角也可以，感覺這類主角穿越的比較多?
但是如果是一個高中生通十八般武藝心理素質又特好的就不要",世界觀完整,False,機戰,0.6638033626065305,0.2655213450426122
q17,"求推薦世界觀建構完整
主角很清楚當下該做甚麼
是不太希望主角輕鬆拿到一堆外掛這種的
然後也蠻喜歡主角大意、失誤或忘記重要信息導致危機感這種狀況發生
非戰鬥類主角也可以，感覺這類主角穿越的比較多?
但是如果是一個高中生通十八般武藝心理素質又特好的就不要",世界觀完整,False,驚悚,0.6536083733360762,0.26144334933443053
q17,"求推薦世界觀建構完整
主角很清楚當下該做甚麼
是不太希望主角輕鬆拿到一堆外掛這種的
然後也蠻喜歡主角大意、失誤或忘記重要信息導致危機感這種狀況發生
非戰鬥類主角也可以，感覺這類主角穿越的比較多?
但是如果是一個高中生通十八般武藝心理素質又特好的就不要",世界觀完整,False,奇幻,0.6831245184181385,0.2732498073672554
q17,"求推薦世界觀建構完整
主角很清楚當下該做甚麼
是不太希望主角輕鬆拿到一堆外掛這種的
然後也蠻喜歡主角大意、失誤或忘記重要信息導致危機感這種狀況發生
非戰鬥類主角也可以，感覺這類主角穿越的比較多?
但是如果是一個高中生通十八般武藝心理素質又特好的就不要",世界觀完整,False,耽美,0.6751969033808944,0.2700787613523578
q17,"求推薦世界觀建構完整
主角很清楚當下該做甚麼
是不太希望主角輕鬆拿到一堆外掛這種的
然後也蠻喜歡主角大意、失誤或忘記重要信息導致危機感這種狀況發生
非戰鬥類主角也可以，感覺這類主角穿越的比較多?
但是如果是一個高中生通十八般武藝心理素質又特好的就不要",世界觀完整,False,妹妹,0.6275666364704637,0.2510266545881855
q17,"求推薦世界觀建構完整
主角很清楚當下該做甚麼
是不太希望主角輕鬆拿到一堆外掛這種的
然後也蠻喜歡主角大意、失誤或忘記重要信息導致危機感這種狀況發生
非戰鬥類主角也可以，感覺這類主角穿越的比較多?
但是如果是一個高中生通十八般武藝心理素質又特好的就不要",世界觀完整,False,龍傲天,0.6425210124468103,0.2570084049787241
q17,"求推薦世界觀建構完整
主角很清楚當下該做甚麼
是不太希望主角輕鬆拿到一堆外掛這種的
然後也蠻喜歡主角大意、失誤或忘記重要信息導致危機感這種狀況發生
非戰鬥類主角也可以，感覺這類主角穿越的比較多?
但是如果是一個高中生通十八般武藝心理素質又特好的就不要",世界觀完整,False,推理,0.6660649826343439,0.26642599305373754
q17,"求推薦世界觀建構完整
主角很清楚當下該做甚麼
是不太希望主角輕鬆拿到一堆外掛這種的
然後也蠻喜歡主角大意、失誤或忘記重要信息導致危機感這種狀況發生
非戰鬥類主角也可以，感覺這類主角穿越的比較多?
但是如果是一個高中生通十八般武藝心理素質又特好的就不要",世界觀完整,False,JC,0.6442133310698543,0.2576853324279417
q17,"求推薦世界觀建構完整
主角很清楚當下該做甚麼
是不太希望主角輕鬆拿到一堆外掛這種的
然後也蠻喜歡主角大意、失誤或忘記重要信息導致危機感這種狀況發生
非戰鬥類主角也可以，感覺這類主角穿越的比較多?
但是如果是一個高中生通十八般武藝心理素質又特好的就不要",世界觀完整,False,偽娘,0.6295579747316575,0.251823189892663
q17,"求推薦世界觀建構完整
主角很清楚當下該做甚麼
是不太希望主角輕鬆拿到一堆外掛這種的
然後也蠻喜歡主角大意、失誤或忘記重要信息導致危機感這種狀況發生
非戰鬥類主角也可以，感覺這類主角穿越的比較多?
但是如果是一個高中生通十八般武藝心理素質又特好的就不要",世界觀完整,False,NTR,0.6521226045321954,0.26084904181287816
q17,"求推薦世界觀建構完整
主角很清楚當下該做甚麼
是不太希望主角輕鬆拿到一堆外掛這種的
然後也蠻喜歡主角大意、失誤或忘記重要信息導致危機感這種狀況發生
非戰鬥類主角也可以，感覺這類主角穿越的比較多?
但是如果是一個高中生通十八般武藝心理素質又特好的就不要",世界觀完整,False,戰爭,0.648302742006602,0.2593210968026408
q17,"求推薦世界觀建構完整
主角很清楚當下該做甚麼
是不太希望主角輕鬆拿到一堆外掛這種的
然後也蠻喜歡主角大意、失誤或忘記重要信息導致危機感這種狀況發生
非戰鬥類主角也可以，感覺這類主角穿越的比較多?
但是如果是一個高中生通十八般武藝心理素質又特好的就不要",世界觀完整,False,病嬌,0.6442178588735634,0.2576871435494254
q17,"求推薦世界觀建構完整
主角很清楚當下該做甚麼
是不太希望主角輕鬆拿到一堆外掛這種的
然後也蠻喜歡主角大意、失誤或忘記重要信息導致危機感這種狀況發生
非戰鬥類主角也可以，感覺這類主角穿越的比較多?
但是如果是一個高中生通十八般武藝心理素質又特好的就不要",世界觀完整,False,熱血,0.6371198010921622,0.2548479204368649
q17,"求推薦世界觀建構完整
主角很清楚當下該做甚麼
是不太希望主角輕鬆拿到一堆外掛這種的
然後也蠻喜歡主角大意、失誤或忘記重要信息導致危機感這種狀況發生
非戰鬥類主角也可以，感覺這類主角穿越的比較多?
但是如果是一個高中生通十八般武藝心理素質又特好的就不要",世界觀完整,False,冒險,0.6608561474280461,0.26434245897121844
q17,"求推薦世界觀建構完整
主角很清楚當下該做甚麼
是不太希望主角輕鬆拿到一堆外掛這種的
然後也蠻喜歡主角大意、失誤或忘記重要信息導致危機感這種狀況發生
非戰鬥類主角也可以，感覺這類主角穿越的比較多?
但是如果是一個高中生通十八般武藝心理素質又特好的就不要",世界觀完整,False,女兒,0.6186953414558628,0.24747813658234513
q17,"求推薦世界觀建構完整
主角很清楚當下該做甚麼
是不太希望主角輕鬆拿到一堆外掛這種的
然後也蠻喜歡主角大意、失誤或忘記重要信息導致危機感這種狀況發生
非戰鬥類主角也可以，感覺這類主角穿越的比較多?
但是如果是一個高中生通十八般武藝心理素質又特好的就不要",世界觀完整,False,人外,0.6704073889340145,0.2681629555736058
q17,"求推薦世界觀建構完整
主角很清楚當下該做甚麼
是不太希望主角輕鬆拿到一堆外掛這種的
然後也蠻喜歡主角大意、失誤或忘記重要信息導致危機感這種狀況發生
非戰鬥類主角也可以，感覺這類主角穿越的比較多?
但是如果是一個高中生通十八般武藝心理素質又特好的就不要",世界觀完整,False,異世界,0.6924214871885975,0.276968594875439
q17,"求推薦世界觀建構完整
主角很清楚當下該做甚麼
是不太希望主角輕鬆拿到一堆外掛這種的
然後也蠻喜歡主角大意、失誤或忘記重要信息導致危機感這種狀況發生
非戰鬥類主角也可以，感覺這類主角穿越的比較多?
但是如果是一個高中生通十八般武藝心理素質又特好的就不要",世界觀完整,False,懸疑,0.6705499268808341,0.26821997075233367
q17,"求推薦世界觀建構完整
主角很清楚當下該做甚麼
是不太希望主角輕鬆拿到一堆外掛這種的
然後也蠻喜歡主角大意、失誤或忘記重要信息導致危機感這種狀況發生
非戰鬥類主角也可以，感覺這類主角穿越的比較多?
但是如果是一個高中生通十八般武藝心理素質又特好的就不要",危機感,False,競技,0.6280786988075774,0.251231479523031
q17,"求推薦世界觀建構完整
主角很清楚當下該做甚麼
是不太希望主角輕鬆拿到一堆外掛這種的
然後也蠻喜歡主角大意、失誤或忘記重要信息導致危機感這種狀況發生
非戰鬥類主角也可以，感覺這類主角穿越的比較多?
但是如果是一個高中生通十八般武藝心理素質又特好的就不要",危機感,False,大逃殺,0.6604069703622613,0.2641627881449045
q17,"求推薦世界觀建構完整
主角很清楚當下該做甚麼
是不太希望主角輕鬆拿到一堆外掛這種的
然後也蠻喜歡主角大意、失誤或忘記重要信息導致危機感這種狀況發生
非戰鬥類主角也可以，感覺這類主角穿越的比較多?
但是如果是一個高中生通十八般武藝心理素質又特好的就不要",危機感,False,戀愛,0.6399261272884751,0.25597045091539006
q17,"求推薦世界觀建構完整
主角很清楚當下該做甚麼
是不太希望主角輕鬆拿到一堆外掛這種的
然後也蠻喜歡主角大意、失誤或忘記重要信息導致危機感這種狀況發生
非戰鬥類主角也可以，感覺這類主角穿越的比較多?
但是如果是一個高中生通十八般武藝心理素質又特好的就不要",危機感,False,犯罪,0.6726131953922259,0.26904527815689033
q17,"求推薦世界觀建構完整
主角很清楚當下該做甚麼
是不太希望主角輕鬆拿到一堆外掛這種的
然後也蠻喜歡主角大意、失誤或忘記重要信息導致危機感這種狀況發生
非戰鬥類主角也可以，感覺這類主角穿越的比較多?
但是如果是一個高中生通十八般武藝心理素質又特好的就不要",危機感,False,鬥智,0.6456199700830832,0.2582479880332333
q17,"求推薦世界觀建構完整
主角很清楚當下該做甚麼
是不太希望主角輕鬆拿到一堆外掛這種的
然後也蠻喜歡主角大意、失誤或忘記重要信息導致危機感這種狀況發生
非戰鬥類主角也可以，感覺這類主角穿越的比較多?
但是如果是一個高中生通十八般武藝心理素質又特好的就不要",危機感,False,科幻,0.6775127547603929,0.27100510190415716
q17,"求推薦世界觀建構完整
主角很清楚當下該做甚麼
是不太希望主角輕鬆拿到一堆外掛這種的
然後也蠻喜歡主角大意、失誤或忘記重要信息導致危機感這種狀況發生
非戰鬥類主角也可以，感覺這類主角穿越的比較多?
但是如果是一個高中生通十八般武藝心理素質又特好的就不要",危機感,False,格鬥,0.6186436033851819,0.24745744135407277
q17,"求推薦世界觀建構完整
主角很清楚當下該做甚麼
是不太希望主角輕鬆拿到一堆外掛這種的
然後也蠻喜歡主角大意、失誤或忘記重要信息導致危機感這種狀況發生
非戰鬥類主角也可以，感覺這類主角穿越的比較多?
但是如果是一個高中生通十八般武藝心理素質又特好的就不要",危機感,False,百合,0.6309539669992575,0.252381586799703
q17,"求推薦世界觀建構完整
主角很清楚當下該做甚麼
是不太希望主角輕鬆拿到一堆外掛這種的
然後也蠻喜歡主角大意、失誤或忘記重要信息導致危機感這種狀況發生
非戰鬥類主角也可以，感覺這類主角穿越的比較多?
但是如果是一個高中生通十八般武藝心理素質又特好的就不要",危機感,False,轉生,0.6284602593598949,0.251384103743958
q17,"求推薦世界觀建構完整
主角很清楚當下該做甚麼
是不太希望主角輕鬆拿到一堆外掛這種的
然後也蠻喜歡主角大意、失誤或忘記重要信息導致危機感這種狀況發生
非戰鬥類主角也可以，感覺這類主角穿越的比較多?
但是如果是一個高中生通十八般武藝心理素質又特好的就不要",危機感,False,治癒,0.64774901201231,0.25909960480492406
q17,"求推薦世界觀建構完整
主角很清楚當下該做甚麼
是不太希望主角輕鬆拿到一堆外掛這種的
然後也蠻喜歡主角大意、失誤或忘記重要信息導致危機感這種狀況發生
非戰鬥類主角也可以，感覺這類主角穿越的比較多?
但是如果是一個高中生通十八般武藝心理素質又特好的就不要",危機感,False,青梅竹馬,0.6167300656397018,0.24669202625588071
q17,"求推薦世界觀建構完整
主角很清楚當下該做甚麼
是不太希望主角輕鬆拿到一堆外掛這種的
然後也蠻喜歡主角大意、失誤或忘記重要信息導致危機感這種狀況發生
非戰鬥類主角也可以，感覺這類主角穿越的比較多?
但是如果是一個高中生通十八般武藝心理素質又特好的就不要",危機感,False,女性視角,0.6614820645464992,0.26459282581859966
q17,"求推薦世界觀建構完整
主角很清楚當下該做甚麼
是不太希望主角輕鬆拿到一堆外掛這種的
然後也蠻喜歡主角大意、失誤或忘記重要信息導致危機感這種狀況發生
非戰鬥類主角也可以，感覺這類主角穿越的比較多?
但是如果是一個高中生通十八般武藝心理素質又特好的就不要",危機感,False,性轉,0.6146261561681563,0.24585046246726253
q17,"求推薦世界觀建構完整
主角很清楚當下該做甚麼
是不太希望主角輕鬆拿到一堆外掛這種的
然後也蠻喜歡主角大意、失誤或忘記重要信息導致危機感這種狀況發生
非戰鬥類主角也可以，感覺這類主角穿越的比較多?
但是如果是一個高中生通十八般武藝心理素質又特好的就不要",危機感,False,溫馨,0.6640737416410571,0.2656294966564229
q17,"求推薦世界觀建構完整
主角很清楚當下該做甚麼
是不太希望主角輕鬆拿到一堆外掛這種的
然後也蠻喜歡主角大意、失誤或忘記重要信息導致危機感這種狀況發生
非戰鬥類主角也可以，感覺這類主角穿越的比較多?
但是如果是一個高中生通十八般武藝心理素質又特好的就不要",危機感,False,經營,0.6403078148234265,0.2561231259293706
q17,"求推薦世界觀建構完整
主角很清楚當下該做甚麼
是不太希望主角輕鬆拿到一堆外掛這種的
然後也蠻喜歡主角大意、失誤或忘記重要信息導致危機感這種狀況發生
非戰鬥類主角也可以，感覺這類主角穿越的比較多?
但是如果是一個高中生通十八般武藝心理素質又特好的就不要",危機感,False,獵奇,0.6644673462976292,0.26578693851905166
q17,"求推薦世界觀建構完整
主角很清楚當下該做甚麼
是不太希望主角輕鬆拿到一堆外掛這種的
然後也蠻喜歡主角大意、失誤或忘記重要信息導致危機感這種狀況發生
非戰鬥類主角也可以，感覺這類主角穿越的比較多?
但是如果是一個高中生通十八般武藝心理素質又特好的就不要",危機感,False,復仇,0.6162263751407215,0.24649055005628862
q17,"求推薦世界觀建構完整
主角很清楚當下該做甚麼
是不太希望主角輕鬆拿到一堆外掛這種的
然後也蠻喜歡主角大意、失誤或忘記重要信息導致危機感這種狀況發生
非戰鬥類主角也可以，感覺這類主角穿越的比較多?
但是如果是一個高中生通十八般武藝心理素質又特好的就不要",危機感,False,黑暗,0.6887932400391746,0.2755172960156699
q17,"求推薦世界觀建構完整
主角很清楚當下該做甚麼
是不太希望主角輕鬆拿到一堆外掛這種的
然後也蠻喜歡主角大意、失誤或忘記重要信息導致危機感這種狀況發生
非戰鬥類主角也可以，感覺這類主角穿越的比較多?
但是如果是一個高中生通十八般武藝心理素質又特好的就不要",危機感,False,末日,0.6839076199616424,0.27356304798465697
q17,"求推薦世界觀建構完整
主角很清楚當下該做甚麼
是不太希望主角輕鬆拿到一堆外掛這種的
然後也蠻喜歡主角大意、失誤或忘記重要信息導致危機感這種狀況發生
非戰鬥類主角也可以，感覺這類主角穿越的比較多?
但是如果是一個高中生通十八般武藝心理素質又特好的就不要",危機感,False,遊戲,0.6247272294021389,0.24989089176085555
q17,"求推薦世界觀建構完整
主角很清楚當下該做甚麼
是不太希望主角輕鬆拿到一堆外掛這種的
然後也蠻喜歡主角大意、失誤或忘記重要信息導致危機感這種狀況發生
非戰鬥類主角也可以，感覺這類主角穿越的比較多?
但是如果是一個高中生通十八般武藝心理素質又特好的就不要",危機感,False,戰鬥,0.6399215828975889,0.25596863315903556
q17,"求推薦世界觀建構完整
主角很清楚當下該做甚麼
是不太希望主角輕鬆拿到一堆外掛這種的
然後也蠻喜歡主角大意、失誤或忘記重要信息導致危機感這種狀況發生
非戰鬥類主角也可以，感覺這類主角穿越的比較多?
但是如果是一個高中生通十八般武藝心理素質又特好的就不要",危機感,False,青春,0.6446174071378221,0.25784696285512887
q17,"求推薦世界觀建構完整
主角很清楚當下該做甚麼
是不太希望主角輕鬆拿到一堆外掛這種的
然後也蠻喜歡主角大意、失誤或忘記重要信息導致危機感這種狀況發生
非戰鬥類主角也可以，感覺這類主角穿越的比較多?
但是如果是一個高中生通十八般武藝心理素質又特好的就不要",危機感,False,群像,0.6481960378963372,0.2592784151585349
q17,"求推薦世界觀建構完整
主角很清楚當下該做甚麼
是不太希望主角輕鬆拿到一堆外掛這種的
然後也蠻喜歡主角大意、失誤或忘記重要信息導致危機感這種狀況發生
非戰鬥類主角也可以，感覺這類主角穿越的比較多?
但是如果是一個高中生通十八般武藝心理素質又特好的就不要",危機感,False,歡樂向,0.6606645994016247,0.2642658397606499
q17,"求推薦世界觀建構完整
主角很清楚當下該做甚麼
是不太希望主角輕鬆拿到一堆外掛這種的
然後也蠻喜歡主角大意、失誤或忘記重要信息導致危機感這種狀況發生
非戰鬥類主角也可以，感覺這類主角穿越的比較多?
但是如果是一個高中生通十八般武藝心理素質又特好的就不要",危機感,False,旅行,0.6473075941979148,0.25892303767916597
q17,"求推薦世界觀建構完整
主角很清楚當下該做甚麼
是不太希望主角輕鬆拿到一堆外掛這種的
然後也蠻喜歡主角大意、失誤或忘記重要信息導致危機感這種狀況發生
非戰鬥類主角也可以，感覺這類主角穿越的比較多?
但是如果是一個高中生通十八般武藝心理素質又特好的就不要",危機感,False,惡役,0.6408327203193254,0.25633308812773015
q17,"求推薦世界觀建構完整
主角很清楚當下該做甚麼
是不太希望主角輕鬆拿到一堆外掛這種的
然後也蠻喜歡主角大意、失誤或忘記重要信息導致危機感這種狀況發生
非戰鬥類主角也可以，感覺這類主角穿越的比較多?
但是如果是一個高中生通十八般武藝心理素質又特好的就不要",危機感,False,蘿莉,0.6276770410898737,0.2510708164359495
q17,"求推薦世界觀建構完整
主角很清楚當下該做甚麼
是不太希望主角輕鬆拿到一堆外掛這種的
然後也蠻喜歡主角大意、失誤或忘記重要信息導致危機感這種狀況發生
非戰鬥類主角也可以，感覺這類主角穿越的比較多?
但是如果是一個高中生通十八般武藝心理素質又特好的就不要",危機感,False,機戰,0.6435506249882187,0.2574202499952875
q17,"求推薦世界觀建構完整
主角很清楚當下該做甚麼
是不太希望主角輕鬆拿到一堆外掛這種的
然後也蠻喜歡主角大意、失誤或忘記重要信息導致危機感這種狀況發生
非戰鬥類主角也可以，感覺這類主角穿越的比較多?
但是如果是一個高中生通十八般武藝心理素質又特好的就不要",危機感,False,驚悚,0.7363222081087553,0.2945288832435021
q17,"求推薦世界觀建構完整
主角很清楚當下該做甚麼
是不太希望主角輕鬆拿到一堆外掛這種的
然後也蠻喜歡主角大意、失誤或忘記重要信息導致危機感這種狀況發生
非戰鬥類主角也可以，感覺這類主角穿越的比較多?
但是如果是一個高中生通十八般武藝心理素質又特好的就不要",危機感,False,奇幻,0.6530830096229867,0.2612332038491947
q17,"求推薦世界觀建構完整
主角很清楚當下該做甚麼
是不太希望主角輕鬆拿到一堆外掛這種的
然後也蠻喜歡主角大意、失誤或忘記重要信息導致危機感這種狀況發生
非戰鬥類主角也可以，感覺這類主角穿越的比較多?
但是如果是一個高中生通十八般武藝心理素質又特好的就不要",危機感,False,JK,0.6515645158904229,0.26062580635616917
q17,"求推薦世界觀建構完整
主角很清楚當下該做甚麼
是不太希望主角輕鬆拿到一堆外掛這種的
然後也蠻喜歡主角大意、失誤或忘記重要信息導致危機感這種狀況發生
非戰鬥類主角也可以，感覺這類主角穿越的比較多?
但是如果是一個高中生通十八般武藝心理素質又特好的就不要",危機感,False,後宮,0.6273423226880005,0.2509369290752002
q17,"求推薦世界觀建構完整
主角很清楚當下該做甚麼
是不太希望主角輕鬆拿到一堆外掛這種的
然後也蠻喜歡主角大意、失誤或忘記重要信息導致危機感這種狀況發生
非戰鬥類主角也可以，感覺這類主角穿越的比較多?
但是如果是一個高中生通十八般武藝心理素質又特好的就不要",危機感,False,耽美,0.6569052811566339,0.2627621124626536
q17,"求推薦世界觀建構完整
主角很清楚當下該做甚麼
是不太希望主角輕鬆拿到一堆外掛這種的
然後也蠻喜歡主角大意、失誤或忘記重要信息導致危機感這種狀況發生
非戰鬥類主角也可以，感覺這類主角穿越的比較多?
但是如果是一個高中生通十八般武藝心理素質又特好的就不要",危機感,False,妹妹,0.6239047685150756,0.24956190740603024
q17,"求推薦世界觀建構完整
主角很清楚當下該做甚麼
是不太希望主角輕鬆拿到一堆外掛這種的
然後也蠻喜歡主角大意、失誤或忘記重要信息導致危機感這種狀況發生
非戰鬥類主角也可以，感覺這類主角穿越的比較多?
但是如果是一個高中生通十八般武藝心理素質又特好的就不要",危機感,False,龍傲天,0.619624401854185,0.247849760741674
q17,"求推薦世界觀建構完整
主角很清楚當下該做甚麼
是不太希望主角輕鬆拿到一堆外掛這種的
然後也蠻喜歡主角大意、失誤或忘記重要信息導致危機感這種狀況發生
非戰鬥類主角也可以，感覺這類主角穿越的比較多?
但是如果是一個高中生通十八般武藝心理素質又特好的就不要",危機感,False,職場,0.6448195572829646,0.25792782291318583
q17,"求推薦世界觀建構完整
主角很清楚當下該做甚麼
是不太希望主角輕鬆拿到一堆外掛這種的
然後也蠻喜歡主角大意、失誤或忘記重要信息導致危機感這種狀況發生
非戰鬥類主角也可以，感覺這類主角穿越的比較多?
但是如果是一個高中生通十八般武藝心理素質又特好的就不要",危機感,False,推理,0.6711071772505736,0.26844287090022945
q17,"求推薦世界觀建構完整
主角很清楚當下該做甚麼
是不太希望主角輕鬆拿到一堆外掛這種的
然後也蠻喜歡主角大意、失誤或忘記重要信息導致危機感這種狀況發生
非戰鬥類主角也可以，感覺這類主角穿越的比較多?
但是如果是一個高中生通十八般武藝心理素質又特好的就不要",危機感,False,JC,0.652201263395372,0.26088050535814883
q17,"求推薦世界觀建構完整
主角很清楚當下該做甚麼
是不太希望主角輕鬆拿到一堆外掛這種的
然後也蠻喜歡主角大意、失誤或忘記重要信息導致危機感這種狀況發生
非戰鬥類主角也可以，感覺這類主角穿越的比較多?
但是如果是一個高中生通十八般武藝心理素質又特好的就不要",危機感,False,宅文化,0.6201636914460683,0.24806547657842734
q17,"求推薦世界觀建構完整
主角很清楚當下該做甚麼
是不太希望主角輕鬆拿到一堆外掛這種的
然後也蠻喜歡主角大意、失誤或忘記重要信息導致危機感這種狀況發生
非戰鬥類主角也可以，感覺這類主角穿越的比較多?
但是如果是一個高中生通十八般武藝心理素質又特好的就不要",危機感,False,校園,0.6456539351210229,0.25826157404840916
q17,"求推薦世界觀建構完整
主角很清楚當下該做甚麼
是不太希望主角輕鬆拿到一堆外掛這種的
然後也蠻喜歡主角大意、失誤或忘記重要信息導致危機感這種狀況發生
非戰鬥類主角也可以，感覺這類主角穿越的比較多?
但是如果是一個高中生通十八般武藝心理素質又特好的就不要",危機感,False,同人,0.6365077505451577,0.2546031002180631
q17,"求推薦世界觀建構完整
主角很清楚當下該做甚麼
是不太希望主角輕鬆拿到一堆外掛這種的
然後也蠻喜歡主角大意、失誤或忘記重要信息導致危機感這種狀況發生
非戰鬥類主角也可以，感覺這類主角穿越的比較多?
但是如果是一個高中生通十八般武藝心理素質又特好的就不要",危機感,False,偽娘,0.6153973572580386,0.24615894290321544
q17,"求推薦世界觀建構完整
主角很清楚當下該做甚麼
是不太希望主角輕鬆拿到一堆外掛這種的
然後也蠻喜歡主角大意、失誤或忘記重要信息導致危機感這種狀況發生
非戰鬥類主角也可以，感覺這類主角穿越的比較多?
但是如果是一個高中生通十八般武藝心理素質又特好的就不要",危機感,False,NTR,0.6414882948025162,0.2565953179210065
q17,"求推薦世界觀建構完整
主角很清楚當下該做甚麼
是不太希望主角輕鬆拿到一堆外掛這種的
然後也蠻喜歡主角大意、失誤或忘記重要信息導致危機感這種狀況發生
非戰鬥類主角也可以，感覺這類主角穿越的比較多?
但是如果是一個高中生通十八般武藝心理素質又特好的就不要",危機感,False,異能,0.6408412039735989,0.25633648158943956
q17,"求推薦世界觀建構完整
主角很清楚當下該做甚麼
是不太希望主角輕鬆拿到一堆外掛這種的
然後也蠻喜歡主角大意、失誤或忘記重要信息導致危機感這種狀況發生
非戰鬥類主角也可以，感覺這類主角穿越的比較多?
但是如果是一個高中生通十八般武藝心理素質又特好的就不要",危機感,False,戰爭,0.6580354675647133,0.26321418702588534
q17,"求推薦世界觀建構完整
主角很清楚當下該做甚麼
是不太希望主角輕鬆拿到一堆外掛這種的
然後也蠻喜歡主角大意、失誤或忘記重要信息導致危機感這種狀況發生
非戰鬥類主角也可以，感覺這類主角穿越的比較多?
但是如果是一個高中生通十八般武藝心理素質又特好的就不要",危機感,False,音樂,0.6493216041602107,0.25972864166408427
q17,"求推薦世界觀建構完整
主角很清楚當下該做甚麼
是不太希望主角輕鬆拿到一堆外掛這種的
然後也蠻喜歡主角大意、失誤或忘記重要信息導致危機感這種狀況發生
非戰鬥類主角也可以，感覺這類主角穿越的比較多?
但是如果是一個高中生通十八般武藝心理素質又特好的就不要",危機感,False,病嬌,0.6417789801165886,0.25671159204663546
q17,"求推薦世界觀建構完整
主角很清楚當下該做甚麼
是不太希望主角輕鬆拿到一堆外掛這種的
然後也蠻喜歡主角大意、失誤或忘記重要信息導致危機感這種狀況發生
非戰鬥類主角也可以，感覺這類主角穿越的比較多?
但是如果是一個高中生通十八般武藝心理素質又特好的就不要",危機感,False,熱血,0.6509989170016657,0.2603995668006663
q17,"求推薦世界觀建構完整
主角很清楚當下該做甚麼
是不太希望主角輕鬆拿到一堆外掛這種的
然後也蠻喜歡主角大意、失誤或忘記重要信息導致危機感這種狀況發生
非戰鬥類主角也可以，感覺這類主角穿越的比較多?
但是如果是一個高中生通十八般武藝心理素質又特好的就不要",危機感,False,間諜,0.6456047612032002,0.2582419044812801
q17,"求推薦世界觀建構完整
主角很清楚當下該做甚麼
是不太希望主角輕鬆拿到一堆外掛這種的
然後也蠻喜歡主角大意、失誤或忘記重要信息導致危機感這種狀況發生
非戰鬥類主角也可以，感覺這類主角穿越的比較多?
但是如果是一個高中生通十八般武藝心理素質又特好的就不要",危機感,False,冒險,0.6896735914139347,0.2758694365655739
q17,"求推薦世界觀建構完整
主角很清楚當下該做甚麼
是不太希望主角輕鬆拿到一堆外掛這種的
然後也蠻喜歡主角大意、失誤或忘記重要信息導致危機感這種狀況發生
非戰鬥類主角也可以，感覺這類主角穿越的比較多?
但是如果是一個高中生通十八般武藝心理素質又特好的就不要",危機感,False,大小姐,0.6217147732867971,0.24868590931471887
q17,"求推薦世界觀建構完整
主角很清楚當下該做甚麼
是不太希望主角輕鬆拿到一堆外掛這種的
然後也蠻喜歡主角大意、失誤或忘記重要信息導致危機感這種狀況發生
非戰鬥類主角也可以，感覺這類主角穿越的比較多?
但是如果是一個高中生通十八般武藝心理素質又特好的就不要",危機感,False,女兒,0.6172458593657755,0.2468983437463102
q17,"求推薦世界觀建構完整
主角很清楚當下該做甚麼
是不太希望主角輕鬆拿到一堆外掛這種的
然後也蠻喜歡主角大意、失誤或忘記重要信息導致危機感這種狀況發生
非戰鬥類主角也可以，感覺這類主角穿越的比較多?
但是如果是一個高中生通十八般武藝心理素質又特好的就不要",危機感,False,人外,0.6520226330579414,0.26080905322317655
q17,"求推薦世界觀建構完整
主角很清楚當下該做甚麼
是不太希望主角輕鬆拿到一堆外掛這種的
然後也蠻喜歡主角大意、失誤或忘記重要信息導致危機感這種狀況發生
非戰鬥類主角也可以，感覺這類主角穿越的比較多?
但是如果是一個高中生通十八般武藝心理素質又特好的就不要",危機感,False,美食,0.6173659371375493,0.24694637485501972
q17,"求推薦世界觀建構完整
主角很清楚當下該做甚麼
是不太希望主角輕鬆拿到一堆外掛這種的
然後也蠻喜歡主角大意、失誤或忘記重要信息導致危機感這種狀況發生
非戰鬥類主角也可以，感覺這類主角穿越的比較多?
但是如果是一個高中生通十八般武藝心理素質又特好的就不要",危機感,False,異世界,0.6419624876336191,0.25678499505344765
q17,"求推薦世界觀建構完整
主角很清楚當下該做甚麼
是不太希望主角輕鬆拿到一堆外掛這種的
然後也蠻喜歡主角大意、失誤或忘記重要信息導致危機感這種狀況發生
非戰鬥類主角也可以，感覺這類主角穿越的比較多?
但是如果是一個高中生通十八般武藝心理素質又特好的就不要",危機感,False,懸疑,0.7249953186856902,0.2899981274742761
q19,"如題 最近看的書越來越多 總覺得自己也越來越挑了 希望有人能推薦一些好書
以下條件：
1. 女主是（外表）蘿莉（可愛的少御也是可以啦）
2.有戀愛的元素（後宮可以 但拜託不要無腦倒貼）
3.希望是異世界（不一定要穿越）
4.有傲嬌或無口或吃貨之類的屬性更好
拜託各位了",異世界,True,異世界,1.0,1.0
q19,"如題 最近看的書越來越多 總覺得自己也越來越挑了 希望有人能推薦一些好書
以下條件：
1. 女主是（外表）蘿莉（可愛的少御也是可以啦）
2.有戀愛的元素（後宮可以 但拜託不要無腦倒貼）
3.希望是異世界（不一定要穿越）
4.有傲嬌或無口或吃貨之類的屬性更好
拜託各位了",蘿莉,True,蘿莉,1.0,1.0
q19,"如題 最近看的書越來越多 總覺得自己也越來越挑了 希望有人能推薦一些好書
以下條件：
1. 女主是（外表）蘿莉（可愛的少御也是可以啦）
2.有戀愛的元素（後宮可以 但拜託不要無腦倒貼）
3.希望是異世界（不一定要穿越）
4.有傲嬌或無口或吃貨之類的屬性更好
拜託各位了",戀愛,True,戀愛,1.0,1.0
q19,"如題 最近看的書越來越多 總覺得自己也越來越挑了 希望有人能推薦一些好書
以下條件：
1. 女主是（外表）蘿莉（可愛的少御也是可以啦）
2.有戀愛的元素（後宮可以 但拜託不要無腦倒貼）
3.希望是異世界（不一定要穿越）
4.有傲嬌或無口或吃貨之類的屬性更好
拜託各位了",後宮,True,後宮,1.0,1.0
q19,"如題 最近看的書越來越多 總覺得自己也越來越挑了 希望有人能推薦一些好書
以下條件：
1. 女主是（外表）蘿莉（可愛的少御也是可以啦）
2.有戀愛的元素（後宮可以 但拜託不要無腦倒貼）
3.希望是異世界（不一定要穿越）
4.有傲嬌或無口或吃貨之類的屬性更好
拜託各位了",傲嬌,False,大逃殺,0.6198296451891381,0.24793185807565524
q19,"如題 最近看的書越來越多 總覺得自己也越來越挑了 希望有人能推薦一些好書
以下條件：
1. 女主是（外表）蘿莉（可愛的少御也是可以啦）
2.有戀愛的元素（後宮可以 但拜託不要無腦倒貼）
3.希望是異世界（不一定要穿越）
4.有傲嬌或無口或吃貨之類的屬性更好
拜託各位了",傲嬌,False,戀愛,0.679734245155955,0.271893698062382
q19,"如題 最近看的書越來越多 總覺得自己也越來越挑了 希望有人能推薦一些好書
以下條件：
1. 女主是（外表）蘿莉（可愛的少御也是可以啦）
2.有戀愛的元素（後宮可以 但拜託不要無腦倒貼）
3.希望是異世界（不一定要穿越）
4.有傲嬌或無口或吃貨之類的屬性更好
拜託各位了",傲嬌,False,犯罪,0.6263452944998114,0.2505381177999246
q19,"如題 最近看的書越來越多 總覺得自己也越來越挑了 希望有人能推薦一些好書
以下條件：
1. 女主是（外表）蘿莉（可愛的少御也是可以啦）
2.有戀愛的元素（後宮可以 但拜託不要無腦倒貼）
3.希望是異世界（不一定要穿越）
4.有傲嬌或無口或吃貨之類的屬性更好
拜託各位了",傲嬌,False,鬥智,0.635371148243888,0.2541484592975552
q19,"如題 最近看的書越來越多 總覺得自己也越來越挑了 希望有人能推薦一些好書
以下條件：
1. 女主是（外表）蘿莉（可愛的少御也是可以啦）
2.有戀愛的元素（後宮可以 但拜託不要無腦倒貼）
3.希望是異世界（不一定要穿越）
4.有傲嬌或無口或吃貨之類的屬性更好
拜託各位了",傲嬌,False,科幻,0.6387442505377402,0.2554977002150961
q19,"如題 最近看的書越來越多 總覺得自己也越來越挑了 希望有人能推薦一些好書
以下條件：
1. 女主是（外表）蘿莉（可愛的少御也是可以啦）
2.有戀愛的元素（後宮可以 但拜託不要無腦倒貼）
3.希望是異世界（不一定要穿越）
4.有傲嬌或無口或吃貨之類的屬性更好
拜託各位了",傲嬌,False,百合,0.6764266594396033,0.2705706637758413
q19,"如題 最近看的書越來越多 總覺得自己也越來越挑了 希望有人能推薦一些好書
以下條件：
1. 女主是（外表）蘿莉（可愛的少御也是可以啦）
2.有戀愛的元素（後宮可以 但拜託不要無腦倒貼）
3.希望是異世界（不一定要穿越）
4.有傲嬌或無口或吃貨之類的屬性更好
拜託各位了",傲嬌,False,轉生,0.652015025826183,0.2608060103304732
q19,"如題 最近看的書越來越多 總覺得自己也越來越挑了 希望有人能推薦一些好書
以下條件：
1. 女主是（外表）蘿莉（可愛的少御也是可以啦）
2.有戀愛的元素（後宮可以 但拜託不要無腦倒貼）
3.希望是異世界（不一定要穿越）
4.有傲嬌或無口或吃貨之類的屬性更好
拜託各位了",傲嬌,False,治癒,0.6343763008725041,0.25375052034900164
q19,"如題 最近看的書越來越多 總覺得自己也越來越挑了 希望有人能推薦一些好書
以下條件：
1. 女主是（外表）蘿莉（可愛的少御也是可以啦）
2.有戀愛的元素（後宮可以 但拜託不要無腦倒貼）
3.希望是異世界（不一定要穿越）
4.有傲嬌或無口或吃貨之類的屬性更好
拜託各位了",傲嬌,False,青梅竹馬,0.6557439402077397,0.2622975760830959
q19,"如題 最近看的書越來越多 總覺得自己也越來越挑了 希望有人能推薦一些好書
以下條件：
1. 女主是（外表）蘿莉（可愛的少御也是可以啦）
2.有戀愛的元素（後宮可以 但拜託不要無腦倒貼）
3.希望是異世界（不一定要穿越）
4.有傲嬌或無口或吃貨之類的屬性更好
拜託各位了",傲嬌,False,女性視角,0.6578144710164645,0.2631257884065858
q19,"如題 最近看的書越來越多 總覺得自己也越來越挑了 希望有人能推薦一些好書
以下條件：
1. 女主是（外表）蘿莉（可愛的少御也是可以啦）
2.有戀愛的元素（後宮可以 但拜託不要無腦倒貼）
3.希望是異世界（不一定要穿越）
4.有傲嬌或無口或吃貨之類的屬性更好
拜託各位了",傲嬌,False,性轉,0.6494651856515536,0.25978607426062145
q19,"如題 最近看的書越來越多 總覺得自己也越來越挑了 希望有人能推薦一些好書
以下條件：
1. 女主是（外表）蘿莉（可愛的少御也是可以啦）
2.有戀愛的元素（後宮可以 但拜託不要無腦倒貼）
3.希望是異世界（不一定要穿越）
4.有傲嬌或無口或吃貨之類的屬性更好
拜託各位了",傲嬌,False,溫馨,0.6585466718676729,0.26341866874706915
q19,"如題 最近看的書越來越多 總覺得自己也越來越挑了 希望有人能推薦一些好書
以下條件：
1. 女主是（外表）蘿莉（可愛的少御也是可以啦）
2.有戀愛的元素（後宮可以 但拜託不要無腦倒貼）
3.希望是異世界（不一定要穿越）
4.有傲嬌或無口或吃貨之類的屬性更好
拜託各位了",傲嬌,False,經營,0.6316973573470859,0.25267894293883436
q19,"如題 最近看的書越來越多 總覺得自己也越來越挑了 希望有人能推薦一些好書
以下條件：
1. 女主是（外表）蘿莉（可愛的少御也是可以啦）
2.有戀愛的元素（後宮可以 但拜託不要無腦倒貼）
3.希望是異世界（不一定要穿越）
4.有傲嬌或無口或吃貨之類的屬性更好
拜託各位了",傲嬌,False,獵奇,0.6508391281522017,0.2603356512608807
q19,"如題 最近看的書越來越多 總覺得自己也越來越挑了 希望有人能推薦一些好書
以下條件：
1. 女主是（外表）蘿莉（可愛的少御也是可以啦）
2.有戀愛的元素（後宮可以 但拜託不要無腦倒貼）
3.希望是異世界（不一定要穿越）
4.有傲嬌或無口或吃貨之類的屬性更好
拜託各位了",傲嬌,False,復仇,0.6084586371539722,0.24338345486158888
q19,"如題 最近看的書越來越多 總覺得自己也越來越挑了 希望有人能推薦一些好書
以下條件：
1. 女主是（外表）蘿莉（可愛的少御也是可以啦）
2.有戀愛的元素（後宮可以 但拜託不要無腦倒貼）
3.希望是異世界（不一定要穿越）
4.有傲嬌或無口或吃貨之類的屬性更好
拜託各位了",傲嬌,False,黑暗,0.638888296743137,0.2555553186972548
q19,"如題 最近看的書越來越多 總覺得自己也越來越挑了 希望有人能推薦一些好書
以下條件：
1. 女主是（外表）蘿莉（可愛的少御也是可以啦）
2.有戀愛的元素（後宮可以 但拜託不要無腦倒貼）
3.希望是異世界（不一定要穿越）
4.有傲嬌或無口或吃貨之類的屬性更好
拜託各位了",傲嬌,False,末日,0.6094599193668918,0.24378396774675673
q19,"如題 最近看的書越來越多 總覺得自己也越來越挑了 希望有人能推薦一些好書
以下條件：
1. 女主是（外表）蘿莉（可愛的少御也是可以啦）
2.有戀愛的元素（後宮可以 但拜託不要無腦倒貼）
3.希望是異世界（不一定要穿越）
4.有傲嬌或無口或吃貨之類的屬性更好
拜託各位了",傲嬌,False,遊戲,0.6173679174038293,0.24694716696153174
q19,"如題 最近看的書越來越多 總覺得自己也越來越挑了 希望有人能推薦一些好書
以下條件：
1. 女主是（外表）蘿莉（可愛的少御也是可以啦）
2.有戀愛的元素（後宮可以 但拜託不要無腦倒貼）
3.希望是異世界（不一定要穿越）
4.有傲嬌或無口或吃貨之類的屬性更好
拜託各位了",傲嬌,False,戰鬥,0.6159019824174397,0.24636079296697588
q19,"如題 最近看的書越來越多 總覺得自己也越來越挑了 希望有人能推薦一些好書
以下條件：
1. 女主是（外表）蘿莉（可愛的少御也是可以啦）
2.有戀愛的元素（後宮可以 但拜託不要無腦倒貼）
3.希望是異世界（不一定要穿越）
4.有傲嬌或無口或吃貨之類的屬性更好
拜託各位了",傲嬌,False,青春,0.632480344847966,0.2529921379391864
q19,"如題 最近看的書越來越多 總覺得自己也越來越挑了 希望有人能推薦一些好書
以下條件：
1. 女主是（外表）蘿莉（可愛的少御也是可以啦）
2.有戀愛的元素（後宮可以 但拜託不要無腦倒貼）
3.希望是異世界（不一定要穿越）
4.有傲嬌或無口或吃貨之類的屬性更好
拜託各位了",傲嬌,False,群像,0.645760273039129,0.2583041092156516
q19,"如題 最近看的書越來越多 總覺得自己也越來越挑了 希望有人能推薦一些好書
以下條件：
1. 女主是（外表）蘿莉（可愛的少御也是可以啦）
2.有戀愛的元素（後宮可以 但拜託不要無腦倒貼）
3.希望是異世界（不一定要穿越）
4.有傲嬌或無口或吃貨之類的屬性更好
拜託各位了",傲嬌,False,歡樂向,0.687841082326296,0.2751364329305184
q19,"如題 最近看的書越來越多 總覺得自己也越來越挑了 希望有人能推薦一些好書
以下條件：
1. 女主是（外表）蘿莉（可愛的少御也是可以啦）
2.有戀愛的元素（後宮可以 但拜託不要無腦倒貼）
3.希望是異世界（不一定要穿越）
4.有傲嬌或無口或吃貨之類的屬性更好
拜託各位了",傲嬌,False,旅行,0.6210977246495539,0.24843908985982158
q19,"如題 最近看的書越來越多 總覺得自己也越來越挑了 希望有人能推薦一些好書
以下條件：
1. 女主是（外表）蘿莉（可愛的少御也是可以啦）
2.有戀愛的元素（後宮可以 但拜託不要無腦倒貼）
3.希望是異世界（不一定要穿越）
4.有傲嬌或無口或吃貨之類的屬性更好
拜託各位了",傲嬌,False,惡役,0.6737578311165794,0.26950313244663177
q19,"如題 最近看的書越來越多 總覺得自己也越來越挑了 希望有人能推薦一些好書
以下條件：
1. 女主是（外表）蘿莉（可愛的少御也是可以啦）
2.有戀愛的元素（後宮可以 但拜託不要無腦倒貼）
3.希望是異世界（不一定要穿越）
4.有傲嬌或無口或吃貨之類的屬性更好
拜託各位了",傲嬌,False,蘿莉,0.6728478215245199,0.269139128609808
q19,"如題 最近看的書越來越多 總覺得自己也越來越挑了 希望有人能推薦一些好書
以下條件：
1. 女主是（外表）蘿莉（可愛的少御也是可以啦）
2.有戀愛的元素（後宮可以 但拜託不要無腦倒貼）
3.希望是異世界（不一定要穿越）
4.有傲嬌或無口或吃貨之類的屬性更好
拜託各位了",傲嬌,False,機戰,0.6426476381581315,0.2570590552632526
q19,"如題 最近看的書越來越多 總覺得自己也越來越挑了 希望有人能推薦一些好書
以下條件：
1. 女主是（外表）蘿莉（可愛的少御也是可以啦）
2.有戀愛的元素（後宮可以 但拜託不要無腦倒貼）
3.希望是異世界（不一定要穿越）
4.有傲嬌或無口或吃貨之類的屬性更好
拜託各位了",傲嬌,False,驚悚,0.6354911797885845,0.2541964719154338
q19,"如題 最近看的書越來越多 總覺得自己也越來越挑了 希望有人能推薦一些好書
以下條件：
1. 女主是（外表）蘿莉（可愛的少御也是可以啦）
2.有戀愛的元素（後宮可以 但拜託不要無腦倒貼）
3.希望是異世界（不一定要穿越）
4.有傲嬌或無口或吃貨之類的屬性更好
拜託各位了",傲嬌,False,奇幻,0.6391584253401831,0.25566337013607326
q19,"如題 最近看的書越來越多 總覺得自己也越來越挑了 希望有人能推薦一些好書
以下條件：
1. 女主是（外表）蘿莉（可愛的少御也是可以啦）
2.有戀愛的元素（後宮可以 但拜託不要無腦倒貼）
3.希望是異世界（不一定要穿越）
4.有傲嬌或無口或吃貨之類的屬性更好
拜託各位了",傲嬌,False,JK,0.6747636039108997,0.2699054415643599
q19,"如題 最近看的書越來越多 總覺得自己也越來越挑了 希望有人能推薦一些好書
以下條件：
1. 女主是（外表）蘿莉（可愛的少御也是可以啦）
2.有戀愛的元素（後宮可以 但拜託不要無腦倒貼）
3.希望是異世界（不一定要穿越）
4.有傲嬌或無口或吃貨之類的屬性更好
拜託各位了",傲嬌,False,後宮,0.6628870536943026,0.265154821477721
q19,"如題 最近看的書越來越多 總覺得自己也越來越挑了 希望有人能推薦一些好書
以下條件：
1. 女主是（外表）蘿莉（可愛的少御也是可以啦）
2.有戀愛的元素（後宮可以 但拜託不要無腦倒貼）
3.希望是異世界（不一定要穿越）
4.有傲嬌或無口或吃貨之類的屬性更好
拜託各位了",傲嬌,False,耽美,0.6898242876837298,0.27592971507349195
q19,"如題 最近看的書越來越多 總覺得自己也越來越挑了 希望有人能推薦一些好書
以下條件：
1. 女主是（外表）蘿莉（可愛的少御也是可以啦）
2.有戀愛的元素（後宮可以 但拜託不要無腦倒貼）
3.希望是異世界（不一定要穿越）
4.有傲嬌或無口或吃貨之類的屬性更好
拜託各位了",傲嬌,False,妹妹,0.653221140451437,0.2612884561805748
q19,"如題 最近看的書越來越多 總覺得自己也越來越挑了 希望有人能推薦一些好書
以下條件：
1. 女主是（外表）蘿莉（可愛的少御也是可以啦）
2.有戀愛的元素（後宮可以 但拜託不要無腦倒貼）
3.希望是異世界（不一定要穿越）
4.有傲嬌或無口或吃貨之類的屬性更好
拜託各位了",傲嬌,False,龍傲天,0.7002099494780096,0.28008397979120386
q19,"如題 最近看的書越來越多 總覺得自己也越來越挑了 希望有人能推薦一些好書
以下條件：
1. 女主是（外表）蘿莉（可愛的少御也是可以啦）
2.有戀愛的元素（後宮可以 但拜託不要無腦倒貼）
3.希望是異世界（不一定要穿越）
4.有傲嬌或無口或吃貨之類的屬性更好
拜託各位了",傲嬌,False,職場,0.6431591583857045,0.2572636633542818
q19,"如題 最近看的書越來越多 總覺得自己也越來越挑了 希望有人能推薦一些好書
以下條件：
1. 女主是（外表）蘿莉（可愛的少御也是可以啦）
2.有戀愛的元素（後宮可以 但拜託不要無腦倒貼）
3.希望是異世界（不一定要穿越）
4.有傲嬌或無口或吃貨之類的屬性更好
拜託各位了",傲嬌,False,推理,0.6524906108529237,0.26099624434116947
q19,"如題 最近看的書越來越多 總覺得自己也越來越挑了 希望有人能推薦一些好書
以下條件：
1. 女主是（外表）蘿莉（可愛的少御也是可以啦）
2.有戀愛的元素（後宮可以 但拜託不要無腦倒貼）
3.希望是異世界（不一定要穿越）
4.有傲嬌或無口或吃貨之類的屬性更好
拜託各位了",傲嬌,False,JC,0.6515960749431542,0.26063842997726167
q19,"如題 最近看的書越來越多 總覺得自己也越來越挑了 希望有人能推薦一些好書
以下條件：
1. 女主是（外表）蘿莉（可愛的少御也是可以啦）
2.有戀愛的元素（後宮可以 但拜託不要無腦倒貼）
3.希望是異世界（不一定要穿越）
4.有傲嬌或無口或吃貨之類的屬性更好
拜託各位了",傲嬌,False,宅文化,0.6501919740134366,0.26007678960537467
q19,"如題 最近看的書越來越多 總覺得自己也越來越挑了 希望有人能推薦一些好書
以下條件：
1. 女主是（外表）蘿莉（可愛的少御也是可以啦）
2.有戀愛的元素（後宮可以 但拜託不要無腦倒貼）
3.希望是異世界（不一定要穿越）
4.有傲嬌或無口或吃貨之類的屬性更好
拜託各位了",傲嬌,False,校園,0.6430690547614615,0.2572276219045846
q19,"如題 最近看的書越來越多 總覺得自己也越來越挑了 希望有人能推薦一些好書
以下條件：
1. 女主是（外表）蘿莉（可愛的少御也是可以啦）
2.有戀愛的元素（後宮可以 但拜託不要無腦倒貼）
3.希望是異世界（不一定要穿越）
4.有傲嬌或無口或吃貨之類的屬性更好
拜託各位了",傲嬌,False,同人,0.6596768655900147,0.26387074623600587
q19,"如題 最近看的書越來越多 總覺得自己也越來越挑了 希望有人能推薦一些好書
以下條件：
1. 女主是（外表）蘿莉（可愛的少御也是可以啦）
2.有戀愛的元素（後宮可以 但拜託不要無腦倒貼）
3.希望是異世界（不一定要穿越）
4.有傲嬌或無口或吃貨之類的屬性更好
拜託各位了",傲嬌,False,偽娘,0.6634110972396519,0.26536443889586075
q19,"如題 最近看的書越來越多 總覺得自己也越來越挑了 希望有人能推薦一些好書
以下條件：
1. 女主是（外表）蘿莉（可愛的少御也是可以啦）
2.有戀愛的元素（後宮可以 但拜託不要無腦倒貼）
3.希望是異世界（不一定要穿越）
4.有傲嬌或無口或吃貨之類的屬性更好
拜託各位了",傲嬌,False,NTR,0.6660238142724383,0.2664095257089753
q19,"如題 最近看的書越來越多 總覺得自己也越來越挑了 希望有人能推薦一些好書
以下條件：
1. 女主是（外表）蘿莉（可愛的少御也是可以啦）
2.有戀愛的元素（後宮可以 但拜託不要無腦倒貼）
3.希望是異世界（不一定要穿越）
4.有傲嬌或無口或吃貨之類的屬性更好
拜託各位了",傲嬌,False,異能,0.6362716264062505,0.2545086505625002
q19,"如題 最近看的書越來越多 總覺得自己也越來越挑了 希望有人能推薦一些好書
以下條件：
1. 女主是（外表）蘿莉（可愛的少御也是可以啦）
2.有戀愛的元素（後宮可以 但拜託不要無腦倒貼）
3.希望是異世界（不一定要穿越）
4.有傲嬌或無口或吃貨之類的屬性更好
拜託各位了",傲嬌,False,病嬌,0.7101186487357828,0.28404745949431315
q19,"如題 最近看的書越來越多 總覺得自己也越來越挑了 希望有人能推薦一些好書
以下條件：
1. 女主是（外表）蘿莉（可愛的少御也是可以啦）
2.有戀愛的元素（後宮可以 但拜託不要無腦倒貼）
3.希望是異世界（不一定要穿越）
4.有傲嬌或無口或吃貨之類的屬性更好
拜託各位了",傲嬌,False,音樂,0.6405932710813815,0.2562373084325526
q19,"如題 最近看的書越來越多 總覺得自己也越來越挑了 希望有人能推薦一些好書
以下條件：
1. 女主是（外表）蘿莉（可愛的少御也是可以啦）
2.有戀愛的元素（後宮可以 但拜託不要無腦倒貼）
3.希望是異世界（不一定要穿越）
4.有傲嬌或無口或吃貨之類的屬性更好
拜託各位了",傲嬌,False,戰爭,0.6127924660293784,0.2451169864117514
q19,"如題 最近看的書越來越多 總覺得自己也越來越挑了 希望有人能推薦一些好書
以下條件：
1. 女主是（外表）蘿莉（可愛的少御也是可以啦）
2.有戀愛的元素（後宮可以 但拜託不要無腦倒貼）
3.希望是異世界（不一定要穿越）
4.有傲嬌或無口或吃貨之類的屬性更好
拜託各位了",傲嬌,False,熱血,0.6438842266639404,0.25755369066557615
q19,"如題 最近看的書越來越多 總覺得自己也越來越挑了 希望有人能推薦一些好書
以下條件：
1. 女主是（外表）蘿莉（可愛的少御也是可以啦）
2.有戀愛的元素（後宮可以 但拜託不要無腦倒貼）
3.希望是異世界（不一定要穿越）
4.有傲嬌或無口或吃貨之類的屬性更好
拜託各位了",傲嬌,False,間諜,0.607394874296261,0.24295794971850443
q19,"如題 最近看的書越來越多 總覺得自己也越來越挑了 希望有人能推薦一些好書
以下條件：
1. 女主是（外表）蘿莉（可愛的少御也是可以啦）
2.有戀愛的元素（後宮可以 但拜託不要無腦倒貼）
3.希望是異世界（不一定要穿越）
4.有傲嬌或無口或吃貨之類的屬性更好
拜託各位了",傲嬌,False,冒險,0.628501043122436,0.25140041724897444
q19,"如題 最近看的書越來越多 總覺得自己也越來越挑了 希望有人能推薦一些好書
以下條件：
1. 女主是（外表）蘿莉（可愛的少御也是可以啦）
2.有戀愛的元素（後宮可以 但拜託不要無腦倒貼）
3.希望是異世界（不一定要穿越）
4.有傲嬌或無口或吃貨之類的屬性更好
拜託各位了",傲嬌,False,大小姐,0.68098745746347,0.272394982985388
q19,"如題 最近看的書越來越多 總覺得自己也越來越挑了 希望有人能推薦一些好書
以下條件：
1. 女主是（外表）蘿莉（可愛的少御也是可以啦）
2.有戀愛的元素（後宮可以 但拜託不要無腦倒貼）
3.希望是異世界（不一定要穿越）
4.有傲嬌或無口或吃貨之類的屬性更好
拜託各位了",傲嬌,False,女兒,0.6324737066363297,0.2529894826545319
q19,"如題 最近看的書越來越多 總覺得自己也越來越挑了 希望有人能推薦一些好書
以下條件：
1. 女主是（外表）蘿莉（可愛的少御也是可以啦）
2.有戀愛的元素（後宮可以 但拜託不要無腦倒貼）
3.希望是異世界（不一定要穿越）
4.有傲嬌或無口或吃貨之類的屬性更好
拜託各位了",傲嬌,False,人外,0.6592565522740507,0.26370262090962027
q19,"如題 最近看的書越來越多 總覺得自己也越來越挑了 希望有人能推薦一些好書
以下條件：
1. 女主是（外表）蘿莉（可愛的少御也是可以啦）
2.有戀愛的元素（後宮可以 但拜託不要無腦倒貼）
3.希望是異世界（不一定要穿越）
4.有傲嬌或無口或吃貨之類的屬性更好
拜託各位了",傲嬌,False,美食,0.617528524696629,0.2470114098786516
q19,"如題 最近看的書越來越多 總覺得自己也越來越挑了 希望有人能推薦一些好書
以下條件：
1. 女主是（外表）蘿莉（可愛的少御也是可以啦）
2.有戀愛的元素（後宮可以 但拜託不要無腦倒貼）
3.希望是異世界（不一定要穿越）
4.有傲嬌或無口或吃貨之類的屬性更好
拜託各位了",傲嬌,False,異世界,0.6465450090503995,0.2586180036201598
q19,"如題 最近看的書越來越多 總覺得自己也越來越挑了 希望有人能推薦一些好書
以下條件：
1. 女主是（外表）蘿莉（可愛的少御也是可以啦）
2.有戀愛的元素（後宮可以 但拜託不要無腦倒貼）
3.希望是異世界（不一定要穿越）
4.有傲嬌或無口或吃貨之類的屬性更好
拜託各位了",傲嬌,False,懸疑,0.6416847638907833,0.25667390555631336
q19,"如題 最近看的書越來越多 總覺得自己也越來越挑了 希望有人能推薦一些好書
以下條件：
1. 女主是（外表）蘿莉（可愛的少御也是可以啦）
2.有戀愛的元素（後宮可以 但拜託不要無腦倒貼）
3.希望是異世界（不一定要穿越）
4.有傲嬌或無口或吃貨之類的屬性更好
拜託各位了",無口,False,大逃殺,0.6336133457527751,0.25344533830111005
q19,"如題 最近看的書越來越多 總覺得自己也越來越挑了 希望有人能推薦一些好書
以下條件：
1. 女主是（外表）蘿莉（可愛的少御也是可以啦）
2.有戀愛的元素（後宮可以 但拜託不要無腦倒貼）
3.希望是異世界（不一定要穿越）
4.有傲嬌或無口或吃貨之類的屬性更好
拜託各位了",無口,False,戀愛,0.6593771420251715,0.2637508568100686
q19,"如題 最近看的書越來越多 總覺得自己也越來越挑了 希望有人能推薦一些好書
以下條件：
1. 女主是（外表）蘿莉（可愛的少御也是可以啦）
2.有戀愛的元素（後宮可以 但拜託不要無腦倒貼）
3.希望是異世界（不一定要穿越）
4.有傲嬌或無口或吃貨之類的屬性更好
拜託各位了",無口,False,犯罪,0.6361553208962093,0.25446212835848375
q19,"如題 最近看的書越來越多 總覺得自己也越來越挑了 希望有人能推薦一些好書
以下條件：
1. 女主是（外表）蘿莉（可愛的少御也是可以啦）
2.有戀愛的元素（後宮可以 但拜託不要無腦倒貼）
3.希望是異世界（不一定要穿越）
4.有傲嬌或無口或吃貨之類的屬性更好
拜託各位了",無口,False,鬥智,0.6327426229266444,0.2530970491706578
q19,"如題 最近看的書越來越多 總覺得自己也越來越挑了 希望有人能推薦一些好書
以下條件：
1. 女主是（外表）蘿莉（可愛的少御也是可以啦）
2.有戀愛的元素（後宮可以 但拜託不要無腦倒貼）
3.希望是異世界（不一定要穿越）
4.有傲嬌或無口或吃貨之類的屬性更好
拜託各位了",無口,False,科幻,0.653325262526863,0.2613301050107452
q19,"如題 最近看的書越來越多 總覺得自己也越來越挑了 希望有人能推薦一些好書
以下條件：
1. 女主是（外表）蘿莉（可愛的少御也是可以啦）
2.有戀愛的元素（後宮可以 但拜託不要無腦倒貼）
3.希望是異世界（不一定要穿越）
4.有傲嬌或無口或吃貨之類的屬性更好
拜託各位了",無口,False,格鬥,0.615265285988148,0.2461061143952592
q19,"如題 最近看的書越來越多 總覺得自己也越來越挑了 希望有人能推薦一些好書
以下條件：
1. 女主是（外表）蘿莉（可愛的少御也是可以啦）
2.有戀愛的元素（後宮可以 但拜託不要無腦倒貼）
3.希望是異世界（不一定要穿越）
4.有傲嬌或無口或吃貨之類的屬性更好
拜託各位了",無口,False,百合,0.6635696979115989,0.26542787916463956
q19,"如題 最近看的書越來越多 總覺得自己也越來越挑了 希望有人能推薦一些好書
以下條件：
1. 女主是（外表）蘿莉（可愛的少御也是可以啦）
2.有戀愛的元素（後宮可以 但拜託不要無腦倒貼）
3.希望是異世界（不一定要穿越）
4.有傲嬌或無口或吃貨之類的屬性更好
拜託各位了",無口,False,轉生,0.636895436414837,0.2547581745659348
q19,"如題 最近看的書越來越多 總覺得自己也越來越挑了 希望有人能推薦一些好書
以下條件：
1. 女主是（外表）蘿莉（可愛的少御也是可以啦）
2.有戀愛的元素（後宮可以 但拜託不要無腦倒貼）
3.希望是異世界（不一定要穿越）
4.有傲嬌或無口或吃貨之類的屬性更好
拜託各位了",無口,False,治癒,0.6480734177072797,0.2592293670829119
q19,"如題 最近看的書越來越多 總覺得自己也越來越挑了 希望有人能推薦一些好書
以下條件：
1. 女主是（外表）蘿莉（可愛的少御也是可以啦）
2.有戀愛的元素（後宮可以 但拜託不要無腦倒貼）
3.希望是異世界（不一定要穿越）
4.有傲嬌或無口或吃貨之類的屬性更好
拜託各位了",無口,False,青梅竹馬,0.6458957367663876,0.258358294706555
q19,"如題 最近看的書越來越多 總覺得自己也越來越挑了 希望有人能推薦一些好書
以下條件：
1. 女主是（外表）蘿莉（可愛的少御也是可以啦）
2.有戀愛的元素（後宮可以 但拜託不要無腦倒貼）
3.希望是異世界（不一定要穿越）
4.有傲嬌或無口或吃貨之類的屬性更好
拜託各位了",無口,False,女性視角,0.6458124972840604,0.2583249989136242
q19,"如題 最近看的書越來越多 總覺得自己也越來越挑了 希望有人能推薦一些好書
以下條件：
1. 女主是（外表）蘿莉（可愛的少御也是可以啦）
2.有戀愛的元素（後宮可以 但拜託不要無腦倒貼）
3.希望是異世界（不一定要穿越）
4.有傲嬌或無口或吃貨之類的屬性更好
拜託各位了",無口,False,性轉,0.6439554968809977,0.2575821987523991
q19,"如題 最近看的書越來越多 總覺得自己也越來越挑了 希望有人能推薦一些好書
以下條件：
1. 女主是（外表）蘿莉（可愛的少御也是可以啦）
2.有戀愛的元素（後宮可以 但拜託不要無腦倒貼）
3.希望是異世界（不一定要穿越）
4.有傲嬌或無口或吃貨之類的屬性更好
拜託各位了",無口,False,溫馨,0.6547586091216453,0.26190344364865814
q19,"如題 最近看的書越來越多 總覺得自己也越來越挑了 希望有人能推薦一些好書
以下條件：
1. 女主是（外表）蘿莉（可愛的少御也是可以啦）
2.有戀愛的元素（後宮可以 但拜託不要無腦倒貼）
3.希望是異世界（不一定要穿越）
4.有傲嬌或無口或吃貨之類的屬性更好
拜託各位了",無口,False,經營,0.6207216090144964,0.24828864360579855
q19,"如題 最近看的書越來越多 總覺得自己也越來越挑了 希望有人能推薦一些好書
以下條件：
1. 女主是（外表）蘿莉（可愛的少御也是可以啦）
2.有戀愛的元素（後宮可以 但拜託不要無腦倒貼）
3.希望是異世界（不一定要穿越）
4.有傲嬌或無口或吃貨之類的屬性更好
拜託各位了",無口,False,獵奇,0.6759915966118164,0.2703966386447266
q19,"如題 最近看的書越來越多 總覺得自己也越來越挑了 希望有人能推薦一些好書
以下條件：
1. 女主是（外表）蘿莉（可愛的少御也是可以啦）
2.有戀愛的元素（後宮可以 但拜託不要無腦倒貼）
3.希望是異世界（不一定要穿越）
4.有傲嬌或無口或吃貨之類的屬性更好
拜託各位了",無口,False,復仇,0.6033520311741796,0.24134081246967184
q19,"如題 最近看的書越來越多 總覺得自己也越來越挑了 希望有人能推薦一些好書
以下條件：
1. 女主是（外表）蘿莉（可愛的少御也是可以啦）
2.有戀愛的元素（後宮可以 但拜託不要無腦倒貼）
3.希望是異世界（不一定要穿越）
4.有傲嬌或無口或吃貨之類的屬性更好
拜託各位了",無口,False,黑暗,0.6708772939887306,0.2683509175954923
q19,"如題 最近看的書越來越多 總覺得自己也越來越挑了 希望有人能推薦一些好書
以下條件：
1. 女主是（外表）蘿莉（可愛的少御也是可以啦）
2.有戀愛的元素（後宮可以 但拜託不要無腦倒貼）
3.希望是異世界（不一定要穿越）
4.有傲嬌或無口或吃貨之類的屬性更好
拜託各位了",無口,False,末日,0.642173160073376,0.2568692640293504
q19,"如題 最近看的書越來越多 總覺得自己也越來越挑了 希望有人能推薦一些好書
以下條件：
1. 女主是（外表）蘿莉（可愛的少御也是可以啦）
2.有戀愛的元素（後宮可以 但拜託不要無腦倒貼）
3.希望是異世界（不一定要穿越）
4.有傲嬌或無口或吃貨之類的屬性更好
拜託各位了",無口,False,遊戲,0.6214229692968075,0.24856918771872302
q19,"如題 最近看的書越來越多 總覺得自己也越來越挑了 希望有人能推薦一些好書
以下條件：
1. 女主是（外表）蘿莉（可愛的少御也是可以啦）
2.有戀愛的元素（後宮可以 但拜託不要無腦倒貼）
3.希望是異世界（不一定要穿越）
4.有傲嬌或無口或吃貨之類的屬性更好
拜託各位了",無口,False,戰鬥,0.6212107892225115,0.24848431568900461
q19,"如題 最近看的書越來越多 總覺得自己也越來越挑了 希望有人能推薦一些好書
以下條件：
1. 女主是（外表）蘿莉（可愛的少御也是可以啦）
2.有戀愛的元素（後宮可以 但拜託不要無腦倒貼）
3.希望是異世界（不一定要穿越）
4.有傲嬌或無口或吃貨之類的屬性更好
拜託各位了",無口,False,青春,0.6311616999065595,0.2524646799626238
q19,"如題 最近看的書越來越多 總覺得自己也越來越挑了 希望有人能推薦一些好書
以下條件：
1. 女主是（外表）蘿莉（可愛的少御也是可以啦）
2.有戀愛的元素（後宮可以 但拜託不要無腦倒貼）
3.希望是異世界（不一定要穿越）
4.有傲嬌或無口或吃貨之類的屬性更好
拜託各位了",無口,False,群像,0.6755740153045506,0.2702296061218203
q19,"如題 最近看的書越來越多 總覺得自己也越來越挑了 希望有人能推薦一些好書
以下條件：
1. 女主是（外表）蘿莉（可愛的少御也是可以啦）
2.有戀愛的元素（後宮可以 但拜託不要無腦倒貼）
3.希望是異世界（不一定要穿越）
4.有傲嬌或無口或吃貨之類的屬性更好
拜託各位了",無口,False,歡樂向,0.6880538497077624,0.275221539883105
q19,"如題 最近看的書越來越多 總覺得自己也越來越挑了 希望有人能推薦一些好書
以下條件：
1. 女主是（外表）蘿莉（可愛的少御也是可以啦）
2.有戀愛的元素（後宮可以 但拜託不要無腦倒貼）
3.希望是異世界（不一定要穿越）
4.有傲嬌或無口或吃貨之類的屬性更好
拜託各位了",無口,False,旅行,0.6363679999861036,0.2545471999944415
q19,"如題 最近看的書越來越多 總覺得自己也越來越挑了 希望有人能推薦一些好書
以下條件：
1. 女主是（外表）蘿莉（可愛的少御也是可以啦）
2.有戀愛的元素（後宮可以 但拜託不要無腦倒貼）
3.希望是異世界（不一定要穿越）
4.有傲嬌或無口或吃貨之類的屬性更好
拜託各位了",無口,False,惡役,0.6468881322200335,0.25875525288801343
q19,"如題 最近看的書越來越多 總覺得自己也越來越挑了 希望有人能推薦一些好書
以下條件：
1. 女主是（外表）蘿莉（可愛的少御也是可以啦）
2.有戀愛的元素（後宮可以 但拜託不要無腦倒貼）
3.希望是異世界（不一定要穿越）
4.有傲嬌或無口或吃貨之類的屬性更好
拜託各位了",無口,False,蘿莉,0.6609661298448146,0.26438645193792587
q19,"如題 最近看的書越來越多 總覺得自己也越來越挑了 希望有人能推薦一些好書
以下條件：
1. 女主是（外表）蘿莉（可愛的少御也是可以啦）
2.有戀愛的元素（後宮可以 但拜託不要無腦倒貼）
3.希望是異世界（不一定要穿越）
4.有傲嬌或無口或吃貨之類的屬性更好
拜託各位了",無口,False,機戰,0.6463332229244376,0.2585332891697751
q19,"如題 最近看的書越來越多 總覺得自己也越來越挑了 希望有人能推薦一些好書
以下條件：
1. 女主是（外表）蘿莉（可愛的少御也是可以啦）
2.有戀愛的元素（後宮可以 但拜託不要無腦倒貼）
3.希望是異世界（不一定要穿越）
4.有傲嬌或無口或吃貨之類的屬性更好
拜託各位了",無口,False,驚悚,0.6570877510079827,0.2628351004031931
q19,"如題 最近看的書越來越多 總覺得自己也越來越挑了 希望有人能推薦一些好書
以下條件：
1. 女主是（外表）蘿莉（可愛的少御也是可以啦）
2.有戀愛的元素（後宮可以 但拜託不要無腦倒貼）
3.希望是異世界（不一定要穿越）
4.有傲嬌或無口或吃貨之類的屬性更好
拜託各位了",無口,False,奇幻,0.6495465159465289,0.2598186063786116
q19,"如題 最近看的書越來越多 總覺得自己也越來越挑了 希望有人能推薦一些好書
以下條件：
1. 女主是（外表）蘿莉（可愛的少御也是可以啦）
2.有戀愛的元素（後宮可以 但拜託不要無腦倒貼）
3.希望是異世界（不一定要穿越）
4.有傲嬌或無口或吃貨之類的屬性更好
拜託各位了",無口,False,JK,0.6599102230951808,0.2639640892380723
q19,"如題 最近看的書越來越多 總覺得自己也越來越挑了 希望有人能推薦一些好書
以下條件：
1. 女主是（外表）蘿莉（可愛的少御也是可以啦）
2.有戀愛的元素（後宮可以 但拜託不要無腦倒貼）
3.希望是異世界（不一定要穿越）
4.有傲嬌或無口或吃貨之類的屬性更好
拜託各位了",無口,False,後宮,0.6414021753941206,0.2565608701576482
q19,"如題 最近看的書越來越多 總覺得自己也越來越挑了 希望有人能推薦一些好書
以下條件：
1. 女主是（外表）蘿莉（可愛的少御也是可以啦）
2.有戀愛的元素（後宮可以 但拜託不要無腦倒貼）
3.希望是異世界（不一定要穿越）
4.有傲嬌或無口或吃貨之類的屬性更好
拜託各位了",無口,False,耽美,0.6828293688794913,0.27313174755179653
q19,"如題 最近看的書越來越多 總覺得自己也越來越挑了 希望有人能推薦一些好書
以下條件：
1. 女主是（外表）蘿莉（可愛的少御也是可以啦）
2.有戀愛的元素（後宮可以 但拜託不要無腦倒貼）
3.希望是異世界（不一定要穿越）
4.有傲嬌或無口或吃貨之類的屬性更好
拜託各位了",無口,False,妹妹,0.6396820882141124,0.255872835285645
q19,"如題 最近看的書越來越多 總覺得自己也越來越挑了 希望有人能推薦一些好書
以下條件：
1. 女主是（外表）蘿莉（可愛的少御也是可以啦）
2.有戀愛的元素（後宮可以 但拜託不要無腦倒貼）
3.希望是異世界（不一定要穿越）
4.有傲嬌或無口或吃貨之類的屬性更好
拜託各位了",無口,False,龍傲天,0.6329377258122124,0.253175090324885
q19,"如題 最近看的書越來越多 總覺得自己也越來越挑了 希望有人能推薦一些好書
以下條件：
1. 女主是（外表）蘿莉（可愛的少御也是可以啦）
2.有戀愛的元素（後宮可以 但拜託不要無腦倒貼）
3.希望是異世界（不一定要穿越）
4.有傲嬌或無口或吃貨之類的屬性更好
拜託各位了",無口,False,職場,0.6400094400526056,0.25600377602104224
q19,"如題 最近看的書越來越多 總覺得自己也越來越挑了 希望有人能推薦一些好書
以下條件：
1. 女主是（外表）蘿莉（可愛的少御也是可以啦）
2.有戀愛的元素（後宮可以 但拜託不要無腦倒貼）
3.希望是異世界（不一定要穿越）
4.有傲嬌或無口或吃貨之類的屬性更好
拜託各位了",無口,False,推理,0.6611568504172933,0.26446274016691734
q19,"如題 最近看的書越來越多 總覺得自己也越來越挑了 希望有人能推薦一些好書
以下條件：
1. 女主是（外表）蘿莉（可愛的少御也是可以啦）
2.有戀愛的元素（後宮可以 但拜託不要無腦倒貼）
3.希望是異世界（不一定要穿越）
4.有傲嬌或無口或吃貨之類的屬性更好
拜託各位了",無口,False,腦洞,0.6456786186610832,0.2582714474644333
q19,"如題 最近看的書越來越多 總覺得自己也越來越挑了 希望有人能推薦一些好書
以下條件：
1. 女主是（外表）蘿莉（可愛的少御也是可以啦）
2.有戀愛的元素（後宮可以 但拜託不要無腦倒貼）
3.希望是異世界（不一定要穿越）
4.有傲嬌或無口或吃貨之類的屬性更好
拜託各位了",無口,False,JC,0.6458755943920321,0.2583502377568129
q19,"如題 最近看的書越來越多 總覺得自己也越來越挑了 希望有人能推薦一些好書
以下條件：
1. 女主是（外表）蘿莉（可愛的少御也是可以啦）
2.有戀愛的元素（後宮可以 但拜託不要無腦倒貼）
3.希望是異世界（不一定要穿越）
4.有傲嬌或無口或吃貨之類的屬性更好
拜託各位了",無口,False,宅文化,0.6439309464297353,0.25757237857189413
q19,"如題 最近看的書越來越多 總覺得自己也越來越挑了 希望有人能推薦一些好書
以下條件：
1. 女主是（外表）蘿莉（可愛的少御也是可以啦）
2.有戀愛的元素（後宮可以 但拜託不要無腦倒貼）
3.希望是異世界（不一定要穿越）
4.有傲嬌或無口或吃貨之類的屬性更好
拜託各位了",無口,False,校園,0.6408214965805986,0.25632859863223945
q19,"如題 最近看的書越來越多 總覺得自己也越來越挑了 希望有人能推薦一些好書
以下條件：
1. 女主是（外表）蘿莉（可愛的少御也是可以啦）
2.有戀愛的元素（後宮可以 但拜託不要無腦倒貼）
3.希望是異世界（不一定要穿越）
4.有傲嬌或無口或吃貨之類的屬性更好
拜託各位了",無口,False,同人,0.6611691146319888,0.26446764585279553
q19,"如題 最近看的書越來越多 總覺得自己也越來越挑了 希望有人能推薦一些好書
以下條件：
1. 女主是（外表）蘿莉（可愛的少御也是可以啦）
2.有戀愛的元素（後宮可以 但拜託不要無腦倒貼）
3.希望是異世界（不一定要穿越）
4.有傲嬌或無口或吃貨之類的屬性更好
拜託各位了",無口,False,偽娘,0.6546628604838549,0.26186514419354195
q19,"如題 最近看的書越來越多 總覺得自己也越來越挑了 希望有人能推薦一些好書
以下條件：
1. 女主是（外表）蘿莉（可愛的少御也是可以啦）
2.有戀愛的元素（後宮可以 但拜託不要無腦倒貼）
3.希望是異世界（不一定要穿越）
4.有傲嬌或無口或吃貨之類的屬性更好
拜託各位了",無口,False,NTR,0.6605703467524507,0.26422813870098033
q19,"如題 最近看的書越來越多 總覺得自己也越來越挑了 希望有人能推薦一些好書
以下條件：
1. 女主是（外表）蘿莉（可愛的少御也是可以啦）
2.有戀愛的元素（後宮可以 但拜託不要無腦倒貼）
3.希望是異世界（不一定要穿越）
4.有傲嬌或無口或吃貨之類的屬性更好
拜託各位了",無口,False,異能,0.646912669751501,0.2587650679006004
q19,"如題 最近看的書越來越多 總覺得自己也越來越挑了 希望有人能推薦一些好書
以下條件：
1. 女主是（外表）蘿莉（可愛的少御也是可以啦）
2.有戀愛的元素（後宮可以 但拜託不要無腦倒貼）
3.希望是異世界（不一定要穿越）
4.有傲嬌或無口或吃貨之類的屬性更好
拜託各位了",無口,False,病嬌,0.6513225302482504,0.2605290120993002
q19,"如題 最近看的書越來越多 總覺得自己也越來越挑了 希望有人能推薦一些好書
以下條件：
1. 女主是（外表）蘿莉（可愛的少御也是可以啦）
2.有戀愛的元素（後宮可以 但拜託不要無腦倒貼）
3.希望是異世界（不一定要穿越）
4.有傲嬌或無口或吃貨之類的屬性更好
拜託各位了",無口,False,音樂,0.6469437906223207,0.25877751624892825
q19,"如題 最近看的書越來越多 總覺得自己也越來越挑了 希望有人能推薦一些好書
以下條件：
1. 女主是（外表）蘿莉（可愛的少御也是可以啦）
2.有戀愛的元素（後宮可以 但拜託不要無腦倒貼）
3.希望是異世界（不一定要穿越）
4.有傲嬌或無口或吃貨之類的屬性更好
拜託各位了",無口,False,戰爭,0.6293507863109141,0.2517403145243657
q19,"如題 最近看的書越來越多 總覺得自己也越來越挑了 希望有人能推薦一些好書
以下條件：
1. 女主是（外表）蘿莉（可愛的少御也是可以啦）
2.有戀愛的元素（後宮可以 但拜託不要無腦倒貼）
3.希望是異世界（不一定要穿越）
4.有傲嬌或無口或吃貨之類的屬性更好
拜託各位了",無口,False,熱血,0.6447325774361232,0.2578930309744493
q19,"如題 最近看的書越來越多 總覺得自己也越來越挑了 希望有人能推薦一些好書
以下條件：
1. 女主是（外表）蘿莉（可愛的少御也是可以啦）
2.有戀愛的元素（後宮可以 但拜託不要無腦倒貼）
3.希望是異世界（不一定要穿越）
4.有傲嬌或無口或吃貨之類的屬性更好
拜託各位了",無口,False,間諜,0.6232691800208922,0.24930767200835688
q19,"如題 最近看的書越來越多 總覺得自己也越來越挑了 希望有人能推薦一些好書
以下條件：
1. 女主是（外表）蘿莉（可愛的少御也是可以啦）
2.有戀愛的元素（後宮可以 但拜託不要無腦倒貼）
3.希望是異世界（不一定要穿越）
4.有傲嬌或無口或吃貨之類的屬性更好
拜託各位了",無口,False,冒險,0.6333600470322718,0.25334401881290874
q19,"如題 最近看的書越來越多 總覺得自己也越來越挑了 希望有人能推薦一些好書
以下條件：
1. 女主是（外表）蘿莉（可愛的少御也是可以啦）
2.有戀愛的元素（後宮可以 但拜託不要無腦倒貼）
3.希望是異世界（不一定要穿越）
4.有傲嬌或無口或吃貨之類的屬性更好
拜託各位了",無口,False,大小姐,0.6357321384142193,0.25429285536568774
q19,"如題 最近看的書越來越多 總覺得自己也越來越挑了 希望有人能推薦一些好書
以下條件：
1. 女主是（外表）蘿莉（可愛的少御也是可以啦）
2.有戀愛的元素（後宮可以 但拜託不要無腦倒貼）
3.希望是異世界（不一定要穿越）
4.有傲嬌或無口或吃貨之類的屬性更好
拜託各位了",無口,False,女兒,0.6211045210327286,0.24844180841309146
q19,"如題 最近看的書越來越多 總覺得自己也越來越挑了 希望有人能推薦一些好書
以下條件：
1. 女主是（外表）蘿莉（可愛的少御也是可以啦）
2.有戀愛的元素（後宮可以 但拜託不要無腦倒貼）
3.希望是異世界（不一定要穿越）
4.有傲嬌或無口或吃貨之類的屬性更好
拜託各位了",無口,False,人外,0.6951124941742973,0.27804499766971896
q19,"如題 最近看的書越來越多 總覺得自己也越來越挑了 希望有人能推薦一些好書
以下條件：
1. 女主是（外表）蘿莉（可愛的少御也是可以啦）
2.有戀愛的元素（後宮可以 但拜託不要無腦倒貼）
3.希望是異世界（不一定要穿越）
4.有傲嬌或無口或吃貨之類的屬性更好
拜託各位了",無口,False,美食,0.6201470642052265,0.2480588256820906
q19,"如題 最近看的書越來越多 總覺得自己也越來越挑了 希望有人能推薦一些好書
以下條件：
1. 女主是（外表）蘿莉（可愛的少御也是可以啦）
2.有戀愛的元素（後宮可以 但拜託不要無腦倒貼）
3.希望是異世界（不一定要穿越）
4.有傲嬌或無口或吃貨之類的屬性更好
拜託各位了",無口,False,異世界,0.641403089827048,0.2565612359308192
q19,"如題 最近看的書越來越多 總覺得自己也越來越挑了 希望有人能推薦一些好書
以下條件：
1. 女主是（外表）蘿莉（可愛的少御也是可以啦）
2.有戀愛的元素（後宮可以 但拜託不要無腦倒貼）
3.希望是異世界（不一定要穿越）
4.有傲嬌或無口或吃貨之類的屬性更好
拜託各位了",無口,False,懸疑,0.6686170443452143,0.2674468177380857
q19,"如題 最近看的書越來越多 總覺得自己也越來越挑了 希望有人能推薦一些好書
以下條件：
1. 女主是（外表）蘿莉（可愛的少御也是可以啦）
2.有戀愛的元素（後宮可以 但拜託不要無腦倒貼）
3.希望是異世界（不一定要穿越）
4.有傲嬌或無口或吃貨之類的屬性更好
拜託各位了",吃貨,False,大逃殺,0.6252756873211495,0.2501102749284598
q19,"如題 最近看的書越來越多 總覺得自己也越來越挑了 希望有人能推薦一些好書
以下條件：
1. 女主是（外表）蘿莉（可愛的少御也是可以啦）
2.有戀愛的元素（後宮可以 但拜託不要無腦倒貼）
3.希望是異世界（不一定要穿越）
4.有傲嬌或無口或吃貨之類的屬性更好
拜託各位了",吃貨,False,戀愛,0.6403629768614708,0.25614519074458836
q19,"如題 最近看的書越來越多 總覺得自己也越來越挑了 希望有人能推薦一些好書
以下條件：
1. 女主是（外表）蘿莉（可愛的少御也是可以啦）
2.有戀愛的元素（後宮可以 但拜託不要無腦倒貼）
3.希望是異世界（不一定要穿越）
4.有傲嬌或無口或吃貨之類的屬性更好
拜託各位了",吃貨,False,犯罪,0.6333505272178779,0.25334021088715114
q19,"如題 最近看的書越來越多 總覺得自己也越來越挑了 希望有人能推薦一些好書
以下條件：
1. 女主是（外表）蘿莉（可愛的少御也是可以啦）
2.有戀愛的元素（後宮可以 但拜託不要無腦倒貼）
3.希望是異世界（不一定要穿越）
4.有傲嬌或無口或吃貨之類的屬性更好
拜託各位了",吃貨,False,鬥智,0.6247449821258876,0.24989799285035505
q19,"如題 最近看的書越來越多 總覺得自己也越來越挑了 希望有人能推薦一些好書
以下條件：
1. 女主是（外表）蘿莉（可愛的少御也是可以啦）
2.有戀愛的元素（後宮可以 但拜託不要無腦倒貼）
3.希望是異世界（不一定要穿越）
4.有傲嬌或無口或吃貨之類的屬性更好
拜託各位了",吃貨,False,科幻,0.6430954569244205,0.25723818276976823
q19,"如題 最近看的書越來越多 總覺得自己也越來越挑了 希望有人能推薦一些好書
以下條件：
1. 女主是（外表）蘿莉（可愛的少御也是可以啦）
2.有戀愛的元素（後宮可以 但拜託不要無腦倒貼）
3.希望是異世界（不一定要穿越）
4.有傲嬌或無口或吃貨之類的屬性更好
拜託各位了",吃貨,False,百合,0.6424992792575668,0.2569997117030267
q19,"如題 最近看的書越來越多 總覺得自己也越來越挑了 希望有人能推薦一些好書
以下條件：
1. 女主是（外表）蘿莉（可愛的少御也是可以啦）
2.有戀愛的元素（後宮可以 但拜託不要無腦倒貼）
3.希望是異世界（不一定要穿越）
4.有傲嬌或無口或吃貨之類的屬性更好
拜託各位了",吃貨,False,轉生,0.6400730929889227,0.2560292371955691
q19,"如題 最近看的書越來越多 總覺得自己也越來越挑了 希望有人能推薦一些好書
以下條件：
1. 女主是（外表）蘿莉（可愛的少御也是可以啦）
2.有戀愛的元素（後宮可以 但拜託不要無腦倒貼）
3.希望是異世界（不一定要穿越）
4.有傲嬌或無口或吃貨之類的屬性更好
拜託各位了",吃貨,False,治癒,0.6470575935104727,0.25882303740418905
q19,"如題 最近看的書越來越多 總覺得自己也越來越挑了 希望有人能推薦一些好書
以下條件：
1. 女主是（外表）蘿莉（可愛的少御也是可以啦）
2.有戀愛的元素（後宮可以 但拜託不要無腦倒貼）
3.希望是異世界（不一定要穿越）
4.有傲嬌或無口或吃貨之類的屬性更好
拜託各位了",吃貨,False,青梅竹馬,0.627584959847491,0.2510339839389964
q19,"如題 最近看的書越來越多 總覺得自己也越來越挑了 希望有人能推薦一些好書
以下條件：
1. 女主是（外表）蘿莉（可愛的少御也是可以啦）
2.有戀愛的元素（後宮可以 但拜託不要無腦倒貼）
3.希望是異世界（不一定要穿越）
4.有傲嬌或無口或吃貨之類的屬性更好
拜託各位了",吃貨,False,女性視角,0.6444202150799891,0.2577680860319957
q19,"如題 最近看的書越來越多 總覺得自己也越來越挑了 希望有人能推薦一些好書
以下條件：
1. 女主是（外表）蘿莉（可愛的少御也是可以啦）
2.有戀愛的元素（後宮可以 但拜託不要無腦倒貼）
3.希望是異世界（不一定要穿越）
4.有傲嬌或無口或吃貨之類的屬性更好
拜託各位了",吃貨,False,性轉,0.623550719544898,0.24942028781795922
q19,"如題 最近看的書越來越多 總覺得自己也越來越挑了 希望有人能推薦一些好書
以下條件：
1. 女主是（外表）蘿莉（可愛的少御也是可以啦）
2.有戀愛的元素（後宮可以 但拜託不要無腦倒貼）
3.希望是異世界（不一定要穿越）
4.有傲嬌或無口或吃貨之類的屬性更好
拜託各位了",吃貨,False,溫馨,0.6584377628357343,0.26337510513429374
q19,"如題 最近看的書越來越多 總覺得自己也越來越挑了 希望有人能推薦一些好書
以下條件：
1. 女主是（外表）蘿莉（可愛的少御也是可以啦）
2.有戀愛的元素（後宮可以 但拜託不要無腦倒貼）
3.希望是異世界（不一定要穿越）
4.有傲嬌或無口或吃貨之類的屬性更好
拜託各位了",吃貨,False,經營,0.6401523489719111,0.25606093958876447
q19,"如題 最近看的書越來越多 總覺得自己也越來越挑了 希望有人能推薦一些好書
以下條件：
1. 女主是（外表）蘿莉（可愛的少御也是可以啦）
2.有戀愛的元素（後宮可以 但拜託不要無腦倒貼）
3.希望是異世界（不一定要穿越）
4.有傲嬌或無口或吃貨之類的屬性更好
拜託各位了",吃貨,False,獵奇,0.6804479355636209,0.2721791742254484
q19,"如題 最近看的書越來越多 總覺得自己也越來越挑了 希望有人能推薦一些好書
以下條件：
1. 女主是（外表）蘿莉（可愛的少御也是可以啦）
2.有戀愛的元素（後宮可以 但拜託不要無腦倒貼）
3.希望是異世界（不一定要穿越）
4.有傲嬌或無口或吃貨之類的屬性更好
拜託各位了",吃貨,False,復仇,0.6080645690255475,0.24322582761021902
q19,"如題 最近看的書越來越多 總覺得自己也越來越挑了 希望有人能推薦一些好書
以下條件：
1. 女主是（外表）蘿莉（可愛的少御也是可以啦）
2.有戀愛的元素（後宮可以 但拜託不要無腦倒貼）
3.希望是異世界（不一定要穿越）
4.有傲嬌或無口或吃貨之類的屬性更好
拜託各位了",吃貨,False,黑暗,0.6247616995717145,0.2499046798286858
q19,"如題 最近看的書越來越多 總覺得自己也越來越挑了 希望有人能推薦一些好書
以下條件：
1. 女主是（外表）蘿莉（可愛的少御也是可以啦）
2.有戀愛的元素（後宮可以 但拜託不要無腦倒貼）
3.希望是異世界（不一定要穿越）
4.有傲嬌或無口或吃貨之類的屬性更好
拜託各位了",吃貨,False,末日,0.6176615280028042,0.24706461120112166
q19,"如題 最近看的書越來越多 總覺得自己也越來越挑了 希望有人能推薦一些好書
以下條件：
1. 女主是（外表）蘿莉（可愛的少御也是可以啦）
2.有戀愛的元素（後宮可以 但拜託不要無腦倒貼）
3.希望是異世界（不一定要穿越）
4.有傲嬌或無口或吃貨之類的屬性更好
拜託各位了",吃貨,False,遊戲,0.6189116636448696,0.24756466545794786
q19,"如題 最近看的書越來越多 總覺得自己也越來越挑了 希望有人能推薦一些好書
以下條件：
1. 女主是（外表）蘿莉（可愛的少御也是可以啦）
2.有戀愛的元素（後宮可以 但拜託不要無腦倒貼）
3.希望是異世界（不一定要穿越）
4.有傲嬌或無口或吃貨之類的屬性更好
拜託各位了",吃貨,False,戰鬥,0.6113424848092254,0.24453699392369016
q19,"如題 最近看的書越來越多 總覺得自己也越來越挑了 希望有人能推薦一些好書
以下條件：
1. 女主是（外表）蘿莉（可愛的少御也是可以啦）
2.有戀愛的元素（後宮可以 但拜託不要無腦倒貼）
3.希望是異世界（不一定要穿越）
4.有傲嬌或無口或吃貨之類的屬性更好
拜託各位了",吃貨,False,青春,0.6240333618912097,0.2496133447564839
q19,"如題 最近看的書越來越多 總覺得自己也越來越挑了 希望有人能推薦一些好書
以下條件：
1. 女主是（外表）蘿莉（可愛的少御也是可以啦）
2.有戀愛的元素（後宮可以 但拜託不要無腦倒貼）
3.希望是異世界（不一定要穿越）
4.有傲嬌或無口或吃貨之類的屬性更好
拜託各位了",吃貨,False,群像,0.6446962052476367,0.2578784820990547
q19,"如題 最近看的書越來越多 總覺得自己也越來越挑了 希望有人能推薦一些好書
以下條件：
1. 女主是（外表）蘿莉（可愛的少御也是可以啦）
2.有戀愛的元素（後宮可以 但拜託不要無腦倒貼）
3.希望是異世界（不一定要穿越）
4.有傲嬌或無口或吃貨之類的屬性更好
拜託各位了",吃貨,False,歡樂向,0.7051527157949177,0.28206108631796706
q19,"如題 最近看的書越來越多 總覺得自己也越來越挑了 希望有人能推薦一些好書
以下條件：
1. 女主是（外表）蘿莉（可愛的少御也是可以啦）
2.有戀愛的元素（後宮可以 但拜託不要無腦倒貼）
3.希望是異世界（不一定要穿越）
4.有傲嬌或無口或吃貨之類的屬性更好
拜託各位了",吃貨,False,旅行,0.6453813583865763,0.2581525433546305
q19,"如題 最近看的書越來越多 總覺得自己也越來越挑了 希望有人能推薦一些好書
以下條件：
1. 女主是（外表）蘿莉（可愛的少御也是可以啦）
2.有戀愛的元素（後宮可以 但拜託不要無腦倒貼）
3.希望是異世界（不一定要穿越）
4.有傲嬌或無口或吃貨之類的屬性更好
拜託各位了",吃貨,False,惡役,0.6299361994722436,0.2519744797888974
q19,"如題 最近看的書越來越多 總覺得自己也越來越挑了 希望有人能推薦一些好書
以下條件：
1. 女主是（外表）蘿莉（可愛的少御也是可以啦）
2.有戀愛的元素（後宮可以 但拜託不要無腦倒貼）
3.希望是異世界（不一定要穿越）
4.有傲嬌或無口或吃貨之類的屬性更好
拜託各位了",吃貨,False,蘿莉,0.6453300113888236,0.2581320045555295
q19,"如題 最近看的書越來越多 總覺得自己也越來越挑了 希望有人能推薦一些好書
以下條件：
1. 女主是（外表）蘿莉（可愛的少御也是可以啦）
2.有戀愛的元素（後宮可以 但拜託不要無腦倒貼）
3.希望是異世界（不一定要穿越）
4.有傲嬌或無口或吃貨之類的屬性更好
拜託各位了",吃貨,False,機戰,0.6214952220709162,0.2485980888283665
q19,"如題 最近看的書越來越多 總覺得自己也越來越挑了 希望有人能推薦一些好書
以下條件：
1. 女主是（外表）蘿莉（可愛的少御也是可以啦）
2.有戀愛的元素（後宮可以 但拜託不要無腦倒貼）
3.希望是異世界（不一定要穿越）
4.有傲嬌或無口或吃貨之類的屬性更好
拜託各位了",吃貨,False,奇幻,0.6481817868145912,0.25927271472583646
q19,"如題 最近看的書越來越多 總覺得自己也越來越挑了 希望有人能推薦一些好書
以下條件：
1. 女主是（外表）蘿莉（可愛的少御也是可以啦）
2.有戀愛的元素（後宮可以 但拜託不要無腦倒貼）
3.希望是異世界（不一定要穿越）
4.有傲嬌或無口或吃貨之類的屬性更好
拜託各位了",吃貨,False,JK,0.6486103759219956,0.25944415036879825
q19,"如題 最近看的書越來越多 總覺得自己也越來越挑了 希望有人能推薦一些好書
以下條件：
1. 女主是（外表）蘿莉（可愛的少御也是可以啦）
2.有戀愛的元素（後宮可以 但拜託不要無腦倒貼）
3.希望是異世界（不一定要穿越）
4.有傲嬌或無口或吃貨之類的屬性更好
拜託各位了",吃貨,False,後宮,0.6327164515995118,0.25308658063980477
q19,"如題 最近看的書越來越多 總覺得自己也越來越挑了 希望有人能推薦一些好書
以下條件：
1. 女主是（外表）蘿莉（可愛的少御也是可以啦）
2.有戀愛的元素（後宮可以 但拜託不要無腦倒貼）
3.希望是異世界（不一定要穿越）
4.有傲嬌或無口或吃貨之類的屬性更好
拜託各位了",吃貨,False,耽美,0.670849944053821,0.26833997762152845
q19,"如題 最近看的書越來越多 總覺得自己也越來越挑了 希望有人能推薦一些好書
以下條件：
1. 女主是（外表）蘿莉（可愛的少御也是可以啦）
2.有戀愛的元素（後宮可以 但拜託不要無腦倒貼）
3.希望是異世界（不一定要穿越）
4.有傲嬌或無口或吃貨之類的屬性更好
拜託各位了",吃貨,False,妹妹,0.6229853915204313,0.24919415660817254
q19,"如題 最近看的書越來越多 總覺得自己也越來越挑了 希望有人能推薦一些好書
以下條件：
1. 女主是（外表）蘿莉（可愛的少御也是可以啦）
2.有戀愛的元素（後宮可以 但拜託不要無腦倒貼）
3.希望是異世界（不一定要穿越）
4.有傲嬌或無口或吃貨之類的屬性更好
拜託各位了",吃貨,False,龍傲天,0.6270123287989386,0.25080493151957545
q19,"如題 最近看的書越來越多 總覺得自己也越來越挑了 希望有人能推薦一些好書
以下條件：
1. 女主是（外表）蘿莉（可愛的少御也是可以啦）
2.有戀愛的元素（後宮可以 但拜託不要無腦倒貼）
3.希望是異世界（不一定要穿越）
4.有傲嬌或無口或吃貨之類的屬性更好
拜託各位了",吃貨,False,職場,0.629838045996689,0.2519352183986756
q19,"如題 最近看的書越來越多 總覺得自己也越來越挑了 希望有人能推薦一些好書
以下條件：
1. 女主是（外表）蘿莉（可愛的少御也是可以啦）
2.有戀愛的元素（後宮可以 但拜託不要無腦倒貼）
3.希望是異世界（不一定要穿越）
4.有傲嬌或無口或吃貨之類的屬性更好
拜託各位了",吃貨,False,推理,0.6447179259217124,0.25788717036868497
q19,"如題 最近看的書越來越多 總覺得自己也越來越挑了 希望有人能推薦一些好書
以下條件：
1. 女主是（外表）蘿莉（可愛的少御也是可以啦）
2.有戀愛的元素（後宮可以 但拜託不要無腦倒貼）
3.希望是異世界（不一定要穿越）
4.有傲嬌或無口或吃貨之類的屬性更好
拜託各位了",吃貨,False,JC,0.6424475498724607,0.25697901994898426
q19,"如題 最近看的書越來越多 總覺得自己也越來越挑了 希望有人能推薦一些好書
以下條件：
1. 女主是（外表）蘿莉（可愛的少御也是可以啦）
2.有戀愛的元素（後宮可以 但拜託不要無腦倒貼）
3.希望是異世界（不一定要穿越）
4.有傲嬌或無口或吃貨之類的屬性更好
拜託各位了",吃貨,False,宅文化,0.6523005384007576,0.2609202153603031
q19,"如題 最近看的書越來越多 總覺得自己也越來越挑了 希望有人能推薦一些好書
以下條件：
1. 女主是（外表）蘿莉（可愛的少御也是可以啦）
2.有戀愛的元素（後宮可以 但拜託不要無腦倒貼）
3.希望是異世界（不一定要穿越）
4.有傲嬌或無口或吃貨之類的屬性更好
拜託各位了",吃貨,False,校園,0.6314535497237789,0.25258141988951155
q19,"如題 最近看的書越來越多 總覺得自己也越來越挑了 希望有人能推薦一些好書
以下條件：
1. 女主是（外表）蘿莉（可愛的少御也是可以啦）
2.有戀愛的元素（後宮可以 但拜託不要無腦倒貼）
3.希望是異世界（不一定要穿越）
4.有傲嬌或無口或吃貨之類的屬性更好
拜託各位了",吃貨,False,同人,0.6495291014429122,0.2598116405771649
q19,"如題 最近看的書越來越多 總覺得自己也越來越挑了 希望有人能推薦一些好書
以下條件：
1. 女主是（外表）蘿莉（可愛的少御也是可以啦）
2.有戀愛的元素（後宮可以 但拜託不要無腦倒貼）
3.希望是異世界（不一定要穿越）
4.有傲嬌或無口或吃貨之類的屬性更好
拜託各位了",吃貨,False,偽娘,0.6234428911741146,0.24937715646964584
q19,"如題 最近看的書越來越多 總覺得自己也越來越挑了 希望有人能推薦一些好書
以下條件：
1. 女主是（外表）蘿莉（可愛的少御也是可以啦）
2.有戀愛的元素（後宮可以 但拜託不要無腦倒貼）
3.希望是異世界（不一定要穿越）
4.有傲嬌或無口或吃貨之類的屬性更好
拜託各位了",吃貨,False,NTR,0.6434721863373521,0.25738887453494086
q19,"如題 最近看的書越來越多 總覺得自己也越來越挑了 希望有人能推薦一些好書
以下條件：
1. 女主是（外表）蘿莉（可愛的少御也是可以啦）
2.有戀愛的元素（後宮可以 但拜託不要無腦倒貼）
3.希望是異世界（不一定要穿越）
4.有傲嬌或無口或吃貨之類的屬性更好
拜託各位了",吃貨,False,異能,0.6290011186070389,0.25160044744281557
q19,"如題 最近看的書越來越多 總覺得自己也越來越挑了 希望有人能推薦一些好書
以下條件：
1. 女主是（外表）蘿莉（可愛的少御也是可以啦）
2.有戀愛的元素（後宮可以 但拜託不要無腦倒貼）
3.希望是異世界（不一定要穿越）
4.有傲嬌或無口或吃貨之類的屬性更好
拜託各位了",吃貨,False,病嬌,0.6389253403588763,0.2555701361435505
q19,"如題 最近看的書越來越多 總覺得自己也越來越挑了 希望有人能推薦一些好書
以下條件：
1. 女主是（外表）蘿莉（可愛的少御也是可以啦）
2.有戀愛的元素（後宮可以 但拜託不要無腦倒貼）
3.希望是異世界（不一定要穿越）
4.有傲嬌或無口或吃貨之類的屬性更好
拜託各位了",吃貨,False,音樂,0.6335632918926529,0.2534253167570612
q19,"如題 最近看的書越來越多 總覺得自己也越來越挑了 希望有人能推薦一些好書
以下條件：
1. 女主是（外表）蘿莉（可愛的少御也是可以啦）
2.有戀愛的元素（後宮可以 但拜託不要無腦倒貼）
3.希望是異世界（不一定要穿越）
4.有傲嬌或無口或吃貨之類的屬性更好
拜託各位了",吃貨,False,戰爭,0.6105708441144619,0.24422833764578478
q19,"如題 最近看的書越來越多 總覺得自己也越來越挑了 希望有人能推薦一些好書
以下條件：
1. 女主是（外表）蘿莉（可愛的少御也是可以啦）
2.有戀愛的元素（後宮可以 但拜託不要無腦倒貼）
3.希望是異世界（不一定要穿越）
4.有傲嬌或無口或吃貨之類的屬性更好
拜託各位了",吃貨,False,熱血,0.6278578882511086,0.25114315530044345
q19,"如題 最近看的書越來越多 總覺得自己也越來越挑了 希望有人能推薦一些好書
以下條件：
1. 女主是（外表）蘿莉（可愛的少御也是可以啦）
2.有戀愛的元素（後宮可以 但拜託不要無腦倒貼）
3.希望是異世界（不一定要穿越）
4.有傲嬌或無口或吃貨之類的屬性更好
拜託各位了",吃貨,False,冒險,0.6388094554760317,0.2555237821904127
q19,"如題 最近看的書越來越多 總覺得自己也越來越挑了 希望有人能推薦一些好書
以下條件：
1. 女主是（外表）蘿莉（可愛的少御也是可以啦）
2.有戀愛的元素（後宮可以 但拜託不要無腦倒貼）
3.希望是異世界（不一定要穿越）
4.有傲嬌或無口或吃貨之類的屬性更好
拜託各位了",吃貨,False,大小姐,0.623074552508347,0.2492298210033388
q19,"如題 最近看的書越來越多 總覺得自己也越來越挑了 希望有人能推薦一些好書
以下條件：
1. 女主是（外表）蘿莉（可愛的少御也是可以啦）
2.有戀愛的元素（後宮可以 但拜託不要無腦倒貼）
3.希望是異世界（不一定要穿越）
4.有傲嬌或無口或吃貨之類的屬性更好
拜託各位了",吃貨,False,女兒,0.6177647162917536,0.24710588651670143
q19,"如題 最近看的書越來越多 總覺得自己也越來越挑了 希望有人能推薦一些好書
以下條件：
1. 女主是（外表）蘿莉（可愛的少御也是可以啦）
2.有戀愛的元素（後宮可以 但拜託不要無腦倒貼）
3.希望是異世界（不一定要穿越）
4.有傲嬌或無口或吃貨之類的屬性更好
拜託各位了",吃貨,False,人外,0.6731606293340622,0.2692642517336249
q19,"如題 最近看的書越來越多 總覺得自己也越來越挑了 希望有人能推薦一些好書
以下條件：
1. 女主是（外表）蘿莉（可愛的少御也是可以啦）
2.有戀愛的元素（後宮可以 但拜託不要無腦倒貼）
3.希望是異世界（不一定要穿越）
4.有傲嬌或無口或吃貨之類的屬性更好
拜託各位了",吃貨,False,美食,0.717988230248386,0.2871952920993544
q19,"如題 最近看的書越來越多 總覺得自己也越來越挑了 希望有人能推薦一些好書
以下條件：
1. 女主是（外表）蘿莉（可愛的少御也是可以啦）
2.有戀愛的元素（後宮可以 但拜託不要無腦倒貼）
3.希望是異世界（不一定要穿越）
4.有傲嬌或無口或吃貨之類的屬性更好
拜託各位了",吃貨,False,異世界,0.648854160534318,0.2595416642137272
q19,"如題 最近看的書越來越多 總覺得自己也越來越挑了 希望有人能推薦一些好書
以下條件：
1. 女主是（外表）蘿莉（可愛的少御也是可以啦）
2.有戀愛的元素（後宮可以 但拜託不要無腦倒貼）
3.希望是異世界（不一定要穿越）
4.有傲嬌或無口或吃貨之類的屬性更好
拜託各位了",吃貨,False,懸疑,0.6362044369424658,0.2544817747769863
q21,"最近剛看完三角距離無限為零
雖然胃在痛不過還是很喜歡三角戀這個要素
有人可以推薦一下類似的作品嗎?
當然不一定要三角戀 更多也行 只是想看這種描述男女主如何在戀愛中痛苦掙扎的小說
有糖更好 因為之後胃會更痛",戀愛,True,戀愛,1.0,1.0
q21,"最近剛看完三角距離無限為零
雖然胃在痛不過還是很喜歡三角戀這個要素
有人可以推薦一下類似的作品嗎?
當然不一定要三角戀 更多也行 只是想看這種描述男女主如何在戀愛中痛苦掙扎的小說
有糖更好 因為之後胃會更痛",三角戀,False,大逃殺,0.6013942870312954,0.24055771481251817
q21,"最近剛看完三角距離無限為零
雖然胃在痛不過還是很喜歡三角戀這個要素
有人可以推薦一下類似的作品嗎?
當然不一定要三角戀 更多也行 只是想看這種描述男女主如何在戀愛中痛苦掙扎的小說
有糖更好 因為之後胃會更痛",三角戀,False,戀愛,0.6929591736620245,0.2771836694648098
q21,"最近剛看完三角距離無限為零
雖然胃在痛不過還是很喜歡三角戀這個要素
有人可以推薦一下類似的作品嗎?
當然不一定要三角戀 更多也行 只是想看這種描述男女主如何在戀愛中痛苦掙扎的小說
有糖更好 因為之後胃會更痛",三角戀,False,犯罪,0.6116216166235263,0.24464864664941055
q21,"最近剛看完三角距離無限為零
雖然胃在痛不過還是很喜歡三角戀這個要素
有人可以推薦一下類似的作品嗎?
當然不一定要三角戀 更多也行 只是想看這種描述男女主如何在戀愛中痛苦掙扎的小說
有糖更好 因為之後胃會更痛",三角戀,False,鬥智,0.6279374695642268,0.25117498782569075
q21,"最近剛看完三角距離無限為零
雖然胃在痛不過還是很喜歡三角戀這個要素
有人可以推薦一下類似的作品嗎?
當然不一定要三角戀 更多也行 只是想看這種描述男女主如何在戀愛中痛苦掙扎的小說
有糖更好 因為之後胃會更痛",三角戀,False,百合,0.6556500699420155,0.2622600279768062
q21,"最近剛看完三角距離無限為零
雖然胃在痛不過還是很喜歡三角戀這個要素
有人可以推薦一下類似的作品嗎?
當然不一定要三角戀 更多也行 只是想看這種描述男女主如何在戀愛中痛苦掙扎的小說
有糖更好 因為之後胃會更痛",三角戀,False,治癒,0.625005722506153,0.25000228900246124
q21,"最近剛看完三角距離無限為零
雖然胃在痛不過還是很喜歡三角戀這個要素
有人可以推薦一下類似的作品嗎?
當然不一定要三角戀 更多也行 只是想看這種描述男女主如何在戀愛中痛苦掙扎的小說
有糖更好 因為之後胃會更痛",三角戀,False,青梅竹馬,0.6421034860172861,0.25684139440691445
q21,"最近剛看完三角距離無限為零
雖然胃在痛不過還是很喜歡三角戀這個要素
有人可以推薦一下類似的作品嗎?
當然不一定要三角戀 更多也行 只是想看這種描述男女主如何在戀愛中痛苦掙扎的小說
有糖更好 因為之後胃會更痛",三角戀,False,女性視角,0.642127008533101,0.2568508034132404
q21,"最近剛看完三角距離無限為零
雖然胃在痛不過還是很喜歡三角戀這個要素
有人可以推薦一下類似的作品嗎?
當然不一定要三角戀 更多也行 只是想看這種描述男女主如何在戀愛中痛苦掙扎的小說
有糖更好 因為之後胃會更痛",三角戀,False,溫馨,0.6371041059352397,0.2548416423740959
q21,"最近剛看完三角距離無限為零
雖然胃在痛不過還是很喜歡三角戀這個要素
有人可以推薦一下類似的作品嗎?
當然不一定要三角戀 更多也行 只是想看這種描述男女主如何在戀愛中痛苦掙扎的小說
有糖更好 因為之後胃會更痛",三角戀,False,經營,0.6161948966715654,0.24647795866862615
q21,"最近剛看完三角距離無限為零
雖然胃在痛不過還是很喜歡三角戀這個要素
有人可以推薦一下類似的作品嗎?
當然不一定要三角戀 更多也行 只是想看這種描述男女主如何在戀愛中痛苦掙扎的小說
有糖更好 因為之後胃會更痛",三角戀,False,黑暗,0.6105964002560804,0.24423856010243217
q21,"最近剛看完三角距離無限為零
雖然胃在痛不過還是很喜歡三角戀這個要素
有人可以推薦一下類似的作品嗎?
當然不一定要三角戀 更多也行 只是想看這種描述男女主如何在戀愛中痛苦掙扎的小說
有糖更好 因為之後胃會更痛",三角戀,False,青春,0.6218316851946106,0.24873267407784427
q21,"最近剛看完三角距離無限為零
雖然胃在痛不過還是很喜歡三角戀這個要素
有人可以推薦一下類似的作品嗎?
當然不一定要三角戀 更多也行 只是想看這種描述男女主如何在戀愛中痛苦掙扎的小說
有糖更好 因為之後胃會更痛",三角戀,False,群像,0.6455999497776866,0.25823997991107467
q21,"最近剛看完三角距離無限為零
雖然胃在痛不過還是很喜歡三角戀這個要素
有人可以推薦一下類似的作品嗎?
當然不一定要三角戀 更多也行 只是想看這種描述男女主如何在戀愛中痛苦掙扎的小說
有糖更好 因為之後胃會更痛",三角戀,False,歡樂向,0.6437442311266388,0.2574976924506555
q21,"最近剛看完三角距離無限為零
雖然胃在痛不過還是很喜歡三角戀這個要素
有人可以推薦一下類似的作品嗎?
當然不一定要三角戀 更多也行 只是想看這種描述男女主如何在戀愛中痛苦掙扎的小說
有糖更好 因為之後胃會更痛",三角戀,False,旅行,0.6125660087545162,0.2450264035018065
q21,"最近剛看完三角距離無限為零
雖然胃在痛不過還是很喜歡三角戀這個要素
有人可以推薦一下類似的作品嗎?
當然不一定要三角戀 更多也行 只是想看這種描述男女主如何在戀愛中痛苦掙扎的小說
有糖更好 因為之後胃會更痛",三角戀,False,惡役,0.6121370821176609,0.24485483284706439
q21,"最近剛看完三角距離無限為零
雖然胃在痛不過還是很喜歡三角戀這個要素
有人可以推薦一下類似的作品嗎?
當然不一定要三角戀 更多也行 只是想看這種描述男女主如何在戀愛中痛苦掙扎的小說
有糖更好 因為之後胃會更痛",三角戀,False,機戰,0.6162852906358999,0.24651411625435996
q21,"最近剛看完三角距離無限為零
雖然胃在痛不過還是很喜歡三角戀這個要素
有人可以推薦一下類似的作品嗎?
當然不一定要三角戀 更多也行 只是想看這種描述男女主如何在戀愛中痛苦掙扎的小說
有糖更好 因為之後胃會更痛",三角戀,False,JK,0.6430058118711437,0.2572023247484575
q21,"最近剛看完三角距離無限為零
雖然胃在痛不過還是很喜歡三角戀這個要素
有人可以推薦一下類似的作品嗎?
當然不一定要三角戀 更多也行 只是想看這種描述男女主如何在戀愛中痛苦掙扎的小說
有糖更好 因為之後胃會更痛",三角戀,False,後宮,0.6541973726443694,0.26167894905774775
q21,"最近剛看完三角距離無限為零
雖然胃在痛不過還是很喜歡三角戀這個要素
有人可以推薦一下類似的作品嗎?
當然不一定要三角戀 更多也行 只是想看這種描述男女主如何在戀愛中痛苦掙扎的小說
有糖更好 因為之後胃會更痛",三角戀,False,耽美,0.6714066955148744,0.26856267820594976
q21,"最近剛看完三角距離無限為零
雖然胃在痛不過還是很喜歡三角戀這個要素
有人可以推薦一下類似的作品嗎?
當然不一定要三角戀 更多也行 只是想看這種描述男女主如何在戀愛中痛苦掙扎的小說
有糖更好 因為之後胃會更痛",三角戀,False,妹妹,0.60790142502522,0.24316057001008803
q21,"最近剛看完三角距離無限為零
雖然胃在痛不過還是很喜歡三角戀這個要素
有人可以推薦一下類似的作品嗎?
當然不一定要三角戀 更多也行 只是想看這種描述男女主如何在戀愛中痛苦掙扎的小說
有糖更好 因為之後胃會更痛",三角戀,False,職場,0.6211518886371918,0.24846075545487675
q21,"最近剛看完三角距離無限為零
雖然胃在痛不過還是很喜歡三角戀這個要素
有人可以推薦一下類似的作品嗎?
當然不一定要三角戀 更多也行 只是想看這種描述男女主如何在戀愛中痛苦掙扎的小說
有糖更好 因為之後胃會更痛",三角戀,False,推理,0.6461975340375665,0.2584790136150266
q21,"最近剛看完三角距離無限為零
雖然胃在痛不過還是很喜歡三角戀這個要素
有人可以推薦一下類似的作品嗎?
當然不一定要三角戀 更多也行 只是想看這種描述男女主如何在戀愛中痛苦掙扎的小說
有糖更好 因為之後胃會更痛",三角戀,False,JC,0.6336840369467942,0.2534736147787177
q21,"最近剛看完三角距離無限為零
雖然胃在痛不過還是很喜歡三角戀這個要素
有人可以推薦一下類似的作品嗎?
當然不一定要三角戀 更多也行 只是想看這種描述男女主如何在戀愛中痛苦掙扎的小說
有糖更好 因為之後胃會更痛",三角戀,False,校園,0.6293313335201176,0.2517325334080471
q21,"最近剛看完三角距離無限為零
雖然胃在痛不過還是很喜歡三角戀這個要素
有人可以推薦一下類似的作品嗎?
當然不一定要三角戀 更多也行 只是想看這種描述男女主如何在戀愛中痛苦掙扎的小說
有糖更好 因為之後胃會更痛",三角戀,False,同人,0.6336339620115186,0.25345358480460745
q21,"最近剛看完三角距離無限為零
雖然胃在痛不過還是很喜歡三角戀這個要素
有人可以推薦一下類似的作品嗎?
當然不一定要三角戀 更多也行 只是想看這種描述男女主如何在戀愛中痛苦掙扎的小說
有糖更好 因為之後胃會更痛",三角戀,False,NTR,0.6609088252585501,0.26436353010342006
q21,"最近剛看完三角距離無限為零
雖然胃在痛不過還是很喜歡三角戀這個要素
有人可以推薦一下類似的作品嗎?
當然不一定要三角戀 更多也行 只是想看這種描述男女主如何在戀愛中痛苦掙扎的小說
有糖更好 因為之後胃會更痛",三角戀,False,病嬌,0.643222026318753,0.25728881052750124
q21,"最近剛看完三角距離無限為零
雖然胃在痛不過還是很喜歡三角戀這個要素
有人可以推薦一下類似的作品嗎?
當然不一定要三角戀 更多也行 只是想看這種描述男女主如何在戀愛中痛苦掙扎的小說
有糖更好 因為之後胃會更痛",三角戀,False,音樂,0.6229066801826971,0.24916267207307885
q21,"最近剛看完三角距離無限為零
雖然胃在痛不過還是很喜歡三角戀這個要素
有人可以推薦一下類似的作品嗎?
當然不一定要三角戀 更多也行 只是想看這種描述男女主如何在戀愛中痛苦掙扎的小說
有糖更好 因為之後胃會更痛",三角戀,False,戰爭,0.6075690132562026,0.24302760530248105
q21,"最近剛看完三角距離無限為零
雖然胃在痛不過還是很喜歡三角戀這個要素
有人可以推薦一下類似的作品嗎?
當然不一定要三角戀 更多也行 只是想看這種描述男女主如何在戀愛中痛苦掙扎的小說
有糖更好 因為之後胃會更痛",三角戀,False,熱血,0.6077851409527117,0.24311405638108471
q21,"最近剛看完三角距離無限為零
雖然胃在痛不過還是很喜歡三角戀這個要素
有人可以推薦一下類似的作品嗎?
當然不一定要三角戀 更多也行 只是想看這種描述男女主如何在戀愛中痛苦掙扎的小說
有糖更好 因為之後胃會更痛",三角戀,False,女兒,0.7080061236961716,0.2832024494784686
q21,"最近剛看完三角距離無限為零
雖然胃在痛不過還是很喜歡三角戀這個要素
有人可以推薦一下類似的作品嗎?
當然不一定要三角戀 更多也行 只是想看這種描述男女主如何在戀愛中痛苦掙扎的小說
有糖更好 因為之後胃會更痛",三角戀,False,人外,0.6258342403188466,0.25033369612753864
q21,"最近剛看完三角距離無限為零
雖然胃在痛不過還是很喜歡三角戀這個要素
有人可以推薦一下類似的作品嗎?
當然不一定要三角戀 更多也行 只是想看這種描述男女主如何在戀愛中痛苦掙扎的小說
有糖更好 因為之後胃會更痛",三角戀,False,懸疑,0.6471356240749269,0.2588542496299708
q21,"最近剛看完三角距離無限為零
雖然胃在痛不過還是很喜歡三角戀這個要素
有人可以推薦一下類似的作品嗎?
當然不一定要三角戀 更多也行 只是想看這種描述男女主如何在戀愛中痛苦掙扎的小說
有糖更好 因為之後胃會更痛",虐心,False,大逃殺,0.6453973103807015,0.2581589241522806
q21,"最近剛看完三角距離無限為零
雖然胃在痛不過還是很喜歡三角戀這個要素
有人可以推薦一下類似的作品嗎?
當然不一定要三角戀 更多也行 只是想看這種描述男女主如何在戀愛中痛苦掙扎的小說
有糖更好 因為之後胃會更痛",虐心,False,戀愛,0.6621168638353795,0.26484674553415183
q21,"最近剛看完三角距離無限為零
雖然胃在痛不過還是很喜歡三角戀這個要素
有人可以推薦一下類似的作品嗎?
當然不一定要三角戀 更多也行 只是想看這種描述男女主如何在戀愛中痛苦掙扎的小說
有糖更好 因為之後胃會更痛",虐心,False,犯罪,0.6547504513323144,0.26190018053292574
q21,"最近剛看完三角距離無限為零
雖然胃在痛不過還是很喜歡三角戀這個要素
有人可以推薦一下類似的作品嗎?
當然不一定要三角戀 更多也行 只是想看這種描述男女主如何在戀愛中痛苦掙扎的小說
有糖更好 因為之後胃會更痛",虐心,False,鬥智,0.633597309428318,0.2534389237713272
q21,"最近剛看完三角距離無限為零
雖然胃在痛不過還是很喜歡三角戀這個要素
有人可以推薦一下類似的作品嗎?
當然不一定要三角戀 更多也行 只是想看這種描述男女主如何在戀愛中痛苦掙扎的小說
有糖更好 因為之後胃會更痛",虐心,False,科幻,0.6444714247873481,0.25778856991493926
q21,"最近剛看完三角距離無限為零
雖然胃在痛不過還是很喜歡三角戀這個要素
有人可以推薦一下類似的作品嗎?
當然不一定要三角戀 更多也行 只是想看這種描述男女主如何在戀愛中痛苦掙扎的小說
有糖更好 因為之後胃會更痛",虐心,False,百合,0.651755805220998,0.2607023220883992
q21,"最近剛看完三角距離無限為零
雖然胃在痛不過還是很喜歡三角戀這個要素
有人可以推薦一下類似的作品嗎?
當然不一定要三角戀 更多也行 只是想看這種描述男女主如何在戀愛中痛苦掙扎的小說
有糖更好 因為之後胃會更痛",虐心,False,轉生,0.6373097395017835,0.2549238958007134
q21,"最近剛看完三角距離無限為零
雖然胃在痛不過還是很喜歡三角戀這個要素
有人可以推薦一下類似的作品嗎?
當然不一定要三角戀 更多也行 只是想看這種描述男女主如何在戀愛中痛苦掙扎的小說
有糖更好 因為之後胃會更痛",虐心,False,治癒,0.679613956317386,0.2718455825269544
q21,"最近剛看完三角距離無限為零
雖然胃在痛不過還是很喜歡三角戀這個要素
有人可以推薦一下類似的作品嗎?
當然不一定要三角戀 更多也行 只是想看這種描述男女主如何在戀愛中痛苦掙扎的小說
有糖更好 因為之後胃會更痛",虐心,False,青梅竹馬,0.6321260161432065,0.25285040645728263
q21,"最近剛看完三角距離無限為零
雖然胃在痛不過還是很喜歡三角戀這個要素
有人可以推薦一下類似的作品嗎?
當然不一定要三角戀 更多也行 只是想看這種描述男女主如何在戀愛中痛苦掙扎的小說
有糖更好 因為之後胃會更痛",虐心,False,女性視角,0.6526384816753219,0.2610553926701288
q21,"最近剛看完三角距離無限為零
雖然胃在痛不過還是很喜歡三角戀這個要素
有人可以推薦一下類似的作品嗎?
當然不一定要三角戀 更多也行 只是想看這種描述男女主如何在戀愛中痛苦掙扎的小說
有糖更好 因為之後胃會更痛",虐心,False,性轉,0.6232767042691003,0.24931068170764015
q21,"最近剛看完三角距離無限為零
雖然胃在痛不過還是很喜歡三角戀這個要素
有人可以推薦一下類似的作品嗎?
當然不一定要三角戀 更多也行 只是想看這種描述男女主如何在戀愛中痛苦掙扎的小說
有糖更好 因為之後胃會更痛",虐心,False,溫馨,0.6791888071564324,0.27167552286257296
q21,"最近剛看完三角距離無限為零
雖然胃在痛不過還是很喜歡三角戀這個要素
有人可以推薦一下類似的作品嗎?
當然不一定要三角戀 更多也行 只是想看這種描述男女主如何在戀愛中痛苦掙扎的小說
有糖更好 因為之後胃會更痛",虐心,False,經營,0.6336338133334529,0.25345352533338117
q21,"最近剛看完三角距離無限為零
雖然胃在痛不過還是很喜歡三角戀這個要素
有人可以推薦一下類似的作品嗎?
當然不一定要三角戀 更多也行 只是想看這種描述男女主如何在戀愛中痛苦掙扎的小說
有糖更好 因為之後胃會更痛",虐心,False,獵奇,0.6792286745228426,0.27169146980913705
q21,"最近剛看完三角距離無限為零
雖然胃在痛不過還是很喜歡三角戀這個要素
有人可以推薦一下類似的作品嗎?
當然不一定要三角戀 更多也行 只是想看這種描述男女主如何在戀愛中痛苦掙扎的小說
有糖更好 因為之後胃會更痛",虐心,False,復仇,0.6391829830554752,0.25567319322219006
q21,"最近剛看完三角距離無限為零
雖然胃在痛不過還是很喜歡三角戀這個要素
有人可以推薦一下類似的作品嗎?
當然不一定要三角戀 更多也行 只是想看這種描述男女主如何在戀愛中痛苦掙扎的小說
有糖更好 因為之後胃會更痛",虐心,False,黑暗,0.689471365819159,0.27578854632766364
q21,"最近剛看完三角距離無限為零
雖然胃在痛不過還是很喜歡三角戀這個要素
有人可以推薦一下類似的作品嗎?
當然不一定要三角戀 更多也行 只是想看這種描述男女主如何在戀愛中痛苦掙扎的小說
有糖更好 因為之後胃會更痛",虐心,False,末日,0.6429980378869016,0.25719921515476063
q21,"最近剛看完三角距離無限為零
雖然胃在痛不過還是很喜歡三角戀這個要素
有人可以推薦一下類似的作品嗎?
當然不一定要三角戀 更多也行 只是想看這種描述男女主如何在戀愛中痛苦掙扎的小說
有糖更好 因為之後胃會更痛",虐心,False,遊戲,0.612720364092448,0.24508814563697923
q21,"最近剛看完三角距離無限為零
雖然胃在痛不過還是很喜歡三角戀這個要素
有人可以推薦一下類似的作品嗎?
當然不一定要三角戀 更多也行 只是想看這種描述男女主如何在戀愛中痛苦掙扎的小說
有糖更好 因為之後胃會更痛",虐心,False,戰鬥,0.6204543458260067,0.2481817383304027
q21,"最近剛看完三角距離無限為零
雖然胃在痛不過還是很喜歡三角戀這個要素
有人可以推薦一下類似的作品嗎?
當然不一定要三角戀 更多也行 只是想看這種描述男女主如何在戀愛中痛苦掙扎的小說
有糖更好 因為之後胃會更痛",虐心,False,青春,0.6260509841710749,0.25042039366842994
q21,"最近剛看完三角距離無限為零
雖然胃在痛不過還是很喜歡三角戀這個要素
有人可以推薦一下類似的作品嗎?
當然不一定要三角戀 更多也行 只是想看這種描述男女主如何在戀愛中痛苦掙扎的小說
有糖更好 因為之後胃會更痛",虐心,False,群像,0.6424994928660629,0.2569997971464252
q21,"最近剛看完三角距離無限為零
雖然胃在痛不過還是很喜歡三角戀這個要素
有人可以推薦一下類似的作品嗎?
當然不一定要三角戀 更多也行 只是想看這種描述男女主如何在戀愛中痛苦掙扎的小說
有糖更好 因為之後胃會更痛",虐心,False,歡樂向,0.6689335827362061,0.26757343309448245
q21,"最近剛看完三角距離無限為零
雖然胃在痛不過還是很喜歡三角戀這個要素
有人可以推薦一下類似的作品嗎?
當然不一定要三角戀 更多也行 只是想看這種描述男女主如何在戀愛中痛苦掙扎的小說
有糖更好 因為之後胃會更痛",虐心,False,旅行,0.6305072046836167,0.2522028818734467
q21,"最近剛看完三角距離無限為零
雖然胃在痛不過還是很喜歡三角戀這個要素
有人可以推薦一下類似的作品嗎?
當然不一定要三角戀 更多也行 只是想看這種描述男女主如何在戀愛中痛苦掙扎的小說
有糖更好 因為之後胃會更痛",虐心,False,惡役,0.6665066681018205,0.2666026672407282
q21,"最近剛看完三角距離無限為零
雖然胃在痛不過還是很喜歡三角戀這個要素
有人可以推薦一下類似的作品嗎?
當然不一定要三角戀 更多也行 只是想看這種描述男女主如何在戀愛中痛苦掙扎的小說
有糖更好 因為之後胃會更痛",虐心,False,蘿莉,0.6323946334750273,0.2529578533900109
q21,"最近剛看完三角距離無限為零
雖然胃在痛不過還是很喜歡三角戀這個要素
有人可以推薦一下類似的作品嗎?
當然不一定要三角戀 更多也行 只是想看這種描述男女主如何在戀愛中痛苦掙扎的小說
有糖更好 因為之後胃會更痛",虐心,False,機戰,0.6349766319042256,0.25399065276169025
q21,"最近剛看完三角距離無限為零
雖然胃在痛不過還是很喜歡三角戀這個要素
有人可以推薦一下類似的作品嗎?
當然不一定要三角戀 更多也行 只是想看這種描述男女主如何在戀愛中痛苦掙扎的小說
有糖更好 因為之後胃會更痛",虐心,False,驚悚,0.6587059031827742,0.2634823612731097
q21,"最近剛看完三角距離無限為零
雖然胃在痛不過還是很喜歡三角戀這個要素
有人可以推薦一下類似的作品嗎?
當然不一定要三角戀 更多也行 只是想看這種描述男女主如何在戀愛中痛苦掙扎的小說
有糖更好 因為之後胃會更痛",虐心,False,奇幻,0.6409645548949666,0.25638582195798665
q21,"最近剛看完三角距離無限為零
雖然胃在痛不過還是很喜歡三角戀這個要素
有人可以推薦一下類似的作品嗎?
當然不一定要三角戀 更多也行 只是想看這種描述男女主如何在戀愛中痛苦掙扎的小說
有糖更好 因為之後胃會更痛",虐心,False,JK,0.6474227540507853,0.2589691016203141
q21,"最近剛看完三角距離無限為零
雖然胃在痛不過還是很喜歡三角戀這個要素
有人可以推薦一下類似的作品嗎?
當然不一定要三角戀 更多也行 只是想看這種描述男女主如何在戀愛中痛苦掙扎的小說
有糖更好 因為之後胃會更痛",虐心,False,後宮,0.6490553117501853,0.2596221247000741
q21,"最近剛看完三角距離無限為零
雖然胃在痛不過還是很喜歡三角戀這個要素
有人可以推薦一下類似的作品嗎?
當然不一定要三角戀 更多也行 只是想看這種描述男女主如何在戀愛中痛苦掙扎的小說
有糖更好 因為之後胃會更痛",虐心,False,耽美,0.6869574568073208,0.27478298272292834
q21,"最近剛看完三角距離無限為零
雖然胃在痛不過還是很喜歡三角戀這個要素
有人可以推薦一下類似的作品嗎?
當然不一定要三角戀 更多也行 只是想看這種描述男女主如何在戀愛中痛苦掙扎的小說
有糖更好 因為之後胃會更痛",虐心,False,妹妹,0.6287089161266934,0.2514835664506774
q21,"最近剛看完三角距離無限為零
雖然胃在痛不過還是很喜歡三角戀這個要素
有人可以推薦一下類似的作品嗎?
當然不一定要三角戀 更多也行 只是想看這種描述男女主如何在戀愛中痛苦掙扎的小說
有糖更好 因為之後胃會更痛",虐心,False,龍傲天,0.6275748919439746,0.2510299567775899
q21,"最近剛看完三角距離無限為零
雖然胃在痛不過還是很喜歡三角戀這個要素
有人可以推薦一下類似的作品嗎?
當然不一定要三角戀 更多也行 只是想看這種描述男女主如何在戀愛中痛苦掙扎的小說
有糖更好 因為之後胃會更痛",虐心,False,職場,0.6329633823218205,0.2531853529287282
q21,"最近剛看完三角距離無限為零
雖然胃在痛不過還是很喜歡三角戀這個要素
有人可以推薦一下類似的作品嗎?
當然不一定要三角戀 更多也行 只是想看這種描述男女主如何在戀愛中痛苦掙扎的小說
有糖更好 因為之後胃會更痛",虐心,False,推理,0.6551026346399039,0.2620410538559616
q21,"最近剛看完三角距離無限為零
雖然胃在痛不過還是很喜歡三角戀這個要素
有人可以推薦一下類似的作品嗎?
當然不一定要三角戀 更多也行 只是想看這種描述男女主如何在戀愛中痛苦掙扎的小說
有糖更好 因為之後胃會更痛",虐心,False,JC,0.6370432978220074,0.25481731912880295
q21,"最近剛看完三角距離無限為零
雖然胃在痛不過還是很喜歡三角戀這個要素
有人可以推薦一下類似的作品嗎?
當然不一定要三角戀 更多也行 只是想看這種描述男女主如何在戀愛中痛苦掙扎的小說
有糖更好 因為之後胃會更痛",虐心,False,宅文化,0.6274743655206141,0.25098974620824566
q21,"最近剛看完三角距離無限為零
雖然胃在痛不過還是很喜歡三角戀這個要素
有人可以推薦一下類似的作品嗎?
當然不一定要三角戀 更多也行 只是想看這種描述男女主如何在戀愛中痛苦掙扎的小說
有糖更好 因為之後胃會更痛",虐心,False,校園,0.6389120441673592,0.2555648176669437
q21,"最近剛看完三角距離無限為零
雖然胃在痛不過還是很喜歡三角戀這個要素
有人可以推薦一下類似的作品嗎?
當然不一定要三角戀 更多也行 只是想看這種描述男女主如何在戀愛中痛苦掙扎的小說
有糖更好 因為之後胃會更痛",虐心,False,同人,0.646011602419626,0.2584046409678504
q21,"最近剛看完三角距離無限為零
雖然胃在痛不過還是很喜歡三角戀這個要素
有人可以推薦一下類似的作品嗎?
當然不一定要三角戀 更多也行 只是想看這種描述男女主如何在戀愛中痛苦掙扎的小說
有糖更好 因為之後胃會更痛",虐心,False,NTR,0.6674543365584125,0.266981734623365
q21,"最近剛看完三角距離無限為零
雖然胃在痛不過還是很喜歡三角戀這個要素
有人可以推薦一下類似的作品嗎?
當然不一定要三角戀 更多也行 只是想看這種描述男女主如何在戀愛中痛苦掙扎的小說
有糖更好 因為之後胃會更痛",虐心,False,異能,0.6314930675129269,0.2525972270051708
q21,"最近剛看完三角距離無限為零
雖然胃在痛不過還是很喜歡三角戀這個要素
有人可以推薦一下類似的作品嗎?
當然不一定要三角戀 更多也行 只是想看這種描述男女主如何在戀愛中痛苦掙扎的小說
有糖更好 因為之後胃會更痛",虐心,False,病嬌,0.6728132867737509,0.26912531470950035
q21,"最近剛看完三角距離無限為零
雖然胃在痛不過還是很喜歡三角戀這個要素
有人可以推薦一下類似的作品嗎?
當然不一定要三角戀 更多也行 只是想看這種描述男女主如何在戀愛中痛苦掙扎的小說
有糖更好 因為之後胃會更痛",虐心,False,音樂,0.6486559386731543,0.2594623754692617
q21,"最近剛看完三角距離無限為零
雖然胃在痛不過還是很喜歡三角戀這個要素
有人可以推薦一下類似的作品嗎?
當然不一定要三角戀 更多也行 只是想看這種描述男女主如何在戀愛中痛苦掙扎的小說
有糖更好 因為之後胃會更痛",虐心,False,戰爭,0.6359189070255802,0.2543675628102321
q21,"最近剛看完三角距離無限為零
雖然胃在痛不過還是很喜歡三角戀這個要素
有人可以推薦一下類似的作品嗎?
當然不一定要三角戀 更多也行 只是想看這種描述男女主如何在戀愛中痛苦掙扎的小說
有糖更好 因為之後胃會更痛",虐心,False,熱血,0.6459167698201459,0.2583667079280584
q21,"最近剛看完三角距離無限為零
雖然胃在痛不過還是很喜歡三角戀這個要素
有人可以推薦一下類似的作品嗎?
當然不一定要三角戀 更多也行 只是想看這種描述男女主如何在戀愛中痛苦掙扎的小說
有糖更好 因為之後胃會更痛",虐心,False,冒險,0.6210782545297291,0.24843130181189166
q21,"最近剛看完三角距離無限為零
雖然胃在痛不過還是很喜歡三角戀這個要素
有人可以推薦一下類似的作品嗎?
當然不一定要三角戀 更多也行 只是想看這種描述男女主如何在戀愛中痛苦掙扎的小說
有糖更好 因為之後胃會更痛",虐心,False,大小姐,0.6209287781001478,0.24837151124005913
q21,"最近剛看完三角距離無限為零
雖然胃在痛不過還是很喜歡三角戀這個要素
有人可以推薦一下類似的作品嗎?
當然不一定要三角戀 更多也行 只是想看這種描述男女主如何在戀愛中痛苦掙扎的小說
有糖更好 因為之後胃會更痛",虐心,False,女兒,0.6229737467582465,0.2491894987032986
q21,"最近剛看完三角距離無限為零
雖然胃在痛不過還是很喜歡三角戀這個要素
有人可以推薦一下類似的作品嗎?
當然不一定要三角戀 更多也行 只是想看這種描述男女主如何在戀愛中痛苦掙扎的小說
有糖更好 因為之後胃會更痛",虐心,False,人外,0.6543782892278255,0.2617513156911302
q21,"最近剛看完三角距離無限為零
雖然胃在痛不過還是很喜歡三角戀這個要素
有人可以推薦一下類似的作品嗎?
當然不一定要三角戀 更多也行 只是想看這種描述男女主如何在戀愛中痛苦掙扎的小說
有糖更好 因為之後胃會更痛",虐心,False,美食,0.6154022849457781,0.24616091397831125
q21,"最近剛看完三角距離無限為零
雖然胃在痛不過還是很喜歡三角戀這個要素
有人可以推薦一下類似的作品嗎?
當然不一定要三角戀 更多也行 只是想看這種描述男女主如何在戀愛中痛苦掙扎的小說
有糖更好 因為之後胃會更痛",虐心,False,異世界,0.638753943261661,0.25550157730466444
q21,"最近剛看完三角距離無限為零
雖然胃在痛不過還是很喜歡三角戀這個要素
有人可以推薦一下類似的作品嗎?
當然不一定要三角戀 更多也行 只是想看這種描述男女主如何在戀愛中痛苦掙扎的小說
有糖更好 因為之後胃會更痛",虐心,False,懸疑,0.665067328527732,0.2660269314110928
q21,"最近剛看完三角距離無限為零
雖然胃在痛不過還是很喜歡三角戀這個要素
有人可以推薦一下類似的作品嗎?
當然不一定要三角戀 更多也行 只是想看這種描述男女主如何在戀愛中痛苦掙扎的小說
有糖更好 因為之後胃會更痛",情感掙扎,False,大逃殺,0.6292000489602868,0.25168001958411473
q21,"最近剛看完三角距離無限為零
雖然胃在痛不過還是很喜歡三角戀這個要素
有人可以推薦一下類似的作品嗎?
當然不一定要三角戀 更多也行 只是想看這種描述男女主如何在戀愛中痛苦掙扎的小說
有糖更好 因為之後胃會更痛",情感掙扎,False,戀愛,0.6866698132214295,0.2746679252885718
q21,"最近剛看完三角距離無限為零
雖然胃在痛不過還是很喜歡三角戀這個要素
有人可以推薦一下類似的作品嗎?
當然不一定要三角戀 更多也行 只是想看這種描述男女主如何在戀愛中痛苦掙扎的小說
有糖更好 因為之後胃會更痛",情感掙扎,False,犯罪,0.6357574819820605,0.2543029927928242
q21,"最近剛看完三角距離無限為零
雖然胃在痛不過還是很喜歡三角戀這個要素
有人可以推薦一下類似的作品嗎?
當然不一定要三角戀 更多也行 只是想看這種描述男女主如何在戀愛中痛苦掙扎的小說
有糖更好 因為之後胃會更痛",情感掙扎,False,鬥智,0.6525123547387668,0.2610049418955067
q21,"最近剛看完三角距離無限為零
雖然胃在痛不過還是很喜歡三角戀這個要素
有人可以推薦一下類似的作品嗎?
當然不一定要三角戀 更多也行 只是想看這種描述男女主如何在戀愛中痛苦掙扎的小說
有糖更好 因為之後胃會更痛",情感掙扎,False,科幻,0.6438448369754501,0.25753793479018006
q21,"最近剛看完三角距離無限為零
雖然胃在痛不過還是很喜歡三角戀這個要素
有人可以推薦一下類似的作品嗎?
當然不一定要三角戀 更多也行 只是想看這種描述男女主如何在戀愛中痛苦掙扎的小說
有糖更好 因為之後胃會更痛",情感掙扎,False,格鬥,0.6259490804081506,0.25037963216326026
q21,"最近剛看完三角距離無限為零
雖然胃在痛不過還是很喜歡三角戀這個要素
有人可以推薦一下類似的作品嗎?
當然不一定要三角戀 更多也行 只是想看這種描述男女主如何在戀愛中痛苦掙扎的小說
有糖更好 因為之後胃會更痛",情感掙扎,False,百合,0.658237483871571,0.2632949935486284
q21,"最近剛看完三角距離無限為零
雖然胃在痛不過還是很喜歡三角戀這個要素
有人可以推薦一下類似的作品嗎?
當然不一定要三角戀 更多也行 只是想看這種描述男女主如何在戀愛中痛苦掙扎的小說
有糖更好 因為之後胃會更痛",情感掙扎,False,轉生,0.6286065966404026,0.25144263865616107
q21,"最近剛看完三角距離無限為零
雖然胃在痛不過還是很喜歡三角戀這個要素
有人可以推薦一下類似的作品嗎?
當然不一定要三角戀 更多也行 只是想看這種描述男女主如何在戀愛中痛苦掙扎的小說
有糖更好 因為之後胃會更痛",情感掙扎,False,治癒,0.6749580030052872,0.2699832012021149
q21,"最近剛看完三角距離無限為零
雖然胃在痛不過還是很喜歡三角戀這個要素
有人可以推薦一下類似的作品嗎?
當然不一定要三角戀 更多也行 只是想看這種描述男女主如何在戀愛中痛苦掙扎的小說
有糖更好 因為之後胃會更痛",情感掙扎,False,青梅竹馬,0.6438130998724788,0.2575252399489915
q21,"最近剛看完三角距離無限為零
雖然胃在痛不過還是很喜歡三角戀這個要素
有人可以推薦一下類似的作品嗎?
當然不一定要三角戀 更多也行 只是想看這種描述男女主如何在戀愛中痛苦掙扎的小說
有糖更好 因為之後胃會更痛",情感掙扎,False,女性視角,0.6630357986996767,0.2652143194798707
q21,"最近剛看完三角距離無限為零
雖然胃在痛不過還是很喜歡三角戀這個要素
有人可以推薦一下類似的作品嗎?
當然不一定要三角戀 更多也行 只是想看這種描述男女主如何在戀愛中痛苦掙扎的小說
有糖更好 因為之後胃會更痛",情感掙扎,False,性轉,0.6336192325773566,0.25344769303094267
q21,"最近剛看完三角距離無限為零
雖然胃在痛不過還是很喜歡三角戀這個要素
有人可以推薦一下類似的作品嗎?
當然不一定要三角戀 更多也行 只是想看這種描述男女主如何在戀愛中痛苦掙扎的小說
有糖更好 因為之後胃會更痛",情感掙扎,False,溫馨,0.6777365480929882,0.2710946192371953
q21,"最近剛看完三角距離無限為零
雖然胃在痛不過還是很喜歡三角戀這個要素
有人可以推薦一下類似的作品嗎?
當然不一定要三角戀 更多也行 只是想看這種描述男女主如何在戀愛中痛苦掙扎的小說
有糖更好 因為之後胃會更痛",情感掙扎,False,經營,0.6318386256379559,0.25273545025518235
q21,"最近剛看完三角距離無限為零
雖然胃在痛不過還是很喜歡三角戀這個要素
有人可以推薦一下類似的作品嗎?
當然不一定要三角戀 更多也行 只是想看這種描述男女主如何在戀愛中痛苦掙扎的小說
有糖更好 因為之後胃會更痛",情感掙扎,False,獵奇,0.6576345243203117,0.2630538097281247
q21,"最近剛看完三角距離無限為零
雖然胃在痛不過還是很喜歡三角戀這個要素
有人可以推薦一下類似的作品嗎?
當然不一定要三角戀 更多也行 只是想看這種描述男女主如何在戀愛中痛苦掙扎的小說
有糖更好 因為之後胃會更痛",情感掙扎,False,復仇,0.6171925576093977,0.2468770230437591
q21,"最近剛看完三角距離無限為零
雖然胃在痛不過還是很喜歡三角戀這個要素
有人可以推薦一下類似的作品嗎?
當然不一定要三角戀 更多也行 只是想看這種描述男女主如何在戀愛中痛苦掙扎的小說
有糖更好 因為之後胃會更痛",情感掙扎,False,黑暗,0.6742812452732583,0.2697124981093033
q21,"最近剛看完三角距離無限為零
雖然胃在痛不過還是很喜歡三角戀這個要素
有人可以推薦一下類似的作品嗎?
當然不一定要三角戀 更多也行 只是想看這種描述男女主如何在戀愛中痛苦掙扎的小說
有糖更好 因為之後胃會更痛",情感掙扎,False,末日,0.6392522888553049,0.255700915542122
q21,"最近剛看完三角距離無限為零
雖然胃在痛不過還是很喜歡三角戀這個要素
有人可以推薦一下類似的作品嗎?
當然不一定要三角戀 更多也行 只是想看這種描述男女主如何在戀愛中痛苦掙扎的小說
有糖更好 因為之後胃會更痛",情感掙扎,False,遊戲,0.6076269130318017,0.2430507652127207
q21,"最近剛看完三角距離無限為零
雖然胃在痛不過還是很喜歡三角戀這個要素
有人可以推薦一下類似的作品嗎?
當然不一定要三角戀 更多也行 只是想看這種描述男女主如何在戀愛中痛苦掙扎的小說
有糖更好 因為之後胃會更痛",情感掙扎,False,戰鬥,0.6361289917863221,0.2544515967145288
q21,"最近剛看完三角距離無限為零
雖然胃在痛不過還是很喜歡三角戀這個要素
有人可以推薦一下類似的作品嗎?
當然不一定要三角戀 更多也行 只是想看這種描述男女主如何在戀愛中痛苦掙扎的小說
有糖更好 因為之後胃會更痛",情感掙扎,False,青春,0.6598466037381386,0.2639386414952555
q21,"最近剛看完三角距離無限為零
雖然胃在痛不過還是很喜歡三角戀這個要素
有人可以推薦一下類似的作品嗎?
當然不一定要三角戀 更多也行 只是想看這種描述男女主如何在戀愛中痛苦掙扎的小說
有糖更好 因為之後胃會更痛",情感掙扎,False,群像,0.656540959984394,0.2626163839937576
q21,"最近剛看完三角距離無限為零
雖然胃在痛不過還是很喜歡三角戀這個要素
有人可以推薦一下類似的作品嗎?
當然不一定要三角戀 更多也行 只是想看這種描述男女主如何在戀愛中痛苦掙扎的小說
有糖更好 因為之後胃會更痛",情感掙扎,False,歡樂向,0.6586619168601725,0.263464766744069
q21,"最近剛看完三角距離無限為零
雖然胃在痛不過還是很喜歡三角戀這個要素
有人可以推薦一下類似的作品嗎?
當然不一定要三角戀 更多也行 只是想看這種描述男女主如何在戀愛中痛苦掙扎的小說
有糖更好 因為之後胃會更痛",情感掙扎,False,旅行,0.6435752739281785,0.2574301095712714
q21,"最近剛看完三角距離無限為零
雖然胃在痛不過還是很喜歡三角戀這個要素
有人可以推薦一下類似的作品嗎?
當然不一定要三角戀 更多也行 只是想看這種描述男女主如何在戀愛中痛苦掙扎的小說
有糖更好 因為之後胃會更痛",情感掙扎,False,惡役,0.632211868765495,0.252884747506198
q21,"最近剛看完三角距離無限為零
雖然胃在痛不過還是很喜歡三角戀這個要素
有人可以推薦一下類似的作品嗎?
當然不一定要三角戀 更多也行 只是想看這種描述男女主如何在戀愛中痛苦掙扎的小說
有糖更好 因為之後胃會更痛",情感掙扎,False,蘿莉,0.6295749291888502,0.25182997167554005
q21,"最近剛看完三角距離無限為零
雖然胃在痛不過還是很喜歡三角戀這個要素
有人可以推薦一下類似的作品嗎?
當然不一定要三角戀 更多也行 只是想看這種描述男女主如何在戀愛中痛苦掙扎的小說
有糖更好 因為之後胃會更痛",情感掙扎,False,機戰,0.6334680992076053,0.2533872396830421
q21,"最近剛看完三角距離無限為零
雖然胃在痛不過還是很喜歡三角戀這個要素
有人可以推薦一下類似的作品嗎?
當然不一定要三角戀 更多也行 只是想看這種描述男女主如何在戀愛中痛苦掙扎的小說
有糖更好 因為之後胃會更痛",情感掙扎,False,驚悚,0.6615658395244068,0.26462633580976275
q21,"最近剛看完三角距離無限為零
雖然胃在痛不過還是很喜歡三角戀這個要素
有人可以推薦一下類似的作品嗎?
當然不一定要三角戀 更多也行 只是想看這種描述男女主如何在戀愛中痛苦掙扎的小說
有糖更好 因為之後胃會更痛",情感掙扎,False,奇幻,0.6408020556642231,0.25632082226568925
q21,"最近剛看完三角距離無限為零
雖然胃在痛不過還是很喜歡三角戀這個要素
有人可以推薦一下類似的作品嗎?
當然不一定要三角戀 更多也行 只是想看這種描述男女主如何在戀愛中痛苦掙扎的小說
有糖更好 因為之後胃會更痛",情感掙扎,False,JK,0.6574205710493458,0.2629682284197383
q21,"最近剛看完三角距離無限為零
雖然胃在痛不過還是很喜歡三角戀這個要素
有人可以推薦一下類似的作品嗎?
當然不一定要三角戀 更多也行 只是想看這種描述男女主如何在戀愛中痛苦掙扎的小說
有糖更好 因為之後胃會更痛",情感掙扎,False,後宮,0.6582619293586449,0.26330477174345795
q21,"最近剛看完三角距離無限為零
雖然胃在痛不過還是很喜歡三角戀這個要素
有人可以推薦一下類似的作品嗎?
當然不一定要三角戀 更多也行 只是想看這種描述男女主如何在戀愛中痛苦掙扎的小說
有糖更好 因為之後胃會更痛",情感掙扎,False,耽美,0.6870774184549564,0.2748309673819826
q21,"最近剛看完三角距離無限為零
雖然胃在痛不過還是很喜歡三角戀這個要素
有人可以推薦一下類似的作品嗎?
當然不一定要三角戀 更多也行 只是想看這種描述男女主如何在戀愛中痛苦掙扎的小說
有糖更好 因為之後胃會更痛",情感掙扎,False,妹妹,0.6398090625598261,0.25592362502393046
q21,"最近剛看完三角距離無限為零
雖然胃在痛不過還是很喜歡三角戀這個要素
有人可以推薦一下類似的作品嗎?
當然不一定要三角戀 更多也行 只是想看這種描述男女主如何在戀愛中痛苦掙扎的小說
有糖更好 因為之後胃會更痛",情感掙扎,False,職場,0.6546898552947382,0.2618759421178953
q21,"最近剛看完三角距離無限為零
雖然胃在痛不過還是很喜歡三角戀這個要素
有人可以推薦一下類似的作品嗎?
當然不一定要三角戀 更多也行 只是想看這種描述男女主如何在戀愛中痛苦掙扎的小說
有糖更好 因為之後胃會更痛",情感掙扎,False,推理,0.6530930333021809,0.2612372133208724
q21,"最近剛看完三角距離無限為零
雖然胃在痛不過還是很喜歡三角戀這個要素
有人可以推薦一下類似的作品嗎?
當然不一定要三角戀 更多也行 只是想看這種描述男女主如何在戀愛中痛苦掙扎的小說
有糖更好 因為之後胃會更痛",情感掙扎,False,JC,0.6543925495372396,0.26175701981489585
q21,"最近剛看完三角距離無限為零
雖然胃在痛不過還是很喜歡三角戀這個要素
有人可以推薦一下類似的作品嗎?
當然不一定要三角戀 更多也行 只是想看這種描述男女主如何在戀愛中痛苦掙扎的小說
有糖更好 因為之後胃會更痛",情感掙扎,False,宅文化,0.6243871884116741,0.24975487536466964
q21,"最近剛看完三角距離無限為零
雖然胃在痛不過還是很喜歡三角戀這個要素
有人可以推薦一下類似的作品嗎?
當然不一定要三角戀 更多也行 只是想看這種描述男女主如何在戀愛中痛苦掙扎的小說
有糖更好 因為之後胃會更痛",情感掙扎,False,校園,0.6514753282364841,0.2605901312945937
q21,"最近剛看完三角距離無限為零
雖然胃在痛不過還是很喜歡三角戀這個要素
有人可以推薦一下類似的作品嗎?
當然不一定要三角戀 更多也行 只是想看這種描述男女主如何在戀愛中痛苦掙扎的小說
有糖更好 因為之後胃會更痛",情感掙扎,False,同人,0.6468333194484412,0.2587333277793765
q21,"最近剛看完三角距離無限為零
雖然胃在痛不過還是很喜歡三角戀這個要素
有人可以推薦一下類似的作品嗎?
當然不一定要三角戀 更多也行 只是想看這種描述男女主如何在戀愛中痛苦掙扎的小說
有糖更好 因為之後胃會更痛",情感掙扎,False,偽娘,0.6253398010605763,0.25013592042423055
q21,"最近剛看完三角距離無限為零
雖然胃在痛不過還是很喜歡三角戀這個要素
有人可以推薦一下類似的作品嗎?
當然不一定要三角戀 更多也行 只是想看這種描述男女主如何在戀愛中痛苦掙扎的小說
有糖更好 因為之後胃會更痛",情感掙扎,False,NTR,0.6601371806028528,0.2640548722411411
q21,"最近剛看完三角距離無限為零
雖然胃在痛不過還是很喜歡三角戀這個要素
有人可以推薦一下類似的作品嗎?
當然不一定要三角戀 更多也行 只是想看這種描述男女主如何在戀愛中痛苦掙扎的小說
有糖更好 因為之後胃會更痛",情感掙扎,False,異能,0.6305910575729639,0.25223642302918553
q21,"最近剛看完三角距離無限為零
雖然胃在痛不過還是很喜歡三角戀這個要素
有人可以推薦一下類似的作品嗎?
當然不一定要三角戀 更多也行 只是想看這種描述男女主如何在戀愛中痛苦掙扎的小說
有糖更好 因為之後胃會更痛",情感掙扎,False,病嬌,0.6564881417825517,0.2625952567130207
q21,"最近剛看完三角距離無限為零
雖然胃在痛不過還是很喜歡三角戀這個要素
有人可以推薦一下類似的作品嗎?
當然不一定要三角戀 更多也行 只是想看這種描述男女主如何在戀愛中痛苦掙扎的小說
有糖更好 因為之後胃會更痛",情感掙扎,False,音樂,0.6682332218792988,0.26729328875171954
q21,"最近剛看完三角距離無限為零
雖然胃在痛不過還是很喜歡三角戀這個要素
有人可以推薦一下類似的作品嗎?
當然不一定要三角戀 更多也行 只是想看這種描述男女主如何在戀愛中痛苦掙扎的小說
有糖更好 因為之後胃會更痛",情感掙扎,False,戰爭,0.6431550294869803,0.25726201179479213
q21,"最近剛看完三角距離無限為零
雖然胃在痛不過還是很喜歡三角戀這個要素
有人可以推薦一下類似的作品嗎?
當然不一定要三角戀 更多也行 只是想看這種描述男女主如何在戀愛中痛苦掙扎的小說
有糖更好 因為之後胃會更痛",情感掙扎,False,熱血,0.6583659086155889,0.2633463634462356
q21,"最近剛看完三角距離無限為零
雖然胃在痛不過還是很喜歡三角戀這個要素
有人可以推薦一下類似的作品嗎?
當然不一定要三角戀 更多也行 只是想看這種描述男女主如何在戀愛中痛苦掙扎的小說
有糖更好 因為之後胃會更痛",情感掙扎,False,間諜,0.6175527416850284,0.24702109667401137
q21,"最近剛看完三角距離無限為零
雖然胃在痛不過還是很喜歡三角戀這個要素
有人可以推薦一下類似的作品嗎?
當然不一定要三角戀 更多也行 只是想看這種描述男女主如何在戀愛中痛苦掙扎的小說
有糖更好 因為之後胃會更痛",情感掙扎,False,冒險,0.647271893142408,0.2589087572569632
q21,"最近剛看完三角距離無限為零
雖然胃在痛不過還是很喜歡三角戀這個要素
有人可以推薦一下類似的作品嗎?
當然不一定要三角戀 更多也行 只是想看這種描述男女主如何在戀愛中痛苦掙扎的小說
有糖更好 因為之後胃會更痛",情感掙扎,False,大小姐,0.6205517445043152,0.24822069780172606
q21,"最近剛看完三角距離無限為零
雖然胃在痛不過還是很喜歡三角戀這個要素
有人可以推薦一下類似的作品嗎?
當然不一定要三角戀 更多也行 只是想看這種描述男女主如何在戀愛中痛苦掙扎的小說
有糖更好 因為之後胃會更痛",情感掙扎,False,女兒,0.6306829655279245,0.2522731862111698
q21,"最近剛看完三角距離無限為零
雖然胃在痛不過還是很喜歡三角戀這個要素
有人可以推薦一下類似的作品嗎?
當然不一定要三角戀 更多也行 只是想看這種描述男女主如何在戀愛中痛苦掙扎的小說
有糖更好 因為之後胃會更痛",情感掙扎,False,人外,0.6526644406453994,0.2610657762581598
q21,"最近剛看完三角距離無限為零
雖然胃在痛不過還是很喜歡三角戀這個要素
有人可以推薦一下類似的作品嗎?
當然不一定要三角戀 更多也行 只是想看這種描述男女主如何在戀愛中痛苦掙扎的小說
有糖更好 因為之後胃會更痛",情感掙扎,False,美食,0.6258295067029802,0.2503318026811921
q21,"最近剛看完三角距離無限為零
雖然胃在痛不過還是很喜歡三角戀這個要素
有人可以推薦一下類似的作品嗎?
當然不一定要三角戀 更多也行 只是想看這種描述男女主如何在戀愛中痛苦掙扎的小說
有糖更好 因為之後胃會更痛",情感掙扎,False,懸疑,0.6718066191400051,0.268722647656002
q22,"就是不後宮不NTR純純的戀愛作品 虐也行 比較希望校園類 其他類型也可以介紹看看 最近看一堆異世界後宮戰鬥有點膩了......
還有兄妹的作品 滿喜歡兄妹類型的 隨便丟一張圖",戀愛,True,戀愛,1.0,1.0
q22,"就是不後宮不NTR純純的戀愛作品 虐也行 比較希望校園類 其他類型也可以介紹看看 最近看一堆異世界後宮戰鬥有點膩了......
還有兄妹的作品 滿喜歡兄妹類型的 隨便丟一張圖",校園,True,校園,1.0,1.0
q22,"就是不後宮不NTR純純的戀愛作品 虐也行 比較希望校園類 其他類型也可以介紹看看 最近看一堆異世界後宮戰鬥有點膩了......
還有兄妹的作品 滿喜歡兄妹類型的 隨便丟一張圖",兄妹,False,大逃殺,0.6150725128388153,0.2460290051355261
q22,"就是不後宮不NTR純純的戀愛作品 虐也行 比較希望校園類 其他類型也可以介紹看看 最近看一堆異世界後宮戰鬥有點膩了......
還有兄妹的作品 滿喜歡兄妹類型的 隨便丟一張圖",兄妹,False,戀愛,0.6696044773571288,0.26784179094285154
q22,"就是不後宮不NTR純純的戀愛作品 虐也行 比較希望校園類 其他類型也可以介紹看看 最近看一堆異世界後宮戰鬥有點膩了......
還有兄妹的作品 滿喜歡兄妹類型的 隨便丟一張圖",兄妹,False,犯罪,0.6369282723513952,0.25477130894055805
q22,"就是不後宮不NTR純純的戀愛作品 虐也行 比較希望校園類 其他類型也可以介紹看看 最近看一堆異世界後宮戰鬥有點膩了......
還有兄妹的作品 滿喜歡兄妹類型的 隨便丟一張圖",兄妹,False,鬥智,0.6311604113363756,0.25246416453455023
q22,"就是不後宮不NTR純純的戀愛作品 虐也行 比較希望校園類 其他類型也可以介紹看看 最近看一堆異世界後宮戰鬥有點膩了......
還有兄妹的作品 滿喜歡兄妹類型的 隨便丟一張圖",兄妹,False,科幻,0.6427088298497063,0.25708353193988254
q22,"就是不後宮不NTR純純的戀愛作品 虐也行 比較希望校園類 其他類型也可以介紹看看 最近看一堆異世界後宮戰鬥有點膩了......
還有兄妹的作品 滿喜歡兄妹類型的 隨便丟一張圖",兄妹,False,百合,0.6771560483880952,0.2708624193552381
q22,"就是不後宮不NTR純純的戀愛作品 虐也行 比較希望校園類 其他類型也可以介紹看看 最近看一堆異世界後宮戰鬥有點膩了......
還有兄妹的作品 滿喜歡兄妹類型的 隨便丟一張圖",兄妹,False,轉生,0.6396227667862501,0.25584910671450006
q22,"就是不後宮不NTR純純的戀愛作品 虐也行 比較希望校園類 其他類型也可以介紹看看 最近看一堆異世界後宮戰鬥有點膩了......
還有兄妹的作品 滿喜歡兄妹類型的 隨便丟一張圖",兄妹,False,治癒,0.643775815383721,0.2575103261534884
q22,"就是不後宮不NTR純純的戀愛作品 虐也行 比較希望校園類 其他類型也可以介紹看看 最近看一堆異世界後宮戰鬥有點膩了......
還有兄妹的作品 滿喜歡兄妹類型的 隨便丟一張圖",兄妹,False,青梅竹馬,0.6633117273930372,0.2653246909572149
q22,"就是不後宮不NTR純純的戀愛作品 虐也行 比較希望校園類 其他類型也可以介紹看看 最近看一堆異世界後宮戰鬥有點膩了......
還有兄妹的作品 滿喜歡兄妹類型的 隨便丟一張圖",兄妹,False,女性視角,0.655675428567238,0.26227017142689524
q22,"就是不後宮不NTR純純的戀愛作品 虐也行 比較希望校園類 其他類型也可以介紹看看 最近看一堆異世界後宮戰鬥有點膩了......
還有兄妹的作品 滿喜歡兄妹類型的 隨便丟一張圖",兄妹,False,性轉,0.6512180152028046,0.26048720608112186
q22,"就是不後宮不NTR純純的戀愛作品 虐也行 比較希望校園類 其他類型也可以介紹看看 最近看一堆異世界後宮戰鬥有點膩了......
還有兄妹的作品 滿喜歡兄妹類型的 隨便丟一張圖",兄妹,False,溫馨,0.6734054473586968,0.26936217894347875
q22,"就是不後宮不NTR純純的戀愛作品 虐也行 比較希望校園類 其他類型也可以介紹看看 最近看一堆異世界後宮戰鬥有點膩了......
還有兄妹的作品 滿喜歡兄妹類型的 隨便丟一張圖",兄妹,False,經營,0.6324202995361989,0.2529681198144796
q22,"就是不後宮不NTR純純的戀愛作品 虐也行 比較希望校園類 其他類型也可以介紹看看 最近看一堆異世界後宮戰鬥有點膩了......
還有兄妹的作品 滿喜歡兄妹類型的 隨便丟一張圖",兄妹,False,獵奇,0.656205604257126,0.26248224170285045
q22,"就是不後宮不NTR純純的戀愛作品 虐也行 比較希望校園類 其他類型也可以介紹看看 最近看一堆異世界後宮戰鬥有點膩了......
還有兄妹的作品 滿喜歡兄妹類型的 隨便丟一張圖",兄妹,False,復仇,0.6054645541867558,0.24218582167470235
q22,"就是不後宮不NTR純純的戀愛作品 虐也行 比較希望校園類 其他類型也可以介紹看看 最近看一堆異世界後宮戰鬥有點膩了......
還有兄妹的作品 滿喜歡兄妹類型的 隨便丟一張圖",兄妹,False,黑暗,0.6432499008752222,0.2572999603500889
q22,"就是不後宮不NTR純純的戀愛作品 虐也行 比較希望校園類 其他類型也可以介紹看看 最近看一堆異世界後宮戰鬥有點膩了......
還有兄妹的作品 滿喜歡兄妹類型的 隨便丟一張圖",兄妹,False,末日,0.6186354067981497,0.24745416271925988
q22,"就是不後宮不NTR純純的戀愛作品 虐也行 比較希望校園類 其他類型也可以介紹看看 最近看一堆異世界後宮戰鬥有點膩了......
還有兄妹的作品 滿喜歡兄妹類型的 隨便丟一張圖",兄妹,False,遊戲,0.6273345603475884,0.25093382413903537
q22,"就是不後宮不NTR純純的戀愛作品 虐也行 比較希望校園類 其他類型也可以介紹看看 最近看一堆異世界後宮戰鬥有點膩了......
還有兄妹的作品 滿喜歡兄妹類型的 隨便丟一張圖",兄妹,False,戰鬥,0.6103714194198628,0.24414856776794513
q22,"就是不後宮不NTR純純的戀愛作品 虐也行 比較希望校園類 其他類型也可以介紹看看 最近看一堆異世界後宮戰鬥有點膩了......
還有兄妹的作品 滿喜歡兄妹類型的 隨便丟一張圖",兄妹,False,青春,0.6289581313306374,0.25158325253225494
q22,"就是不後宮不NTR純純的戀愛作品 虐也行 比較希望校園類 其他類型也可以介紹看看 最近看一堆異世界後宮戰鬥有點膩了......
還有兄妹的作品 滿喜歡兄妹類型的 隨便丟一張圖",兄妹,False,群像,0.65053086478572,0.260212345914288
q22,"就是不後宮不NTR純純的戀愛作品 虐也行 比較希望校園類 其他類型也可以介紹看看 最近看一堆異世界後宮戰鬥有點膩了......
還有兄妹的作品 滿喜歡兄妹類型的 隨便丟一張圖",兄妹,False,歡樂向,0.693999489105715,0.277599795642286
q22,"就是不後宮不NTR純純的戀愛作品 虐也行 比較希望校園類 其他類型也可以介紹看看 最近看一堆異世界後宮戰鬥有點膩了......
還有兄妹的作品 滿喜歡兄妹類型的 隨便丟一張圖",兄妹,False,旅行,0.6328217589284497,0.2531287035713799
q22,"就是不後宮不NTR純純的戀愛作品 虐也行 比較希望校園類 其他類型也可以介紹看看 最近看一堆異世界後宮戰鬥有點膩了......
還有兄妹的作品 滿喜歡兄妹類型的 隨便丟一張圖",兄妹,False,惡役,0.6325330695101803,0.25301322780407215
q22,"就是不後宮不NTR純純的戀愛作品 虐也行 比較希望校園類 其他類型也可以介紹看看 最近看一堆異世界後宮戰鬥有點膩了......
還有兄妹的作品 滿喜歡兄妹類型的 隨便丟一張圖",兄妹,False,蘿莉,0.6630944499235492,0.26523777996941966
q22,"就是不後宮不NTR純純的戀愛作品 虐也行 比較希望校園類 其他類型也可以介紹看看 最近看一堆異世界後宮戰鬥有點膩了......
還有兄妹的作品 滿喜歡兄妹類型的 隨便丟一張圖",兄妹,False,機戰,0.6299236121489727,0.2519694448595891
q22,"就是不後宮不NTR純純的戀愛作品 虐也行 比較希望校園類 其他類型也可以介紹看看 最近看一堆異世界後宮戰鬥有點膩了......
還有兄妹的作品 滿喜歡兄妹類型的 隨便丟一張圖",兄妹,False,驚悚,0.6467476055891067,0.2586990422356427
q22,"就是不後宮不NTR純純的戀愛作品 虐也行 比較希望校園類 其他類型也可以介紹看看 最近看一堆異世界後宮戰鬥有點膩了......
還有兄妹的作品 滿喜歡兄妹類型的 隨便丟一張圖",兄妹,False,奇幻,0.6437108952460538,0.2574843580984216
q22,"就是不後宮不NTR純純的戀愛作品 虐也行 比較希望校園類 其他類型也可以介紹看看 最近看一堆異世界後宮戰鬥有點膩了......
還有兄妹的作品 滿喜歡兄妹類型的 隨便丟一張圖",兄妹,False,JK,0.6766243216860037,0.2706497286744015
q22,"就是不後宮不NTR純純的戀愛作品 虐也行 比較希望校園類 其他類型也可以介紹看看 最近看一堆異世界後宮戰鬥有點膩了......
還有兄妹的作品 滿喜歡兄妹類型的 隨便丟一張圖",兄妹,False,後宮,0.6580743720723758,0.26322974882895034
q22,"就是不後宮不NTR純純的戀愛作品 虐也行 比較希望校園類 其他類型也可以介紹看看 最近看一堆異世界後宮戰鬥有點膩了......
還有兄妹的作品 滿喜歡兄妹類型的 隨便丟一張圖",兄妹,False,耽美,0.6765593020324425,0.27062372081297703
q22,"就是不後宮不NTR純純的戀愛作品 虐也行 比較希望校園類 其他類型也可以介紹看看 最近看一堆異世界後宮戰鬥有點膩了......
還有兄妹的作品 滿喜歡兄妹類型的 隨便丟一張圖",兄妹,False,妹妹,0.7462211467754283,0.2984884587101713
q22,"就是不後宮不NTR純純的戀愛作品 虐也行 比較希望校園類 其他類型也可以介紹看看 最近看一堆異世界後宮戰鬥有點膩了......
還有兄妹的作品 滿喜歡兄妹類型的 隨便丟一張圖",兄妹,False,龍傲天,0.6269115189879961,0.2507646075951985
q22,"就是不後宮不NTR純純的戀愛作品 虐也行 比較希望校園類 其他類型也可以介紹看看 最近看一堆異世界後宮戰鬥有點膩了......
還有兄妹的作品 滿喜歡兄妹類型的 隨便丟一張圖",兄妹,False,職場,0.6306719418742524,0.25226877674970094
q22,"就是不後宮不NTR純純的戀愛作品 虐也行 比較希望校園類 其他類型也可以介紹看看 最近看一堆異世界後宮戰鬥有點膩了......
還有兄妹的作品 滿喜歡兄妹類型的 隨便丟一張圖",兄妹,False,推理,0.6534877737231117,0.2613951094892447
q22,"就是不後宮不NTR純純的戀愛作品 虐也行 比較希望校園類 其他類型也可以介紹看看 最近看一堆異世界後宮戰鬥有點膩了......
還有兄妹的作品 滿喜歡兄妹類型的 隨便丟一張圖",兄妹,False,JC,0.6582337842715215,0.2632935137086086
q22,"就是不後宮不NTR純純的戀愛作品 虐也行 比較希望校園類 其他類型也可以介紹看看 最近看一堆異世界後宮戰鬥有點膩了......
還有兄妹的作品 滿喜歡兄妹類型的 隨便丟一張圖",兄妹,False,宅文化,0.6400273805573431,0.25601095222293724
q22,"就是不後宮不NTR純純的戀愛作品 虐也行 比較希望校園類 其他類型也可以介紹看看 最近看一堆異世界後宮戰鬥有點膩了......
還有兄妹的作品 滿喜歡兄妹類型的 隨便丟一張圖",兄妹,False,校園,0.6447206747957395,0.2578882699182958
q22,"就是不後宮不NTR純純的戀愛作品 虐也行 比較希望校園類 其他類型也可以介紹看看 最近看一堆異世界後宮戰鬥有點膩了......
還有兄妹的作品 滿喜歡兄妹類型的 隨便丟一張圖",兄妹,False,同人,0.6656273436716923,0.26625093746867695
q22,"就是不後宮不NTR純純的戀愛作品 虐也行 比較希望校園類 其他類型也可以介紹看看 最近看一堆異世界後宮戰鬥有點膩了......
還有兄妹的作品 滿喜歡兄妹類型的 隨便丟一張圖",兄妹,False,偽娘,0.648449257824948,0.2593797031299792
q22,"就是不後宮不NTR純純的戀愛作品 虐也行 比較希望校園類 其他類型也可以介紹看看 最近看一堆異世界後宮戰鬥有點膩了......
還有兄妹的作品 滿喜歡兄妹類型的 隨便丟一張圖",兄妹,False,NTR,0.6726500209331329,0.26906000837325317
q22,"就是不後宮不NTR純純的戀愛作品 虐也行 比較希望校園類 其他類型也可以介紹看看 最近看一堆異世界後宮戰鬥有點膩了......
還有兄妹的作品 滿喜歡兄妹類型的 隨便丟一張圖",兄妹,False,異能,0.6399996652055677,0.2559998660822271
q22,"就是不後宮不NTR純純的戀愛作品 虐也行 比較希望校園類 其他類型也可以介紹看看 最近看一堆異世界後宮戰鬥有點膩了......
還有兄妹的作品 滿喜歡兄妹類型的 隨便丟一張圖",兄妹,False,病嬌,0.6526880949626394,0.2610752379850558
q22,"就是不後宮不NTR純純的戀愛作品 虐也行 比較希望校園類 其他類型也可以介紹看看 最近看一堆異世界後宮戰鬥有點膩了......
還有兄妹的作品 滿喜歡兄妹類型的 隨便丟一張圖",兄妹,False,音樂,0.6413801168634194,0.2565520467453678
q22,"就是不後宮不NTR純純的戀愛作品 虐也行 比較希望校園類 其他類型也可以介紹看看 最近看一堆異世界後宮戰鬥有點膩了......
還有兄妹的作品 滿喜歡兄妹類型的 隨便丟一張圖",兄妹,False,戰爭,0.6163231387497335,0.24652925549989343
q22,"就是不後宮不NTR純純的戀愛作品 虐也行 比較希望校園類 其他類型也可以介紹看看 最近看一堆異世界後宮戰鬥有點膩了......
還有兄妹的作品 滿喜歡兄妹類型的 隨便丟一張圖",兄妹,False,熱血,0.6334918479474401,0.25339673917897604
q22,"就是不後宮不NTR純純的戀愛作品 虐也行 比較希望校園類 其他類型也可以介紹看看 最近看一堆異世界後宮戰鬥有點膩了......
還有兄妹的作品 滿喜歡兄妹類型的 隨便丟一張圖",兄妹,False,間諜,0.6087031928358777,0.24348127713435108
q22,"就是不後宮不NTR純純的戀愛作品 虐也行 比較希望校園類 其他類型也可以介紹看看 最近看一堆異世界後宮戰鬥有點膩了......
還有兄妹的作品 滿喜歡兄妹類型的 隨便丟一張圖",兄妹,False,冒險,0.6323208709656458,0.25292834838625833
q22,"就是不後宮不NTR純純的戀愛作品 虐也行 比較希望校園類 其他類型也可以介紹看看 最近看一堆異世界後宮戰鬥有點膩了......
還有兄妹的作品 滿喜歡兄妹類型的 隨便丟一張圖",兄妹,False,大小姐,0.6508364343699057,0.26033457374796226
q22,"就是不後宮不NTR純純的戀愛作品 虐也行 比較希望校園類 其他類型也可以介紹看看 最近看一堆異世界後宮戰鬥有點膩了......
還有兄妹的作品 滿喜歡兄妹類型的 隨便丟一張圖",兄妹,False,女兒,0.646394706758183,0.25855788270327323
q22,"就是不後宮不NTR純純的戀愛作品 虐也行 比較希望校園類 其他類型也可以介紹看看 最近看一堆異世界後宮戰鬥有點膩了......
還有兄妹的作品 滿喜歡兄妹類型的 隨便丟一張圖",兄妹,False,人外,0.6621917684532301,0.26487670738129204
q22,"就是不後宮不NTR純純的戀愛作品 虐也行 比較希望校園類 其他類型也可以介紹看看 最近看一堆異世界後宮戰鬥有點膩了......
還有兄妹的作品 滿喜歡兄妹類型的 隨便丟一張圖",兄妹,False,美食,0.6141240276700618,0.24564961106802474
q22,"就是不後宮不NTR純純的戀愛作品 虐也行 比較希望校園類 其他類型也可以介紹看看 最近看一堆異世界後宮戰鬥有點膩了......
還有兄妹的作品 滿喜歡兄妹類型的 隨便丟一張圖",兄妹,False,異世界,0.6429273705178697,0.2571709482071479
q22,"就是不後宮不NTR純純的戀愛作品 虐也行 比較希望校園類 其他類型也可以介紹看看 最近看一堆異世界後宮戰鬥有點膩了......
還有兄妹的作品 滿喜歡兄妹類型的 隨便丟一張圖",兄妹,False,懸疑,0.6636314416573784,0.26545257666295136
q22,"就是不後宮不NTR純純的戀愛作品 虐也行 比較希望校園類 其他類型也可以介紹看看 最近看一堆異世界後宮戰鬥有點膩了......
還有兄妹的作品 滿喜歡兄妹類型的 隨便丟一張圖",虐心,False,大逃殺,0.6453973103807015,0.2581589241522806
q22,"就是不後宮不NTR純純的戀愛作品 虐也行 比較希望校園類 其他類型也可以介紹看看 最近看一堆異世界後宮戰鬥有點膩了......
還有兄妹的作品 滿喜歡兄妹類型的 隨便丟一張圖",虐心,False,戀愛,0.6621168638353795,0.26484674553415183
q22,"就是不後宮不NTR純純的戀愛作品 虐也行 比較希望校園類 其他類型也可以介紹看看 最近看一堆異世界後宮戰鬥有點膩了......
還有兄妹的作品 滿喜歡兄妹類型的 隨便丟一張圖",虐心,False,犯罪,0.6547504513323144,0.26190018053292574
q22,"就是不後宮不NTR純純的戀愛作品 虐也行 比較希望校園類 其他類型也可以介紹看看 最近看一堆異世界後宮戰鬥有點膩了......
還有兄妹的作品 滿喜歡兄妹類型的 隨便丟一張圖",虐心,False,鬥智,0.633597309428318,0.2534389237713272
q22,"就是不後宮不NTR純純的戀愛作品 虐也行 比較希望校園類 其他類型也可以介紹看看 最近看一堆異世界後宮戰鬥有點膩了......
還有兄妹的作品 滿喜歡兄妹類型的 隨便丟一張圖",虐心,False,科幻,0.6444714247873481,0.25778856991493926
q22,"就是不後宮不NTR純純的戀愛作品 虐也行 比較希望校園類 其他類型也可以介紹看看 最近看一堆異世界後宮戰鬥有點膩了......
還有兄妹的作品 滿喜歡兄妹類型的 隨便丟一張圖",虐心,False,百合,0.651755805220998,0.2607023220883992
q22,"就是不後宮不NTR純純的戀愛作品 虐也行 比較希望校園類 其他類型也可以介紹看看 最近看一堆異世界後宮戰鬥有點膩了......
還有兄妹的作品 滿喜歡兄妹類型的 隨便丟一張圖",虐心,False,轉生,0.6373097395017835,0.2549238958007134
q22,"就是不後宮不NTR純純的戀愛作品 虐也行 比較希望校園類 其他類型也可以介紹看看 最近看一堆異世界後宮戰鬥有點膩了......
還有兄妹的作品 滿喜歡兄妹類型的 隨便丟一張圖",虐心,False,治癒,0.679613956317386,0.2718455825269544
q22,"就是不後宮不NTR純純的戀愛作品 虐也行 比較希望校園類 其他類型也可以介紹看看 最近看一堆異世界後宮戰鬥有點膩了......
還有兄妹的作品 滿喜歡兄妹類型的 隨便丟一張圖",虐心,False,青梅竹馬,0.6321260161432065,0.25285040645728263
q22,"就是不後宮不NTR純純的戀愛作品 虐也行 比較希望校園類 其他類型也可以介紹看看 最近看一堆異世界後宮戰鬥有點膩了......
還有兄妹的作品 滿喜歡兄妹類型的 隨便丟一張圖",虐心,False,女性視角,0.6526384816753219,0.2610553926701288
q22,"就是不後宮不NTR純純的戀愛作品 虐也行 比較希望校園類 其他類型也可以介紹看看 最近看一堆異世界後宮戰鬥有點膩了......
還有兄妹的作品 滿喜歡兄妹類型的 隨便丟一張圖",虐心,False,性轉,0.6232767042691003,0.24931068170764015
q22,"就是不後宮不NTR純純的戀愛作品 虐也行 比較希望校園類 其他類型也可以介紹看看 最近看一堆異世界後宮戰鬥有點膩了......
還有兄妹的作品 滿喜歡兄妹類型的 隨便丟一張圖",虐心,False,溫馨,0.6791888071564324,0.27167552286257296
q22,"就是不後宮不NTR純純的戀愛作品 虐也行 比較希望校園類 其他類型也可以介紹看看 最近看一堆異世界後宮戰鬥有點膩了......
還有兄妹的作品 滿喜歡兄妹類型的 隨便丟一張圖",虐心,False,經營,0.6336338133334529,0.25345352533338117
q22,"就是不後宮不NTR純純的戀愛作品 虐也行 比較希望校園類 其他類型也可以介紹看看 最近看一堆異世界後宮戰鬥有點膩了......
還有兄妹的作品 滿喜歡兄妹類型的 隨便丟一張圖",虐心,False,獵奇,0.6792286745228426,0.27169146980913705
q22,"就是不後宮不NTR純純的戀愛作品 虐也行 比較希望校園類 其他類型也可以介紹看看 最近看一堆異世界後宮戰鬥有點膩了......
還有兄妹的作品 滿喜歡兄妹類型的 隨便丟一張圖",虐心,False,復仇,0.6391829830554752,0.25567319322219006
q22,"就是不後宮不NTR純純的戀愛作品 虐也行 比較希望校園類 其他類型也可以介紹看看 最近看一堆異世界後宮戰鬥有點膩了......
還有兄妹的作品 滿喜歡兄妹類型的 隨便丟一張圖",虐心,False,黑暗,0.689471365819159,0.27578854632766364
q22,"就是不後宮不NTR純純的戀愛作品 虐也行 比較希望校園類 其他類型也可以介紹看看 最近看一堆異世界後宮戰鬥有點膩了......
還有兄妹的作品 滿喜歡兄妹類型的 隨便丟一張圖",虐心,False,末日,0.6429980378869016,0.25719921515476063
q22,"就是不後宮不NTR純純的戀愛作品 虐也行 比較希望校園類 其他類型也可以介紹看看 最近看一堆異世界後宮戰鬥有點膩了......
還有兄妹的作品 滿喜歡兄妹類型的 隨便丟一張圖",虐心,False,遊戲,0.612720364092448,0.24508814563697923
q22,"就是不後宮不NTR純純的戀愛作品 虐也行 比較希望校園類 其他類型也可以介紹看看 最近看一堆異世界後宮戰鬥有點膩了......
還有兄妹的作品 滿喜歡兄妹類型的 隨便丟一張圖",虐心,False,戰鬥,0.6204543458260067,0.2481817383304027
q22,"就是不後宮不NTR純純的戀愛作品 虐也行 比較希望校園類 其他類型也可以介紹看看 最近看一堆異世界後宮戰鬥有點膩了......
還有兄妹的作品 滿喜歡兄妹類型的 隨便丟一張圖",虐心,False,青春,0.6260509841710749,0.25042039366842994
q22,"就是不後宮不NTR純純的戀愛作品 虐也行 比較希望校園類 其他類型也可以介紹看看 最近看一堆異世界後宮戰鬥有點膩了......
還有兄妹的作品 滿喜歡兄妹類型的 隨便丟一張圖",虐心,False,群像,0.6424994928660629,0.2569997971464252
q22,"就是不後宮不NTR純純的戀愛作品 虐也行 比較希望校園類 其他類型也可以介紹看看 最近看一堆異世界後宮戰鬥有點膩了......
還有兄妹的作品 滿喜歡兄妹類型的 隨便丟一張圖",虐心,False,歡樂向,0.6689335827362061,0.26757343309448245
q22,"就是不後宮不NTR純純的戀愛作品 虐也行 比較希望校園類 其他類型也可以介紹看看 最近看一堆異世界後宮戰鬥有點膩了......
還有兄妹的作品 滿喜歡兄妹類型的 隨便丟一張圖",虐心,False,旅行,0.6305072046836167,0.2522028818734467
q22,"就是不後宮不NTR純純的戀愛作品 虐也行 比較希望校園類 其他類型也可以介紹看看 最近看一堆異世界後宮戰鬥有點膩了......
還有兄妹的作品 滿喜歡兄妹類型的 隨便丟一張圖",虐心,False,惡役,0.6665066681018205,0.2666026672407282
q22,"就是不後宮不NTR純純的戀愛作品 虐也行 比較希望校園類 其他類型也可以介紹看看 最近看一堆異世界後宮戰鬥有點膩了......
還有兄妹的作品 滿喜歡兄妹類型的 隨便丟一張圖",虐心,False,蘿莉,0.6323946334750273,0.2529578533900109
q22,"就是不後宮不NTR純純的戀愛作品 虐也行 比較希望校園類 其他類型也可以介紹看看 最近看一堆異世界後宮戰鬥有點膩了......
還有兄妹的作品 滿喜歡兄妹類型的 隨便丟一張圖",虐心,False,機戰,0.6349766319042256,0.25399065276169025
q22,"就是不後宮不NTR純純的戀愛作品 虐也行 比較希望校園類 其他類型也可以介紹看看 最近看一堆異世界後宮戰鬥有點膩了......
還有兄妹的作品 滿喜歡兄妹類型的 隨便丟一張圖",虐心,False,驚悚,0.6587059031827742,0.2634823612731097
q22,"就是不後宮不NTR純純的戀愛作品 虐也行 比較希望校園類 其他類型也可以介紹看看 最近看一堆異世界後宮戰鬥有點膩了......
還有兄妹的作品 滿喜歡兄妹類型的 隨便丟一張圖",虐心,False,奇幻,0.6409645548949666,0.25638582195798665
q22,"就是不後宮不NTR純純的戀愛作品 虐也行 比較希望校園類 其他類型也可以介紹看看 最近看一堆異世界後宮戰鬥有點膩了......
還有兄妹的作品 滿喜歡兄妹類型的 隨便丟一張圖",虐心,False,JK,0.6474227540507853,0.2589691016203141
q22,"就是不後宮不NTR純純的戀愛作品 虐也行 比較希望校園類 其他類型也可以介紹看看 最近看一堆異世界後宮戰鬥有點膩了......
還有兄妹的作品 滿喜歡兄妹類型的 隨便丟一張圖",虐心,False,後宮,0.6490553117501853,0.2596221247000741
q22,"就是不後宮不NTR純純的戀愛作品 虐也行 比較希望校園類 其他類型也可以介紹看看 最近看一堆異世界後宮戰鬥有點膩了......
還有兄妹的作品 滿喜歡兄妹類型的 隨便丟一張圖",虐心,False,耽美,0.6869574568073208,0.27478298272292834
q22,"就是不後宮不NTR純純的戀愛作品 虐也行 比較希望校園類 其他類型也可以介紹看看 最近看一堆異世界後宮戰鬥有點膩了......
還有兄妹的作品 滿喜歡兄妹類型的 隨便丟一張圖",虐心,False,妹妹,0.6287089161266934,0.2514835664506774
q22,"就是不後宮不NTR純純的戀愛作品 虐也行 比較希望校園類 其他類型也可以介紹看看 最近看一堆異世界後宮戰鬥有點膩了......
還有兄妹的作品 滿喜歡兄妹類型的 隨便丟一張圖",虐心,False,龍傲天,0.6275748919439746,0.2510299567775899
q22,"就是不後宮不NTR純純的戀愛作品 虐也行 比較希望校園類 其他類型也可以介紹看看 最近看一堆異世界後宮戰鬥有點膩了......
還有兄妹的作品 滿喜歡兄妹類型的 隨便丟一張圖",虐心,False,職場,0.6329633823218205,0.2531853529287282
q22,"就是不後宮不NTR純純的戀愛作品 虐也行 比較希望校園類 其他類型也可以介紹看看 最近看一堆異世界後宮戰鬥有點膩了......
還有兄妹的作品 滿喜歡兄妹類型的 隨便丟一張圖",虐心,False,推理,0.6551026346399039,0.2620410538559616
q22,"就是不後宮不NTR純純的戀愛作品 虐也行 比較希望校園類 其他類型也可以介紹看看 最近看一堆異世界後宮戰鬥有點膩了......
還有兄妹的作品 滿喜歡兄妹類型的 隨便丟一張圖",虐心,False,JC,0.6370432978220074,0.25481731912880295
q22,"就是不後宮不NTR純純的戀愛作品 虐也行 比較希望校園類 其他類型也可以介紹看看 最近看一堆異世界後宮戰鬥有點膩了......
還有兄妹的作品 滿喜歡兄妹類型的 隨便丟一張圖",虐心,False,宅文化,0.6274743655206141,0.25098974620824566
q22,"就是不後宮不NTR純純的戀愛作品 虐也行 比較希望校園類 其他類型也可以介紹看看 最近看一堆異世界後宮戰鬥有點膩了......
還有兄妹的作品 滿喜歡兄妹類型的 隨便丟一張圖",虐心,False,校園,0.6389120441673592,0.2555648176669437
q22,"就是不後宮不NTR純純的戀愛作品 虐也行 比較希望校園類 其他類型也可以介紹看看 最近看一堆異世界後宮戰鬥有點膩了......
還有兄妹的作品 滿喜歡兄妹類型的 隨便丟一張圖",虐心,False,同人,0.646011602419626,0.2584046409678504
q22,"就是不後宮不NTR純純的戀愛作品 虐也行 比較希望校園類 其他類型也可以介紹看看 最近看一堆異世界後宮戰鬥有點膩了......
還有兄妹的作品 滿喜歡兄妹類型的 隨便丟一張圖",虐心,False,NTR,0.6674543365584125,0.266981734623365
q22,"就是不後宮不NTR純純的戀愛作品 虐也行 比較希望校園類 其他類型也可以介紹看看 最近看一堆異世界後宮戰鬥有點膩了......
還有兄妹的作品 滿喜歡兄妹類型的 隨便丟一張圖",虐心,False,異能,0.6314930675129269,0.2525972270051708
q22,"就是不後宮不NTR純純的戀愛作品 虐也行 比較希望校園類 其他類型也可以介紹看看 最近看一堆異世界後宮戰鬥有點膩了......
還有兄妹的作品 滿喜歡兄妹類型的 隨便丟一張圖",虐心,False,病嬌,0.6728132867737509,0.26912531470950035
q22,"就是不後宮不NTR純純的戀愛作品 虐也行 比較希望校園類 其他類型也可以介紹看看 最近看一堆異世界後宮戰鬥有點膩了......
還有兄妹的作品 滿喜歡兄妹類型的 隨便丟一張圖",虐心,False,音樂,0.6486559386731543,0.2594623754692617
q22,"就是不後宮不NTR純純的戀愛作品 虐也行 比較希望校園類 其他類型也可以介紹看看 最近看一堆異世界後宮戰鬥有點膩了......
還有兄妹的作品 滿喜歡兄妹類型的 隨便丟一張圖",虐心,False,戰爭,0.6359189070255802,0.2543675628102321
q22,"就是不後宮不NTR純純的戀愛作品 虐也行 比較希望校園類 其他類型也可以介紹看看 最近看一堆異世界後宮戰鬥有點膩了......
還有兄妹的作品 滿喜歡兄妹類型的 隨便丟一張圖",虐心,False,熱血,0.6459167698201459,0.2583667079280584
q22,"就是不後宮不NTR純純的戀愛作品 虐也行 比較希望校園類 其他類型也可以介紹看看 最近看一堆異世界後宮戰鬥有點膩了......
還有兄妹的作品 滿喜歡兄妹類型的 隨便丟一張圖",虐心,False,冒險,0.6210782545297291,0.24843130181189166
q22,"就是不後宮不NTR純純的戀愛作品 虐也行 比較希望校園類 其他類型也可以介紹看看 最近看一堆異世界後宮戰鬥有點膩了......
還有兄妹的作品 滿喜歡兄妹類型的 隨便丟一張圖",虐心,False,大小姐,0.6209287781001478,0.24837151124005913
q22,"就是不後宮不NTR純純的戀愛作品 虐也行 比較希望校園類 其他類型也可以介紹看看 最近看一堆異世界後宮戰鬥有點膩了......
還有兄妹的作品 滿喜歡兄妹類型的 隨便丟一張圖",虐心,False,女兒,0.6229737467582465,0.2491894987032986
q22,"就是不後宮不NTR純純的戀愛作品 虐也行 比較希望校園類 其他類型也可以介紹看看 最近看一堆異世界後宮戰鬥有點膩了......
還有兄妹的作品 滿喜歡兄妹類型的 隨便丟一張圖",虐心,False,人外,0.6543782892278255,0.2617513156911302
q22,"就是不後宮不NTR純純的戀愛作品 虐也行 比較希望校園類 其他類型也可以介紹看看 最近看一堆異世界後宮戰鬥有點膩了......
還有兄妹的作品 滿喜歡兄妹類型的 隨便丟一張圖",虐心,False,美食,0.6154022849457781,0.24616091397831125
q22,"就是不後宮不NTR純純的戀愛作品 虐也行 比較希望校園類 其他類型也可以介紹看看 最近看一堆異世界後宮戰鬥有點膩了......
還有兄妹的作品 滿喜歡兄妹類型的 隨便丟一張圖",虐心,False,異世界,0.638753943261661,0.25550157730466444
q22,"就是不後宮不NTR純純的戀愛作品 虐也行 比較希望校園類 其他類型也可以介紹看看 最近看一堆異世界後宮戰鬥有點膩了......
還有兄妹的作品 滿喜歡兄妹類型的 隨便丟一張圖",虐心,False,懸疑,0.665067328527732,0.2660269314110928
q20,本人喜歡偏重人物心理描寫、人物互動和角色變化的作品，較偏執在人物塑造和刻劃上。劇情不要求設計得有多精妙，不影響觀感就好，就算是平鋪直述的也行。節奏快慢無妨，掌握恰當即可。本人對於自己的閱讀能力還算有信心，文字量稍微過多也沒差。大忌是拿膚淺粗俗爛造的刻板僵化人物作為行銷點。,人物心理描寫,False,大逃殺,0.6215108749804965,0.2486043499921986
q20,本人喜歡偏重人物心理描寫、人物互動和角色變化的作品，較偏執在人物塑造和刻劃上。劇情不要求設計得有多精妙，不影響觀感就好，就算是平鋪直述的也行。節奏快慢無妨，掌握恰當即可。本人對於自己的閱讀能力還算有信心，文字量稍微過多也沒差。大忌是拿膚淺粗俗爛造的刻板僵化人物作為行銷點。,人物心理描寫,False,戀愛,0.6645421696671172,0.2658168678668469
q20,本人喜歡偏重人物心理描寫、人物互動和角色變化的作品，較偏執在人物塑造和刻劃上。劇情不要求設計得有多精妙，不影響觀感就好，就算是平鋪直述的也行。節奏快慢無妨，掌握恰當即可。本人對於自己的閱讀能力還算有信心，文字量稍微過多也沒差。大忌是拿膚淺粗俗爛造的刻板僵化人物作為行銷點。,人物心理描寫,False,犯罪,0.6444019263146229,0.25776077052584917
q20,本人喜歡偏重人物心理描寫、人物互動和角色變化的作品，較偏執在人物塑造和刻劃上。劇情不要求設計得有多精妙，不影響觀感就好，就算是平鋪直述的也行。節奏快慢無妨，掌握恰當即可。本人對於自己的閱讀能力還算有信心，文字量稍微過多也沒差。大忌是拿膚淺粗俗爛造的刻板僵化人物作為行銷點。,人物心理描寫,False,鬥智,0.6508240230000386,0.26032960920001547
q20,本人喜歡偏重人物心理描寫、人物互動和角色變化的作品，較偏執在人物塑造和刻劃上。劇情不要求設計得有多精妙，不影響觀感就好，就算是平鋪直述的也行。節奏快慢無妨，掌握恰當即可。本人對於自己的閱讀能力還算有信心，文字量稍微過多也沒差。大忌是拿膚淺粗俗爛造的刻板僵化人物作為行銷點。,人物心理描寫,False,科幻,0.6518856513415663,0.26075426053662654
q20,本人喜歡偏重人物心理描寫、人物互動和角色變化的作品，較偏執在人物塑造和刻劃上。劇情不要求設計得有多精妙，不影響觀感就好，就算是平鋪直述的也行。節奏快慢無妨，掌握恰當即可。本人對於自己的閱讀能力還算有信心，文字量稍微過多也沒差。大忌是拿膚淺粗俗爛造的刻板僵化人物作為行銷點。,人物心理描寫,False,百合,0.6454701334861661,0.25818805339446643
q20,本人喜歡偏重人物心理描寫、人物互動和角色變化的作品，較偏執在人物塑造和刻劃上。劇情不要求設計得有多精妙，不影響觀感就好，就算是平鋪直述的也行。節奏快慢無妨，掌握恰當即可。本人對於自己的閱讀能力還算有信心，文字量稍微過多也沒差。大忌是拿膚淺粗俗爛造的刻板僵化人物作為行銷點。,人物心理描寫,False,轉生,0.6327019795229722,0.2530807918091889
q20,本人喜歡偏重人物心理描寫、人物互動和角色變化的作品，較偏執在人物塑造和刻劃上。劇情不要求設計得有多精妙，不影響觀感就好，就算是平鋪直述的也行。節奏快慢無妨，掌握恰當即可。本人對於自己的閱讀能力還算有信心，文字量稍微過多也沒差。大忌是拿膚淺粗俗爛造的刻板僵化人物作為行銷點。,人物心理描寫,False,治癒,0.6615918533146391,0.26463674132585563
q20,本人喜歡偏重人物心理描寫、人物互動和角色變化的作品，較偏執在人物塑造和刻劃上。劇情不要求設計得有多精妙，不影響觀感就好，就算是平鋪直述的也行。節奏快慢無妨，掌握恰當即可。本人對於自己的閱讀能力還算有信心，文字量稍微過多也沒差。大忌是拿膚淺粗俗爛造的刻板僵化人物作為行銷點。,人物心理描寫,False,青梅竹馬,0.6387435488523912,0.25549741954095645
q20,本人喜歡偏重人物心理描寫、人物互動和角色變化的作品，較偏執在人物塑造和刻劃上。劇情不要求設計得有多精妙，不影響觀感就好，就算是平鋪直述的也行。節奏快慢無妨，掌握恰當即可。本人對於自己的閱讀能力還算有信心，文字量稍微過多也沒差。大忌是拿膚淺粗俗爛造的刻板僵化人物作為行銷點。,人物心理描寫,False,女性視角,0.6780377461120769,0.27121509844483077
q20,本人喜歡偏重人物心理描寫、人物互動和角色變化的作品，較偏執在人物塑造和刻劃上。劇情不要求設計得有多精妙，不影響觀感就好，就算是平鋪直述的也行。節奏快慢無妨，掌握恰當即可。本人對於自己的閱讀能力還算有信心，文字量稍微過多也沒差。大忌是拿膚淺粗俗爛造的刻板僵化人物作為行銷點。,人物心理描寫,False,性轉,0.6363775405739681,0.25455101622958726
q20,本人喜歡偏重人物心理描寫、人物互動和角色變化的作品，較偏執在人物塑造和刻劃上。劇情不要求設計得有多精妙，不影響觀感就好，就算是平鋪直述的也行。節奏快慢無妨，掌握恰當即可。本人對於自己的閱讀能力還算有信心，文字量稍微過多也沒差。大忌是拿膚淺粗俗爛造的刻板僵化人物作為行銷點。,人物心理描寫,False,溫馨,0.6725933380313909,0.26903733521255635
q20,本人喜歡偏重人物心理描寫、人物互動和角色變化的作品，較偏執在人物塑造和刻劃上。劇情不要求設計得有多精妙，不影響觀感就好，就算是平鋪直述的也行。節奏快慢無妨，掌握恰當即可。本人對於自己的閱讀能力還算有信心，文字量稍微過多也沒差。大忌是拿膚淺粗俗爛造的刻板僵化人物作為行銷點。,人物心理描寫,False,經營,0.6279595979628522,0.25118383918514087
q20,本人喜歡偏重人物心理描寫、人物互動和角色變化的作品，較偏執在人物塑造和刻劃上。劇情不要求設計得有多精妙，不影響觀感就好，就算是平鋪直述的也行。節奏快慢無妨，掌握恰當即可。本人對於自己的閱讀能力還算有信心，文字量稍微過多也沒差。大忌是拿膚淺粗俗爛造的刻板僵化人物作為行銷點。,人物心理描寫,False,獵奇,0.6551601862383213,0.26206407449532854
q20,本人喜歡偏重人物心理描寫、人物互動和角色變化的作品，較偏執在人物塑造和刻劃上。劇情不要求設計得有多精妙，不影響觀感就好，就算是平鋪直述的也行。節奏快慢無妨，掌握恰當即可。本人對於自己的閱讀能力還算有信心，文字量稍微過多也沒差。大忌是拿膚淺粗俗爛造的刻板僵化人物作為行銷點。,人物心理描寫,False,復仇,0.7132715311740843,0.28530861246963374
q20,本人喜歡偏重人物心理描寫、人物互動和角色變化的作品，較偏執在人物塑造和刻劃上。劇情不要求設計得有多精妙，不影響觀感就好，就算是平鋪直述的也行。節奏快慢無妨，掌握恰當即可。本人對於自己的閱讀能力還算有信心，文字量稍微過多也沒差。大忌是拿膚淺粗俗爛造的刻板僵化人物作為行銷點。,人物心理描寫,False,黑暗,0.6629510685853317,0.26518042743413267
q20,本人喜歡偏重人物心理描寫、人物互動和角色變化的作品，較偏執在人物塑造和刻劃上。劇情不要求設計得有多精妙，不影響觀感就好，就算是平鋪直述的也行。節奏快慢無妨，掌握恰當即可。本人對於自己的閱讀能力還算有信心，文字量稍微過多也沒差。大忌是拿膚淺粗俗爛造的刻板僵化人物作為行銷點。,人物心理描寫,False,末日,0.6261784818537972,0.2504713927415189
q20,本人喜歡偏重人物心理描寫、人物互動和角色變化的作品，較偏執在人物塑造和刻劃上。劇情不要求設計得有多精妙，不影響觀感就好，就算是平鋪直述的也行。節奏快慢無妨，掌握恰當即可。本人對於自己的閱讀能力還算有信心，文字量稍微過多也沒差。大忌是拿膚淺粗俗爛造的刻板僵化人物作為行銷點。,人物心理描寫,False,遊戲,0.7022491740952065,0.2808996696380826
q20,本人喜歡偏重人物心理描寫、人物互動和角色變化的作品，較偏執在人物塑造和刻劃上。劇情不要求設計得有多精妙，不影響觀感就好，就算是平鋪直述的也行。節奏快慢無妨，掌握恰當即可。本人對於自己的閱讀能力還算有信心，文字量稍微過多也沒差。大忌是拿膚淺粗俗爛造的刻板僵化人物作為行銷點。,人物心理描寫,False,戰鬥,0.618231664355248,0.2472926657420992
q20,本人喜歡偏重人物心理描寫、人物互動和角色變化的作品，較偏執在人物塑造和刻劃上。劇情不要求設計得有多精妙，不影響觀感就好，就算是平鋪直述的也行。節奏快慢無妨，掌握恰當即可。本人對於自己的閱讀能力還算有信心，文字量稍微過多也沒差。大忌是拿膚淺粗俗爛造的刻板僵化人物作為行銷點。,人物心理描寫,False,青春,0.6466222162216776,0.25864888648867107
q20,本人喜歡偏重人物心理描寫、人物互動和角色變化的作品，較偏執在人物塑造和刻劃上。劇情不要求設計得有多精妙，不影響觀感就好，就算是平鋪直述的也行。節奏快慢無妨，掌握恰當即可。本人對於自己的閱讀能力還算有信心，文字量稍微過多也沒差。大忌是拿膚淺粗俗爛造的刻板僵化人物作為行銷點。,人物心理描寫,False,群像,0.6735714699734184,0.26942858798936736
q20,本人喜歡偏重人物心理描寫、人物互動和角色變化的作品，較偏執在人物塑造和刻劃上。劇情不要求設計得有多精妙，不影響觀感就好，就算是平鋪直述的也行。節奏快慢無妨，掌握恰當即可。本人對於自己的閱讀能力還算有信心，文字量稍微過多也沒差。大忌是拿膚淺粗俗爛造的刻板僵化人物作為行銷點。,人物心理描寫,False,歡樂向,0.6649274990436194,0.26597099961744775
q20,本人喜歡偏重人物心理描寫、人物互動和角色變化的作品，較偏執在人物塑造和刻劃上。劇情不要求設計得有多精妙，不影響觀感就好，就算是平鋪直述的也行。節奏快慢無妨，掌握恰當即可。本人對於自己的閱讀能力還算有信心，文字量稍微過多也沒差。大忌是拿膚淺粗俗爛造的刻板僵化人物作為行銷點。,人物心理描寫,False,旅行,0.6453985224448496,0.2581594089779399
q20,本人喜歡偏重人物心理描寫、人物互動和角色變化的作品，較偏執在人物塑造和刻劃上。劇情不要求設計得有多精妙，不影響觀感就好，就算是平鋪直述的也行。節奏快慢無妨，掌握恰當即可。本人對於自己的閱讀能力還算有信心，文字量稍微過多也沒差。大忌是拿膚淺粗俗爛造的刻板僵化人物作為行銷點。,人物心理描寫,False,惡役,0.6353570772341194,0.25414283089364775
q20,本人喜歡偏重人物心理描寫、人物互動和角色變化的作品，較偏執在人物塑造和刻劃上。劇情不要求設計得有多精妙，不影響觀感就好，就算是平鋪直述的也行。節奏快慢無妨，掌握恰當即可。本人對於自己的閱讀能力還算有信心，文字量稍微過多也沒差。大忌是拿膚淺粗俗爛造的刻板僵化人物作為行銷點。,人物心理描寫,False,蘿莉,0.6334253003342558,0.25337012013370236
q20,本人喜歡偏重人物心理描寫、人物互動和角色變化的作品，較偏執在人物塑造和刻劃上。劇情不要求設計得有多精妙，不影響觀感就好，就算是平鋪直述的也行。節奏快慢無妨，掌握恰當即可。本人對於自己的閱讀能力還算有信心，文字量稍微過多也沒差。大忌是拿膚淺粗俗爛造的刻板僵化人物作為行銷點。,人物心理描寫,False,機戰,0.6238192722825678,0.24952770891302714
q20,本人喜歡偏重人物心理描寫、人物互動和角色變化的作品，較偏執在人物塑造和刻劃上。劇情不要求設計得有多精妙，不影響觀感就好，就算是平鋪直述的也行。節奏快慢無妨，掌握恰當即可。本人對於自己的閱讀能力還算有信心，文字量稍微過多也沒差。大忌是拿膚淺粗俗爛造的刻板僵化人物作為行銷點。,人物心理描寫,False,驚悚,0.6646754611101288,0.2658701844440515
q20,本人喜歡偏重人物心理描寫、人物互動和角色變化的作品，較偏執在人物塑造和刻劃上。劇情不要求設計得有多精妙，不影響觀感就好，就算是平鋪直述的也行。節奏快慢無妨，掌握恰當即可。本人對於自己的閱讀能力還算有信心，文字量稍微過多也沒差。大忌是拿膚淺粗俗爛造的刻板僵化人物作為行銷點。,人物心理描寫,False,奇幻,0.6423589988503247,0.25694359954012985
q20,本人喜歡偏重人物心理描寫、人物互動和角色變化的作品，較偏執在人物塑造和刻劃上。劇情不要求設計得有多精妙，不影響觀感就好，就算是平鋪直述的也行。節奏快慢無妨，掌握恰當即可。本人對於自己的閱讀能力還算有信心，文字量稍微過多也沒差。大忌是拿膚淺粗俗爛造的刻板僵化人物作為行銷點。,人物心理描寫,False,JK,0.658671141884387,0.2634684567537548
q20,本人喜歡偏重人物心理描寫、人物互動和角色變化的作品，較偏執在人物塑造和刻劃上。劇情不要求設計得有多精妙，不影響觀感就好，就算是平鋪直述的也行。節奏快慢無妨，掌握恰當即可。本人對於自己的閱讀能力還算有信心，文字量稍微過多也沒差。大忌是拿膚淺粗俗爛造的刻板僵化人物作為行銷點。,人物心理描寫,False,後宮,0.6436705475087952,0.2574682190035181
q20,本人喜歡偏重人物心理描寫、人物互動和角色變化的作品，較偏執在人物塑造和刻劃上。劇情不要求設計得有多精妙，不影響觀感就好，就算是平鋪直述的也行。節奏快慢無妨，掌握恰當即可。本人對於自己的閱讀能力還算有信心，文字量稍微過多也沒差。大忌是拿膚淺粗俗爛造的刻板僵化人物作為行銷點。,人物心理描寫,False,耽美,0.6744691361790185,0.2697876544716074
q20,本人喜歡偏重人物心理描寫、人物互動和角色變化的作品，較偏執在人物塑造和刻劃上。劇情不要求設計得有多精妙，不影響觀感就好，就算是平鋪直述的也行。節奏快慢無妨，掌握恰當即可。本人對於自己的閱讀能力還算有信心，文字量稍微過多也沒差。大忌是拿膚淺粗俗爛造的刻板僵化人物作為行銷點。,人物心理描寫,False,妹妹,0.6251142589889165,0.2500457035955666
q20,本人喜歡偏重人物心理描寫、人物互動和角色變化的作品，較偏執在人物塑造和刻劃上。劇情不要求設計得有多精妙，不影響觀感就好，就算是平鋪直述的也行。節奏快慢無妨，掌握恰當即可。本人對於自己的閱讀能力還算有信心，文字量稍微過多也沒差。大忌是拿膚淺粗俗爛造的刻板僵化人物作為行銷點。,人物心理描寫,False,龍傲天,0.615196828220856,0.2460787312883424
q20,本人喜歡偏重人物心理描寫、人物互動和角色變化的作品，較偏執在人物塑造和刻劃上。劇情不要求設計得有多精妙，不影響觀感就好，就算是平鋪直述的也行。節奏快慢無妨，掌握恰當即可。本人對於自己的閱讀能力還算有信心，文字量稍微過多也沒差。大忌是拿膚淺粗俗爛造的刻板僵化人物作為行銷點。,人物心理描寫,False,職場,0.6481934746512661,0.25927738986050647
q20,本人喜歡偏重人物心理描寫、人物互動和角色變化的作品，較偏執在人物塑造和刻劃上。劇情不要求設計得有多精妙，不影響觀感就好，就算是平鋪直述的也行。節奏快慢無妨，掌握恰當即可。本人對於自己的閱讀能力還算有信心，文字量稍微過多也沒差。大忌是拿膚淺粗俗爛造的刻板僵化人物作為行銷點。,人物心理描寫,False,推理,0.6664753633618098,0.2665901453447239
q20,本人喜歡偏重人物心理描寫、人物互動和角色變化的作品，較偏執在人物塑造和刻劃上。劇情不要求設計得有多精妙，不影響觀感就好，就算是平鋪直述的也行。節奏快慢無妨，掌握恰當即可。本人對於自己的閱讀能力還算有信心，文字量稍微過多也沒差。大忌是拿膚淺粗俗爛造的刻板僵化人物作為行銷點。,人物心理描寫,False,腦洞,0.645593010443088,0.2582372041772352
q20,本人喜歡偏重人物心理描寫、人物互動和角色變化的作品，較偏執在人物塑造和刻劃上。劇情不要求設計得有多精妙，不影響觀感就好，就算是平鋪直述的也行。節奏快慢無妨，掌握恰當即可。本人對於自己的閱讀能力還算有信心，文字量稍微過多也沒差。大忌是拿膚淺粗俗爛造的刻板僵化人物作為行銷點。,人物心理描寫,False,JC,0.6524951268832324,0.26099805075329296
q20,本人喜歡偏重人物心理描寫、人物互動和角色變化的作品，較偏執在人物塑造和刻劃上。劇情不要求設計得有多精妙，不影響觀感就好，就算是平鋪直述的也行。節奏快慢無妨，掌握恰當即可。本人對於自己的閱讀能力還算有信心，文字量稍微過多也沒差。大忌是拿膚淺粗俗爛造的刻板僵化人物作為行銷點。,人物心理描寫,False,宅文化,0.6262178164494341,0.2504871265797736
q20,本人喜歡偏重人物心理描寫、人物互動和角色變化的作品，較偏執在人物塑造和刻劃上。劇情不要求設計得有多精妙，不影響觀感就好，就算是平鋪直述的也行。節奏快慢無妨，掌握恰當即可。本人對於自己的閱讀能力還算有信心，文字量稍微過多也沒差。大忌是拿膚淺粗俗爛造的刻板僵化人物作為行銷點。,人物心理描寫,False,校園,0.642442782753539,0.25697711310141563
q20,本人喜歡偏重人物心理描寫、人物互動和角色變化的作品，較偏執在人物塑造和刻劃上。劇情不要求設計得有多精妙，不影響觀感就好，就算是平鋪直述的也行。節奏快慢無妨，掌握恰當即可。本人對於自己的閱讀能力還算有信心，文字量稍微過多也沒差。大忌是拿膚淺粗俗爛造的刻板僵化人物作為行銷點。,人物心理描寫,False,同人,0.6421733516356374,0.256869340654255
q20,本人喜歡偏重人物心理描寫、人物互動和角色變化的作品，較偏執在人物塑造和刻劃上。劇情不要求設計得有多精妙，不影響觀感就好，就算是平鋪直述的也行。節奏快慢無妨，掌握恰當即可。本人對於自己的閱讀能力還算有信心，文字量稍微過多也沒差。大忌是拿膚淺粗俗爛造的刻板僵化人物作為行銷點。,人物心理描寫,False,偽娘,0.6224950370159394,0.2489980148063758
q20,本人喜歡偏重人物心理描寫、人物互動和角色變化的作品，較偏執在人物塑造和刻劃上。劇情不要求設計得有多精妙，不影響觀感就好，就算是平鋪直述的也行。節奏快慢無妨，掌握恰當即可。本人對於自己的閱讀能力還算有信心，文字量稍微過多也沒差。大忌是拿膚淺粗俗爛造的刻板僵化人物作為行銷點。,人物心理描寫,False,NTR,0.6476962582478767,0.25907850329915066
q20,本人喜歡偏重人物心理描寫、人物互動和角色變化的作品，較偏執在人物塑造和刻劃上。劇情不要求設計得有多精妙，不影響觀感就好，就算是平鋪直述的也行。節奏快慢無妨，掌握恰當即可。本人對於自己的閱讀能力還算有信心，文字量稍微過多也沒差。大忌是拿膚淺粗俗爛造的刻板僵化人物作為行銷點。,人物心理描寫,False,異能,0.6443062121698014,0.2577224848679206
q20,本人喜歡偏重人物心理描寫、人物互動和角色變化的作品，較偏執在人物塑造和刻劃上。劇情不要求設計得有多精妙，不影響觀感就好，就算是平鋪直述的也行。節奏快慢無妨，掌握恰當即可。本人對於自己的閱讀能力還算有信心，文字量稍微過多也沒差。大忌是拿膚淺粗俗爛造的刻板僵化人物作為行銷點。,人物心理描寫,False,病嬌,0.6588229060285782,0.26352916241143126
q20,本人喜歡偏重人物心理描寫、人物互動和角色變化的作品，較偏執在人物塑造和刻劃上。劇情不要求設計得有多精妙，不影響觀感就好，就算是平鋪直述的也行。節奏快慢無妨，掌握恰當即可。本人對於自己的閱讀能力還算有信心，文字量稍微過多也沒差。大忌是拿膚淺粗俗爛造的刻板僵化人物作為行銷點。,人物心理描寫,False,音樂,0.6416673305678682,0.25666693222714726
q20,本人喜歡偏重人物心理描寫、人物互動和角色變化的作品，較偏執在人物塑造和刻劃上。劇情不要求設計得有多精妙，不影響觀感就好，就算是平鋪直述的也行。節奏快慢無妨，掌握恰當即可。本人對於自己的閱讀能力還算有信心，文字量稍微過多也沒差。大忌是拿膚淺粗俗爛造的刻板僵化人物作為行銷點。,人物心理描寫,False,戰爭,0.6299353465232554,0.2519741386093022
q20,本人喜歡偏重人物心理描寫、人物互動和角色變化的作品，較偏執在人物塑造和刻劃上。劇情不要求設計得有多精妙，不影響觀感就好，就算是平鋪直述的也行。節奏快慢無妨，掌握恰當即可。本人對於自己的閱讀能力還算有信心，文字量稍微過多也沒差。大忌是拿膚淺粗俗爛造的刻板僵化人物作為行銷點。,人物心理描寫,False,熱血,0.6280167779934913,0.2512067111973965
q20,本人喜歡偏重人物心理描寫、人物互動和角色變化的作品，較偏執在人物塑造和刻劃上。劇情不要求設計得有多精妙，不影響觀感就好，就算是平鋪直述的也行。節奏快慢無妨，掌握恰當即可。本人對於自己的閱讀能力還算有信心，文字量稍微過多也沒差。大忌是拿膚淺粗俗爛造的刻板僵化人物作為行銷點。,人物心理描寫,False,間諜,0.6199984927088268,0.24799939708353072
q20,本人喜歡偏重人物心理描寫、人物互動和角色變化的作品，較偏執在人物塑造和刻劃上。劇情不要求設計得有多精妙，不影響觀感就好，就算是平鋪直述的也行。節奏快慢無妨，掌握恰當即可。本人對於自己的閱讀能力還算有信心，文字量稍微過多也沒差。大忌是拿膚淺粗俗爛造的刻板僵化人物作為行銷點。,人物心理描寫,False,冒險,0.6366513637214105,0.2546605454885642
q20,本人喜歡偏重人物心理描寫、人物互動和角色變化的作品，較偏執在人物塑造和刻劃上。劇情不要求設計得有多精妙，不影響觀感就好，就算是平鋪直述的也行。節奏快慢無妨，掌握恰當即可。本人對於自己的閱讀能力還算有信心，文字量稍微過多也沒差。大忌是拿膚淺粗俗爛造的刻板僵化人物作為行銷點。,人物心理描寫,False,大小姐,0.6296536316889426,0.2518614526755771
q20,本人喜歡偏重人物心理描寫、人物互動和角色變化的作品，較偏執在人物塑造和刻劃上。劇情不要求設計得有多精妙，不影響觀感就好，就算是平鋪直述的也行。節奏快慢無妨，掌握恰當即可。本人對於自己的閱讀能力還算有信心，文字量稍微過多也沒差。大忌是拿膚淺粗俗爛造的刻板僵化人物作為行銷點。,人物心理描寫,False,女兒,0.6187232676436338,0.24748930705745353
q20,本人喜歡偏重人物心理描寫、人物互動和角色變化的作品，較偏執在人物塑造和刻劃上。劇情不要求設計得有多精妙，不影響觀感就好，就算是平鋪直述的也行。節奏快慢無妨，掌握恰當即可。本人對於自己的閱讀能力還算有信心，文字量稍微過多也沒差。大忌是拿膚淺粗俗爛造的刻板僵化人物作為行銷點。,人物心理描寫,False,人外,0.6609954904183499,0.26439819616734
q20,本人喜歡偏重人物心理描寫、人物互動和角色變化的作品，較偏執在人物塑造和刻劃上。劇情不要求設計得有多精妙，不影響觀感就好，就算是平鋪直述的也行。節奏快慢無妨，掌握恰當即可。本人對於自己的閱讀能力還算有信心，文字量稍微過多也沒差。大忌是拿膚淺粗俗爛造的刻板僵化人物作為行銷點。,人物心理描寫,False,美食,0.6115062129764032,0.24460248519056127
q20,本人喜歡偏重人物心理描寫、人物互動和角色變化的作品，較偏執在人物塑造和刻劃上。劇情不要求設計得有多精妙，不影響觀感就好，就算是平鋪直述的也行。節奏快慢無妨，掌握恰當即可。本人對於自己的閱讀能力還算有信心，文字量稍微過多也沒差。大忌是拿膚淺粗俗爛造的刻板僵化人物作為行銷點。,人物心理描寫,False,異世界,0.6294657151095399,0.251786286043816
q20,本人喜歡偏重人物心理描寫、人物互動和角色變化的作品，較偏執在人物塑造和刻劃上。劇情不要求設計得有多精妙，不影響觀感就好，就算是平鋪直述的也行。節奏快慢無妨，掌握恰當即可。本人對於自己的閱讀能力還算有信心，文字量稍微過多也沒差。大忌是拿膚淺粗俗爛造的刻板僵化人物作為行銷點。,人物心理描寫,False,懸疑,0.6779297983953694,0.2711719193581478
q20,本人喜歡偏重人物心理描寫、人物互動和角色變化的作品，較偏執在人物塑造和刻劃上。劇情不要求設計得有多精妙，不影響觀感就好，就算是平鋪直述的也行。節奏快慢無妨，掌握恰當即可。本人對於自己的閱讀能力還算有信心，文字量稍微過多也沒差。大忌是拿膚淺粗俗爛造的刻板僵化人物作為行銷點。,人物互動,False,競技,0.6360973467282078,0.25443893869128315
q20,本人喜歡偏重人物心理描寫、人物互動和角色變化的作品，較偏執在人物塑造和刻劃上。劇情不要求設計得有多精妙，不影響觀感就好，就算是平鋪直述的也行。節奏快慢無妨，掌握恰當即可。本人對於自己的閱讀能力還算有信心，文字量稍微過多也沒差。大忌是拿膚淺粗俗爛造的刻板僵化人物作為行銷點。,人物互動,False,鬥智,0.66386387251565,0.26554554900626004
q20,本人喜歡偏重人物心理描寫、人物互動和角色變化的作品，較偏執在人物塑造和刻劃上。劇情不要求設計得有多精妙，不影響觀感就好，就算是平鋪直述的也行。節奏快慢無妨，掌握恰當即可。本人對於自己的閱讀能力還算有信心，文字量稍微過多也沒差。大忌是拿膚淺粗俗爛造的刻板僵化人物作為行銷點。,人物互動,False,科幻,0.6636933931037433,0.26547735724149735
q20,本人喜歡偏重人物心理描寫、人物互動和角色變化的作品，較偏執在人物塑造和刻劃上。劇情不要求設計得有多精妙，不影響觀感就好，就算是平鋪直述的也行。節奏快慢無妨，掌握恰當即可。本人對於自己的閱讀能力還算有信心，文字量稍微過多也沒差。大忌是拿膚淺粗俗爛造的刻板僵化人物作為行銷點。,人物互動,False,格鬥,0.6333823689602538,0.25335294758410154
q20,本人喜歡偏重人物心理描寫、人物互動和角色變化的作品，較偏執在人物塑造和刻劃上。劇情不要求設計得有多精妙，不影響觀感就好，就算是平鋪直述的也行。節奏快慢無妨，掌握恰當即可。本人對於自己的閱讀能力還算有信心，文字量稍微過多也沒差。大忌是拿膚淺粗俗爛造的刻板僵化人物作為行銷點。,人物互動,False,百合,0.6773005186623753,0.2709202074649501
q20,本人喜歡偏重人物心理描寫、人物互動和角色變化的作品，較偏執在人物塑造和刻劃上。劇情不要求設計得有多精妙，不影響觀感就好，就算是平鋪直述的也行。節奏快慢無妨，掌握恰當即可。本人對於自己的閱讀能力還算有信心，文字量稍微過多也沒差。大忌是拿膚淺粗俗爛造的刻板僵化人物作為行銷點。,人物互動,False,治癒,0.6636041819170351,0.265441672766814
q20,本人喜歡偏重人物心理描寫、人物互動和角色變化的作品，較偏執在人物塑造和刻劃上。劇情不要求設計得有多精妙，不影響觀感就好，就算是平鋪直述的也行。節奏快慢無妨，掌握恰當即可。本人對於自己的閱讀能力還算有信心，文字量稍微過多也沒差。大忌是拿膚淺粗俗爛造的刻板僵化人物作為行銷點。,人物互動,False,性轉,0.6572223329782491,0.26288893319129963
q20,本人喜歡偏重人物心理描寫、人物互動和角色變化的作品，較偏執在人物塑造和刻劃上。劇情不要求設計得有多精妙，不影響觀感就好，就算是平鋪直述的也行。節奏快慢無妨，掌握恰當即可。本人對於自己的閱讀能力還算有信心，文字量稍微過多也沒差。大忌是拿膚淺粗俗爛造的刻板僵化人物作為行銷點。,人物互動,False,獵奇,0.6582017651077454,0.26328070604309817
q20,本人喜歡偏重人物心理描寫、人物互動和角色變化的作品，較偏執在人物塑造和刻劃上。劇情不要求設計得有多精妙，不影響觀感就好，就算是平鋪直述的也行。節奏快慢無妨，掌握恰當即可。本人對於自己的閱讀能力還算有信心，文字量稍微過多也沒差。大忌是拿膚淺粗俗爛造的刻板僵化人物作為行銷點。,人物互動,False,末日,0.6307649936981053,0.25230599747924215
q20,本人喜歡偏重人物心理描寫、人物互動和角色變化的作品，較偏執在人物塑造和刻劃上。劇情不要求設計得有多精妙，不影響觀感就好，就算是平鋪直述的也行。節奏快慢無妨，掌握恰當即可。本人對於自己的閱讀能力還算有信心，文字量稍微過多也沒差。大忌是拿膚淺粗俗爛造的刻板僵化人物作為行銷點。,人物互動,False,遊戲,0.6470560902066941,0.25882243608267763
q20,本人喜歡偏重人物心理描寫、人物互動和角色變化的作品，較偏執在人物塑造和刻劃上。劇情不要求設計得有多精妙，不影響觀感就好，就算是平鋪直述的也行。節奏快慢無妨，掌握恰當即可。本人對於自己的閱讀能力還算有信心，文字量稍微過多也沒差。大忌是拿膚淺粗俗爛造的刻板僵化人物作為行銷點。,人物互動,False,青春,0.6451958472136383,0.25807833888545534
q20,本人喜歡偏重人物心理描寫、人物互動和角色變化的作品，較偏執在人物塑造和刻劃上。劇情不要求設計得有多精妙，不影響觀感就好，就算是平鋪直述的也行。節奏快慢無妨，掌握恰當即可。本人對於自己的閱讀能力還算有信心，文字量稍微過多也沒差。大忌是拿膚淺粗俗爛造的刻板僵化人物作為行銷點。,人物互動,False,旅行,0.6585752966693126,0.26343011866772503
q20,本人喜歡偏重人物心理描寫、人物互動和角色變化的作品，較偏執在人物塑造和刻劃上。劇情不要求設計得有多精妙，不影響觀感就好，就算是平鋪直述的也行。節奏快慢無妨，掌握恰當即可。本人對於自己的閱讀能力還算有信心，文字量稍微過多也沒差。大忌是拿膚淺粗俗爛造的刻板僵化人物作為行銷點。,人物互動,False,蘿莉,0.6525322679165882,0.26101290716663533
q20,本人喜歡偏重人物心理描寫、人物互動和角色變化的作品，較偏執在人物塑造和刻劃上。劇情不要求設計得有多精妙，不影響觀感就好，就算是平鋪直述的也行。節奏快慢無妨，掌握恰當即可。本人對於自己的閱讀能力還算有信心，文字量稍微過多也沒差。大忌是拿膚淺粗俗爛造的刻板僵化人物作為行銷點。,人物互動,False,JK,0.6696178968952614,0.26784715875810455
q20,本人喜歡偏重人物心理描寫、人物互動和角色變化的作品，較偏執在人物塑造和刻劃上。劇情不要求設計得有多精妙，不影響觀感就好，就算是平鋪直述的也行。節奏快慢無妨，掌握恰當即可。本人對於自己的閱讀能力還算有信心，文字量稍微過多也沒差。大忌是拿膚淺粗俗爛造的刻板僵化人物作為行銷點。,人物互動,False,後宮,0.6661860100081601,0.26647440400326405
q20,本人喜歡偏重人物心理描寫、人物互動和角色變化的作品，較偏執在人物塑造和刻劃上。劇情不要求設計得有多精妙，不影響觀感就好，就算是平鋪直述的也行。節奏快慢無妨，掌握恰當即可。本人對於自己的閱讀能力還算有信心，文字量稍微過多也沒差。大忌是拿膚淺粗俗爛造的刻板僵化人物作為行銷點。,人物互動,False,職場,0.6679070967587842,0.2671628387035137
q20,本人喜歡偏重人物心理描寫、人物互動和角色變化的作品，較偏執在人物塑造和刻劃上。劇情不要求設計得有多精妙，不影響觀感就好，就算是平鋪直述的也行。節奏快慢無妨，掌握恰當即可。本人對於自己的閱讀能力還算有信心，文字量稍微過多也沒差。大忌是拿膚淺粗俗爛造的刻板僵化人物作為行銷點。,人物互動,False,宅文化,0.6571289028821263,0.2628515611528505
q20,本人喜歡偏重人物心理描寫、人物互動和角色變化的作品，較偏執在人物塑造和刻劃上。劇情不要求設計得有多精妙，不影響觀感就好，就算是平鋪直述的也行。節奏快慢無妨，掌握恰當即可。本人對於自己的閱讀能力還算有信心，文字量稍微過多也沒差。大忌是拿膚淺粗俗爛造的刻板僵化人物作為行銷點。,人物互動,False,校園,0.656694809455587,0.2626779237822348
q20,本人喜歡偏重人物心理描寫、人物互動和角色變化的作品，較偏執在人物塑造和刻劃上。劇情不要求設計得有多精妙，不影響觀感就好，就算是平鋪直述的也行。節奏快慢無妨，掌握恰當即可。本人對於自己的閱讀能力還算有信心，文字量稍微過多也沒差。大忌是拿膚淺粗俗爛造的刻板僵化人物作為行銷點。,人物互動,False,同人,0.6825913186409776,0.273036527456391
q20,本人喜歡偏重人物心理描寫、人物互動和角色變化的作品，較偏執在人物塑造和刻劃上。劇情不要求設計得有多精妙，不影響觀感就好，就算是平鋪直述的也行。節奏快慢無妨，掌握恰當即可。本人對於自己的閱讀能力還算有信心，文字量稍微過多也沒差。大忌是拿膚淺粗俗爛造的刻板僵化人物作為行銷點。,人物互動,False,異能,0.6453906873953071,0.2581562749581229
q20,本人喜歡偏重人物心理描寫、人物互動和角色變化的作品，較偏執在人物塑造和刻劃上。劇情不要求設計得有多精妙，不影響觀感就好，就算是平鋪直述的也行。節奏快慢無妨，掌握恰當即可。本人對於自己的閱讀能力還算有信心，文字量稍微過多也沒差。大忌是拿膚淺粗俗爛造的刻板僵化人物作為行銷點。,人物互動,False,音樂,0.6549384220261217,0.2619753688104487
q20,本人喜歡偏重人物心理描寫、人物互動和角色變化的作品，較偏執在人物塑造和刻劃上。劇情不要求設計得有多精妙，不影響觀感就好，就算是平鋪直述的也行。節奏快慢無妨，掌握恰當即可。本人對於自己的閱讀能力還算有信心，文字量稍微過多也沒差。大忌是拿膚淺粗俗爛造的刻板僵化人物作為行銷點。,人物互動,False,間諜,0.629588794404081,0.25183551776163243
q20,本人喜歡偏重人物心理描寫、人物互動和角色變化的作品，較偏執在人物塑造和刻劃上。劇情不要求設計得有多精妙，不影響觀感就好，就算是平鋪直述的也行。節奏快慢無妨，掌握恰當即可。本人對於自己的閱讀能力還算有信心，文字量稍微過多也沒差。大忌是拿膚淺粗俗爛造的刻板僵化人物作為行銷點。,人物互動,False,大小姐,0.6523874954725082,0.2609549981890033
q20,本人喜歡偏重人物心理描寫、人物互動和角色變化的作品，較偏執在人物塑造和刻劃上。劇情不要求設計得有多精妙，不影響觀感就好，就算是平鋪直述的也行。節奏快慢無妨，掌握恰當即可。本人對於自己的閱讀能力還算有信心，文字量稍微過多也沒差。大忌是拿膚淺粗俗爛造的刻板僵化人物作為行銷點。,人物互動,False,魔法,0.6260790293101727,0.2504316117240691
q20,本人喜歡偏重人物心理描寫、人物互動和角色變化的作品，較偏執在人物塑造和刻劃上。劇情不要求設計得有多精妙，不影響觀感就好，就算是平鋪直述的也行。節奏快慢無妨，掌握恰當即可。本人對於自己的閱讀能力還算有信心，文字量稍微過多也沒差。大忌是拿膚淺粗俗爛造的刻板僵化人物作為行銷點。,人物互動,False,美食,0.630364568175216,0.25214582727008644
q20,本人喜歡偏重人物心理描寫、人物互動和角色變化的作品，較偏執在人物塑造和刻劃上。劇情不要求設計得有多精妙，不影響觀感就好，就算是平鋪直述的也行。節奏快慢無妨，掌握恰當即可。本人對於自己的閱讀能力還算有信心，文字量稍微過多也沒差。大忌是拿膚淺粗俗爛造的刻板僵化人物作為行銷點。,人物互動,False,大逃殺,0.6411409759329105,0.2564563903731642
q20,本人喜歡偏重人物心理描寫、人物互動和角色變化的作品，較偏執在人物塑造和刻劃上。劇情不要求設計得有多精妙，不影響觀感就好，就算是平鋪直述的也行。節奏快慢無妨，掌握恰當即可。本人對於自己的閱讀能力還算有信心，文字量稍微過多也沒差。大忌是拿膚淺粗俗爛造的刻板僵化人物作為行銷點。,人物互動,False,戀愛,0.685509035531321,0.2742036142125284
q20,本人喜歡偏重人物心理描寫、人物互動和角色變化的作品，較偏執在人物塑造和刻劃上。劇情不要求設計得有多精妙，不影響觀感就好，就算是平鋪直述的也行。節奏快慢無妨，掌握恰當即可。本人對於自己的閱讀能力還算有信心，文字量稍微過多也沒差。大忌是拿膚淺粗俗爛造的刻板僵化人物作為行銷點。,人物互動,False,犯罪,0.6454121236435139,0.25816484945740553
q20,本人喜歡偏重人物心理描寫、人物互動和角色變化的作品，較偏執在人物塑造和刻劃上。劇情不要求設計得有多精妙，不影響觀感就好，就算是平鋪直述的也行。節奏快慢無妨，掌握恰當即可。本人對於自己的閱讀能力還算有信心，文字量稍微過多也沒差。大忌是拿膚淺粗俗爛造的刻板僵化人物作為行銷點。,人物互動,False,轉生,0.649435932311716,0.2597743729246864
q20,本人喜歡偏重人物心理描寫、人物互動和角色變化的作品，較偏執在人物塑造和刻劃上。劇情不要求設計得有多精妙，不影響觀感就好，就算是平鋪直述的也行。節奏快慢無妨，掌握恰當即可。本人對於自己的閱讀能力還算有信心，文字量稍微過多也沒差。大忌是拿膚淺粗俗爛造的刻板僵化人物作為行銷點。,人物互動,False,青梅竹馬,0.6599607161702877,0.2639842864681151
q20,本人喜歡偏重人物心理描寫、人物互動和角色變化的作品，較偏執在人物塑造和刻劃上。劇情不要求設計得有多精妙，不影響觀感就好，就算是平鋪直述的也行。節奏快慢無妨，掌握恰當即可。本人對於自己的閱讀能力還算有信心，文字量稍微過多也沒差。大忌是拿膚淺粗俗爛造的刻板僵化人物作為行銷點。,人物互動,False,女性視角,0.6706970993264743,0.2682788397305897
q20,本人喜歡偏重人物心理描寫、人物互動和角色變化的作品，較偏執在人物塑造和刻劃上。劇情不要求設計得有多精妙，不影響觀感就好，就算是平鋪直述的也行。節奏快慢無妨，掌握恰當即可。本人對於自己的閱讀能力還算有信心，文字量稍微過多也沒差。大忌是拿膚淺粗俗爛造的刻板僵化人物作為行銷點。,人物互動,False,溫馨,0.6908124513007067,0.2763249805202827
q20,本人喜歡偏重人物心理描寫、人物互動和角色變化的作品，較偏執在人物塑造和刻劃上。劇情不要求設計得有多精妙，不影響觀感就好，就算是平鋪直述的也行。節奏快慢無妨，掌握恰當即可。本人對於自己的閱讀能力還算有信心，文字量稍微過多也沒差。大忌是拿膚淺粗俗爛造的刻板僵化人物作為行銷點。,人物互動,False,經營,0.6574153627012814,0.2629661450805126
q20,本人喜歡偏重人物心理描寫、人物互動和角色變化的作品，較偏執在人物塑造和刻劃上。劇情不要求設計得有多精妙，不影響觀感就好，就算是平鋪直述的也行。節奏快慢無妨，掌握恰當即可。本人對於自己的閱讀能力還算有信心，文字量稍微過多也沒差。大忌是拿膚淺粗俗爛造的刻板僵化人物作為行銷點。,人物互動,False,復仇,0.6157449146706596,0.24629796586826386
q20,本人喜歡偏重人物心理描寫、人物互動和角色變化的作品，較偏執在人物塑造和刻劃上。劇情不要求設計得有多精妙，不影響觀感就好，就算是平鋪直述的也行。節奏快慢無妨，掌握恰當即可。本人對於自己的閱讀能力還算有信心，文字量稍微過多也沒差。大忌是拿膚淺粗俗爛造的刻板僵化人物作為行銷點。,人物互動,False,黑暗,0.6445763395250179,0.2578305358100072
q20,本人喜歡偏重人物心理描寫、人物互動和角色變化的作品，較偏執在人物塑造和刻劃上。劇情不要求設計得有多精妙，不影響觀感就好，就算是平鋪直述的也行。節奏快慢無妨，掌握恰當即可。本人對於自己的閱讀能力還算有信心，文字量稍微過多也沒差。大忌是拿膚淺粗俗爛造的刻板僵化人物作為行銷點。,人物互動,False,戰鬥,0.6411618067419056,0.25646472269676224
q20,本人喜歡偏重人物心理描寫、人物互動和角色變化的作品，較偏執在人物塑造和刻劃上。劇情不要求設計得有多精妙，不影響觀感就好，就算是平鋪直述的也行。節奏快慢無妨，掌握恰當即可。本人對於自己的閱讀能力還算有信心，文字量稍微過多也沒差。大忌是拿膚淺粗俗爛造的刻板僵化人物作為行銷點。,人物互動,False,群像,0.6997734070496476,0.27990936281985906
q20,本人喜歡偏重人物心理描寫、人物互動和角色變化的作品，較偏執在人物塑造和刻劃上。劇情不要求設計得有多精妙，不影響觀感就好，就算是平鋪直述的也行。節奏快慢無妨，掌握恰當即可。本人對於自己的閱讀能力還算有信心，文字量稍微過多也沒差。大忌是拿膚淺粗俗爛造的刻板僵化人物作為行銷點。,人物互動,False,歡樂向,0.7046355810896351,0.28185423243585406
q20,本人喜歡偏重人物心理描寫、人物互動和角色變化的作品，較偏執在人物塑造和刻劃上。劇情不要求設計得有多精妙，不影響觀感就好，就算是平鋪直述的也行。節奏快慢無妨，掌握恰當即可。本人對於自己的閱讀能力還算有信心，文字量稍微過多也沒差。大忌是拿膚淺粗俗爛造的刻板僵化人物作為行銷點。,人物互動,False,惡役,0.6407198829917173,0.25628795319668696
q20,本人喜歡偏重人物心理描寫、人物互動和角色變化的作品，較偏執在人物塑造和刻劃上。劇情不要求設計得有多精妙，不影響觀感就好，就算是平鋪直述的也行。節奏快慢無妨，掌握恰當即可。本人對於自己的閱讀能力還算有信心，文字量稍微過多也沒差。大忌是拿膚淺粗俗爛造的刻板僵化人物作為行銷點。,人物互動,False,機戰,0.6582772672750725,0.263310906910029
q20,本人喜歡偏重人物心理描寫、人物互動和角色變化的作品，較偏執在人物塑造和刻劃上。劇情不要求設計得有多精妙，不影響觀感就好，就算是平鋪直述的也行。節奏快慢無妨，掌握恰當即可。本人對於自己的閱讀能力還算有信心，文字量稍微過多也沒差。大忌是拿膚淺粗俗爛造的刻板僵化人物作為行銷點。,人物互動,False,驚悚,0.6503582267553025,0.260143290702121
q20,本人喜歡偏重人物心理描寫、人物互動和角色變化的作品，較偏執在人物塑造和刻劃上。劇情不要求設計得有多精妙，不影響觀感就好，就算是平鋪直述的也行。節奏快慢無妨，掌握恰當即可。本人對於自己的閱讀能力還算有信心，文字量稍微過多也沒差。大忌是拿膚淺粗俗爛造的刻板僵化人物作為行銷點。,人物互動,False,奇幻,0.6572215996644593,0.2628886398657837
q20,本人喜歡偏重人物心理描寫、人物互動和角色變化的作品，較偏執在人物塑造和刻劃上。劇情不要求設計得有多精妙，不影響觀感就好，就算是平鋪直述的也行。節奏快慢無妨，掌握恰當即可。本人對於自己的閱讀能力還算有信心，文字量稍微過多也沒差。大忌是拿膚淺粗俗爛造的刻板僵化人物作為行銷點。,人物互動,False,耽美,0.6857962828161328,0.2743185131264531
q20,本人喜歡偏重人物心理描寫、人物互動和角色變化的作品，較偏執在人物塑造和刻劃上。劇情不要求設計得有多精妙，不影響觀感就好，就算是平鋪直述的也行。節奏快慢無妨，掌握恰當即可。本人對於自己的閱讀能力還算有信心，文字量稍微過多也沒差。大忌是拿膚淺粗俗爛造的刻板僵化人物作為行銷點。,人物互動,False,妹妹,0.6407599054554598,0.25630396218218393
q20,本人喜歡偏重人物心理描寫、人物互動和角色變化的作品，較偏執在人物塑造和刻劃上。劇情不要求設計得有多精妙，不影響觀感就好，就算是平鋪直述的也行。節奏快慢無妨，掌握恰當即可。本人對於自己的閱讀能力還算有信心，文字量稍微過多也沒差。大忌是拿膚淺粗俗爛造的刻板僵化人物作為行銷點。,人物互動,False,龍傲天,0.635466030498457,0.2541864121993828
q20,本人喜歡偏重人物心理描寫、人物互動和角色變化的作品，較偏執在人物塑造和刻劃上。劇情不要求設計得有多精妙，不影響觀感就好，就算是平鋪直述的也行。節奏快慢無妨，掌握恰當即可。本人對於自己的閱讀能力還算有信心，文字量稍微過多也沒差。大忌是拿膚淺粗俗爛造的刻板僵化人物作為行銷點。,人物互動,False,推理,0.6715133897850241,0.26860535591400964
q20,本人喜歡偏重人物心理描寫、人物互動和角色變化的作品，較偏執在人物塑造和刻劃上。劇情不要求設計得有多精妙，不影響觀感就好，就算是平鋪直述的也行。節奏快慢無妨，掌握恰當即可。本人對於自己的閱讀能力還算有信心，文字量稍微過多也沒差。大忌是拿膚淺粗俗爛造的刻板僵化人物作為行銷點。,人物互動,False,JC,0.6559340117193109,0.26237360468772436
q20,本人喜歡偏重人物心理描寫、人物互動和角色變化的作品，較偏執在人物塑造和刻劃上。劇情不要求設計得有多精妙，不影響觀感就好，就算是平鋪直述的也行。節奏快慢無妨，掌握恰當即可。本人對於自己的閱讀能力還算有信心，文字量稍微過多也沒差。大忌是拿膚淺粗俗爛造的刻板僵化人物作為行銷點。,人物互動,False,偽娘,0.6387356394303645,0.2554942557721458
q20,本人喜歡偏重人物心理描寫、人物互動和角色變化的作品，較偏執在人物塑造和刻劃上。劇情不要求設計得有多精妙，不影響觀感就好，就算是平鋪直述的也行。節奏快慢無妨，掌握恰當即可。本人對於自己的閱讀能力還算有信心，文字量稍微過多也沒差。大忌是拿膚淺粗俗爛造的刻板僵化人物作為行銷點。,人物互動,False,NTR,0.6693744214437727,0.2677497685775091
q20,本人喜歡偏重人物心理描寫、人物互動和角色變化的作品，較偏執在人物塑造和刻劃上。劇情不要求設計得有多精妙，不影響觀感就好，就算是平鋪直述的也行。節奏快慢無妨，掌握恰當即可。本人對於自己的閱讀能力還算有信心，文字量稍微過多也沒差。大忌是拿膚淺粗俗爛造的刻板僵化人物作為行銷點。,人物互動,False,戰爭,0.6445969797190976,0.25783879188763903
q20,本人喜歡偏重人物心理描寫、人物互動和角色變化的作品，較偏執在人物塑造和刻劃上。劇情不要求設計得有多精妙，不影響觀感就好，就算是平鋪直述的也行。節奏快慢無妨，掌握恰當即可。本人對於自己的閱讀能力還算有信心，文字量稍微過多也沒差。大忌是拿膚淺粗俗爛造的刻板僵化人物作為行銷點。,人物互動,False,病嬌,0.6472759231298839,0.2589103692519536
q20,本人喜歡偏重人物心理描寫、人物互動和角色變化的作品，較偏執在人物塑造和刻劃上。劇情不要求設計得有多精妙，不影響觀感就好，就算是平鋪直述的也行。節奏快慢無妨，掌握恰當即可。本人對於自己的閱讀能力還算有信心，文字量稍微過多也沒差。大忌是拿膚淺粗俗爛造的刻板僵化人物作為行銷點。,人物互動,False,熱血,0.6439361317850557,0.2575744527140223
q20,本人喜歡偏重人物心理描寫、人物互動和角色變化的作品，較偏執在人物塑造和刻劃上。劇情不要求設計得有多精妙，不影響觀感就好，就算是平鋪直述的也行。節奏快慢無妨，掌握恰當即可。本人對於自己的閱讀能力還算有信心，文字量稍微過多也沒差。大忌是拿膚淺粗俗爛造的刻板僵化人物作為行銷點。,人物互動,False,冒險,0.6570913895912329,0.2628365558364932
q20,本人喜歡偏重人物心理描寫、人物互動和角色變化的作品，較偏執在人物塑造和刻劃上。劇情不要求設計得有多精妙，不影響觀感就好，就算是平鋪直述的也行。節奏快慢無妨，掌握恰當即可。本人對於自己的閱讀能力還算有信心，文字量稍微過多也沒差。大忌是拿膚淺粗俗爛造的刻板僵化人物作為行銷點。,人物互動,False,女兒,0.6450229204605356,0.2580091681842142
q20,本人喜歡偏重人物心理描寫、人物互動和角色變化的作品，較偏執在人物塑造和刻劃上。劇情不要求設計得有多精妙，不影響觀感就好，就算是平鋪直述的也行。節奏快慢無妨，掌握恰當即可。本人對於自己的閱讀能力還算有信心，文字量稍微過多也沒差。大忌是拿膚淺粗俗爛造的刻板僵化人物作為行銷點。,人物互動,False,人外,0.6921524669145777,0.2768609867658311
q20,本人喜歡偏重人物心理描寫、人物互動和角色變化的作品，較偏執在人物塑造和刻劃上。劇情不要求設計得有多精妙，不影響觀感就好，就算是平鋪直述的也行。節奏快慢無妨，掌握恰當即可。本人對於自己的閱讀能力還算有信心，文字量稍微過多也沒差。大忌是拿膚淺粗俗爛造的刻板僵化人物作為行銷點。,人物互動,False,異世界,0.6506212438544752,0.2602484975417901
q20,本人喜歡偏重人物心理描寫、人物互動和角色變化的作品，較偏執在人物塑造和刻劃上。劇情不要求設計得有多精妙，不影響觀感就好，就算是平鋪直述的也行。節奏快慢無妨，掌握恰當即可。本人對於自己的閱讀能力還算有信心，文字量稍微過多也沒差。大忌是拿膚淺粗俗爛造的刻板僵化人物作為行銷點。,人物互動,False,懸疑,0.6713068687307577,0.2685227474923031
q20,本人喜歡偏重人物心理描寫、人物互動和角色變化的作品，較偏執在人物塑造和刻劃上。劇情不要求設計得有多精妙，不影響觀感就好，就算是平鋪直述的也行。節奏快慢無妨，掌握恰當即可。本人對於自己的閱讀能力還算有信心，文字量稍微過多也沒差。大忌是拿膚淺粗俗爛造的刻板僵化人物作為行銷點。,角色成長,False,大逃殺,0.6306629332010868,0.25226517328043474
q20,本人喜歡偏重人物心理描寫、人物互動和角色變化的作品，較偏執在人物塑造和刻劃上。劇情不要求設計得有多精妙，不影響觀感就好，就算是平鋪直述的也行。節奏快慢無妨，掌握恰當即可。本人對於自己的閱讀能力還算有信心，文字量稍微過多也沒差。大忌是拿膚淺粗俗爛造的刻板僵化人物作為行銷點。,角色成長,False,戀愛,0.6676140871488069,0.26704563485952276
q20,本人喜歡偏重人物心理描寫、人物互動和角色變化的作品，較偏執在人物塑造和刻劃上。劇情不要求設計得有多精妙，不影響觀感就好，就算是平鋪直述的也行。節奏快慢無妨，掌握恰當即可。本人對於自己的閱讀能力還算有信心，文字量稍微過多也沒差。大忌是拿膚淺粗俗爛造的刻板僵化人物作為行銷點。,角色成長,False,犯罪,0.6475825284365324,0.259033011374613
q20,本人喜歡偏重人物心理描寫、人物互動和角色變化的作品，較偏執在人物塑造和刻劃上。劇情不要求設計得有多精妙，不影響觀感就好，就算是平鋪直述的也行。節奏快慢無妨，掌握恰當即可。本人對於自己的閱讀能力還算有信心，文字量稍微過多也沒差。大忌是拿膚淺粗俗爛造的刻板僵化人物作為行銷點。,角色成長,False,鬥智,0.6420424305897131,0.25681697223588523
q20,本人喜歡偏重人物心理描寫、人物互動和角色變化的作品，較偏執在人物塑造和刻劃上。劇情不要求設計得有多精妙，不影響觀感就好，就算是平鋪直述的也行。節奏快慢無妨，掌握恰當即可。本人對於自己的閱讀能力還算有信心，文字量稍微過多也沒差。大忌是拿膚淺粗俗爛造的刻板僵化人物作為行銷點。,角色成長,False,科幻,0.6646713059936907,0.2658685223974763
q20,本人喜歡偏重人物心理描寫、人物互動和角色變化的作品，較偏執在人物塑造和刻劃上。劇情不要求設計得有多精妙，不影響觀感就好，就算是平鋪直述的也行。節奏快慢無妨，掌握恰當即可。本人對於自己的閱讀能力還算有信心，文字量稍微過多也沒差。大忌是拿膚淺粗俗爛造的刻板僵化人物作為行銷點。,角色成長,False,格鬥,0.6421679232266471,0.25686716929065884
q20,本人喜歡偏重人物心理描寫、人物互動和角色變化的作品，較偏執在人物塑造和刻劃上。劇情不要求設計得有多精妙，不影響觀感就好，就算是平鋪直述的也行。節奏快慢無妨，掌握恰當即可。本人對於自己的閱讀能力還算有信心，文字量稍微過多也沒差。大忌是拿膚淺粗俗爛造的刻板僵化人物作為行銷點。,角色成長,False,百合,0.6563831512163018,0.2625532604865207
q20,本人喜歡偏重人物心理描寫、人物互動和角色變化的作品，較偏執在人物塑造和刻劃上。劇情不要求設計得有多精妙，不影響觀感就好，就算是平鋪直述的也行。節奏快慢無妨，掌握恰當即可。本人對於自己的閱讀能力還算有信心，文字量稍微過多也沒差。大忌是拿膚淺粗俗爛造的刻板僵化人物作為行銷點。,角色成長,False,轉生,0.6766446311234482,0.2706578524493793
q20,本人喜歡偏重人物心理描寫、人物互動和角色變化的作品，較偏執在人物塑造和刻劃上。劇情不要求設計得有多精妙，不影響觀感就好，就算是平鋪直述的也行。節奏快慢無妨，掌握恰當即可。本人對於自己的閱讀能力還算有信心，文字量稍微過多也沒差。大忌是拿膚淺粗俗爛造的刻板僵化人物作為行銷點。,角色成長,False,治癒,0.6846081290842675,0.273843251633707
q20,本人喜歡偏重人物心理描寫、人物互動和角色變化的作品，較偏執在人物塑造和刻劃上。劇情不要求設計得有多精妙，不影響觀感就好，就算是平鋪直述的也行。節奏快慢無妨，掌握恰當即可。本人對於自己的閱讀能力還算有信心，文字量稍微過多也沒差。大忌是拿膚淺粗俗爛造的刻板僵化人物作為行銷點。,角色成長,False,青梅竹馬,0.6717078274751253,0.2686831309900501
q20,本人喜歡偏重人物心理描寫、人物互動和角色變化的作品，較偏執在人物塑造和刻劃上。劇情不要求設計得有多精妙，不影響觀感就好，就算是平鋪直述的也行。節奏快慢無妨，掌握恰當即可。本人對於自己的閱讀能力還算有信心，文字量稍微過多也沒差。大忌是拿膚淺粗俗爛造的刻板僵化人物作為行銷點。,角色成長,False,女性視角,0.6661032062524642,0.2664412825009857
q20,本人喜歡偏重人物心理描寫、人物互動和角色變化的作品，較偏執在人物塑造和刻劃上。劇情不要求設計得有多精妙，不影響觀感就好，就算是平鋪直述的也行。節奏快慢無妨，掌握恰當即可。本人對於自己的閱讀能力還算有信心，文字量稍微過多也沒差。大忌是拿膚淺粗俗爛造的刻板僵化人物作為行銷點。,角色成長,False,性轉,0.6610282116894627,0.26441128467578506
q20,本人喜歡偏重人物心理描寫、人物互動和角色變化的作品，較偏執在人物塑造和刻劃上。劇情不要求設計得有多精妙，不影響觀感就好，就算是平鋪直述的也行。節奏快慢無妨，掌握恰當即可。本人對於自己的閱讀能力還算有信心，文字量稍微過多也沒差。大忌是拿膚淺粗俗爛造的刻板僵化人物作為行銷點。,角色成長,False,溫馨,0.6749720192180351,0.26998880768721406
q20,本人喜歡偏重人物心理描寫、人物互動和角色變化的作品，較偏執在人物塑造和刻劃上。劇情不要求設計得有多精妙，不影響觀感就好，就算是平鋪直述的也行。節奏快慢無妨，掌握恰當即可。本人對於自己的閱讀能力還算有信心，文字量稍微過多也沒差。大忌是拿膚淺粗俗爛造的刻板僵化人物作為行銷點。,角色成長,False,經營,0.6750823162147768,0.2700329264859107
q20,本人喜歡偏重人物心理描寫、人物互動和角色變化的作品，較偏執在人物塑造和刻劃上。劇情不要求設計得有多精妙，不影響觀感就好，就算是平鋪直述的也行。節奏快慢無妨，掌握恰當即可。本人對於自己的閱讀能力還算有信心，文字量稍微過多也沒差。大忌是拿膚淺粗俗爛造的刻板僵化人物作為行銷點。,角色成長,False,獵奇,0.6505509508659557,0.2602203803463823
q20,本人喜歡偏重人物心理描寫、人物互動和角色變化的作品，較偏執在人物塑造和刻劃上。劇情不要求設計得有多精妙，不影響觀感就好，就算是平鋪直述的也行。節奏快慢無妨，掌握恰當即可。本人對於自己的閱讀能力還算有信心，文字量稍微過多也沒差。大忌是拿膚淺粗俗爛造的刻板僵化人物作為行銷點。,角色成長,False,復仇,0.6299673128901084,0.2519869251560434
q20,本人喜歡偏重人物心理描寫、人物互動和角色變化的作品，較偏執在人物塑造和刻劃上。劇情不要求設計得有多精妙，不影響觀感就好，就算是平鋪直述的也行。節奏快慢無妨，掌握恰當即可。本人對於自己的閱讀能力還算有信心，文字量稍微過多也沒差。大忌是拿膚淺粗俗爛造的刻板僵化人物作為行銷點。,角色成長,False,黑暗,0.642988916828636,0.25719556673145444
q20,本人喜歡偏重人物心理描寫、人物互動和角色變化的作品，較偏執在人物塑造和刻劃上。劇情不要求設計得有多精妙，不影響觀感就好，就算是平鋪直述的也行。節奏快慢無妨，掌握恰當即可。本人對於自己的閱讀能力還算有信心，文字量稍微過多也沒差。大忌是拿膚淺粗俗爛造的刻板僵化人物作為行銷點。,角色成長,False,末日,0.6354362879401545,0.2541745151760618
q20,本人喜歡偏重人物心理描寫、人物互動和角色變化的作品，較偏執在人物塑造和刻劃上。劇情不要求設計得有多精妙，不影響觀感就好，就算是平鋪直述的也行。節奏快慢無妨，掌握恰當即可。本人對於自己的閱讀能力還算有信心，文字量稍微過多也沒差。大忌是拿膚淺粗俗爛造的刻板僵化人物作為行銷點。,角色成長,False,遊戲,0.6537737211213269,0.2615094884485308
q20,本人喜歡偏重人物心理描寫、人物互動和角色變化的作品，較偏執在人物塑造和刻劃上。劇情不要求設計得有多精妙，不影響觀感就好，就算是平鋪直述的也行。節奏快慢無妨，掌握恰當即可。本人對於自己的閱讀能力還算有信心，文字量稍微過多也沒差。大忌是拿膚淺粗俗爛造的刻板僵化人物作為行銷點。,角色成長,False,戰鬥,0.649077854059555,0.259631141623822
q20,本人喜歡偏重人物心理描寫、人物互動和角色變化的作品，較偏執在人物塑造和刻劃上。劇情不要求設計得有多精妙，不影響觀感就好，就算是平鋪直述的也行。節奏快慢無妨，掌握恰當即可。本人對於自己的閱讀能力還算有信心，文字量稍微過多也沒差。大忌是拿膚淺粗俗爛造的刻板僵化人物作為行銷點。,角色成長,False,青春,0.6776548836288732,0.27106195345154926
q20,本人喜歡偏重人物心理描寫、人物互動和角色變化的作品，較偏執在人物塑造和刻劃上。劇情不要求設計得有多精妙，不影響觀感就好，就算是平鋪直述的也行。節奏快慢無妨，掌握恰當即可。本人對於自己的閱讀能力還算有信心，文字量稍微過多也沒差。大忌是拿膚淺粗俗爛造的刻板僵化人物作為行銷點。,角色成長,False,群像,0.6776874533448803,0.27107498133795216
q20,本人喜歡偏重人物心理描寫、人物互動和角色變化的作品，較偏執在人物塑造和刻劃上。劇情不要求設計得有多精妙，不影響觀感就好，就算是平鋪直述的也行。節奏快慢無妨，掌握恰當即可。本人對於自己的閱讀能力還算有信心，文字量稍微過多也沒差。大忌是拿膚淺粗俗爛造的刻板僵化人物作為行銷點。,角色成長,False,歡樂向,0.6903946569373858,0.2761578627749543
q20,本人喜歡偏重人物心理描寫、人物互動和角色變化的作品，較偏執在人物塑造和刻劃上。劇情不要求設計得有多精妙，不影響觀感就好，就算是平鋪直述的也行。節奏快慢無妨，掌握恰當即可。本人對於自己的閱讀能力還算有信心，文字量稍微過多也沒差。大忌是拿膚淺粗俗爛造的刻板僵化人物作為行銷點。,角色成長,False,旅行,0.6519306901863994,0.2607722760745598
q20,本人喜歡偏重人物心理描寫、人物互動和角色變化的作品，較偏執在人物塑造和刻劃上。劇情不要求設計得有多精妙，不影響觀感就好，就算是平鋪直述的也行。節奏快慢無妨，掌握恰當即可。本人對於自己的閱讀能力還算有信心，文字量稍微過多也沒差。大忌是拿膚淺粗俗爛造的刻板僵化人物作為行銷點。,角色成長,False,惡役,0.6550259430782746,0.2620103772313098
q20,本人喜歡偏重人物心理描寫、人物互動和角色變化的作品，較偏執在人物塑造和刻劃上。劇情不要求設計得有多精妙，不影響觀感就好，就算是平鋪直述的也行。節奏快慢無妨，掌握恰當即可。本人對於自己的閱讀能力還算有信心，文字量稍微過多也沒差。大忌是拿膚淺粗俗爛造的刻板僵化人物作為行銷點。,角色成長,False,蘿莉,0.6623726473605503,0.26494905894422016
q20,本人喜歡偏重人物心理描寫、人物互動和角色變化的作品，較偏執在人物塑造和刻劃上。劇情不要求設計得有多精妙，不影響觀感就好，就算是平鋪直述的也行。節奏快慢無妨，掌握恰當即可。本人對於自己的閱讀能力還算有信心，文字量稍微過多也沒差。大忌是拿膚淺粗俗爛造的刻板僵化人物作為行銷點。,角色成長,False,機戰,0.6602534325959283,0.26410137303837133
q20,本人喜歡偏重人物心理描寫、人物互動和角色變化的作品，較偏執在人物塑造和刻劃上。劇情不要求設計得有多精妙，不影響觀感就好，就算是平鋪直述的也行。節奏快慢無妨，掌握恰當即可。本人對於自己的閱讀能力還算有信心，文字量稍微過多也沒差。大忌是拿膚淺粗俗爛造的刻板僵化人物作為行銷點。,角色成長,False,驚悚,0.6481730200031834,0.2592692080012734
q20,本人喜歡偏重人物心理描寫、人物互動和角色變化的作品，較偏執在人物塑造和刻劃上。劇情不要求設計得有多精妙，不影響觀感就好，就算是平鋪直述的也行。節奏快慢無妨，掌握恰當即可。本人對於自己的閱讀能力還算有信心，文字量稍微過多也沒差。大忌是拿膚淺粗俗爛造的刻板僵化人物作為行銷點。,角色成長,False,奇幻,0.6687981264697072,0.2675192505878829
q20,本人喜歡偏重人物心理描寫、人物互動和角色變化的作品，較偏執在人物塑造和刻劃上。劇情不要求設計得有多精妙，不影響觀感就好，就算是平鋪直述的也行。節奏快慢無妨，掌握恰當即可。本人對於自己的閱讀能力還算有信心，文字量稍微過多也沒差。大忌是拿膚淺粗俗爛造的刻板僵化人物作為行銷點。,角色成長,False,JK,0.668246907333703,0.2672987629334812
q20,本人喜歡偏重人物心理描寫、人物互動和角色變化的作品，較偏執在人物塑造和刻劃上。劇情不要求設計得有多精妙，不影響觀感就好，就算是平鋪直述的也行。節奏快慢無妨，掌握恰當即可。本人對於自己的閱讀能力還算有信心，文字量稍微過多也沒差。大忌是拿膚淺粗俗爛造的刻板僵化人物作為行銷點。,角色成長,False,後宮,0.6567537383785588,0.2627014953514235
q20,本人喜歡偏重人物心理描寫、人物互動和角色變化的作品，較偏執在人物塑造和刻劃上。劇情不要求設計得有多精妙，不影響觀感就好，就算是平鋪直述的也行。節奏快慢無妨，掌握恰當即可。本人對於自己的閱讀能力還算有信心，文字量稍微過多也沒差。大忌是拿膚淺粗俗爛造的刻板僵化人物作為行銷點。,角色成長,False,耽美,0.676004396031292,0.27040175841251685
q20,本人喜歡偏重人物心理描寫、人物互動和角色變化的作品，較偏執在人物塑造和刻劃上。劇情不要求設計得有多精妙，不影響觀感就好，就算是平鋪直述的也行。節奏快慢無妨，掌握恰當即可。本人對於自己的閱讀能力還算有信心，文字量稍微過多也沒差。大忌是拿膚淺粗俗爛造的刻板僵化人物作為行銷點。,角色成長,False,妹妹,0.6468635915594959,0.2587454366237984
q20,本人喜歡偏重人物心理描寫、人物互動和角色變化的作品，較偏執在人物塑造和刻劃上。劇情不要求設計得有多精妙，不影響觀感就好，就算是平鋪直述的也行。節奏快慢無妨，掌握恰當即可。本人對於自己的閱讀能力還算有信心，文字量稍微過多也沒差。大忌是拿膚淺粗俗爛造的刻板僵化人物作為行銷點。,角色成長,False,龍傲天,0.6573713337405327,0.2629485334962131
q20,本人喜歡偏重人物心理描寫、人物互動和角色變化的作品，較偏執在人物塑造和刻劃上。劇情不要求設計得有多精妙，不影響觀感就好，就算是平鋪直述的也行。節奏快慢無妨，掌握恰當即可。本人對於自己的閱讀能力還算有信心，文字量稍微過多也沒差。大忌是拿膚淺粗俗爛造的刻板僵化人物作為行銷點。,角色成長,False,職場,0.6624543072030431,0.26498172288121724
q20,本人喜歡偏重人物心理描寫、人物互動和角色變化的作品，較偏執在人物塑造和刻劃上。劇情不要求設計得有多精妙，不影響觀感就好，就算是平鋪直述的也行。節奏快慢無妨，掌握恰當即可。本人對於自己的閱讀能力還算有信心，文字量稍微過多也沒差。大忌是拿膚淺粗俗爛造的刻板僵化人物作為行銷點。,角色成長,False,推理,0.6603435000056381,0.2641374000022553
q20,本人喜歡偏重人物心理描寫、人物互動和角色變化的作品，較偏執在人物塑造和刻劃上。劇情不要求設計得有多精妙，不影響觀感就好，就算是平鋪直述的也行。節奏快慢無妨，掌握恰當即可。本人對於自己的閱讀能力還算有信心，文字量稍微過多也沒差。大忌是拿膚淺粗俗爛造的刻板僵化人物作為行銷點。,角色成長,False,JC,0.6716368691448085,0.2686547476579234
q20,本人喜歡偏重人物心理描寫、人物互動和角色變化的作品，較偏執在人物塑造和刻劃上。劇情不要求設計得有多精妙，不影響觀感就好，就算是平鋪直述的也行。節奏快慢無妨，掌握恰當即可。本人對於自己的閱讀能力還算有信心，文字量稍微過多也沒差。大忌是拿膚淺粗俗爛造的刻板僵化人物作為行銷點。,角色成長,False,宅文化,0.6380837819288971,0.25523351277155887
q20,本人喜歡偏重人物心理描寫、人物互動和角色變化的作品，較偏執在人物塑造和刻劃上。劇情不要求設計得有多精妙，不影響觀感就好，就算是平鋪直述的也行。節奏快慢無妨，掌握恰當即可。本人對於自己的閱讀能力還算有信心，文字量稍微過多也沒差。大忌是拿膚淺粗俗爛造的刻板僵化人物作為行銷點。,角色成長,False,校園,0.6645640570506922,0.2658256228202769
q20,本人喜歡偏重人物心理描寫、人物互動和角色變化的作品，較偏執在人物塑造和刻劃上。劇情不要求設計得有多精妙，不影響觀感就好，就算是平鋪直述的也行。節奏快慢無妨，掌握恰當即可。本人對於自己的閱讀能力還算有信心，文字量稍微過多也沒差。大忌是拿膚淺粗俗爛造的刻板僵化人物作為行銷點。,角色成長,False,同人,0.6647393516848507,0.2658957406739403
q20,本人喜歡偏重人物心理描寫、人物互動和角色變化的作品，較偏執在人物塑造和刻劃上。劇情不要求設計得有多精妙，不影響觀感就好，就算是平鋪直述的也行。節奏快慢無妨，掌握恰當即可。本人對於自己的閱讀能力還算有信心，文字量稍微過多也沒差。大忌是拿膚淺粗俗爛造的刻板僵化人物作為行銷點。,角色成長,False,偽娘,0.639797329674778,0.2559189318699112
q20,本人喜歡偏重人物心理描寫、人物互動和角色變化的作品，較偏執在人物塑造和刻劃上。劇情不要求設計得有多精妙，不影響觀感就好，就算是平鋪直述的也行。節奏快慢無妨，掌握恰當即可。本人對於自己的閱讀能力還算有信心，文字量稍微過多也沒差。大忌是拿膚淺粗俗爛造的刻板僵化人物作為行銷點。,角色成長,False,NTR,0.6508389985495778,0.26033559941983114
q20,本人喜歡偏重人物心理描寫、人物互動和角色變化的作品，較偏執在人物塑造和刻劃上。劇情不要求設計得有多精妙，不影響觀感就好，就算是平鋪直述的也行。節奏快慢無妨，掌握恰當即可。本人對於自己的閱讀能力還算有信心，文字量稍微過多也沒差。大忌是拿膚淺粗俗爛造的刻板僵化人物作為行銷點。,角色成長,False,異能,0.6717593876805871,0.2687037550722348
q20,本人喜歡偏重人物心理描寫、人物互動和角色變化的作品，較偏執在人物塑造和刻劃上。劇情不要求設計得有多精妙，不影響觀感就好，就算是平鋪直述的也行。節奏快慢無妨，掌握恰當即可。本人對於自己的閱讀能力還算有信心，文字量稍微過多也沒差。大忌是拿膚淺粗俗爛造的刻板僵化人物作為行銷點。,角色成長,False,戰爭,0.6369497583193481,0.25477990332773925
q20,本人喜歡偏重人物心理描寫、人物互動和角色變化的作品，較偏執在人物塑造和刻劃上。劇情不要求設計得有多精妙，不影響觀感就好，就算是平鋪直述的也行。節奏快慢無妨，掌握恰當即可。本人對於自己的閱讀能力還算有信心，文字量稍微過多也沒差。大忌是拿膚淺粗俗爛造的刻板僵化人物作為行銷點。,角色成長,False,音樂,0.6555944515014263,0.2622377806005705
q20,本人喜歡偏重人物心理描寫、人物互動和角色變化的作品，較偏執在人物塑造和刻劃上。劇情不要求設計得有多精妙，不影響觀感就好，就算是平鋪直述的也行。節奏快慢無妨，掌握恰當即可。本人對於自己的閱讀能力還算有信心，文字量稍微過多也沒差。大忌是拿膚淺粗俗爛造的刻板僵化人物作為行銷點。,角色成長,False,病嬌,0.6458687332351178,0.25834749329404716
q20,本人喜歡偏重人物心理描寫、人物互動和角色變化的作品，較偏執在人物塑造和刻劃上。劇情不要求設計得有多精妙，不影響觀感就好，就算是平鋪直述的也行。節奏快慢無妨，掌握恰當即可。本人對於自己的閱讀能力還算有信心，文字量稍微過多也沒差。大忌是拿膚淺粗俗爛造的刻板僵化人物作為行銷點。,角色成長,False,熱血,0.6685368137563229,0.26741472550252915
q20,本人喜歡偏重人物心理描寫、人物互動和角色變化的作品，較偏執在人物塑造和刻劃上。劇情不要求設計得有多精妙，不影響觀感就好，就算是平鋪直述的也行。節奏快慢無妨，掌握恰當即可。本人對於自己的閱讀能力還算有信心，文字量稍微過多也沒差。大忌是拿膚淺粗俗爛造的刻板僵化人物作為行銷點。,角色成長,False,間諜,0.6246995729781494,0.24987982919125976
q20,本人喜歡偏重人物心理描寫、人物互動和角色變化的作品，較偏執在人物塑造和刻劃上。劇情不要求設計得有多精妙，不影響觀感就好，就算是平鋪直述的也行。節奏快慢無妨，掌握恰當即可。本人對於自己的閱讀能力還算有信心，文字量稍微過多也沒差。大忌是拿膚淺粗俗爛造的刻板僵化人物作為行銷點。,角色成長,False,冒險,0.6789352294200092,0.2715740917680037
q20,本人喜歡偏重人物心理描寫、人物互動和角色變化的作品，較偏執在人物塑造和刻劃上。劇情不要求設計得有多精妙，不影響觀感就好，就算是平鋪直述的也行。節奏快慢無妨，掌握恰當即可。本人對於自己的閱讀能力還算有信心，文字量稍微過多也沒差。大忌是拿膚淺粗俗爛造的刻板僵化人物作為行銷點。,角色成長,False,大小姐,0.6452814776907342,0.2581125910762937
q20,本人喜歡偏重人物心理描寫、人物互動和角色變化的作品，較偏執在人物塑造和刻劃上。劇情不要求設計得有多精妙，不影響觀感就好，就算是平鋪直述的也行。節奏快慢無妨，掌握恰當即可。本人對於自己的閱讀能力還算有信心，文字量稍微過多也沒差。大忌是拿膚淺粗俗爛造的刻板僵化人物作為行銷點。,角色成長,False,女兒,0.6491408675861969,0.25965634703447876
q20,本人喜歡偏重人物心理描寫、人物互動和角色變化的作品，較偏執在人物塑造和刻劃上。劇情不要求設計得有多精妙，不影響觀感就好，就算是平鋪直述的也行。節奏快慢無妨，掌握恰當即可。本人對於自己的閱讀能力還算有信心，文字量稍微過多也沒差。大忌是拿膚淺粗俗爛造的刻板僵化人物作為行銷點。,角色成長,False,人外,0.6794535599563317,0.2717814239825327
q20,本人喜歡偏重人物心理描寫、人物互動和角色變化的作品，較偏執在人物塑造和刻劃上。劇情不要求設計得有多精妙，不影響觀感就好，就算是平鋪直述的也行。節奏快慢無妨，掌握恰當即可。本人對於自己的閱讀能力還算有信心，文字量稍微過多也沒差。大忌是拿膚淺粗俗爛造的刻板僵化人物作為行銷點。,角色成長,False,魔法,0.6439138700962594,0.2575655480385038
q20,本人喜歡偏重人物心理描寫、人物互動和角色變化的作品，較偏執在人物塑造和刻劃上。劇情不要求設計得有多精妙，不影響觀感就好，就算是平鋪直述的也行。節奏快慢無妨，掌握恰當即可。本人對於自己的閱讀能力還算有信心，文字量稍微過多也沒差。大忌是拿膚淺粗俗爛造的刻板僵化人物作為行銷點。,角色成長,False,美食,0.6295379340272571,0.25181517361090283
q20,本人喜歡偏重人物心理描寫、人物互動和角色變化的作品，較偏執在人物塑造和刻劃上。劇情不要求設計得有多精妙，不影響觀感就好，就算是平鋪直述的也行。節奏快慢無妨，掌握恰當即可。本人對於自己的閱讀能力還算有信心，文字量稍微過多也沒差。大忌是拿膚淺粗俗爛造的刻板僵化人物作為行銷點。,角色成長,False,異世界,0.6584716026161574,0.263388641046463
q20,本人喜歡偏重人物心理描寫、人物互動和角色變化的作品，較偏執在人物塑造和刻劃上。劇情不要求設計得有多精妙，不影響觀感就好，就算是平鋪直述的也行。節奏快慢無妨，掌握恰當即可。本人對於自己的閱讀能力還算有信心，文字量稍微過多也沒差。大忌是拿膚淺粗俗爛造的刻板僵化人物作為行銷點。,角色成長,False,懸疑,0.6619642753356287,0.2647857101342515
q24,"要求有點難找
希望推薦""戰爭+戀愛""要素的輕小說,不是戰""鬥""是戰""爭""
要完結了的,GOOD ENDING最好",戰爭,True,戰爭,1.0,1.0
q24,"要求有點難找
希望推薦""戰爭+戀愛""要素的輕小說,不是戰""鬥""是戰""爭""
要完結了的,GOOD ENDING最好",戀愛,True,戀愛,1.0,1.0
q24,"要求有點難找
希望推薦""戰爭+戀愛""要素的輕小說,不是戰""鬥""是戰""爭""
要完結了的,GOOD ENDING最好",完結,False,競技,0.6312060520881044,0.2524824208352418
q24,"要求有點難找
希望推薦""戰爭+戀愛""要素的輕小說,不是戰""鬥""是戰""爭""
要完結了的,GOOD ENDING最好",完結,False,鬥智,0.6395677418643981,0.25582709674575926
q24,"要求有點難找
希望推薦""戰爭+戀愛""要素的輕小說,不是戰""鬥""是戰""爭""
要完結了的,GOOD ENDING最好",完結,False,科幻,0.668479149770969,0.2673916599083876
q24,"要求有點難找
希望推薦""戰爭+戀愛""要素的輕小說,不是戰""鬥""是戰""爭""
要完結了的,GOOD ENDING最好",完結,False,格鬥,0.6296696339316498,0.2518678535726599
q24,"要求有點難找
希望推薦""戰爭+戀愛""要素的輕小說,不是戰""鬥""是戰""爭""
要完結了的,GOOD ENDING最好",完結,False,百合,0.6602590575965741,0.26410362303862966
q24,"要求有點難找
希望推薦""戰爭+戀愛""要素的輕小說,不是戰""鬥""是戰""爭""
要完結了的,GOOD ENDING最好",完結,False,治癒,0.682808190324824,0.2731232761299296
q24,"要求有點難找
希望推薦""戰爭+戀愛""要素的輕小說,不是戰""鬥""是戰""爭""
要完結了的,GOOD ENDING最好",完結,False,性轉,0.6363875445970778,0.2545550178388311
q24,"要求有點難找
希望推薦""戰爭+戀愛""要素的輕小說,不是戰""鬥""是戰""爭""
要完結了的,GOOD ENDING最好",完結,False,獵奇,0.656114815991529,0.26244592639661163
q24,"要求有點難找
希望推薦""戰爭+戀愛""要素的輕小說,不是戰""鬥""是戰""爭""
要完結了的,GOOD ENDING最好",完結,False,末日,0.6776568249611197,0.27106272998444786
q24,"要求有點難找
希望推薦""戰爭+戀愛""要素的輕小說,不是戰""鬥""是戰""爭""
要完結了的,GOOD ENDING最好",完結,False,遊戲,0.639459505239502,0.2557838020958008
q24,"要求有點難找
希望推薦""戰爭+戀愛""要素的輕小說,不是戰""鬥""是戰""爭""
要完結了的,GOOD ENDING最好",完結,False,青春,0.6455159348110542,0.2582063739244217
q24,"要求有點難找
希望推薦""戰爭+戀愛""要素的輕小說,不是戰""鬥""是戰""爭""
要完結了的,GOOD ENDING最好",完結,False,旅行,0.6492724913361645,0.25970899653446583
q24,"要求有點難找
希望推薦""戰爭+戀愛""要素的輕小說,不是戰""鬥""是戰""爭""
要完結了的,GOOD ENDING最好",完結,False,蘿莉,0.6514798085944078,0.2605919234377631
q24,"要求有點難找
希望推薦""戰爭+戀愛""要素的輕小說,不是戰""鬥""是戰""爭""
要完結了的,GOOD ENDING最好",完結,False,JK,0.6555870401133644,0.26223481604534576
q24,"要求有點難找
希望推薦""戰爭+戀愛""要素的輕小說,不是戰""鬥""是戰""爭""
要完結了的,GOOD ENDING最好",完結,False,後宮,0.6508638243785124,0.26034552975140496
q24,"要求有點難找
希望推薦""戰爭+戀愛""要素的輕小說,不是戰""鬥""是戰""爭""
要完結了的,GOOD ENDING最好",完結,False,職場,0.6462028695680281,0.25848114782721127
q24,"要求有點難找
希望推薦""戰爭+戀愛""要素的輕小說,不是戰""鬥""是戰""爭""
要完結了的,GOOD ENDING最好",完結,False,腦洞,0.6435982419790689,0.2574392967916276
q24,"要求有點難找
希望推薦""戰爭+戀愛""要素的輕小說,不是戰""鬥""是戰""爭""
要完結了的,GOOD ENDING最好",完結,False,宅文化,0.6385674818714008,0.25542699274856034
q24,"要求有點難找
希望推薦""戰爭+戀愛""要素的輕小說,不是戰""鬥""是戰""爭""
要完結了的,GOOD ENDING最好",完結,False,校園,0.6426273255453555,0.25705093021814224
q24,"要求有點難找
希望推薦""戰爭+戀愛""要素的輕小說,不是戰""鬥""是戰""爭""
要完結了的,GOOD ENDING最好",完結,False,同人,0.6622414692899735,0.2648965877159894
q24,"要求有點難找
希望推薦""戰爭+戀愛""要素的輕小說,不是戰""鬥""是戰""爭""
要完結了的,GOOD ENDING最好",完結,False,異能,0.6460904064228141,0.25843616256912566
q24,"要求有點難找
希望推薦""戰爭+戀愛""要素的輕小說,不是戰""鬥""是戰""爭""
要完結了的,GOOD ENDING最好",完結,False,音樂,0.6625835361634671,0.26503341446538686
q24,"要求有點難找
希望推薦""戰爭+戀愛""要素的輕小說,不是戰""鬥""是戰""爭""
要完結了的,GOOD ENDING最好",完結,False,間諜,0.6179970716058953,0.24719882864235815
q24,"要求有點難找
希望推薦""戰爭+戀愛""要素的輕小說,不是戰""鬥""是戰""爭""
要完結了的,GOOD ENDING最好",完結,False,大小姐,0.6359230274931718,0.2543692109972687
q24,"要求有點難找
希望推薦""戰爭+戀愛""要素的輕小說,不是戰""鬥""是戰""爭""
要完結了的,GOOD ENDING最好",完結,False,美食,0.6324633756905781,0.25298535027623126
q24,"要求有點難找
希望推薦""戰爭+戀愛""要素的輕小說,不是戰""鬥""是戰""爭""
要完結了的,GOOD ENDING最好",完結,False,大逃殺,0.6495900918139301,0.25983603672557204
q24,"要求有點難找
希望推薦""戰爭+戀愛""要素的輕小說,不是戰""鬥""是戰""爭""
要完結了的,GOOD ENDING最好",完結,False,戀愛,0.661934667392919,0.2647738669571676
q24,"要求有點難找
希望推薦""戰爭+戀愛""要素的輕小說,不是戰""鬥""是戰""爭""
要完結了的,GOOD ENDING最好",完結,False,犯罪,0.6481047029277371,0.25924188117109487
q24,"要求有點難找
希望推薦""戰爭+戀愛""要素的輕小說,不是戰""鬥""是戰""爭""
要完結了的,GOOD ENDING最好",完結,False,轉生,0.6485798574726981,0.25943194298907923
q24,"要求有點難找
希望推薦""戰爭+戀愛""要素的輕小說,不是戰""鬥""是戰""爭""
要完結了的,GOOD ENDING最好",完結,False,青梅竹馬,0.6504163461071718,0.26016653844286874
q24,"要求有點難找
希望推薦""戰爭+戀愛""要素的輕小說,不是戰""鬥""是戰""爭""
要完結了的,GOOD ENDING最好",完結,False,女性視角,0.6514709413087886,0.26058837652351546
q24,"要求有點難找
希望推薦""戰爭+戀愛""要素的輕小說,不是戰""鬥""是戰""爭""
要完結了的,GOOD ENDING最好",完結,False,溫馨,0.6701773507291939,0.2680709402916776
q24,"要求有點難找
希望推薦""戰爭+戀愛""要素的輕小說,不是戰""鬥""是戰""爭""
要完結了的,GOOD ENDING最好",完結,False,經營,0.6431095188956966,0.25724380755827864
q24,"要求有點難找
希望推薦""戰爭+戀愛""要素的輕小說,不是戰""鬥""是戰""爭""
要完結了的,GOOD ENDING最好",完結,False,復仇,0.6299182842526665,0.2519673137010666
q24,"要求有點難找
希望推薦""戰爭+戀愛""要素的輕小說,不是戰""鬥""是戰""爭""
要完結了的,GOOD ENDING最好",完結,False,黑暗,0.650147694045704,0.2600590776182816
q24,"要求有點難找
希望推薦""戰爭+戀愛""要素的輕小說,不是戰""鬥""是戰""爭""
要完結了的,GOOD ENDING最好",完結,False,戰鬥,0.6356778545727658,0.2542711418291063
q24,"要求有點難找
希望推薦""戰爭+戀愛""要素的輕小說,不是戰""鬥""是戰""爭""
要完結了的,GOOD ENDING最好",完結,False,群像,0.6566481097977261,0.26265924391909046
q24,"要求有點難找
希望推薦""戰爭+戀愛""要素的輕小說,不是戰""鬥""是戰""爭""
要完結了的,GOOD ENDING最好",完結,False,歡樂向,0.6884501266742209,0.27538005066968835
q24,"要求有點難找
希望推薦""戰爭+戀愛""要素的輕小說,不是戰""鬥""是戰""爭""
要完結了的,GOOD ENDING最好",完結,False,惡役,0.6420612453866343,0.25682449815465375
q24,"要求有點難找
希望推薦""戰爭+戀愛""要素的輕小說,不是戰""鬥""是戰""爭""
要完結了的,GOOD ENDING最好",完結,False,機戰,0.6534759841056613,0.2613903936422645
q24,"要求有點難找
希望推薦""戰爭+戀愛""要素的輕小說,不是戰""鬥""是戰""爭""
要完結了的,GOOD ENDING最好",完結,False,驚悚,0.6592106246874008,0.2636842498749603
q24,"要求有點難找
希望推薦""戰爭+戀愛""要素的輕小說,不是戰""鬥""是戰""爭""
要完結了的,GOOD ENDING最好",完結,False,奇幻,0.6567947805033338,0.26271791220133356
q24,"要求有點難找
希望推薦""戰爭+戀愛""要素的輕小說,不是戰""鬥""是戰""爭""
要完結了的,GOOD ENDING最好",完結,False,耽美,0.6822322783360123,0.2728929113344049
q24,"要求有點難找
希望推薦""戰爭+戀愛""要素的輕小說,不是戰""鬥""是戰""爭""
要完結了的,GOOD ENDING最好",完結,False,妹妹,0.6364595242763292,0.2545838097105317
q24,"要求有點難找
希望推薦""戰爭+戀愛""要素的輕小說,不是戰""鬥""是戰""爭""
要完結了的,GOOD ENDING最好",完結,False,龍傲天,0.6435282989394119,0.25741131957576474
q24,"要求有點難找
希望推薦""戰爭+戀愛""要素的輕小說,不是戰""鬥""是戰""爭""
要完結了的,GOOD ENDING最好",完結,False,推理,0.6814000380529662,0.2725600152211865
q24,"要求有點難找
希望推薦""戰爭+戀愛""要素的輕小說,不是戰""鬥""是戰""爭""
要完結了的,GOOD ENDING最好",完結,False,JC,0.6499493785241206,0.25997975140964824
q24,"要求有點難找
希望推薦""戰爭+戀愛""要素的輕小說,不是戰""鬥""是戰""爭""
要完結了的,GOOD ENDING最好",完結,False,偽娘,0.632687886026421,0.25307515441056844
q24,"要求有點難找
希望推薦""戰爭+戀愛""要素的輕小說,不是戰""鬥""是戰""爭""
要完結了的,GOOD ENDING最好",完結,False,NTR,0.6554607444033203,0.2621842977613281
q24,"要求有點難找
希望推薦""戰爭+戀愛""要素的輕小說,不是戰""鬥""是戰""爭""
要完結了的,GOOD ENDING最好",完結,False,戰爭,0.6390360907303989,0.2556144362921596
q24,"要求有點難找
希望推薦""戰爭+戀愛""要素的輕小說,不是戰""鬥""是戰""爭""
要完結了的,GOOD ENDING最好",完結,False,病嬌,0.6469272526691235,0.25877090106764944
q24,"要求有點難找
希望推薦""戰爭+戀愛""要素的輕小說,不是戰""鬥""是戰""爭""
要完結了的,GOOD ENDING最好",完結,False,熱血,0.6444356319493272,0.2577742527797309
q24,"要求有點難找
希望推薦""戰爭+戀愛""要素的輕小說,不是戰""鬥""是戰""爭""
要完結了的,GOOD ENDING最好",完結,False,冒險,0.6496018470178591,0.25984073880714365
q24,"要求有點難找
希望推薦""戰爭+戀愛""要素的輕小說,不是戰""鬥""是戰""爭""
要完結了的,GOOD ENDING最好",完結,False,女兒,0.6282783624979905,0.2513113449991962
q24,"要求有點難找
希望推薦""戰爭+戀愛""要素的輕小說,不是戰""鬥""是戰""爭""
要完結了的,GOOD ENDING最好",完結,False,人外,0.6628556368905887,0.2651422547562355
q24,"要求有點難找
希望推薦""戰爭+戀愛""要素的輕小說,不是戰""鬥""是戰""爭""
要完結了的,GOOD ENDING最好",完結,False,異世界,0.6452488264232957,0.2580995305693183
q24,"要求有點難找
希望推薦""戰爭+戀愛""要素的輕小說,不是戰""鬥""是戰""爭""
要完結了的,GOOD ENDING最好",完結,False,懸疑,0.6799203732950231,0.2719681493180092
q24,"要求有點難找
希望推薦""戰爭+戀愛""要素的輕小說,不是戰""鬥""是戰""爭""
要完結了的,GOOD ENDING最好",HappyEnding,False,大逃殺,0.6192837578139732,0.24771350312558926
q24,"要求有點難找
希望推薦""戰爭+戀愛""要素的輕小說,不是戰""鬥""是戰""爭""
要完結了的,GOOD ENDING最好",HappyEnding,False,戀愛,0.6624399509756131,0.2649759803902453
q24,"要求有點難找
希望推薦""戰爭+戀愛""要素的輕小說,不是戰""鬥""是戰""爭""
要完結了的,GOOD ENDING最好",HappyEnding,False,犯罪,0.618658135209012,0.2474632540836048
q24,"要求有點難找
希望推薦""戰爭+戀愛""要素的輕小說,不是戰""鬥""是戰""爭""
要完結了的,GOOD ENDING最好",HappyEnding,False,鬥智,0.6143865697207239,0.24575462788828958
q24,"要求有點難找
希望推薦""戰爭+戀愛""要素的輕小說,不是戰""鬥""是戰""爭""
要完結了的,GOOD ENDING最好",HappyEnding,False,科幻,0.6480463752613681,0.25921855010454725
q24,"要求有點難找
希望推薦""戰爭+戀愛""要素的輕小說,不是戰""鬥""是戰""爭""
要完結了的,GOOD ENDING最好",HappyEnding,False,百合,0.6542198442208826,0.2616879376883531
q24,"要求有點難找
希望推薦""戰爭+戀愛""要素的輕小說,不是戰""鬥""是戰""爭""
要完結了的,GOOD ENDING最好",HappyEnding,False,轉生,0.6369071919133404,0.2547628767653362
q24,"要求有點難找
希望推薦""戰爭+戀愛""要素的輕小說,不是戰""鬥""是戰""爭""
要完結了的,GOOD ENDING最好",HappyEnding,False,治癒,0.6925149837249265,0.2770059934899706
q24,"要求有點難找
希望推薦""戰爭+戀愛""要素的輕小說,不是戰""鬥""是戰""爭""
要完結了的,GOOD ENDING最好",HappyEnding,False,青梅竹馬,0.6418081913789676,0.25672327655158705
q24,"要求有點難找
希望推薦""戰爭+戀愛""要素的輕小說,不是戰""鬥""是戰""爭""
要完結了的,GOOD ENDING最好",HappyEnding,False,女性視角,0.6474832847658181,0.25899331390632724
q24,"要求有點難找
希望推薦""戰爭+戀愛""要素的輕小說,不是戰""鬥""是戰""爭""
要完結了的,GOOD ENDING最好",HappyEnding,False,性轉,0.6255483127388387,0.2502193250955355
q24,"要求有點難找
希望推薦""戰爭+戀愛""要素的輕小說,不是戰""鬥""是戰""爭""
要完結了的,GOOD ENDING最好",HappyEnding,False,溫馨,0.6876172389727269,0.27504689558909073
q24,"要求有點難找
希望推薦""戰爭+戀愛""要素的輕小說,不是戰""鬥""是戰""爭""
要完結了的,GOOD ENDING最好",HappyEnding,False,經營,0.6342917346055227,0.2537166938422091
q24,"要求有點難找
希望推薦""戰爭+戀愛""要素的輕小說,不是戰""鬥""是戰""爭""
要完結了的,GOOD ENDING最好",HappyEnding,False,獵奇,0.634427865719216,0.25377114628768643
q24,"要求有點難找
希望推薦""戰爭+戀愛""要素的輕小說,不是戰""鬥""是戰""爭""
要完結了的,GOOD ENDING最好",HappyEnding,False,復仇,0.6112305287329328,0.24449221149317313
q24,"要求有點難找
希望推薦""戰爭+戀愛""要素的輕小說,不是戰""鬥""是戰""爭""
要完結了的,GOOD ENDING最好",HappyEnding,False,黑暗,0.6222241640750132,0.2488896656300053
q24,"要求有點難找
希望推薦""戰爭+戀愛""要素的輕小說,不是戰""鬥""是戰""爭""
要完結了的,GOOD ENDING最好",HappyEnding,False,末日,0.6409479564291711,0.2563791825716685
q24,"要求有點難找
希望推薦""戰爭+戀愛""要素的輕小說,不是戰""鬥""是戰""爭""
要完結了的,GOOD ENDING最好",HappyEnding,False,遊戲,0.6187880862366592,0.24751523449466367
q24,"要求有點難找
希望推薦""戰爭+戀愛""要素的輕小說,不是戰""鬥""是戰""爭""
要完結了的,GOOD ENDING最好",HappyEnding,False,青春,0.6367956308106905,0.2547182523242762
q24,"要求有點難找
希望推薦""戰爭+戀愛""要素的輕小說,不是戰""鬥""是戰""爭""
要完結了的,GOOD ENDING最好",HappyEnding,False,群像,0.640786673856109,0.2563146695424436
q24,"要求有點難找
希望推薦""戰爭+戀愛""要素的輕小說,不是戰""鬥""是戰""爭""
要完結了的,GOOD ENDING最好",HappyEnding,False,歡樂向,0.7341398704663139,0.2936559481865256
q24,"要求有點難找
希望推薦""戰爭+戀愛""要素的輕小說,不是戰""鬥""是戰""爭""
要完結了的,GOOD ENDING最好",HappyEnding,False,旅行,0.6298908946898318,0.25195635787593273
q24,"要求有點難找
希望推薦""戰爭+戀愛""要素的輕小說,不是戰""鬥""是戰""爭""
要完結了的,GOOD ENDING最好",HappyEnding,False,惡役,0.6232488529146067,0.24929954116584271
q24,"要求有點難找
希望推薦""戰爭+戀愛""要素的輕小說,不是戰""鬥""是戰""爭""
要完結了的,GOOD ENDING最好",HappyEnding,False,蘿莉,0.636865880674744,0.2547463522698976
q24,"要求有點難找
希望推薦""戰爭+戀愛""要素的輕小說,不是戰""鬥""是戰""爭""
要完結了的,GOOD ENDING最好",HappyEnding,False,機戰,0.626916154485166,0.2507664617940664
q24,"要求有點難找
希望推薦""戰爭+戀愛""要素的輕小說,不是戰""鬥""是戰""爭""
要完結了的,GOOD ENDING最好",HappyEnding,False,奇幻,0.6520305142369729,0.2608122056947892
q24,"要求有點難找
希望推薦""戰爭+戀愛""要素的輕小說,不是戰""鬥""是戰""爭""
要完結了的,GOOD ENDING最好",HappyEnding,False,JK,0.6507928816875742,0.2603171526750297
q24,"要求有點難找
希望推薦""戰爭+戀愛""要素的輕小說,不是戰""鬥""是戰""爭""
要完結了的,GOOD ENDING最好",HappyEnding,False,後宮,0.648632353904909,0.25945294156196363
q24,"要求有點難找
希望推薦""戰爭+戀愛""要素的輕小說,不是戰""鬥""是戰""爭""
要完結了的,GOOD ENDING最好",HappyEnding,False,耽美,0.6750394145774572,0.2700157658309829
q24,"要求有點難找
希望推薦""戰爭+戀愛""要素的輕小說,不是戰""鬥""是戰""爭""
要完結了的,GOOD ENDING最好",HappyEnding,False,妹妹,0.6253496489965442,0.2501398595986177
q24,"要求有點難找
希望推薦""戰爭+戀愛""要素的輕小說,不是戰""鬥""是戰""爭""
要完結了的,GOOD ENDING最好",HappyEnding,False,龍傲天,0.6303359799672139,0.2521343919868856
q24,"要求有點難找
希望推薦""戰爭+戀愛""要素的輕小說,不是戰""鬥""是戰""爭""
要完結了的,GOOD ENDING最好",HappyEnding,False,職場,0.6285483295847473,0.2514193318338989
q24,"要求有點難找
希望推薦""戰爭+戀愛""要素的輕小說,不是戰""鬥""是戰""爭""
要完結了的,GOOD ENDING最好",HappyEnding,False,推理,0.6491280893165723,0.2596512357266289
q24,"要求有點難找
希望推薦""戰爭+戀愛""要素的輕小說,不是戰""鬥""是戰""爭""
要完結了的,GOOD ENDING最好",HappyEnding,False,JC,0.6442798581345026,0.25771194325380103
q24,"要求有點難找
希望推薦""戰爭+戀愛""要素的輕小說,不是戰""鬥""是戰""爭""
要完結了的,GOOD ENDING最好",HappyEnding,False,校園,0.637788610603785,0.255115444241514
q24,"要求有點難找
希望推薦""戰爭+戀愛""要素的輕小說,不是戰""鬥""是戰""爭""
要完結了的,GOOD ENDING最好",HappyEnding,False,同人,0.6407795140001249,0.25631180560004996
q24,"要求有點難找
希望推薦""戰爭+戀愛""要素的輕小說,不是戰""鬥""是戰""爭""
要完結了的,GOOD ENDING最好",HappyEnding,False,NTR,0.6512881924901757,0.2605152769960703
q24,"要求有點難找
希望推薦""戰爭+戀愛""要素的輕小說,不是戰""鬥""是戰""爭""
要完結了的,GOOD ENDING最好",HappyEnding,False,異能,0.6270765728738154,0.25083062914952614
q24,"要求有點難找
希望推薦""戰爭+戀愛""要素的輕小說,不是戰""鬥""是戰""爭""
要完結了的,GOOD ENDING最好",HappyEnding,False,音樂,0.6419498123640298,0.2567799249456119
q24,"要求有點難找
希望推薦""戰爭+戀愛""要素的輕小說,不是戰""鬥""是戰""爭""
要完結了的,GOOD ENDING最好",HappyEnding,False,戰爭,0.6081224753084076,0.24324899012336304
q24,"要求有點難找
希望推薦""戰爭+戀愛""要素的輕小說,不是戰""鬥""是戰""爭""
要完結了的,GOOD ENDING最好",HappyEnding,False,熱血,0.6348279286605645,0.2539311714642258
q24,"要求有點難找
希望推薦""戰爭+戀愛""要素的輕小說,不是戰""鬥""是戰""爭""
要完結了的,GOOD ENDING最好",HappyEnding,False,冒險,0.6351964476563909,0.2540785790625564
q24,"要求有點難找
希望推薦""戰爭+戀愛""要素的輕小說,不是戰""鬥""是戰""爭""
要完結了的,GOOD ENDING最好",HappyEnding,False,大小姐,0.6232207268715464,0.24928829074861858
q24,"要求有點難找
希望推薦""戰爭+戀愛""要素的輕小說,不是戰""鬥""是戰""爭""
要完結了的,GOOD ENDING最好",HappyEnding,False,女兒,0.6212890871787615,0.24851563487150463
q24,"要求有點難找
希望推薦""戰爭+戀愛""要素的輕小說,不是戰""鬥""是戰""爭""
要完結了的,GOOD ENDING最好",HappyEnding,False,人外,0.6437590315521731,0.25750361262086924
q24,"要求有點難找
希望推薦""戰爭+戀愛""要素的輕小說,不是戰""鬥""是戰""爭""
要完結了的,GOOD ENDING最好",HappyEnding,False,美食,0.6235502519646595,0.24942010078586382
q24,"要求有點難找
希望推薦""戰爭+戀愛""要素的輕小說,不是戰""鬥""是戰""爭""
要完結了的,GOOD ENDING最好",HappyEnding,False,懸疑,0.6466624486943486,0.2586649794777395
q23,"最近不知道要看什麼，想請大家推薦一些好看的作品

裝逼開掛類的
黑暗懸疑的
或是一些風格冷門的都還算喜歡
只有一個大前提，不要後宮，不要賣肉（好像變2個大前提了？
不喜歡那種明明男主沒幹什麼但每個女角都喜歡他，非得要的話2個是極限，而且劇情希望能別注重在他們愛來愛去互刷好感度卻又不決定人選的地方，如果是冒險類作品增加同伴的時候，可以的話別清一色都女的偶而也增加點男性同伴也好（都女的最後8成都變後宮
再來不要硬賣一些福利，例如某漫畫的黎斗摔，或者是洗澡時剛好開門，或者是組個樂團為了討老師歡心換了泳裝演奏……這種的不太能接受

喜歡偏向下剋上（不管是強者因未知原因被分到弱組還是靠努力爬上來把上位者打趴的都喜歡）
描寫內心戲多的（黑掉壞掉，或是溫馨感動的都喜歡）
不好意思這麼麻煩…因為總感覺現在大眾向的作品，開掛後宮福利都會有，希望能找到一些後宮福利少點的",龍傲天,True,龍傲天,1.0,1.0
q23,"最近不知道要看什麼，想請大家推薦一些好看的作品

裝逼開掛類的
黑暗懸疑的
或是一些風格冷門的都還算喜歡
只有一個大前提，不要後宮，不要賣肉（好像變2個大前提了？
不喜歡那種明明男主沒幹什麼但每個女角都喜歡他，非得要的話2個是極限，而且劇情希望能別注重在他們愛來愛去互刷好感度卻又不決定人選的地方，如果是冒險類作品增加同伴的時候，可以的話別清一色都女的偶而也增加點男性同伴也好（都女的最後8成都變後宮
再來不要硬賣一些福利，例如某漫畫的黎斗摔，或者是洗澡時剛好開門，或者是組個樂團為了討老師歡心換了泳裝演奏……這種的不太能接受

喜歡偏向下剋上（不管是強者因未知原因被分到弱組還是靠努力爬上來把上位者打趴的都喜歡）
描寫內心戲多的（黑掉壞掉，或是溫馨感動的都喜歡）
不好意思這麼麻煩…因為總感覺現在大眾向的作品，開掛後宮福利都會有，希望能找到一些後宮福利少點的",黑暗,True,黑暗,1.0,1.0
q23,"最近不知道要看什麼，想請大家推薦一些好看的作品

裝逼開掛類的
黑暗懸疑的
或是一些風格冷門的都還算喜歡
只有一個大前提，不要後宮，不要賣肉（好像變2個大前提了？
不喜歡那種明明男主沒幹什麼但每個女角都喜歡他，非得要的話2個是極限，而且劇情希望能別注重在他們愛來愛去互刷好感度卻又不決定人選的地方，如果是冒險類作品增加同伴的時候，可以的話別清一色都女的偶而也增加點男性同伴也好（都女的最後8成都變後宮
再來不要硬賣一些福利，例如某漫畫的黎斗摔，或者是洗澡時剛好開門，或者是組個樂團為了討老師歡心換了泳裝演奏……這種的不太能接受

喜歡偏向下剋上（不管是強者因未知原因被分到弱組還是靠努力爬上來把上位者打趴的都喜歡）
描寫內心戲多的（黑掉壞掉，或是溫馨感動的都喜歡）
不好意思這麼麻煩…因為總感覺現在大眾向的作品，開掛後宮福利都會有，希望能找到一些後宮福利少點的",懸疑,True,懸疑,1.0,1.0
q23,"最近不知道要看什麼，想請大家推薦一些好看的作品

裝逼開掛類的
黑暗懸疑的
或是一些風格冷門的都還算喜歡
只有一個大前提，不要後宮，不要賣肉（好像變2個大前提了？
不喜歡那種明明男主沒幹什麼但每個女角都喜歡他，非得要的話2個是極限，而且劇情希望能別注重在他們愛來愛去互刷好感度卻又不決定人選的地方，如果是冒險類作品增加同伴的時候，可以的話別清一色都女的偶而也增加點男性同伴也好（都女的最後8成都變後宮
再來不要硬賣一些福利，例如某漫畫的黎斗摔，或者是洗澡時剛好開門，或者是組個樂團為了討老師歡心換了泳裝演奏……這種的不太能接受

喜歡偏向下剋上（不管是強者因未知原因被分到弱組還是靠努力爬上來把上位者打趴的都喜歡）
描寫內心戲多的（黑掉壞掉，或是溫馨感動的都喜歡）
不好意思這麼麻煩…因為總感覺現在大眾向的作品，開掛後宮福利都會有，希望能找到一些後宮福利少點的",下剋上,False,競技,0.6435438562100664,0.25741754248402654
q23,"最近不知道要看什麼，想請大家推薦一些好看的作品

裝逼開掛類的
黑暗懸疑的
或是一些風格冷門的都還算喜歡
只有一個大前提，不要後宮，不要賣肉（好像變2個大前提了？
不喜歡那種明明男主沒幹什麼但每個女角都喜歡他，非得要的話2個是極限，而且劇情希望能別注重在他們愛來愛去互刷好感度卻又不決定人選的地方，如果是冒險類作品增加同伴的時候，可以的話別清一色都女的偶而也增加點男性同伴也好（都女的最後8成都變後宮
再來不要硬賣一些福利，例如某漫畫的黎斗摔，或者是洗澡時剛好開門，或者是組個樂團為了討老師歡心換了泳裝演奏……這種的不太能接受

喜歡偏向下剋上（不管是強者因未知原因被分到弱組還是靠努力爬上來把上位者打趴的都喜歡）
描寫內心戲多的（黑掉壞掉，或是溫馨感動的都喜歡）
不好意思這麼麻煩…因為總感覺現在大眾向的作品，開掛後宮福利都會有，希望能找到一些後宮福利少點的",下剋上,False,鬥智,0.6627288013592613,0.2650915205437045
q23,"最近不知道要看什麼，想請大家推薦一些好看的作品

裝逼開掛類的
黑暗懸疑的
或是一些風格冷門的都還算喜歡
只有一個大前提，不要後宮，不要賣肉（好像變2個大前提了？
不喜歡那種明明男主沒幹什麼但每個女角都喜歡他，非得要的話2個是極限，而且劇情希望能別注重在他們愛來愛去互刷好感度卻又不決定人選的地方，如果是冒險類作品增加同伴的時候，可以的話別清一色都女的偶而也增加點男性同伴也好（都女的最後8成都變後宮
再來不要硬賣一些福利，例如某漫畫的黎斗摔，或者是洗澡時剛好開門，或者是組個樂團為了討老師歡心換了泳裝演奏……這種的不太能接受

喜歡偏向下剋上（不管是強者因未知原因被分到弱組還是靠努力爬上來把上位者打趴的都喜歡）
描寫內心戲多的（黑掉壞掉，或是溫馨感動的都喜歡）
不好意思這麼麻煩…因為總感覺現在大眾向的作品，開掛後宮福利都會有，希望能找到一些後宮福利少點的",下剋上,False,科幻,0.6599614756111634,0.26398459024446536
q23,"最近不知道要看什麼，想請大家推薦一些好看的作品

裝逼開掛類的
黑暗懸疑的
或是一些風格冷門的都還算喜歡
只有一個大前提，不要後宮，不要賣肉（好像變2個大前提了？
不喜歡那種明明男主沒幹什麼但每個女角都喜歡他，非得要的話2個是極限，而且劇情希望能別注重在他們愛來愛去互刷好感度卻又不決定人選的地方，如果是冒險類作品增加同伴的時候，可以的話別清一色都女的偶而也增加點男性同伴也好（都女的最後8成都變後宮
再來不要硬賣一些福利，例如某漫畫的黎斗摔，或者是洗澡時剛好開門，或者是組個樂團為了討老師歡心換了泳裝演奏……這種的不太能接受

喜歡偏向下剋上（不管是強者因未知原因被分到弱組還是靠努力爬上來把上位者打趴的都喜歡）
描寫內心戲多的（黑掉壞掉，或是溫馨感動的都喜歡）
不好意思這麼麻煩…因為總感覺現在大眾向的作品，開掛後宮福利都會有，希望能找到一些後宮福利少點的",下剋上,False,格鬥,0.6637117215045878,0.2654846886018351
q23,"最近不知道要看什麼，想請大家推薦一些好看的作品

裝逼開掛類的
黑暗懸疑的
或是一些風格冷門的都還算喜歡
只有一個大前提，不要後宮，不要賣肉（好像變2個大前提了？
不喜歡那種明明男主沒幹什麼但每個女角都喜歡他，非得要的話2個是極限，而且劇情希望能別注重在他們愛來愛去互刷好感度卻又不決定人選的地方，如果是冒險類作品增加同伴的時候，可以的話別清一色都女的偶而也增加點男性同伴也好（都女的最後8成都變後宮
再來不要硬賣一些福利，例如某漫畫的黎斗摔，或者是洗澡時剛好開門，或者是組個樂團為了討老師歡心換了泳裝演奏……這種的不太能接受

喜歡偏向下剋上（不管是強者因未知原因被分到弱組還是靠努力爬上來把上位者打趴的都喜歡）
描寫內心戲多的（黑掉壞掉，或是溫馨感動的都喜歡）
不好意思這麼麻煩…因為總感覺現在大眾向的作品，開掛後宮福利都會有，希望能找到一些後宮福利少點的",下剋上,False,百合,0.662765232493531,0.26510609299741245
q23,"最近不知道要看什麼，想請大家推薦一些好看的作品

裝逼開掛類的
黑暗懸疑的
或是一些風格冷門的都還算喜歡
只有一個大前提，不要後宮，不要賣肉（好像變2個大前提了？
不喜歡那種明明男主沒幹什麼但每個女角都喜歡他，非得要的話2個是極限，而且劇情希望能別注重在他們愛來愛去互刷好感度卻又不決定人選的地方，如果是冒險類作品增加同伴的時候，可以的話別清一色都女的偶而也增加點男性同伴也好（都女的最後8成都變後宮
再來不要硬賣一些福利，例如某漫畫的黎斗摔，或者是洗澡時剛好開門，或者是組個樂團為了討老師歡心換了泳裝演奏……這種的不太能接受

喜歡偏向下剋上（不管是強者因未知原因被分到弱組還是靠努力爬上來把上位者打趴的都喜歡）
描寫內心戲多的（黑掉壞掉，或是溫馨感動的都喜歡）
不好意思這麼麻煩…因為總感覺現在大眾向的作品，開掛後宮福利都會有，希望能找到一些後宮福利少點的",下剋上,False,治癒,0.6441558342447888,0.2576623336979155
q23,"最近不知道要看什麼，想請大家推薦一些好看的作品

裝逼開掛類的
黑暗懸疑的
或是一些風格冷門的都還算喜歡
只有一個大前提，不要後宮，不要賣肉（好像變2個大前提了？
不喜歡那種明明男主沒幹什麼但每個女角都喜歡他，非得要的話2個是極限，而且劇情希望能別注重在他們愛來愛去互刷好感度卻又不決定人選的地方，如果是冒險類作品增加同伴的時候，可以的話別清一色都女的偶而也增加點男性同伴也好（都女的最後8成都變後宮
再來不要硬賣一些福利，例如某漫畫的黎斗摔，或者是洗澡時剛好開門，或者是組個樂團為了討老師歡心換了泳裝演奏……這種的不太能接受

喜歡偏向下剋上（不管是強者因未知原因被分到弱組還是靠努力爬上來把上位者打趴的都喜歡）
描寫內心戲多的（黑掉壞掉，或是溫馨感動的都喜歡）
不好意思這麼麻煩…因為總感覺現在大眾向的作品，開掛後宮福利都會有，希望能找到一些後宮福利少點的",下剋上,False,性轉,0.6478931459960509,0.25915725839842035
q23,"最近不知道要看什麼，想請大家推薦一些好看的作品

裝逼開掛類的
黑暗懸疑的
或是一些風格冷門的都還算喜歡
只有一個大前提，不要後宮，不要賣肉（好像變2個大前提了？
不喜歡那種明明男主沒幹什麼但每個女角都喜歡他，非得要的話2個是極限，而且劇情希望能別注重在他們愛來愛去互刷好感度卻又不決定人選的地方，如果是冒險類作品增加同伴的時候，可以的話別清一色都女的偶而也增加點男性同伴也好（都女的最後8成都變後宮
再來不要硬賣一些福利，例如某漫畫的黎斗摔，或者是洗澡時剛好開門，或者是組個樂團為了討老師歡心換了泳裝演奏……這種的不太能接受

喜歡偏向下剋上（不管是強者因未知原因被分到弱組還是靠努力爬上來把上位者打趴的都喜歡）
描寫內心戲多的（黑掉壞掉，或是溫馨感動的都喜歡）
不好意思這麼麻煩…因為總感覺現在大眾向的作品，開掛後宮福利都會有，希望能找到一些後宮福利少點的",下剋上,False,獵奇,0.6658985086515394,0.26635940346061576
q23,"最近不知道要看什麼，想請大家推薦一些好看的作品

裝逼開掛類的
黑暗懸疑的
或是一些風格冷門的都還算喜歡
只有一個大前提，不要後宮，不要賣肉（好像變2個大前提了？
不喜歡那種明明男主沒幹什麼但每個女角都喜歡他，非得要的話2個是極限，而且劇情希望能別注重在他們愛來愛去互刷好感度卻又不決定人選的地方，如果是冒險類作品增加同伴的時候，可以的話別清一色都女的偶而也增加點男性同伴也好（都女的最後8成都變後宮
再來不要硬賣一些福利，例如某漫畫的黎斗摔，或者是洗澡時剛好開門，或者是組個樂團為了討老師歡心換了泳裝演奏……這種的不太能接受

喜歡偏向下剋上（不管是強者因未知原因被分到弱組還是靠努力爬上來把上位者打趴的都喜歡）
描寫內心戲多的（黑掉壞掉，或是溫馨感動的都喜歡）
不好意思這麼麻煩…因為總感覺現在大眾向的作品，開掛後宮福利都會有，希望能找到一些後宮福利少點的",下剋上,False,末日,0.6375569999775133,0.2550227999910053
q23,"最近不知道要看什麼，想請大家推薦一些好看的作品

裝逼開掛類的
黑暗懸疑的
或是一些風格冷門的都還算喜歡
只有一個大前提，不要後宮，不要賣肉（好像變2個大前提了？
不喜歡那種明明男主沒幹什麼但每個女角都喜歡他，非得要的話2個是極限，而且劇情希望能別注重在他們愛來愛去互刷好感度卻又不決定人選的地方，如果是冒險類作品增加同伴的時候，可以的話別清一色都女的偶而也增加點男性同伴也好（都女的最後8成都變後宮
再來不要硬賣一些福利，例如某漫畫的黎斗摔，或者是洗澡時剛好開門，或者是組個樂團為了討老師歡心換了泳裝演奏……這種的不太能接受

喜歡偏向下剋上（不管是強者因未知原因被分到弱組還是靠努力爬上來把上位者打趴的都喜歡）
描寫內心戲多的（黑掉壞掉，或是溫馨感動的都喜歡）
不好意思這麼麻煩…因為總感覺現在大眾向的作品，開掛後宮福利都會有，希望能找到一些後宮福利少點的",下剋上,False,遊戲,0.644339522222799,0.2577358088891196
q23,"最近不知道要看什麼，想請大家推薦一些好看的作品

裝逼開掛類的
黑暗懸疑的
或是一些風格冷門的都還算喜歡
只有一個大前提，不要後宮，不要賣肉（好像變2個大前提了？
不喜歡那種明明男主沒幹什麼但每個女角都喜歡他，非得要的話2個是極限，而且劇情希望能別注重在他們愛來愛去互刷好感度卻又不決定人選的地方，如果是冒險類作品增加同伴的時候，可以的話別清一色都女的偶而也增加點男性同伴也好（都女的最後8成都變後宮
再來不要硬賣一些福利，例如某漫畫的黎斗摔，或者是洗澡時剛好開門，或者是組個樂團為了討老師歡心換了泳裝演奏……這種的不太能接受

喜歡偏向下剋上（不管是強者因未知原因被分到弱組還是靠努力爬上來把上位者打趴的都喜歡）
描寫內心戲多的（黑掉壞掉，或是溫馨感動的都喜歡）
不好意思這麼麻煩…因為總感覺現在大眾向的作品，開掛後宮福利都會有，希望能找到一些後宮福利少點的",下剋上,False,青春,0.6337007904631209,0.25348031618524836
q23,"最近不知道要看什麼，想請大家推薦一些好看的作品

裝逼開掛類的
黑暗懸疑的
或是一些風格冷門的都還算喜歡
只有一個大前提，不要後宮，不要賣肉（好像變2個大前提了？
不喜歡那種明明男主沒幹什麼但每個女角都喜歡他，非得要的話2個是極限，而且劇情希望能別注重在他們愛來愛去互刷好感度卻又不決定人選的地方，如果是冒險類作品增加同伴的時候，可以的話別清一色都女的偶而也增加點男性同伴也好（都女的最後8成都變後宮
再來不要硬賣一些福利，例如某漫畫的黎斗摔，或者是洗澡時剛好開門，或者是組個樂團為了討老師歡心換了泳裝演奏……這種的不太能接受

喜歡偏向下剋上（不管是強者因未知原因被分到弱組還是靠努力爬上來把上位者打趴的都喜歡）
描寫內心戲多的（黑掉壞掉，或是溫馨感動的都喜歡）
不好意思這麼麻煩…因為總感覺現在大眾向的作品，開掛後宮福利都會有，希望能找到一些後宮福利少點的",下剋上,False,旅行,0.6396168848862381,0.25584675395449524
q23,"最近不知道要看什麼，想請大家推薦一些好看的作品

裝逼開掛類的
黑暗懸疑的
或是一些風格冷門的都還算喜歡
只有一個大前提，不要後宮，不要賣肉（好像變2個大前提了？
不喜歡那種明明男主沒幹什麼但每個女角都喜歡他，非得要的話2個是極限，而且劇情希望能別注重在他們愛來愛去互刷好感度卻又不決定人選的地方，如果是冒險類作品增加同伴的時候，可以的話別清一色都女的偶而也增加點男性同伴也好（都女的最後8成都變後宮
再來不要硬賣一些福利，例如某漫畫的黎斗摔，或者是洗澡時剛好開門，或者是組個樂團為了討老師歡心換了泳裝演奏……這種的不太能接受

喜歡偏向下剋上（不管是強者因未知原因被分到弱組還是靠努力爬上來把上位者打趴的都喜歡）
描寫內心戲多的（黑掉壞掉，或是溫馨感動的都喜歡）
不好意思這麼麻煩…因為總感覺現在大眾向的作品，開掛後宮福利都會有，希望能找到一些後宮福利少點的",下剋上,False,蘿莉,0.6505058667380059,0.26020234669520237
q23,"最近不知道要看什麼，想請大家推薦一些好看的作品

裝逼開掛類的
黑暗懸疑的
或是一些風格冷門的都還算喜歡
只有一個大前提，不要後宮，不要賣肉（好像變2個大前提了？
不喜歡那種明明男主沒幹什麼但每個女角都喜歡他，非得要的話2個是極限，而且劇情希望能別注重在他們愛來愛去互刷好感度卻又不決定人選的地方，如果是冒險類作品增加同伴的時候，可以的話別清一色都女的偶而也增加點男性同伴也好（都女的最後8成都變後宮
再來不要硬賣一些福利，例如某漫畫的黎斗摔，或者是洗澡時剛好開門，或者是組個樂團為了討老師歡心換了泳裝演奏……這種的不太能接受

喜歡偏向下剋上（不管是強者因未知原因被分到弱組還是靠努力爬上來把上位者打趴的都喜歡）
描寫內心戲多的（黑掉壞掉，或是溫馨感動的都喜歡）
不好意思這麼麻煩…因為總感覺現在大眾向的作品，開掛後宮福利都會有，希望能找到一些後宮福利少點的",下剋上,False,JK,0.6675312097166182,0.2670124838866473
q23,"最近不知道要看什麼，想請大家推薦一些好看的作品

裝逼開掛類的
黑暗懸疑的
或是一些風格冷門的都還算喜歡
只有一個大前提，不要後宮，不要賣肉（好像變2個大前提了？
不喜歡那種明明男主沒幹什麼但每個女角都喜歡他，非得要的話2個是極限，而且劇情希望能別注重在他們愛來愛去互刷好感度卻又不決定人選的地方，如果是冒險類作品增加同伴的時候，可以的話別清一色都女的偶而也增加點男性同伴也好（都女的最後8成都變後宮
再來不要硬賣一些福利，例如某漫畫的黎斗摔，或者是洗澡時剛好開門，或者是組個樂團為了討老師歡心換了泳裝演奏……這種的不太能接受

喜歡偏向下剋上（不管是強者因未知原因被分到弱組還是靠努力爬上來把上位者打趴的都喜歡）
描寫內心戲多的（黑掉壞掉，或是溫馨感動的都喜歡）
不好意思這麼麻煩…因為總感覺現在大眾向的作品，開掛後宮福利都會有，希望能找到一些後宮福利少點的",下剋上,False,後宮,0.6567254843294358,0.2626901937317743
q23,"最近不知道要看什麼，想請大家推薦一些好看的作品

裝逼開掛類的
黑暗懸疑的
或是一些風格冷門的都還算喜歡
只有一個大前提，不要後宮，不要賣肉（好像變2個大前提了？
不喜歡那種明明男主沒幹什麼但每個女角都喜歡他，非得要的話2個是極限，而且劇情希望能別注重在他們愛來愛去互刷好感度卻又不決定人選的地方，如果是冒險類作品增加同伴的時候，可以的話別清一色都女的偶而也增加點男性同伴也好（都女的最後8成都變後宮
再來不要硬賣一些福利，例如某漫畫的黎斗摔，或者是洗澡時剛好開門，或者是組個樂團為了討老師歡心換了泳裝演奏……這種的不太能接受

喜歡偏向下剋上（不管是強者因未知原因被分到弱組還是靠努力爬上來把上位者打趴的都喜歡）
描寫內心戲多的（黑掉壞掉，或是溫馨感動的都喜歡）
不好意思這麼麻煩…因為總感覺現在大眾向的作品，開掛後宮福利都會有，希望能找到一些後宮福利少點的",下剋上,False,職場,0.6597018615955501,0.26388074463822003
q23,"最近不知道要看什麼，想請大家推薦一些好看的作品

裝逼開掛類的
黑暗懸疑的
或是一些風格冷門的都還算喜歡
只有一個大前提，不要後宮，不要賣肉（好像變2個大前提了？
不喜歡那種明明男主沒幹什麼但每個女角都喜歡他，非得要的話2個是極限，而且劇情希望能別注重在他們愛來愛去互刷好感度卻又不決定人選的地方，如果是冒險類作品增加同伴的時候，可以的話別清一色都女的偶而也增加點男性同伴也好（都女的最後8成都變後宮
再來不要硬賣一些福利，例如某漫畫的黎斗摔，或者是洗澡時剛好開門，或者是組個樂團為了討老師歡心換了泳裝演奏……這種的不太能接受

喜歡偏向下剋上（不管是強者因未知原因被分到弱組還是靠努力爬上來把上位者打趴的都喜歡）
描寫內心戲多的（黑掉壞掉，或是溫馨感動的都喜歡）
不好意思這麼麻煩…因為總感覺現在大眾向的作品，開掛後宮福利都會有，希望能找到一些後宮福利少點的",下剋上,False,腦洞,0.63828641209138,0.255314564836552
q23,"最近不知道要看什麼，想請大家推薦一些好看的作品

裝逼開掛類的
黑暗懸疑的
或是一些風格冷門的都還算喜歡
只有一個大前提，不要後宮，不要賣肉（好像變2個大前提了？
不喜歡那種明明男主沒幹什麼但每個女角都喜歡他，非得要的話2個是極限，而且劇情希望能別注重在他們愛來愛去互刷好感度卻又不決定人選的地方，如果是冒險類作品增加同伴的時候，可以的話別清一色都女的偶而也增加點男性同伴也好（都女的最後8成都變後宮
再來不要硬賣一些福利，例如某漫畫的黎斗摔，或者是洗澡時剛好開門，或者是組個樂團為了討老師歡心換了泳裝演奏……這種的不太能接受

喜歡偏向下剋上（不管是強者因未知原因被分到弱組還是靠努力爬上來把上位者打趴的都喜歡）
描寫內心戲多的（黑掉壞掉，或是溫馨感動的都喜歡）
不好意思這麼麻煩…因為總感覺現在大眾向的作品，開掛後宮福利都會有，希望能找到一些後宮福利少點的",下剋上,False,宅文化,0.6460544134185049,0.25842176536740197
q23,"最近不知道要看什麼，想請大家推薦一些好看的作品

裝逼開掛類的
黑暗懸疑的
或是一些風格冷門的都還算喜歡
只有一個大前提，不要後宮，不要賣肉（好像變2個大前提了？
不喜歡那種明明男主沒幹什麼但每個女角都喜歡他，非得要的話2個是極限，而且劇情希望能別注重在他們愛來愛去互刷好感度卻又不決定人選的地方，如果是冒險類作品增加同伴的時候，可以的話別清一色都女的偶而也增加點男性同伴也好（都女的最後8成都變後宮
再來不要硬賣一些福利，例如某漫畫的黎斗摔，或者是洗澡時剛好開門，或者是組個樂團為了討老師歡心換了泳裝演奏……這種的不太能接受

喜歡偏向下剋上（不管是強者因未知原因被分到弱組還是靠努力爬上來把上位者打趴的都喜歡）
描寫內心戲多的（黑掉壞掉，或是溫馨感動的都喜歡）
不好意思這麼麻煩…因為總感覺現在大眾向的作品，開掛後宮福利都會有，希望能找到一些後宮福利少點的",下剋上,False,校園,0.6492082240398407,0.2596832896159363
q23,"最近不知道要看什麼，想請大家推薦一些好看的作品

裝逼開掛類的
黑暗懸疑的
或是一些風格冷門的都還算喜歡
只有一個大前提，不要後宮，不要賣肉（好像變2個大前提了？
不喜歡那種明明男主沒幹什麼但每個女角都喜歡他，非得要的話2個是極限，而且劇情希望能別注重在他們愛來愛去互刷好感度卻又不決定人選的地方，如果是冒險類作品增加同伴的時候，可以的話別清一色都女的偶而也增加點男性同伴也好（都女的最後8成都變後宮
再來不要硬賣一些福利，例如某漫畫的黎斗摔，或者是洗澡時剛好開門，或者是組個樂團為了討老師歡心換了泳裝演奏……這種的不太能接受

喜歡偏向下剋上（不管是強者因未知原因被分到弱組還是靠努力爬上來把上位者打趴的都喜歡）
描寫內心戲多的（黑掉壞掉，或是溫馨感動的都喜歡）
不好意思這麼麻煩…因為總感覺現在大眾向的作品，開掛後宮福利都會有，希望能找到一些後宮福利少點的",下剋上,False,同人,0.6619581381267547,0.2647832552507019
q23,"最近不知道要看什麼，想請大家推薦一些好看的作品

裝逼開掛類的
黑暗懸疑的
或是一些風格冷門的都還算喜歡
只有一個大前提，不要後宮，不要賣肉（好像變2個大前提了？
不喜歡那種明明男主沒幹什麼但每個女角都喜歡他，非得要的話2個是極限，而且劇情希望能別注重在他們愛來愛去互刷好感度卻又不決定人選的地方，如果是冒險類作品增加同伴的時候，可以的話別清一色都女的偶而也增加點男性同伴也好（都女的最後8成都變後宮
再來不要硬賣一些福利，例如某漫畫的黎斗摔，或者是洗澡時剛好開門，或者是組個樂團為了討老師歡心換了泳裝演奏……這種的不太能接受

喜歡偏向下剋上（不管是強者因未知原因被分到弱組還是靠努力爬上來把上位者打趴的都喜歡）
描寫內心戲多的（黑掉壞掉，或是溫馨感動的都喜歡）
不好意思這麼麻煩…因為總感覺現在大眾向的作品，開掛後宮福利都會有，希望能找到一些後宮福利少點的",下剋上,False,異能,0.654228812245431,0.2616915248981724
q23,"最近不知道要看什麼，想請大家推薦一些好看的作品

裝逼開掛類的
黑暗懸疑的
或是一些風格冷門的都還算喜歡
只有一個大前提，不要後宮，不要賣肉（好像變2個大前提了？
不喜歡那種明明男主沒幹什麼但每個女角都喜歡他，非得要的話2個是極限，而且劇情希望能別注重在他們愛來愛去互刷好感度卻又不決定人選的地方，如果是冒險類作品增加同伴的時候，可以的話別清一色都女的偶而也增加點男性同伴也好（都女的最後8成都變後宮
再來不要硬賣一些福利，例如某漫畫的黎斗摔，或者是洗澡時剛好開門，或者是組個樂團為了討老師歡心換了泳裝演奏……這種的不太能接受

喜歡偏向下剋上（不管是強者因未知原因被分到弱組還是靠努力爬上來把上位者打趴的都喜歡）
描寫內心戲多的（黑掉壞掉，或是溫馨感動的都喜歡）
不好意思這麼麻煩…因為總感覺現在大眾向的作品，開掛後宮福利都會有，希望能找到一些後宮福利少點的",下剋上,False,音樂,0.6504240044512077,0.2601696017804831
q23,"最近不知道要看什麼，想請大家推薦一些好看的作品

裝逼開掛類的
黑暗懸疑的
或是一些風格冷門的都還算喜歡
只有一個大前提，不要後宮，不要賣肉（好像變2個大前提了？
不喜歡那種明明男主沒幹什麼但每個女角都喜歡他，非得要的話2個是極限，而且劇情希望能別注重在他們愛來愛去互刷好感度卻又不決定人選的地方，如果是冒險類作品增加同伴的時候，可以的話別清一色都女的偶而也增加點男性同伴也好（都女的最後8成都變後宮
再來不要硬賣一些福利，例如某漫畫的黎斗摔，或者是洗澡時剛好開門，或者是組個樂團為了討老師歡心換了泳裝演奏……這種的不太能接受

喜歡偏向下剋上（不管是強者因未知原因被分到弱組還是靠努力爬上來把上位者打趴的都喜歡）
描寫內心戲多的（黑掉壞掉，或是溫馨感動的都喜歡）
不好意思這麼麻煩…因為總感覺現在大眾向的作品，開掛後宮福利都會有，希望能找到一些後宮福利少點的",下剋上,False,間諜,0.6310593663962705,0.2524237465585082
q23,"最近不知道要看什麼，想請大家推薦一些好看的作品

裝逼開掛類的
黑暗懸疑的
或是一些風格冷門的都還算喜歡
只有一個大前提，不要後宮，不要賣肉（好像變2個大前提了？
不喜歡那種明明男主沒幹什麼但每個女角都喜歡他，非得要的話2個是極限，而且劇情希望能別注重在他們愛來愛去互刷好感度卻又不決定人選的地方，如果是冒險類作品增加同伴的時候，可以的話別清一色都女的偶而也增加點男性同伴也好（都女的最後8成都變後宮
再來不要硬賣一些福利，例如某漫畫的黎斗摔，或者是洗澡時剛好開門，或者是組個樂團為了討老師歡心換了泳裝演奏……這種的不太能接受

喜歡偏向下剋上（不管是強者因未知原因被分到弱組還是靠努力爬上來把上位者打趴的都喜歡）
描寫內心戲多的（黑掉壞掉，或是溫馨感動的都喜歡）
不好意思這麼麻煩…因為總感覺現在大眾向的作品，開掛後宮福利都會有，希望能找到一些後宮福利少點的",下剋上,False,大小姐,0.6519896743238563,0.26079586972954255
q23,"最近不知道要看什麼，想請大家推薦一些好看的作品

裝逼開掛類的
黑暗懸疑的
或是一些風格冷門的都還算喜歡
只有一個大前提，不要後宮，不要賣肉（好像變2個大前提了？
不喜歡那種明明男主沒幹什麼但每個女角都喜歡他，非得要的話2個是極限，而且劇情希望能別注重在他們愛來愛去互刷好感度卻又不決定人選的地方，如果是冒險類作品增加同伴的時候，可以的話別清一色都女的偶而也增加點男性同伴也好（都女的最後8成都變後宮
再來不要硬賣一些福利，例如某漫畫的黎斗摔，或者是洗澡時剛好開門，或者是組個樂團為了討老師歡心換了泳裝演奏……這種的不太能接受

喜歡偏向下剋上（不管是強者因未知原因被分到弱組還是靠努力爬上來把上位者打趴的都喜歡）
描寫內心戲多的（黑掉壞掉，或是溫馨感動的都喜歡）
不好意思這麼麻煩…因為總感覺現在大眾向的作品，開掛後宮福利都會有，希望能找到一些後宮福利少點的",下剋上,False,美食,0.62166097936007,0.24866439174402802
q23,"最近不知道要看什麼，想請大家推薦一些好看的作品

裝逼開掛類的
黑暗懸疑的
或是一些風格冷門的都還算喜歡
只有一個大前提，不要後宮，不要賣肉（好像變2個大前提了？
不喜歡那種明明男主沒幹什麼但每個女角都喜歡他，非得要的話2個是極限，而且劇情希望能別注重在他們愛來愛去互刷好感度卻又不決定人選的地方，如果是冒險類作品增加同伴的時候，可以的話別清一色都女的偶而也增加點男性同伴也好（都女的最後8成都變後宮
再來不要硬賣一些福利，例如某漫畫的黎斗摔，或者是洗澡時剛好開門，或者是組個樂團為了討老師歡心換了泳裝演奏……這種的不太能接受

喜歡偏向下剋上（不管是強者因未知原因被分到弱組還是靠努力爬上來把上位者打趴的都喜歡）
描寫內心戲多的（黑掉壞掉，或是溫馨感動的都喜歡）
不好意思這麼麻煩…因為總感覺現在大眾向的作品，開掛後宮福利都會有，希望能找到一些後宮福利少點的",下剋上,False,大逃殺,0.6519192827650825,0.26076771310603303
q23,"最近不知道要看什麼，想請大家推薦一些好看的作品

裝逼開掛類的
黑暗懸疑的
或是一些風格冷門的都還算喜歡
只有一個大前提，不要後宮，不要賣肉（好像變2個大前提了？
不喜歡那種明明男主沒幹什麼但每個女角都喜歡他，非得要的話2個是極限，而且劇情希望能別注重在他們愛來愛去互刷好感度卻又不決定人選的地方，如果是冒險類作品增加同伴的時候，可以的話別清一色都女的偶而也增加點男性同伴也好（都女的最後8成都變後宮
再來不要硬賣一些福利，例如某漫畫的黎斗摔，或者是洗澡時剛好開門，或者是組個樂團為了討老師歡心換了泳裝演奏……這種的不太能接受

喜歡偏向下剋上（不管是強者因未知原因被分到弱組還是靠努力爬上來把上位者打趴的都喜歡）
描寫內心戲多的（黑掉壞掉，或是溫馨感動的都喜歡）
不好意思這麼麻煩…因為總感覺現在大眾向的作品，開掛後宮福利都會有，希望能找到一些後宮福利少點的",下剋上,False,戀愛,0.6502615276209521,0.26010461104838084
q23,"最近不知道要看什麼，想請大家推薦一些好看的作品

裝逼開掛類的
黑暗懸疑的
或是一些風格冷門的都還算喜歡
只有一個大前提，不要後宮，不要賣肉（好像變2個大前提了？
不喜歡那種明明男主沒幹什麼但每個女角都喜歡他，非得要的話2個是極限，而且劇情希望能別注重在他們愛來愛去互刷好感度卻又不決定人選的地方，如果是冒險類作品增加同伴的時候，可以的話別清一色都女的偶而也增加點男性同伴也好（都女的最後8成都變後宮
再來不要硬賣一些福利，例如某漫畫的黎斗摔，或者是洗澡時剛好開門，或者是組個樂團為了討老師歡心換了泳裝演奏……這種的不太能接受

喜歡偏向下剋上（不管是強者因未知原因被分到弱組還是靠努力爬上來把上位者打趴的都喜歡）
描寫內心戲多的（黑掉壞掉，或是溫馨感動的都喜歡）
不好意思這麼麻煩…因為總感覺現在大眾向的作品，開掛後宮福利都會有，希望能找到一些後宮福利少點的",下剋上,False,犯罪,0.6559635620983011,0.2623854248393204
q23,"最近不知道要看什麼，想請大家推薦一些好看的作品

裝逼開掛類的
黑暗懸疑的
或是一些風格冷門的都還算喜歡
只有一個大前提，不要後宮，不要賣肉（好像變2個大前提了？
不喜歡那種明明男主沒幹什麼但每個女角都喜歡他，非得要的話2個是極限，而且劇情希望能別注重在他們愛來愛去互刷好感度卻又不決定人選的地方，如果是冒險類作品增加同伴的時候，可以的話別清一色都女的偶而也增加點男性同伴也好（都女的最後8成都變後宮
再來不要硬賣一些福利，例如某漫畫的黎斗摔，或者是洗澡時剛好開門，或者是組個樂團為了討老師歡心換了泳裝演奏……這種的不太能接受

喜歡偏向下剋上（不管是強者因未知原因被分到弱組還是靠努力爬上來把上位者打趴的都喜歡）
描寫內心戲多的（黑掉壞掉，或是溫馨感動的都喜歡）
不好意思這麼麻煩…因為總感覺現在大眾向的作品，開掛後宮福利都會有，希望能找到一些後宮福利少點的",下剋上,False,轉生,0.649591545689202,0.2598366182756808
q23,"最近不知道要看什麼，想請大家推薦一些好看的作品

裝逼開掛類的
黑暗懸疑的
或是一些風格冷門的都還算喜歡
只有一個大前提，不要後宮，不要賣肉（好像變2個大前提了？
不喜歡那種明明男主沒幹什麼但每個女角都喜歡他，非得要的話2個是極限，而且劇情希望能別注重在他們愛來愛去互刷好感度卻又不決定人選的地方，如果是冒險類作品增加同伴的時候，可以的話別清一色都女的偶而也增加點男性同伴也好（都女的最後8成都變後宮
再來不要硬賣一些福利，例如某漫畫的黎斗摔，或者是洗澡時剛好開門，或者是組個樂團為了討老師歡心換了泳裝演奏……這種的不太能接受

喜歡偏向下剋上（不管是強者因未知原因被分到弱組還是靠努力爬上來把上位者打趴的都喜歡）
描寫內心戲多的（黑掉壞掉，或是溫馨感動的都喜歡）
不好意思這麼麻煩…因為總感覺現在大眾向的作品，開掛後宮福利都會有，希望能找到一些後宮福利少點的",下剋上,False,青梅竹馬,0.6494282401239172,0.2597712960495669
q23,"最近不知道要看什麼，想請大家推薦一些好看的作品

裝逼開掛類的
黑暗懸疑的
或是一些風格冷門的都還算喜歡
只有一個大前提，不要後宮，不要賣肉（好像變2個大前提了？
不喜歡那種明明男主沒幹什麼但每個女角都喜歡他，非得要的話2個是極限，而且劇情希望能別注重在他們愛來愛去互刷好感度卻又不決定人選的地方，如果是冒險類作品增加同伴的時候，可以的話別清一色都女的偶而也增加點男性同伴也好（都女的最後8成都變後宮
再來不要硬賣一些福利，例如某漫畫的黎斗摔，或者是洗澡時剛好開門，或者是組個樂團為了討老師歡心換了泳裝演奏……這種的不太能接受

喜歡偏向下剋上（不管是強者因未知原因被分到弱組還是靠努力爬上來把上位者打趴的都喜歡）
描寫內心戲多的（黑掉壞掉，或是溫馨感動的都喜歡）
不好意思這麼麻煩…因為總感覺現在大眾向的作品，開掛後宮福利都會有，希望能找到一些後宮福利少點的",下剋上,False,女性視角,0.6531355670620695,0.26125422682482785
q23,"最近不知道要看什麼，想請大家推薦一些好看的作品

裝逼開掛類的
黑暗懸疑的
或是一些風格冷門的都還算喜歡
只有一個大前提，不要後宮，不要賣肉（好像變2個大前提了？
不喜歡那種明明男主沒幹什麼但每個女角都喜歡他，非得要的話2個是極限，而且劇情希望能別注重在他們愛來愛去互刷好感度卻又不決定人選的地方，如果是冒險類作品增加同伴的時候，可以的話別清一色都女的偶而也增加點男性同伴也好（都女的最後8成都變後宮
再來不要硬賣一些福利，例如某漫畫的黎斗摔，或者是洗澡時剛好開門，或者是組個樂團為了討老師歡心換了泳裝演奏……這種的不太能接受

喜歡偏向下剋上（不管是強者因未知原因被分到弱組還是靠努力爬上來把上位者打趴的都喜歡）
描寫內心戲多的（黑掉壞掉，或是溫馨感動的都喜歡）
不好意思這麼麻煩…因為總感覺現在大眾向的作品，開掛後宮福利都會有，希望能找到一些後宮福利少點的",下剋上,False,溫馨,0.6448712412952476,0.2579484965180991
q23,"最近不知道要看什麼，想請大家推薦一些好看的作品

裝逼開掛類的
黑暗懸疑的
或是一些風格冷門的都還算喜歡
只有一個大前提，不要後宮，不要賣肉（好像變2個大前提了？
不喜歡那種明明男主沒幹什麼但每個女角都喜歡他，非得要的話2個是極限，而且劇情希望能別注重在他們愛來愛去互刷好感度卻又不決定人選的地方，如果是冒險類作品增加同伴的時候，可以的話別清一色都女的偶而也增加點男性同伴也好（都女的最後8成都變後宮
再來不要硬賣一些福利，例如某漫畫的黎斗摔，或者是洗澡時剛好開門，或者是組個樂團為了討老師歡心換了泳裝演奏……這種的不太能接受

喜歡偏向下剋上（不管是強者因未知原因被分到弱組還是靠努力爬上來把上位者打趴的都喜歡）
描寫內心戲多的（黑掉壞掉，或是溫馨感動的都喜歡）
不好意思這麼麻煩…因為總感覺現在大眾向的作品，開掛後宮福利都會有，希望能找到一些後宮福利少點的",下剋上,False,經營,0.6442494792034543,0.25769979168138174
q23,"最近不知道要看什麼，想請大家推薦一些好看的作品

裝逼開掛類的
黑暗懸疑的
或是一些風格冷門的都還算喜歡
只有一個大前提，不要後宮，不要賣肉（好像變2個大前提了？
不喜歡那種明明男主沒幹什麼但每個女角都喜歡他，非得要的話2個是極限，而且劇情希望能別注重在他們愛來愛去互刷好感度卻又不決定人選的地方，如果是冒險類作品增加同伴的時候，可以的話別清一色都女的偶而也增加點男性同伴也好（都女的最後8成都變後宮
再來不要硬賣一些福利，例如某漫畫的黎斗摔，或者是洗澡時剛好開門，或者是組個樂團為了討老師歡心換了泳裝演奏……這種的不太能接受

喜歡偏向下剋上（不管是強者因未知原因被分到弱組還是靠努力爬上來把上位者打趴的都喜歡）
描寫內心戲多的（黑掉壞掉，或是溫馨感動的都喜歡）
不好意思這麼麻煩…因為總感覺現在大眾向的作品，開掛後宮福利都會有，希望能找到一些後宮福利少點的",下剋上,False,復仇,0.6434866383918957,0.25739465535675826
q23,"最近不知道要看什麼，想請大家推薦一些好看的作品

裝逼開掛類的
黑暗懸疑的
或是一些風格冷門的都還算喜歡
只有一個大前提，不要後宮，不要賣肉（好像變2個大前提了？
不喜歡那種明明男主沒幹什麼但每個女角都喜歡他，非得要的話2個是極限，而且劇情希望能別注重在他們愛來愛去互刷好感度卻又不決定人選的地方，如果是冒險類作品增加同伴的時候，可以的話別清一色都女的偶而也增加點男性同伴也好（都女的最後8成都變後宮
再來不要硬賣一些福利，例如某漫畫的黎斗摔，或者是洗澡時剛好開門，或者是組個樂團為了討老師歡心換了泳裝演奏……這種的不太能接受

喜歡偏向下剋上（不管是強者因未知原因被分到弱組還是靠努力爬上來把上位者打趴的都喜歡）
描寫內心戲多的（黑掉壞掉，或是溫馨感動的都喜歡）
不好意思這麼麻煩…因為總感覺現在大眾向的作品，開掛後宮福利都會有，希望能找到一些後宮福利少點的",下剋上,False,黑暗,0.6662261670104725,0.26649046680418903
q23,"最近不知道要看什麼，想請大家推薦一些好看的作品

裝逼開掛類的
黑暗懸疑的
或是一些風格冷門的都還算喜歡
只有一個大前提，不要後宮，不要賣肉（好像變2個大前提了？
不喜歡那種明明男主沒幹什麼但每個女角都喜歡他，非得要的話2個是極限，而且劇情希望能別注重在他們愛來愛去互刷好感度卻又不決定人選的地方，如果是冒險類作品增加同伴的時候，可以的話別清一色都女的偶而也增加點男性同伴也好（都女的最後8成都變後宮
再來不要硬賣一些福利，例如某漫畫的黎斗摔，或者是洗澡時剛好開門，或者是組個樂團為了討老師歡心換了泳裝演奏……這種的不太能接受

喜歡偏向下剋上（不管是強者因未知原因被分到弱組還是靠努力爬上來把上位者打趴的都喜歡）
描寫內心戲多的（黑掉壞掉，或是溫馨感動的都喜歡）
不好意思這麼麻煩…因為總感覺現在大眾向的作品，開掛後宮福利都會有，希望能找到一些後宮福利少點的",下剋上,False,戰鬥,0.66042311192096,0.26416924476838405
q23,"最近不知道要看什麼，想請大家推薦一些好看的作品

裝逼開掛類的
黑暗懸疑的
或是一些風格冷門的都還算喜歡
只有一個大前提，不要後宮，不要賣肉（好像變2個大前提了？
不喜歡那種明明男主沒幹什麼但每個女角都喜歡他，非得要的話2個是極限，而且劇情希望能別注重在他們愛來愛去互刷好感度卻又不決定人選的地方，如果是冒險類作品增加同伴的時候，可以的話別清一色都女的偶而也增加點男性同伴也好（都女的最後8成都變後宮
再來不要硬賣一些福利，例如某漫畫的黎斗摔，或者是洗澡時剛好開門，或者是組個樂團為了討老師歡心換了泳裝演奏……這種的不太能接受

喜歡偏向下剋上（不管是強者因未知原因被分到弱組還是靠努力爬上來把上位者打趴的都喜歡）
描寫內心戲多的（黑掉壞掉，或是溫馨感動的都喜歡）
不好意思這麼麻煩…因為總感覺現在大眾向的作品，開掛後宮福利都會有，希望能找到一些後宮福利少點的",下剋上,False,群像,0.6544121109930222,0.2617648443972089
q23,"最近不知道要看什麼，想請大家推薦一些好看的作品

裝逼開掛類的
黑暗懸疑的
或是一些風格冷門的都還算喜歡
只有一個大前提，不要後宮，不要賣肉（好像變2個大前提了？
不喜歡那種明明男主沒幹什麼但每個女角都喜歡他，非得要的話2個是極限，而且劇情希望能別注重在他們愛來愛去互刷好感度卻又不決定人選的地方，如果是冒險類作品增加同伴的時候，可以的話別清一色都女的偶而也增加點男性同伴也好（都女的最後8成都變後宮
再來不要硬賣一些福利，例如某漫畫的黎斗摔，或者是洗澡時剛好開門，或者是組個樂團為了討老師歡心換了泳裝演奏……這種的不太能接受

喜歡偏向下剋上（不管是強者因未知原因被分到弱組還是靠努力爬上來把上位者打趴的都喜歡）
描寫內心戲多的（黑掉壞掉，或是溫馨感動的都喜歡）
不好意思這麼麻煩…因為總感覺現在大眾向的作品，開掛後宮福利都會有，希望能找到一些後宮福利少點的",下剋上,False,歡樂向,0.6977996689807275,0.279119867592291
q23,"最近不知道要看什麼，想請大家推薦一些好看的作品

裝逼開掛類的
黑暗懸疑的
或是一些風格冷門的都還算喜歡
只有一個大前提，不要後宮，不要賣肉（好像變2個大前提了？
不喜歡那種明明男主沒幹什麼但每個女角都喜歡他，非得要的話2個是極限，而且劇情希望能別注重在他們愛來愛去互刷好感度卻又不決定人選的地方，如果是冒險類作品增加同伴的時候，可以的話別清一色都女的偶而也增加點男性同伴也好（都女的最後8成都變後宮
再來不要硬賣一些福利，例如某漫畫的黎斗摔，或者是洗澡時剛好開門，或者是組個樂團為了討老師歡心換了泳裝演奏……這種的不太能接受

喜歡偏向下剋上（不管是強者因未知原因被分到弱組還是靠努力爬上來把上位者打趴的都喜歡）
描寫內心戲多的（黑掉壞掉，或是溫馨感動的都喜歡）
不好意思這麼麻煩…因為總感覺現在大眾向的作品，開掛後宮福利都會有，希望能找到一些後宮福利少點的",下剋上,False,惡役,0.6774688604956259,0.2709875441982504
q23,"最近不知道要看什麼，想請大家推薦一些好看的作品

裝逼開掛類的
黑暗懸疑的
或是一些風格冷門的都還算喜歡
只有一個大前提，不要後宮，不要賣肉（好像變2個大前提了？
不喜歡那種明明男主沒幹什麼但每個女角都喜歡他，非得要的話2個是極限，而且劇情希望能別注重在他們愛來愛去互刷好感度卻又不決定人選的地方，如果是冒險類作品增加同伴的時候，可以的話別清一色都女的偶而也增加點男性同伴也好（都女的最後8成都變後宮
再來不要硬賣一些福利，例如某漫畫的黎斗摔，或者是洗澡時剛好開門，或者是組個樂團為了討老師歡心換了泳裝演奏……這種的不太能接受

喜歡偏向下剋上（不管是強者因未知原因被分到弱組還是靠努力爬上來把上位者打趴的都喜歡）
描寫內心戲多的（黑掉壞掉，或是溫馨感動的都喜歡）
不好意思這麼麻煩…因為總感覺現在大眾向的作品，開掛後宮福利都會有，希望能找到一些後宮福利少點的",下剋上,False,機戰,0.6572501533659107,0.2629000613463643
q23,"最近不知道要看什麼，想請大家推薦一些好看的作品

裝逼開掛類的
黑暗懸疑的
或是一些風格冷門的都還算喜歡
只有一個大前提，不要後宮，不要賣肉（好像變2個大前提了？
不喜歡那種明明男主沒幹什麼但每個女角都喜歡他，非得要的話2個是極限，而且劇情希望能別注重在他們愛來愛去互刷好感度卻又不決定人選的地方，如果是冒險類作品增加同伴的時候，可以的話別清一色都女的偶而也增加點男性同伴也好（都女的最後8成都變後宮
再來不要硬賣一些福利，例如某漫畫的黎斗摔，或者是洗澡時剛好開門，或者是組個樂團為了討老師歡心換了泳裝演奏……這種的不太能接受

喜歡偏向下剋上（不管是強者因未知原因被分到弱組還是靠努力爬上來把上位者打趴的都喜歡）
描寫內心戲多的（黑掉壞掉，或是溫馨感動的都喜歡）
不好意思這麼麻煩…因為總感覺現在大眾向的作品，開掛後宮福利都會有，希望能找到一些後宮福利少點的",下剋上,False,驚悚,0.6544548795285456,0.2617819518114183
q23,"最近不知道要看什麼，想請大家推薦一些好看的作品

裝逼開掛類的
黑暗懸疑的
或是一些風格冷門的都還算喜歡
只有一個大前提，不要後宮，不要賣肉（好像變2個大前提了？
不喜歡那種明明男主沒幹什麼但每個女角都喜歡他，非得要的話2個是極限，而且劇情希望能別注重在他們愛來愛去互刷好感度卻又不決定人選的地方，如果是冒險類作品增加同伴的時候，可以的話別清一色都女的偶而也增加點男性同伴也好（都女的最後8成都變後宮
再來不要硬賣一些福利，例如某漫畫的黎斗摔，或者是洗澡時剛好開門，或者是組個樂團為了討老師歡心換了泳裝演奏……這種的不太能接受

喜歡偏向下剋上（不管是強者因未知原因被分到弱組還是靠努力爬上來把上位者打趴的都喜歡）
描寫內心戲多的（黑掉壞掉，或是溫馨感動的都喜歡）
不好意思這麼麻煩…因為總感覺現在大眾向的作品，開掛後宮福利都會有，希望能找到一些後宮福利少點的",下剋上,False,奇幻,0.6537151682013328,0.26148606728053314
q23,"最近不知道要看什麼，想請大家推薦一些好看的作品

裝逼開掛類的
黑暗懸疑的
或是一些風格冷門的都還算喜歡
只有一個大前提，不要後宮，不要賣肉（好像變2個大前提了？
不喜歡那種明明男主沒幹什麼但每個女角都喜歡他，非得要的話2個是極限，而且劇情希望能別注重在他們愛來愛去互刷好感度卻又不決定人選的地方，如果是冒險類作品增加同伴的時候，可以的話別清一色都女的偶而也增加點男性同伴也好（都女的最後8成都變後宮
再來不要硬賣一些福利，例如某漫畫的黎斗摔，或者是洗澡時剛好開門，或者是組個樂團為了討老師歡心換了泳裝演奏……這種的不太能接受

喜歡偏向下剋上（不管是強者因未知原因被分到弱組還是靠努力爬上來把上位者打趴的都喜歡）
描寫內心戲多的（黑掉壞掉，或是溫馨感動的都喜歡）
不好意思這麼麻煩…因為總感覺現在大眾向的作品，開掛後宮福利都會有，希望能找到一些後宮福利少點的",下剋上,False,耽美,0.6759266788080578,0.27037067152322314
q23,"最近不知道要看什麼，想請大家推薦一些好看的作品

裝逼開掛類的
黑暗懸疑的
或是一些風格冷門的都還算喜歡
只有一個大前提，不要後宮，不要賣肉（好像變2個大前提了？
不喜歡那種明明男主沒幹什麼但每個女角都喜歡他，非得要的話2個是極限，而且劇情希望能別注重在他們愛來愛去互刷好感度卻又不決定人選的地方，如果是冒險類作品增加同伴的時候，可以的話別清一色都女的偶而也增加點男性同伴也好（都女的最後8成都變後宮
再來不要硬賣一些福利，例如某漫畫的黎斗摔，或者是洗澡時剛好開門，或者是組個樂團為了討老師歡心換了泳裝演奏……這種的不太能接受

喜歡偏向下剋上（不管是強者因未知原因被分到弱組還是靠努力爬上來把上位者打趴的都喜歡）
描寫內心戲多的（黑掉壞掉，或是溫馨感動的都喜歡）
不好意思這麼麻煩…因為總感覺現在大眾向的作品，開掛後宮福利都會有，希望能找到一些後宮福利少點的",下剋上,False,妹妹,0.632508494675179,0.2530033978700716
q23,"最近不知道要看什麼，想請大家推薦一些好看的作品

裝逼開掛類的
黑暗懸疑的
或是一些風格冷門的都還算喜歡
只有一個大前提，不要後宮，不要賣肉（好像變2個大前提了？
不喜歡那種明明男主沒幹什麼但每個女角都喜歡他，非得要的話2個是極限，而且劇情希望能別注重在他們愛來愛去互刷好感度卻又不決定人選的地方，如果是冒險類作品增加同伴的時候，可以的話別清一色都女的偶而也增加點男性同伴也好（都女的最後8成都變後宮
再來不要硬賣一些福利，例如某漫畫的黎斗摔，或者是洗澡時剛好開門，或者是組個樂團為了討老師歡心換了泳裝演奏……這種的不太能接受

喜歡偏向下剋上（不管是強者因未知原因被分到弱組還是靠努力爬上來把上位者打趴的都喜歡）
描寫內心戲多的（黑掉壞掉，或是溫馨感動的都喜歡）
不好意思這麼麻煩…因為總感覺現在大眾向的作品，開掛後宮福利都會有，希望能找到一些後宮福利少點的",下剋上,False,龍傲天,0.6670384006022982,0.2668153602409193
q23,"最近不知道要看什麼，想請大家推薦一些好看的作品

裝逼開掛類的
黑暗懸疑的
或是一些風格冷門的都還算喜歡
只有一個大前提，不要後宮，不要賣肉（好像變2個大前提了？
不喜歡那種明明男主沒幹什麼但每個女角都喜歡他，非得要的話2個是極限，而且劇情希望能別注重在他們愛來愛去互刷好感度卻又不決定人選的地方，如果是冒險類作品增加同伴的時候，可以的話別清一色都女的偶而也增加點男性同伴也好（都女的最後8成都變後宮
再來不要硬賣一些福利，例如某漫畫的黎斗摔，或者是洗澡時剛好開門，或者是組個樂團為了討老師歡心換了泳裝演奏……這種的不太能接受

喜歡偏向下剋上（不管是強者因未知原因被分到弱組還是靠努力爬上來把上位者打趴的都喜歡）
描寫內心戲多的（黑掉壞掉，或是溫馨感動的都喜歡）
不好意思這麼麻煩…因為總感覺現在大眾向的作品，開掛後宮福利都會有，希望能找到一些後宮福利少點的",下剋上,False,推理,0.6629367482392555,0.2651746992957022
q23,"最近不知道要看什麼，想請大家推薦一些好看的作品

裝逼開掛類的
黑暗懸疑的
或是一些風格冷門的都還算喜歡
只有一個大前提，不要後宮，不要賣肉（好像變2個大前提了？
不喜歡那種明明男主沒幹什麼但每個女角都喜歡他，非得要的話2個是極限，而且劇情希望能別注重在他們愛來愛去互刷好感度卻又不決定人選的地方，如果是冒險類作品增加同伴的時候，可以的話別清一色都女的偶而也增加點男性同伴也好（都女的最後8成都變後宮
再來不要硬賣一些福利，例如某漫畫的黎斗摔，或者是洗澡時剛好開門，或者是組個樂團為了討老師歡心換了泳裝演奏……這種的不太能接受

喜歡偏向下剋上（不管是強者因未知原因被分到弱組還是靠努力爬上來把上位者打趴的都喜歡）
描寫內心戲多的（黑掉壞掉，或是溫馨感動的都喜歡）
不好意思這麼麻煩…因為總感覺現在大眾向的作品，開掛後宮福利都會有，希望能找到一些後宮福利少點的",下剋上,False,JC,0.6566164997205113,0.26264659988820455
q23,"最近不知道要看什麼，想請大家推薦一些好看的作品

裝逼開掛類的
黑暗懸疑的
或是一些風格冷門的都還算喜歡
只有一個大前提，不要後宮，不要賣肉（好像變2個大前提了？
不喜歡那種明明男主沒幹什麼但每個女角都喜歡他，非得要的話2個是極限，而且劇情希望能別注重在他們愛來愛去互刷好感度卻又不決定人選的地方，如果是冒險類作品增加同伴的時候，可以的話別清一色都女的偶而也增加點男性同伴也好（都女的最後8成都變後宮
再來不要硬賣一些福利，例如某漫畫的黎斗摔，或者是洗澡時剛好開門，或者是組個樂團為了討老師歡心換了泳裝演奏……這種的不太能接受

喜歡偏向下剋上（不管是強者因未知原因被分到弱組還是靠努力爬上來把上位者打趴的都喜歡）
描寫內心戲多的（黑掉壞掉，或是溫馨感動的都喜歡）
不好意思這麼麻煩…因為總感覺現在大眾向的作品，開掛後宮福利都會有，希望能找到一些後宮福利少點的",下剋上,False,偽娘,0.6415864012129634,0.25663456048518535
q23,"最近不知道要看什麼，想請大家推薦一些好看的作品

裝逼開掛類的
黑暗懸疑的
或是一些風格冷門的都還算喜歡
只有一個大前提，不要後宮，不要賣肉（好像變2個大前提了？
不喜歡那種明明男主沒幹什麼但每個女角都喜歡他，非得要的話2個是極限，而且劇情希望能別注重在他們愛來愛去互刷好感度卻又不決定人選的地方，如果是冒險類作品增加同伴的時候，可以的話別清一色都女的偶而也增加點男性同伴也好（都女的最後8成都變後宮
再來不要硬賣一些福利，例如某漫畫的黎斗摔，或者是洗澡時剛好開門，或者是組個樂團為了討老師歡心換了泳裝演奏……這種的不太能接受

喜歡偏向下剋上（不管是強者因未知原因被分到弱組還是靠努力爬上來把上位者打趴的都喜歡）
描寫內心戲多的（黑掉壞掉，或是溫馨感動的都喜歡）
不好意思這麼麻煩…因為總感覺現在大眾向的作品，開掛後宮福利都會有，希望能找到一些後宮福利少點的",下剋上,False,NTR,0.6709981339900601,0.26839925359602407
q23,"最近不知道要看什麼，想請大家推薦一些好看的作品

裝逼開掛類的
黑暗懸疑的
或是一些風格冷門的都還算喜歡
只有一個大前提，不要後宮，不要賣肉（好像變2個大前提了？
不喜歡那種明明男主沒幹什麼但每個女角都喜歡他，非得要的話2個是極限，而且劇情希望能別注重在他們愛來愛去互刷好感度卻又不決定人選的地方，如果是冒險類作品增加同伴的時候，可以的話別清一色都女的偶而也增加點男性同伴也好（都女的最後8成都變後宮
再來不要硬賣一些福利，例如某漫畫的黎斗摔，或者是洗澡時剛好開門，或者是組個樂團為了討老師歡心換了泳裝演奏……這種的不太能接受

喜歡偏向下剋上（不管是強者因未知原因被分到弱組還是靠努力爬上來把上位者打趴的都喜歡）
描寫內心戲多的（黑掉壞掉，或是溫馨感動的都喜歡）
不好意思這麼麻煩…因為總感覺現在大眾向的作品，開掛後宮福利都會有，希望能找到一些後宮福利少點的",下剋上,False,戰爭,0.6497392626062812,0.2598957050425125
q23,"最近不知道要看什麼，想請大家推薦一些好看的作品

裝逼開掛類的
黑暗懸疑的
或是一些風格冷門的都還算喜歡
只有一個大前提，不要後宮，不要賣肉（好像變2個大前提了？
不喜歡那種明明男主沒幹什麼但每個女角都喜歡他，非得要的話2個是極限，而且劇情希望能別注重在他們愛來愛去互刷好感度卻又不決定人選的地方，如果是冒險類作品增加同伴的時候，可以的話別清一色都女的偶而也增加點男性同伴也好（都女的最後8成都變後宮
再來不要硬賣一些福利，例如某漫畫的黎斗摔，或者是洗澡時剛好開門，或者是組個樂團為了討老師歡心換了泳裝演奏……這種的不太能接受

喜歡偏向下剋上（不管是強者因未知原因被分到弱組還是靠努力爬上來把上位者打趴的都喜歡）
描寫內心戲多的（黑掉壞掉，或是溫馨感動的都喜歡）
不好意思這麼麻煩…因為總感覺現在大眾向的作品，開掛後宮福利都會有，希望能找到一些後宮福利少點的",下剋上,False,病嬌,0.6602420643457784,0.26409682573831134
q23,"最近不知道要看什麼，想請大家推薦一些好看的作品

裝逼開掛類的
黑暗懸疑的
或是一些風格冷門的都還算喜歡
只有一個大前提，不要後宮，不要賣肉（好像變2個大前提了？
不喜歡那種明明男主沒幹什麼但每個女角都喜歡他，非得要的話2個是極限，而且劇情希望能別注重在他們愛來愛去互刷好感度卻又不決定人選的地方，如果是冒險類作品增加同伴的時候，可以的話別清一色都女的偶而也增加點男性同伴也好（都女的最後8成都變後宮
再來不要硬賣一些福利，例如某漫畫的黎斗摔，或者是洗澡時剛好開門，或者是組個樂團為了討老師歡心換了泳裝演奏……這種的不太能接受

喜歡偏向下剋上（不管是強者因未知原因被分到弱組還是靠努力爬上來把上位者打趴的都喜歡）
描寫內心戲多的（黑掉壞掉，或是溫馨感動的都喜歡）
不好意思這麼麻煩…因為總感覺現在大眾向的作品，開掛後宮福利都會有，希望能找到一些後宮福利少點的",下剋上,False,熱血,0.6660919586235855,0.2664367834494342
q23,"最近不知道要看什麼，想請大家推薦一些好看的作品

裝逼開掛類的
黑暗懸疑的
或是一些風格冷門的都還算喜歡
只有一個大前提，不要後宮，不要賣肉（好像變2個大前提了？
不喜歡那種明明男主沒幹什麼但每個女角都喜歡他，非得要的話2個是極限，而且劇情希望能別注重在他們愛來愛去互刷好感度卻又不決定人選的地方，如果是冒險類作品增加同伴的時候，可以的話別清一色都女的偶而也增加點男性同伴也好（都女的最後8成都變後宮
再來不要硬賣一些福利，例如某漫畫的黎斗摔，或者是洗澡時剛好開門，或者是組個樂團為了討老師歡心換了泳裝演奏……這種的不太能接受

喜歡偏向下剋上（不管是強者因未知原因被分到弱組還是靠努力爬上來把上位者打趴的都喜歡）
描寫內心戲多的（黑掉壞掉，或是溫馨感動的都喜歡）
不好意思這麼麻煩…因為總感覺現在大眾向的作品，開掛後宮福利都會有，希望能找到一些後宮福利少點的",下剋上,False,冒險,0.652194800240751,0.26087792009630045
q23,"最近不知道要看什麼，想請大家推薦一些好看的作品

裝逼開掛類的
黑暗懸疑的
或是一些風格冷門的都還算喜歡
只有一個大前提，不要後宮，不要賣肉（好像變2個大前提了？
不喜歡那種明明男主沒幹什麼但每個女角都喜歡他，非得要的話2個是極限，而且劇情希望能別注重在他們愛來愛去互刷好感度卻又不決定人選的地方，如果是冒險類作品增加同伴的時候，可以的話別清一色都女的偶而也增加點男性同伴也好（都女的最後8成都變後宮
再來不要硬賣一些福利，例如某漫畫的黎斗摔，或者是洗澡時剛好開門，或者是組個樂團為了討老師歡心換了泳裝演奏……這種的不太能接受

喜歡偏向下剋上（不管是強者因未知原因被分到弱組還是靠努力爬上來把上位者打趴的都喜歡）
描寫內心戲多的（黑掉壞掉，或是溫馨感動的都喜歡）
不好意思這麼麻煩…因為總感覺現在大眾向的作品，開掛後宮福利都會有，希望能找到一些後宮福利少點的",下剋上,False,女兒,0.6153369653053854,0.24613478612215417
q23,"最近不知道要看什麼，想請大家推薦一些好看的作品

裝逼開掛類的
黑暗懸疑的
或是一些風格冷門的都還算喜歡
只有一個大前提，不要後宮，不要賣肉（好像變2個大前提了？
不喜歡那種明明男主沒幹什麼但每個女角都喜歡他，非得要的話2個是極限，而且劇情希望能別注重在他們愛來愛去互刷好感度卻又不決定人選的地方，如果是冒險類作品增加同伴的時候，可以的話別清一色都女的偶而也增加點男性同伴也好（都女的最後8成都變後宮
再來不要硬賣一些福利，例如某漫畫的黎斗摔，或者是洗澡時剛好開門，或者是組個樂團為了討老師歡心換了泳裝演奏……這種的不太能接受

喜歡偏向下剋上（不管是強者因未知原因被分到弱組還是靠努力爬上來把上位者打趴的都喜歡）
描寫內心戲多的（黑掉壞掉，或是溫馨感動的都喜歡）
不好意思這麼麻煩…因為總感覺現在大眾向的作品，開掛後宮福利都會有，希望能找到一些後宮福利少點的",下剋上,False,人外,0.670362314367051,0.2681449257468204
q23,"最近不知道要看什麼，想請大家推薦一些好看的作品

裝逼開掛類的
黑暗懸疑的
或是一些風格冷門的都還算喜歡
只有一個大前提，不要後宮，不要賣肉（好像變2個大前提了？
不喜歡那種明明男主沒幹什麼但每個女角都喜歡他，非得要的話2個是極限，而且劇情希望能別注重在他們愛來愛去互刷好感度卻又不決定人選的地方，如果是冒險類作品增加同伴的時候，可以的話別清一色都女的偶而也增加點男性同伴也好（都女的最後8成都變後宮
再來不要硬賣一些福利，例如某漫畫的黎斗摔，或者是洗澡時剛好開門，或者是組個樂團為了討老師歡心換了泳裝演奏……這種的不太能接受

喜歡偏向下剋上（不管是強者因未知原因被分到弱組還是靠努力爬上來把上位者打趴的都喜歡）
描寫內心戲多的（黑掉壞掉，或是溫馨感動的都喜歡）
不好意思這麼麻煩…因為總感覺現在大眾向的作品，開掛後宮福利都會有，希望能找到一些後宮福利少點的",下剋上,False,異世界,0.6560217900015295,0.26240871600061183
q23,"最近不知道要看什麼，想請大家推薦一些好看的作品

裝逼開掛類的
黑暗懸疑的
或是一些風格冷門的都還算喜歡
只有一個大前提，不要後宮，不要賣肉（好像變2個大前提了？
不喜歡那種明明男主沒幹什麼但每個女角都喜歡他，非得要的話2個是極限，而且劇情希望能別注重在他們愛來愛去互刷好感度卻又不決定人選的地方，如果是冒險類作品增加同伴的時候，可以的話別清一色都女的偶而也增加點男性同伴也好（都女的最後8成都變後宮
再來不要硬賣一些福利，例如某漫畫的黎斗摔，或者是洗澡時剛好開門，或者是組個樂團為了討老師歡心換了泳裝演奏……這種的不太能接受

喜歡偏向下剋上（不管是強者因未知原因被分到弱組還是靠努力爬上來把上位者打趴的都喜歡）
描寫內心戲多的（黑掉壞掉，或是溫馨感動的都喜歡）
不好意思這麼麻煩…因為總感覺現在大眾向的作品，開掛後宮福利都會有，希望能找到一些後宮福利少點的",下剋上,False,懸疑,0.6618425137952555,0.2647370055181022
q23,"最近不知道要看什麼，想請大家推薦一些好看的作品

裝逼開掛類的
黑暗懸疑的
或是一些風格冷門的都還算喜歡
只有一個大前提，不要後宮，不要賣肉（好像變2個大前提了？
不喜歡那種明明男主沒幹什麼但每個女角都喜歡他，非得要的話2個是極限，而且劇情希望能別注重在他們愛來愛去互刷好感度卻又不決定人選的地方，如果是冒險類作品增加同伴的時候，可以的話別清一色都女的偶而也增加點男性同伴也好（都女的最後8成都變後宮
再來不要硬賣一些福利，例如某漫畫的黎斗摔，或者是洗澡時剛好開門，或者是組個樂團為了討老師歡心換了泳裝演奏……這種的不太能接受

喜歡偏向下剋上（不管是強者因未知原因被分到弱組還是靠努力爬上來把上位者打趴的都喜歡）
描寫內心戲多的（黑掉壞掉，或是溫馨感動的都喜歡）
不好意思這麼麻煩…因為總感覺現在大眾向的作品，開掛後宮福利都會有，希望能找到一些後宮福利少點的",內心戲,False,大逃殺,0.6232053193984104,0.24928212775936417
q23,"最近不知道要看什麼，想請大家推薦一些好看的作品

裝逼開掛類的
黑暗懸疑的
或是一些風格冷門的都還算喜歡
只有一個大前提，不要後宮，不要賣肉（好像變2個大前提了？
不喜歡那種明明男主沒幹什麼但每個女角都喜歡他，非得要的話2個是極限，而且劇情希望能別注重在他們愛來愛去互刷好感度卻又不決定人選的地方，如果是冒險類作品增加同伴的時候，可以的話別清一色都女的偶而也增加點男性同伴也好（都女的最後8成都變後宮
再來不要硬賣一些福利，例如某漫畫的黎斗摔，或者是洗澡時剛好開門，或者是組個樂團為了討老師歡心換了泳裝演奏……這種的不太能接受

喜歡偏向下剋上（不管是強者因未知原因被分到弱組還是靠努力爬上來把上位者打趴的都喜歡）
描寫內心戲多的（黑掉壞掉，或是溫馨感動的都喜歡）
不好意思這麼麻煩…因為總感覺現在大眾向的作品，開掛後宮福利都會有，希望能找到一些後宮福利少點的",內心戲,False,戀愛,0.6817933899083966,0.2727173559633586
q23,"最近不知道要看什麼，想請大家推薦一些好看的作品

裝逼開掛類的
黑暗懸疑的
或是一些風格冷門的都還算喜歡
只有一個大前提，不要後宮，不要賣肉（好像變2個大前提了？
不喜歡那種明明男主沒幹什麼但每個女角都喜歡他，非得要的話2個是極限，而且劇情希望能別注重在他們愛來愛去互刷好感度卻又不決定人選的地方，如果是冒險類作品增加同伴的時候，可以的話別清一色都女的偶而也增加點男性同伴也好（都女的最後8成都變後宮
再來不要硬賣一些福利，例如某漫畫的黎斗摔，或者是洗澡時剛好開門，或者是組個樂團為了討老師歡心換了泳裝演奏……這種的不太能接受

喜歡偏向下剋上（不管是強者因未知原因被分到弱組還是靠努力爬上來把上位者打趴的都喜歡）
描寫內心戲多的（黑掉壞掉，或是溫馨感動的都喜歡）
不好意思這麼麻煩…因為總感覺現在大眾向的作品，開掛後宮福利都會有，希望能找到一些後宮福利少點的",內心戲,False,犯罪,0.64235978149986,0.256943912599944
q23,"最近不知道要看什麼，想請大家推薦一些好看的作品

裝逼開掛類的
黑暗懸疑的
或是一些風格冷門的都還算喜歡
只有一個大前提，不要後宮，不要賣肉（好像變2個大前提了？
不喜歡那種明明男主沒幹什麼但每個女角都喜歡他，非得要的話2個是極限，而且劇情希望能別注重在他們愛來愛去互刷好感度卻又不決定人選的地方，如果是冒險類作品增加同伴的時候，可以的話別清一色都女的偶而也增加點男性同伴也好（都女的最後8成都變後宮
再來不要硬賣一些福利，例如某漫畫的黎斗摔，或者是洗澡時剛好開門，或者是組個樂團為了討老師歡心換了泳裝演奏……這種的不太能接受

喜歡偏向下剋上（不管是強者因未知原因被分到弱組還是靠努力爬上來把上位者打趴的都喜歡）
描寫內心戲多的（黑掉壞掉，或是溫馨感動的都喜歡）
不好意思這麼麻煩…因為總感覺現在大眾向的作品，開掛後宮福利都會有，希望能找到一些後宮福利少點的",內心戲,False,鬥智,0.6573370326948558,0.2629348130779423
q23,"最近不知道要看什麼，想請大家推薦一些好看的作品

裝逼開掛類的
黑暗懸疑的
或是一些風格冷門的都還算喜歡
只有一個大前提，不要後宮，不要賣肉（好像變2個大前提了？
不喜歡那種明明男主沒幹什麼但每個女角都喜歡他，非得要的話2個是極限，而且劇情希望能別注重在他們愛來愛去互刷好感度卻又不決定人選的地方，如果是冒險類作品增加同伴的時候，可以的話別清一色都女的偶而也增加點男性同伴也好（都女的最後8成都變後宮
再來不要硬賣一些福利，例如某漫畫的黎斗摔，或者是洗澡時剛好開門，或者是組個樂團為了討老師歡心換了泳裝演奏……這種的不太能接受

喜歡偏向下剋上（不管是強者因未知原因被分到弱組還是靠努力爬上來把上位者打趴的都喜歡）
描寫內心戲多的（黑掉壞掉，或是溫馨感動的都喜歡）
不好意思這麼麻煩…因為總感覺現在大眾向的作品，開掛後宮福利都會有，希望能找到一些後宮福利少點的",內心戲,False,科幻,0.6528593213085964,0.26114372852343853
q23,"最近不知道要看什麼，想請大家推薦一些好看的作品

裝逼開掛類的
黑暗懸疑的
或是一些風格冷門的都還算喜歡
只有一個大前提，不要後宮，不要賣肉（好像變2個大前提了？
不喜歡那種明明男主沒幹什麼但每個女角都喜歡他，非得要的話2個是極限，而且劇情希望能別注重在他們愛來愛去互刷好感度卻又不決定人選的地方，如果是冒險類作品增加同伴的時候，可以的話別清一色都女的偶而也增加點男性同伴也好（都女的最後8成都變後宮
再來不要硬賣一些福利，例如某漫畫的黎斗摔，或者是洗澡時剛好開門，或者是組個樂團為了討老師歡心換了泳裝演奏……這種的不太能接受

喜歡偏向下剋上（不管是強者因未知原因被分到弱組還是靠努力爬上來把上位者打趴的都喜歡）
描寫內心戲多的（黑掉壞掉，或是溫馨感動的都喜歡）
不好意思這麼麻煩…因為總感覺現在大眾向的作品，開掛後宮福利都會有，希望能找到一些後宮福利少點的",內心戲,False,格鬥,0.6189904346150357,0.2475961738460143
q23,"最近不知道要看什麼，想請大家推薦一些好看的作品

裝逼開掛類的
黑暗懸疑的
或是一些風格冷門的都還算喜歡
只有一個大前提，不要後宮，不要賣肉（好像變2個大前提了？
不喜歡那種明明男主沒幹什麼但每個女角都喜歡他，非得要的話2個是極限，而且劇情希望能別注重在他們愛來愛去互刷好感度卻又不決定人選的地方，如果是冒險類作品增加同伴的時候，可以的話別清一色都女的偶而也增加點男性同伴也好（都女的最後8成都變後宮
再來不要硬賣一些福利，例如某漫畫的黎斗摔，或者是洗澡時剛好開門，或者是組個樂團為了討老師歡心換了泳裝演奏……這種的不太能接受

喜歡偏向下剋上（不管是強者因未知原因被分到弱組還是靠努力爬上來把上位者打趴的都喜歡）
描寫內心戲多的（黑掉壞掉，或是溫馨感動的都喜歡）
不好意思這麼麻煩…因為總感覺現在大眾向的作品，開掛後宮福利都會有，希望能找到一些後宮福利少點的",內心戲,False,百合,0.6601388019427334,0.2640555207770934
q23,"最近不知道要看什麼，想請大家推薦一些好看的作品

裝逼開掛類的
黑暗懸疑的
或是一些風格冷門的都還算喜歡
只有一個大前提，不要後宮，不要賣肉（好像變2個大前提了？
不喜歡那種明明男主沒幹什麼但每個女角都喜歡他，非得要的話2個是極限，而且劇情希望能別注重在他們愛來愛去互刷好感度卻又不決定人選的地方，如果是冒險類作品增加同伴的時候，可以的話別清一色都女的偶而也增加點男性同伴也好（都女的最後8成都變後宮
再來不要硬賣一些福利，例如某漫畫的黎斗摔，或者是洗澡時剛好開門，或者是組個樂團為了討老師歡心換了泳裝演奏……這種的不太能接受

喜歡偏向下剋上（不管是強者因未知原因被分到弱組還是靠努力爬上來把上位者打趴的都喜歡）
描寫內心戲多的（黑掉壞掉，或是溫馨感動的都喜歡）
不好意思這麼麻煩…因為總感覺現在大眾向的作品，開掛後宮福利都會有，希望能找到一些後宮福利少點的",內心戲,False,轉生,0.6372485457257538,0.25489941829030155
q23,"最近不知道要看什麼，想請大家推薦一些好看的作品

裝逼開掛類的
黑暗懸疑的
或是一些風格冷門的都還算喜歡
只有一個大前提，不要後宮，不要賣肉（好像變2個大前提了？
不喜歡那種明明男主沒幹什麼但每個女角都喜歡他，非得要的話2個是極限，而且劇情希望能別注重在他們愛來愛去互刷好感度卻又不決定人選的地方，如果是冒險類作品增加同伴的時候，可以的話別清一色都女的偶而也增加點男性同伴也好（都女的最後8成都變後宮
再來不要硬賣一些福利，例如某漫畫的黎斗摔，或者是洗澡時剛好開門，或者是組個樂團為了討老師歡心換了泳裝演奏……這種的不太能接受

喜歡偏向下剋上（不管是強者因未知原因被分到弱組還是靠努力爬上來把上位者打趴的都喜歡）
描寫內心戲多的（黑掉壞掉，或是溫馨感動的都喜歡）
不好意思這麼麻煩…因為總感覺現在大眾向的作品，開掛後宮福利都會有，希望能找到一些後宮福利少點的",內心戲,False,治癒,0.6751838470043109,0.27007353880172436
q23,"最近不知道要看什麼，想請大家推薦一些好看的作品

裝逼開掛類的
黑暗懸疑的
或是一些風格冷門的都還算喜歡
只有一個大前提，不要後宮，不要賣肉（好像變2個大前提了？
不喜歡那種明明男主沒幹什麼但每個女角都喜歡他，非得要的話2個是極限，而且劇情希望能別注重在他們愛來愛去互刷好感度卻又不決定人選的地方，如果是冒險類作品增加同伴的時候，可以的話別清一色都女的偶而也增加點男性同伴也好（都女的最後8成都變後宮
再來不要硬賣一些福利，例如某漫畫的黎斗摔，或者是洗澡時剛好開門，或者是組個樂團為了討老師歡心換了泳裝演奏……這種的不太能接受

喜歡偏向下剋上（不管是強者因未知原因被分到弱組還是靠努力爬上來把上位者打趴的都喜歡）
描寫內心戲多的（黑掉壞掉，或是溫馨感動的都喜歡）
不好意思這麼麻煩…因為總感覺現在大眾向的作品，開掛後宮福利都會有，希望能找到一些後宮福利少點的",內心戲,False,青梅竹馬,0.6445470140949046,0.25781880563796183
q23,"最近不知道要看什麼，想請大家推薦一些好看的作品

裝逼開掛類的
黑暗懸疑的
或是一些風格冷門的都還算喜歡
只有一個大前提，不要後宮，不要賣肉（好像變2個大前提了？
不喜歡那種明明男主沒幹什麼但每個女角都喜歡他，非得要的話2個是極限，而且劇情希望能別注重在他們愛來愛去互刷好感度卻又不決定人選的地方，如果是冒險類作品增加同伴的時候，可以的話別清一色都女的偶而也增加點男性同伴也好（都女的最後8成都變後宮
再來不要硬賣一些福利，例如某漫畫的黎斗摔，或者是洗澡時剛好開門，或者是組個樂團為了討老師歡心換了泳裝演奏……這種的不太能接受

喜歡偏向下剋上（不管是強者因未知原因被分到弱組還是靠努力爬上來把上位者打趴的都喜歡）
描寫內心戲多的（黑掉壞掉，或是溫馨感動的都喜歡）
不好意思這麼麻煩…因為總感覺現在大眾向的作品，開掛後宮福利都會有，希望能找到一些後宮福利少點的",內心戲,False,女性視角,0.682773863995594,0.27310954559823764
q23,"最近不知道要看什麼，想請大家推薦一些好看的作品

裝逼開掛類的
黑暗懸疑的
或是一些風格冷門的都還算喜歡
只有一個大前提，不要後宮，不要賣肉（好像變2個大前提了？
不喜歡那種明明男主沒幹什麼但每個女角都喜歡他，非得要的話2個是極限，而且劇情希望能別注重在他們愛來愛去互刷好感度卻又不決定人選的地方，如果是冒險類作品增加同伴的時候，可以的話別清一色都女的偶而也增加點男性同伴也好（都女的最後8成都變後宮
再來不要硬賣一些福利，例如某漫畫的黎斗摔，或者是洗澡時剛好開門，或者是組個樂團為了討老師歡心換了泳裝演奏……這種的不太能接受

喜歡偏向下剋上（不管是強者因未知原因被分到弱組還是靠努力爬上來把上位者打趴的都喜歡）
描寫內心戲多的（黑掉壞掉，或是溫馨感動的都喜歡）
不好意思這麼麻煩…因為總感覺現在大眾向的作品，開掛後宮福利都會有，希望能找到一些後宮福利少點的",內心戲,False,性轉,0.6371346157739486,0.25485384630957947
q23,"最近不知道要看什麼，想請大家推薦一些好看的作品

裝逼開掛類的
黑暗懸疑的
或是一些風格冷門的都還算喜歡
只有一個大前提，不要後宮，不要賣肉（好像變2個大前提了？
不喜歡那種明明男主沒幹什麼但每個女角都喜歡他，非得要的話2個是極限，而且劇情希望能別注重在他們愛來愛去互刷好感度卻又不決定人選的地方，如果是冒險類作品增加同伴的時候，可以的話別清一色都女的偶而也增加點男性同伴也好（都女的最後8成都變後宮
再來不要硬賣一些福利，例如某漫畫的黎斗摔，或者是洗澡時剛好開門，或者是組個樂團為了討老師歡心換了泳裝演奏……這種的不太能接受

喜歡偏向下剋上（不管是強者因未知原因被分到弱組還是靠努力爬上來把上位者打趴的都喜歡）
描寫內心戲多的（黑掉壞掉，或是溫馨感動的都喜歡）
不好意思這麼麻煩…因為總感覺現在大眾向的作品，開掛後宮福利都會有，希望能找到一些後宮福利少點的",內心戲,False,溫馨,0.6935795503390977,0.2774318201356391
q23,"最近不知道要看什麼，想請大家推薦一些好看的作品

裝逼開掛類的
黑暗懸疑的
或是一些風格冷門的都還算喜歡
只有一個大前提，不要後宮，不要賣肉（好像變2個大前提了？
不喜歡那種明明男主沒幹什麼但每個女角都喜歡他，非得要的話2個是極限，而且劇情希望能別注重在他們愛來愛去互刷好感度卻又不決定人選的地方，如果是冒險類作品增加同伴的時候，可以的話別清一色都女的偶而也增加點男性同伴也好（都女的最後8成都變後宮
再來不要硬賣一些福利，例如某漫畫的黎斗摔，或者是洗澡時剛好開門，或者是組個樂團為了討老師歡心換了泳裝演奏……這種的不太能接受

喜歡偏向下剋上（不管是強者因未知原因被分到弱組還是靠努力爬上來把上位者打趴的都喜歡）
描寫內心戲多的（黑掉壞掉，或是溫馨感動的都喜歡）
不好意思這麼麻煩…因為總感覺現在大眾向的作品，開掛後宮福利都會有，希望能找到一些後宮福利少點的",內心戲,False,經營,0.6376506291404138,0.2550602516561655
q23,"最近不知道要看什麼，想請大家推薦一些好看的作品

裝逼開掛類的
黑暗懸疑的
或是一些風格冷門的都還算喜歡
只有一個大前提，不要後宮，不要賣肉（好像變2個大前提了？
不喜歡那種明明男主沒幹什麼但每個女角都喜歡他，非得要的話2個是極限，而且劇情希望能別注重在他們愛來愛去互刷好感度卻又不決定人選的地方，如果是冒險類作品增加同伴的時候，可以的話別清一色都女的偶而也增加點男性同伴也好（都女的最後8成都變後宮
再來不要硬賣一些福利，例如某漫畫的黎斗摔，或者是洗澡時剛好開門，或者是組個樂團為了討老師歡心換了泳裝演奏……這種的不太能接受

喜歡偏向下剋上（不管是強者因未知原因被分到弱組還是靠努力爬上來把上位者打趴的都喜歡）
描寫內心戲多的（黑掉壞掉，或是溫馨感動的都喜歡）
不好意思這麼麻煩…因為總感覺現在大眾向的作品，開掛後宮福利都會有，希望能找到一些後宮福利少點的",內心戲,False,獵奇,0.6582852343534606,0.26331409374138426
q23,"最近不知道要看什麼，想請大家推薦一些好看的作品

裝逼開掛類的
黑暗懸疑的
或是一些風格冷門的都還算喜歡
只有一個大前提，不要後宮，不要賣肉（好像變2個大前提了？
不喜歡那種明明男主沒幹什麼但每個女角都喜歡他，非得要的話2個是極限，而且劇情希望能別注重在他們愛來愛去互刷好感度卻又不決定人選的地方，如果是冒險類作品增加同伴的時候，可以的話別清一色都女的偶而也增加點男性同伴也好（都女的最後8成都變後宮
再來不要硬賣一些福利，例如某漫畫的黎斗摔，或者是洗澡時剛好開門，或者是組個樂團為了討老師歡心換了泳裝演奏……這種的不太能接受

喜歡偏向下剋上（不管是強者因未知原因被分到弱組還是靠努力爬上來把上位者打趴的都喜歡）
描寫內心戲多的（黑掉壞掉，或是溫馨感動的都喜歡）
不好意思這麼麻煩…因為總感覺現在大眾向的作品，開掛後宮福利都會有，希望能找到一些後宮福利少點的",內心戲,False,復仇,0.6075413412668926,0.24301653650675706
q23,"最近不知道要看什麼，想請大家推薦一些好看的作品

裝逼開掛類的
黑暗懸疑的
或是一些風格冷門的都還算喜歡
只有一個大前提，不要後宮，不要賣肉（好像變2個大前提了？
不喜歡那種明明男主沒幹什麼但每個女角都喜歡他，非得要的話2個是極限，而且劇情希望能別注重在他們愛來愛去互刷好感度卻又不決定人選的地方，如果是冒險類作品增加同伴的時候，可以的話別清一色都女的偶而也增加點男性同伴也好（都女的最後8成都變後宮
再來不要硬賣一些福利，例如某漫畫的黎斗摔，或者是洗澡時剛好開門，或者是組個樂團為了討老師歡心換了泳裝演奏……這種的不太能接受

喜歡偏向下剋上（不管是強者因未知原因被分到弱組還是靠努力爬上來把上位者打趴的都喜歡）
描寫內心戲多的（黑掉壞掉，或是溫馨感動的都喜歡）
不好意思這麼麻煩…因為總感覺現在大眾向的作品，開掛後宮福利都會有，希望能找到一些後宮福利少點的",內心戲,False,黑暗,0.6617950009607073,0.26471800038428295
q23,"最近不知道要看什麼，想請大家推薦一些好看的作品

裝逼開掛類的
黑暗懸疑的
或是一些風格冷門的都還算喜歡
只有一個大前提，不要後宮，不要賣肉（好像變2個大前提了？
不喜歡那種明明男主沒幹什麼但每個女角都喜歡他，非得要的話2個是極限，而且劇情希望能別注重在他們愛來愛去互刷好感度卻又不決定人選的地方，如果是冒險類作品增加同伴的時候，可以的話別清一色都女的偶而也增加點男性同伴也好（都女的最後8成都變後宮
再來不要硬賣一些福利，例如某漫畫的黎斗摔，或者是洗澡時剛好開門，或者是組個樂團為了討老師歡心換了泳裝演奏……這種的不太能接受

喜歡偏向下剋上（不管是強者因未知原因被分到弱組還是靠努力爬上來把上位者打趴的都喜歡）
描寫內心戲多的（黑掉壞掉，或是溫馨感動的都喜歡）
不好意思這麼麻煩…因為總感覺現在大眾向的作品，開掛後宮福利都會有，希望能找到一些後宮福利少點的",內心戲,False,末日,0.6272653797419414,0.25090615189677656
q23,"最近不知道要看什麼，想請大家推薦一些好看的作品

裝逼開掛類的
黑暗懸疑的
或是一些風格冷門的都還算喜歡
只有一個大前提，不要後宮，不要賣肉（好像變2個大前提了？
不喜歡那種明明男主沒幹什麼但每個女角都喜歡他，非得要的話2個是極限，而且劇情希望能別注重在他們愛來愛去互刷好感度卻又不決定人選的地方，如果是冒險類作品增加同伴的時候，可以的話別清一色都女的偶而也增加點男性同伴也好（都女的最後8成都變後宮
再來不要硬賣一些福利，例如某漫畫的黎斗摔，或者是洗澡時剛好開門，或者是組個樂團為了討老師歡心換了泳裝演奏……這種的不太能接受

喜歡偏向下剋上（不管是強者因未知原因被分到弱組還是靠努力爬上來把上位者打趴的都喜歡）
描寫內心戲多的（黑掉壞掉，或是溫馨感動的都喜歡）
不好意思這麼麻煩…因為總感覺現在大眾向的作品，開掛後宮福利都會有，希望能找到一些後宮福利少點的",內心戲,False,遊戲,0.6210141741370275,0.24840566965481103
q23,"最近不知道要看什麼，想請大家推薦一些好看的作品

裝逼開掛類的
黑暗懸疑的
或是一些風格冷門的都還算喜歡
只有一個大前提，不要後宮，不要賣肉（好像變2個大前提了？
不喜歡那種明明男主沒幹什麼但每個女角都喜歡他，非得要的話2個是極限，而且劇情希望能別注重在他們愛來愛去互刷好感度卻又不決定人選的地方，如果是冒險類作品增加同伴的時候，可以的話別清一色都女的偶而也增加點男性同伴也好（都女的最後8成都變後宮
再來不要硬賣一些福利，例如某漫畫的黎斗摔，或者是洗澡時剛好開門，或者是組個樂團為了討老師歡心換了泳裝演奏……這種的不太能接受

喜歡偏向下剋上（不管是強者因未知原因被分到弱組還是靠努力爬上來把上位者打趴的都喜歡）
描寫內心戲多的（黑掉壞掉，或是溫馨感動的都喜歡）
不好意思這麼麻煩…因為總感覺現在大眾向的作品，開掛後宮福利都會有，希望能找到一些後宮福利少點的",內心戲,False,戰鬥,0.6279387465402444,0.2511754986160978
q23,"最近不知道要看什麼，想請大家推薦一些好看的作品

裝逼開掛類的
黑暗懸疑的
或是一些風格冷門的都還算喜歡
只有一個大前提，不要後宮，不要賣肉（好像變2個大前提了？
不喜歡那種明明男主沒幹什麼但每個女角都喜歡他，非得要的話2個是極限，而且劇情希望能別注重在他們愛來愛去互刷好感度卻又不決定人選的地方，如果是冒險類作品增加同伴的時候，可以的話別清一色都女的偶而也增加點男性同伴也好（都女的最後8成都變後宮
再來不要硬賣一些福利，例如某漫畫的黎斗摔，或者是洗澡時剛好開門，或者是組個樂團為了討老師歡心換了泳裝演奏……這種的不太能接受

喜歡偏向下剋上（不管是強者因未知原因被分到弱組還是靠努力爬上來把上位者打趴的都喜歡）
描寫內心戲多的（黑掉壞掉，或是溫馨感動的都喜歡）
不好意思這麼麻煩…因為總感覺現在大眾向的作品，開掛後宮福利都會有，希望能找到一些後宮福利少點的",內心戲,False,青春,0.6538444605638636,0.26153778422554547
q23,"最近不知道要看什麼，想請大家推薦一些好看的作品

裝逼開掛類的
黑暗懸疑的
或是一些風格冷門的都還算喜歡
只有一個大前提，不要後宮，不要賣肉（好像變2個大前提了？
不喜歡那種明明男主沒幹什麼但每個女角都喜歡他，非得要的話2個是極限，而且劇情希望能別注重在他們愛來愛去互刷好感度卻又不決定人選的地方，如果是冒險類作品增加同伴的時候，可以的話別清一色都女的偶而也增加點男性同伴也好（都女的最後8成都變後宮
再來不要硬賣一些福利，例如某漫畫的黎斗摔，或者是洗澡時剛好開門，或者是組個樂團為了討老師歡心換了泳裝演奏……這種的不太能接受

喜歡偏向下剋上（不管是強者因未知原因被分到弱組還是靠努力爬上來把上位者打趴的都喜歡）
描寫內心戲多的（黑掉壞掉，或是溫馨感動的都喜歡）
不好意思這麼麻煩…因為總感覺現在大眾向的作品，開掛後宮福利都會有，希望能找到一些後宮福利少點的",內心戲,False,群像,0.6599755015859173,0.26399020063436696
q23,"最近不知道要看什麼，想請大家推薦一些好看的作品

裝逼開掛類的
黑暗懸疑的
或是一些風格冷門的都還算喜歡
只有一個大前提，不要後宮，不要賣肉（好像變2個大前提了？
不喜歡那種明明男主沒幹什麼但每個女角都喜歡他，非得要的話2個是極限，而且劇情希望能別注重在他們愛來愛去互刷好感度卻又不決定人選的地方，如果是冒險類作品增加同伴的時候，可以的話別清一色都女的偶而也增加點男性同伴也好（都女的最後8成都變後宮
再來不要硬賣一些福利，例如某漫畫的黎斗摔，或者是洗澡時剛好開門，或者是組個樂團為了討老師歡心換了泳裝演奏……這種的不太能接受

喜歡偏向下剋上（不管是強者因未知原因被分到弱組還是靠努力爬上來把上位者打趴的都喜歡）
描寫內心戲多的（黑掉壞掉，或是溫馨感動的都喜歡）
不好意思這麼麻煩…因為總感覺現在大眾向的作品，開掛後宮福利都會有，希望能找到一些後宮福利少點的",內心戲,False,歡樂向,0.6782711797519335,0.2713084719007734
q23,"最近不知道要看什麼，想請大家推薦一些好看的作品

裝逼開掛類的
黑暗懸疑的
或是一些風格冷門的都還算喜歡
只有一個大前提，不要後宮，不要賣肉（好像變2個大前提了？
不喜歡那種明明男主沒幹什麼但每個女角都喜歡他，非得要的話2個是極限，而且劇情希望能別注重在他們愛來愛去互刷好感度卻又不決定人選的地方，如果是冒險類作品增加同伴的時候，可以的話別清一色都女的偶而也增加點男性同伴也好（都女的最後8成都變後宮
再來不要硬賣一些福利，例如某漫畫的黎斗摔，或者是洗澡時剛好開門，或者是組個樂團為了討老師歡心換了泳裝演奏……這種的不太能接受

喜歡偏向下剋上（不管是強者因未知原因被分到弱組還是靠努力爬上來把上位者打趴的都喜歡）
描寫內心戲多的（黑掉壞掉，或是溫馨感動的都喜歡）
不好意思這麼麻煩…因為總感覺現在大眾向的作品，開掛後宮福利都會有，希望能找到一些後宮福利少點的",內心戲,False,旅行,0.6512607525988473,0.2605043010395389
q23,"最近不知道要看什麼，想請大家推薦一些好看的作品

裝逼開掛類的
黑暗懸疑的
或是一些風格冷門的都還算喜歡
只有一個大前提，不要後宮，不要賣肉（好像變2個大前提了？
不喜歡那種明明男主沒幹什麼但每個女角都喜歡他，非得要的話2個是極限，而且劇情希望能別注重在他們愛來愛去互刷好感度卻又不決定人選的地方，如果是冒險類作品增加同伴的時候，可以的話別清一色都女的偶而也增加點男性同伴也好（都女的最後8成都變後宮
再來不要硬賣一些福利，例如某漫畫的黎斗摔，或者是洗澡時剛好開門，或者是組個樂團為了討老師歡心換了泳裝演奏……這種的不太能接受

喜歡偏向下剋上（不管是強者因未知原因被分到弱組還是靠努力爬上來把上位者打趴的都喜歡）
描寫內心戲多的（黑掉壞掉，或是溫馨感動的都喜歡）
不好意思這麼麻煩…因為總感覺現在大眾向的作品，開掛後宮福利都會有，希望能找到一些後宮福利少點的",內心戲,False,惡役,0.6359529379945311,0.25438117519781245
q23,"最近不知道要看什麼，想請大家推薦一些好看的作品

裝逼開掛類的
黑暗懸疑的
或是一些風格冷門的都還算喜歡
只有一個大前提，不要後宮，不要賣肉（好像變2個大前提了？
不喜歡那種明明男主沒幹什麼但每個女角都喜歡他，非得要的話2個是極限，而且劇情希望能別注重在他們愛來愛去互刷好感度卻又不決定人選的地方，如果是冒險類作品增加同伴的時候，可以的話別清一色都女的偶而也增加點男性同伴也好（都女的最後8成都變後宮
再來不要硬賣一些福利，例如某漫畫的黎斗摔，或者是洗澡時剛好開門，或者是組個樂團為了討老師歡心換了泳裝演奏……這種的不太能接受

喜歡偏向下剋上（不管是強者因未知原因被分到弱組還是靠努力爬上來把上位者打趴的都喜歡）
描寫內心戲多的（黑掉壞掉，或是溫馨感動的都喜歡）
不好意思這麼麻煩…因為總感覺現在大眾向的作品，開掛後宮福利都會有，希望能找到一些後宮福利少點的",內心戲,False,蘿莉,0.6385233564008145,0.2554093425603258
q23,"最近不知道要看什麼，想請大家推薦一些好看的作品

裝逼開掛類的
黑暗懸疑的
或是一些風格冷門的都還算喜歡
只有一個大前提，不要後宮，不要賣肉（好像變2個大前提了？
不喜歡那種明明男主沒幹什麼但每個女角都喜歡他，非得要的話2個是極限，而且劇情希望能別注重在他們愛來愛去互刷好感度卻又不決定人選的地方，如果是冒險類作品增加同伴的時候，可以的話別清一色都女的偶而也增加點男性同伴也好（都女的最後8成都變後宮
再來不要硬賣一些福利，例如某漫畫的黎斗摔，或者是洗澡時剛好開門，或者是組個樂團為了討老師歡心換了泳裝演奏……這種的不太能接受

喜歡偏向下剋上（不管是強者因未知原因被分到弱組還是靠努力爬上來把上位者打趴的都喜歡）
描寫內心戲多的（黑掉壞掉，或是溫馨感動的都喜歡）
不好意思這麼麻煩…因為總感覺現在大眾向的作品，開掛後宮福利都會有，希望能找到一些後宮福利少點的",內心戲,False,機戰,0.6405209114180382,0.2562083645672153
q23,"最近不知道要看什麼，想請大家推薦一些好看的作品

裝逼開掛類的
黑暗懸疑的
或是一些風格冷門的都還算喜歡
只有一個大前提，不要後宮，不要賣肉（好像變2個大前提了？
不喜歡那種明明男主沒幹什麼但每個女角都喜歡他，非得要的話2個是極限，而且劇情希望能別注重在他們愛來愛去互刷好感度卻又不決定人選的地方，如果是冒險類作品增加同伴的時候，可以的話別清一色都女的偶而也增加點男性同伴也好（都女的最後8成都變後宮
再來不要硬賣一些福利，例如某漫畫的黎斗摔，或者是洗澡時剛好開門，或者是組個樂團為了討老師歡心換了泳裝演奏……這種的不太能接受

喜歡偏向下剋上（不管是強者因未知原因被分到弱組還是靠努力爬上來把上位者打趴的都喜歡）
描寫內心戲多的（黑掉壞掉，或是溫馨感動的都喜歡）
不好意思這麼麻煩…因為總感覺現在大眾向的作品，開掛後宮福利都會有，希望能找到一些後宮福利少點的",內心戲,False,驚悚,0.661953981013806,0.2647815924055224
q23,"最近不知道要看什麼，想請大家推薦一些好看的作品

裝逼開掛類的
黑暗懸疑的
或是一些風格冷門的都還算喜歡
只有一個大前提，不要後宮，不要賣肉（好像變2個大前提了？
不喜歡那種明明男主沒幹什麼但每個女角都喜歡他，非得要的話2個是極限，而且劇情希望能別注重在他們愛來愛去互刷好感度卻又不決定人選的地方，如果是冒險類作品增加同伴的時候，可以的話別清一色都女的偶而也增加點男性同伴也好（都女的最後8成都變後宮
再來不要硬賣一些福利，例如某漫畫的黎斗摔，或者是洗澡時剛好開門，或者是組個樂團為了討老師歡心換了泳裝演奏……這種的不太能接受

喜歡偏向下剋上（不管是強者因未知原因被分到弱組還是靠努力爬上來把上位者打趴的都喜歡）
描寫內心戲多的（黑掉壞掉，或是溫馨感動的都喜歡）
不好意思這麼麻煩…因為總感覺現在大眾向的作品，開掛後宮福利都會有，希望能找到一些後宮福利少點的",內心戲,False,奇幻,0.6498174964268565,0.2599269985707426
q23,"最近不知道要看什麼，想請大家推薦一些好看的作品

裝逼開掛類的
黑暗懸疑的
或是一些風格冷門的都還算喜歡
只有一個大前提，不要後宮，不要賣肉（好像變2個大前提了？
不喜歡那種明明男主沒幹什麼但每個女角都喜歡他，非得要的話2個是極限，而且劇情希望能別注重在他們愛來愛去互刷好感度卻又不決定人選的地方，如果是冒險類作品增加同伴的時候，可以的話別清一色都女的偶而也增加點男性同伴也好（都女的最後8成都變後宮
再來不要硬賣一些福利，例如某漫畫的黎斗摔，或者是洗澡時剛好開門，或者是組個樂團為了討老師歡心換了泳裝演奏……這種的不太能接受

喜歡偏向下剋上（不管是強者因未知原因被分到弱組還是靠努力爬上來把上位者打趴的都喜歡）
描寫內心戲多的（黑掉壞掉，或是溫馨感動的都喜歡）
不好意思這麼麻煩…因為總感覺現在大眾向的作品，開掛後宮福利都會有，希望能找到一些後宮福利少點的",內心戲,False,JK,0.665479961243956,0.2661919844975824
q23,"最近不知道要看什麼，想請大家推薦一些好看的作品

裝逼開掛類的
黑暗懸疑的
或是一些風格冷門的都還算喜歡
只有一個大前提，不要後宮，不要賣肉（好像變2個大前提了？
不喜歡那種明明男主沒幹什麼但每個女角都喜歡他，非得要的話2個是極限，而且劇情希望能別注重在他們愛來愛去互刷好感度卻又不決定人選的地方，如果是冒險類作品增加同伴的時候，可以的話別清一色都女的偶而也增加點男性同伴也好（都女的最後8成都變後宮
再來不要硬賣一些福利，例如某漫畫的黎斗摔，或者是洗澡時剛好開門，或者是組個樂團為了討老師歡心換了泳裝演奏……這種的不太能接受

喜歡偏向下剋上（不管是強者因未知原因被分到弱組還是靠努力爬上來把上位者打趴的都喜歡）
描寫內心戲多的（黑掉壞掉，或是溫馨感動的都喜歡）
不好意思這麼麻煩…因為總感覺現在大眾向的作品，開掛後宮福利都會有，希望能找到一些後宮福利少點的",內心戲,False,後宮,0.6609669875110951,0.264386795004438
q23,"最近不知道要看什麼，想請大家推薦一些好看的作品

裝逼開掛類的
黑暗懸疑的
或是一些風格冷門的都還算喜歡
只有一個大前提，不要後宮，不要賣肉（好像變2個大前提了？
不喜歡那種明明男主沒幹什麼但每個女角都喜歡他，非得要的話2個是極限，而且劇情希望能別注重在他們愛來愛去互刷好感度卻又不決定人選的地方，如果是冒險類作品增加同伴的時候，可以的話別清一色都女的偶而也增加點男性同伴也好（都女的最後8成都變後宮
再來不要硬賣一些福利，例如某漫畫的黎斗摔，或者是洗澡時剛好開門，或者是組個樂團為了討老師歡心換了泳裝演奏……這種的不太能接受

喜歡偏向下剋上（不管是強者因未知原因被分到弱組還是靠努力爬上來把上位者打趴的都喜歡）
描寫內心戲多的（黑掉壞掉，或是溫馨感動的都喜歡）
不好意思這麼麻煩…因為總感覺現在大眾向的作品，開掛後宮福利都會有，希望能找到一些後宮福利少點的",內心戲,False,耽美,0.6876547536063223,0.27506190144252896
q23,"最近不知道要看什麼，想請大家推薦一些好看的作品

裝逼開掛類的
黑暗懸疑的
或是一些風格冷門的都還算喜歡
只有一個大前提，不要後宮，不要賣肉（好像變2個大前提了？
不喜歡那種明明男主沒幹什麼但每個女角都喜歡他，非得要的話2個是極限，而且劇情希望能別注重在他們愛來愛去互刷好感度卻又不決定人選的地方，如果是冒險類作品增加同伴的時候，可以的話別清一色都女的偶而也增加點男性同伴也好（都女的最後8成都變後宮
再來不要硬賣一些福利，例如某漫畫的黎斗摔，或者是洗澡時剛好開門，或者是組個樂團為了討老師歡心換了泳裝演奏……這種的不太能接受

喜歡偏向下剋上（不管是強者因未知原因被分到弱組還是靠努力爬上來把上位者打趴的都喜歡）
描寫內心戲多的（黑掉壞掉，或是溫馨感動的都喜歡）
不好意思這麼麻煩…因為總感覺現在大眾向的作品，開掛後宮福利都會有，希望能找到一些後宮福利少點的",內心戲,False,妹妹,0.640390659796122,0.2561562639184488
q23,"最近不知道要看什麼，想請大家推薦一些好看的作品

裝逼開掛類的
黑暗懸疑的
或是一些風格冷門的都還算喜歡
只有一個大前提，不要後宮，不要賣肉（好像變2個大前提了？
不喜歡那種明明男主沒幹什麼但每個女角都喜歡他，非得要的話2個是極限，而且劇情希望能別注重在他們愛來愛去互刷好感度卻又不決定人選的地方，如果是冒險類作品增加同伴的時候，可以的話別清一色都女的偶而也增加點男性同伴也好（都女的最後8成都變後宮
再來不要硬賣一些福利，例如某漫畫的黎斗摔，或者是洗澡時剛好開門，或者是組個樂團為了討老師歡心換了泳裝演奏……這種的不太能接受

喜歡偏向下剋上（不管是強者因未知原因被分到弱組還是靠努力爬上來把上位者打趴的都喜歡）
描寫內心戲多的（黑掉壞掉，或是溫馨感動的都喜歡）
不好意思這麼麻煩…因為總感覺現在大眾向的作品，開掛後宮福利都會有，希望能找到一些後宮福利少點的",內心戲,False,龍傲天,0.621655464948422,0.24866218597936884
q23,"最近不知道要看什麼，想請大家推薦一些好看的作品

裝逼開掛類的
黑暗懸疑的
或是一些風格冷門的都還算喜歡
只有一個大前提，不要後宮，不要賣肉（好像變2個大前提了？
不喜歡那種明明男主沒幹什麼但每個女角都喜歡他，非得要的話2個是極限，而且劇情希望能別注重在他們愛來愛去互刷好感度卻又不決定人選的地方，如果是冒險類作品增加同伴的時候，可以的話別清一色都女的偶而也增加點男性同伴也好（都女的最後8成都變後宮
再來不要硬賣一些福利，例如某漫畫的黎斗摔，或者是洗澡時剛好開門，或者是組個樂團為了討老師歡心換了泳裝演奏……這種的不太能接受

喜歡偏向下剋上（不管是強者因未知原因被分到弱組還是靠努力爬上來把上位者打趴的都喜歡）
描寫內心戲多的（黑掉壞掉，或是溫馨感動的都喜歡）
不好意思這麼麻煩…因為總感覺現在大眾向的作品，開掛後宮福利都會有，希望能找到一些後宮福利少點的",內心戲,False,職場,0.6547231943348765,0.2618892777339506
q23,"最近不知道要看什麼，想請大家推薦一些好看的作品

裝逼開掛類的
黑暗懸疑的
或是一些風格冷門的都還算喜歡
只有一個大前提，不要後宮，不要賣肉（好像變2個大前提了？
不喜歡那種明明男主沒幹什麼但每個女角都喜歡他，非得要的話2個是極限，而且劇情希望能別注重在他們愛來愛去互刷好感度卻又不決定人選的地方，如果是冒險類作品增加同伴的時候，可以的話別清一色都女的偶而也增加點男性同伴也好（都女的最後8成都變後宮
再來不要硬賣一些福利，例如某漫畫的黎斗摔，或者是洗澡時剛好開門，或者是組個樂團為了討老師歡心換了泳裝演奏……這種的不太能接受

喜歡偏向下剋上（不管是強者因未知原因被分到弱組還是靠努力爬上來把上位者打趴的都喜歡）
描寫內心戲多的（黑掉壞掉，或是溫馨感動的都喜歡）
不好意思這麼麻煩…因為總感覺現在大眾向的作品，開掛後宮福利都會有，希望能找到一些後宮福利少點的",內心戲,False,推理,0.6641042055502671,0.2656416822201068
q23,"最近不知道要看什麼，想請大家推薦一些好看的作品

裝逼開掛類的
黑暗懸疑的
或是一些風格冷門的都還算喜歡
只有一個大前提，不要後宮，不要賣肉（好像變2個大前提了？
不喜歡那種明明男主沒幹什麼但每個女角都喜歡他，非得要的話2個是極限，而且劇情希望能別注重在他們愛來愛去互刷好感度卻又不決定人選的地方，如果是冒險類作品增加同伴的時候，可以的話別清一色都女的偶而也增加點男性同伴也好（都女的最後8成都變後宮
再來不要硬賣一些福利，例如某漫畫的黎斗摔，或者是洗澡時剛好開門，或者是組個樂團為了討老師歡心換了泳裝演奏……這種的不太能接受

喜歡偏向下剋上（不管是強者因未知原因被分到弱組還是靠努力爬上來把上位者打趴的都喜歡）
描寫內心戲多的（黑掉壞掉，或是溫馨感動的都喜歡）
不好意思這麼麻煩…因為總感覺現在大眾向的作品，開掛後宮福利都會有，希望能找到一些後宮福利少點的",內心戲,False,腦洞,0.6568018783381661,0.26272075133526646
q23,"最近不知道要看什麼，想請大家推薦一些好看的作品

裝逼開掛類的
黑暗懸疑的
或是一些風格冷門的都還算喜歡
只有一個大前提，不要後宮，不要賣肉（好像變2個大前提了？
不喜歡那種明明男主沒幹什麼但每個女角都喜歡他，非得要的話2個是極限，而且劇情希望能別注重在他們愛來愛去互刷好感度卻又不決定人選的地方，如果是冒險類作品增加同伴的時候，可以的話別清一色都女的偶而也增加點男性同伴也好（都女的最後8成都變後宮
再來不要硬賣一些福利，例如某漫畫的黎斗摔，或者是洗澡時剛好開門，或者是組個樂團為了討老師歡心換了泳裝演奏……這種的不太能接受

喜歡偏向下剋上（不管是強者因未知原因被分到弱組還是靠努力爬上來把上位者打趴的都喜歡）
描寫內心戲多的（黑掉壞掉，或是溫馨感動的都喜歡）
不好意思這麼麻煩…因為總感覺現在大眾向的作品，開掛後宮福利都會有，希望能找到一些後宮福利少點的",內心戲,False,JC,0.6558669371549222,0.2623467748619689
q23,"最近不知道要看什麼，想請大家推薦一些好看的作品

裝逼開掛類的
黑暗懸疑的
或是一些風格冷門的都還算喜歡
只有一個大前提，不要後宮，不要賣肉（好像變2個大前提了？
不喜歡那種明明男主沒幹什麼但每個女角都喜歡他，非得要的話2個是極限，而且劇情希望能別注重在他們愛來愛去互刷好感度卻又不決定人選的地方，如果是冒險類作品增加同伴的時候，可以的話別清一色都女的偶而也增加點男性同伴也好（都女的最後8成都變後宮
再來不要硬賣一些福利，例如某漫畫的黎斗摔，或者是洗澡時剛好開門，或者是組個樂團為了討老師歡心換了泳裝演奏……這種的不太能接受

喜歡偏向下剋上（不管是強者因未知原因被分到弱組還是靠努力爬上來把上位者打趴的都喜歡）
描寫內心戲多的（黑掉壞掉，或是溫馨感動的都喜歡）
不好意思這麼麻煩…因為總感覺現在大眾向的作品，開掛後宮福利都會有，希望能找到一些後宮福利少點的",內心戲,False,宅文化,0.6418330476580357,0.2567332190632143
q23,"最近不知道要看什麼，想請大家推薦一些好看的作品

裝逼開掛類的
黑暗懸疑的
或是一些風格冷門的都還算喜歡
只有一個大前提，不要後宮，不要賣肉（好像變2個大前提了？
不喜歡那種明明男主沒幹什麼但每個女角都喜歡他，非得要的話2個是極限，而且劇情希望能別注重在他們愛來愛去互刷好感度卻又不決定人選的地方，如果是冒險類作品增加同伴的時候，可以的話別清一色都女的偶而也增加點男性同伴也好（都女的最後8成都變後宮
再來不要硬賣一些福利，例如某漫畫的黎斗摔，或者是洗澡時剛好開門，或者是組個樂團為了討老師歡心換了泳裝演奏……這種的不太能接受

喜歡偏向下剋上（不管是強者因未知原因被分到弱組還是靠努力爬上來把上位者打趴的都喜歡）
描寫內心戲多的（黑掉壞掉，或是溫馨感動的都喜歡）
不好意思這麼麻煩…因為總感覺現在大眾向的作品，開掛後宮福利都會有，希望能找到一些後宮福利少點的",內心戲,False,校園,0.6507364829765718,0.26029459319062875
q23,"最近不知道要看什麼，想請大家推薦一些好看的作品

裝逼開掛類的
黑暗懸疑的
或是一些風格冷門的都還算喜歡
只有一個大前提，不要後宮，不要賣肉（好像變2個大前提了？
不喜歡那種明明男主沒幹什麼但每個女角都喜歡他，非得要的話2個是極限，而且劇情希望能別注重在他們愛來愛去互刷好感度卻又不決定人選的地方，如果是冒險類作品增加同伴的時候，可以的話別清一色都女的偶而也增加點男性同伴也好（都女的最後8成都變後宮
再來不要硬賣一些福利，例如某漫畫的黎斗摔，或者是洗澡時剛好開門，或者是組個樂團為了討老師歡心換了泳裝演奏……這種的不太能接受

喜歡偏向下剋上（不管是強者因未知原因被分到弱組還是靠努力爬上來把上位者打趴的都喜歡）
描寫內心戲多的（黑掉壞掉，或是溫馨感動的都喜歡）
不好意思這麼麻煩…因為總感覺現在大眾向的作品，開掛後宮福利都會有，希望能找到一些後宮福利少點的",內心戲,False,同人,0.6526545112542446,0.26106180450169786
q23,"最近不知道要看什麼，想請大家推薦一些好看的作品

裝逼開掛類的
黑暗懸疑的
或是一些風格冷門的都還算喜歡
只有一個大前提，不要後宮，不要賣肉（好像變2個大前提了？
不喜歡那種明明男主沒幹什麼但每個女角都喜歡他，非得要的話2個是極限，而且劇情希望能別注重在他們愛來愛去互刷好感度卻又不決定人選的地方，如果是冒險類作品增加同伴的時候，可以的話別清一色都女的偶而也增加點男性同伴也好（都女的最後8成都變後宮
再來不要硬賣一些福利，例如某漫畫的黎斗摔，或者是洗澡時剛好開門，或者是組個樂團為了討老師歡心換了泳裝演奏……這種的不太能接受

喜歡偏向下剋上（不管是強者因未知原因被分到弱組還是靠努力爬上來把上位者打趴的都喜歡）
描寫內心戲多的（黑掉壞掉，或是溫馨感動的都喜歡）
不好意思這麼麻煩…因為總感覺現在大眾向的作品，開掛後宮福利都會有，希望能找到一些後宮福利少點的",內心戲,False,偽娘,0.6270003710696526,0.250800148427861
q23,"最近不知道要看什麼，想請大家推薦一些好看的作品

裝逼開掛類的
黑暗懸疑的
或是一些風格冷門的都還算喜歡
只有一個大前提，不要後宮，不要賣肉（好像變2個大前提了？
不喜歡那種明明男主沒幹什麼但每個女角都喜歡他，非得要的話2個是極限，而且劇情希望能別注重在他們愛來愛去互刷好感度卻又不決定人選的地方，如果是冒險類作品增加同伴的時候，可以的話別清一色都女的偶而也增加點男性同伴也好（都女的最後8成都變後宮
再來不要硬賣一些福利，例如某漫畫的黎斗摔，或者是洗澡時剛好開門，或者是組個樂團為了討老師歡心換了泳裝演奏……這種的不太能接受

喜歡偏向下剋上（不管是強者因未知原因被分到弱組還是靠努力爬上來把上位者打趴的都喜歡）
描寫內心戲多的（黑掉壞掉，或是溫馨感動的都喜歡）
不好意思這麼麻煩…因為總感覺現在大眾向的作品，開掛後宮福利都會有，希望能找到一些後宮福利少點的",內心戲,False,NTR,0.6621630377119279,0.2648652150847712
q23,"最近不知道要看什麼，想請大家推薦一些好看的作品

裝逼開掛類的
黑暗懸疑的
或是一些風格冷門的都還算喜歡
只有一個大前提，不要後宮，不要賣肉（好像變2個大前提了？
不喜歡那種明明男主沒幹什麼但每個女角都喜歡他，非得要的話2個是極限，而且劇情希望能別注重在他們愛來愛去互刷好感度卻又不決定人選的地方，如果是冒險類作品增加同伴的時候，可以的話別清一色都女的偶而也增加點男性同伴也好（都女的最後8成都變後宮
再來不要硬賣一些福利，例如某漫畫的黎斗摔，或者是洗澡時剛好開門，或者是組個樂團為了討老師歡心換了泳裝演奏……這種的不太能接受

喜歡偏向下剋上（不管是強者因未知原因被分到弱組還是靠努力爬上來把上位者打趴的都喜歡）
描寫內心戲多的（黑掉壞掉，或是溫馨感動的都喜歡）
不好意思這麼麻煩…因為總感覺現在大眾向的作品，開掛後宮福利都會有，希望能找到一些後宮福利少點的",內心戲,False,異能,0.6440292686776192,0.2576117074710477
q23,"最近不知道要看什麼，想請大家推薦一些好看的作品

裝逼開掛類的
黑暗懸疑的
或是一些風格冷門的都還算喜歡
只有一個大前提，不要後宮，不要賣肉（好像變2個大前提了？
不喜歡那種明明男主沒幹什麼但每個女角都喜歡他，非得要的話2個是極限，而且劇情希望能別注重在他們愛來愛去互刷好感度卻又不決定人選的地方，如果是冒險類作品增加同伴的時候，可以的話別清一色都女的偶而也增加點男性同伴也好（都女的最後8成都變後宮
再來不要硬賣一些福利，例如某漫畫的黎斗摔，或者是洗澡時剛好開門，或者是組個樂團為了討老師歡心換了泳裝演奏……這種的不太能接受

喜歡偏向下剋上（不管是強者因未知原因被分到弱組還是靠努力爬上來把上位者打趴的都喜歡）
描寫內心戲多的（黑掉壞掉，或是溫馨感動的都喜歡）
不好意思這麼麻煩…因為總感覺現在大眾向的作品，開掛後宮福利都會有，希望能找到一些後宮福利少點的",內心戲,False,病嬌,0.6564739842195058,0.2625895936878023
q23,"最近不知道要看什麼，想請大家推薦一些好看的作品

裝逼開掛類的
黑暗懸疑的
或是一些風格冷門的都還算喜歡
只有一個大前提，不要後宮，不要賣肉（好像變2個大前提了？
不喜歡那種明明男主沒幹什麼但每個女角都喜歡他，非得要的話2個是極限，而且劇情希望能別注重在他們愛來愛去互刷好感度卻又不決定人選的地方，如果是冒險類作品增加同伴的時候，可以的話別清一色都女的偶而也增加點男性同伴也好（都女的最後8成都變後宮
再來不要硬賣一些福利，例如某漫畫的黎斗摔，或者是洗澡時剛好開門，或者是組個樂團為了討老師歡心換了泳裝演奏……這種的不太能接受

喜歡偏向下剋上（不管是強者因未知原因被分到弱組還是靠努力爬上來把上位者打趴的都喜歡）
描寫內心戲多的（黑掉壞掉，或是溫馨感動的都喜歡）
不好意思這麼麻煩…因為總感覺現在大眾向的作品，開掛後宮福利都會有，希望能找到一些後宮福利少點的",內心戲,False,音樂,0.6605291622165091,0.2642116648866037
q23,"最近不知道要看什麼，想請大家推薦一些好看的作品

裝逼開掛類的
黑暗懸疑的
或是一些風格冷門的都還算喜歡
只有一個大前提，不要後宮，不要賣肉（好像變2個大前提了？
不喜歡那種明明男主沒幹什麼但每個女角都喜歡他，非得要的話2個是極限，而且劇情希望能別注重在他們愛來愛去互刷好感度卻又不決定人選的地方，如果是冒險類作品增加同伴的時候，可以的話別清一色都女的偶而也增加點男性同伴也好（都女的最後8成都變後宮
再來不要硬賣一些福利，例如某漫畫的黎斗摔，或者是洗澡時剛好開門，或者是組個樂團為了討老師歡心換了泳裝演奏……這種的不太能接受

喜歡偏向下剋上（不管是強者因未知原因被分到弱組還是靠努力爬上來把上位者打趴的都喜歡）
描寫內心戲多的（黑掉壞掉，或是溫馨感動的都喜歡）
不好意思這麼麻煩…因為總感覺現在大眾向的作品，開掛後宮福利都會有，希望能找到一些後宮福利少點的",內心戲,False,戰爭,0.6362558570006943,0.2545023428002777
q23,"最近不知道要看什麼，想請大家推薦一些好看的作品

裝逼開掛類的
黑暗懸疑的
或是一些風格冷門的都還算喜歡
只有一個大前提，不要後宮，不要賣肉（好像變2個大前提了？
不喜歡那種明明男主沒幹什麼但每個女角都喜歡他，非得要的話2個是極限，而且劇情希望能別注重在他們愛來愛去互刷好感度卻又不決定人選的地方，如果是冒險類作品增加同伴的時候，可以的話別清一色都女的偶而也增加點男性同伴也好（都女的最後8成都變後宮
再來不要硬賣一些福利，例如某漫畫的黎斗摔，或者是洗澡時剛好開門，或者是組個樂團為了討老師歡心換了泳裝演奏……這種的不太能接受

喜歡偏向下剋上（不管是強者因未知原因被分到弱組還是靠努力爬上來把上位者打趴的都喜歡）
描寫內心戲多的（黑掉壞掉，或是溫馨感動的都喜歡）
不好意思這麼麻煩…因為總感覺現在大眾向的作品，開掛後宮福利都會有，希望能找到一些後宮福利少點的",內心戲,False,熱血,0.6474403164867929,0.2589761265947172
q23,"最近不知道要看什麼，想請大家推薦一些好看的作品

裝逼開掛類的
黑暗懸疑的
或是一些風格冷門的都還算喜歡
只有一個大前提，不要後宮，不要賣肉（好像變2個大前提了？
不喜歡那種明明男主沒幹什麼但每個女角都喜歡他，非得要的話2個是極限，而且劇情希望能別注重在他們愛來愛去互刷好感度卻又不決定人選的地方，如果是冒險類作品增加同伴的時候，可以的話別清一色都女的偶而也增加點男性同伴也好（都女的最後8成都變後宮
再來不要硬賣一些福利，例如某漫畫的黎斗摔，或者是洗澡時剛好開門，或者是組個樂團為了討老師歡心換了泳裝演奏……這種的不太能接受

喜歡偏向下剋上（不管是強者因未知原因被分到弱組還是靠努力爬上來把上位者打趴的都喜歡）
描寫內心戲多的（黑掉壞掉，或是溫馨感動的都喜歡）
不好意思這麼麻煩…因為總感覺現在大眾向的作品，開掛後宮福利都會有，希望能找到一些後宮福利少點的",內心戲,False,間諜,0.6282127302078482,0.25128509208313926
q23,"最近不知道要看什麼，想請大家推薦一些好看的作品

裝逼開掛類的
黑暗懸疑的
或是一些風格冷門的都還算喜歡
只有一個大前提，不要後宮，不要賣肉（好像變2個大前提了？
不喜歡那種明明男主沒幹什麼但每個女角都喜歡他，非得要的話2個是極限，而且劇情希望能別注重在他們愛來愛去互刷好感度卻又不決定人選的地方，如果是冒險類作品增加同伴的時候，可以的話別清一色都女的偶而也增加點男性同伴也好（都女的最後8成都變後宮
再來不要硬賣一些福利，例如某漫畫的黎斗摔，或者是洗澡時剛好開門，或者是組個樂團為了討老師歡心換了泳裝演奏……這種的不太能接受

喜歡偏向下剋上（不管是強者因未知原因被分到弱組還是靠努力爬上來把上位者打趴的都喜歡）
描寫內心戲多的（黑掉壞掉，或是溫馨感動的都喜歡）
不好意思這麼麻煩…因為總感覺現在大眾向的作品，開掛後宮福利都會有，希望能找到一些後宮福利少點的",內心戲,False,冒險,0.6393155388968605,0.25572621555874425
q23,"最近不知道要看什麼，想請大家推薦一些好看的作品

裝逼開掛類的
黑暗懸疑的
或是一些風格冷門的都還算喜歡
只有一個大前提，不要後宮，不要賣肉（好像變2個大前提了？
不喜歡那種明明男主沒幹什麼但每個女角都喜歡他，非得要的話2個是極限，而且劇情希望能別注重在他們愛來愛去互刷好感度卻又不決定人選的地方，如果是冒險類作品增加同伴的時候，可以的話別清一色都女的偶而也增加點男性同伴也好（都女的最後8成都變後宮
再來不要硬賣一些福利，例如某漫畫的黎斗摔，或者是洗澡時剛好開門，或者是組個樂團為了討老師歡心換了泳裝演奏……這種的不太能接受

喜歡偏向下剋上（不管是強者因未知原因被分到弱組還是靠努力爬上來把上位者打趴的都喜歡）
描寫內心戲多的（黑掉壞掉，或是溫馨感動的都喜歡）
不好意思這麼麻煩…因為總感覺現在大眾向的作品，開掛後宮福利都會有，希望能找到一些後宮福利少點的",內心戲,False,大小姐,0.6291735880028512,0.2516694352011405
q23,"最近不知道要看什麼，想請大家推薦一些好看的作品

裝逼開掛類的
黑暗懸疑的
或是一些風格冷門的都還算喜歡
只有一個大前提，不要後宮，不要賣肉（好像變2個大前提了？
不喜歡那種明明男主沒幹什麼但每個女角都喜歡他，非得要的話2個是極限，而且劇情希望能別注重在他們愛來愛去互刷好感度卻又不決定人選的地方，如果是冒險類作品增加同伴的時候，可以的話別清一色都女的偶而也增加點男性同伴也好（都女的最後8成都變後宮
再來不要硬賣一些福利，例如某漫畫的黎斗摔，或者是洗澡時剛好開門，或者是組個樂團為了討老師歡心換了泳裝演奏……這種的不太能接受

喜歡偏向下剋上（不管是強者因未知原因被分到弱組還是靠努力爬上來把上位者打趴的都喜歡）
描寫內心戲多的（黑掉壞掉，或是溫馨感動的都喜歡）
不好意思這麼麻煩…因為總感覺現在大眾向的作品，開掛後宮福利都會有，希望能找到一些後宮福利少點的",內心戲,False,女兒,0.630480335733395,0.252192134293358
q23,"最近不知道要看什麼，想請大家推薦一些好看的作品

裝逼開掛類的
黑暗懸疑的
或是一些風格冷門的都還算喜歡
只有一個大前提，不要後宮，不要賣肉（好像變2個大前提了？
不喜歡那種明明男主沒幹什麼但每個女角都喜歡他，非得要的話2個是極限，而且劇情希望能別注重在他們愛來愛去互刷好感度卻又不決定人選的地方，如果是冒險類作品增加同伴的時候，可以的話別清一色都女的偶而也增加點男性同伴也好（都女的最後8成都變後宮
再來不要硬賣一些福利，例如某漫畫的黎斗摔，或者是洗澡時剛好開門，或者是組個樂團為了討老師歡心換了泳裝演奏……這種的不太能接受

喜歡偏向下剋上（不管是強者因未知原因被分到弱組還是靠努力爬上來把上位者打趴的都喜歡）
描寫內心戲多的（黑掉壞掉，或是溫馨感動的都喜歡）
不好意思這麼麻煩…因為總感覺現在大眾向的作品，開掛後宮福利都會有，希望能找到一些後宮福利少點的",內心戲,False,人外,0.6623821635399806,0.2649528654159922
q23,"最近不知道要看什麼，想請大家推薦一些好看的作品

裝逼開掛類的
黑暗懸疑的
或是一些風格冷門的都還算喜歡
只有一個大前提，不要後宮，不要賣肉（好像變2個大前提了？
不喜歡那種明明男主沒幹什麼但每個女角都喜歡他，非得要的話2個是極限，而且劇情希望能別注重在他們愛來愛去互刷好感度卻又不決定人選的地方，如果是冒險類作品增加同伴的時候，可以的話別清一色都女的偶而也增加點男性同伴也好（都女的最後8成都變後宮
再來不要硬賣一些福利，例如某漫畫的黎斗摔，或者是洗澡時剛好開門，或者是組個樂團為了討老師歡心換了泳裝演奏……這種的不太能接受

喜歡偏向下剋上（不管是強者因未知原因被分到弱組還是靠努力爬上來把上位者打趴的都喜歡）
描寫內心戲多的（黑掉壞掉，或是溫馨感動的都喜歡）
不好意思這麼麻煩…因為總感覺現在大眾向的作品，開掛後宮福利都會有，希望能找到一些後宮福利少點的",內心戲,False,美食,0.6276908866691628,0.25107635466766515
q23,"最近不知道要看什麼，想請大家推薦一些好看的作品

裝逼開掛類的
黑暗懸疑的
或是一些風格冷門的都還算喜歡
只有一個大前提，不要後宮，不要賣肉（好像變2個大前提了？
不喜歡那種明明男主沒幹什麼但每個女角都喜歡他，非得要的話2個是極限，而且劇情希望能別注重在他們愛來愛去互刷好感度卻又不決定人選的地方，如果是冒險類作品增加同伴的時候，可以的話別清一色都女的偶而也增加點男性同伴也好（都女的最後8成都變後宮
再來不要硬賣一些福利，例如某漫畫的黎斗摔，或者是洗澡時剛好開門，或者是組個樂團為了討老師歡心換了泳裝演奏……這種的不太能接受

喜歡偏向下剋上（不管是強者因未知原因被分到弱組還是靠努力爬上來把上位者打趴的都喜歡）
描寫內心戲多的（黑掉壞掉，或是溫馨感動的都喜歡）
不好意思這麼麻煩…因為總感覺現在大眾向的作品，開掛後宮福利都會有，希望能找到一些後宮福利少點的",內心戲,False,異世界,0.6318125100531156,0.25272500402124626
q23,"最近不知道要看什麼，想請大家推薦一些好看的作品

裝逼開掛類的
黑暗懸疑的
或是一些風格冷門的都還算喜歡
只有一個大前提，不要後宮，不要賣肉（好像變2個大前提了？
不喜歡那種明明男主沒幹什麼但每個女角都喜歡他，非得要的話2個是極限，而且劇情希望能別注重在他們愛來愛去互刷好感度卻又不決定人選的地方，如果是冒險類作品增加同伴的時候，可以的話別清一色都女的偶而也增加點男性同伴也好（都女的最後8成都變後宮
再來不要硬賣一些福利，例如某漫畫的黎斗摔，或者是洗澡時剛好開門，或者是組個樂團為了討老師歡心換了泳裝演奏……這種的不太能接受

喜歡偏向下剋上（不管是強者因未知原因被分到弱組還是靠努力爬上來把上位者打趴的都喜歡）
描寫內心戲多的（黑掉壞掉，或是溫馨感動的都喜歡）
不好意思這麼麻煩…因為總感覺現在大眾向的作品，開掛後宮福利都會有，希望能找到一些後宮福利少點的",內心戲,False,懸疑,0.6733278365017521,0.26933113460070085
