Query ID,Query,Book ID,Title,Author,Words (萬),Status,Tags,Intro,Score (0-3),Comment
q1,"現在對於小說的要求越來越高了，
而且慢慢的發現現在除了狗糧基本上都看不進去，
連以很喜歡的異世界主題都看不進去了，
好想念從前那個什麼都可以看得很快樂的自己

說回主題，希望可以找到沒看過的狗糧系小說，
可以接受小刀，但一定要無黃毛無牛頭人，
但背景自帶沈重的例如「戀愛光譜」「刮鬍」這一類的也不喜歡，
黨爭就...看情況吧但其實我也一般般",d7e9caf0-fb28-553d-b74d-a9c9ce6175c1,女友最近有點怪,saky,15.3,完結,"校園, 戀愛, 青春, 溫馨, 青春日常, 華文輕小說",在大學時，交到了人生中第一位女朋友。她腦袋聰明，身材嬌小，性格彆扭。與她一起的生活曾如同夢見的戀愛喜劇……最近卻越發不對勁了。這是一個和稍微有些奇怪的女孩一起生活下去的故事。,3,用戶的核心需求是「狗糧系（甜寵）」小說，且明確排斥 NTR、黃毛以及沈重背景。推薦書籍《女友最近有點怪》標籤為校園、戀愛、溫馨、青春日常，且簡介描述為戀愛喜劇風格，完全符合用戶對輕快、甜蜜且無壓力氛圍的需求，沒有任何觸及用戶禁忌（沈重或出軌）的跡象。
q1,"現在對於小說的要求越來越高了，
而且慢慢的發現現在除了狗糧基本上都看不進去，
連以很喜歡的異世界主題都看不進去了，
好想念從前那個什麼都可以看得很快樂的自己

說回主題，希望可以找到沒看過的狗糧系小說，
可以接受小刀，但一定要無黃毛無牛頭人，
但背景自帶沈重的例如「戀愛光譜」「刮鬍」這一類的也不喜歡，
黨爭就...看情況吧但其實我也一般般",e46b116b-7754-5f54-a014-0894b38d1dbc,失戀同居 ～女同學拒絕了我的告白後，住進了我家？,常青藤,8.9,連載,"戀愛, 校園, 歡樂向, 青春, 治癒, 溫馨, JK, 青春日常, 華文輕小說",我——桐谷悠真，班裡的無名角，深知適時拋掉『麻煩』的重要性。她——花野結月，班裡的團寵，過著充實快樂的時光。某天我鼓起勇氣將情書塞給花野結月，被無情拋棄後徹底放下了這份感情。但她卻毫不講理地闖入我的生活——因為某些原因，花野結月住進了我家。我的心臟開始砰砰砰地狂跳，我不斷提醒自己：我已經被拒絕了。為什麼會這樣，我該如何是好！,3,使用者尋找的是純粹的「狗糧」系小說，明確要求無 NTR、無沉重背景，且可接受輕微虐心（小刀）。推薦的小說標籤包含「歡樂向」、「治癒」、「溫馨」，且劇情設定為校園同居戀愛，符合使用者對輕鬆、甜蜜氛圍的需求，完全避開了使用者厭惡的沉重元素。
q1,"現在對於小說的要求越來越高了，
而且慢慢的發現現在除了狗糧基本上都看不進去，
連以很喜歡的異世界主題都看不進去了，
好想念從前那個什麼都可以看得很快樂的自己

說回主題，希望可以找到沒看過的狗糧系小說，
可以接受小刀，但一定要無黃毛無牛頭人，
但背景自帶沈重的例如「戀愛光譜」「刮鬍」這一類的也不喜歡，
黨爭就...看情況吧但其實我也一般般",b81bf102-055d-5afc-aba1-130c5564f06c,在天台上撿到了白長直,kevinjin,12.5,連載,"校園, 戀愛, 治癒, 青春, 溫馨, 青春日常, 華文輕小說",我很喜歡雨，自幼就是所以理所當然的，忌日也選在了雨天。但在那本該是終點的地方，我卻沒能見到死神——天台的圍欄旁，只站著一名有著銀白長發的少女這是兩個不坦率且對一切失望的人，在與彼此的交往中，漸漸找回活著與在此之上的意義的故事,3,用戶的核心需求是「狗糧（純愛）」且明確排斥 NTR 和極端沈重的背景。該推薦書籍標籤為「戀愛」、「治癒」、「溫馨」，且劇情主軸為兩個失望的人相互救贖，符合純愛需求且無黃毛/NTR 情節。雖然開篇涉及「忌日」與「天台」等較憂鬱的設定，但其性質屬於「治癒系」而非用戶所排斥的極端沈重作品（如《戀愛光譜》類），應在用戶可接受的「小刀」範圍內。
q1,"現在對於小說的要求越來越高了，
而且慢慢的發現現在除了狗糧基本上都看不進去，
連以很喜歡的異世界主題都看不進去了，
好想念從前那個什麼都可以看得很快樂的自己

說回主題，希望可以找到沒看過的狗糧系小說，
可以接受小刀，但一定要無黃毛無牛頭人，
但背景自帶沈重的例如「戀愛光譜」「刮鬍」這一類的也不喜歡，
黨爭就...看情況吧但其實我也一般般",4bea7886-c394-5ce4-8495-73ee2a649d27,我與她,常青藤,5.9,完結,"戀愛, 校園, 青春, 歡樂向, 青梅竹馬, 治癒, 溫馨, 青春日常, 華文輕小說",我常常看天上的雲，她常常畫手中的畫。她的世界少了一半，儘管如此，她還是樂觀地笑著。我想，我必須寫下點什麼東西來記錄我與她的經歷，於是用蒼白無力的文字堆疊成這本《我與她》。這是一個，我難以忘卻的故事。,2,該書符合用戶對「狗糧」（戀愛、溫馨、治癒）的核心需求，且標籤顯示為校園青梅竹馬，無牛頭人傾向。但簡介中提到「她的世界少了一半」，暗示可能涉及身體缺陷或遺憾等設定，雖然標籤標註為「歡樂向」，但仍有風險觸碰到用戶明確表示不喜歡的「沈重背景」類作品（如《戀愛光譜》），因此給予 2 分。
q1,"現在對於小說的要求越來越高了，
而且慢慢的發現現在除了狗糧基本上都看不進去，
連以很喜歡的異世界主題都看不進去了，
好想念從前那個什麼都可以看得很快樂的自己

說回主題，希望可以找到沒看過的狗糧系小說，
可以接受小刀，但一定要無黃毛無牛頭人，
但背景自帶沈重的例如「戀愛光譜」「刮鬍」這一類的也不喜歡，
黨爭就...看情況吧但其實我也一般般",b30c72c3-1358-5c56-8d82-51aca3b2f579,千萬不要心動啊,icet,3.3,連載,"校園, 青春, 戀愛, 青春日常, 華文輕小說",【慢熱高糖分，狗糧起搏器！】重新遇到自己小時的青梅竹馬是什麼體驗？我，萬里，作為一名合格且普通的男高中生。我，千希，作為一名優秀且怕生的女高中生。「為什麼，有這麼多奇奇怪怪的巧合啊！」千希：「根本...根本不敢看他的眼睛啊！......,3,使用者明確要求「狗糧系（甜寵）」小說，且排斥黃毛、NTR及沈重背景。推薦書籍標記為「高糖分」、「狗糧起搏器」，且主題為校園青梅竹馬的青春日常，完全符合使用者對純甜、無壓力戀愛小說的需求。
q1,"現在對於小說的要求越來越高了，
而且慢慢的發現現在除了狗糧基本上都看不進去，
連以很喜歡的異世界主題都看不進去了，
好想念從前那個什麼都可以看得很快樂的自己

說回主題，希望可以找到沒看過的狗糧系小說，
可以接受小刀，但一定要無黃毛無牛頭人，
但背景自帶沈重的例如「戀愛光譜」「刮鬍」這一類的也不喜歡，
黨爭就...看情況吧但其實我也一般般",042f8934-f224-54af-9245-f47ef233a2b4,班上的辣妹不知為何與我的義妹關係變得要好起來了。,佐波彗,28.1,連載,"校園, 青春, 戀愛, 歡樂向, 妹妹, 後宮, 富士見文庫, 日本輕小說",在滯留我家的期間不知不覺和她成為了戀人——！？身為高中生的我，名雲慎治有一個煩惱。因為家庭緣故而來到我家的義理的妹妹·紡希非常見外。無法縮短彼此距離的兩個人生活。在某一天，紡希帶來的「網友」改變了狀況。而那個網友則是在班上受歡迎的美少女辣妹·高良井結愛！？在我們一起度過的過程中，紡希敞開了心扉。並且我和結愛的距離無論是在學校還是家裡都在急速接近！？唯獨只有我知曉的結愛她那溫柔、怕寂寞以及顧家的一面。「我就好像明雲君的通勤妻子一樣呢。變成這樣也可以嗎？」「那樣不錯呢，慎哥我們三個人一起生活吧！」不是，雖然不是說……不行。我們一起回家，一起過夜。「結愛是我的戀人。」就連紡希都產生了這種誤會，但是不知為何結愛看上去很開心。每次滯留在我家中，那種關係就會逐漸變得更加真實——！？辣妹與義妹。我和兩個女生的溫馨甜蜜，無拘無束的調情戀愛喜劇。,3,使用者尋求純粹的「狗糧」（甜寵）小說，且明確要求無 NTR/黃毛、無沈重背景。推薦的書籍標籤為「歡樂向」、「溫馨甜蜜」、「調情戀愛喜劇」，完全符合使用者對輕鬆、甜蜜氛圍的需求，且不含沈重元素，是非常契合的推薦。
q1,"現在對於小說的要求越來越高了，
而且慢慢的發現現在除了狗糧基本上都看不進去，
連以很喜歡的異世界主題都看不進去了，
好想念從前那個什麼都可以看得很快樂的自己

說回主題，希望可以找到沒看過的狗糧系小說，
可以接受小刀，但一定要無黃毛無牛頭人，
但背景自帶沈重的例如「戀愛光譜」「刮鬍」這一類的也不喜歡，
黨爭就...看情況吧但其實我也一般般",6e3ebd4d-85d6-56ea-918f-7615089975e6,三輪月,玄乎,20.5,連載,"戀愛, 群像, 溫馨, 冒險, 青春日常, 華文輕小說",三輪月高懸，海潮按鐘點起落，配額表和聖典一起決定誰能活過這個冬天。霜港出身的少年記賬員諾亞，只想在紅船上算清貨物與稅金，卻親眼見到——海灣之心節那夜，海水被托起了兩次，而告示板上的數字卻說「一切正常」。從遠航、港口，到西岬城的暴動與炮火，他抄寫行會的賬、背誦王權的說法，也在暗處為死者和活人各記一份真正的賬。當大地開始移動、邊界提前凍結、配額被悄悄改寫時，諾亞發現：真正決定世界走向的，不是神跡，而是寫在賬本上的那幾行字。,1,用戶的核心需求是「狗糧系」（甜寵）小說，且明確表示目前除了甜文以外都看不進去。雖然推薦書籍的標籤包含「戀愛」與「溫馨」，但從簡介來看，該書的主軸是關於生存、配額、暴動與政治陰謀的奇幻冒險故事，戀愛元素並非核心驅動，且背景設定（生存競爭、炮火暴動）與用戶想尋找的輕鬆甜寵氛圍不符。
q1,"現在對於小說的要求越來越高了，
而且慢慢的發現現在除了狗糧基本上都看不進去，
連以很喜歡的異世界主題都看不進去了，
好想念從前那個什麼都可以看得很快樂的自己

說回主題，希望可以找到沒看過的狗糧系小說，
可以接受小刀，但一定要無黃毛無牛頭人，
但背景自帶沈重的例如「戀愛光譜」「刮鬍」這一類的也不喜歡，
黨爭就...看情況吧但其實我也一般般",b8509d45-0a51-5ee3-b322-58d33a2bf67c,大學社團里最可愛的學妹,水棲蟲,19.2,連載,"校園, 青春, 戀愛, 歡樂向, 角川文庫, 日本輕小說",舞台是春季的大學校內。出現在「文化祭執行委員」新生歡迎會上的，是個獲得全場注目的可愛清純美女──君岡美園。雖然身為她社團的學長，但不起眼如我，彼此應該沒什麼交集吧。「學長，請恕我坐在你旁邊喔。」「我還可以跟學長聊天嗎？」「回程可以和學長一起走嗎？」然而美園不但願意親近我這個冷漠的人，且仰慕著我。還邀我去她的新家、烹煮美味的料理款待我，最後甚至給我家裡的備用鑰匙。她以這般積極的態度，慢慢地軟化我消極的心──這是一部有點成熟的，社團戀愛小說。學長與學妹的關係，逐漸往下一步發展──★ 第六屆カクヨム網路小說大賽戀愛喜劇部門特別賞獲獎作品！★ 這個春天，不知為何仰慕著我的清純美少女，成為了我的學妹！★ 兩名大學生有些成熟且確實甜美的嶄新戀愛喜劇！,3,使用者要求尋找「狗糧系」（甜寵）小說，明確排除了黃毛/NTR以及沉重背景。推薦的書籍標記為「歡樂向」、「戀愛喜劇」，內容描述為純美少女後輩主動追求學長的甜蜜校園戀愛，完全符合使用者對於甜度高、無雷、無沉重壓抑氛圍的需求。
q1,"現在對於小說的要求越來越高了，
而且慢慢的發現現在除了狗糧基本上都看不進去，
連以很喜歡的異世界主題都看不進去了，
好想念從前那個什麼都可以看得很快樂的自己

說回主題，希望可以找到沒看過的狗糧系小說，
可以接受小刀，但一定要無黃毛無牛頭人，
但背景自帶沈重的例如「戀愛光譜」「刮鬍」這一類的也不喜歡，
黨爭就...看情況吧但其實我也一般般",98f051df-2289-50a8-bd9e-205a5947113b,Orpheus Girl,Brynne Rebele-Henry,1.7,連載,"戀愛, 百合, 黑暗, 治癒, 溫馨, 女性視角, other, Web輕小說","獲獎詩人Brynne Rebele-Henry將俄耳甫斯神話重構為兩個少女的愛情故事——她們因親密時刻被發現而送往矯正治療。被生母遺棄的十六歲少女Raya與祖母生活在保守的德州小鎮。多年來，這個痴迷遠古神話的少女始終在掩藏對摯友Sarah的愛意。當她們的戀情意外曝光，兩人被送往名為""友好救贖""的再教育營，這個旨在""矯正""同性戀傾向的機構。初抵營地，Raya便立誓效仿俄耳甫斯，定要帶著愛人重返人間。當她和Sarah與其他少年囚徒遭受教職人員的暴力""治療""時，這個少女的出逃決心愈發堅定。以Sylvia Plath式的陰鬱筆觸融合David Levithan的當代詩意，Rebele-Henry通過顛覆俄耳甫斯神話，直指矯正治療的血腥真相。這部作品探討破碎家庭、創傷、初戀與心靈暗獄，最終綻放穿越蒙昧的青春光華。",1,使用者明確要求避開背景沈重的小說，而推薦的書籍設定在「同性戀矯正治療營」，涉及暴力、創傷、家庭破碎以及陰鬱的筆觸，這與使用者想要尋找的輕鬆「狗糧」完全相反，屬於其明確排斥的沈重類型。
q1,"現在對於小說的要求越來越高了，
而且慢慢的發現現在除了狗糧基本上都看不進去，
連以很喜歡的異世界主題都看不進去了，
好想念從前那個什麼都可以看得很快樂的自己

說回主題，希望可以找到沒看過的狗糧系小說，
可以接受小刀，但一定要無黃毛無牛頭人，
但背景自帶沈重的例如「戀愛光譜」「刮鬍」這一類的也不喜歡，
黨爭就...看情況吧但其實我也一般般",a32d3a4a-05ab-5fce-8caa-5f697311e076,辣妹因為懲罰遊戲才向我這個邊緣人告白，但顯然是真心愛上我了,結石,127.0,連載,"校園, 青春, 戀愛, 歡樂向, HJ文庫, 日本輕小說",高高在上的辣妹喜歡上不起眼的邊緣人!?「因為……我喜歡你……所以……你可以跟我……交往嗎？」帶有邊緣人氣質的男生‧簾舞陽信被處於班上金字塔頂端的清純系辣妹‧茨戶七海告白了，於是兩人開始交往。 然而這其實都只是因為懲罰遊戲的關係!?而且陽信事後發現，七海只是看起來像辣妹，她其實一點都不擅長跟男生相處！可是，不只早上一起上學當作約會、準備手作便當、還有卿卿我我的親密互動，從上述跡象看來，七海一點都不像在接受懲罰，而是真心愛上了陽信──!?由兩個戀愛初學者所帶來的激甜清純情侶戀愛喜劇在此揭幕！,3,用戶明確要求尋找「狗糧系」小說，且排斥牛頭人（NTR）以及沈重的背景設定。推薦的書籍屬於校園純愛喜劇，主打「激甜」、「清純」且為「歡樂向」，完全符合用戶對甜寵、無壓力閱讀的需求，且沒有任何違背用戶禁忌的元素。
q1,"現在對於小說的要求越來越高了，
而且慢慢的發現現在除了狗糧基本上都看不進去，
連以很喜歡的異世界主題都看不進去了，
好想念從前那個什麼都可以看得很快樂的自己

說回主題，希望可以找到沒看過的狗糧系小說，
可以接受小刀，但一定要無黃毛無牛頭人，
但背景自帶沈重的例如「戀愛光譜」「刮鬍」這一類的也不喜歡，
黨爭就...看情況吧但其實我也一般般",e07e7bc1-d4a3-5368-9118-51c9de6f74bf,26歲的我成為14歲天才童星的經紀人,菊池快晴,7.8,完結,"戀愛, JC, 青春, 職場, 溫馨, other, Web輕小說",天才童星與經理人——橫亘在他們之間的，是無法跨越的壁壘與年齡差距。隸屬於一家藝能經紀公司的今泉式（いまいずみ しき），原本在「業務」部門任職，卻某天被上司突然叫去談話。那份突如其來的指派，是要他擔任公司當家藝人——一名就讀初二的天才子役安藤風花的專屬經理人。面對「天才子役」這一身份，今泉式起初難免有些躊躇，但性格使然，他最終還是接受了這份工作。禮儀得體、舉止優雅，甚至擁有難以相信出自中學生之手的美貌……在與她的日常接觸中，今泉式屢屢為之震撼。而就在不知不覺間，這位天才少女，竟開始對他抱有一份特別的情感——這是一個關於天才少女演員與她的經理人，一段明知不可逾越、也絕不該跨越的愛情物語。,3,用戶明確要求尋找「狗糧系」（甜寵）小說，且排斥 NTR 和沉重的背景設定，但可以接受小刀。推薦的小說標記為「溫馨」與「戀愛」，講述經紀人與天才少女之間的愛情故事，符合甜寵的核心需求，且從介紹來看並無沉重基調或出軌情節，是一個相當契合的推薦。
q1,"現在對於小說的要求越來越高了，
而且慢慢的發現現在除了狗糧基本上都看不進去，
連以很喜歡的異世界主題都看不進去了，
好想念從前那個什麼都可以看得很快樂的自己

說回主題，希望可以找到沒看過的狗糧系小說，
可以接受小刀，但一定要無黃毛無牛頭人，
但背景自帶沈重的例如「戀愛光譜」「刮鬍」這一類的也不喜歡，
黨爭就...看情況吧但其實我也一般般",ff3cf726-e940-59e0-80e2-a6b6f6a3a583,生存以上，戀愛未滿 ～ 在日本難以維持生計的我怎能與你們戀愛,中正,13.7,連載,"戀愛, 後宮, 校園, 歡樂向, 妹妹, JK, 蘿莉, 群像, 宅文化, 青春, 青春日常, 華文輕小說",因雙親離世而被迫滯留日本的中國留學生澤野軒，正在用秒錶掐算著人生的每一秒：清晨在為便利店的日結狂奔，為了生計放學後在料亭中打工到最終電車，深夜靠心靈寄託的虛擬主播「鹿乃」續命，還要供養尚在中國的妹妹。正當他以為自己早被生存壓力榨乾了心跳，身邊卻突然傳來了無數心跳信號——元氣滿滿的學妹真澄來瑠點著腳尖展示著「絕對領域」的校服，甜甜的聲音賽過蜜糖：「前輩！來瑠也考上東京都立了！這下前輩真成來瑠的前輩了！」溫柔羞澀優等生班長萩原咲良紅著臉遞交出自己的筆記，輕輕的問道：「數學輔導的約定，還作數嗎？」小壞打工搭檔青山真空晃著萌袖笑著調侃道：「軒君，猜到今天胖次顏色就免單哦？要作弊看看嗎？」兄控妹妹澤野星洛突襲的宣言道：「老哥！我也考上東京都立了！今晚開始同居吧——」現充辣妹綾瀨奈奈子撕下社交面具，指尖輕輕划過他的課本：「軒，這道戀愛方程式…可以手把手教人家嗎？」蘿莉唱見星野彩音縮在播音室角落，軟萌的聲線與軟萌的鹿乃完美重疊：「哥哥……可以陪彩音唱歌嗎？」青梅天然呆大小姐，直球交換生後輩也將陸續加入戰局?!不是?! 我還要打工啊喂！下個月的房租要交不上了！當生存與心跳的警報同時拉響——這場東京都立的戀愛生存戰。拒絕BE！一場混亂紛擾的戀愛喜劇就此展開！,3,該小說定位為歡樂向的校園後宮戀愛喜劇，符合使用者對「狗糧系」的需求，且文中明確提到「拒絕BE」，避開了使用者厭惡的沉重背景與NTR元素。雖然包含後宮黨爭，但使用者表示對此可接受，整體氛圍輕快，與使用者想尋找能輕鬆閱讀的戀愛小說意圖高度相符。
q1,"現在對於小說的要求越來越高了，
而且慢慢的發現現在除了狗糧基本上都看不進去，
連以很喜歡的異世界主題都看不進去了，
好想念從前那個什麼都可以看得很快樂的自己

說回主題，希望可以找到沒看過的狗糧系小說，
可以接受小刀，但一定要無黃毛無牛頭人，
但背景自帶沈重的例如「戀愛光譜」「刮鬍」這一類的也不喜歡，
黨爭就...看情況吧但其實我也一般般",9354534d-6539-5388-b483-d2213d01c635,【好消息】我的不起眼未婚妻在家有夠可愛。,冰高悠,61.2,完結,"校園, 歡樂向, 青春, 戀愛, Fami通文庫, 日本輕小說",樸素的同班同學成了我的未婚妻？她在家裡真正的面貌只有我知道。我就讀高中二年級，很不會應付女生，只對二次元有興趣。因為老爸的工作需要，我必須結婚，而對象竟是一個樸素不起眼的同班同學？我以她的未婚夫身分開始一起生活……萬萬沒想到我們有一樣的興趣，一拍即合。而且……「一起洗澡吧？」「我可是有心理準備要一起睡的喔。」她漸漸大膽到在學校無法想像的地步！,3,用戶明確要求「狗糧系」且排除「黃毛/NTR」以及「沈重背景」的小說。推薦的書籍標籤為「歡樂向」、「戀愛」，劇情描述為未婚夫妻共同生活的甜蜜日常，完全符合用戶對純甜寵、輕快氛圍的需求，且無任何違背禁忌的跡象。
q1,"現在對於小說的要求越來越高了，
而且慢慢的發現現在除了狗糧基本上都看不進去，
連以很喜歡的異世界主題都看不進去了，
好想念從前那個什麼都可以看得很快樂的自己

說回主題，希望可以找到沒看過的狗糧系小說，
可以接受小刀，但一定要無黃毛無牛頭人，
但背景自帶沈重的例如「戀愛光譜」「刮鬍」這一類的也不喜歡，
黨爭就...看情況吧但其實我也一般般",24920839-cf41-5cfd-b74b-62c7b41fc5ec,傻白甜女朋友你要嗎？,七條剛,10.5,連載,"校園, 歡樂向, 戀愛, 後宮, GA文庫, 日本輕小說",老好人的高中生征斗有一天，不斷地幫助有困難的3個少女香乃，澪，琉璃-僅僅聊了5分鐘就墜入愛河的她們，三個人同時向征斗告白了。是的，少女們因為簡單的事情就會喜歡上對方，是「簡單的」女孩子=「簡單」！窮途末路想讓征斗回頭的「簡單」們，征斗被這股勢頭無處可逃地逼到絕境。但是征斗，不能簡單地和她們交往的理由-「我們的食客」系列作者贈送的「不要墜入愛河」愛情喜劇開幕！,3,用戶明確要求尋找「狗糧系」（甜寵）且無黃毛、無NTR、無沉重背景的輕快小說。推薦的書籍為校園歡樂向的後宮戀愛喜劇，基調輕鬆且符合甜寵需求，完全避開了用戶反感的沉重主題與背叛情節，是非常匹配的推薦。
q1,"現在對於小說的要求越來越高了，
而且慢慢的發現現在除了狗糧基本上都看不進去，
連以很喜歡的異世界主題都看不進去了，
好想念從前那個什麼都可以看得很快樂的自己

說回主題，希望可以找到沒看過的狗糧系小說，
可以接受小刀，但一定要無黃毛無牛頭人，
但背景自帶沈重的例如「戀愛光譜」「刮鬍」這一類的也不喜歡，
黨爭就...看情況吧但其實我也一般般",61ca5a3e-9499-5033-9fc1-2d5688b902bc,與人氣聲優甜甜蜜蜜步入禮堂的戀愛喜劇,淺岡旭,17.7,連載,"職場, 青春, 戀愛, 歡樂向, 富士見文庫, 日本輕小說",與最喜歡的女性聲優一同度過，卿卿我我的新婚生活相崎優香，動畫業界的人氣聲優，通稱相醬。相醬那惹人喜愛的聲音超級可愛！但其實她在剛出道時，只是個沒什麼名氣的新人，身為真愛粉的本人在事務所內發誓要讓她成為人氣聲優後，我成為了她的經紀人。之後過了3年，手上的企劃案成功使她攀上人氣聲優的寶座，再我向她進行了愛的告白/求婚後 ，我們順利的結婚了！「謝謝你，經紀人……。一直以來都在背後支撐著我……。 我也喜歡你！」被最喜歡的她所依靠，引導她成為聲優業界No.1的經紀人生活正式拉開序幕！,3,使用者明確要求「狗糧系」小說，且排斥重口味、沉重背景、黃毛或牛頭人（NTR）內容。推薦的書籍是一部關於經紀人與聲優新婚生活的「戀愛喜劇」，標籤為「歡樂向」，劇情重點在於甜甜蜜蜜的關係，完全符合使用者對輕快、純愛狗糧的需求，且無任何沉重或衝突元素。
q1,"現在對於小說的要求越來越高了，
而且慢慢的發現現在除了狗糧基本上都看不進去，
連以很喜歡的異世界主題都看不進去了，
好想念從前那個什麼都可以看得很快樂的自己

說回主題，希望可以找到沒看過的狗糧系小說，
可以接受小刀，但一定要無黃毛無牛頭人，
但背景自帶沈重的例如「戀愛光譜」「刮鬍」這一類的也不喜歡，
黨爭就...看情況吧但其實我也一般般",8b5c5acd-97c6-598b-a090-3f10574e5f90,因為抓住了爸爸活女高中生的弱點，所以拜託她帶狗狗散步,持崎湯葉,17.1,連載,"青春, 戀愛, 歡樂向, 後宮, JK, 小學館, 日本輕小說",和鄰居家的JK展開的戀味繫戀愛喜劇加班回家途中的社畜梶野了，目擊到了JK在做爸爸活的決定性瞬間。那女孩是有見過的。住在同一棟公寓里的鄰居家的女兒，香月乃亞。「求求你不要告訴我爸媽，我什麼都會做的」，面對這樣懇求著的她，梶野了提出了一個要求。「那就拜託你幫我遛狗了」以奇妙的契機而開始的兩人的關係，逐漸地親密了起來……「梶先生，我能聞聞……你的味道嗎」「為啥？！」戀味系的爸爸活JK，和疲於工作的社畜，熱鬧非凡的戀愛喜劇正式上演！,3,用戶的核心需求是尋找甜寵（狗糧）、無NTR且無沉重背景的輕快戀愛小說。推薦書籍被標記為「歡樂向」的戀愛喜劇，情節輕鬆，且沒有提到任何沉重或背叛的元素，完全符合用戶希望擺脫沉重感、追求單純甜蜜的需求。
q1,"現在對於小說的要求越來越高了，
而且慢慢的發現現在除了狗糧基本上都看不進去，
連以很喜歡的異世界主題都看不進去了，
好想念從前那個什麼都可以看得很快樂的自己

說回主題，希望可以找到沒看過的狗糧系小說，
可以接受小刀，但一定要無黃毛無牛頭人，
但背景自帶沈重的例如「戀愛光譜」「刮鬍」這一類的也不喜歡，
黨爭就...看情況吧但其實我也一般般",c7c747d6-0dd2-55b7-b219-95ca4884a2b1,與媽媽友一起撫養的愛情喜劇,緒二葉,16.3,連載,"青春, 戀愛, 歡樂向, 小學館, 日本輕小說",與女高中生一起的育兒生活，雖然忙碌卻十分珍貴。昏本響汰是個熱愛三歲妹妹的兄控高中生，父母都在工作，他還要兼顧家務和照看妹妹。暁山澄是個外貌出眾、聰明絕頂的孤傲少女，她的存在感讓任何人都不敢接近。某天，響汰在妹妹的入園式上遇見了澄，她的臉頰泛紅，像攝影師一樣忙著拍照。「郁，真是太可愛了……」原來她也是個超級愛妹控的姊姊！兩人都知道對方在照顧妹妹/弟弟，關係逐漸加深。做飯、幼兒園的接送、假日約會。沒錯，他們的關係就像「媽媽朋友」一樣——育兒愛情喜劇隆重開幕！,3,使用者明確要求尋找無黃毛、無牛頭人且背景不沈重的「狗糧系」小說。推薦的書籍是一部歡樂向的育兒愛情喜劇，主題輕鬆、甜蜜且純愛，完全符合使用者對於「純狗糧」且無壓力閱讀的需求。
q1,"現在對於小說的要求越來越高了，
而且慢慢的發現現在除了狗糧基本上都看不進去，
連以很喜歡的異世界主題都看不進去了，
好想念從前那個什麼都可以看得很快樂的自己

說回主題，希望可以找到沒看過的狗糧系小說，
可以接受小刀，但一定要無黃毛無牛頭人，
但背景自帶沈重的例如「戀愛光譜」「刮鬍」這一類的也不喜歡，
黨爭就...看情況吧但其實我也一般般",accd052f-fe96-587c-a279-ce3161f41c46,全力阻止NTR展開後，我在不知不覺間竟被一群重女包圍了,みょん,8.2,連載,"戀愛, 病嬌, 後宮, 歡樂向, kakuyomu, Web輕小說",本該是通過應用程序去幫忙的主人公，卻漸漸發現自己再也無法逃脫某天，我的手機上突然多了一個叫【NTR感測器】的應用程序。這個應用程序具備了現實中無法實現的神奇力量，它能探測到即將發生的NTR場景，並將地點通知我。不僅如此，它還賦予我一種神秘的力量，可以擊退對方……因此我下定了決心。NTR情節只有在漫畫中才允許出現，現實生活中絕對不能存在。我要徹底根除所有的黃毛混蛋！！我本是這麼想的，但不知不覺間卻和被我幫助的女孩們關係越來越親密!?而且，她們竟然變成了病嬌!? 怎麼會變成這樣!?,3,使用者強烈要求「無黃毛、無 NTR」且不希望背景沉重的狗糧小說。該推薦書籍的核心設定即為利用感測器「阻止 NTR」並根除黃毛，且標記為「歡樂向」，完全符合使用者的核心排他性需求與對甜寵（狗糧）的追求。
q1,"現在對於小說的要求越來越高了，
而且慢慢的發現現在除了狗糧基本上都看不進去，
連以很喜歡的異世界主題都看不進去了，
好想念從前那個什麼都可以看得很快樂的自己

說回主題，希望可以找到沒看過的狗糧系小說，
可以接受小刀，但一定要無黃毛無牛頭人，
但背景自帶沈重的例如「戀愛光譜」「刮鬍」這一類的也不喜歡，
黨爭就...看情況吧但其實我也一般般",a11573fe-39d5-5fa7-a441-1c18c2bd63a9,如果你願意陪我走下去,鬆餅,7.2,完結,"校園, 青春, 戀愛, 青春日常, 華文輕小說",有人說當遇見真愛時會嚐到一股甜甜的味道……教室裡總有一道陽光照不進去的陰影，她總是靜靜的待在陰影裡散發出生人勿近的氣息，就好像與世界隔絕的死人一樣。直到命運讓我跟她同一組，我們的故事才開始書寫。「千紗，跟我當朋友吧。」「我嗎……可以嗎？」這是一個治癒又溫馨的短篇愛情故事。,3,用戶核心需求是「狗糧系」（甜寵）小說，且明確排除了 NTR、沉重背景以及過度壓抑的氛圍。推薦書籍標籤為校園戀愛與青春日常，簡介描述為「治癒又溫馨的短篇愛情故事」，完全符合用戶對甜寵、療癒且無沉重設定的需求。
q2,"不好意思,最近異世界需求大了,很想看異世界的故事不一定要轉生類但劍與魔法是必需的.. 已有蜘蛛子了,目前在找一些已經有結局的異世界小說 原本想看哥布林殺手的但是還沒完結啊.....超不想看到一半被中斷了 至少至少...像刀劍那種完了SAO篇再換ALO的方式我還可以接受 請問還有什麼戰鬥類已完結的異世界小說可以推介呢?",71f362d1-60b9-5b3f-acc9-38c67232f3e5,槍械魔法異戰,長田信織,27.2,完結,"奇幻, 魔法, 戰鬥, 機戰, 後宮, 電擊文庫, 日本輕小說",當亡國女王伊莉絲遭遇魔獸襲擊陷入危機之際，《黑鎧》突然從半空中現身。穿著鎧甲的男子手持伊莉絲從未見過的手杖——衝鋒槍與巨劍——超硬合金刀，在轉眼間打到魔獸……！他是來自異世界的士兵，廉。他與她的夥伴AI米涅爾瓦，在原本生活的世界是為了與魔獸戰鬥而生的特殊戰士。魔獸這個共同的敵人，使廉感受到兩個世界的關聯性，他便一邊協助伊莉絲等人，一邊開始搜索異世界……！魔法與火炮交錯，充滿衝擊力的戰鬥動作劇登場！,3,該書完全符合使用者要求的核心元素：異世界背景、包含魔法與劍（超硬合金刀）的戰鬥類故事。雖然使用者希望找已完結的作品，但根據評分準則需忽略狀態限制，僅就類型與主題相關性評分，因此是非常理想的推薦。
q1,"現在對於小說的要求越來越高了，
而且慢慢的發現現在除了狗糧基本上都看不進去，
連以很喜歡的異世界主題都看不進去了，
好想念從前那個什麼都可以看得很快樂的自己

說回主題，希望可以找到沒看過的狗糧系小說，
可以接受小刀，但一定要無黃毛無牛頭人，
但背景自帶沈重的例如「戀愛光譜」「刮鬍」這一類的也不喜歡，
黨爭就...看情況吧但其實我也一般般",09ccb3f9-966d-5001-ba52-5db01b15fe28,同班的四分之一混血美少女成了我的義妹。我不知不覺間似乎已將她攻略。,浮葉まゆ,7.7,連載,"戀愛, 校園, 青春, 妹妹, 歡樂向, 富士見文庫, 日本輕小說",「小女子不才，還請多指教！」同一屋檐下的無自覺攻略繫戀愛喜劇！高嶺之花的四分之一混血美少女，七瀨克蘿埃。 本應與我毫無瓜葛的她，卻因為父母再婚而成了我的義妹!?突如其來的同居生活。為了家庭和睦，我試著友善待她，她卻對我的一言一語都莫名地害羞不已。我只是稱讚一下料理，她就說：「你、你說想每天都吃我做的菜……！」我只是告訴她不用急著拉近距離，她就說：「還說什麼『我們會一直在一起所以沒關係』……那種話……」我明明只是想以家人的身分和樂地生活而已啊。「『我們一起變得幸福吧』，那不就是求婚嗎──！」我，難道在不知不覺間已經攻略了她!?「小女子不才，還請多指教！」同一屋檐下的無自覺攻略繫戀愛喜劇，正式開幕！,3,使用者尋找的是「狗糧系」（甜蜜戀愛）且無 NTR、無沉重背景的輕快小說。推薦的書籍為校園戀愛喜劇，標記為「歡樂向」，劇情聚焦於義妹之間的甜蜜互動與誤會，完全符合使用者對甜蜜、輕鬆且無雷的需求。
q2,"不好意思,最近異世界需求大了,很想看異世界的故事不一定要轉生類但劍與魔法是必需的.. 已有蜘蛛子了,目前在找一些已經有結局的異世界小說 原本想看哥布林殺手的但是還沒完結啊.....超不想看到一半被中斷了 至少至少...像刀劍那種完了SAO篇再換ALO的方式我還可以接受 請問還有什麼戰鬥類已完結的異世界小說可以推介呢?",c32cee72-5d58-5e95-8ebc-0517ed980e96,16:00的召喚魔法,木緒那智,16.2,完結,"轉生, 魔法, 戰鬥, 後宮, 青梅竹馬, 其他文庫, 日本輕小說",患有輕度中二病的弘樹。某日，他的手機收到一封陌生的簡訊。——求求你！救救我們。那是宛如玩笑一般，來自異世界的召喚魔法。召喚弘樹的是『不具魔力』的天才魔法使——亞莉莎。「我想摸你、舔你、感覺你，更了解你！」化身為救世主與異世界的災厄——維克堤瑪戰鬥的弘樹，以及輕咬脖子，舔吮臉頰，徹底活用了無感「研究」弘樹的亞莉莎。身體密著型的幻想故事揭開了序幕！,3,該小說完全符合使用者要求的「異世界」、「魔法」與「戰鬥」等核心元素，且劇情涉及救世主與災厄的對決，與使用者的需求高度契合。根據指南要求，忽略完結狀態等硬性限制，僅就類型與語義相關性評分。
q2,"不好意思,最近異世界需求大了,很想看異世界的故事不一定要轉生類但劍與魔法是必需的.. 已有蜘蛛子了,目前在找一些已經有結局的異世界小說 原本想看哥布林殺手的但是還沒完結啊.....超不想看到一半被中斷了 至少至少...像刀劍那種完了SAO篇再換ALO的方式我還可以接受 請問還有什麼戰鬥類已完結的異世界小說可以推介呢?",b84f626d-43c1-5e50-8e41-7f42ae7332fc,銀閃戰乙女與封門公主,瀨尾つかさ,80.4,完結,"轉生, 魔法, 戰鬥, 後宮, 妹妹, 一迅社, 日本輕小說",璜特·唐是鄰接於地球的魔法世界。過去棹砥曾經召喚到這個遭受怪物襲擊的世界來幫忙，但之後又因為《玩具破壞者》的特殊能力太過於危險，導致他在危機解除之後就被強制遣送回日本。一年後。曾是棹砥兒時玩伴，同時還擁有《龍族屠殺者》別名的少女芙蕾·薩爾達爾忽然出現在他面前。少女表示為了打倒突然出現的怪物，必須再次藉助棹砥的力量，但他卻展露出不信任對方的態度。不過最後還是在同父異母的妹妹梨花強烈要求下答應再次回到璜特·唐。襲擊璜特·唐的新種怪物究竟從何而來，而棹砥、芙蕾與梨花又會被牽扯進什麼樣的奇異命運當中呢……瀨尾つかさ即將為您獻上充滿劍與魔法的本格派異世界奇幻小說！！,3,該書為異世界奇幻設定，明確包含使用者要求的「劍與魔法」以及「戰鬥」元素，完全符合使用者的核心主題需求。
q2,"不好意思,最近異世界需求大了,很想看異世界的故事不一定要轉生類但劍與魔法是必需的.. 已有蜘蛛子了,目前在找一些已經有結局的異世界小說 原本想看哥布林殺手的但是還沒完結啊.....超不想看到一半被中斷了 至少至少...像刀劍那種完了SAO篇再換ALO的方式我還可以接受 請問還有什麼戰鬥類已完結的異世界小說可以推介呢?",8a3cec36-3b54-570b-b80e-9b058aae85f1,關於人類是最強種族這件事,柑橘ゆすら,25.8,完結,"轉生, 魔法, 戰鬥, 後宮, 人外, 集英社, 日本輕小說",最強的條件是身為人類這件事！某天，我突然被召喚到劍與魔法的世界《艾特爾菲亞》。不知道為什麼，眼前的精靈美少女•莉亞稱呼只是平凡上班族的我為「人類大人」，還超級崇拜我!?沒想到，在召喚我的異世界中，人類竟然是『最古老且最強大的種族』！聽說，連我的一根頭髮都含有超規格的魔力，為了避免人們爭奪我的力量而發生紛爭，我決定跟莉亞一起打造可以安居的地方！在自家的地底下發現溫泉、用我的人類力量把史萊姆變成可愛的小女孩，靠著不管什麼願望都能實現的無敵人類力量，我決定要盡情享受無憂無慮的異世界生活！,3,該書完全符合使用者要求的「異世界」、「劍與魔法」以及「戰鬥」等核心要素。雖然內容偏向無敵流的悠閒生活，但其設定與類型與使用者的需求高度一致。
q2,"不好意思,最近異世界需求大了,很想看異世界的故事不一定要轉生類但劍與魔法是必需的.. 已有蜘蛛子了,目前在找一些已經有結局的異世界小說 原本想看哥布林殺手的但是還沒完結啊.....超不想看到一半被中斷了 至少至少...像刀劍那種完了SAO篇再換ALO的方式我還可以接受 請問還有什麼戰鬥類已完結的異世界小說可以推介呢?",9cf3e7a6-84f6-5fe7-8769-0362d8e18605,為美好的世界獻上爆焰！,曉なつめ,45.6,完結,"轉生, 奇幻, 歡樂向, 戰鬥, 後宮, 角川文庫, 日本輕小說",在和真與沒用女神（阿克婭）轉生到異世界的一年前。住在紅魔之里的「紅魔族首屈一指的天才魔法師』惠惠為了學習村裡的禁忌「爆裂魔法』，在修練與學校生活之間過著繁忙的生活。而在她的妹妹米米抓了一隻陌生的黑貓（晚餐）回來的那天，位於村郊的「邪神之墓』的封印遭到解除了！？出自於「成為小說家吧（小說家になろう）』網站，最搞笑的異世界喜劇作品《為美好的世界獻上祝福！》推出惠惠視角的衍生外傳登場！,2,該書符合異世界、劍與魔法及戰鬥類的核心要求。雖然其風格偏向歡樂喜劇，與使用者提到的《刀劍神域》或《哥布林殺手》較為嚴肅的戰鬥基調有所不同，但基本要素完全匹配。
q2,"不好意思,最近異世界需求大了,很想看異世界的故事不一定要轉生類但劍與魔法是必需的.. 已有蜘蛛子了,目前在找一些已經有結局的異世界小說 原本想看哥布林殺手的但是還沒完結啊.....超不想看到一半被中斷了 至少至少...像刀劍那種完了SAO篇再換ALO的方式我還可以接受 請問還有什麼戰鬥類已完結的異世界小說可以推介呢?",a0b0b8a8-2df5-5819-a80b-28bfa023b309,雖然是邪惡組織幹部，但組織好像要被惡墮魔法少女奪取了,鴉ぴえろ,13.8,完結,"異世界, 魔法, 戰鬥, 百合, kakuyomu, Web輕小說",Q：愛與希望的魔法少女竟然想將世界支配、這是為什麼呢？A：因為啊，那位魔法少女已經悪墮了啊！來自異世界的入侵者，尼克洛西斯，來到了地球。他們利用人類，試圖實現組織的宏願和野心。摧毀了那個邪惡組織的野心的，是懷著愛與希望的魔法少女。藉助魔法少女的力量，邪惡組織尼克洛西斯遭受了毀滅性的打擊，被迫陷入隱藏。受到毀滅性打擊的尼克洛西斯幹部「克里斯塔爾娜」。以人類世界為假面的她自稱為「言神 理理夢」，她接受了老闆的指令。為了重建組織，作為籌碼，將魔法少女引入我們這一邊。作為邪惡組織的一員，她毫不猶豫地利用敵對的魔法少女。然而，試圖吸引魔法少女的卻是摧毀了該組織的最強魔法少女「埃爾夏因」！而且，埃爾夏因不是為了打敗她而來，而是表達了要成為尼克洛西斯的一員的願望！？「魔法少女，我會阻止你。然後在邪惡組織中提升自己，最終成為邪惡的首領！」「這是怎麼一回事！？」這是一個魔法少女獲得邪惡力量的故事，她在擺脫曾經的敵人、邪惡組織的控制的同時繼續前進的故事！,1,使用者明確要求「劍與魔法」是必須的，且傾向於像《哥布林殺手》或《蜘蛛子》那類的傳統異世界戰鬥故事。推薦書籍雖標記為異世界與魔法，但實際上是「反向異世界」（異世界人來到地球）且主題為魔法少女與邪惡組織的對抗，與使用者追求的奇幻世界觀與劍與魔法的氛圍不符，僅在標籤上有表面關聯。
q2,"不好意思,最近異世界需求大了,很想看異世界的故事不一定要轉生類但劍與魔法是必需的.. 已有蜘蛛子了,目前在找一些已經有結局的異世界小說 原本想看哥布林殺手的但是還沒完結啊.....超不想看到一半被中斷了 至少至少...像刀劍那種完了SAO篇再換ALO的方式我還可以接受 請問還有什麼戰鬥類已完結的異世界小說可以推介呢?",e00a37ff-00b8-537c-bfd7-094146acebdd,永遠的艾塞莉婭,三田村半月,20.1,完結,"轉生, 奇幻, 戰鬥, 後宮, 妹妹, 其他文庫, 日本輕小說","一個把現實中的人召喚到異世界的故事。那個異世界的「動力源」是mana,武器是叫EternitySword（永遠神劍）。雖然叫劍，但是可以有劍的形態，也可以有刀的、槍、雙劍形態。這四個形態毫無疑問是對應於4個主角們的。男主角手中的神劍是第四把，叫「求め」，開始的任務就是去解救被異世界人囚禁的義妹。轉自輕之國度",3,該書為異世界召喚類故事，明確包含劍（永遠神劍）與魔法（mana）要素，且標記為戰鬥類，完全符合使用者對「異世界」、「劍與魔法」以及「戰鬥類」的核心需求。
q2,"不好意思,最近異世界需求大了,很想看異世界的故事不一定要轉生類但劍與魔法是必需的.. 已有蜘蛛子了,目前在找一些已經有結局的異世界小說 原本想看哥布林殺手的但是還沒完結啊.....超不想看到一半被中斷了 至少至少...像刀劍那種完了SAO篇再換ALO的方式我還可以接受 請問還有什麼戰鬥類已完結的異世界小說可以推介呢?",7bf6c683-8262-5410-bcd2-5f1ff922afb1,皇帝聖印 異境之戰,夏希のたね,11.0,完結,"奇幻, 異能, 戰鬥, 富士見文庫, 日本輕小說",在這片由混沌操控萬物的大陸上，君主們為了爭奪財富與土地而不停引發戰亂。戰亂的中心人物，就是將混沌刻在身上，擁有異能的傭兵——邪紋使。一名年輕的傭兵羅伊，不斷在戰場上打到敵人，奪取其混沌及異能。一切都是為了「變得更強」。某日，一團極大的混沌突然在他面前匯聚。原本應該會帶來龍或是魔神王等級的混沌災害中——「咦，這裡是那裡？」——卻出現了一名對這個世界一無所知的少女！？由《皇帝聖印戰記》作者水野良監製的共同世界戰記外傳，一場神速的戰鬥藝術奇幻故事，就此揭幕。,3,該書為戰鬥類奇幻小說，設定在一個充滿異能（混沌）的幻想世界，且劇情涉及一名來自異世界的少女，完全符合使用者要求的「異世界」、「戰鬥類」以及「劍與魔法（異能）」的核心需求。
q2,"不好意思,最近異世界需求大了,很想看異世界的故事不一定要轉生類但劍與魔法是必需的.. 已有蜘蛛子了,目前在找一些已經有結局的異世界小說 原本想看哥布林殺手的但是還沒完結啊.....超不想看到一半被中斷了 至少至少...像刀劍那種完了SAO篇再換ALO的方式我還可以接受 請問還有什麼戰鬥類已完結的異世界小說可以推介呢?",edca3867-7de1-5835-beee-9f78de9f0da9,魔法戰爭,鈴木央,125.4,完結,"校園, 魔法, 戰爭, 後宮, 青梅竹馬, MF文庫J, 日本輕小說",少年少女的相遇，揭開魔法戰爭……七瀨武是個有著灰暗過去的平梵谷中生，周遭對他的評價是：說好聽一點是循規蹈矩，說難聽一點是死板抑鬱。他和青梅竹馬五十島胡桃，因為某種緣故而假扮情侶，除此之外，過得是平凡無奇的生活。然而，某一天，武在校內發現一名身穿陌生制服的少女——斗目羽六倒在地上。與她的邂逅，大大撼動並改變了武的命運。「我是魔法師。對不起……是我害你變成魔法師。」無數的精神在一分為二的世界之中交錯！現代本格魔法動作小說開幕！,0,使用者明確要求『異世界』且必須包含『劍與魔法』的設定。推薦的書籍《魔法戰爭》屬於現代校園背景的都市奇幻（Urban Fantasy），而非異世界設定，完全不符合使用者的核心需求。
q2,"不好意思,最近異世界需求大了,很想看異世界的故事不一定要轉生類但劍與魔法是必需的.. 已有蜘蛛子了,目前在找一些已經有結局的異世界小說 原本想看哥布林殺手的但是還沒完結啊.....超不想看到一半被中斷了 至少至少...像刀劍那種完了SAO篇再換ALO的方式我還可以接受 請問還有什麼戰鬥類已完結的異世界小說可以推介呢?",82f446b6-855d-5d53-b515-9cf7e519e97f,零之使魔外傳系列,山口升,46.1,完結,"轉生, 魔法, 冒險, 戰鬥, 後宮, MF文庫J, 日本輕小說",這裡是零之使魔的外傳系列，為方便閱讀，與正傳獨立出來,3,該作品屬於異世界題材，包含使用者要求的「劍與魔法」以及「戰鬥」元素，且正傳系列已完結，符合使用者希望閱讀已完結作品的需求，是非常契合的推薦。
q2,"不好意思,最近異世界需求大了,很想看異世界的故事不一定要轉生類但劍與魔法是必需的.. 已有蜘蛛子了,目前在找一些已經有結局的異世界小說 原本想看哥布林殺手的但是還沒完結啊.....超不想看到一半被中斷了 至少至少...像刀劍那種完了SAO篇再換ALO的方式我還可以接受 請問還有什麼戰鬥類已完結的異世界小說可以推介呢?",ac11271c-7b20-5260-9f9d-77d583f98480,打工魔法師,椎野美由貴,127.0,完結,"校園, 魔法, 戰鬥, 冒險, 妹妹, 角川文庫, 日本輕小說",藉由埋藏大地的精靈之力，擔任凈化世界的「矯正術者」的雙胞胎兄妹一條京介與豐花，日夜進行著「魔法」的業務。相對於寡默的哥哥，妹妹則是行動相當積極，兄妹兩人面對陸續發生的難題將如何突破？而他們又將捲入何種意料之外的陰謀……？榮獲第6屆角川學園小說大賞的學生魔法師戰鬥小說登場！,1,用戶明確要求必須是「異世界」且「劍與魔法是必需的」。而推薦的《打工魔法師》設定為現代校園背景的都市奇幻（Urban Fantasy），並非異世界，且缺乏劍與魔法的經典組合，不符合用戶的核心需求。
q2,"不好意思,最近異世界需求大了,很想看異世界的故事不一定要轉生類但劍與魔法是必需的.. 已有蜘蛛子了,目前在找一些已經有結局的異世界小說 原本想看哥布林殺手的但是還沒完結啊.....超不想看到一半被中斷了 至少至少...像刀劍那種完了SAO篇再換ALO的方式我還可以接受 請問還有什麼戰鬥類已完結的異世界小說可以推介呢?",b2bcd00c-dcd6-5712-a015-cae2fdb9137e,我在異世界裡面臨輔助魔法與召喚魔法的選擇,橫冢司,102.1,完結,"轉生, 魔法, 黑暗, 龍傲天, 後宮, 其他文庫, 日本輕小說",一天，某所住宿制的私立學校，整個轉移到了異世界。高中部1年級的我‧賀谷和久，長期遭到霸凌。為了殺掉霸凌我的主嫌，我挖了一個陷阱，結果意外殺死了一隻怪物。從那一刻起，我便進化為能夠對抗怪物的稀有存在。同一天，我在森林裡救了被半獸人襲擊的國中部3年級美少女‧下園亞理棲。在我和亞理棲攜手打倒半獸人，逐漸升級的過程中，我被迫面臨一個選擇。我該選擇最適合獨自存活下去的召喚魔法呢？還是用於和別人一起戰鬥的輔助魔法呢？,3,該推薦書籍完全符合使用者對「異世界」、「魔法」以及「戰鬥類」的核心需求。劇情涉及集體轉移至異世界、對抗怪物（如半獸人）以及魔法能力的選擇與成長，與使用者要求的劍與魔法設定高度契合。
q2,"不好意思,最近異世界需求大了,很想看異世界的故事不一定要轉生類但劍與魔法是必需的.. 已有蜘蛛子了,目前在找一些已經有結局的異世界小說 原本想看哥布林殺手的但是還沒完結啊.....超不想看到一半被中斷了 至少至少...像刀劍那種完了SAO篇再換ALO的方式我還可以接受 請問還有什麼戰鬥類已完結的異世界小說可以推介呢?",0bed35bf-41a6-5c81-b6ad-affb9bb79a7b,杖與劍的魔劍譚 魔導紀事 －起始之淚－,大森藤野,11.6,完結,"奇幻, 冒險, 異世界, 魔法, 校園, GA文庫, 日本輕小說",「一起成為『至高五杖』，去看夕陽吧！」懷著兩人之間的約定，威爾與青梅竹馬艾爾法莉亞一同進入里加登魔法學院就讀。在那裡，他們遇見了各種各樣的魔導師。在此期間，艾爾法莉亞因其魔法才能受到認可，很快便收到了統領魔法世界的「塔」的招募。另一方面，威爾意識到自己毫無天賦，被迫與少女分離。陷入絕望的少年——握起了劍。「我要去『塔』……去艾爾菲那裡。」在舉起「杖」的魔法至上主義世界中，此刻，一個異端的「劍」發出了初啼之聲！由原作者親自描繪的人氣漫畫前傳，至高的小說化項目，正式啟動！,3,該書籍完全符合用戶要求的「異世界」、「劍與魔法」以及「戰鬥類」元素。劇情核心在於魔法至上的世界中，主角選擇以「劍」對抗「杖」，與用戶尋找的設定高度契合。根據指令要求忽略完結狀態等硬性限制，僅就語義與類型判斷，此推薦非常精準。
q2,"不好意思,最近異世界需求大了,很想看異世界的故事不一定要轉生類但劍與魔法是必需的.. 已有蜘蛛子了,目前在找一些已經有結局的異世界小說 原本想看哥布林殺手的但是還沒完結啊.....超不想看到一半被中斷了 至少至少...像刀劍那種完了SAO篇再換ALO的方式我還可以接受 請問還有什麼戰鬥類已完結的異世界小說可以推介呢?",bac53633-c041-585f-a857-c6ce667a7016,從零開始的魔法書,虎走かける,120.6,完結,"奇幻, 魔法, 戰鬥, 冒險, 戀愛, 電擊文庫, 日本輕小說",教會歷526年──世界上有魔女及「魔術」的存在；然而，這個世界卻還未知「魔法」之名。在這樣的時代，有個被輕蔑稱作「墮獸人」的半人半獸傭兵。每天都夢想著能夠變成人類的他，因為一個魔女而徹底改變了崎嶇的命運。「──想變回人類嗎？那麼傭兵，你就成為吾的護衛吧。」自稱零的魔女，說是為了尋訪一本被不知名人士偷走的魔法書《零之書》，而正在旅程的途中。傭兵以讓自己變成人類的姿態為條件，接下了保護自己深惡痛絕的魔女的護衛工作。圍繞著禁忌的魔法書，縱橫交錯的謀略盤算，魔女與獸人的魔法奇幻故事展開！,2,該書滿足了使用者要求的「劍與魔法」、「戰鬥類」以及「已完結」的需求。然而，這是一部純正的奇幻小說，而非「異世界」作品（沒有跨世界遷移或轉生元素），因此在核心設定上未完全符合使用者的「異世界」需求。
q2,"不好意思,最近異世界需求大了,很想看異世界的故事不一定要轉生類但劍與魔法是必需的.. 已有蜘蛛子了,目前在找一些已經有結局的異世界小說 原本想看哥布林殺手的但是還沒完結啊.....超不想看到一半被中斷了 至少至少...像刀劍那種完了SAO篇再換ALO的方式我還可以接受 請問還有什麼戰鬥類已完結的異世界小說可以推介呢?",319da673-88ae-5e12-903d-799f0a883da7,魔法之子,入江君人,9.4,完結,"奇幻, 魔法, 戰鬥, 妹妹, 富士見文庫, 日本輕小說",七十年前，人類突然發現一股新力量──魔法。於此同時，被命名為「特殊災害指定生物」的怪物也開始現身──原本失去魔法之力的相馬徹，由於被認可召喚領域復活之故，被人強制帶到防衛型教育都市「時島」。在那裡，徹和分開五年的妹妹凜重逢，也遇見了之後負責照顧自己的櫻田諾雅。但徹跟前來恭賀自己魔力得以復活的諾雅發生衝突，導致兩人必須決鬥……同時間，巨大的災害正悄悄逼近該島──！？魔法之力究竟會帶來繁榮亦或是災難？少男少女心思交織的現代黑色奇幻故事登場！,1,使用者明確要求「異世界」設定且必須包含「劍與魔法」，但推薦的書籍屬於「現代黑色奇幻」，故事發生在魔法出現後的現代都市（時島），而非異世界，且缺乏傳統的劍與魔法氛圍，與核心需求不符。
q2,"不好意思,最近異世界需求大了,很想看異世界的故事不一定要轉生類但劍與魔法是必需的.. 已有蜘蛛子了,目前在找一些已經有結局的異世界小說 原本想看哥布林殺手的但是還沒完結啊.....超不想看到一半被中斷了 至少至少...像刀劍那種完了SAO篇再換ALO的方式我還可以接受 請問還有什麼戰鬥類已完結的異世界小說可以推介呢?",19965b27-35d2-5b6d-a62d-8c3b007d4208,失落魔法·魔法新娘,藤原佑,12.9,完結,"奇幻, 戰鬥, 魔法, 女性視角, 電擊文庫, 日本輕小說",鍛冶目山市的少女們被捲入發生在異界——「魔法之國」的「成為女王的統合戰爭」。寄宿在成為魔女的的少女們體內，編織出廝殺螺旋的奇蹟和罪之力的——魔法。魔女之一的咲森水奈，尋找著行蹤不明的親友早良坂人魚。和她一起並支持她的少年早良坂蓮既是「魔法之國」的居民，又……「魔法之國」和「魔法」。「體現者」和「魔女」。「成為女王的統合戰爭」和「器之碎片」。「少年」和「少女」。這是——編織「罪」和「奇蹟」的夢幻夜話。藤原佑×椋本夏夜的新作，開篇！,3,該書符合使用者對「異世界」、「魔法」以及「戰鬥類」的核心需求，劇情涉及少女被捲入異界的魔法戰爭，與使用者的意圖高度匹配。
q2,"不好意思,最近異世界需求大了,很想看異世界的故事不一定要轉生類但劍與魔法是必需的.. 已有蜘蛛子了,目前在找一些已經有結局的異世界小說 原本想看哥布林殺手的但是還沒完結啊.....超不想看到一半被中斷了 至少至少...像刀劍那種完了SAO篇再換ALO的方式我還可以接受 請問還有什麼戰鬥類已完結的異世界小說可以推介呢?",8abb0fa8-af2a-515e-be02-b32ab24fd33c,吾等即戰爭：魔法少女們的1944,二十五小時,6.9,完結,"百合, 奇幻, 冒險, 魔法, 戰鬥, 黑暗, 科幻, 戰爭, 原生幻想, 華文輕小說",1944 年秋，尼德蘭的天空被鋼鐵與硝煙劈開——「魔法少女，準備無傘空降！」她們隸屬於「國際反法西斯魔法少女聯盟」，是對抗納粹帝國「魔女軍團」的最後防線。在如幻想般宏大的「市場花園行動」中，四名性格迥異的魔法少女——愛麗絲、索菲亞、奈芙蒂斯和拉克希米，將用自己的生命戰鬥至最後一刻。魔法的秘密，戰爭的真相，也將在這場旅程中得到解答。這是 1944 年的秋天，是市場花園行動的 120 小時，是四個少女用魔力與眼淚，去守一座遙遠的橋的故事。,1,用戶明確要求「異世界」且必須包含「劍與魔法」元素。推薦的書籍雖然包含「魔法」與「戰鬥」，但其背景是 1944 年的二戰替代歷史（原生幻想），並非異世界設定，且缺乏傳統的劍與魔法幻想風格，與用戶的核心需求不符，僅有表面上的元素重疊。
q2,"不好意思,最近異世界需求大了,很想看異世界的故事不一定要轉生類但劍與魔法是必需的.. 已有蜘蛛子了,目前在找一些已經有結局的異世界小說 原本想看哥布林殺手的但是還沒完結啊.....超不想看到一半被中斷了 至少至少...像刀劍那種完了SAO篇再換ALO的方式我還可以接受 請問還有什麼戰鬥類已完結的異世界小說可以推介呢?",0d95d626-bc6e-511b-8e73-ec60f5eb8f44,聖劍使的禁咒詠唱,淡群赤光,232.5,完結,"校園, 魔法, 戰鬥, 後宮, 妹妹, GA文庫, 日本輕小說",「我有預感會遇見哥哥大人！」「我的唇……你不記得了吧。」前世為公主劍士，與兄長立下愛的誓約，擁有自己是其親妹妹記憶的少女早月；以及身為冥府魔女，在另一個前世常伴君側、與之並肩作戰的少女靜乃——跨越命運輪迴，同時與心愛的兩人邂逅的少年諸葉，夾在早月和靜乃之間左右為難！？而在能將前世記憶轉化為力量的轉生者學園中，史上首位兩股前世之力《劍聖×禁咒使》同時覺醒者諸葉，開始踏上無比奇特的命運旅程！為解救結下永世羈絆的兩名摯愛，與前世共鳴的學園劍斗＆魔法物語——寄宿在我的劍里吧，魔焰——如今，少年要在紛亂的現世，殺出一條血路！！,1,用戶明確要求「異世界的故事」，而推薦的小說設定在「現世」的校園中（雖然角色擁有前世異世界的記憶並將其轉化為力量），這屬於都市奇幻而非異世界冒險。儘管滿足了「劍與魔法」和「戰鬥」的元素，但核心舞台與用戶的需求不符。
q2,"不好意思,最近異世界需求大了,很想看異世界的故事不一定要轉生類但劍與魔法是必需的.. 已有蜘蛛子了,目前在找一些已經有結局的異世界小說 原本想看哥布林殺手的但是還沒完結啊.....超不想看到一半被中斷了 至少至少...像刀劍那種完了SAO篇再換ALO的方式我還可以接受 請問還有什麼戰鬥類已完結的異世界小說可以推介呢?",310c2f1a-ef9f-5a5e-b87a-bb788800a25e,技能？才不需要那種東西！ ～不幸者們的才能開花～,silve,174.8,完結,"異世界, 奇幻, 魔法, 龍傲天, 戰鬥, 後宮, syosetu, Web輕小說",沒有特別的目標，每天無所事事地加班到天亮的梶川光流，25歲。加班完在車上小睡，醒來後卻發現自己在森林裡。以為遇難而呼救，結果出現的不是救援人員而是怪物，這是怎樣，好可怕。（有點自爆地）擊退怪物後，我確信這裡是異世界，確認狀態值後，發現明明連雜魚都有我卻沒半點技能，能力值全都是零。騙人的吧。不過，多虧了漸進化如同遊戲般的選單畫面，讓我能不靠技能直接操作魔力，應用方式比技能更靈活，所以還過得去。不如說，我好像逐漸變得強到超乎常識。咦，這樣還需要技能嗎？根本是作弊吧？同行的夥伴也像被我拖著一樣，變得強到超乎常識，感覺意外地能輕鬆活下去。不如說夥伴比較強。目前的目標是到處看看，吃吃美食，快樂地活下去，至於找碴的傢伙和魔王的手下，就全部打倒，絕不留情。就是這樣的故事。,3,該書完全符合使用者要求的「異世界」、「魔法」以及「戰鬥類」核心要素。雖然使用者強烈要求已完結作品，但根據評分指南，需忽略狀態（如完結與否）等硬性限制，僅就語義與類型相關性評分，因此該書是非常理想的匹配。
q3,"可以幫忙推薦幾部跟這部風格類似的輕小說
這部吸引我的地方有幾個:
1.男女主角純愛堅定不移
2.各種甜蜜的打情罵俏劇情
3.異世界轉生戰鬥、魔法
4.中間雖然各種虐，但最後還是排除萬難再一起",b7c361ec-e3a7-51ac-b6b3-0e31151b02c3,我的寵物是聖女大人,ムク文鳥,68.8,完結,"轉生, 魔法, 戰鬥, 戀愛, 人外, 其他文庫, 日本輕小說",在一場車禍中失去了家人的高中生的辰巳，因最愛的寵物鸚鵡琪可的衰老死亡陷入失意的深淵中。這痛苦絕望之際，他被召喚到了異世界。而召喚他的是轉生成人類的琪可。在這個世界的琪可是一位被人民敬仰著的聖女。而身為聖女的她，卻表示準備好了將辰巳迎為夫婿。但是，並不認為這一切是正確的傢伙出現了，並計畫著將二人吞入巨大的陰謀。——與聖女共同構築的純愛故事，現在開始。,3,推薦書籍高度符合用戶的需求：1. 明確提到是「純愛故事」，且女主主動追求男主，符合純愛堅定要求；2. 包含轉生、魔法與戰鬥元素，完全符合異世界設定；3. 劇情涉及巨大的陰謀與挑戰，符合「排除萬難在一起」的敘事結構。整體風格與用戶描述的偏好極其契合。
q3,"可以幫忙推薦幾部跟這部風格類似的輕小說
這部吸引我的地方有幾個:
1.男女主角純愛堅定不移
2.各種甜蜜的打情罵俏劇情
3.異世界轉生戰鬥、魔法
4.中間雖然各種虐，但最後還是排除萬難再一起",a36db506-dbbe-5f28-8c5d-56b4a486adc1,命中注定被反派所愛,리틀빅,58.1,連載,"病嬌, 後宮, 轉生, 校園, 異世界, 魔法, 戰鬥, 戀愛, other, 韓國輕小說",我被最終BOSS求婚。,1,該書雖然符合異世界、轉生、魔法與戰鬥的設定，但標籤包含「後宮」與「病嬌」，這與使用者明確要求的「純愛」以及「男女主角堅定不移」的核心需求相衝突，因此在情感基調上不匹配。
q3,"可以幫忙推薦幾部跟這部風格類似的輕小說
這部吸引我的地方有幾個:
1.男女主角純愛堅定不移
2.各種甜蜜的打情罵俏劇情
3.異世界轉生戰鬥、魔法
4.中間雖然各種虐，但最後還是排除萬難再一起",098b1283-9704-5fc7-86e3-6191a6e82e48,魔法製造者 ～異世界魔法的製作方法～,鏑木克樹,26.0,連載,"轉生, 異世界, 奇幻, 冒險, 魔法, 戀愛, MF文庫J, 日本輕小說",如果沒有魔法，那就自己創造！目標是成為異世界魔法的先鋒！懷抱著對魔法的憧憬死去的男子，醒來時發現自己竟然重生在異世界，成為名為希恩的嬰兒。對能在異世界使用魔法充滿期待的他，隨著成長卻得知，自己所處的世界竟然沒有魔法。陷入絕望的希恩，某天和姊姊瑪麗一同來到湖邊時，偶然目睹了一個「如同魔法般」的奇異現象——「還太早就放棄了。如果這個世界沒有魔法，那就自己創造出魔法！」希恩決定開始研究魔法，並在周圍人的幫助下，堅定不移地向前推進。飛舞的火焰、奔騰的閃電——這一切，都是為了實現前世對『魔法』的夢想！目標是成為異世界魔法的開創者!? 懷揣著浪漫的夢想，少年在異世界活出自己的傳奇！,1,該書符合用戶要求的「異世界轉生」與「魔法」設定，但用戶的核心需求在於強烈的「純愛」、「甜蜜互動」以及「先虐後甜」的情感線。該書簡介側重於魔法的開發與研究，對戀愛部分的描述極少，無法確認是否具備用戶所期待的情感強度與劇情走向，僅在世界觀設定上有交集。
q3,"可以幫忙推薦幾部跟這部風格類似的輕小說
這部吸引我的地方有幾個:
1.男女主角純愛堅定不移
2.各種甜蜜的打情罵俏劇情
3.異世界轉生戰鬥、魔法
4.中間雖然各種虐，但最後還是排除萬難再一起",76a36ca7-8b71-53b1-b19f-2d8263273fa2,轉生為懶惰的惡辱貴族，破壞劇情後，以超規格的魔力成為了最兇惡之人,菊池快晴,71.2,連載,"轉生, 奇幻, 冒險, 異世界, 魔法, 戰鬥, 校園, 後宮, kakuyomu, Web輕小說",我竟然轉生到了我最喜歡的學園遊戲中，成為了那個惡名昭彰的反派貴族——維斯。不久之後，等待著我的是無可救藥的最糟糕結局。我無論如何都要避免這樣的命運！既然如此，我只能獲得連遊戲主角都無法匹敵的、壓倒性的力量，成為最強者！最兇惡的逆襲異世界學園幻想漫畫化！！！,1,推薦書籍雖然符合異世界轉生、魔法與戰鬥的設定，但用戶強烈要求「純愛且堅定不移」的感情線，而該書標籤明確標註為「後宮」，與用戶的核心需求直接衝突。
q3,"可以幫忙推薦幾部跟這部風格類似的輕小說
這部吸引我的地方有幾個:
1.男女主角純愛堅定不移
2.各種甜蜜的打情罵俏劇情
3.異世界轉生戰鬥、魔法
4.中間雖然各種虐，但最後還是排除萬難再一起",c32cee72-5d58-5e95-8ebc-0517ed980e96,16:00的召喚魔法,木緒那智,16.2,完結,"轉生, 魔法, 戰鬥, 後宮, 青梅竹馬, 其他文庫, 日本輕小說",患有輕度中二病的弘樹。某日，他的手機收到一封陌生的簡訊。——求求你！救救我們。那是宛如玩笑一般，來自異世界的召喚魔法。召喚弘樹的是『不具魔力』的天才魔法使——亞莉莎。「我想摸你、舔你、感覺你，更了解你！」化身為救世主與異世界的災厄——維克堤瑪戰鬥的弘樹，以及輕咬脖子，舔吮臉頰，徹底活用了無感「研究」弘樹的亞莉莎。身體密著型的幻想故事揭開了序幕！,2,本書符合使用者對「異世界轉生」、「魔法戰鬥」以及「打情罵俏」的需求。然而，標籤中明確標註為「後宮」，這與使用者強烈要求的「男女主角純愛堅定不移」之核心意圖相衝突，因此雖然風格相近，但在情感關係設定上有所缺失。
q3,"可以幫忙推薦幾部跟這部風格類似的輕小說
這部吸引我的地方有幾個:
1.男女主角純愛堅定不移
2.各種甜蜜的打情罵俏劇情
3.異世界轉生戰鬥、魔法
4.中間雖然各種虐，但最後還是排除萬難再一起",f81d8654-47cb-5b70-81c3-5a838b2de2e8,轉生成了註定死亡的惡役千金的哥哥，想要養育妹妹改變未來 ～世界最強雖然是我、但世界最可愛的一定是妹妹～,泉里侑希,33.9,連載,"異世界, 妹妹, 後宮, 龍傲天, 奇幻, 冒險, 轉生, 遊戲, 戰鬥, 戀愛, 魔法, 校園, 其他文庫, 日本輕小說",我——澤克斯有一個妹妹。她叫卡蘿萊茵，有著美麗的金髮紅眼，是個非常可愛的女孩。可以毫不誇張地說，她是世界上最可愛的女孩子，她的笑容絕對可以被稱為天使。雖然她是我疼愛得不得了的妹妹，但實際上她已經被命運註定要死去。 這個世界與前世的遊戲《東西勇聖記》這款戀愛遊戲相似，在遊戲中，卡蘿萊茵作為主角聖女的對手——反派大小姐登場。而且，無論在哪條路線中，她都會遭遇非命。最愛的妹妹要死？ 難道我應該接受這種不合理的未來嗎？不，絕對不行！因此，我決定對抗命運。 拋開遊戲劇情，我要好好地培養妹妹，用蠻力扭轉眾多的死亡flag。 相信在這之後，我和卡蘿萊茵會有一個光明的未來。這是一個為了保護妹妹而變得最強的我，和世界上最可愛的妹妹卡蘿萊茵的故事。※有與偽娘角色的戀愛描寫。※雖然關鍵詞中有乙女遊戲，但這方面的元素可能比較少。,2,該書符合用戶對異世界轉生、魔法與戰鬥的設定要求，且有「對抗命運」的劇情符合排除萬難的傾向。然而，用戶明確要求「純愛且堅定不移」，而該書標籤包含「後宮」，且內文提及與偽娘角色的戀愛，與用戶追求的單一純愛傾向相悖，因此扣分。
q3,"可以幫忙推薦幾部跟這部風格類似的輕小說
這部吸引我的地方有幾個:
1.男女主角純愛堅定不移
2.各種甜蜜的打情罵俏劇情
3.異世界轉生戰鬥、魔法
4.中間雖然各種虐，但最後還是排除萬難再一起",d06e40e0-876d-5f18-b3a2-a078b4b59bfc,異世界魔法實在太落後!,樋辻卧命,105.4,連載,"轉生, 魔法, 戰鬥, 龍傲天, 後宮, 其他文庫, 日本輕小說",「魔術師，八鍵水明。是以抵達萬物真理為志向的現代神秘學者。」身為現代魔術師的八鍵水明，不小心隨朋友一起被突然出現的魔法陣轉移到異世界。可是被當成勇者召喚過去的只有朋友，自己只是單純被卷進來而已！而且居然還沒有回去原本世界的方法？水明拒絕同行討伐魔王之旅，驅使各種現代魔術，開始尋找回歸原本世界的方法——壓倒性強勢的現代魔術與未知異世界魔法交錯的異世界奇幻故事，開幕！,1,該書雖然符合使用者對『異世界、魔法、戰鬥』的設定要求，但使用者明確強調需要『純愛且堅定不移』的感情線，而推薦書籍標記為『後宮』，這與使用者的核心情感需求直接衝突，因此相關度較低。
q3,"可以幫忙推薦幾部跟這部風格類似的輕小說
這部吸引我的地方有幾個:
1.男女主角純愛堅定不移
2.各種甜蜜的打情罵俏劇情
3.異世界轉生戰鬥、魔法
4.中間雖然各種虐，但最後還是排除萬難再一起",1e237d5c-d6d0-54e3-9036-4b4414df62e0,我殺了學院玩家,사람살려,7.1,連載,"戀愛, 校園, 病嬌, 後宮, 奇幻, 冒險, 轉生, 魔法, 戰鬥, 異世界, webnovel, 韓國輕小說",某天，我進入了曾經玩過的遊戲世界，和遊戲主角樸時厚一起攜手打天下，但隨著故事走向偏移、重要角色離奇失蹤等，我才意外發現他的真面目—是個只為累積經驗值而不擇手段、不折不扣的殺人變態！為了拯救世界和平，我殺了他.取代他成為了主角！往後的我該怎麼做，才能讓遊戲走向完美結局呢？,1,該書雖然符合異世界轉生、魔法與戰鬥的設定，但其標籤包含「後宮」與「病嬌」，這與使用者明確要求的「純愛堅定不移」核心需求完全相反。雖然有戀愛元素，但情感基調與使用者追求的純愛風格截然不同，僅在設定上有部分重疊。
q3,"可以幫忙推薦幾部跟這部風格類似的輕小說
這部吸引我的地方有幾個:
1.男女主角純愛堅定不移
2.各種甜蜜的打情罵俏劇情
3.異世界轉生戰鬥、魔法
4.中間雖然各種虐，但最後還是排除萬難再一起",ed2d6280-1b19-543c-ae93-8454d3dfca83,重生者的魔法一定要特別,유소난,1.0,連載,"奇幻, 冒險, 轉生, 校園, 後宮, 魔法, 戰鬥, 異世界, other, 韓國輕小說",「現在我回來了，我不會再讓我愛的人再次死去！」暗影迷宮——人類歷史上最具毀滅性的存在。戴基爾·阿曼德是人類剩下的六名倖存者之一。這六人試圖通過迷宮的最後一關，但最終失敗，世界也隨之結束。然而——當戴基爾以為自己將迎來末日時，眼前顯現的是……十三年前的世界?!戴基爾回到了過去，回到了他入讀國內最頂尖的魔法學院——哈夫里昂的時候。他與他珍貴的朋友們重聚了，並準備改變過去，以拯救世界和他愛的人們…！距離暗影世界的出現還剩三年！改變過去，集結強大的夥伴來拯救人類！,1,推薦書籍符合用戶對『轉生、魔法、戰鬥』的設定要求，且包含拯救愛人的虐心與反轉元素。然而，用戶強烈要求『純愛且堅定不移』，而推薦書籍標記為『後宮』，這與用戶的核心情感需求（純愛）直接衝突，因此相關度較低。
q3,"可以幫忙推薦幾部跟這部風格類似的輕小說
這部吸引我的地方有幾個:
1.男女主角純愛堅定不移
2.各種甜蜜的打情罵俏劇情
3.異世界轉生戰鬥、魔法
4.中間雖然各種虐，但最後還是排除萬難再一起",6491f857-7c1b-54cc-8fd2-f92bc1d1f248,騎士＆魔法,天酒之瓢,153.4,連載,"轉生, 魔法, 機戰, 戰爭, 後宮, 其他文庫, 日本輕小說",一名日本青年因車禍事故與世長辭。他的靈魂在異世界獲得重生，成了名為「艾爾涅斯帝·埃切貝里亞」的美少年，而且依然帶著前世日本人的記憶。艾爾受到前世的嗜好影響，讓他在這輩子也成了重度「機械宅」。他在轉世投胎的新世界與巨大人形兵器——幻晶騎士相遇，樂不可支的艾爾為了成為機器人的駕駛員，立刻展開了一連串的規劃。他不僅把這個世界的同年玩伴拖下水，還將在這個世界橫衝直撞，這一切都是為了滿足他的機械研究欲。於小說投稿網站「成為小說家吧」大受歡迎的機器人奇幻故事終於付梓成冊。機械宅青年經歷轉世輪迴，駕駛起真正的機器人大展身手！,1,雖然該書符合異世界轉生、魔法與戰鬥的設定，但用戶的核心需求在於「堅定的純愛」、「甜蜜的互動」以及「克服困難在一起的感情線」。而《騎士＆魔法》的主軸在於機甲研究與戰爭，且標記為後宮，與用戶要求的純愛風格完全不符。
q3,"可以幫忙推薦幾部跟這部風格類似的輕小說
這部吸引我的地方有幾個:
1.男女主角純愛堅定不移
2.各種甜蜜的打情罵俏劇情
3.異世界轉生戰鬥、魔法
4.中間雖然各種虐，但最後還是排除萬難再一起",b2bcd00c-dcd6-5712-a015-cae2fdb9137e,我在異世界裡面臨輔助魔法與召喚魔法的選擇,橫冢司,102.1,完結,"轉生, 魔法, 黑暗, 龍傲天, 後宮, 其他文庫, 日本輕小說",一天，某所住宿制的私立學校，整個轉移到了異世界。高中部1年級的我‧賀谷和久，長期遭到霸凌。為了殺掉霸凌我的主嫌，我挖了一個陷阱，結果意外殺死了一隻怪物。從那一刻起，我便進化為能夠對抗怪物的稀有存在。同一天，我在森林裡救了被半獸人襲擊的國中部3年級美少女‧下園亞理棲。在我和亞理棲攜手打倒半獸人，逐漸升級的過程中，我被迫面臨一個選擇。我該選擇最適合獨自存活下去的召喚魔法呢？還是用於和別人一起戰鬥的輔助魔法呢？,1,雖然推薦書籍符合異世界、魔法與戰鬥的設定，但使用者明確要求「純愛」且「堅定不移」，而該書標記為「後宮」，且風格傾向「黑暗」與「龍傲天」，與使用者追求的甜蜜純愛氛圍完全相反，核心情感需求不匹配。
q3,"可以幫忙推薦幾部跟這部風格類似的輕小說
這部吸引我的地方有幾個:
1.男女主角純愛堅定不移
2.各種甜蜜的打情罵俏劇情
3.異世界轉生戰鬥、魔法
4.中間雖然各種虐，但最後還是排除萬難再一起",7924a69f-6275-5863-92c4-bb15f845e446,轉生魔王茱麗葉,久慈政宗,15.8,連載,"校園, 奇幻, 魔法, 戰鬥, 戀愛, 後宮, 富士見文庫, 日本輕小說",為了對抗北方魔族（Tempest），人類於中立地帶設立了古拉瑪基亞魔法魔術學院。我叫做哈特，是一名就讀於魔法魔術學院的平民魔術師，目前正在交往的對象是敵國公主伊莉絲，而且還是她主動告白的。伊莉絲在公開場合總是扮演成我的宿敵，私底下卻是個愛撒嬌的可愛女孩。我深深被她吸引的同時，發現了一個殘酷的秘密。那就是我們兩人的體內分別寄宿著「魔王半身（Juliet）」，只要彼此結合，就會毀滅這個世界！？不僅如此，居然出現神秘組織，打算強制讓我們結合……「即使如此，我還是不想欺騙自己的感情。」身分也好、恩怨糾葛也罷，就算是世界末日將至，在「喜歡」面前這些都不重要。我要為了她，粉碎一切的阻礙！,3,該推薦書籍高度符合使用者的所有需求：1. 男女主角面對身分對立與毀滅世界的威脅仍堅定相愛（純愛）；2. 設定有公眾面前的宿敵與私下的撒嬌（打情罵俏）；3. 包含魔法學院、魔族與戰鬥（奇幻魔法）；4. 劇情設定有極大的阻礙與虐心元素，但主角展現出排除萬難在一起的決心。
q3,"可以幫忙推薦幾部跟這部風格類似的輕小說
這部吸引我的地方有幾個:
1.男女主角純愛堅定不移
2.各種甜蜜的打情罵俏劇情
3.異世界轉生戰鬥、魔法
4.中間雖然各種虐，但最後還是排除萬難再一起",5ee6f050-29e4-593e-b935-018f6cfb6a13,無屬性魔法的救世主,武藤健太,36.0,連載,"轉生, 魔法, 戰鬥, 龍傲天, 後宮, 其他文庫, 日本輕小說",一名男子因交通事故喪失性命，但是他在另一個世界重獲新生，以亞斯拉這個身分成功轉世，同時依然保有前世的記憶……他轉生到一個魔法高度發展的世界。在那個世界裡，每個人誕生時都會被授予一項屬性魔法，共分為火、水、風、土四種，另外還有僅授予特定種族的神聖魔法與暗黑魔法。在各種魔法中，最不受歡迎的是沒有任何屬性的無屬性魔法。亞斯拉被授予的恰恰就是無屬性魔法，他開始利用前世的知識與經驗，克服各種困難。他遇見了夥伴、找到自己在異世界的生活目標，而當他發現無屬性魔法的真正力量時，故事將急速發展──,1,雖然該書符合使用者對「異世界轉生、魔法、戰鬥」的設定要求，但使用者強調的核心需求是「男女主角純愛堅定不移」，而推薦書籍的標籤明確標註為「後宮」，這與使用者的感情線偏好完全相反，因此相關度較低。
q3,"可以幫忙推薦幾部跟這部風格類似的輕小說
這部吸引我的地方有幾個:
1.男女主角純愛堅定不移
2.各種甜蜜的打情罵俏劇情
3.異世界轉生戰鬥、魔法
4.中間雖然各種虐，但最後還是排除萬難再一起",67cddafd-4dfa-51b1-a85e-e6c10c1a2b92,只是轉生無法填補心中的空缺,ニテーロン,42.8,連載,"轉生, 奇幻, 冒險, 龍傲天, 戀愛, 後宮, 電擊文庫, 日本輕小說",所以，填補「孤獨」的就是與你譜寫『戀愛』的故事。在人類的渴望（願望）能夠化為固有魔法的異世界中，操使固有魔法、守護人類免受邪神侵害的超越者〈Adept〉們，享有一切權利。轉生而來的少年·木之江經歷了漫長修行，終於得到了那項資格——只為了使用迷魂藥〈禁忌藥物〉。「……如果有迷魂藥的話，就算是我，也能成為某人心中的第一吧。」前世的創傷讓木之江無法相信他人，固有魔法也因此未能覺醒，哪怕轉生之後，依舊被孤獨折磨著。就在這時，向他伸出手的，是一位染患絕症的金髮少女——「我、我願意為木之江大人做任何事！」——這是一個不曾擁有渴望（願望）的白色孤獨，與黃金之愛邂逅的故事。,1,雖然該書符合異世界轉生、魔法以及虐心（絕症、孤獨）的設定，但標籤中明確標註為「後宮」，這與使用者強烈要求的「男女主角純愛堅定不移」相衝突。此外，故事氛圍偏向沉重與填補空虛，而非使用者想要的「甜蜜打情罵俏」風格。
q3,"可以幫忙推薦幾部跟這部風格類似的輕小說
這部吸引我的地方有幾個:
1.男女主角純愛堅定不移
2.各種甜蜜的打情罵俏劇情
3.異世界轉生戰鬥、魔法
4.中間雖然各種虐，但最後還是排除萬難再一起",e2f00e11-a92d-5369-88ca-5befc1adc48f,拚死迴避全滅結局。隊伍的精神出了問題。,雨糸雀,42.5,連載,"穿越, 奇幻, 魔法, 冒險, 後宮, 角川文庫, 日本輕小說",犧牲自己拯救了夥伴們以後——大家的感情都沉重過頭?!「——不要————?! 沃爾卡，不，不要死————！！」從日本轉生而來的冒險者沃爾卡。他在探索迷宮的過程中突然被強大的魔物襲擊，為保護隊友受到了瀕死的重傷。在那個瞬間，他終於意識到——這裡是他前世看過的黑暗幻想系漫畫世界，而他是會和同伴們全滅的路人角色。極其討厭壞結局的沃爾卡為了夥伴拚命戰鬥，奇蹟般地擊敗魔物。儘管失去了單眼單腳，但他仍為顛覆了隊伍全滅的命運而鬆了口氣。可是，隊伍里的少女們的狀態卻莫名變得古怪——「這次我絕對會保護好你！！所以求你了，不要拋棄我……！！」「我會一直在您身邊。——可以的吧，前輩？」「我已經決定了……要為你而死。」這是美好結局至上主義轉生者與對他懷有沉重感情的少女們的【致郁】異世界譚！,1,該書雖然符合異世界轉生、魔法與戰鬥的設定，但與使用者對感情線的要求完全相反。使用者追求的是「純愛」、「堅定不移」且「甜蜜」的互動，而該書標籤為「後宮」，且描述少女們對主角有著「沉重」的感情（傾向病嬌或執著），與純愛甜蜜的風格不符。
q3,"可以幫忙推薦幾部跟這部風格類似的輕小說
這部吸引我的地方有幾個:
1.男女主角純愛堅定不移
2.各種甜蜜的打情罵俏劇情
3.異世界轉生戰鬥、魔法
4.中間雖然各種虐，但最後還是排除萬難再一起",29d96b7d-02a9-5f66-b4d6-30b01d0abda4,被女神騙到異世界的我展開後宮生活,回復師,26.9,連載,"轉生, 魔法, 戰鬥, 龍傲天, 後宮, 富士見文庫, 日本輕小說",我被『七天免費體驗！』的廣告吸引，點擊了遊戲的下載按鈕。回過神來，竟然發現女神大人就在眼前！？「恭喜你！你對異世界……有興趣對吧？」我似乎被選為異世界生活測試員，並得到了女神大人所賦予的【魔法創造】技能。那麼，馬上前往朝思暮想的異世界吧──而我的轉移身分……竟然是大領主‧弗列斯特公爵家的名門公子！？有著未婚妻、女僕以及妹妹……多虧美女如雲的後宮環境，以及我自行開發的獨創魔法，讓我能盡情和女孩子卿卿我我！只是，女神大人好像有事情瞞著我……！？被女神欺騙的我展開的貴族後宮奇幻小說，在此開幕！,1,使用者明確要求「純愛且堅定不移」的情感關係，但推薦的書籍是明確的「後宮」設定（多名女性角色），這與使用者的核心需求完全相反。雖然在異世界、魔法與戰鬥的設定上符合，但情感核心完全不匹配。
q3,"可以幫忙推薦幾部跟這部風格類似的輕小說
這部吸引我的地方有幾個:
1.男女主角純愛堅定不移
2.各種甜蜜的打情罵俏劇情
3.異世界轉生戰鬥、魔法
4.中間雖然各種虐，但最後還是排除萬難再一起",798cf604-7118-5d60-a131-7ec13f31b82e,我轉生成王城的路人衛兵，當我擊退了想要綁架公主的魔王軍，結果卻讓勇者的後宮成員一個接一個地愛上我。哦，公主是我在保護的，所以如果你是個自我中心的勇者大人，就請踏上消滅魔王的旅程吧。,淺見朝志,7.1,連載,"戀愛, 後宮, 戰鬥, 龍傲天, 歡樂向, 轉生, 異世界, 魔法, kakuyomu, Web輕小說",轉生成雜魚衛兵的隔天就遇到死亡事件了⁉ 今天我得熬夜升級！在現世打工中突然死亡。當我醒來時，發現自己手裡拿著一把槍……咦？這不是我昨天玩過的垃圾遊戲的世界嗎？看來我轉生成了王城衛兵格斯塔夫。而且，恰好在隔天，公主就會被魔王軍綁架，這個衛兵的命運已經註定要死去。我才不想轉生後就死去！所以我決定熬夜升級。只要變強到不會死就好了，但……似乎跟原本勇者後宮成員的美少女們越來越親近了？,1,使用者明確要求「純愛」且「堅定不移」的感情，但推薦書籍標籤為「後宮」，且標題與簡介均提到多名女性愛上主角，與使用者的核心需求完全相反。雖然滿足異世界轉生、魔法與戰鬥的設定，但情感基調與純愛需求嚴重不符。
q3,"可以幫忙推薦幾部跟這部風格類似的輕小說
這部吸引我的地方有幾個:
1.男女主角純愛堅定不移
2.各種甜蜜的打情罵俏劇情
3.異世界轉生戰鬥、魔法
4.中間雖然各種虐，但最後還是排除萬難再一起",cca37828-b781-5c63-867f-afd14456f193,終究只是怠惰惡役貴族,イコ,25.1,連載,"異世界, 後宮, 龍傲天, 轉生, 戰鬥, 魔法, 校園, 其他文庫, 日本輕小說",惡役為了幸福的怠惰而奮鬥琉克·休加洛·德斯庫斯托斯是一款成人戀愛策略模擬遊戲中的惡役貴族。他性格懶惰，明明擁有魔法天賦卻不願努力，暴飲暴食，最終成長為令人作嘔的肥胖癩蛤蟆般的角色。轉生成為這樣的琉克·休加洛·德斯庫斯托斯後，他保持著懶惰的性格，追求美麗與舒適，快樂地度過每一天。為了實現自己理想的怠惰生活，他決心走上反派路線，開拓屬於自己的未來。,1,雖然該書符合異世界轉生、魔法與戰鬥的設定，但使用者明確要求「男女主角純愛且堅定不移」，而推薦書籍標記為「後宮」，這與使用者的核心情感需求完全相反。
q3,"可以幫忙推薦幾部跟這部風格類似的輕小說
這部吸引我的地方有幾個:
1.男女主角純愛堅定不移
2.各種甜蜜的打情罵俏劇情
3.異世界轉生戰鬥、魔法
4.中間雖然各種虐，但最後還是排除萬難再一起",9d6500e4-f085-5812-add4-cfa1f368e3e0,當我因為覺得麻煩而逃避考試，結果卻以墊底序列開始學園生活的時候，從這裡開始逆轉局面是有可能的嗎？,斎藤正,6.2,連載,"轉生, 龍傲天, 魔法, 後宮, 異世界, 戰鬥, 校園, kakuyomu, Web輕小說",轉生後進入了一切以序列為主的學園，說真的，這不是很麻煩嗎？在不知不覺中死去而轉生的少年「西奧多·安瑟姆」，本來打算輕鬆地生活，但因為自己的才能（被強迫）進入了克羅諾斯魔法騎士學園。西奧多本來想要輕鬆生活，但他根本沒有幹勁，在入學後第一次重要的考試中逃避了考試……結果他在學園的序列從最低開始。據說序列低會有很多不便的事情，西奧多於是第一次真正下定決心，開始努力。就這樣，雖然因為自己的怠惰而掉到了最底層，但他卻在周圍人的牽引下，不斷向上爬升，身邊聚集了許多懷有各種心思的人。,1,推薦書籍雖然符合異世界轉生、魔法與戰鬥的設定，但標籤明確標註為「後宮」，與使用者要求的「男女主角純愛堅定不移」完全相反。且故事主軸在於學園序列的逆轉，缺乏使用者強調的純愛與甜蜜互動劇情。
q3,"可以幫忙推薦幾部跟這部風格類似的輕小說
這部吸引我的地方有幾個:
1.男女主角純愛堅定不移
2.各種甜蜜的打情罵俏劇情
3.異世界轉生戰鬥、魔法
4.中間雖然各種虐，但最後還是排除萬難再一起",5c3202e8-d693-5282-83bc-bec6e46061ae,全員美少女的魔王討伐絕對有問題！,狗狗學長,8.8,連載,"後宮, 魔法, 戀愛, 異世界, 戰鬥, 戰爭, 歡樂向, 原生幻想, 華文輕小說",「啊？魔王討伐隊的成員……全員都是美少女?! 」「平凡」的流浪魔法師艾吉爾，本想安安靜靜過他的小日子，沒想到命運卻給他開了一個天大的玩笑——他似乎自帶【勇者吸引器】屬性，一個個性格鮮明的少女勇者接連闖入他的生活！過於天然而總是迷路的弓之勇者米拉——每次迷路都會引發一場小騷動，至於消滅魔物？不如先填飽肚子再說！外表冷酷實則是個傲嬌的劍之勇者菲奧娜——冷酷且強大，卻對溫泉和甜食情有獨鍾，執行任務時甚至會為了甜品停下腳步。最後是天才魔法少女，術之勇者薇薇安——魔法華麗到讓人目瞪口呆，然而她卻對艾吉爾燃起了莫名的競爭心「下次一定要贏過他！」被迫踏上討伐魔王的旅途，艾吉爾本以為這是拯救世界的嚴肅冒險，結果每天卻充滿了意外事件——或者是溫泉里的「大慘案」，又或者是宴會上暴走的魔法，當勇者們的戀慕之心紛紛集中在艾吉爾身上……多角關係也迅速發酵，混亂程度簡直比魔王更難對付！「這真的是拯救世界的冒險嗎——!? 」,1,使用者明確要求「純愛」且「堅定不移」的感情線，並希望劇情有「虐心後再在一起」的起伏。然而推薦的書籍標籤為「後宮」，劇情描述多名美少女競爭主角的寵愛，且風格偏向「歡樂向」，與使用者的核心情感需求完全相反。雖然在異世界、魔法、戰鬥等背景設定上相符，但對核心意圖的滿足度極低。
q4,"由於自己的胃口比較獨特的原因，喜歡男主被拋置於各種不利的情節或者感情中，也是因為這樣，喜歡看那些讓人看完后心緒難以平靜的小說，就我看過的來說，無職，re0，妹妹人生，異世界迷宮最深等，在某種程度上來說都有慘烈的一部分（感情上或者情節上都是），也沒有一定要轉生異世界，現實日常要是能描繪出這些來也很好了。
尤其那種男主能不斷被放置在痛苦或者恐懼之中，一邊流露出作者思考的文字的小說，再好不過。",1df5cd13-a685-5303-bc7b-b0aba3693026,絕望的世界,宮谷俊二,1.9,完結,"青春, 黑暗, 其他文庫, 日本輕小說",男主角在學校里受盡了欺負，對他來說妹妹才是自己的心靈唯一可以停靠的港灣。然而……,3,使用者明確表示喜歡男主角處於不利、痛苦、恐懼或慘烈的情境中，且不限於異世界。推薦書籍《絕望的世界》標記為「黑暗」，且簡介中提到男主角遭受嚴重欺凌，且唯一的心靈寄託（妹妹）也面臨變數，完全符合使用者對「慘烈」與「絕望感」的偏好。
q3,"可以幫忙推薦幾部跟這部風格類似的輕小說
這部吸引我的地方有幾個:
1.男女主角純愛堅定不移
2.各種甜蜜的打情罵俏劇情
3.異世界轉生戰鬥、魔法
4.中間雖然各種虐，但最後還是排除萬難再一起",2819a743-ee6f-546a-9914-df92391b84c3,你所期盼的未來,跑步的菜包,35.4,連載,"異世界, 戀愛, 魔法, 戰鬥, 原生幻想, 華文輕小說",尚未被戰爭波及的和平之地，慵懶的少年從夢中醒來，繼續過著閑暇美好的日常，然而今日卻久違地迎來了一位新「家人」，外表冷淡的冰之少女走進了他的生活，兩人邂逅，命運的齒輪悄然轉動。這是一個劍與魔法的世界，劇烈動蕩的時代，少年少女的故事。,2,該書的標籤與簡介完全符合用戶對「異世界」、「魔法」與「戰鬥」的設定要求，且包含戀愛元素。雖然簡介中未明確描述「純愛堅定」或「打情罵俏」等具體互動細節，但整體類型與背景高度契合，屬於較佳的推薦。
q4,"由於自己的胃口比較獨特的原因，喜歡男主被拋置於各種不利的情節或者感情中，也是因為這樣，喜歡看那些讓人看完后心緒難以平靜的小說，就我看過的來說，無職，re0，妹妹人生，異世界迷宮最深等，在某種程度上來說都有慘烈的一部分（感情上或者情節上都是），也沒有一定要轉生異世界，現實日常要是能描繪出這些來也很好了。
尤其那種男主能不斷被放置在痛苦或者恐懼之中，一邊流露出作者思考的文字的小說，再好不過。",3bab4ebb-d735-5916-b29a-ca7937d45236,暗黑學校,二宮敦人,18.6,完結,"懸疑, 驚悚, 黑暗, 群像, 大逃殺, 其他文庫, 日本輕小說",我們幾個稱那天為「流放日」。某天，雄太突然昏倒在學校的廁所。醒來時，原本平凡無奇的生活已劇烈改變。校舍四面八方覆蓋上一層堅硬岩石，原因不明，而校內僅存十名生還者。沒有陽光、手機也收不到訊號，找不到任何方法逃出學校。於是，這群「同班同學」開始了一段絕望的極限生活——,3,使用者明確表示喜歡男主角處於不利、痛苦或絕望的境地（如 Re:Zero 等作品），且追求能讓心緒難以平靜的慘烈感。推薦的《暗黑學校》設定為封閉空間的生存遊戲（大逃殺），且簡介中直接提到「絕望的極限生活」，完全符合使用者希望男主被放置在恐懼與痛苦之中的核心需求。
q4,"由於自己的胃口比較獨特的原因，喜歡男主被拋置於各種不利的情節或者感情中，也是因為這樣，喜歡看那些讓人看完后心緒難以平靜的小說，就我看過的來說，無職，re0，妹妹人生，異世界迷宮最深等，在某種程度上來說都有慘烈的一部分（感情上或者情節上都是），也沒有一定要轉生異世界，現實日常要是能描繪出這些來也很好了。
尤其那種男主能不斷被放置在痛苦或者恐懼之中，一邊流露出作者思考的文字的小說，再好不過。",bd7970a2-4884-509b-9c68-d62856732ac1,幻想之花向死而生,taikong,22.4,連載,"奇幻, 冒險, 懸疑, 復仇, 妹妹, 黑暗, 鬥智, 異能, 大逃殺, 溫馨, 原生幻想, 華文輕小說",一個陰暗壓抑，略有點瘋狂的故事。重生者間殘酷的生存遊戲，開始了。戰鬥吧，戰鬥到最後一刻！向自己、向敵人、向世界、向命運！,3,使用者明確表示偏好男主角處於不利、痛苦或恐懼的境遇（虐男），以及陰暗且讓人心緒難平的氛圍。推薦書籍的標籤包含「黑暗」、「復仇」，且簡介描述為「陰暗壓抑」、「殘酷的生存遊戲」，在核心基調與情節設定上高度符合使用者對「慘烈」與「壓力」的需求。
q4,"由於自己的胃口比較獨特的原因，喜歡男主被拋置於各種不利的情節或者感情中，也是因為這樣，喜歡看那些讓人看完后心緒難以平靜的小說，就我看過的來說，無職，re0，妹妹人生，異世界迷宮最深等，在某種程度上來說都有慘烈的一部分（感情上或者情節上都是），也沒有一定要轉生異世界，現實日常要是能描繪出這些來也很好了。
尤其那種男主能不斷被放置在痛苦或者恐懼之中，一邊流露出作者思考的文字的小說，再好不過。",ff3c332e-0d93-5ba4-bddb-b56e2a4c8012,暗黑童話,乙一,14.6,完結,"奇幻, 懸疑, 黑暗, 集英社, 日本輕小說",因為一場意外失去左眼的高二女孩菜深，也同時喪失了記憶。在接受眼球移植手術之後，她的左眼竟開始頻繁出現另一個男孩的過去記憶，包括他死亡之際所見到的最後影像。因為沒有過去而與現實生活格格不入的她，於是決定前往男孩的世界找出害死他的兇手。但是，在那個地下室等待她的，卻是暗黑澄澈而令人心痛的，愛的記憶……,1,用戶明確要求「男主」處於不利、痛苦或恐懼的情境中，且偏好心理層面的折磨與掙扎。而推薦書籍的主角為女性，且劇情核心在於解開他人死亡之謎的懸疑過程，而非主角本身的持續受難，僅在「黑暗」與「心痛」的氛圍上有少量重疊，不符合用戶的核心需求。
q4,"由於自己的胃口比較獨特的原因，喜歡男主被拋置於各種不利的情節或者感情中，也是因為這樣，喜歡看那些讓人看完后心緒難以平靜的小說，就我看過的來說，無職，re0，妹妹人生，異世界迷宮最深等，在某種程度上來說都有慘烈的一部分（感情上或者情節上都是），也沒有一定要轉生異世界，現實日常要是能描繪出這些來也很好了。
尤其那種男主能不斷被放置在痛苦或者恐懼之中，一邊流露出作者思考的文字的小說，再好不過。",05e4afef-de61-51da-bef6-00c38bdc59de,在廢墟中乞求,佐佐木讓,14.8,完結,"懸疑, 黑暗, 其他文庫, 日本輕小說",我了解你的絕望，但我又該如何治癒那尖銳、劇痛的傷痕……刑警仙道孝司，怠惰、不願深入探究、只想完成交辦任務的疏忽態度，導致不可挽回的致命慘劇。在輿論壓力和愧疚感的雙重責難下，懊悔、精神緊繃的仙道終於崩潰，並收到停職療養的命令。只想儘早返回工作崗位的他，卻不斷接獲友人的請託，而展開一連串私下探案的任務。身敗名裂的女子陳屍前僱主的小木屋內十三年前札幌殺害妓女命案的手法再度出現失蹤的女子與意外死亡的強暴犯，彼此的關連是……十七年前無法偵破命案的嫌疑人慘死，種種巧合指示著兇手的身分？名門千金混亂的感情世界，是死神降臨的原因？刑警與犯罪者，飽受創傷的心，因殺人事件於北海道的小鎮彙集……。,3,使用者明確表示喜歡男主角處於不利情節、痛苦、恐懼或精神崩潰的「慘烈」故事，且接受現實背景。推薦的小說描述男主角因失職導致慘劇而陷入強烈的愧疚感、精神崩潰及社會壓力中，其「絕望」與「創傷」的基調完全符合使用者追求的心緒難平與心理折磨的需求。
q4,"由於自己的胃口比較獨特的原因，喜歡男主被拋置於各種不利的情節或者感情中，也是因為這樣，喜歡看那些讓人看完后心緒難以平靜的小說，就我看過的來說，無職，re0，妹妹人生，異世界迷宮最深等，在某種程度上來說都有慘烈的一部分（感情上或者情節上都是），也沒有一定要轉生異世界，現實日常要是能描繪出這些來也很好了。
尤其那種男主能不斷被放置在痛苦或者恐懼之中，一邊流露出作者思考的文字的小說，再好不過。",d8000720-67a6-573c-891b-79e6c1e158af,拼上性命避免了全滅的結局，可隊友卻病了,雨糸雀,49.0,連載,"奇幻, 轉生, 病嬌, syosetu, Web輕小說",——所以說，少了一隻眼睛和一條腿沒什麼大不了。我沒事兒～沒關係，我不會拋棄你的。補償什麼都可以。別奉獻一切呀！沉重。好TM沉重!,3,用戶偏好男主處於不利情節、承受生理或心理痛苦以及沉重感情的作品。推薦書籍中男主失去了眼睛和腿（生理受損），且涉及「病嬌」與「沉重」的情感關係，這與用戶提到的「慘烈」以及「將男主放置在痛苦或恐懼之中」的胃口高度契合。
q4,"由於自己的胃口比較獨特的原因，喜歡男主被拋置於各種不利的情節或者感情中，也是因為這樣，喜歡看那些讓人看完后心緒難以平靜的小說，就我看過的來說，無職，re0，妹妹人生，異世界迷宮最深等，在某種程度上來說都有慘烈的一部分（感情上或者情節上都是），也沒有一定要轉生異世界，現實日常要是能描繪出這些來也很好了。
尤其那種男主能不斷被放置在痛苦或者恐懼之中，一邊流露出作者思考的文字的小說，再好不過。",3a76a7aa-b33c-5963-8a8f-c7fb1d0bd51f,這是關於背叛了重要之人的女孩在贖罪、後悔和絕望的日子中度過的故事,Zoisite,2.6,完結,"戀愛, 黑暗, NTR, 獵奇, syosetu, Web輕小說",御日冬紀在某日，目擊到了青梅竹馬同時也是婚約者的逸見晴憐和另一個青梅竹馬的桐生雄大外遇的場景。控制正在外遇的現場同時結束了這段出軌關係後的冬紀承受了巨大的心理創傷。晴憐後悔自己的所作所為，抵抗著心底湧上的絕望，仍然努力希望和冬紀重歸就好。就是如此這般隨處可見的故事。,2,用戶明確表示喜歡男主角處於不利、痛苦或絕望的情境中，且追求心緒難平的壓抑感。推薦書籍的主題涉及背叛、NTR與心理創傷，開篇即將男主置於巨大的心理創傷中，符合用戶對「慘烈」和「不利情節」的偏好。然而，書名和簡介顯示故事重心在於「女孩的贖罪、後悔與絕望」，而非持續聚焦於男主的痛苦過程，因此在核心視角上與用戶要求有輕微偏差，但整體氛圍高度契合。
q4,"由於自己的胃口比較獨特的原因，喜歡男主被拋置於各種不利的情節或者感情中，也是因為這樣，喜歡看那些讓人看完后心緒難以平靜的小說，就我看過的來說，無職，re0，妹妹人生，異世界迷宮最深等，在某種程度上來說都有慘烈的一部分（感情上或者情節上都是），也沒有一定要轉生異世界，現實日常要是能描繪出這些來也很好了。
尤其那種男主能不斷被放置在痛苦或者恐懼之中，一邊流露出作者思考的文字的小說，再好不過。",abf4156d-f347-5f96-b291-a23c7e8ba84a,愛意複雜化,風-フェン-,35.2,完結,"百合, 病嬌, kakuyomu, Web輕小說",愛到令人痛苦的愛意是扭曲的只是單純很沉重的故事。想著如果能談一場如此認真的戀愛就好了。,1,使用者明確要求希望看到「男主」被置於痛苦、恐懼或不利的情節中，但推薦的小說標記為「百合」，主角為女性，且核心主題是女性之間的扭曲愛戀，與使用者對男主受難的特定偏好不符。儘管在「痛苦」的情感基調上有微小重疊，但角色設定完全不匹配。
q4,"由於自己的胃口比較獨特的原因，喜歡男主被拋置於各種不利的情節或者感情中，也是因為這樣，喜歡看那些讓人看完后心緒難以平靜的小說，就我看過的來說，無職，re0，妹妹人生，異世界迷宮最深等，在某種程度上來說都有慘烈的一部分（感情上或者情節上都是），也沒有一定要轉生異世界，現實日常要是能描繪出這些來也很好了。
尤其那種男主能不斷被放置在痛苦或者恐懼之中，一邊流露出作者思考的文字的小說，再好不過。",981a6dfb-5bc3-56dd-bbcd-f43caf52d5a6,白夜行,東野圭吾,34.5,完結,"懸疑, 黑暗, 集英社, 日本輕小說",因為被奪走太陽，只能行走在白夜之中；然而當白夜來到盡頭之際，又將有什麼在等待著？他們為什麼如此輕易地抹煞別人的性命？他們為什麼毫無愧疚地奪取別人的靈魂？,2,用戶追求的是主角處於極端不利、痛苦或恐懼中的「鬱展開」以及強烈的精神衝擊感。雖然《白夜行》具有極其陰暗、壓抑的氛圍，且主角的人生充滿不幸與扭曲，符合「心緒難以平靜」且「黑暗」的需求，但其核心是懸疑推理，而非像《Re:Zero》或《妹妹人生》那樣聚焦於主角在痛苦中反覆掙扎的心理折磨。整體氛圍契合，但痛苦的表現形式與用戶要求的「被放置在痛苦之中」略有偏差。
q4,"由於自己的胃口比較獨特的原因，喜歡男主被拋置於各種不利的情節或者感情中，也是因為這樣，喜歡看那些讓人看完后心緒難以平靜的小說，就我看過的來說，無職，re0，妹妹人生，異世界迷宮最深等，在某種程度上來說都有慘烈的一部分（感情上或者情節上都是），也沒有一定要轉生異世界，現實日常要是能描繪出這些來也很好了。
尤其那種男主能不斷被放置在痛苦或者恐懼之中，一邊流露出作者思考的文字的小說，再好不過。",72ad093a-cc57-5a93-abfd-fc647e3df3ec,失去一切之後 我與她的未來,墨白shelter,7.3,完結,"青春, 戀愛, 妹妹, 青春日常, 華文輕小說",害死自己的父親，逼走自己的母親因為愚蠢而失去一切的我本該自我了斷吧然而看著童年時獨自哭泣的妹妹我選擇背負罪惡而度過漫長的一生,3,使用者明確表示喜歡男主角處於不利、痛苦或恐懼的情節中，且追求看完後心緒難平的慘烈感。推薦書籍的男主殺父、逼走母親、失去一切且背負深重罪惡感，完全符合使用者對「情感痛苦」與「處於不利情境」的核心需求，且屬於使用者接受的現實日常類設定。
q4,"由於自己的胃口比較獨特的原因，喜歡男主被拋置於各種不利的情節或者感情中，也是因為這樣，喜歡看那些讓人看完后心緒難以平靜的小說，就我看過的來說，無職，re0，妹妹人生，異世界迷宮最深等，在某種程度上來說都有慘烈的一部分（感情上或者情節上都是），也沒有一定要轉生異世界，現實日常要是能描繪出這些來也很好了。
尤其那種男主能不斷被放置在痛苦或者恐懼之中，一邊流露出作者思考的文字的小說，再好不過。",25a92a69-058d-55d5-976e-fa7471340be5,生活跌到谷底之後 一切喧囂都是希望,墨白shelter,10.2,連載,"戀愛, 校園, 妹妹, 青春日常, 華文輕小說",血液沾浸透衣裳，雨水拍打在臉龐。看著眼前失去雙腿的父親，我意識到未來失去了希望。只是想起還未成年的妹妹。聽著耳旁傳過的喧囂，我迷茫一笑，絕望的尋找光芒。,3,用戶明確表示喜歡男主角被置於痛苦、絕望或不利情節中的作品，且不限於異世界，現實日常亦可。推薦書籍的簡介描述了父親失去雙腿、生活跌入谷底以及主角在絕望中掙扎的狀態，非常符合用戶對於「慘烈」和「情緒不安」的核心需求。
q4,"由於自己的胃口比較獨特的原因，喜歡男主被拋置於各種不利的情節或者感情中，也是因為這樣，喜歡看那些讓人看完后心緒難以平靜的小說，就我看過的來說，無職，re0，妹妹人生，異世界迷宮最深等，在某種程度上來說都有慘烈的一部分（感情上或者情節上都是），也沒有一定要轉生異世界，現實日常要是能描繪出這些來也很好了。
尤其那種男主能不斷被放置在痛苦或者恐懼之中，一邊流露出作者思考的文字的小說，再好不過。",035f78c1-a220-5efd-9f7e-f309f0eb1cec,愛的禁行式,本谷有希子,9.0,完結,"戀愛, 黑暗, 妹妹, NTR, 其他文庫, 日本輕小說",「如果不把你的人生也糟蹋掉，那我出生在這個世上就沒有意義了。」以「兄妹」相稱的二人。「復仇」、「偷窺」、「憎恨」凝成曖昧的薄冰。他們小心翼翼地行走其上，步步維艱。就算輕薄的假象被殘忍撕裂。也要假裝閉上眼。假裝看不見。假裝正常。假裝可以。「你會後悔和我這種男人扯上關係嗎？」「我不後悔喔。」只要我還是受到憎恨的對象，哥哥就永遠不會離開我。,3,使用者明確表示喜歡男主處於不利情節、痛苦、恐懼且令人心緒難平的暗黑風格作品，並提到過《妹妹人生》。推薦書籍《愛的禁行式》包含「黑暗」、「憎恨」、「毀掉人生」等強烈情緒元素，且同樣涉及扭曲的兄妹關係，完美契合使用者追求的「慘烈」與「心理折磨」的核心需求。
q4,"由於自己的胃口比較獨特的原因，喜歡男主被拋置於各種不利的情節或者感情中，也是因為這樣，喜歡看那些讓人看完后心緒難以平靜的小說，就我看過的來說，無職，re0，妹妹人生，異世界迷宮最深等，在某種程度上來說都有慘烈的一部分（感情上或者情節上都是），也沒有一定要轉生異世界，現實日常要是能描繪出這些來也很好了。
尤其那種男主能不斷被放置在痛苦或者恐懼之中，一邊流露出作者思考的文字的小說，再好不過。",74eef0bb-2f91-5ab0-9e71-15dcb7678080,苦癌,月夜照花,12.7,完結,"奇幻, 戀愛, 懸疑, 青春日常, 華文輕小說",一遍又一遍，我苦苦追尋你，一聲又一聲，放聲吶喊你的名字，當男孩遇到女孩，人遇到了怪物。苦難，喜悅，悲傷交織在一起的悲傷的物語，一個個故事融合的故事，還有一個理解不了的奇特少年，「你有故事嗎？」,3,使用者明確表示喜歡男主角處於痛苦、恐懼或不利情境的『虐心』作品，且希望看完後心緒難以平靜。推薦書籍《苦癌》在標題及簡介中多次提及『苦苦追尋』、『苦難』、『悲傷的物語』，且具有反覆循環的暗示，在情感基調上與使用者的核心需求（追求慘烈感與情感衝擊）高度相符。
q4,"由於自己的胃口比較獨特的原因，喜歡男主被拋置於各種不利的情節或者感情中，也是因為這樣，喜歡看那些讓人看完后心緒難以平靜的小說，就我看過的來說，無職，re0，妹妹人生，異世界迷宮最深等，在某種程度上來說都有慘烈的一部分（感情上或者情節上都是），也沒有一定要轉生異世界，現實日常要是能描繪出這些來也很好了。
尤其那種男主能不斷被放置在痛苦或者恐懼之中，一邊流露出作者思考的文字的小說，再好不過。",c5cff50d-6c87-5617-a441-097f59f2c428,我和你有致命的認知差異,赤月驅矢,11.4,完結,"校園, 懸疑, 黑暗, 小學館, 日本輕小說",海里克也在保健室醒來。「我怎麼會在這裡？」根據校醫鏡司所言，似乎是從階梯跌落導致昏迷……但他自己完全不記得。克也在十歲時發生重大事故，失去雙親和記憶，只記得最近幾年的事。司提出的疑問「你會看見不該看見的東西嗎？」令克也在意不已。倒卧在販賣機旁的少女模樣；突如其來譴責克也的詛咒信；以及少女死亡的影像和奪走其性命的手指觸感。這些都是幻覺嗎？還是──★第五屆小學館輕小說大賞優秀賞得獎作！,3,使用者偏好「虐主」傾向的作品，希望男主角處於痛苦、恐懼或不利的情境中，且追求能讓心緒難以平靜的黑暗氛圍。推薦書籍標記為「黑暗」與「懸疑」，劇情涉及記憶喪失、死亡幻覺以及壓抑的校園環境，將主角置於混亂與不安的心理狀態中，高度契合使用者對心理壓力與沉重氛圍的需求。
q4,"由於自己的胃口比較獨特的原因，喜歡男主被拋置於各種不利的情節或者感情中，也是因為這樣，喜歡看那些讓人看完后心緒難以平靜的小說，就我看過的來說，無職，re0，妹妹人生，異世界迷宮最深等，在某種程度上來說都有慘烈的一部分（感情上或者情節上都是），也沒有一定要轉生異世界，現實日常要是能描繪出這些來也很好了。
尤其那種男主能不斷被放置在痛苦或者恐懼之中，一邊流露出作者思考的文字的小說，再好不過。",ec4b2dfd-eebd-5fbc-96c2-165373b0864e,暗祓,辻村深月,15.7,連載,"校園, 黑暗, 懸疑, 驚悚, 角川文庫, 日本輕小說",★直木賞得獎作者辻村深月首部本格恐怖推理長篇！★最近你總是為了小事而生氣或傷心嗎？那或許是暗袚的影響也說不定……然而您的身邊也必然存在著「黑暗騷擾」，請務必小心……我來驅邪除煞了。我不會讓你殺死這家人。「我們班的轉學生怪怪的……」轉學生白石要無法融入班上，班長澪善意幫助他，然而要卻對她做出詭異萬分的言行。像是突然問她：「我可以去妳家嗎？」或是在她家附近出沒……要不斷地做出脫序行為，讓澪恐懼萬分，向心儀的學長神原求助，沒想到——近在身邊的無名惡意不斷地增殖，鋪天蓋地而來。讓人不忍釋卷的娛樂大作！最終章，你所感受到的恐懼將會翻,1,使用者明確要求的是男主角被放置在痛苦、恐懼或不利情境中的「虐心」作品（如 Re:Zero 的受難感），重點在於角色承受的心理折磨與絕望感。而推薦的《暗祓》是一部本格恐怖推理小說，側重於營造懸疑氛圍與恐懼感，且從簡介來看，恐懼的對象更多是女性角色或對環境的不安，而非刻畫男主角的受難過程。雖然兩者都標榜「黑暗」，但性質完全不同，僅有表面上的氛圍重疊。
q4,"由於自己的胃口比較獨特的原因，喜歡男主被拋置於各種不利的情節或者感情中，也是因為這樣，喜歡看那些讓人看完后心緒難以平靜的小說，就我看過的來說，無職，re0，妹妹人生，異世界迷宮最深等，在某種程度上來說都有慘烈的一部分（感情上或者情節上都是），也沒有一定要轉生異世界，現實日常要是能描繪出這些來也很好了。
尤其那種男主能不斷被放置在痛苦或者恐懼之中，一邊流露出作者思考的文字的小說，再好不過。",55bb55cc-3b6d-5385-913e-cf2f3203b635,不哭不哭，痛痛飛走吧,三秋縋,12.7,完結,"輕文學, 懸疑, 犯罪, 復仇, 黑暗, 戀愛, 電擊文庫, 日本輕小說","「陪我一起愎仇吧！殺人兇手先生。」十天後,少女將會死去，而殺了她的人是我。在二十二歲那年秋天，孜然一身的我撞死了一個女生，成了殺人犯——本來應該是這樣，但被我殺死的少女將死亡的瞬間「延後」，她決心將這寶貴的十天，用來報復糟蹋她人生的那些人，然而，做為殺了她的代價，我必須協助她復仇。在一次次的復仇當中，我們不知不覺地接近了真相，接近隱藏在我們兩人邂逅背後的真相。那是一段既悲傷又溫暖的日子所留下的記憶，就是那天，我們——說再見的時候……",3,用戶的核心需求是男主角處於不利、痛苦或恐懼的環境中，且追求能帶來強烈情感衝擊（心緒難以平靜）的作品。推薦的小說設定為男主意外殺人並在死者死亡前的十天內協助其復仇，涉及黑暗、犯罪、悲傷等主題，且情節具有強烈的壓抑感與宿命論色彩，非常符合用戶對「慘烈」與「情感折磨」的偏好。
q4,"由於自己的胃口比較獨特的原因，喜歡男主被拋置於各種不利的情節或者感情中，也是因為這樣，喜歡看那些讓人看完后心緒難以平靜的小說，就我看過的來說，無職，re0，妹妹人生，異世界迷宮最深等，在某種程度上來說都有慘烈的一部分（感情上或者情節上都是），也沒有一定要轉生異世界，現實日常要是能描繪出這些來也很好了。
尤其那種男主能不斷被放置在痛苦或者恐懼之中，一邊流露出作者思考的文字的小說，再好不過。",1c8617bf-5f6f-55eb-b207-559585a64725,夢與罪惡的扎克厄彼斯,弗蘭茲·K,8.1,完結,"奇幻, 黑暗, 穿越, 冒險, 後宮, 原生幻想, 華文輕小說",這是一個充滿了荒誕與諷刺的故事。主角「權亦寧」在現實生活瀕臨絕望時，誤入了一個全新的世界，開始了一段全新的生活。隨之而來的，是能夠找到至親妹妹的希望，以及掙扎於這可怕世界的絕望。在這個新世界中，名為「詛咒」的神秘力量肆意剝奪人們的生命，人類必須對抗深淵之下的怪物，並從深淵中獲取賴以生存的資源。身為普通人的主角，將會在這個世界中開展一段怎樣的冒險，而這個世界中又蘊藏著怎樣的秘密。也許，答案出乎意料地簡單……,3,使用者明確表達喜歡男主處於痛苦、絕望或不利情境的「虐心」作品，追求心緒難平的感受。推薦書籍標記為「黑暗」，且簡介中多次提到「絕望」、「掙扎」以及「荒誕與諷刺」，其設定讓普通人處於可怕世界的絕望之中，非常符合使用者對慘烈情節與精神壓力的核心需求。
q4,"由於自己的胃口比較獨特的原因，喜歡男主被拋置於各種不利的情節或者感情中，也是因為這樣，喜歡看那些讓人看完后心緒難以平靜的小說，就我看過的來說，無職，re0，妹妹人生，異世界迷宮最深等，在某種程度上來說都有慘烈的一部分（感情上或者情節上都是），也沒有一定要轉生異世界，現實日常要是能描繪出這些來也很好了。
尤其那種男主能不斷被放置在痛苦或者恐懼之中，一邊流露出作者思考的文字的小說，再好不過。",da0b808b-3916-52e9-b936-a7edd2befe4c,Alone Together,本多孝好,11.9,完結,"黑暗, 其他文庫, 日本輕小說",如果你擁有一種力量，喚醒的不是愛，而是恐懼；得到的不是救贖，而是地獄……你怎麼辦？柳瀨只要集中注意力，他的腦波就像一面鏡子。越孤獨的人，越可以用意志來感受對方真正的想法，輟學的殺人嫌疑犯、憂鬱的家庭主婦、失業的中年男人……他儘力控制，壓抑這股力量，因為那些被隱藏的，醜陋不堪的內在，說出來，沒有人可以面對。柳瀨不清楚什麼時候開始會有這種天賦，是從父親自殺之後嗎？還是開始保護立花櫻之後？八卦雜誌社不斷糾纏想要扒糞寫獨家？然而為什麼當對方逼得越緊，柳瀨卻越發現黏附在自身的巨大秘密，要保護的立花櫻突然消失不見……柳瀨疑惑了，自己所擁有的能力，反而無法去探測身邊親近的人？獨特的力量，是把他推向醜陋、不堪的深淵？或是讓他因理解人性而能夠更溫柔面對這個世界……,3,用戶明確表示喜歡男主處於痛苦、恐懼或不利情境的黑暗系作品，並追求看完後心緒難以平靜的壓抑感。推薦書籍標記為「黑暗」，劇情涉及自殺、人性醜陋、深淵以及主角被推向絕望的心理描寫，且文字中帶有對人性的反思，完全符合用戶對「心理折磨」與「作者思考」的需求。
q5,"如題，想找像是overlord、無職這種，有龐大世界，多個國家部落，文化特色分明，歷史背景完整，沉浸感和史詩感強的小說，請問各位有沒有推薦的？希望是劍與魔法的世界，有多不同種族、魔物的那種（其實我不太確定這類型叫什麼，異世界感覺不太對，但叫奇幻又好像太廣泛了？

有很多web小說我都有看過，像是轉生成魔劍、轉生龍蛋、哥布林，他們雖然世界都足夠龐大，但是都有個web小說的通病，就是讀起來會有割裂感，無法讓人帶入那個世界中
而轉生蜘蛛雖然沒有那種割裂感，但是世界觀卻不太夠了，就只簡單分成教皇、妖精、魔王而已，希望能看到更多人類國家間的關係，還有更多魔物亞人種族的故事設定",0bed35bf-41a6-5c81-b6ad-affb9bb79a7b,杖與劍的魔劍譚 魔導紀事 －起始之淚－,大森藤野,11.6,完結,"奇幻, 冒險, 異世界, 魔法, 校園, GA文庫, 日本輕小說",「一起成為『至高五杖』，去看夕陽吧！」懷著兩人之間的約定，威爾與青梅竹馬艾爾法莉亞一同進入里加登魔法學院就讀。在那裡，他們遇見了各種各樣的魔導師。在此期間，艾爾法莉亞因其魔法才能受到認可，很快便收到了統領魔法世界的「塔」的招募。另一方面，威爾意識到自己毫無天賦，被迫與少女分離。陷入絕望的少年——握起了劍。「我要去『塔』……去艾爾菲那裡。」在舉起「杖」的魔法至上主義世界中，此刻，一個異端的「劍」發出了初啼之聲！由原作者親自描繪的人氣漫畫前傳，至高的小說化項目，正式啟動！,1,使用者明確要求具有龐大世界觀、多國文化特色、完整歷史背景以及強烈史詩感的作品（如Overlord、無職轉生），並強調希望看到複雜的人類國家關係與亞人種族設定。而推薦的作品《杖與劍的魔劍譚》從簡介來看，核心劇情集中在魔法學院、個人成長以及追求青梅竹馬的目標，屬於典型的校園/成長向奇幻，缺乏使用者所追求的「宏大世界建構」與「種族/國家政治」等史詩元素，僅在「劍與魔法」這一基本類型上相符。
q5,"如題，想找像是overlord、無職這種，有龐大世界，多個國家部落，文化特色分明，歷史背景完整，沉浸感和史詩感強的小說，請問各位有沒有推薦的？希望是劍與魔法的世界，有多不同種族、魔物的那種（其實我不太確定這類型叫什麼，異世界感覺不太對，但叫奇幻又好像太廣泛了？

有很多web小說我都有看過，像是轉生成魔劍、轉生龍蛋、哥布林，他們雖然世界都足夠龐大，但是都有個web小說的通病，就是讀起來會有割裂感，無法讓人帶入那個世界中
而轉生蜘蛛雖然沒有那種割裂感，但是世界觀卻不太夠了，就只簡單分成教皇、妖精、魔王而已，希望能看到更多人類國家間的關係，還有更多魔物亞人種族的故事設定",098b1283-9704-5fc7-86e3-6191a6e82e48,魔法製造者 ～異世界魔法的製作方法～,鏑木克樹,26.0,連載,"轉生, 異世界, 奇幻, 冒險, 魔法, 戀愛, MF文庫J, 日本輕小說",如果沒有魔法，那就自己創造！目標是成為異世界魔法的先鋒！懷抱著對魔法的憧憬死去的男子，醒來時發現自己竟然重生在異世界，成為名為希恩的嬰兒。對能在異世界使用魔法充滿期待的他，隨著成長卻得知，自己所處的世界竟然沒有魔法。陷入絕望的希恩，某天和姊姊瑪麗一同來到湖邊時，偶然目睹了一個「如同魔法般」的奇異現象——「還太早就放棄了。如果這個世界沒有魔法，那就自己創造出魔法！」希恩決定開始研究魔法，並在周圍人的幫助下，堅定不移地向前推進。飛舞的火焰、奔騰的閃電——這一切，都是為了實現前世對『魔法』的夢想！目標是成為異世界魔法的開創者!? 懷揣著浪漫的夢想，少年在異世界活出自己的傳奇！,1,用戶的核心需求是具有「龐大世界觀」、「多國政治博弈」、「深厚歷史背景」以及「強烈史詩感」的作品（如Overlord、無職轉生）。而推薦的《魔法製造者》重心在於主角在沒有魔法的世界中「開發與創造魔法」的個人成長過程，屬於典型的能力開發類輕小說，缺乏用戶所追求的世界廣度、種族文化深度以及宏大的史詩敘事感，僅在「異世界奇幻」這一大類上有所重疊。
q5,"如題，想找像是overlord、無職這種，有龐大世界，多個國家部落，文化特色分明，歷史背景完整，沉浸感和史詩感強的小說，請問各位有沒有推薦的？希望是劍與魔法的世界，有多不同種族、魔物的那種（其實我不太確定這類型叫什麼，異世界感覺不太對，但叫奇幻又好像太廣泛了？

有很多web小說我都有看過，像是轉生成魔劍、轉生龍蛋、哥布林，他們雖然世界都足夠龐大，但是都有個web小說的通病，就是讀起來會有割裂感，無法讓人帶入那個世界中
而轉生蜘蛛雖然沒有那種割裂感，但是世界觀卻不太夠了，就只簡單分成教皇、妖精、魔王而已，希望能看到更多人類國家間的關係，還有更多魔物亞人種族的故事設定",a54862cf-145d-54a5-882d-e4f194b47c4b,奧爾森王國史 ～野蠻的獸人之國如何燒毀和平的精靈之國～,樽見京一郎,52.2,連載,"奇幻, 冒險, 戰爭, 異能, 人外, 其他文庫, 日本輕小說",「槍與魔法」的時代。擁有以奧克族為首的多數魔種族的聯合國家奧克森，以及美麗精靈之國艾爾芬多。在歷史對立加深的兩國國境，獸人之王古斯塔夫與被趕出故國的黑暗精靈族長迪涅魯斯，完成了命運的邂逅……。和平的精靈之國被野蠻的獸人燒盡——顛覆這種「異世界幻想存在」常識的異世界戰記在此誕生！,3,推薦書籍符合使用者對「劍與魔法」以及「多種族（獸人、精靈）」的需求。標題明確提及「王國史」與「戰記」，且劇情聚焦於兩個國家的歷史對立與戰爭，這與使用者追求的龐大世界觀、國家間關係、歷史背景以及史詩感高度契合，且避開了簡單的勇者魔王設定。
q5,"如題，想找像是overlord、無職這種，有龐大世界，多個國家部落，文化特色分明，歷史背景完整，沉浸感和史詩感強的小說，請問各位有沒有推薦的？希望是劍與魔法的世界，有多不同種族、魔物的那種（其實我不太確定這類型叫什麼，異世界感覺不太對，但叫奇幻又好像太廣泛了？

有很多web小說我都有看過，像是轉生成魔劍、轉生龍蛋、哥布林，他們雖然世界都足夠龐大，但是都有個web小說的通病，就是讀起來會有割裂感，無法讓人帶入那個世界中
而轉生蜘蛛雖然沒有那種割裂感，但是世界觀卻不太夠了，就只簡單分成教皇、妖精、魔王而已，希望能看到更多人類國家間的關係，還有更多魔物亞人種族的故事設定",e012fb82-b760-52fe-ac73-2c64aabd4e7c,龍族,李榮道,156.9,完結,"奇幻, 冒險, 戰鬥, 異能, 人外, other, 韓國輕小說",《龍族》所設定的世界觀，在精靈、妖精、龍、矮人和魔法、武術以及各種種族間的和諧和摩擦描寫得靈動細膩，令人深思，在探討人類與生靈關係，討論著「人類本質」哲理，一反沉重乏味，其冒險驚險刺激，對話生動活潑，內容幽默風趣，對於國家和英雄有不一樣的看法，以第一人稱方式描寫，且隱藏伏筆，更令人拍案叫絕，建構一個精採的奇幻魅力世界！,3,該書設定包含精靈、龍、矮人等多種種族，且明確提到對不同種族間的摩擦、國家以及英雄有深入的描寫，符合使用者對「龐大世界觀」、「多種族/多國家」以及「劍與魔法世界」的需求。此外，介紹中強調其世界觀描寫靈動細膩，有望滿足使用者對於沉浸感及避免web小說割裂感的期望。
q4,"由於自己的胃口比較獨特的原因，喜歡男主被拋置於各種不利的情節或者感情中，也是因為這樣，喜歡看那些讓人看完后心緒難以平靜的小說，就我看過的來說，無職，re0，妹妹人生，異世界迷宮最深等，在某種程度上來說都有慘烈的一部分（感情上或者情節上都是），也沒有一定要轉生異世界，現實日常要是能描繪出這些來也很好了。
尤其那種男主能不斷被放置在痛苦或者恐懼之中，一邊流露出作者思考的文字的小說，再好不過。",daf20f25-4606-5f17-96a0-928b697c40bb,與你相伴直至腐朽未來,坊木椎哉,12.4,完結,"青春, 戀愛, 黑暗, 角川文庫, 日本輕小說",懷抱著各種隱情的人們聚集之處，是由被世界驅逐的人們所構築起來的小鎮──板切町。少年晴史日復一日從事收集垃圾和搬運屍體的工作，唯一能帶給他希望的就只有讀書，以及對一位專門靠繪製肖像畫拉客、名叫雫的女孩的淡淡愛戀。然而在被暮色籠罩、毫無希望的小鎮，少年微小的戀情卻不被允許……在絕望世界裡相遇的少年與少女所編織出的終極之愛究竟是？,3,用戶的核心需求是男主處於不利情節、承受痛苦、絕望且能帶來情緒衝擊的「慘烈」作品。推薦的小說設定在被世界驅逐、毫無希望的絕望小鎮，男主從事搬運屍體等底層工作，且其微小的戀情不被允許，整體基調黑暗且充滿壓抑感，與用戶追求的「男主被放置在痛苦/恐懼中」以及「心緒難平」的意圖高度吻合。
q5,"如題，想找像是overlord、無職這種，有龐大世界，多個國家部落，文化特色分明，歷史背景完整，沉浸感和史詩感強的小說，請問各位有沒有推薦的？希望是劍與魔法的世界，有多不同種族、魔物的那種（其實我不太確定這類型叫什麼，異世界感覺不太對，但叫奇幻又好像太廣泛了？

有很多web小說我都有看過，像是轉生成魔劍、轉生龍蛋、哥布林，他們雖然世界都足夠龐大，但是都有個web小說的通病，就是讀起來會有割裂感，無法讓人帶入那個世界中
而轉生蜘蛛雖然沒有那種割裂感，但是世界觀卻不太夠了，就只簡單分成教皇、妖精、魔王而已，希望能看到更多人類國家間的關係，還有更多魔物亞人種族的故事設定",cbc17656-270f-50e7-94fc-254760904fd1,不要再發獃了，請認真戰鬥！！！,喪布萊,34.3,連載,"冒險, 戰鬥, 奇幻, 魔法, 異世界, 原生幻想, 華文輕小說",「你有著詛咒...」這時少女可能無法相信，對她來說這簡短的一句話改變了這世上所有人的命運。「神明」們之間惡劣的互相殘殺告一段落，人們迎來了短暫的和平時光。在這珍貴的和平之下隱藏的是因過去留下的無數悲劇與一場又一場的精彩的故事。人們相信那些扭曲的回憶已經成為過去式，無數的人們選擇只為自己而活。戰鬥、冒險、奇蹟、與魔法在這樣的世界裡，只有真正的英雄才配在故事中留下自己的名字。舊時代的殘黨們蠢蠢欲動，信仰神的使徒正尋找著醒神的方法，為戰爭而活的「人」尋找起了新的戰爭，在這個和平卻又充滿危機的世界裡究竟會誕生怎樣的英雄呢？您能來一起見證嗎？,1,用戶的核心需求是具有極高沉浸感、龐大世界觀、詳細國家政治關係與深厚歷史底蘊的史詩奇幻作品（如《Overlord》、《無職轉生》）。推薦的小說雖然符合「劍與魔法」的設定，但從簡介來看，其重點在於冒險、戰鬥與英雄故事，缺乏對「多國文化」、「種族設定」或「複雜世界觀」的具體描述，更像是一部傳統的輕小說冒險劇，而非用戶追求的深厚世界觀建構作品。
q5,"如題，想找像是overlord、無職這種，有龐大世界，多個國家部落，文化特色分明，歷史背景完整，沉浸感和史詩感強的小說，請問各位有沒有推薦的？希望是劍與魔法的世界，有多不同種族、魔物的那種（其實我不太確定這類型叫什麼，異世界感覺不太對，但叫奇幻又好像太廣泛了？

有很多web小說我都有看過，像是轉生成魔劍、轉生龍蛋、哥布林，他們雖然世界都足夠龐大，但是都有個web小說的通病，就是讀起來會有割裂感，無法讓人帶入那個世界中
而轉生蜘蛛雖然沒有那種割裂感，但是世界觀卻不太夠了，就只簡單分成教皇、妖精、魔王而已，希望能看到更多人類國家間的關係，還有更多魔物亞人種族的故事設定",ed2d6280-1b19-543c-ae93-8454d3dfca83,重生者的魔法一定要特別,유소난,1.0,連載,"奇幻, 冒險, 轉生, 校園, 後宮, 魔法, 戰鬥, 異世界, other, 韓國輕小說",「現在我回來了，我不會再讓我愛的人再次死去！」暗影迷宮——人類歷史上最具毀滅性的存在。戴基爾·阿曼德是人類剩下的六名倖存者之一。這六人試圖通過迷宮的最後一關，但最終失敗，世界也隨之結束。然而——當戴基爾以為自己將迎來末日時，眼前顯現的是……十三年前的世界?!戴基爾回到了過去，回到了他入讀國內最頂尖的魔法學院——哈夫里昂的時候。他與他珍貴的朋友們重聚了，並準備改變過去，以拯救世界和他愛的人們…！距離暗影世界的出現還剩三年！改變過去，集結強大的夥伴來拯救人類！,1,使用者明確要求具有龐大世界觀、分明文化特色、完整歷史背景以及強烈史詩感的小說（如 Overlord、無職轉生），並特別排斥世界觀過於簡單或具有網文割裂感的作品。推薦的書籍《重生者的魔法一定要特別》核心設定為「回歸過去」與「學院生活」，重點在於拯救愛人與對抗特定迷宮，缺乏使用者所追求的宏大地理政治格局、多種族文化交織以及深厚的史詩沉浸感，僅在魔法奇幻的大類別上重疊。
q5,"如題，想找像是overlord、無職這種，有龐大世界，多個國家部落，文化特色分明，歷史背景完整，沉浸感和史詩感強的小說，請問各位有沒有推薦的？希望是劍與魔法的世界，有多不同種族、魔物的那種（其實我不太確定這類型叫什麼，異世界感覺不太對，但叫奇幻又好像太廣泛了？

有很多web小說我都有看過，像是轉生成魔劍、轉生龍蛋、哥布林，他們雖然世界都足夠龐大，但是都有個web小說的通病，就是讀起來會有割裂感，無法讓人帶入那個世界中
而轉生蜘蛛雖然沒有那種割裂感，但是世界觀卻不太夠了，就只簡單分成教皇、妖精、魔王而已，希望能看到更多人類國家間的關係，還有更多魔物亞人種族的故事設定",ee1586e1-8c51-5532-9699-eedccd36a73a,記錄的地平線,橙乃麻麻理,175.9,連載,"轉生, 奇幻, 戰鬥, 經營, 鬥智, 後宮, Fami通文庫, 日本輕小說",這裡是遊戲的世界嗎？抑或是——異世界!?3萬名日本玩家，受困於歷史悠久的在線遊戲——「幻境神話」的世界！與怪物的戰鬥、失去味道的食物、絕對不會死亡的際遇。直到昨天還只是遊戲的「劍與魔法之世界」，從今天起成為「現實世界」。在混亂的局勢之中，自負為獨行俠的城惠，即將與老友直繼以及美少女刺客曉，從廢墟城市「秋葉原」改革這個世界！,3,該作品以極其詳盡的世界觀設定著稱，特別是在社會結構、政治外交以及「原住民」與「玩家」之間的文化衝突與融合方面，完全符合使用者對於「多個國家/部落」、「文化特色分明」以及「人類國家間關係」的需求。此外，其邏輯嚴密且設定完整，能有效避免使用者提到的web小說割裂感，具有很強的沉浸感。
q5,"如題，想找像是overlord、無職這種，有龐大世界，多個國家部落，文化特色分明，歷史背景完整，沉浸感和史詩感強的小說，請問各位有沒有推薦的？希望是劍與魔法的世界，有多不同種族、魔物的那種（其實我不太確定這類型叫什麼，異世界感覺不太對，但叫奇幻又好像太廣泛了？

有很多web小說我都有看過，像是轉生成魔劍、轉生龍蛋、哥布林，他們雖然世界都足夠龐大，但是都有個web小說的通病，就是讀起來會有割裂感，無法讓人帶入那個世界中
而轉生蜘蛛雖然沒有那種割裂感，但是世界觀卻不太夠了，就只簡單分成教皇、妖精、魔王而已，希望能看到更多人類國家間的關係，還有更多魔物亞人種族的故事設定",2c672d1c-f704-522d-b46e-d9b23ce3b39d,轉生貴族的異世界冒險錄,夜州,155.6,連載,"轉生, 魔法, 冒險, 龍傲天, 後宮, syosetu, Web輕小說",為了保護青梅竹馬的妹妹而被歹徒刺死的椎名和也，作為貴族的第三子凱因，轉生到了夢寐以求的劍與魔法的世界。這個世界的習俗是在五歲的時候進行神明的加護禮。結果加護的神力過於龐大，超界限的神力所孕育的是……,1,使用者明確要求具有龐大世界觀、深厚歷史背景、文化特色分明且具有史詩感的作品（如Overlord、無職），並排斥缺乏沉浸感的典型網文風格。而推薦的《轉生貴族的異世界冒險錄》屬於典型的「龍傲天」龍傲天爽文，重點在於主角的強大與後宮，世界觀設定較為單薄且generic，缺乏使用者追求的政治博弈、種族文化深度與史詩感，僅在「劍與魔法」與「轉生」這兩個表面標籤上符合，完全不符合其核心需求。
q5,"如題，想找像是overlord、無職這種，有龐大世界，多個國家部落，文化特色分明，歷史背景完整，沉浸感和史詩感強的小說，請問各位有沒有推薦的？希望是劍與魔法的世界，有多不同種族、魔物的那種（其實我不太確定這類型叫什麼，異世界感覺不太對，但叫奇幻又好像太廣泛了？

有很多web小說我都有看過，像是轉生成魔劍、轉生龍蛋、哥布林，他們雖然世界都足夠龐大，但是都有個web小說的通病，就是讀起來會有割裂感，無法讓人帶入那個世界中
而轉生蜘蛛雖然沒有那種割裂感，但是世界觀卻不太夠了，就只簡單分成教皇、妖精、魔王而已，希望能看到更多人類國家間的關係，還有更多魔物亞人種族的故事設定",4c8cbd00-3063-5c6a-9a9f-0de0b7faaff5,白色帝國,犬村小六,32.7,連載,"奇幻, 冒險, 異世界, 魔法, 戰爭, 戀愛, 小學館, 日本輕小說",這是一部犬村筆下的幻想戰記巔峰之作！「所有色彩重疊在一起，就會變成白色。而我想要創造的，是一個所有種族融為一體的『白之國』。」在各族爭鬥不休的葡萄海上，貓耳族「米尼亞」統治的加特蘭王國第二王子托托·加特蘭，某天與被敵對勢力黑玫瑰騎士團送來的少女人質阿爾忒彌西亞相遇。起初，阿爾忒彌西亞緊閉心扉，但在托托和他的夥伴們的真誠相待下，她逐漸展露笑顏。然而，人類與米尼亞族之間的歧視根深蒂固，即便托托和阿爾忒彌西亞心生淡淡情愫，也無法逃脫殘酷命運的降臨……穿戴鎧甲的騎士指揮著大軍，帆船艦隊覆蓋海面；手握象徵「仁」「義」「禮」「智」「忠」「信」「孝」「悌」的聖珠的八劍士；轟鳴的瘴氣機關兵；飛行於高度500米限制內「浮游圈」的空艦隊——從《某飛行員》系列到《螺旋歌劇》，犬村小六以其無與倫比的文筆，勾勒出從未有人見過的戰場與愛情故事。「無論何時，無論何地，無論全世界都與你為敵，我都將成為守護你的盾。」這是一部獨一無二的正統幻想戰記，盛大開幕。,3,該書符合使用者對「劍與魔法」、「多種族」、「龐大世界觀」以及「史詩感」的需求。書中描述了多族群爭鬥的葡萄海、具有特定文化設定的聖珠八劍士、以及詳細的軍事體系（空艦隊、機關兵），展現出較強的世界觀構建能力，且強調是「正統幻想戰記」，能滿足使用者希望擺脫一般Web小說割裂感、追求沉浸感與種族政治衝突的需求。
q5,"如題，想找像是overlord、無職這種，有龐大世界，多個國家部落，文化特色分明，歷史背景完整，沉浸感和史詩感強的小說，請問各位有沒有推薦的？希望是劍與魔法的世界，有多不同種族、魔物的那種（其實我不太確定這類型叫什麼，異世界感覺不太對，但叫奇幻又好像太廣泛了？

有很多web小說我都有看過，像是轉生成魔劍、轉生龍蛋、哥布林，他們雖然世界都足夠龐大，但是都有個web小說的通病，就是讀起來會有割裂感，無法讓人帶入那個世界中
而轉生蜘蛛雖然沒有那種割裂感，但是世界觀卻不太夠了，就只簡單分成教皇、妖精、魔王而已，希望能看到更多人類國家間的關係，還有更多魔物亞人種族的故事設定",4495df40-f7ee-5dd6-a710-63b03cceb8fe,狗與魔法的奇幻世界,田中羅密歐,13.3,完結,"奇幻, 魔法, 冒險, 小學館, 日本輕小說",「劍與魔法的大冒險」早已成為久遠的過去。曾經，偉大的始祖文明為大地帶來了繁榮。而後毀滅了。曾經，有過充滿了劍與冒險與神秘的時代。而後衰退了。如今，「新大陸」無比的和平。夢想著未曾有人踏足的大地，年輕人們外出冒險——這種陳年往事早已落後於這個時代了。現在的年輕人的夢想是——順利找到工作。主人公——鈦坦為了找到可以一生高枕無憂的宮廷工作，現在四處求職中。然而卻屢屢碰壁意氣消沉。名為健宇莫的中年男性出現在悲慘的鈦坦面前的，勸誘他踏上冒險的歧途。然而，現在早已不流行當冒險者了，因為填不飽肚子。健宇莫不停地說著「你有當冒險者的才能的」對鈦坦糾纏不休，鈦坦只好四處逃竄……,1,使用者明確要求具有「龐大世界觀」、「史詩感」以及「複雜國家與文化關係」的作品（如 Overlord、無職轉生）。而推薦的書籍《狗與魔法的奇幻世界》從簡介來看，走的是反諷或日常路線（描述冒險者沒落、年輕人追求穩定工作），缺乏使用者渴望的宏大敘事與政治格局，僅在「劍與魔法」的基礎設定上有所重疊，與核心意圖不符。
q5,"如題，想找像是overlord、無職這種，有龐大世界，多個國家部落，文化特色分明，歷史背景完整，沉浸感和史詩感強的小說，請問各位有沒有推薦的？希望是劍與魔法的世界，有多不同種族、魔物的那種（其實我不太確定這類型叫什麼，異世界感覺不太對，但叫奇幻又好像太廣泛了？

有很多web小說我都有看過，像是轉生成魔劍、轉生龍蛋、哥布林，他們雖然世界都足夠龐大，但是都有個web小說的通病，就是讀起來會有割裂感，無法讓人帶入那個世界中
而轉生蜘蛛雖然沒有那種割裂感，但是世界觀卻不太夠了，就只簡單分成教皇、妖精、魔王而已，希望能看到更多人類國家間的關係，還有更多魔物亞人種族的故事設定",0fe3c3fb-314d-5950-a80a-7f7f36db55da,幕末魔法士-Mage Revolution-,田名部宗司,11.8,完結,"奇幻, 魔法, 冒險, 戀愛, 電擊文庫, 日本輕小說",一本魔導書隱藏了無窮的黑暗。以動盪的時代作為舞台展開的幕府末期奇幻冒險！時值幕末──就讀大阪適塾的少女洋學者兼魔法士──久世伊織，奉塾長之命，前往出雲國松江藩翻譯某本魔導書。然而那本魔導書中記載的，竟是造成亡父失勢的原因，亦即古代「大崩壞」時失傳的技術──魔法金屬祕銀燒煉爐……伊織著手翻譯之後，面臨了村民失蹤、攘夷志士來襲及魔法士金森鳶巢遇刺等種種謎團。在伊織的追查之下，隱藏於燒煉祕銀之後的無窮黑暗逐漸水落石出……轉自輕之國度,1,用戶明確要求的是具有龐大世界觀、多國度/部落、種族多樣性且具有史詩感的劍與魔法奇幻世界（如 Overlord 或無職轉生）。而推薦的書籍《幕末魔法士》是以日本幕末時期的歷史為背景的奇幻冒險，雖然包含魔法元素，但設定重心在於特定歷史時期的日本，而非用戶追求的那種多元種族、多國政治交織的高奇幻（High Fantasy）世界，與用戶的核心需求不符。
q5,"如題，想找像是overlord、無職這種，有龐大世界，多個國家部落，文化特色分明，歷史背景完整，沉浸感和史詩感強的小說，請問各位有沒有推薦的？希望是劍與魔法的世界，有多不同種族、魔物的那種（其實我不太確定這類型叫什麼，異世界感覺不太對，但叫奇幻又好像太廣泛了？

有很多web小說我都有看過，像是轉生成魔劍、轉生龍蛋、哥布林，他們雖然世界都足夠龐大，但是都有個web小說的通病，就是讀起來會有割裂感，無法讓人帶入那個世界中
而轉生蜘蛛雖然沒有那種割裂感，但是世界觀卻不太夠了，就只簡單分成教皇、妖精、魔王而已，希望能看到更多人類國家間的關係，還有更多魔物亞人種族的故事設定",bac53633-c041-585f-a857-c6ce667a7016,從零開始的魔法書,虎走かける,120.6,完結,"奇幻, 魔法, 戰鬥, 冒險, 戀愛, 電擊文庫, 日本輕小說",教會歷526年──世界上有魔女及「魔術」的存在；然而，這個世界卻還未知「魔法」之名。在這樣的時代，有個被輕蔑稱作「墮獸人」的半人半獸傭兵。每天都夢想著能夠變成人類的他，因為一個魔女而徹底改變了崎嶇的命運。「──想變回人類嗎？那麼傭兵，你就成為吾的護衛吧。」自稱零的魔女，說是為了尋訪一本被不知名人士偷走的魔法書《零之書》，而正在旅程的途中。傭兵以讓自己變成人類的姿態為條件，接下了保護自己深惡痛絕的魔女的護衛工作。圍繞著禁忌的魔法書，縱橫交錯的謀略盤算，魔女與獸人的魔法奇幻故事展開！,2,該作品符合用戶對「劍與魔法」以及「多種族（如獸人、魔女）」的要求，且由於是正式出版的輕小說，在敘事完整度上較能避免用戶擔心的 web 小說割裂感。然而，從介紹來看，其故事核心更偏向於角色間的旅程與個人成長，在「龐大世界觀」、「多國政治體系」以及「史詩感」的規模上，可能無法完全達到與《Overlord》或《無職轉生》同等級別的深度與廣度。
q5,"如題，想找像是overlord、無職這種，有龐大世界，多個國家部落，文化特色分明，歷史背景完整，沉浸感和史詩感強的小說，請問各位有沒有推薦的？希望是劍與魔法的世界，有多不同種族、魔物的那種（其實我不太確定這類型叫什麼，異世界感覺不太對，但叫奇幻又好像太廣泛了？

有很多web小說我都有看過，像是轉生成魔劍、轉生龍蛋、哥布林，他們雖然世界都足夠龐大，但是都有個web小說的通病，就是讀起來會有割裂感，無法讓人帶入那個世界中
而轉生蜘蛛雖然沒有那種割裂感，但是世界觀卻不太夠了，就只簡單分成教皇、妖精、魔王而已，希望能看到更多人類國家間的關係，還有更多魔物亞人種族的故事設定",66752c55-e418-596c-868b-d4038f7e4b22,離開A級隊伍的我，和從前的弟子往迷宮深處邁進,右薙光介,48.9,完結,"奇幻, 冒險, 異世界, 復仇, 魔法, 後宮, syosetu, Web輕小說",「我不幹了！」赤魔道士尤克說了這句話後，就此離開待了５年的Ａ級隊伍『雷霆之矛(thunder pike)』。即使被嘲笑是『打雜的』、『食錢蟲』、『泛而不精』，仍舊努力持續著冒險者生活，但此時終於忍無可忍了。為了尋找新的隊伍而前往冒險者公會的尤克，遇到了過去的學生瑪麗娜。尤克就這樣被邀請，加入了全都是女孩子的新手隊伍。在攻略迷宮的過程中察覺到尤克的實力。實際上，尤克所施展的魔法和技能有著超乎尋常的力量！另一方面，失去了尤克的強力支援，『雷霆之矛』的委託接連失敗，新成員也紛紛離開隊伍。被逼得走投無路的他們，計畫將因『冒險配信』而逐漸成名的尤克挖角回隊伍。並非追放系而是脫離系的主人公，以追求幸福結局為目標的冒險配信幻想，就此展開！,1,使用者明確要求具有龐大世界觀、深厚歷史背景、文化特色分明且具備史詩感的作品（如Overlord、無職轉生），並特別提到想避開缺乏沉浸感的典型Web小說風格。而推薦的書籍是典型的「追放系」輕小說，重點在於主角被低估後的反擊與後宮冒險，缺乏對世界觀、國家政治或文化深度設定的描述，完全不符合使用者對「史詩感」與「完整世界建構」的需求。
q5,"如題，想找像是overlord、無職這種，有龐大世界，多個國家部落，文化特色分明，歷史背景完整，沉浸感和史詩感強的小說，請問各位有沒有推薦的？希望是劍與魔法的世界，有多不同種族、魔物的那種（其實我不太確定這類型叫什麼，異世界感覺不太對，但叫奇幻又好像太廣泛了？

有很多web小說我都有看過，像是轉生成魔劍、轉生龍蛋、哥布林，他們雖然世界都足夠龐大，但是都有個web小說的通病，就是讀起來會有割裂感，無法讓人帶入那個世界中
而轉生蜘蛛雖然沒有那種割裂感，但是世界觀卻不太夠了，就只簡單分成教皇、妖精、魔王而已，希望能看到更多人類國家間的關係，還有更多魔物亞人種族的故事設定",039f3965-7a67-5ef2-b292-bcbbadcbf30b,阿爾比恩傳說：登陸,彼得·紐曼,17.2,完結,"奇幻, 冒險, 異世界, other, Web輕小說",阿爾比恩——迷霧與神秘之地，人類曾在此如同神祇般存在。然而，這些神祇本身也並不完美，他們將自身的力量彼此傾軋，血流成河，催生出原本不應存在的可怖之物。巨人們與惡魔在此爭鬥，為了世界的命運展開激烈搏殺。最終，在戰鬥達到頂峰之際，一道偉力自虛空伸出，將阿爾比恩從世間抹去。一千餘年來，阿爾比恩隱匿於人世之外，無人能窺其真貌。直到某一日，遮蔽其地的濃霧漸漸散去，舊世界的國王派遣了一支由流亡者與冒險者組成的隊伍，前往探查與開拓。起初，他們不斷傳回關於奇蹟與財富的消息，但某一刻，所有音訊戛然而止。如今，一支新的船隊即將啟航——七艘帆船駛向神秘的阿爾比恩。船上的船員與船長們，各有各的理由去冒險，有的是投機者，有的是渴望新生的流亡者。然而，過往的罪惡並不易被拋下；權力與魔法的誘惑，早在踏足彼岸之前便悄然織成魔網。在船隊尚未抵達阿爾比恩時，舊日恩怨已在暗中醞釀，而後，在猝不及防間，一艘船將火力對準了同伴……,3,該作品具備深厚的歷史背景（關於阿爾比恩失落千年的設定）、劍與魔法的奇幻世界觀，且提及巨人、惡魔等多元種族。劇情聚焦於開拓探險、權力鬥爭與舊日恩怨，符合使用者對「史詩感」、「沉浸感」以及「完整歷史背景」的需求，且敘事基調較為嚴肅，能有效對接使用者想避開「網文割裂感」的偏好。
q5,"如題，想找像是overlord、無職這種，有龐大世界，多個國家部落，文化特色分明，歷史背景完整，沉浸感和史詩感強的小說，請問各位有沒有推薦的？希望是劍與魔法的世界，有多不同種族、魔物的那種（其實我不太確定這類型叫什麼，異世界感覺不太對，但叫奇幻又好像太廣泛了？

有很多web小說我都有看過，像是轉生成魔劍、轉生龍蛋、哥布林，他們雖然世界都足夠龐大，但是都有個web小說的通病，就是讀起來會有割裂感，無法讓人帶入那個世界中
而轉生蜘蛛雖然沒有那種割裂感，但是世界觀卻不太夠了，就只簡單分成教皇、妖精、魔王而已，希望能看到更多人類國家間的關係，還有更多魔物亞人種族的故事設定",e32da9ec-3e25-581a-9fe9-461a6685354d,銀月之書,枯野瑛,56.7,完結,"奇幻, 魔法, 戰鬥, 冒險, 戀愛, 富士見文庫, 日本輕小說",這是個騎士與公主的浪漫故事已經遠去。大陸被蒸汽機與槍炮所支配的時代。普通學生流卡·艾路蒙特與一位少女的相遇，引出了隱藏在歷史背後的不死魔法使間的鬥爭。纏繞著過去的藤蔓，延伸至今。早已種下種子，在利劍貫穿心臟的一刻，開始成長。傳說與現實交集而過。厭倦了漫長旅途的公主，在燃盡一切的火焰中離去。唯有不變的銀月，始終在天空注視。壞魔女被打倒，大家從此幸福地生活著……——所有故事，從這一頁拉開序幕。,1,使用者明確要求具有龐大世界觀、多個國家與部落、文化特色分明且種族多樣的史詩感作品（如 Overlord、無職轉生）。而《銀月之書》的設定傾向於蒸汽機與槍炮時代的奇幻故事，重點在於特定的不死魔法使鬥爭與個人情感，並未體現出使用者所追求的宏大地理政治格局、多種族共存的社會設定或深厚的史詩感，僅在「魔法/奇幻」這一大類別上有所重疊。
q5,"如題，想找像是overlord、無職這種，有龐大世界，多個國家部落，文化特色分明，歷史背景完整，沉浸感和史詩感強的小說，請問各位有沒有推薦的？希望是劍與魔法的世界，有多不同種族、魔物的那種（其實我不太確定這類型叫什麼，異世界感覺不太對，但叫奇幻又好像太廣泛了？

有很多web小說我都有看過，像是轉生成魔劍、轉生龍蛋、哥布林，他們雖然世界都足夠龐大，但是都有個web小說的通病，就是讀起來會有割裂感，無法讓人帶入那個世界中
而轉生蜘蛛雖然沒有那種割裂感，但是世界觀卻不太夠了，就只簡單分成教皇、妖精、魔王而已，希望能看到更多人類國家間的關係，還有更多魔物亞人種族的故事設定",61c64463-e964-5689-b5dd-ff7ad079f7fa,迷宮廢柴勇者,イワトオ,107.4,連載,"奇幻, 冒險, 異世界, 魔法, 戰鬥, 人外, kakuyomu, Web輕小說",被抓走並淪為「債權奴隸」的少年，被迫踏入被稱為「惡意迷宮」的地下城。昏暗的洞窟、逼人的魔物、甚至三隻大老鼠都能讓隊伍瀕臨全滅。唯一一發火球、唯一一次治療——資源匱乏到近乎絕望。而他們拚死換來的，卻只是一頂破爛的皮帽——這場從最底層開始的冒險，才剛剛拉開序幕。,1,使用者明確要求具有龐大世界觀、多國政治關係、深厚歷史背景及史詩感的作品（如Overlord、無職轉生）。而推薦的書籍《迷宮廢柴勇者》從簡介來看，核心聚焦於「迷宮探索」與「生存掙扎」，屬於典型的地下城冒險類故事，缺乏使用者所追求的宏大世界建構與國家間的文化/政治衝突，與核心需求不符。
q5,"如題，想找像是overlord、無職這種，有龐大世界，多個國家部落，文化特色分明，歷史背景完整，沉浸感和史詩感強的小說，請問各位有沒有推薦的？希望是劍與魔法的世界，有多不同種族、魔物的那種（其實我不太確定這類型叫什麼，異世界感覺不太對，但叫奇幻又好像太廣泛了？

有很多web小說我都有看過，像是轉生成魔劍、轉生龍蛋、哥布林，他們雖然世界都足夠龐大，但是都有個web小說的通病，就是讀起來會有割裂感，無法讓人帶入那個世界中
而轉生蜘蛛雖然沒有那種割裂感，但是世界觀卻不太夠了，就只簡單分成教皇、妖精、魔王而已，希望能看到更多人類國家間的關係，還有更多魔物亞人種族的故事設定",f81d8654-47cb-5b70-81c3-5a838b2de2e8,轉生成了註定死亡的惡役千金的哥哥，想要養育妹妹改變未來 ～世界最強雖然是我、但世界最可愛的一定是妹妹～,泉里侑希,33.9,連載,"異世界, 妹妹, 後宮, 龍傲天, 奇幻, 冒險, 轉生, 遊戲, 戰鬥, 戀愛, 魔法, 校園, 其他文庫, 日本輕小說",我——澤克斯有一個妹妹。她叫卡蘿萊茵，有著美麗的金髮紅眼，是個非常可愛的女孩。可以毫不誇張地說，她是世界上最可愛的女孩子，她的笑容絕對可以被稱為天使。雖然她是我疼愛得不得了的妹妹，但實際上她已經被命運註定要死去。 這個世界與前世的遊戲《東西勇聖記》這款戀愛遊戲相似，在遊戲中，卡蘿萊茵作為主角聖女的對手——反派大小姐登場。而且，無論在哪條路線中，她都會遭遇非命。最愛的妹妹要死？ 難道我應該接受這種不合理的未來嗎？不，絕對不行！因此，我決定對抗命運。 拋開遊戲劇情，我要好好地培養妹妹，用蠻力扭轉眾多的死亡flag。 相信在這之後，我和卡蘿萊茵會有一個光明的未來。這是一個為了保護妹妹而變得最強的我，和世界上最可愛的妹妹卡蘿萊茵的故事。※有與偽娘角色的戀愛描寫。※雖然關鍵詞中有乙女遊戲，但這方面的元素可能比較少。,1,用戶明確要求具有龐大世界觀、深厚歷史背景、多國文化特色以及強烈史詩感的奇幻作品（如 Overlord 或無職轉生），並強調厭惡缺乏沉浸感的輕小說模式。而推薦的書籍是一部典型的「惡役千金/拯救妹妹」類輕小說，核心在於角色關係與遊戲劇情的旗標扭轉，而非世界觀的宏大構建或地緣政治描述，完全不符合用戶對「史詩感」和「深厚世界設定」的需求。
q5,"如題，想找像是overlord、無職這種，有龐大世界，多個國家部落，文化特色分明，歷史背景完整，沉浸感和史詩感強的小說，請問各位有沒有推薦的？希望是劍與魔法的世界，有多不同種族、魔物的那種（其實我不太確定這類型叫什麼，異世界感覺不太對，但叫奇幻又好像太廣泛了？

有很多web小說我都有看過，像是轉生成魔劍、轉生龍蛋、哥布林，他們雖然世界都足夠龐大，但是都有個web小說的通病，就是讀起來會有割裂感，無法讓人帶入那個世界中
而轉生蜘蛛雖然沒有那種割裂感，但是世界觀卻不太夠了，就只簡單分成教皇、妖精、魔王而已，希望能看到更多人類國家間的關係，還有更多魔物亞人種族的故事設定",1e237d5c-d6d0-54e3-9036-4b4414df62e0,我殺了學院玩家,사람살려,7.1,連載,"戀愛, 校園, 病嬌, 後宮, 奇幻, 冒險, 轉生, 魔法, 戰鬥, 異世界, webnovel, 韓國輕小說",某天，我進入了曾經玩過的遊戲世界，和遊戲主角樸時厚一起攜手打天下，但隨著故事走向偏移、重要角色離奇失蹤等，我才意外發現他的真面目—是個只為累積經驗值而不擇手段、不折不扣的殺人變態！為了拯救世界和平，我殺了他.取代他成為了主角！往後的我該怎麼做，才能讓遊戲走向完美結局呢？,1,使用者明確要求具有龐大世界觀、深厚歷史背景、多國文化衝突且具史詩感的作品（如Overlord、無職轉生），並排斥缺乏沉浸感的網文風格。而推薦的作品《我殺了學院玩家》屬於典型的「學院流」與「遊戲轉生」設定，核心在於校園、後宮與取代主角的劇情，缺乏使用者渴求的宏大世界設定與政治/種族深度，僅在「奇幻/魔法」這類標籤上有表面重疊。
q6,很喜歡看戰爭或戰記類型的小說，不要有魔法一發收拾或莫名其妙的神器，也別機械降神，主角可以強但不要把對手變白癡，暑假到了求書來啃，斷尾或沒完結也沒關係。,c610eb0b-932b-502d-a02a-883027de66e1,無名戰記,吖撈,9.6,連載,"戀愛, 後宮, 戰爭, 原生幻想, 華文輕小說",漫長的戰爭早已使我麻木，本以為自己的生命會終結在某一場沒有名字的戰役，但是那個白髮魔女的出現，不僅僅打亂了戰爭進程，也把我的命運軌跡徹底打亂——被任命為女巫部隊的教官，我究竟能和她們一起走到多遠呢。,1,使用者明確要求避免「魔法一發收拾」且傾向於嚴肅的戰記類小說。推薦書籍雖然含有「戰爭」標籤，但其「後宮」、「戀愛」以及「女巫部隊」的設定顯示其為典型的輕小說幻想風格，與使用者追求的非機械降神、無莫名神器且不將對手白癡化的正經戰記需求相去甚遠，僅在「戰爭」主題上有表面重疊。
q6,很喜歡看戰爭或戰記類型的小說，不要有魔法一發收拾或莫名其妙的神器，也別機械降神，主角可以強但不要把對手變白癡，暑假到了求書來啃，斷尾或沒完結也沒關係。,544e9cce-ccc9-5293-a463-729678dd374e,記錄者旁白——騎士團戰記,許家球,6.8,完結,"戰爭, 鬥智, 原生幻想, 華文輕小說",基於歐洲中世紀的幻想背景，純腦補寫出來的快節奏爽文。一個傭兵團首領，一步步統一大陸打造空前盛世，混雜著許多戰爭與權謀的歷險實錄。目的純粹是娛樂，希望讀者能喜歡。,3,使用者希望尋找重視策略、無機械降神且對手不白癡的戰爭/戰記小說。推薦書籍的主題為騎士團戰記，且標記有「戰爭」與「鬥智」，內容涉及傭兵團統一大陸的戰爭與權謀，高度符合使用者對題材與智鬥的需求。
q6,很喜歡看戰爭或戰記類型的小說，不要有魔法一發收拾或莫名其妙的神器，也別機械降神，主角可以強但不要把對手變白癡，暑假到了求書來啃，斷尾或沒完結也沒關係。,64f07312-ef4a-55c9-8095-72f8c76ad2a6,幼女戰記,カルロ·ゼン,238.1,連載,"轉生, 性轉, 戰爭, Fami通文庫, 日本輕小說",有著金髮碧眼與白皙肌膚的幼女翱翔天際，殘忍無情地擊墜敵軍。以幼女口齒不清的語調指揮大軍的她，名叫譚雅·提古雷查夫。然而她的真實身分，則是在神的失控下轉生成為幼女的菁英上班族。把效率與出人頭地看得比什麼都還重要的幼女提古雷查夫，逐漸成為帝國軍魔導師當中最危險的存在——,2,本書雖然包含魔法與轉生設定，但其核心聚焦於軍事策略、戰爭邏輯與軍隊體制，並非單純依靠魔法作弊來取勝，且對手設定合理，符合使用者對「戰記」與「對手不白癡」的需求。然而，使用者明確提到不希望有魔法一發收拾或機械降神，而本作的魔導師設定以及與「存在X」的對立，可能與使用者追求的完全寫實軍事感有所出入。
q6,很喜歡看戰爭或戰記類型的小說，不要有魔法一發收拾或莫名其妙的神器，也別機械降神，主角可以強但不要把對手變白癡，暑假到了求書來啃，斷尾或沒完結也沒關係。,0147ebb5-7979-5846-8b89-989bce5bd483,女神側身像,梅村崇,25.8,完結,"奇幻, 冒險, 戰爭, 其他文庫, 日本輕小說",為了應對即將到來的神界戰爭，無數戰魂被傳送到了統治眾神之地阿斯加爾德，他們真正的敵人到底是誰？在戰爭陰影的籠罩下，女武神瓦爾基里來到了處於極度混亂狀態的米德加爾特。究竟人是什麼？神又是什麼？普通人之間有生死糾葛，就連偉大的神明們也無法阻止傳說中的末日。而在諸神之黃昏將至的那個時刻，瓦爾基里卻因某起事件而陷入了迷茫中……,1,用戶明確要求避開魔法一發收拾、莫名其妙的神器以及機械降神，傾向於較為紮實的戰爭或戰記類小說。而推薦的書籍設定在北歐神話背景，涉及神界戰爭、女武神及諸神之黃昏，極大機率包含用戶排斥的神力、神器或超自然設定，與用戶對「非魔幻/非神格化」戰爭小說的意圖不符，僅在「戰爭」標籤上有表面關聯。
q5,"如題，想找像是overlord、無職這種，有龐大世界，多個國家部落，文化特色分明，歷史背景完整，沉浸感和史詩感強的小說，請問各位有沒有推薦的？希望是劍與魔法的世界，有多不同種族、魔物的那種（其實我不太確定這類型叫什麼，異世界感覺不太對，但叫奇幻又好像太廣泛了？

有很多web小說我都有看過，像是轉生成魔劍、轉生龍蛋、哥布林，他們雖然世界都足夠龐大，但是都有個web小說的通病，就是讀起來會有割裂感，無法讓人帶入那個世界中
而轉生蜘蛛雖然沒有那種割裂感，但是世界觀卻不太夠了，就只簡單分成教皇、妖精、魔王而已，希望能看到更多人類國家間的關係，還有更多魔物亞人種族的故事設定",76a36ca7-8b71-53b1-b19f-2d8263273fa2,轉生為懶惰的惡辱貴族，破壞劇情後，以超規格的魔力成為了最兇惡之人,菊池快晴,71.2,連載,"轉生, 奇幻, 冒險, 異世界, 魔法, 戰鬥, 校園, 後宮, kakuyomu, Web輕小說",我竟然轉生到了我最喜歡的學園遊戲中，成為了那個惡名昭彰的反派貴族——維斯。不久之後，等待著我的是無可救藥的最糟糕結局。我無論如何都要避免這樣的命運！既然如此，我只能獲得連遊戲主角都無法匹敵的、壓倒性的力量，成為最強者！最兇惡的逆襲異世界學園幻想漫畫化！！！,1,使用者明確要求具有龐大世界觀、深厚歷史背景、文化分明且具備史詩感的小說（如Overlord、無職），並特別提到不希望看到缺乏代入感、設定單一的典型Web小說。而推薦的書籍是典型的「遊戲轉生」、「反派貴族」、「學園後宮」設定，重點在於主角的個人強大與改變劇情，而非世界的深度構建或國家間的複雜政治，完全不符合使用者對「史詩感」與「完整世界觀」的需求。
q6,很喜歡看戰爭或戰記類型的小說，不要有魔法一發收拾或莫名其妙的神器，也別機械降神，主角可以強但不要把對手變白癡，暑假到了求書來啃，斷尾或沒完結也沒關係。,dd108554-f515-506b-befc-634a6d6b5326,貝拉戰記,透體而過六磅炮,43.9,連載,"機戰, 戰爭, 科幻, 原生幻想, 華文輕小說",夕陽下，北風將赤發女人的長髮吹起，她的視線與被吹起如焰般的頭髮一起，望向即將陷落的冬宮，她正在為這個曾經保衛的政權掘墓。沙皇即將倒下，但女人知道，戰爭遠沒有結束。歐西亞大陸上的舊帝國不可能放過這個初生的紅色政權，他們一定會聯合起來將她扼死在搖籃中但是，赤發女性不會放任這種事的發生。數年前，在她背叛自己的姓氏時，她就已經下定決心，她將用自己的方式，改變這個行將就木的帝國。,3,用戶明確要求戰爭或戰記類小說，且排斥魔法、神器與機械降神。推薦書籍《貝拉戰記》標籤包含「戰爭」與「機戰」，且簡介描述了政權更迭與帝國間的軍事對抗，屬於科幻機戰類而非魔法類，符合用戶對戰爭題材的需求且避開了其不喜歡的元素。
q6,很喜歡看戰爭或戰記類型的小說，不要有魔法一發收拾或莫名其妙的神器，也別機械降神，主角可以強但不要把對手變白癡，暑假到了求書來啃，斷尾或沒完結也沒關係。,f8f1556a-5338-5097-950e-575a98aaec2d,發條精靈戰記 天鏡的極北之星,宇野朴人,193.5,完結,"奇幻, 戰爭, 戀愛, 後宮, 電擊文庫, 日本輕小說",卡托瓦納帝國是與鄰接的齊歐卡共和國處於戰爭狀態的大國。在其國境之內的某個角落，有一名因為某些內情，而以不情不願的態度準備參加高等軍官甄試的少年，名為伊庫塔。伊庫塔是個厭惡戰爭、懶惰散漫、愛好女色的人。在當時，沒有任何人預料到這樣的他，之後會打算成為、甚至被稱呼為名將的軍人……以身為軍人的卓越才能，在戰亂四起的世界裡努力求生的少年，伊庫塔。本書描述他波濤洶湧的至今生涯，一場盛大的奇幻戰記在此揭幕！,3,使用者明確尋找「戰記」類型的小說，且希望重點在於策略而非單純的魔法碾壓。推薦的書籍《發條精靈戰記》核心劇情在於主角的軍事才能、戰術運用與戰爭謀略，符合使用者對「戰記」及「主角強但對手不白癡」的需求，雖然是奇幻設定，但其戰鬥邏輯偏向軍事對抗而非單一魔法解決問題。
q6,很喜歡看戰爭或戰記類型的小說，不要有魔法一發收拾或莫名其妙的神器，也別機械降神，主角可以強但不要把對手變白癡，暑假到了求書來啃，斷尾或沒完結也沒關係。,a420a390-57f9-5594-b1ac-1b981ec7d44e,漢匈英傑——白狼,許家球,17.1,連載,"奇幻, 戰爭, 復仇, 群像, 原生幻想, 華文輕小說",西漢與匈奴大戰在即，由一座邊境城鎮異變引發的，圍繞著一個異族白髮青年展開的一系列故事。從個人視角，以一隅窺見那個戰爭動蕩年代下的眾生群像。,2,本書主題為漢匈戰爭，完全符合使用者對「戰爭/戰記」類型的核心需求。且標籤提及「群像」，暗示故事著重於多人物刻畫而非單一主角光環，較能滿足使用者對「對手不要變白癡」的需求。雖然標籤包含「奇幻」，但使用者僅排斥「一發收拾」或「機械降神」的低邏輯設定，只要奇幻元素不破壞戰爭邏輯，仍具有高度相關性。
q6,很喜歡看戰爭或戰記類型的小說，不要有魔法一發收拾或莫名其妙的神器，也別機械降神，主角可以強但不要把對手變白癡，暑假到了求書來啃，斷尾或沒完結也沒關係。,3154fd19-0f17-59c1-93ca-5147e84fd473,重裝武器,鐮池和馬,267.2,完結,"科幻, 戰爭, 機戰, 戀愛, 電擊文庫, 日本輕小說",結果戰爭沒有消失。但是有了變化。在人類默默進行無聊的彼此殺戮之中產生變化。超大型武器．OBJECT。它的出現改變戰爭的一切。派遣來到戰場留學的學生．庫溫瑟，在整備基地遇見帶著奇妙氛圍的少女。人稱「ELITE」的那名少女──正是「OBJECT」的駕駛員。在不久的將來，這名微不足道的少年將會為了這名少女，以血肉之軀對抗最強的武器「OBJECT」。這次邂逅就是一切的開端──,3,該書為科幻戰爭題材，核心在於利用機械構造與戰術來對抗強大武器，而非依賴魔法、神器或超自然力量，完全符合使用者排斥『一發收拾』與『機械降神』的要求，且具有一定的戰略深度，對手並非單純的白癡。
q6,很喜歡看戰爭或戰記類型的小說，不要有魔法一發收拾或莫名其妙的神器，也別機械降神，主角可以強但不要把對手變白癡，暑假到了求書來啃，斷尾或沒完結也沒關係。,8283bdff-3c54-5990-bb8f-f690056641b1,裝甲核心,神野淳一,1.0,完結,"科幻, 戰爭, 機戰, 其他文庫, 日本輕小說",老邁的中將想著。沒有比敗戰的將士更悲慘的集團了。把拿在手上的戰力清單隨手扔到桌上，他從指揮裝甲車的小窗口探頭窺視外面的狀況。萬里晴空映照著一旁險峻山勢下的殘雪顯得格外炫目，溪谷內有限的平地上，有運輸用車輛與許多士兵奔跑著。他那些勉強殘存下來的部下們正在吸收敗走的友軍兵員設備，忙著重新篇成部隊。,3,用戶明確要求戰爭或戰記類小說，且排斥魔法、神器或機械降神等不合理設定。推薦書籍《裝甲核心》屬於科幻戰爭與機戰類，從簡介來看，其基調偏向寫實的軍事組織與敗戰後的殘酷現況，符合用戶對戰爭類小說的需求，且無明顯的魔幻或崩壞設定，是非常適合的匹配。
q7,"想請大家推薦一些書單希望符合以下條件
1.已經完結
2.以感情為主
希望是讀的時候可以隨著角色情緒有所起伏。並且不要轉生開無雙。",73eeb45b-66be-5eda-b349-a6325653552e,現在、我討厭你了,冰高悠,8.3,完結,"校園, 青春, 戀愛, 講談社, 日本輕小說",情緒激動時，最糟情況下會致死的病——『感情性自我免疫疾病』自從聽到這個診斷結果後，感情對我來說就成了毫無價值的東西。喜悅、憤怒、哀傷、快樂——每一種感情，都會將我侵蝕。所以我不會有任何感情，也不會喜歡上誰。但同班同學奈奈川惠實卻對我說。「——我、喜歡四東同學！！」我應該不會喜歡上他人才對。因為要是喜歡上誰，我就會失去生命。但我卻無法抑制自己這逐漸萌生的感情……這是沒有感情的我，和感情豐富的她之間的故事。,3,這本書是以戀愛為核心，且設定上將「感情」與「生存」掛鉤，極易營造出強烈的情緒起伏，完全符合使用者希望感情為主且能引起情感共鳴的要求。同時，故事背景為校園戀愛，完全不涉及轉生或無雙設定。
q7,"想請大家推薦一些書單希望符合以下條件
1.已經完結
2.以感情為主
希望是讀的時候可以隨著角色情緒有所起伏。並且不要轉生開無雙。",ccf5b1a3-f909-5bf0-a336-69eaab9edf60,現在如何呢？正在戀愛中。,ぺんたぶ,0,完結,"戀愛, 角川文庫, 日本輕小說",即將開花結果的戀情、沒有結局的戀情，歡喜的戀情、悲傷的戀情，以及升華為愛的幸福戀情。相信世上的某個地方今天也有人陷入熱戀。,3,使用者希望尋找以感情為主、能引起情緒起伏且無轉生或無雙元素的書單。推薦的書籍標籤為「戀愛」，且簡介中明確提到包含歡喜與悲傷等各種戀情，符合使用者對情感深度與情緒起伏的需求，且無任何奇幻或無雙元素。
q7,"想請大家推薦一些書單希望符合以下條件
1.已經完結
2.以感情為主
希望是讀的時候可以隨著角色情緒有所起伏。並且不要轉生開無雙。",45ada104-dd5a-53bd-9fd8-1f743f225297,把洗髮精放在喜歡與討厭之間,瀨那和章,9.1,完結,"青春, 戀愛, 群像, 女性視角, 電擊文庫, 日本輕小說",★生活於神戶的三姊妹，她們各自的戀愛物語。戀愛總是趁我們不注意時把心帶走──七年前，年紀比我小的男生向我告白。我們持續著手也無法讓他牽的戀人關係，而我又喜歡上另一個人──（把洗髮精放在喜歡與討厭之間）。以神戶為故事背景，共同生活的三姊妹各自戀情的開始、現在與結束。透過三則短篇故事描寫度過同樣時光的三人戀情，組成一段揪心卻溫柔的愛情物語。戀愛總是趁我們不注意時，若無其事地把心帶走。,3,該書主題聚焦於戀愛與情感，且描述中提到「揪心卻溫柔」的情緒起伏，完全符合使用者要求的「以感情為主」且「無轉生開無雙」的條件。
q7,"想請大家推薦一些書單希望符合以下條件
1.已經完結
2.以感情為主
希望是讀的時候可以隨著角色情緒有所起伏。並且不要轉生開無雙。",d0cc9e46-ee66-5438-914e-a468eb8abeb1,愛的成人式,干胡桃,10.2,完結,"青春, 戀愛, 懸疑, 其他文庫, 日本輕小說",「對於你來說，我是你的成人式……」分手的時候，他對我說：「我們的戀愛就是這麼回事。」初次體驗戀愛時，誰都認定這場愛情是絕對的，那麼絢爛純美如同紅寶石的感情，自己可以愛對方一輩子，而分手是不可以想像的。「絕對、永遠、不變」！但人們總有一天會明白，對於人來說，這世上沒有什麼是絕對的。明白了才算是長大了。,3,該書主題聚焦於青春戀愛與分手的情感成長，完全符合使用者要求的「以感情為主」以及「情緒起伏」的條件，且不含轉生或無雙等元素，是非常契合的推薦。
q6,很喜歡看戰爭或戰記類型的小說，不要有魔法一發收拾或莫名其妙的神器，也別機械降神，主角可以強但不要把對手變白癡，暑假到了求書來啃，斷尾或沒完結也沒關係。,ac50e949-d80a-54a0-a3f0-7ba455432589,烙印紋章,杉原智則,156.3,完結,"奇幻, 戰爭, 冒險, 戀愛, 電擊文庫, 日本輕小說",這是一個曾被擁有高度智慧的龍所支配，利用魔素支撐著文明的世界。十年內，不斷進行著戰爭的梅菲烏斯和加貝拉想要通過王族間的政治聯姻，為長久的戰爭畫上休止符。幼年時代，因戰爭而背井離鄉的劍鬥士歐魯巴，由於容貌長得和梅菲烏斯皇子如同孿生，而被人與傳聞中的愚蠢王子掉包，代替其進行婚禮。另一方面，好勝的加貝拉公主碧莉娜決心籠絡皇子，以達到為本國謀求利益的目的。在這樣兩人的婚禮途中，突然有人對他們展開了襲擊——！？兩人的內心與和平的未來究竟會如何發展？杉原智則奉上的幻想故事登場！,2,該書符合用戶對「戰爭」與「戰記」類型的需求，且在劇情執行上較注重政治權謀與軍事策略，而非單純依賴魔法強行推進，符合用戶不希望對手被寫成白癡的要求。然而，其設定屬於奇幻世界（包含魔素），且劇情涉及身分掉包與戀愛元素，對於追求純粹軍事或歷史感、對魔法設定極其敏感的用戶來說，可能仍有部分不符之處。
q6,很喜歡看戰爭或戰記類型的小說，不要有魔法一發收拾或莫名其妙的神器，也別機械降神，主角可以強但不要把對手變白癡，暑假到了求書來啃，斷尾或沒完結也沒關係。,35c561f9-a902-5567-b1ca-eba5d095b583,從被子彈擊中的戰場消失吧,上川景,25.9,完結,"科幻, 戰爭, 機戰, 人外, 富士見文庫, 日本輕小說",機甲車四處橫行、子彈魔法散落──東國與西國的戰爭已長達百年。東國的少年士兵雷鷹‧蘭滋被逼到絕境，射出一枚陌生的子彈，殺死了敵方將校——剎那間，世界為之一變。戰場被他熟悉的士官學校所取代，他甚至看到了理應死亡的同學。當雷鷹陷入困惑之時，製作了這顆子彈、名為艾亞的少女對他說：「這是惡魔的子彈，可以重新建構（reprogram）出被擊中的人從一開始就不存在的世界。你想繼續使用它嗎？」面對毫無止境的戰場，雷鷹做出的決定是——「我要用這子彈結束一切，改變一切。」擊穿世界的規則，少年與少女的戰鬥即將開始——榮獲第31屆富士見Fantasia大獎的軍事奇幻作品！,1,使用者明確要求不要有「魔法一發收拾」或「莫名其妙的神器」。然而，推薦書籍的核心設定是使用能「重新建構世界」使人不存在的「惡魔子彈」，這正屬於使用者極力避開的超自然神器/能力設定，與其核心需求嚴重衝突，僅在「戰爭」主題上有表面關聯。
q7,"想請大家推薦一些書單希望符合以下條件
1.已經完結
2.以感情為主
希望是讀的時候可以隨著角色情緒有所起伏。並且不要轉生開無雙。",a82e2388-72b1-5f69-97f3-73891f480a01,連互訴月色真美 都做不到的我們,神田澪,2.8,完結,"科幻, 青春, 戀愛, 其他文庫, 日本輕小說",我戀愛了。愛上一個僅以文字聯繫的人。僅僅是視線掃過他傳來的訊息，就讓世界染上繽紛的色彩。十五歲時的我還無從知曉。這場不知何時告終的戀愛──竟持續了十年之久。,3,該書為青春戀愛類小說，核心圍繞十年文字戀情的感情發展，符合使用者要求「以感情為主」且「有情緒起伏」的需求，且完全不涉及轉生或無雙等設定，是非常精確的推薦。
q7,"想請大家推薦一些書單希望符合以下條件
1.已經完結
2.以感情為主
希望是讀的時候可以隨著角色情緒有所起伏。並且不要轉生開無雙。",b18303ba-561d-536c-a4c4-b35bc4510ee1,戀愛與之後的一切,住野夜,10.3,完結,"青春, 戀愛, 其他文庫, 日本輕小說",『我要開始聽你喜歡的音樂了，明天再告訴我你喜歡那些歌的理由。』『那我也要聽妳喜歡的音樂，期待沙布列告訴我喜歡那些歌的理由。』單戀的男孩與有點想太多的女孩。兩人是朋友，卻又是完全不同的生物。一起度過某年夏天極為特別的四天。咩咩（瀨戶洋平）單戀著同樣住在宿舍的同班同學沙布列（鳩代司）。但是卻不曾向她告白。還以為暑假大概會有好一陣子見不到她。沒想到沙布列卻出現在自己面前。為了某個「欠揍」的原因，沙布列暑假要去遠方的外公家。「那要不要一起去？」「好啊。」咩咩收到突如其來的邀請，利用社團活動的空檔，與沙布列一同前往。兩人跳上夜行巴士，展開一場「欠揍」又特別的青春旅程。儘管害怕無法維持現在的關係，卻也渴望這份喜歡可以傳達——關於親情、愛情、友情、生命，少男少女逐漸成長的青春物語。,3,推薦書籍為純粹的青春戀愛故事，完全符合使用者要求的「以感情為主」以及「不要轉生開無雙」的條件。劇情描述聚焦於少男少女的情感糾葛與成長，能滿足使用者希望隨角色情緒起伏的需求。
q7,"想請大家推薦一些書單希望符合以下條件
1.已經完結
2.以感情為主
希望是讀的時候可以隨著角色情緒有所起伏。並且不要轉生開無雙。",fc4a28e0-5b25-5223-86af-034581405c68,聽到濤聲,冰室冴子,18.3,完結,"青春, 戀愛, 其他文庫, 日本輕小說",如果好友松野當初沒將她介紹給我認識，要是沒和她一塊去東京，還莫名其妙同住一個房間，成為同學間的八卦對象，我和武藤里伽子就不會發生這一段「孽緣」，最後還以火辣的一巴掌做為不怎麼漂亮的結束。但，或許我也不會因此在十八歲的那一年，知道喜歡上一個女孩的青澀滋味，終於明白我一直以為不在乎的情緒，原來就是所謂的戀愛——一場朋友以上、戀人未滿的曖昧之戀……,3,該書為青春戀愛小說，核心在於描寫角色之間曖昧、心碎與初戀的情感起伏，完全符合使用者要求「以感情為主」且「不要轉生開無雙」的意圖。
q7,"想請大家推薦一些書單希望符合以下條件
1.已經完結
2.以感情為主
希望是讀的時候可以隨著角色情緒有所起伏。並且不要轉生開無雙。",060d78f4-264b-56c7-9182-4fdec9ab4953,少女妄想中,入間人間,11.5,完結,"輕文學, 青春, 戀愛, 百合, 女性視角, 電擊文庫, 日本輕小說",「我想，這應該就是我的初戀吧！」我總是追著那個人的身後，「嚮往」著她。在夢中，我和在海邊的那個女孩，度過了無可取代的美好時光。對於受過傷的那個人，無法傳達的秘密心情。她是我最喜歡的人，而她，或許正喜歡著除了我之外的某個人吧……入間人間最新創作，發生在少女與少女之間，一段段無可奈何卻令人憐惜的戀情。,3,這本書的核心是少女之間的戀愛與情感糾葛，強調初戀、嚮往與無奈的酸楚，完全符合使用者要求的「以感情為主」以及「情緒起伏」。同時，它屬於現代青春輕文學，不含轉生或開無雙的元素，與使用者需求高度匹配。
q7,"想請大家推薦一些書單希望符合以下條件
1.已經完結
2.以感情為主
希望是讀的時候可以隨著角色情緒有所起伏。並且不要轉生開無雙。",61e079d2-a586-5948-beb7-5887a3c6431c,倘若不稱其為愛,斜線堂有紀,8.6,完結,"青春, 戀愛, 懸疑, 女性視角, 集英社, 日本輕小說",二十八歲的地下偶像赤羽琉璃，從一名男人的房間陽台縱身躍下。雖說是個男人，卻也並非與琉璃在交往，他只是琉璃的粉絲之一——一個她正狂熱跟蹤的對象。為何會做出如此舉動？故事要追溯到四年前……（收錄於《即便是迷你車也請推一輩子》）。天才時裝設計師灰羽妃樂姬，在二十八歲生日當天，收到了一份禮物——一雙玻璃鞋。贈送者，是深信終有一日會與妃樂姬結婚的男人妻川。然而，下一刻，她聽聞的卻是妻川與另一位並非妃樂姬的女子的婚訊……（收錄於《你的長靴就好》）。另收錄其他四篇作品。此為斜線堂有紀首部戀愛小說集。,3,該書為戀愛小說集，聚焦於複雜且激烈的情感（如執念、背叛與心碎），符合使用者要求「以感情為主」且能帶來「情緒起伏」的需求，且完全不含轉生或無雙等元素，非常符合使用者意圖。
q7,"想請大家推薦一些書單希望符合以下條件
1.已經完結
2.以感情為主
希望是讀的時候可以隨著角色情緒有所起伏。並且不要轉生開無雙。",d07e79aa-4aa9-5fa3-86ea-3ff4b997125e,怪異和我的戀愛物語,夜桜舞利花,15.7,完結,"奇幻, 戀愛, 病嬌, 女性視角, other, Web輕小說",「我愛你，深深地迷戀著你。」他拋棄了一切，知道這是一段不被允許的戀情。「我愛你。」對少女傾注瘋狂愛情的怪異，等待在其前方的到底是……？這是一個君臨頂點的怪異，以及被怪異看中的人類少女的──甜蜜又悲傷的戀愛故事──,3,該書以戀愛為核心，描述怪異與人類少女之間甜蜜且悲傷的情感，符合使用者希望「以感情為主」且「情緒有所起伏」的要求。且劇情設定並非轉生或無雙類作品，與使用者需求高度契合。
q7,"想請大家推薦一些書單希望符合以下條件
1.已經完結
2.以感情為主
希望是讀的時候可以隨著角色情緒有所起伏。並且不要轉生開無雙。",36f844ac-1263-5478-bc82-362b9c32a91e,第108年的初戀,末永外徒,23.9,完結,"校園, 奇幻, 青春, 戀愛, 人外, Fami通文庫, 日本輕小說",男孩與「校舍」(？)間　響起了初戀的怦怦心跳……！？這個春天，學生們禁止進入「舊校舍」──也就是我。這是無可奈何的，但我還是感到寂寞，所以，有個少年潛入探險時，我實在非常開心。不過，由於在他碰上危險時，我都忍不住出手相助，讓他誤會我是幽靈，所以他決定每天都要去「舊校舍」搜索幽靈……怎麼辦呀？我已經不能再跟人類有所瓜葛了！,3,這本書主打戀愛與初戀，完全符合使用者要求「以感情為主」且「非轉生開無雙」的條件。雖然設定較為奇幻（校舍擬人），但核心在於情感交流與心跳感，符合使用者希望情緒有所起伏的期待。
q8,"希望作品是
1.背景為現代
有槍砲炸藥之類的比較有代入感，對武俠/奇幻沒興趣，現代但有些微科幻/超能力要素沒關係
2.主角不是從0開始練等
漏漏長的成長過程會讓我想睡，大概是從看完鬥破蒼穹那公式化的遇強敵→隊友幫扛→遇到機運→變強反殺→前往下個城鎮→遇強敵，之後再也不想看這種了
3.主角非中二/死屁孩
不要太嚴重就好，隱殺主角偶爾也會屁孩一下但是是那種大人逗小鬼玩的感覺就不會反感",8acc9fa7-9f08-505b-96aa-af21f14c863b,SHE MUST DIE 她，唯有一死,石川周,12.3,完結,"懸疑, 異能, 科幻, 戀愛, 黑暗, 小學館, 日本輕小說",「矢口，如果人家會毀滅這個世界，你會怎麼辦？」在超能力普遍存在的世界，一所國中闖入一群自稱『普通人保護團體』的恐怖份子。他們穿著一身軍裝，頭帶幪面黑帽，手中的步槍毫不留情地射向起身反抗的國中生。然而，當其中有人機警地封住了恐怖份子手中的武器，對方卻緩緩舉起手，放出了強大的念動力——死亡之槍，手指射出一道紅光打穿了其中一名國中男生的心臟……為什麼一個擁有美麗外表而令人為之著迷的國中女生非死不可？一場超能力對決的懸疑故事之中你會找到一個驚悚的答案。,3,作品設定為現代背景且包含槍砲與超能力要素，符合使用者對環境的偏好；劇情重心在於懸疑與對決，而非公式化的練等成長過程；故事基調黑暗且 серь肅，避開了使用者反感的中二或死屁孩風格。
q8,"希望作品是
1.背景為現代
有槍砲炸藥之類的比較有代入感，對武俠/奇幻沒興趣，現代但有些微科幻/超能力要素沒關係
2.主角不是從0開始練等
漏漏長的成長過程會讓我想睡，大概是從看完鬥破蒼穹那公式化的遇強敵→隊友幫扛→遇到機運→變強反殺→前往下個城鎮→遇強敵，之後再也不想看這種了
3.主角非中二/死屁孩
不要太嚴重就好，隱殺主角偶爾也會屁孩一下但是是那種大人逗小鬼玩的感覺就不會反感",76cba688-0e70-52bb-baaf-b01392257a9b,樂園殺手,呂暇郁夫,22.3,連載,"科幻, 異能, 戰鬥, 黑暗, 小學館, 日本輕小說",能夠將人的意念轉化為力量的沙塵，人物將其稱為災厄。授予人類異能的沙塵漫天飛舞的偉大都市。在這個荒廢的世界裡被稱作「樂園」的偉大都市，能夠將沙塵轉化為力量從而覺醒了各種能力的人們聚集於此。專門緝拿利用能力作惡的罪犯的精銳部隊「肅清官」，維護著這座城市的秩序。肅清官——射擊名手希爾薇 · 巴雷特，以及寡言的黑劍士進。經過某一起事件組隊成為搭檔的兩人，被指派對能夠將人變成野獸的毒品進行搜查。然而，這種毒品的流通背後潛藏著肅清官在過去種下的惡果。巨大的惡意在現代復甦，化為野獸的利齒，意圖給偉大都市刻下一道巨大的傷痕。阻擋在肅清官面前的是操縱屍體的能力者，和釋放熱輻射的能力者。以及——製造出兇惡獸人的異端能力者。與窮凶極惡的能力者們展開的生死對決，站到最後的人是……「我無論如何都必須以完美為目標。」「這次的恐怖襲擊事件里，我認定你們為獸人事件主謀的幫凶，所以——」「——我要肅清你們。」滾滾沙塵之中，戴面具的能力者們的故事即將揭開序幕。,3,作品設定在現代都市且包含科幻與異能要素，符合用戶對現代背景及微科幻的需求。主角身分是精銳部隊「肅清官」，屬於已經成名的強者，完全避開了用戶厭惡的「從零開始練等」成長公式。此外，劇情基調偏向黑暗與專業執法，主角形象專業且冷靜，符合用戶對非中二/死屁孩主角的期待。
q8,"希望作品是
1.背景為現代
有槍砲炸藥之類的比較有代入感，對武俠/奇幻沒興趣，現代但有些微科幻/超能力要素沒關係
2.主角不是從0開始練等
漏漏長的成長過程會讓我想睡，大概是從看完鬥破蒼穹那公式化的遇強敵→隊友幫扛→遇到機運→變強反殺→前往下個城鎮→遇強敵，之後再也不想看這種了
3.主角非中二/死屁孩
不要太嚴重就好，隱殺主角偶爾也會屁孩一下但是是那種大人逗小鬼玩的感覺就不會反感",074d46d4-243f-5b1c-af43-22a97926fd32,絕對的孤獨者,川原礫,58.4,連載,"科幻, 異能, 戰鬥, 後宮, 電擊文庫, 日本輕小說",二○一九年八月。人類初次接觸的地球外有機生命體，有複數墜落至地球上的幾座城市內。之後被稱之為「第三隻眼」的那個球體，會賦予跟它們接觸的人現代科學無法解答的「力量」。有人得到連聲音都能超越的「速度」。有人得到連鋼鐵都能斬斷的「刀刃」。還有人得到可以咬斷萬物的「牙齒」。十七歲的少年──空木實也是其中之一。他唯一的心愿，以及得到的能力。那就是「孤獨」。那股「力量」可以實現「絕對孤獨」，卻將實捲入他不希望的戰爭之中。跟義姊平凡卻安穩的日子遭到破壞之際，實將以絕對的「孤獨者」之姿覺醒──！,3,作品背景設定在現代（2019年）且包含異能要素，完全符合使用者對現代背景及微科幻/超能力的需求。劇情核心並非使用者厭惡的傳統玄幻練級（如鬥破蒼穹式的公式化成長），且主角追求的是平靜與孤獨，而非典型の中二或死屁孩性格，高度契合使用者所有核心要求。
q8,"希望作品是
1.背景為現代
有槍砲炸藥之類的比較有代入感，對武俠/奇幻沒興趣，現代但有些微科幻/超能力要素沒關係
2.主角不是從0開始練等
漏漏長的成長過程會讓我想睡，大概是從看完鬥破蒼穹那公式化的遇強敵→隊友幫扛→遇到機運→變強反殺→前往下個城鎮→遇強敵，之後再也不想看這種了
3.主角非中二/死屁孩
不要太嚴重就好，隱殺主角偶爾也會屁孩一下但是是那種大人逗小鬼玩的感覺就不會反感",5babb8c2-c754-534d-b0aa-992952f7f120,這裡是終局停滯委員會。,逢緣奇演,76.2,連載,"科幻, 末日, 校園, 異能, 戰鬥, 後宮, 電擊文庫, 日本輕小說",拿巨大槍械狂轟。那正是我們的學園生活（青春）。其實我們的世界似乎正在悄悄毀滅。潛伏於上野不忍池的異形、盤踞在艾菲爾鐵塔的巨大蝸牛、無論怎麼看都像美少女的魔王……透過真面目與數量都不明的某種存在──「終局」之手。可是在世界背後，有一群對此豎起中指的少年少女在奮戰。「啊哈☆在最強美少女光裡面前，區區神明還敢趾高氣昂！」「麻煩妳留手，隊長。巴黎市區會被炸翻！運氣好的話！」終局並不能停止，只能使其停滯。即使如此，他們仍舊拿起槍械。要問為什麼？因為對他們來說這就是家常便飯，每天都像節慶，青春正該如此！原本替黑幫打雜而嚮往「普通」的我，在這裡不就可以過起開心的學園生活嗎？,3,作品設定為現代背景且包含槍械戰鬥與異能，完全符合使用者對設定的需求；主角曾為黑幫打雜，並非從零開始的公式化練等成長路徑；且主角嚮往普通生活的心態與使用者希望避開的「死屁孩」特質相符。
q8,"希望作品是
1.背景為現代
有槍砲炸藥之類的比較有代入感，對武俠/奇幻沒興趣，現代但有些微科幻/超能力要素沒關係
2.主角不是從0開始練等
漏漏長的成長過程會讓我想睡，大概是從看完鬥破蒼穹那公式化的遇強敵→隊友幫扛→遇到機運→變強反殺→前往下個城鎮→遇強敵，之後再也不想看這種了
3.主角非中二/死屁孩
不要太嚴重就好，隱殺主角偶爾也會屁孩一下但是是那種大人逗小鬼玩的感覺就不會反感",2c71b93e-4286-5fea-882d-5f5408069d7b,silentworld,ごぉ,13.2,完結,"科幻, 異能, 校園, 歡樂向, 電擊文庫, 日本輕小說",隨處可見的普通高中生羽鳥健人。他有一個秘密。——自由操縱時間流逝的能力——這就是健人的秘密。健人一直想知道自己使用這種能力的「意義」。就在這時，健人知道了某個「過路魔」的存在。面對這個毫無徵兆地襲擊人們的攔路殺手，健人有一種預感。這個路魔，擁有和自己一樣的能力——。健人像被引誘一樣追捕過路魔，在他面前出現了一個少女。那個少女也擁有和健人一樣的能力——。來自fronwing最新作《ISLAND》創作組合，兩位人氣創作者聯手創作最新小說。自由支配時間的高中生·健人，和擁有比他更多能力的殺人魔……在超越時間流逝的世界中戰鬥有勝機嗎——!?以厚重的世界設定和大量美麗的插畫呈現，令人矚目的科幻小說滿載登場！！,3,作品背景為現代且包含超能力要素，符合用戶對背景的需求；主角開局即擁有操縱時間的能力，而非從零開始的公式化練等成長路線，避開了用戶最反感的成長模式；雖然主角是高中生，但從簡介來看其行為動機在於尋找能力的意義，並未展現出嚴重的中二或死屁孩特質。
q8,"希望作品是
1.背景為現代
有槍砲炸藥之類的比較有代入感，對武俠/奇幻沒興趣，現代但有些微科幻/超能力要素沒關係
2.主角不是從0開始練等
漏漏長的成長過程會讓我想睡，大概是從看完鬥破蒼穹那公式化的遇強敵→隊友幫扛→遇到機運→變強反殺→前往下個城鎮→遇強敵，之後再也不想看這種了
3.主角非中二/死屁孩
不要太嚴重就好，隱殺主角偶爾也會屁孩一下但是是那種大人逗小鬼玩的感覺就不會反感",56723821-d2bf-527d-816a-e096b3883dca,魔法禁書目錄,鐮池和馬,299.8,完結,"校園, 科幻, 異能, 魔法, 戰鬥, 後宮, 電擊文庫, 日本輕小說",這裡是將「超能力」認知為「一般科學」的反超自然學園都市。一名白衣修女從天而降，來到高中生上條當麻的房間。但那名修女裝扮的少女卻表示，她是從魔法的世界逃到這裡來的。上條對這個自稱是「禁書目錄」的神秘少女的言行相當懷疑，然而真正的「魔法師」，卻在兩人眼前出現──！！－－－－－－－－註：本小說已經完結，歡迎大家繼續關注後續的第二部小說，在本站搜索《新約》(或點擊下面作者名字),2,作品背景為現代都市（學園都市），且主角上條當麻並非採取傳統的「練等」成長模式，符合使用者對現代背景與非成長流的需求。雖然包含大量「魔法」要素，可能與使用者排斥的「奇幻」有所重疊，但其科幻與超能力設定在使用者可接受的範圍內，且主角性格並非典型的中二或死屁孩。
q8,"希望作品是
1.背景為現代
有槍砲炸藥之類的比較有代入感，對武俠/奇幻沒興趣，現代但有些微科幻/超能力要素沒關係
2.主角不是從0開始練等
漏漏長的成長過程會讓我想睡，大概是從看完鬥破蒼穹那公式化的遇強敵→隊友幫扛→遇到機運→變強反殺→前往下個城鎮→遇強敵，之後再也不想看這種了
3.主角非中二/死屁孩
不要太嚴重就好，隱殺主角偶爾也會屁孩一下但是是那種大人逗小鬼玩的感覺就不會反感",48d873a6-e2f5-58f7-bcfd-6c6ced6ad30c,虛軸少女,藤原佑,105.0,完結,"校園, 科幻, 異能, 戰鬥, 後宮, 青梅竹馬, 電擊文庫, 日本輕小說",【全一】──城島硝子。【有識分體】──柿原里緒。【破碎的萬花筒】──舞鶴蜜。還有，城島硝子的【固定劑】──城島晶。在各種幻想與願望的最後，會產生出有別於現世的世界，＜虛軸＞。這些少年少女與＜虛軸＞牽扯，在「欠缺」的代價之下得到異能。安定的校園生活背後，逐漸模糊的界線在現實中留下爪痕，世界慢慢受到侵蝕……他們即將展開戰鬥！,3,作品背景為現代校園且包含科幻與異能要素，符合使用者對現代設定及微科幻的偏好；劇情描述為已獲得異能後的戰鬥，而非傳統的從零開始練等或公式化成長，成功避開了使用者最反感的成長模式。雖然未明確提及槍砲，但整體類型與使用者需求高度契合。
q8,"希望作品是
1.背景為現代
有槍砲炸藥之類的比較有代入感，對武俠/奇幻沒興趣，現代但有些微科幻/超能力要素沒關係
2.主角不是從0開始練等
漏漏長的成長過程會讓我想睡，大概是從看完鬥破蒼穹那公式化的遇強敵→隊友幫扛→遇到機運→變強反殺→前往下個城鎮→遇強敵，之後再也不想看這種了
3.主角非中二/死屁孩
不要太嚴重就好，隱殺主角偶爾也會屁孩一下但是是那種大人逗小鬼玩的感覺就不會反感",eea274d0-8034-53eb-b2f8-3f32353f141b,重啟咲良田,河野裕,94.6,完結,"科幻, 校園, 異能, 懸疑, 青春, 戀愛, 角川文庫, 日本輕小說",咲良田，一座看似平凡普通、安詳寧靜的城鎮，實際上城中半數居民都是擁有超能力並受到約束的「能力者」。就讀高中的淺井惠和春埼美空，正是官方嚴密控管的對象，因為淺井與春埼合作的「重啟」指令，能夠讓這世界如同時光倒流般回到三天前，讓一切重新來過。為了讓官方放寬監視而加入服務性社團的淺井和春埼，某天收到了一名少女的委託：「請讓我的貓復活！」於是，兩人為了救助貓咪進行了「重啟」……,3,作品背景為現代且包含超能力要素，符合用戶對背景的需求。主角已擁有能力且劇情重點在於邏輯推理而非公式化的練等成長，避開了用戶厭惡的成長模式。主角性格理智沉穩，不符合中二或屁孩的特徵，整體高度匹配用戶的核心需求。
q8,"希望作品是
1.背景為現代
有槍砲炸藥之類的比較有代入感，對武俠/奇幻沒興趣，現代但有些微科幻/超能力要素沒關係
2.主角不是從0開始練等
漏漏長的成長過程會讓我想睡，大概是從看完鬥破蒼穹那公式化的遇強敵→隊友幫扛→遇到機運→變強反殺→前往下個城鎮→遇強敵，之後再也不想看這種了
3.主角非中二/死屁孩
不要太嚴重就好，隱殺主角偶爾也會屁孩一下但是是那種大人逗小鬼玩的感覺就不會反感",aeecf666-d3f6-55be-bce0-c05b0e37029b,骨王,野村佳,16.2,完結,"科幻, 異能, 戰鬥, 角川文庫, 日本輕小說",海翔和表兄葉平一起追查犯人。但是以此為分界線，圍繞著他的日常生活卻一下子崩潰了。在街頭巷尾播放的熱門歌曲《骨王》中出現了呼叫他名字的聲音，而服從歌曲命令的少女們試圖使用異常能力剝奪海翔的生命。為什麼只有自己受到狙擊？-混亂的海翔，是否可以擺脫這一異常事態的連鎖？,3,作品背景為現代且包含異能要素，符合使用者對現代背景及微科幻/超能力的需求；且劇情傾向於都市異能懸疑，而非使用者反感的武俠或玄幻公式化練級（如鬥破蒼穹），有效避開了「從0開始練等」的成長模式。
q8,"希望作品是
1.背景為現代
有槍砲炸藥之類的比較有代入感，對武俠/奇幻沒興趣，現代但有些微科幻/超能力要素沒關係
2.主角不是從0開始練等
漏漏長的成長過程會讓我想睡，大概是從看完鬥破蒼穹那公式化的遇強敵→隊友幫扛→遇到機運→變強反殺→前往下個城鎮→遇強敵，之後再也不想看這種了
3.主角非中二/死屁孩
不要太嚴重就好，隱殺主角偶爾也會屁孩一下但是是那種大人逗小鬼玩的感覺就不會反感",3154fd19-0f17-59c1-93ca-5147e84fd473,重裝武器,鐮池和馬,267.2,完結,"科幻, 戰爭, 機戰, 戀愛, 電擊文庫, 日本輕小說",結果戰爭沒有消失。但是有了變化。在人類默默進行無聊的彼此殺戮之中產生變化。超大型武器．OBJECT。它的出現改變戰爭的一切。派遣來到戰場留學的學生．庫溫瑟，在整備基地遇見帶著奇妙氛圍的少女。人稱「ELITE」的那名少女──正是「OBJECT」的駕駛員。在不久的將來，這名微不足道的少年將會為了這名少女，以血肉之軀對抗最強的武器「OBJECT」。這次邂逅就是一切的開端──,3,作品背景為科幻戰爭且涉及大型兵器，符合用戶對現代感與槍砲炸藥的需求；劇情走向非典型的玄幻練級套路（如鬥破蒼穹），而是側重於戰術與機甲，避開了用戶厭惡的公式化成長過程；主角性格亦非中二或死屁孩，整體契合度很高。
q8,"希望作品是
1.背景為現代
有槍砲炸藥之類的比較有代入感，對武俠/奇幻沒興趣，現代但有些微科幻/超能力要素沒關係
2.主角不是從0開始練等
漏漏長的成長過程會讓我想睡，大概是從看完鬥破蒼穹那公式化的遇強敵→隊友幫扛→遇到機運→變強反殺→前往下個城鎮→遇強敵，之後再也不想看這種了
3.主角非中二/死屁孩
不要太嚴重就好，隱殺主角偶爾也會屁孩一下但是是那種大人逗小鬼玩的感覺就不會反感",05ca8f6e-e52d-5764-acf8-76f80b657b63,The. Feast. of. The. Moon.,ホシノ,8.5,連載,"校園, 青春, 異能, 原生幻想, 華文輕小說",隕石墜下，一夜之間出現大量超能力者?!能力者們的校園日常！,2,作品背景為現代且包含超能力要素，符合用戶對現代背景及微超能力的接受度；且標記為「校園日常」，應能避開用戶極其討厭的公式化練等成長過程。然而，簡介中未提及槍砲等動作要素，且校園日常風格可能與用戶追求的「有代入感（槍砲炸藥）」之動作氛圍有所偏差。
q8,"希望作品是
1.背景為現代
有槍砲炸藥之類的比較有代入感，對武俠/奇幻沒興趣，現代但有些微科幻/超能力要素沒關係
2.主角不是從0開始練等
漏漏長的成長過程會讓我想睡，大概是從看完鬥破蒼穹那公式化的遇強敵→隊友幫扛→遇到機運→變強反殺→前往下個城鎮→遇強敵，之後再也不想看這種了
3.主角非中二/死屁孩
不要太嚴重就好，隱殺主角偶爾也會屁孩一下但是是那種大人逗小鬼玩的感覺就不會反感",35c561f9-a902-5567-b1ca-eba5d095b583,從被子彈擊中的戰場消失吧,上川景,25.9,完結,"科幻, 戰爭, 機戰, 人外, 富士見文庫, 日本輕小說",機甲車四處橫行、子彈魔法散落──東國與西國的戰爭已長達百年。東國的少年士兵雷鷹‧蘭滋被逼到絕境，射出一枚陌生的子彈，殺死了敵方將校——剎那間，世界為之一變。戰場被他熟悉的士官學校所取代，他甚至看到了理應死亡的同學。當雷鷹陷入困惑之時，製作了這顆子彈、名為艾亞的少女對他說：「這是惡魔的子彈，可以重新建構（reprogram）出被擊中的人從一開始就不存在的世界。你想繼續使用它嗎？」面對毫無止境的戰場，雷鷹做出的決定是——「我要用這子彈結束一切，改變一切。」擊穿世界的規則，少年與少女的戰鬥即將開始——榮獲第31屆富士見Fantasia大獎的軍事奇幻作品！,2,雖然背景是軍事奇幻/科幻世界而非現實現代，但包含了使用者偏好的槍砲、機甲等戰爭元素。最重要的是，主角身分為士兵，且劇情核心關於「重新建構世界」而非傳統的「從零開始練等」或公式化的成長流，避開了使用者最反感的要素。儘管有奇幻成分，但更接近於科幻/超能力設定。
q8,"希望作品是
1.背景為現代
有槍砲炸藥之類的比較有代入感，對武俠/奇幻沒興趣，現代但有些微科幻/超能力要素沒關係
2.主角不是從0開始練等
漏漏長的成長過程會讓我想睡，大概是從看完鬥破蒼穹那公式化的遇強敵→隊友幫扛→遇到機運→變強反殺→前往下個城鎮→遇強敵，之後再也不想看這種了
3.主角非中二/死屁孩
不要太嚴重就好，隱殺主角偶爾也會屁孩一下但是是那種大人逗小鬼玩的感覺就不會反感",7197b2f5-30f3-5542-90e9-1be40223c3e4,超能力師事務所,譽田哲也,14.4,完結,"異能, 懸疑, 其他文庫, 日本輕小說",銷量破300萬冊《草莓之夜》系列作家，首度挑戰幽默詼諧的人性推理劇！看似無敵的超能力，也難以化解糾結的情感謎團……所以，該解決的是人與人之間的問題吧！犯罪的陰影，比不上人心的幽暗可怕。在架空的東京都，「超能力師」是一種被官方認定的職業，超能力者可以透過日本超能力師協會的檢定考試，成為合法執業的一級或二級超能力師。一級超能力師增山圭太郎，為了讓成長過程中傷痕纍纍的超能力者有個安身立命之處，於是創設了「增山超能力師事務所」，讓各懷絕技的超能力師齊聚一堂，以超能力謀生及幫助人們的同時，也能展現最真實的自己。隨著一件一件委託案順利的解決，超能力師之間的羈絆也逐漸加深……增山為有雙重人格的文乃築起正義的堡壘，但碰上了發火能力特強的悅子，他該怎麼辦呢？阿健和篤志的宅心聲，是否有人願意傾聽？身分證欄為「男性」的俏麗實習生明美，到底喜歡當男還是當女？還有，千萬別小看大嬸級成員朋江的直覺力……透視、遠距離讀心、意念阻擋、瞬間移動、心靈照相、放火、物體媒介感應……請看充滿想像力與power的超能力師，全面真心出擊！,3,作品設定在現代架空的東京都，符合使用者對現代背景的要求（且接受微量超能力要素）。主角增山圭太郎已是一級超能力師且創立事務所，並非從零開始練等，避開了使用者厭惡的公式化成長過程。從劇情描述看，主角扮演的是引導與照顧他人的成熟角色，非中二或死屁孩。整體高度契合使用者需求。
q8,"希望作品是
1.背景為現代
有槍砲炸藥之類的比較有代入感，對武俠/奇幻沒興趣，現代但有些微科幻/超能力要素沒關係
2.主角不是從0開始練等
漏漏長的成長過程會讓我想睡，大概是從看完鬥破蒼穹那公式化的遇強敵→隊友幫扛→遇到機運→變強反殺→前往下個城鎮→遇強敵，之後再也不想看這種了
3.主角非中二/死屁孩
不要太嚴重就好，隱殺主角偶爾也會屁孩一下但是是那種大人逗小鬼玩的感覺就不會反感",98533937-24b3-51ea-bf94-26b6fb549011,噬魂盟約,極歛恆,58.0,連載,"戀愛, 戰鬥, 黑暗, 復仇, 異能, 戰爭, 原生幻想, 華文輕小說",被「國際英雄聯盟（IHA）」列為地球上最兇險的超能罪犯——【黃金惡魔（Golden Devil）】伊景能，在某天竟然主動提出要和聯盟合作？而他幫助英雄聯盟的唯一條件，竟然是和就任不到一年的海灣國英雄新人——【神風天使】莉莉安「同居」!?面對這個世界各國都無法應對的絕對戰力，「IHA」只能應許伊景能的要求。而令人意外地講求守信的他為了履行這份「盟約」，伊景能將會在英雄們遇上危機時，出手替他們對付那些危害超能社會治安的棘手怪物——「靈魔」，以及眾多盤據城市暗角、各懷鬼胎的黑暗勢力。至於他本次前來的目的，則是為了追查大批從日本運送而來、名為「容器」的高科技產物。該小型裝置是由惡名昭彰的全球性超能恐怖組織「審判日」所研發，能夠以神秘的運作方式收納「靈魔」並喚為己用，伊景能研判組織可能打算利用大量的「容器」在海灣國引發大型恐怖攻擊。不過為何「審判日」要挑上這座東方小島國創造混亂、以及【黃金惡魔（Golden Devil）】選擇與「IHA」締結盟約的原因，皆不得而知。在看似簡單的條件背後，伊景能究竟在暗中打著什麼如意算盤？身為全球頭號罪犯的他，又為何要孤身一人對抗世界？滿懷正義的英雄少女 × 世間最惡的超能反派——價值觀截然不同的兩人，究竟又會在同居生活中擦出什麼耀眼的火花呢？於命運交錯的華麗舞台「海灣國」上演的——壯闊而史詩的宿命序曲，隆重開幕。,3,作品符合用戶所有核心要求：1. 背景為現代超能力社會，包含高科技裝置與城市戰爭，符合現代背景需求。2. 主角伊景能設定為『全球最兇險的超能罪犯』且擁有『絕對戰力』，並非從零開始練等，完美避開用戶厭惡的公式化成長過程。3. 主角形象為成熟且強大的反派/反英雄，非中二死屁孩，符合用戶對主角性格的偏好。
q8,"希望作品是
1.背景為現代
有槍砲炸藥之類的比較有代入感，對武俠/奇幻沒興趣，現代但有些微科幻/超能力要素沒關係
2.主角不是從0開始練等
漏漏長的成長過程會讓我想睡，大概是從看完鬥破蒼穹那公式化的遇強敵→隊友幫扛→遇到機運→變強反殺→前往下個城鎮→遇強敵，之後再也不想看這種了
3.主角非中二/死屁孩
不要太嚴重就好，隱殺主角偶爾也會屁孩一下但是是那種大人逗小鬼玩的感覺就不會反感",1fcc65cc-3ba8-586d-b570-98c26c8e910d,異次元流浪者,眉村卓,4.9,完結,"科幻, 懸疑, 其他文庫, 日本輕小說",一場雨、一架飛機也能扯上核戰爭；D-26世界、異次元流浪者、激光槍、巴拉萊卡他說的都是些什麼東西呀！他從哪裡來？他到底是誰？有什麼不可告人的目的？校園風波會平靜嗎？答案就要揭曉了……轉自輕之國度,3,作品背景涉及核戰爭、激光槍及校園，完全符合使用者對現代/科幻及槍砲要素的需求；主角被設定為神秘的「異次元流浪者」，其身分與目的成謎，避開了使用者厭惡的「從0開始練等」公式化成長路徑，且整體氛圍偏向懸疑而非中二死屁孩風格，與使用者需求高度匹配。
q8,"希望作品是
1.背景為現代
有槍砲炸藥之類的比較有代入感，對武俠/奇幻沒興趣，現代但有些微科幻/超能力要素沒關係
2.主角不是從0開始練等
漏漏長的成長過程會讓我想睡，大概是從看完鬥破蒼穹那公式化的遇強敵→隊友幫扛→遇到機運→變強反殺→前往下個城鎮→遇強敵，之後再也不想看這種了
3.主角非中二/死屁孩
不要太嚴重就好，隱殺主角偶爾也會屁孩一下但是是那種大人逗小鬼玩的感覺就不會反感",c108ce09-2d58-51b6-a2e4-6eecf6af8243,利維坦的戀人,犬村小六,51.3,完結,"科幻, 異能, 戰鬥, 戀愛, 小學館, 日本輕小說",2027年，來歷不明的病毒為人類帶來了一場空前的毀滅性浩劫，全世界只有1%的人得以倖存。半世紀後的日本，身為新興移民市鎮．調布新町的守護者，善於練氣的久坂由紀在一次掃蕩強盜的任務中，與一名擁有不死之身的少年在二子玉川的鐵橋上展開了一場天翻地覆的激戰。同是「特進種」的兩人就此結下了不解之緣。日後，由紀率領成了部下的少年組成馬車隊前往採集物資，途中遭到來自姬路移民地、奉命前來尋找由紀下落的鳥邊野大隊趁虛而入，水火不容的兩人將如何化解性命之危？,2,作品背景為末日後的現代日本，符合使用者對現代/科幻/異能的需求，且主角已是具備能力的「特進種」，避開了使用者最反感的『從零開始練等』及公式化成長過程。雖然提到『練氣』可能略微接近武俠元素，但整體框架仍屬科幻異能，且未明確提到大量槍砲炸藥，故給予 2 分。
q9,"想請各位大大推薦一下這類的輕小說或小說，大陸網文也可以（我就是看了某部大陸網路輕小說才想找一些這類型的故事來看

世界觀再細一點的話
就是那種奇幻元素並不普及於所有人，只有少部份人擁有特殊能力，或是一些非人種族不會輕易在人前現身，隱藏在人類社會中那種都市奇幻類型",0a260d35-4102-5b54-a5ac-8108ce2cbb51,街談巷議錄,欞樺鹽,8.5,連載,"百合, 奇幻, 校園, 戀愛, 人外, 推理, 犯罪, 異能, 原生幻想, 華文輕小說",這一次我再也不會失去你！就算與神明交易也無所謂。就算全世界都忘記我也無所謂。只要能再見到你就好！在重置後的世界遇見了自稱捉鬼人的靈異偵探-南宮龍之介後遇見了源源不斷的怪異案件。。失控的颶風鳥獸，不斷自殺的人們，突然消失的眾多少女以及發掘出來的慘案。關於現代的怪異案件，不斷解決的怪異！令人緊繃的怪異！如深淵一般的怪異奇潭！！！,3,推薦書目屬於現代都市奇幻設定，包含靈異偵探、捉鬼人以及解決怪異案件的劇情，符合使用者要求的「奇幻元素不普及於所有人」以及「隱藏在人類社會中」的都市奇幻核心需求。
q9,"想請各位大大推薦一下這類的輕小說或小說，大陸網文也可以（我就是看了某部大陸網路輕小說才想找一些這類型的故事來看

世界觀再細一點的話
就是那種奇幻元素並不普及於所有人，只有少部份人擁有特殊能力，或是一些非人種族不會輕易在人前現身，隱藏在人類社會中那種都市奇幻類型",e012fb82-b760-52fe-ac73-2c64aabd4e7c,龍族,李榮道,156.9,完結,"奇幻, 冒險, 戰鬥, 異能, 人外, other, 韓國輕小說",《龍族》所設定的世界觀，在精靈、妖精、龍、矮人和魔法、武術以及各種種族間的和諧和摩擦描寫得靈動細膩，令人深思，在探討人類與生靈關係，討論著「人類本質」哲理，一反沉重乏味，其冒險驚險刺激，對話生動活潑，內容幽默風趣，對於國家和英雄有不一樣的看法，以第一人稱方式描寫，且隱藏伏筆，更令人拍案叫絕，建構一個精採的奇幻魅力世界！,1,用戶明確要求的是「都市奇幻」且「奇幻元素隱藏在人類社會中」的設定。而推薦的書籍簡介中提到精靈、矮人、龍等多元種族的共存與摩擦，更像是一般的高奇幻（High Fantasy）世界觀，而非隱藏於現代都市的設定，因此與用戶的核心需求不符。
q9,"想請各位大大推薦一下這類的輕小說或小說，大陸網文也可以（我就是看了某部大陸網路輕小說才想找一些這類型的故事來看

世界觀再細一點的話
就是那種奇幻元素並不普及於所有人，只有少部份人擁有特殊能力，或是一些非人種族不會輕易在人前現身，隱藏在人類社會中那種都市奇幻類型",05ca8f6e-e52d-5764-acf8-76f80b657b63,The. Feast. of. The. Moon.,ホシノ,8.5,連載,"校園, 青春, 異能, 原生幻想, 華文輕小說",隕石墜下，一夜之間出現大量超能力者?!能力者們的校園日常！,2,用戶明確要求超能力不普及、僅少部分人擁有或隱藏在人類社會中的都市奇幻設定。而推薦書籍提到「大量超能力者」一夜之間出現，這與用戶尋求的「稀有/隱藏」核心意圖相悖，雖然類型相近但設定不符。
q9,"想請各位大大推薦一下這類的輕小說或小說，大陸網文也可以（我就是看了某部大陸網路輕小說才想找一些這類型的故事來看

世界觀再細一點的話
就是那種奇幻元素並不普及於所有人，只有少部份人擁有特殊能力，或是一些非人種族不會輕易在人前現身，隱藏在人類社會中那種都市奇幻類型",eebebd25-8ca5-58e4-aec5-06c50fd13d2e,非人學生與厭世教師,來棲夏芽,44.8,連載,"奇幻, 校園, 後宮, 人外, MF文庫J, 日本輕小說",我是年近三十的人間零，因人際關係受到創傷而成為尼特。後來終於鼓起勇氣，打算轉任到大自然圍繞的山中學校，用悠哉的教師生活復健──結果那裡竟然是教育非人類種族成為人類的女校？人魚族水月鏡花、狼人尾尾守一咲、兔子右左美彗、鳥族羽根田帷……我與這幾位奇異學生們的生活就這樣開始了。為何想成為人類，成為人類以後想做些什麼──藉由這些問題，我也重新學習何謂「人類」。這不是異世界奇幻篇章，也不是重啟人生的轉生冒險，就只是平凡教師在有點奇特的學校，與幾個目標成為人類的非人少女們相處的故事。,3,該書高度契合使用者要求的「都市奇幻」與「非人種族隱藏在人類社會」的核心需求。故事設定在非人類種族學習成為人類的學校，且明確提到並非普及的異世界設定，與使用者想找的「少數人擁有特殊能力或非人種族不輕易現身」的世界觀完全一致。
q8,"希望作品是
1.背景為現代
有槍砲炸藥之類的比較有代入感，對武俠/奇幻沒興趣，現代但有些微科幻/超能力要素沒關係
2.主角不是從0開始練等
漏漏長的成長過程會讓我想睡，大概是從看完鬥破蒼穹那公式化的遇強敵→隊友幫扛→遇到機運→變強反殺→前往下個城鎮→遇強敵，之後再也不想看這種了
3.主角非中二/死屁孩
不要太嚴重就好，隱殺主角偶爾也會屁孩一下但是是那種大人逗小鬼玩的感覺就不會反感",ce42efae-af18-5ff8-b61c-3e8e477edd6a,魔法禁書目錄外傳 王牌御坂美琴 對 女王食蜂操祈!！,鐮池和馬,30.9,完結,"校園, 科幻, 異能, 戰鬥, 大小姐, 女性視角, 電擊文庫, 日本輕小說",超能力者認真戰鬥的話，哪邊更強?遲早會來的衝突終於爆發了。「超電磁炮」御坂美琴。「心理掌握」食蜂操祈。可以說是名門常盤台中學的大小姐兩大頂點的特別的少女們。或許在某種意義上這場衝突是必然的，已經不講規矩禮儀道德底線了，超能力者與超能力者動真格的正面衝突，即使破壞當今世界的全部也要分出勝負。無論周圍的人變成什麼樣，都要發揮出作為超能力者的全力。在學園都市裡，第三位與第五位使勁渾身解數的情況下，更強的是哪邊!,3,本作背景為現代科幻的學園都市，符合用戶對現代背景及微科幻/超能力要素的接受度。主角兩人均為頂尖超能力者（第3位與第5位），並非從零開始的成長路線，完全避開了用戶厭惡的公式化練等過程。角色性格雖為學生但具有一定的社會地位與成熟度，不屬於用戶排斥的死屁孩類型。
q9,"想請各位大大推薦一下這類的輕小說或小說，大陸網文也可以（我就是看了某部大陸網路輕小說才想找一些這類型的故事來看

世界觀再細一點的話
就是那種奇幻元素並不普及於所有人，只有少部份人擁有特殊能力，或是一些非人種族不會輕易在人前現身，隱藏在人類社會中那種都市奇幻類型",3d2a2435-19ca-5c5d-a6cc-21ef1a59c1e3,合法單向通行,anna,25.5,連載,"青春, 腦洞, 後宮, 校園, 戀愛, 青春日常, 華文輕小說",自閉男大實際身份竟是異能者？！自認為平凡的大二學生薑歌有一個秘密:無所不能，行其所想；少年掌握著足以被稱作超能力的奇妙異能。在這座城市中擁有著近乎絕對的自由——姜歌卻依舊過著平凡，甚至枯燥的日常生活。……簡直就像是奇幻作品裡的單向線角色一樣。那麼，在某個時刻，在與其它的超能力者相遇後，時間回溯，認知操縱，緯度替換……他可以把這些同樣行使異能的非法逆行者，帶回到平靜現實的正道上來嗎?「……真是夠了啊。」答案很顯然，因為，這不過是個最普通的故事罷了。,3,推薦書籍完全符合用戶的需求。用戶尋找的是「都市奇幻」類型，且強調能力者少數且隱藏在人類社會中。該書描述主角是隱藏身份的異能者，且故事涉及與其他少數異能者的接觸，設定與用戶要求的世界觀高度一致。
q9,"想請各位大大推薦一下這類的輕小說或小說，大陸網文也可以（我就是看了某部大陸網路輕小說才想找一些這類型的故事來看

世界觀再細一點的話
就是那種奇幻元素並不普及於所有人，只有少部份人擁有特殊能力，或是一些非人種族不會輕易在人前現身，隱藏在人類社會中那種都市奇幻類型",a54862cf-145d-54a5-882d-e4f194b47c4b,奧爾森王國史 ～野蠻的獸人之國如何燒毀和平的精靈之國～,樽見京一郎,52.2,連載,"奇幻, 冒險, 戰爭, 異能, 人外, 其他文庫, 日本輕小說",「槍與魔法」的時代。擁有以奧克族為首的多數魔種族的聯合國家奧克森，以及美麗精靈之國艾爾芬多。在歷史對立加深的兩國國境，獸人之王古斯塔夫與被趕出故國的黑暗精靈族長迪涅魯斯，完成了命運的邂逅……。和平的精靈之國被野蠻的獸人燒盡——顛覆這種「異世界幻想存在」常識的異世界戰記在此誕生！,0,使用者明確要求的是「都市奇幻」類型，且強調非人種族或異能需隱藏在人類社會中。而推薦的書籍是典型的「高奇幻/異世界」設定，描述獸人與精靈兩國之間的戰爭，世界觀完全不符合使用者要求的都市隱蔽設定。
q9,"想請各位大大推薦一下這類的輕小說或小說，大陸網文也可以（我就是看了某部大陸網路輕小說才想找一些這類型的故事來看

世界觀再細一點的話
就是那種奇幻元素並不普及於所有人，只有少部份人擁有特殊能力，或是一些非人種族不會輕易在人前現身，隱藏在人類社會中那種都市奇幻類型",0516742a-08ba-5e40-bf90-65e068f8b256,就算身為最後的人類,庵田定夏,23.0,完結,"轉生, 奇幻, 後宮, 人外, Fami通文庫, 日本輕小說",一睜開雙眼，竟身處異世界。人類已經滅絕，裕司在一個多種族共存的世界存活下來。常言道天下無白吃的午餐——想在講求實力主義的世界生存，他所選擇的職業是……擔任亞人少女們的教師！？聖靈族的沙夏，雪人族的艾咪，妖狐族的凜，來到他身邊的是三名天真又可愛的少女。沒想到，這些擁有潛在能力的少女們，卻是不符合世界規範的問題兒童……！？且看跨越種族鴻溝的異文化奇幻交流就此開演！,1,使用者明確要求的是「都市奇幻」且「非人種族或能力隱藏在人類社會中」的設定。而推薦的書籍是「異世界」設定且「人類已滅絕」，奇幻種族共存是該世界的常態而非隱藏，與使用者的核心需求完全相反。
q9,"想請各位大大推薦一下這類的輕小說或小說，大陸網文也可以（我就是看了某部大陸網路輕小說才想找一些這類型的故事來看

世界觀再細一點的話
就是那種奇幻元素並不普及於所有人，只有少部份人擁有特殊能力，或是一些非人種族不會輕易在人前現身，隱藏在人類社會中那種都市奇幻類型",a064c138-7312-5028-844c-92b0f75c7493,魔劍的愛莉絲貝兒,赤松中學,85.2,完結,"校園, 異能, 戰鬥, 後宮, 妹妹, 電擊文庫, 日本輕小說",現代的日本。被稱之為「異能」的人士潛伏於社會的黑暗角落，彼此間展開超乎尋常的戰鬥。將這些身懷異能的少男少女齊聚一堂，秘密施行隔離教育的高中「居鳳高」。對自己的能力毫不知情的原田靜刃被強迫入學，在那裡，他遇見了就讀魔女班的資優生，黑髮雙馬尾美少女愛莉絲貝兒。兩人在彼此吵嘴中卻也開始並肩作戰，並與「吞食戀慕之心，創造異能武器」的美女妖怪「貘」，三人之間陷入了奇妙的三角關係……,3,該書完全符合用戶要求的「都市奇幻」設定：背景為現代社會，且異能者與非人種族（如魔女、妖怪）潛伏在社會暗處且不為一般大眾所知，且有專門的秘密教育機構，與用戶描述的「奇幻元素不普及」、「隱藏在人類社會中」的核心需求高度一致。
q9,"想請各位大大推薦一下這類的輕小說或小說，大陸網文也可以（我就是看了某部大陸網路輕小說才想找一些這類型的故事來看

世界觀再細一點的話
就是那種奇幻元素並不普及於所有人，只有少部份人擁有特殊能力，或是一些非人種族不會輕易在人前現身，隱藏在人類社會中那種都市奇幻類型",41084dbf-83b9-5b56-9d6a-c829086281df,不炫耀異能的她們更加可愛,榛名千紘,12.8,連載,"校園, 青春, 異能, 後宮, 青梅竹馬, 電擊文庫, 日本輕小說",特殊也好，普通也罷，願糾結於「個人角色」而煩惱著的你能夠收穫幸福！「從古至今，魅魔總是千篇一律的角色呢」神傳生——這是指從只在第二性徵發育的青春期開始，覺醒了像魅魔或雪女這樣的幻想生物特徵——但因為能力太弱，無法對社會產生影響，因此融入現代社會的年輕人們。普通的男子高生古森翼，總是被青梅竹馬的魅魔前輩——齋院朔夜折騰得團團轉，因此決定成立接受學生煩惱諮詢的『文藝部（ ）』。就在這樣的他身邊，貓娘（Werecat）辣妹JK——獅子原真音突然找上門來……？「我啊，個性是不是比大家的要弱啊？」「哈？」些許特殊的她們，卻依然有著尋常的青春期煩惱。對於這些身懷異能的她們，作為普通人的『我』能做的是——？,3,該書設定完全符合使用者要求的「都市奇幻」類型：僅少數人覺醒幻想生物特徵（如魅魔、雪女、貓娘），且這些非人種族隱藏在現代人類社會中生活，與使用者的核心需求高度匹配。
q9,"想請各位大大推薦一下這類的輕小說或小說，大陸網文也可以（我就是看了某部大陸網路輕小說才想找一些這類型的故事來看

世界觀再細一點的話
就是那種奇幻元素並不普及於所有人，只有少部份人擁有特殊能力，或是一些非人種族不會輕易在人前現身，隱藏在人類社會中那種都市奇幻類型",ab5f7a7c-1e06-5e48-a51a-d7f0d289fdc6,黑貓 BLACK CAT,大崎知仁,19.5,完結,"奇幻, 異能, 冒險, 戰鬥, 戀愛, 人外, 集英社, 日本輕小說",托雷是個擁有黑貓這個特殊稱號、黑暗世界中人人畏懼的殺手。不過，他現在和夥伴史恩一同從事以逮捕惡人為生的獎金獵人一職。要為弟弟報仇的謎樣人物、想和他們組成同盟的女小偷，最後連為了要招攬托雷一同進行「革命」的昔日友人都出現在托雷面前……,3,該作品符合使用者要求的「都市奇幻」設定，故事發生在一個與現實相似但隱藏著「黑暗世界」的社會中，只有少數擁有異能的人或殺手存在，且這些特殊能力並不普及於一般大眾，完全符合使用者對於「特殊能力少數化」與「隱藏在人類社會中」的核心需求。
q9,"想請各位大大推薦一下這類的輕小說或小說，大陸網文也可以（我就是看了某部大陸網路輕小說才想找一些這類型的故事來看

世界觀再細一點的話
就是那種奇幻元素並不普及於所有人，只有少部份人擁有特殊能力，或是一些非人種族不會輕易在人前現身，隱藏在人類社會中那種都市奇幻類型",50d2af6d-a7e9-5f9a-890e-d554b6b73266,英雄霸道的狐巫女,岩山驅,9.9,連載,"奇幻, 冒險, 後宮, 人外, 其他文庫, 日本輕小說",在一個人類與「精靈獸」共存，一同走過漫長歷史的世界。繼承英雄血脈的少年‧亞爾夫卻只能召喚出小小的狐狸精靈獸，因而遭親生父親逐出家門。亞爾夫變得無依無靠，但是他召喚出來的小狐狸，竟是過去曾經侍奉過某位英雄的──「傳說中的狐巫女」。亞爾夫經過和狐巫女的修行後，躋身成為退魔組織的頂尖特務。他奉命執行一項任務，就是潛入發生某事件的學園，執行卧底任務……？「汝你有與我共同走上霸道的覺悟嗎？」人類與精靈獸，以及魑魅魍魎橫行的現代，全新怪異綺譚開幕。,3,該書設定在現代社會，且包含除魔組織以及隱藏在人類社會中的精靈獸與怪異，符合使用者要求的「都市奇幻」類型以及「非人種族隱藏在人類社會中」的世界觀設定。
q9,"想請各位大大推薦一下這類的輕小說或小說，大陸網文也可以（我就是看了某部大陸網路輕小說才想找一些這類型的故事來看

世界觀再細一點的話
就是那種奇幻元素並不普及於所有人，只有少部份人擁有特殊能力，或是一些非人種族不會輕易在人前現身，隱藏在人類社會中那種都市奇幻類型",f1cb55fc-4edc-5ead-9b20-53d1d9937c09,MONSTER DAYS,扇友太,15.6,完結,"奇幻, 戰鬥, 人外, MF文庫J, 日本輕小說",一切從一千兩百年前的「邂逅之日」開始——魔物出現在世界上，裡面包括龍、包括妖狐、包括巨人。於是有了戰爭、有了魔王、有了英雄。經歷了許多的戰鬥、犧牲、時日，人類與魔物勉強得以共存。話雖如此，人魔之間依舊摩擦不斷。為了維持雙方的和平，人魔調停局的新人勤務官萊爾·安格雷今天依然在案件和上司歐洛德的斥責中奮戰。某天，希望加入社會的外部魔物聚落「龍羽之里」派人來訪，他和搭檔獨角獸愛露密斯受命護衛使者。不過，他們的護衛對象不但是龍族的公主，還是一名稚齡少女——她的安危將影響整個世界的局勢！？看似普通的護衛任務，竟隱藏著各種陰謀與惡意……萊爾和愛露密斯能堅持到最後嗎？,1,使用者明確要求「奇幻元素不普及」且「隱藏在人類社會中」的都市奇幻設定。然而，該書描述的是人類與魔物「勉強共存」且設有「人魔調停局」的世界觀，顯示魔物的存在是公開且制度化的，這與使用者追求的「秘密/隱藏」設定相悖。
q9,"想請各位大大推薦一下這類的輕小說或小說，大陸網文也可以（我就是看了某部大陸網路輕小說才想找一些這類型的故事來看

世界觀再細一點的話
就是那種奇幻元素並不普及於所有人，只有少部份人擁有特殊能力，或是一些非人種族不會輕易在人前現身，隱藏在人類社會中那種都市奇幻類型",5f0e83ff-2b8c-51f1-8829-07183f25cf19,怪獸少女的青春物語,呆殼獸,2.5,連載,"奇幻, 校園, 青春, 戀愛, 人外, 原生幻想, 華文輕小說",「要是被他們看到我帽子裡面藏著的獸耳的話，我肯定會被當成怪物吧！」「要是被爸爸媽媽看到我額頭上長的眼睛和藏在帽子里的獸耳的話，我應該會被驅逐出去吧！」「我本來就是個來歷不明的孤兒，我到底是什麼生物啊！！」這是個讓少女獲得安心感獲得溫暖的故事，也是個少年從負到零的故事,3,該小說描述主角必須隱藏自身的非人特徵（獸耳、額頭之眼）以避免被視為怪物或被社會驅逐，完全符合用戶要求的「非人種族隱藏在人類社會中」以及「都市奇幻」的核心設定。
q9,"想請各位大大推薦一下這類的輕小說或小說，大陸網文也可以（我就是看了某部大陸網路輕小說才想找一些這類型的故事來看

世界觀再細一點的話
就是那種奇幻元素並不普及於所有人，只有少部份人擁有特殊能力，或是一些非人種族不會輕易在人前現身，隱藏在人類社會中那種都市奇幻類型",0b561407-23d0-596e-b120-5f57577d6a5b,0能者九條湊,葉山透,112.1,連載,"奇幻, 異能, 戀愛, 電擊文庫, 日本輕小說",科學發展興盛至極的時代。然而在這樣的時代，仍有許多異形悄悄潛伏於各處，知其存在的人們稱之為「異怪」——異怪類型五花八門，有些可愛得有如從童話里現身；有些恐怖又殘酷、將人啃肉噬骨、血肉橫飛；也有些從不曾現身，只是寄生人身、吞食生氣而活——在以剷除異怪為業的人物當中，有一名極為另類的青年——九條湊。這名青年不具任何靈力、法力、神通力等異能，被人們揶揄為「零能者」。他講話刻薄，個性荒誕，行事作風讓人直搖頭，活脫脫是個怪咖。但、他卻總能以令人意想不到的手法斬妖除魔，解決無數的異怪事件！——「0能者」九條湊。他究竟是天才？抑或根本是詐欺犯？華麗炫目的現代怪譚，靈幻登場！,3,該書完全符合使用者的需求：設定在現代科學時代的都市奇幻背景，且異形（異怪）隱藏在人類社會中，僅有少數特定人物知曉並與之對抗，精準命中「都市奇幻」以及「能力/非人種族隱藏在人類社會」的核心要求。
q9,"想請各位大大推薦一下這類的輕小說或小說，大陸網文也可以（我就是看了某部大陸網路輕小說才想找一些這類型的故事來看

世界觀再細一點的話
就是那種奇幻元素並不普及於所有人，只有少部份人擁有特殊能力，或是一些非人種族不會輕易在人前現身，隱藏在人類社會中那種都市奇幻類型",582cdcaa-69d0-5810-85cd-b01d51aea93b,這家咖啡廳大有問題,滴答貝爾,5.5,連載,"戰鬥, 異能, 女性視角, 原生幻想, 華文輕小說",期遭到校園霸凌的神堂雅意外的發現自己體內存在著另一個人。也正因為這個發現，她認識了一位奇怪的咖啡廳店長。在一系列的機緣巧合下，神堂雅成為了這家咖啡廳的員工。可為什麼，這家咖啡廳里一個正常人都沒有？能夠化龍的少女、活了幾千年的九尾狐、被封印了百年的吸血鬼……也正是加入了這家咖啡廳，神堂雅認識了這個世界的另一面。她的人生也因為加入這家咖啡廳，發生了翻天覆地的變化。,3,推薦書籍完全符合用戶的需求。其世界觀設定為都市奇幻，描述了隱藏在人類社會中的非人種族（如龍、九尾狐、吸血鬼）以及少數擁有特殊能力的人，且主角是透過特定契機才發現世界的另一面，精準契合用戶要求的「非普及」且「隱藏在人類社會」的設定。
q9,"想請各位大大推薦一下這類的輕小說或小說，大陸網文也可以（我就是看了某部大陸網路輕小說才想找一些這類型的故事來看

世界觀再細一點的話
就是那種奇幻元素並不普及於所有人，只有少部份人擁有特殊能力，或是一些非人種族不會輕易在人前現身，隱藏在人類社會中那種都市奇幻類型",974b9be4-5137-57f4-880c-febb435858db,變裝魔界留學生,野島研二,105.5,連載,"校園, 奇幻, 歡樂向, 後宮, 人外, MF文庫J, 日本輕小說",能力值永遠卡在九十九的普通班學生──春日理刀，夢想進入能力開發科「星光班」，實現助人的願望。他聽說吃了魔界食物，便能提高自己的能力值，於是計畫接近來自魔界的短期留學生──絲啾絲！為此，理刀潛入歡迎留學生的派對，但這位絕代大美女絲啾絲竟缺席了。大失所望的理刀悄悄離開派對，卻莫名其妙被一隻長得像蜥蜴的龍寄生！正當他不知所措的時候，一名外表稚嫩、口氣有些大牌的可愛美少女叫住了他……跨越種族的奇幻愛情故事，就此開鑼！,2,本書符合用戶要求的「都市奇幻」設定，且包含非人類種族（魔界留學生、龍）生活在人類社會中。雖然書中提到有「能力開發科」，暗示特殊能力在該世界觀中可能已有一定的體制化而非完全隱藏，但整體仍符合用戶對非人種族與都市奇幻元素的偏好。
q9,"想請各位大大推薦一下這類的輕小說或小說，大陸網文也可以（我就是看了某部大陸網路輕小說才想找一些這類型的故事來看

世界觀再細一點的話
就是那種奇幻元素並不普及於所有人，只有少部份人擁有特殊能力，或是一些非人種族不會輕易在人前現身，隱藏在人類社會中那種都市奇幻類型",bb298c35-85fe-5146-b610-541d32ee02fd,超！異世界班級！！,空野一樹,10.8,連載,"奇幻, 歡樂向, 後宮, 人外, HJ文庫, 日本輕小說",「異界事變」使現代社會開始與眾多異世界交流。精靈、女騎士、吸血鬼、貓耳娘、妖精、甚至連魔王都能輕易造訪日本，而為他們所設置的學校，則是被稱為《異特班》的特殊高級中學班級！在異特班擔任班長的少年——真守，展開被異世界同學們依賴、喜愛，充實的學園生活！,1,用戶明確要求的是「奇幻元素不普及」且「隱藏在人類社會中」的都市奇幻設定。然而，推薦書籍的設定是現代社會與異世界「開始交流」且非人種族可以「輕易造訪日本」，這屬於開放式的異世界共存設定，與用戶要求的「隱藏/秘密」核心意圖正好相反。
q9,"想請各位大大推薦一下這類的輕小說或小說，大陸網文也可以（我就是看了某部大陸網路輕小說才想找一些這類型的故事來看

世界觀再細一點的話
就是那種奇幻元素並不普及於所有人，只有少部份人擁有特殊能力，或是一些非人種族不會輕易在人前現身，隱藏在人類社會中那種都市奇幻類型",caebe0eb-0bc7-5ab1-a524-c331c2022d42,敗犬之牙FANG OF UNDERDOG,朝浦,34.1,連載,"奇幻, 異能, 戰鬥, 人外, 集英社, 日本輕小說",即使是喪家之犬，依然擁有獠牙。所謂的「陣」，是一種可以操控世間萬物的命令。這是由一個曾經存在的國家「日本」所研發出來的，使世界遭受徹底破壞的技術，藉由讓「漢字」進入身體，加以組合的方式，能夠發揮出各式各樣的能力。然而，世人對一度毀滅世界的技術「陣」抱有警戒，對運用此種技術者——陣士——更懷有強烈敵意，將之視為暗殺對象。即使對這些事情都有所理解，名為「亞爾克」的少年依舊希望成為陣士。在他心中，已經揮別了身為劍豪一族「府津羅」後人的自己，以及堪稱最強劍士的兄長。決定與搭檔結仁一同挑戰陣士選拔錦標賽的亞爾克，阻擋在他們前方的對手是……！？年輕的喪家之犬露出獠牙！無賴派和風戰鬥動作小說！！,1,使用者明確要求的是「都市奇幻」且「奇幻元素隱藏於人類社會」的設定。雖然推薦書籍包含異能與人外元素，但其世界觀是關於一種毀滅世界的技術（陣）及其使用者被世人警戒與敵視，更偏向戰鬥動作類奇幻，而非將超自然力量隱藏在現代都市中的設定，與使用者的核心需求（隱藏設定、都市背景）不符。
q9,"想請各位大大推薦一下這類的輕小說或小說，大陸網文也可以（我就是看了某部大陸網路輕小說才想找一些這類型的故事來看

世界觀再細一點的話
就是那種奇幻元素並不普及於所有人，只有少部份人擁有特殊能力，或是一些非人種族不會輕易在人前現身，隱藏在人類社會中那種都市奇幻類型",83924061-a59c-5a2e-921b-fa9ec751b0cf,死亡後的再次転生，這算是好事嗎？,欞樺鹽,23.1,連載,"戰鬥, 奇幻, 異能, 戀愛, 後宮, 龍傲天, 格鬥, 群像, 冒險, 原生幻想, 華文輕小說",本該是臨死之人的我被告知可以再次轉生回原來的世界。在第一次轉生的世界中所向披靡，這次的第二次轉生我終於可以回到現代世界中。但與普通的世界好像又不同。異能者與妖精。古魔書與遺具。錯綜複雜的聯繫使我一步步挖掘這未知的深淵。於是，在這個怪異的世界裡，在這荒謬的事件中。我不斷見證。,3,該書設定在現代世界，且包含異能者與妖精等非人元素，並提到這是一個與普通世界不同的「怪異世界」，符合使用者要求的「都市奇幻」以及「特殊能力/非人種族隱藏在人類社會中」的核心需求。
q10,"像是果青友少這種的
年份的話最近三到五年為主
背景是校園戀愛喜劇為主
有複數女角讓男主多選一
啊不要開場就有女朋友鎖死的
那種我覺得其他女角只是浪費時間而已",a1f4c233-c841-542d-b4d9-c502be866d6f,成為校園三大美女的小白臉,曉貴貴,8.5,連載,"校園, 青春, 戀愛, 歡樂向, 後宮, 妹妹, 富士見文庫, 日本輕小說",眾人憧憬的「校園三大美女」──烏丸千景、小野司以及醍醐櫻子。對於既貧窮又孤獨的我──京坂京而言，她們是高不可攀的存在……原本應該是這樣。直到我救了差點遭遇襲擊的三人後，便被她們熱情愛慕著。「我想儘可能縮短與你的距離。多認識京坂一點。」然後三人向我提供了協助實現她們願望的打工。原以為只是普通打雜，內容卻越來越大膽……「欸，抱緊我嘛。」「要不要來玩親親～？」「你摸摸那裡。用力一點。」每個要求都是——「「「沒關係，這是打工的一環嘛！」」」時薪五千圓的甜蜜恩愛生活……這不正是小白臉嗎？「沒錯。我們就是想養阿京。」學園後宮小白臉愛情喜劇正式開幕！,3,該書完全符合使用者的需求：背景為校園戀愛喜劇，具有後宮（複數女角）設定讓男主選擇，且男主角開場為單身（孤獨狀態），並非已有女友鎖死，與使用者要求的核心意圖高度一致。
q10,"像是果青友少這種的
年份的話最近三到五年為主
背景是校園戀愛喜劇為主
有複數女角讓男主多選一
啊不要開場就有女朋友鎖死的
那種我覺得其他女角只是浪費時間而已",2f8e8e90-c731-52a9-bb44-6c65f089578f,敗北女角太多了！,雨森焚火,95.7,連載,"校園, 歡樂向, 青春, 戀愛, 後宮, 妹妹, 小學館, 日本輕小說",平常擔任班上背景人物的我──溫水和彥，偶然目擊人氣女同學八奈見杏菜被男生甩掉的失戀現場。「他明明說過要娶我當新娘，這不過分嗎？」「那是多久前的事了？」「大概四、五歲吧。」那不算數吧？以此為契機，田徑隊的燒鹽檸檬、文藝社的小鞠知花等洋溢著敗北感的女生接連登場──？「溫水，女生可以分成兩大類。如果不是青梅竹馬，就是狐狸精。」「原來如此，真豪爽的分類法。」……但願這些因為敗北而閃耀的少女們都能幸福。被敗北女角──敗女所環繞的謎樣青春，在此揭幕！,3,該作品完全符合使用者的需求：背景為近期（三五年內）的校園戀愛喜劇，具有複數女角（敗北女角們）圍繞男主角，且男主開場為單身背景人物，並非鎖死關係，與使用者要求的『多選一』及『不要開場就鎖死』完全吻合。
q10,"像是果青友少這種的
年份的話最近三到五年為主
背景是校園戀愛喜劇為主
有複數女角讓男主多選一
啊不要開場就有女朋友鎖死的
那種我覺得其他女角只是浪費時間而已",48683163-6b11-5c72-8788-3b3d47e2eda5,為何我總是成為S級美女們的話題,脇岡こなつ,25.9,連載,"校園, 青春, 戀愛, 後宮, 歡樂向, 角川文庫, 日本輕小說",「──其實我，最近有一場宿命的邂逅。」「我最近滿常在注意我打工那裡的一個常客喔～」女高中生姬川沙羅、小日向凜、高森結奈，具有無與倫比的美貌，受到全班不分男女的敬重與欣羨，人稱「Ｓ級美少女」。這樣的人聊起戀情，自然引起了全班一片嘩然，只有最不起眼的赤崎晴也暗自焦急。其實她們聊的那個男的都是赤崎晴也啦！晴也說什麼也不想在學校里引人注意，開始設法撲滅她們對他的興趣，結果全部造成反效果……不起眼男生與「Ｓ級美女」的校園後宮喜劇，開幕。,3,該書完全符合使用者的核心需求：背景為校園戀愛喜劇，具有後宮元素（多位S級美少女），且開場並未設定鎖死的女友，符合「多選一」的期待。
q10,"像是果青友少這種的
年份的話最近三到五年為主
背景是校園戀愛喜劇為主
有複數女角讓男主多選一
啊不要開場就有女朋友鎖死的
那種我覺得其他女角只是浪費時間而已",cb6f0301-83a6-58c5-8ffb-c998be59c3ac,這段青春存在隱情！,岸本和葉,16.7,連載,"校園, 青春, 戀愛, 歡樂向, 青梅竹馬, 後宮, 電擊文庫, 日本輕小說",高嶺之花是由努力以及謊言構成的。雖然有很多朋友，但是沒有摯友。運動和學習都很一般——自稱「不會表裡不一的高中生」的我花城夏彥，因為注意到自己憧憬的學生會長，八重樫可能沒有穿內褲的關係而被帶到了學生會室！體育會的王牌•一之瀨日和，天才肌（與生俱來的天才）的年上副會長•紫藤愛麗絲，沉默寡言，非常聰明的雙葉椿姬……在那裡，我目睹了謳歌璀璨青春的鳳明高中學生會的『隱情』。「距離畢業還有八個月，花城同學也要來幫忙！」「誒！那你是真的沒有穿嗎！！？」成績，朋友關係，面子——一切都是為了「完美的高中生活」。她們在那段璀璨的青春背後扼殺自己的個性，然後將我捲入她們的學生會活動之中！？任誰都會羨慕的快樂青春背後，或許藏著努力與謊言也不一定——與完美（？）的她們共度的秘密，偽裝的校園戀愛喜劇，開幕！,3,該書完全符合用戶的需求：背景為校園戀愛喜劇，標籤包含「後宮」，且從簡介看有多位女性角色（學生會長、運動王牌、副會長等）圍繞男主角，並非開場即有固定女友的設定，與用戶尋找的「多選一」且「非鎖死」的需求高度一致。
q10,"像是果青友少這種的
年份的話最近三到五年為主
背景是校園戀愛喜劇為主
有複數女角讓男主多選一
啊不要開場就有女朋友鎖死的
那種我覺得其他女角只是浪費時間而已",a05bc8b9-5a49-5e7e-bde8-27ca298b41cb,能夠率直說出喜歡的女生無雙,七菜なな,23.9,連載,"校園, 青春, 戀愛, 歡樂向, 後宮, MF文庫J, 日本輕小說",戀愛喜劇的必勝方法只有一個————那就是不停地傳達『喜歡』。對男高中生·和泉抱持戀心的女生們始終無法踏出那一步，日復一日地生活著。【校園偶像，只會在兩個人單獨相處的時候撒嬌】天琦雨音。【明明都被老家斷絕關係了，但是前未婚妻卻不肯放手】白菊白亞。【校園的小天使……身邊的小惡魔，意外地好搞定】春日波留。不過，轉到這所學校的是咋看之下很平凡，但生來就是主要女主角的·七緒七瀨。七緒用刁鑽的直球攻擊朝和泉發起猛攻。「和泉同學，我喜歡你。請和我交往」「來，啊～♪」「是和泉同學，把我變成這種女生的喔？」「「「這傢伙……竟然出手了!? 」」」驚慌不已的雨音她們也開始展開行動————!?,3,該書完全符合用戶的需求：背景為校園戀愛喜劇，具有後宮（複數女角）設定，且劇情描述多名女生競爭追求男主角，不存在開場即有固定女友的鎖死情況，與用戶的核心意圖高度匹配。
q10,"像是果青友少這種的
年份的話最近三到五年為主
背景是校園戀愛喜劇為主
有複數女角讓男主多選一
啊不要開場就有女朋友鎖死的
那種我覺得其他女角只是浪費時間而已",9015c824-aff5-5ced-b010-d311382175fd,別太愛我，孤狼不想開後宮。,凪木エコ,40.6,完結,"校園, 歡樂向, 青春, 戀愛, 後宮, 富士見文庫, 日本輕小說",不以孤獨為恥，痛恨屬於小團體而造成的壓力；獨處的時光是最奢侈的享受──秉持單身至上主義的高中生姬宮春一，原本盡情頌讚著他理想的校園生活。然而，學校里的完美女主角，美咲華梨卻說要幫助他交朋友，還被興趣超合得來的冷酷美人，羽鳥英玲奈纏上──春一哪能容忍單身生活遭到打擾的現況！「一個人很寂寞？要你們多管閑事，混帳！！」因為春一麻煩的個性，他主動一一拆掉旗標，卻不知道為什麼，獲得美少女們事與願違的盛讚，反而更受注目！彆扭孤狼開外掛的青春戀愛喜劇，堂堂揭開序幕！！,3,本書完全符合用戶要求的校園戀愛喜劇設定，具有後宮（複數女角）元素，且男主角開場時堅持單身主義，並非已有女友的設定，與用戶的核心需求高度契合。
q10,"像是果青友少這種的
年份的話最近三到五年為主
背景是校園戀愛喜劇為主
有複數女角讓男主多選一
啊不要開場就有女朋友鎖死的
那種我覺得其他女角只是浪費時間而已",c7e60c2a-8c96-5477-87fb-4ec0c1b874dd,耿直少年面對的青春不像戀愛喜劇那麼甜,慶野由志,16.9,完結,"校園, 歡樂向, 青春, 戀愛, 後宮, 集英社, 日本輕小說",「不會使用『謊言』與『官腔』這兩項基本武器的我，是個弱者。」心裡想的事情全部寫在臉上，還會不小心說出來的耿直高中生‧春先真太郎，與心儀的美少女轉學生‧神樂琴葉、熱衷於探索性愛的女孩‧十月九日、以及時時處於失控狀態的空殼美少女‧更級磷子等人過著青春的每一天。然而，學校里頻頻發生同學與老師突然失去意識的「連續昏倒事件」，就連磷子也陷入昏迷。就在這時，一名號稱「鏡子付喪神」的少女出現在真太郎家中，真太郎決定開始與擁有「映照內心姿態之力」的她一同生活。不料就在隔天，神樂突然登門造訪，還開口要求：「立刻把那名付喪神交給我」──！？優秀賞作家慶野由志×人氣繪師伍長聯手獻上，俗欲充腦的男主角，歌頌著充滿透明感的青春戀愛喜劇！,3,推薦書籍完全符合用戶的需求：背景為校園戀愛喜劇，標籤包含「後宮」且簡介中提到多位女性角色，滿足「複數女角多選一」的要求，且開場並無鎖定女友的設定，與用戶的核心意圖高度匹配。
q10,"像是果青友少這種的
年份的話最近三到五年為主
背景是校園戀愛喜劇為主
有複數女角讓男主多選一
啊不要開場就有女朋友鎖死的
那種我覺得其他女角只是浪費時間而已",2505b8dd-670c-5fe0-8cd0-6b94797b319a,從被甩開始的戀愛喜劇,金木犀,7.2,連載,"校園, 青春, 戀愛, 歡樂向, 後宮, 富士見文庫, 日本輕小說",分手，變為一人，然後，與她們相遇。田崎春人勉強自己，演繹成陽角，偽裝起自己，作為這樣做的結果，他被女朋友甩了。這也是沒辦法的事。從今往後就不要勉強，以原本的陰暗性格安靜生活吧。但，回歸普通人的結果——他收到了來自一本正經的委員長，桐谷的告白。春人對理應連接點都沒有的她的話語感到困惑。桐谷爽快說道「先從朋友做起」，春人便和她結成了不可思議的交友關係。除此之外，他還和在圖書館的文學少女林，爽朗系辣妹高坂擁有了關係。因為不再偽裝自己這件事，他的周圍反而變得喧鬧起來。從略帶苦澀的青春開始的，令人焦躁又甜蜜的戀愛喜劇。,3,推薦書籍完全符合用戶需求：背景為校園戀愛喜劇，具有後宮（複數女角）屬性，且故事開端是男主角被甩（處於單身狀態），滿足了用戶不希望開場就鎖定女友的要求。此外，男主角從偽裝陽角回歸陰暗性格的設定也與用戶提到的「友少」類風格相近。
q10,"像是果青友少這種的
年份的話最近三到五年為主
背景是校園戀愛喜劇為主
有複數女角讓男主多選一
啊不要開場就有女朋友鎖死的
那種我覺得其他女角只是浪費時間而已",ff3cf726-e940-59e0-80e2-a6b6f6a3a583,生存以上，戀愛未滿 ～ 在日本難以維持生計的我怎能與你們戀愛,中正,13.7,連載,"戀愛, 後宮, 校園, 歡樂向, 妹妹, JK, 蘿莉, 群像, 宅文化, 青春, 青春日常, 華文輕小說",因雙親離世而被迫滯留日本的中國留學生澤野軒，正在用秒錶掐算著人生的每一秒：清晨在為便利店的日結狂奔，為了生計放學後在料亭中打工到最終電車，深夜靠心靈寄託的虛擬主播「鹿乃」續命，還要供養尚在中國的妹妹。正當他以為自己早被生存壓力榨乾了心跳，身邊卻突然傳來了無數心跳信號——元氣滿滿的學妹真澄來瑠點著腳尖展示著「絕對領域」的校服，甜甜的聲音賽過蜜糖：「前輩！來瑠也考上東京都立了！這下前輩真成來瑠的前輩了！」溫柔羞澀優等生班長萩原咲良紅著臉遞交出自己的筆記，輕輕的問道：「數學輔導的約定，還作數嗎？」小壞打工搭檔青山真空晃著萌袖笑著調侃道：「軒君，猜到今天胖次顏色就免單哦？要作弊看看嗎？」兄控妹妹澤野星洛突襲的宣言道：「老哥！我也考上東京都立了！今晚開始同居吧——」現充辣妹綾瀨奈奈子撕下社交面具，指尖輕輕划過他的課本：「軒，這道戀愛方程式…可以手把手教人家嗎？」蘿莉唱見星野彩音縮在播音室角落，軟萌的聲線與軟萌的鹿乃完美重疊：「哥哥……可以陪彩音唱歌嗎？」青梅天然呆大小姐，直球交換生後輩也將陸續加入戰局?!不是?! 我還要打工啊喂！下個月的房租要交不上了！當生存與心跳的警報同時拉響——這場東京都立的戀愛生存戰。拒絕BE！一場混亂紛擾的戀愛喜劇就此展開！,3,該書完全符合用戶的需求：背景為校園戀愛喜劇，具有明顯的後宮（多女角）設定，提供男主多選一的空間，且開場並未設定鎖死的正宮，符合用戶對非鎖死關係的偏好。
q10,"像是果青友少這種的
年份的話最近三到五年為主
背景是校園戀愛喜劇為主
有複數女角讓男主多選一
啊不要開場就有女朋友鎖死的
那種我覺得其他女角只是浪費時間而已",7755b654-7a8c-593d-babe-cf9fcbe4a06a,果然我的青春戀愛喜劇搞錯了,渡航,268.0,完結,"校園, 青春, 戀愛, 歡樂向, 後宮, 妹妹, 小學館, 日本輕小說",「我的青春怎麼會變成這樣！」高中生八幡生性彆扭，不屈服於孤獨，沒有半個朋友，更不用提女朋友。對那些享受著青春的同班同學，他詛咒「他們都是騙子，通通給我爆炸吧！」關於未來的夢想，他宣稱要當「啃老族」——這樣一個傢伙被導師帶去全校第一美少女雪乃加入的「侍奉社」，平凡無奇的八幡與美少女的奇妙邂逅……這怎麼看都像是一場愛情喜劇吧！然而雪乃和八幡個性上的缺陷讓他們無法擦出愛情的火花。這是一則充滿錯誤的青春故事！,3,用戶明確表示想要像《果青》（果然我的青春戀愛喜劇搞錯了）這種風格的作品，而推薦的書籍正是該作品本身。其校園戀愛喜劇的背景、複數女角競爭以及開場無固定女友的設定完全符合用戶的核心需求。
q10,"像是果青友少這種的
年份的話最近三到五年為主
背景是校園戀愛喜劇為主
有複數女角讓男主多選一
啊不要開場就有女朋友鎖死的
那種我覺得其他女角只是浪費時間而已",4d3fcad4-1206-5ccb-9d73-37ef63eaa03a,雖然我被同年級兩大美少女甩了，但不知為何她們似乎愛上我了。,あおぞら,20.3,完結,"校園, 青春, 戀愛, 後宮, 妹妹, 歡樂向, kakuyomu, Web輕小說",「妳們兩個明明甩了我吧？」「嗯。」「……為什麼會跟著我？」【本篇完結】【隨意更新番外篇】我——佐佐木瑛太，想要一個女朋友。原因是，周圍的情侶越來越多，還有跟我結成非戀愛同盟的兩個好友也各自有了女朋友。因此，我向同年級裡最可愛的兩位美少女告白了。然而，結果本應該是慘敗——但卻……「……妳們兩個在幹嘛？」「啊，瑛太君……呃，其實……」「我們在跟蹤你，沒有其他意思。還有，給我午餐。」「妳們這樣明明就有其他意思吧！居然能說出沒有的話來！？而且我今天不是說了沒有午餐嗎！？」不知不覺中，卻莫名其妙地被她們所喜愛。真的是為什麼呢？◯每一話大約1500字左右。◯感謝在各類別日間、週間、月間排名第一！！◯感謝在各類別年間排名第十！！◯感謝300萬PV！,3,該書完全符合使用者的核心需求：校園戀愛喜劇背景、具有後宮（多位女角）屬性讓男主選擇，且開場時男主處於單身狀態（被甩後），沒有女朋友鎖死的情況，與使用者的要求高度匹配。
q10,"像是果青友少這種的
年份的話最近三到五年為主
背景是校園戀愛喜劇為主
有複數女角讓男主多選一
啊不要開場就有女朋友鎖死的
那種我覺得其他女角只是浪費時間而已",73de3b5e-3465-5df5-9eef-1e963cced569,喜歡上了她？,zzkr,8.1,連載,"校園, 青春, 戀愛, 歡樂向, 青春日常, 華文輕小說",從喜歡上她的那個冬天，我的青春開始了。初次見面的陽光型美少女主動要和我交朋友。高中生活的伊始，和喜歡的女生分到了一個班，不過同桌竟然是…………校園青春戀愛喜劇，正式開始！,3,推薦書籍符合用戶要求的校園戀愛喜劇背景。從簡介中提到「喜歡的女生」以及「同桌竟然是...」的伏筆，暗示了複數女角的設定，且開場並未提到已有鎖死的女朋友，符合用戶對於「多選一」且「非開場鎖死」的核心需求。
q11,"最近人比較負面，
想看一些有共鳴的小說。
有沒有那種「我一個人爛就好了別搞其他人」的主角的輕小說？以前看大老師自暴自棄滿戳中我的。
宅宅現實找不到人取暖，希望能找輕小說取。",b81bf102-055d-5afc-aba1-130c5564f06c,在天台上撿到了白長直,kevinjin,12.5,連載,"校園, 戀愛, 治癒, 青春, 溫馨, 青春日常, 華文輕小說",我很喜歡雨，自幼就是所以理所當然的，忌日也選在了雨天。但在那本該是終點的地方，我卻沒能見到死神——天台的圍欄旁，只站著一名有著銀白長發的少女這是兩個不坦率且對一切失望的人，在與彼此的交往中，漸漸找回活著與在此之上的意義的故事,3,使用者目前的狀態較為負面，尋找能產生共鳴、且主角有自暴自棄或「自我毀滅」傾向但能帶來溫暖的作品。推薦的小說描述兩位對一切失望的人在天台相遇並互相治癒，完美契合使用者想要「尋找取暖」且能對絕望感產生共鳴的需求。
q11,"最近人比較負面，
想看一些有共鳴的小說。
有沒有那種「我一個人爛就好了別搞其他人」的主角的輕小說？以前看大老師自暴自棄滿戳中我的。
宅宅現實找不到人取暖，希望能找輕小說取。",4bea7886-c394-5ce4-8495-73ee2a649d27,我與她,常青藤,5.9,完結,"戀愛, 校園, 青春, 歡樂向, 青梅竹馬, 治癒, 溫馨, 青春日常, 華文輕小說",我常常看天上的雲，她常常畫手中的畫。她的世界少了一半，儘管如此，她還是樂觀地笑著。我想，我必須寫下點什麼東西來記錄我與她的經歷，於是用蒼白無力的文字堆疊成這本《我與她》。這是一個，我難以忘卻的故事。,1,用戶明確要求尋找具有「自暴自棄」、「自我犧牲式孤僻」或類似《果青》大老師那種「我一個人爛就好」特質的主角，以求共鳴。而推薦的書籍《我與她》主打「治癒」、「溫馨」與「歡樂向」，傾向於正向的溫暖故事，與用戶追求的負面共鳴與特定性格設定完全不符，僅在校園青春設定上有表面上的重疊。
q11,"最近人比較負面，
想看一些有共鳴的小說。
有沒有那種「我一個人爛就好了別搞其他人」的主角的輕小說？以前看大老師自暴自棄滿戳中我的。
宅宅現實找不到人取暖，希望能找輕小說取。",98f051df-2289-50a8-bd9e-205a5947113b,Orpheus Girl,Brynne Rebele-Henry,1.7,連載,"戀愛, 百合, 黑暗, 治癒, 溫馨, 女性視角, other, Web輕小說","獲獎詩人Brynne Rebele-Henry將俄耳甫斯神話重構為兩個少女的愛情故事——她們因親密時刻被發現而送往矯正治療。被生母遺棄的十六歲少女Raya與祖母生活在保守的德州小鎮。多年來，這個痴迷遠古神話的少女始終在掩藏對摯友Sarah的愛意。當她們的戀情意外曝光，兩人被送往名為""友好救贖""的再教育營，這個旨在""矯正""同性戀傾向的機構。初抵營地，Raya便立誓效仿俄耳甫斯，定要帶著愛人重返人間。當她和Sarah與其他少年囚徒遭受教職人員的暴力""治療""時，這個少女的出逃決心愈發堅定。以Sylvia Plath式的陰鬱筆觸融合David Levithan的當代詩意，Rebele-Henry通過顛覆俄耳甫斯神話，直指矯正治療的血腥真相。這部作品探討破碎家庭、創傷、初戀與心靈暗獄，最終綻放穿越蒙昧的青春光華。",1,使用者尋找的是像《果青》大老師那樣「自我犧牲式孤獨」或「寧願自己爛掉也不願牽連他人」的厭世/自嘲型主角，以獲取情感共鳴。而推薦的《Orpheus Girl》雖然具有「黑暗」與「治癒」標籤，但其核心主題是對抗強制的矯正治療與追求愛情，主角的特質是堅定且具有救贖心的，而非使用者要求的自暴自棄或社交邊緣人的自省風格。兩者在情感基調上雖有交集（負面、痛苦），但在角色核心特質上完全不符。
q11,"最近人比較負面，
想看一些有共鳴的小說。
有沒有那種「我一個人爛就好了別搞其他人」的主角的輕小說？以前看大老師自暴自棄滿戳中我的。
宅宅現實找不到人取暖，希望能找輕小說取。",e46b116b-7754-5f54-a014-0894b38d1dbc,失戀同居 ～女同學拒絕了我的告白後，住進了我家？,常青藤,8.9,連載,"戀愛, 校園, 歡樂向, 青春, 治癒, 溫馨, JK, 青春日常, 華文輕小說",我——桐谷悠真，班裡的無名角，深知適時拋掉『麻煩』的重要性。她——花野結月，班裡的團寵，過著充實快樂的時光。某天我鼓起勇氣將情書塞給花野結月，被無情拋棄後徹底放下了這份感情。但她卻毫不講理地闖入我的生活——因為某些原因，花野結月住進了我家。我的心臟開始砰砰砰地狂跳，我不斷提醒自己：我已經被拒絕了。為什麼會這樣，我該如何是好！,1,使用者明確要求尋找具有「自暴自棄」、「我一個人爛就好」這種像《果青》比企谷八幡般具有社會疏離感與自毀式思考方式的主角。而推薦的小說雖然主角也是邊緣人，但其基調是典型的校園戀愛喜劇（歡樂、溫馨、治癒），缺乏使用者渴望的負面共鳴與特定的性格特質，僅在「邊緣人」這一點上有表面上的重疊。
q11,"最近人比較負面，
想看一些有共鳴的小說。
有沒有那種「我一個人爛就好了別搞其他人」的主角的輕小說？以前看大老師自暴自棄滿戳中我的。
宅宅現實找不到人取暖，希望能找輕小說取。",2b1e90b6-ce8f-5a46-a417-5d9c50e0be78,魔法少女宣布退役,朴曙孌,3.3,完結,"奇幻, 百合, 魔法, 治癒, 輕文學, other, 韓國輕小說",一首獻給魔法少女漫畫的頌歌，一封魔法少女漫畫的黑色情書。你的夢想是什麼？一位千禧世代女性，29歲，身患抑鬱症，在新冠疫情期間向外晉陞，便背負了沉重的信用卡債務。站在首爾麻浦大橋邊，決定縱身一躍，結束所有的煩惱……她的自殺企圖卻被一位白衣少女打斷。少女自稱是她的守護天使，正在尋找史上最強魔法少女。而我們這位廢柴女主，或許正是天選之人。要說放棄還為時過早，現在還不晚，快培養你的夢想，這個世界會告訴你潛伏已久的夢，為什麼這麼多煩惱，人生有趣的事，要比你所知道的多得多。,2,使用者目前處於負面狀態，尋求能引起共鳴（廢柴、自我厭惡）且能提供「取暖」感的作品。推薦書籍的主角設定為患有抑鬱症、背負債務且有自殺傾向的女性，與使用者的負面情緒高度共鳴；且標籤包含「治癒」，符合使用者希望找回溫暖的需求。雖然主角的性格特質與《大老師》中那種特定的「自我犧牲式社交」不完全相同，但在情緒基調上非常契合。
q11,"最近人比較負面，
想看一些有共鳴的小說。
有沒有那種「我一個人爛就好了別搞其他人」的主角的輕小說？以前看大老師自暴自棄滿戳中我的。
宅宅現實找不到人取暖，希望能找輕小說取。",a11573fe-39d5-5fa7-a441-1c18c2bd63a9,如果你願意陪我走下去,鬆餅,7.2,完結,"校園, 青春, 戀愛, 青春日常, 華文輕小說",有人說當遇見真愛時會嚐到一股甜甜的味道……教室裡總有一道陽光照不進去的陰影，她總是靜靜的待在陰影裡散發出生人勿近的氣息，就好像與世界隔絕的死人一樣。直到命運讓我跟她同一組，我們的故事才開始書寫。「千紗，跟我當朋友吧。」「我嗎……可以嗎？」這是一個治癒又溫馨的短篇愛情故事。,1,使用者明確要求尋找具有「自暴自棄」、「我一個人爛就好」這類特定性格（類似《果青》比企谷八幡）的主角以尋求共鳴。推薦的小說雖然描述了處於陰影中、與世界隔絕的角色，但其核心基調是「治癒又溫馨的愛情故事」，側重於被救贖與溫暖，而非使用者渴望的那種自毀式或自嘲式的心理共鳴，匹配度較低。
q11,"最近人比較負面，
想看一些有共鳴的小說。
有沒有那種「我一個人爛就好了別搞其他人」的主角的輕小說？以前看大老師自暴自棄滿戳中我的。
宅宅現實找不到人取暖，希望能找輕小說取。",ffde8f2c-79b0-5e7a-9241-1eb4b856d7b8,便利店兄弟,町田苑香,20.5,連載,"職場, 治癒, 輕文學, 角川文庫, 日本輕小說",放棄摔角的男大生打工族、總是第一個光顧的壞脾氣老人、生活一成不變的補習班老師、周二來店享受秘密時光的中學少女、對超商有成見的彆扭退休老頭……人際關係的困境、夢想與現實的抉擇、人生下半場的迷惘，各式各樣的煩惱，在推門的音樂聲響起時，即將悄悄地發生變化──也許是一段意外的際遇，也許是能夠再次出發的契機，也許是一個嶄新的自己。今天，又有什麼樣的客人上門呢？,1,使用者明確要求尋找具有「我一個人爛就好了」這種自暴自棄、自我犧牲或社交孤立特質的主角（如《大老師》的比企谷八萬），而推薦的書籍《便利店兄弟》是一部群像劇形式的治癒系小說，重點在於不同人物如何克服困境並獲得救贖。雖然兩者都涉及「孤獨」與「尋找溫暖」，但該書缺乏使用者核心要求的特定主角人設，僅在情感基調上具有表面關聯。
q11,"最近人比較負面，
想看一些有共鳴的小說。
有沒有那種「我一個人爛就好了別搞其他人」的主角的輕小說？以前看大老師自暴自棄滿戳中我的。
宅宅現實找不到人取暖，希望能找輕小說取。",217500ce-5bc1-59f7-aa1d-8d1ea033f704,維修專門店 貓庵,尼野ゆたか,8.9,完結,"輕文學, 奇幻, 治癒, 其他文庫, 日本輕小說",號稱「萬物皆可維修」的「維修專門店 貓庵」，店如其名，這裡的店主正是有著維修好手藝的貓。當有人想修理重要的心愛物品時，就會自然找到貓庵。笨拙又沒有主見的由奈，她心愛的貓咪吊飾不僅被男友嫌棄，還被自己粗心弄壞了。沒想到在這時，有隻直立行走的貓從擺有「貓庵」看板的奇怪店鋪沖了出來。「老夫就出肉球幫你一把吧。」貓店長前腳抱胸，向由奈提供了幫助……為了修復妻子生前寶貝的玩偶的大叔；與父親因故失和的小學生；無法為朋友成功實現夢想而高興的女強人；走不出分手陰霾的女大學生……從壞掉的物品之中誕生而出的小小奇蹟，今天貓店長也吃著美味茶點，為需要的人提供肉球。,1,使用者明確尋找具有「自暴自棄」、「我一個人爛就好」這類特定性格（如《果青》大老師）的主角以獲得共鳴。而《維修專門店 貓庵》屬於溫馨治癒系的短篇故事集，雖然能提供情感慰藉，但其主角設定（貓店長）與故事基調完全不符合使用者要求的特定角色特質，缺乏核心的共鳴點。
q11,"最近人比較負面，
想看一些有共鳴的小說。
有沒有那種「我一個人爛就好了別搞其他人」的主角的輕小說？以前看大老師自暴自棄滿戳中我的。
宅宅現實找不到人取暖，希望能找輕小說取。",9a0217be-d5a6-5362-b636-47cd4d200be4,掬星,町田苑香,14.0,完結,"科幻, 青春, 治癒, 女性視角, 輕文學, 其他文庫, 日本輕小說",為了活下來，我賣掉了自己那年暑假，跟媽媽一起的快樂回憶。我以為，媽媽會永遠記得跟我共度的那個暑假，但沒想到，她的回憶化作星星，沉落至記憶的深海之中，不復存在。為了獲得廣播節目的獎金，千鶴投稿了一段關於某個夏天的回憶。在我小學一年級時的暑假，曾和母親兩人一起去旅行。之後，我被母親拋棄了——而聽到這段回憶後聯繫她的，竟是自稱為千鶴母親「女兒」的惠真。之後，千鶴與母親聖子重逢，開始共同生活。然而，千鶴見到的母親，與二十二年前記憶中完全不同⋯⋯我終於理解媽媽經常說的話。我的人生屬於我自己，不能對別人的惡意耿耿於懷，導致討厭自己的人生。,1,使用者明確尋找像《我的青春戀愛紀錄》大老師那樣「自我厭惡、自暴自棄」且將孤獨視為防禦機制的角色設定，以尋求共鳴。而《掬星》雖然涉及遺棄與悲傷等負面情感，但其核心主題是「治癒」與「接納自我」，且主角的成長方向是擺脫對自我的討厭，與使用者要求的「一個人爛就好」的角色特質不符。
q11,"最近人比較負面，
想看一些有共鳴的小說。
有沒有那種「我一個人爛就好了別搞其他人」的主角的輕小說？以前看大老師自暴自棄滿戳中我的。
宅宅現實找不到人取暖，希望能找輕小說取。",785662f0-9d06-53f1-bfa9-88b86071f5bb,千年鬼,西條奈加,7.7,完結,"奇幻, 青春, 治癒, 輕文學, 其他文庫, 日本輕小說",天神說，以純潔無垢的心犯下罪惡的人，才會產生「鬼芽」。而鬼芽會讓人成為「人鬼」──因父親失職而心生怨懟的酒鋪少年、將殺了心上人的侍從留在身邊的公主、對自己施加遺忘魔法的老婆婆……一個又一個複雜又柔軟的心，交織出充滿驚喜的浮世繪群像，為了收集這些四散的鬼芽，小鬼跑了一千年，流轉在一世又一世的人間，而他真正想守護的，其實是「她」……祈願這個充滿友情X親情X愛情的人生故事，成為在裂縫滿溢的世界中接住你的那隻手。,1,使用者明確要求具有「自暴自棄」、「自我孤立」且認為「我一個人爛就好」的角色設定（如《大老師》），追求的是一種特定的人格共鳴。而《千年鬼》雖然也是輕小說且具有治癒性質，但其核心是關於純真與罪惡、群像劇以及溫情的救贖，缺乏使用者所尋找的厭世或自我否定之主角特質，僅在「治癒/情感」上有微弱的關聯。
q11,"最近人比較負面，
想看一些有共鳴的小說。
有沒有那種「我一個人爛就好了別搞其他人」的主角的輕小說？以前看大老師自暴自棄滿戳中我的。
宅宅現實找不到人取暖，希望能找輕小說取。",1dfe0e90-7ffb-5f27-a043-a532a42289d2,52赫茲的鯨魚們,町田苑香,10.6,完結,"青春, 治癒, 女性視角, 日本文學, 其他文庫, 日本輕小說",52赫茲的鯨魚，是世界上最孤獨的鯨魚。其他鯨魚無法接收到它發出的高頻率叫聲。雖然有很多同伴，但其他同伴聽不到它的呼喚，它也聽不到其他同伴的聲音。就像總是無比孤單、無人理解，無人在乎的我一樣⋯⋯沒有人能理解、無法將內心呼喊、求救傳達出去的你，並不孤單。「我會傾聽你那無法傳達給任何人的52赫茲的聲音。」日本九州一處偏遠的海邊小鎮。斷絕所有一切，獨自移居此地的貴瑚，在某個下雨天遇到了跟自己一樣散發孤單感的一名少年。他身上有和我相同的氣味。那是沒有父母關愛的孤獨氣味。這種氣味很棘手，無論再怎麼仔細清洗都洗不掉。孤獨的氣味不是滲進皮膚或是肌肉，而是滲進內心。她彷彿從少年身上看見當年的自己──悲慘、絕望、被踐踏、了無生趣。當時的貴瑚遇見了這世上唯一能聽到她求救呼喊的人，她才得以倖存。如今，貴瑚想要對少年伸出援手……兩個人相遇，踩著憂慮，一步一步向著未來前進……,2,用戶目前的狀態較為負面，尋求能產生共鳴的孤獨感，並提到像《大老師》那樣自暴自棄、自我孤立的主角。本書的核心主題是「極致的孤獨」與「彼此救贖」，雖然主角並非像大老師那樣帶著諷刺意味的自嘲，但其對「無人理解」的深刻描寫與最終的治癒過程，能滿足用戶想要在小說中「取暖」的情感需求。雖然性格特質不完全對標，但情感基調高度契合。
q11,"最近人比較負面，
想看一些有共鳴的小說。
有沒有那種「我一個人爛就好了別搞其他人」的主角的輕小說？以前看大老師自暴自棄滿戳中我的。
宅宅現實找不到人取暖，希望能找輕小說取。",5c7cd8ae-15e7-582d-83c1-24ae00ba7cb4,與無法見到陽光的你一同淺眠,douyueling,37.5,完結,"校園, 青春, 戀愛, 歡樂向, 青春日常, 華文輕小說",自甘墮落的少年阿牡日復一日地過著麻木的生活，在周轉於各個領養家庭後，最終被某個遠親領養，然而等待著他的卻是突如其來的養父再婚，以及新的家人。「從今天開始，她就是你的姊姊了。」無血緣關係的【姊姊】是個讓人心煩的人。和藹，軟弱，愛操心。明明不喜歡玩家人遊戲而疏遠她，她卻依舊擅自擔心著阿牡，總是以略帶哀傷的空洞目光看著阿牡。「阿牡，你可以更自由。」曾幾何時被冰封的感情被漸漸融化，然而又不知道這份感情該如何命名？浪子回頭金不換x回頭偶遇俏千金性格天差地遠的缺陷姐弟的故事,3,主角阿牡被描述為「自甘墮落」且生活「麻木」，這與使用者尋找的「一個人爛就好」以及自暴自棄的特質高度相符。此外，故事主題圍繞在缺陷之人的情感治癒，能滿足使用者想要在負面情緒中尋找共鳴並「取暖」的需求，與使用者提到的《果青》大老師具有相似的情感基調。
q11,"最近人比較負面，
想看一些有共鳴的小說。
有沒有那種「我一個人爛就好了別搞其他人」的主角的輕小說？以前看大老師自暴自棄滿戳中我的。
宅宅現實找不到人取暖，希望能找輕小說取。",e839093b-8db7-5226-b3c8-1341ea85ea97,在櫻花落盡前,初雪染櫻,10.6,連載,"青春, 戀愛, 校園, 治癒, 青春日常, 華文輕小說",櫻花盛開的季節，兩個破碎的靈魂相遇，他和她像一對伴星，被彼此的引力捕獲，保持著微妙的距離，無形的引力牽扯著他們，圍繞著對方，觀測著彼此的存在。這是一個普通的故事，十七歲的他們相遇，相知，建立了名為「相互觀測」的關係。煙花消失的海邊，他們的掌心還殘存著對方的溫度，但命運已經追上了他，於是在黑貓的凝視下，他做出了選擇……,1,使用者明確要求的是具有像《果青》大老師那樣「自我犧牲」、「自暴自棄」且傾向於「獨自承擔負面角色」的人格特質主角。而推薦的小說雖然提及「破碎的靈魂」和「治癒」，但其核心更傾向於雙方相互救贖的青春戀愛，缺乏使用者所尋求的特定孤僻且自毀式的性格共鳴。
q11,"最近人比較負面，
想看一些有共鳴的小說。
有沒有那種「我一個人爛就好了別搞其他人」的主角的輕小說？以前看大老師自暴自棄滿戳中我的。
宅宅現實找不到人取暖，希望能找輕小說取。",e9fa524a-32e2-558e-a831-624fb0753731,掬光,橋本紡,10.7,完結,"治癒, 其他文庫, 日本輕小說",智子為了專心治療恐懼障礙而辭去了工作，和悠閑度過整日的小哲一起開始了遠離市中心的新生活。帶著些許的不安，智子被這隨意的日常溫柔的治癒了。持續著簡約生活的這段期間智子逐漸放下了藥物。回應一個勁兒的努力的「疲勞之心」的故事。,2,用戶尋求的是能產生共鳴且具有特定「自暴自棄、孤立自我」特質（如《果青》的大老師）的主角，而推薦的書籍雖然在「治癒疲勞之心」和「提供溫暖」的氛圍上符合用戶目前的負面心境，但主角的設定更傾向於恐懼症的康復，而非用戶明確要求的「我一個人爛就好」的性格特質，因此在角色共鳴點上稍有缺失。
q11,"最近人比較負面，
想看一些有共鳴的小說。
有沒有那種「我一個人爛就好了別搞其他人」的主角的輕小說？以前看大老師自暴自棄滿戳中我的。
宅宅現實找不到人取暖，希望能找輕小說取。",60ef3561-6cd2-5a82-be44-87294bcbbab0,一切終將遠去,山本文緒,9.1,完結,"青春, 其他文庫, 日本輕小說",長大成人的同時，也逐漸萌生時光飛逝之感，所有事物都超乎想像地快速流逝，持續從雙手溢出失落。在此之際，我們是否也正一點一滴地失去什麼重要的人事物呢?例如戀情、信賴、或是友情……就這樣，到頭來最後剩下的就只有自己。超越喪失之後，人們與孑然一身的真實自己相遇。獨一無二的說故事高手，為您獻上可悲卻可愛的自我探索故事。轉自輕之國度,2,使用者尋找的是能引起共鳴、具有孤獨感或自我厭惡傾向的主角（類似《果青》的大老師）。推薦的小說探討失去、時間流逝以及最終與孑然一身的自己相遇，其憂鬱的氛圍與自我探索的主題與使用者目前負面的心理狀態高度契合，能提供情感上的共鳴。雖然簡介中未明確提到主角是否具備「我爛就好」的具體性格設定，但整體基調與使用者需求的「孤獨」與「取暖」方向非常接近。
q11,"最近人比較負面，
想看一些有共鳴的小說。
有沒有那種「我一個人爛就好了別搞其他人」的主角的輕小說？以前看大老師自暴自棄滿戳中我的。
宅宅現實找不到人取暖，希望能找輕小說取。",430e1480-0e6b-5dd7-a7f6-37c21fcedc2b,今夜也在吃茶渡渡鳥,標野凪,6.8,完結,"美食, 治癒, 其他文庫, 日本輕小說",「對你來說，幸福是什麼？」有滿足飢腸轆轆的美食、一隻行李箱容量的隨身物品、安穩平靜的時光……其實，這都是奢華至極的幸福模樣！位於住宅區深處，有一間專為單人設計的喫茶店，吸引了想要暫時逃離忙碌日常的人，像是被社群媒體影響而感到身心俱疲，或是在工作上始終犠牲自我……這些獨自承擔著各種不同壓抑的顧客，宛如被召喚般不經意地前來，店主梭羅里會如何溫柔撫慰他們的心靈呢？如果生活也讓你窒息，歡迎來到「喫茶渡渡鳥」！不論碰到什麼困難，我們都能為您準備專屬的特別菜單。,2,用戶尋找的是能產生共鳴且具有「自我犧牲/自暴自棄」色彩的主角（類似《大老師》），並希望透過輕小說獲得心理取暖。推薦的書籍雖然主角並非自毀型人格，但其「治癒系」主題、針對身心俱疲者的撫慰，以及專為單人設計的喫茶店設定，能滿足用戶尋求「溫暖」與「情感共鳴」的核心需求，但在主角特質上與用戶的具體要求有所偏差。
q11,"最近人比較負面，
想看一些有共鳴的小說。
有沒有那種「我一個人爛就好了別搞其他人」的主角的輕小說？以前看大老師自暴自棄滿戳中我的。
宅宅現實找不到人取暖，希望能找輕小說取。",1764643a-3ab1-5004-a1c8-37f8f296938d,我始終難忘，你淚中那灼眼的餘暉,曙華,15.7,連載,"校園, 青春, 戀愛, 青春日常, 華文輕小說",孤僻的高中生幽，生活平靜而單調，直到神秘小女孩海的出現打破了他的寧靜。與此同時，他在學校遇到了才華橫溢的鋼琴女孩月。在音樂的旋律中，幽被月逐漸吸引，卻也因自卑和恐懼而不斷徘徊。當友情與愛情的界限變得模糊，他們將如何面對內心的掙扎與成長？這是一個關於羈絆與青春的故事。,2,使用者尋找的是像「大老師」那樣具有自毀傾向、主動承擔負面角色且孤僻的主角。推薦的書籍主角同樣是孤僻、自卑且在社交中掙扎的高中生，能提供一定程度的共鳴。雖然從簡介看，該書更傾向於傳統的自卑與成長，而非大老師那種特定的「自暴自棄」哲學，但仍符合孤獨與負面情緒的共鳴需求。
q11,"最近人比較負面，
想看一些有共鳴的小說。
有沒有那種「我一個人爛就好了別搞其他人」的主角的輕小說？以前看大老師自暴自棄滿戳中我的。
宅宅現實找不到人取暖，希望能找輕小說取。",0eb297cc-927f-587d-89ef-da0ca527a115,尋死的心是什麼顏色,常青藤,5.1,連載,"戀愛, 校園, 歡樂向, 青春, 青梅竹馬, 青春日常, 華文輕小說",我患了一種怪病，能看見別人內心的色彩並讀懂其中的情感，我稱之為『幻色症』。一個雪夜，我出門散步，遇到了在天橋上輕生的少女，她的內心，似乎一片虛無？這是怎麼回事。此外，我的嬌小青梅竹馬所在的文學部也發生危機……能看得懂別人內心的顏色是什麼體驗？救下一個內心虛無的美少女同學是什麼體驗？青梅竹馬是個嬌小女孩是什麼體驗？尋死的心是什麼顏色？,1,使用者明確要求尋找像《大老師》中那樣「自我毀滅/自暴自棄以保護他人」或「接受自己爛掉」的特定主角人設（孤高、自嘲且有共鳴感）。推薦的書籍雖然涉及自殺與虛無等負面情感，但主角的人設傾向於「救贖者」和「觀察者」，而非使用者渴望的「同類」或「自毀型」主角。雖然屬性上都是輕小說且涉及憂鬱主題，但核心的人設需求並不匹配。
q11,"最近人比較負面，
想看一些有共鳴的小說。
有沒有那種「我一個人爛就好了別搞其他人」的主角的輕小說？以前看大老師自暴自棄滿戳中我的。
宅宅現實找不到人取暖，希望能找輕小說取。",22c72919-d43c-520c-acfe-f08ad05098e8,神樂坂的緣分星期四,平岡陽明,9.2,完結,"青春, 治癒, 輕文學, 其他文庫, 日本輕小說",同一本書，讀兩次有不同感覺。同一件事，不同人生階段有相異答案。「看得見」與「看不見」的奇蹟交織時，錯過的「未來」將重新再來！人是由吃下的食物及讀過的文字構成的──這是盲眼書評家．竹宮陽子的信念，這樣的她最期待的日子就是星期四。她會帶著心愛的導盲犬前往神樂坂餐廳，和編輯好友一面用餐，一面分享用「耳朵」聽過的好書。舊書店老闆．本間也最喜歡星期四。自從和前妻離婚，這是他唯一可以和兒子見面的機會，聆聽童言童語、兩人享用鬆餅，是他最珍惜的時光。但星期四要變質了！陽子聽完一本挖出她塵封往事的書，寫下的亂糟糟書評好像會被編輯退稿；本間經營的書店搖搖欲墜，兒子還可能離開日本到再也無法見面的地方……不過──危機就是轉機！編輯、企劃、連中藥師都參上一咖的奇蹟悄悄到來。回味第二次時，「人生」和「書」都將釀出最好滋味，對自己的人生重新回首，這次，會有什麼未來呢？,1,使用者明確要求尋找像《果青》大老師那樣「自暴自棄」、「寧願自己爛掉也不想牽連他人」且能引起負面情緒共鳴的角色原型。然而，推薦的書籍是一部溫馨治癒系的輕文學，強調的是人與人之間的連結、溫情與救贖，缺乏使用者所渴求的「孤僻/自毀傾向」的共鳴感，僅在「尋找心靈慰藉」這一極其寬泛的層面上有微小關聯。
q11,"最近人比較負面，
想看一些有共鳴的小說。
有沒有那種「我一個人爛就好了別搞其他人」的主角的輕小說？以前看大老師自暴自棄滿戳中我的。
宅宅現實找不到人取暖，希望能找輕小說取。",b022c978-8339-5394-972f-d523b0112e1f,鈴蘭書房,伊藤調,10.6,完結,"職場, 治癒, 輕文學, 其他文庫, 日本輕小說",年輕編輯宮本章，從網路挖掘了潛力無窮的新人作家廣川蒼汰，他全力推動其作品書籍化，但最後卻在雙方筋疲力盡下宣告失敗。廣川不堪打擊，將帳號一夕刪除，而章也因愧疚選擇離職。雪上加霜的是，章在此時接到了來自北海道的電話：章的祖父去世了。祖父留下一棟由舊洋樓改裝成的書店「鈴蘭書房」。作為擁有相關經歷的家族成員兼無業人士，章自告奮勇接下收尾的工作，卻又在某個機緣下，不得不繼續經營下去。儘管一路上磕磕絆絆，但在特色鮮明的常客們的幫助下，書店慢慢上了軌道，章竟也意外重拾製作書籍的熱情。然而，在他終於重振旗鼓之際，當時被他擊潰的新人作家廣川蒼汰，卻又再度出現在他面前──,1,使用者明確表達想尋找像《大老師》（果青）那樣具有自暴自棄、自嘲且「一個人爛就好」特質的主角，以尋求負面情緒的共鳴。而推薦的《鈴蘭書房》雖然涉及失敗與低潮，但其核心基調是「治癒」與「重拾熱情」，且重點在於透過他人的幫助走出困境，與使用者追求的「自我孤立式共鳴」截然不同，僅在『經歷挫折』這一點上有淺層聯繫。
q12,"想找一些日常系小說類型，希望劇情節奏安排和對話有趣些。
其它元素能接受百合、戀愛、生活、學校類型，有談話間交流劇情。",ee887a96-2271-523f-ba0b-523297424cdc,合奏女孩！,日日日,26.5,完結,"校園, 青春, 戀愛, 歡樂向, 百合, 其他文庫, 日本輕小說",歡迎來到君咲學院！在風光明媚的大自然環繞中，有一間私立君咲學院，直到去年為止仍是歷史悠久的女子學校，但受到時代影響，如今正要轉型為男女合校，而你正是轉學進入君咲學院，校內唯一的男學生。這時有可能舉行的「學生會長重選」正好在校內造成話題，而你遇上的便是現任學生會長鶴海妃麻里，以及其「競爭對手候補人」的少女們。敬請盡情享受發生在君咲學院，波濤洶湧的日常生活。,3,該書標籤包含校園、百合、戀愛及歡樂向，且簡介明確提到發生在君咲學院的日常生活，完全符合使用者對日常系、學校、百合、戀愛等元素的偏好，且「歡樂向」傾向能滿足使用者對對話有趣的需求。
q12,"想找一些日常系小說類型，希望劇情節奏安排和對話有趣些。
其它元素能接受百合、戀愛、生活、學校類型，有談話間交流劇情。",a0340404-a615-57cb-9732-91500b7f1885,截稿日之前，百合的進度特別快,平坂読,13.7,連載,"青春, 戀愛, 歡樂向, 職場, 百合, 女性視角, GA文庫, 日本輕小說",「為什麼在逼近截稿日時玩遊戲會這麼好玩呢……」離家出走的少女白川愛結透過堂姐白川京的介紹，開始了負責照顧＆監督當紅作家海老光的打工。儘管愛結因為光常常拖稿玩遊戲、釣魚、出外旅行而被耍得團團轉，她還是覺得這樣的日常相當幸福。另一方面，突然開始與愛結的同居生活後，光產生了前所未有的感受。不見容於社會的少女，以及才貌兼備、家境良好卻過著墮落生活的小說家，她們的關係會怎麼發展……？獻給難以「正常」活在世上的所有人，晶瑩剔透的日常系百合愛情喜劇，誕生。,3,該書標題與介紹明確定義為「日常系百合愛情喜劇」，完全符合使用者要求的日常系、百合、戀愛及生活元素。劇情聚焦於兩位主角的同居生活與互動，非常符合使用者希望透過對話與交流來推動劇情的偏好。
q11,"最近人比較負面，
想看一些有共鳴的小說。
有沒有那種「我一個人爛就好了別搞其他人」的主角的輕小說？以前看大老師自暴自棄滿戳中我的。
宅宅現實找不到人取暖，希望能找輕小說取。",cac31d3c-a83d-5cb5-b58c-f3add363be5f,那年你收到的信,島村雨村,13.3,完結,"奇幻, 戀愛, 犯罪, 青春日常, 華文輕小說",我的人生十分悲慘，沒有任何人曾同我一道走來，直到生命的最後……22歲那年，我遇見了她，才終於有了能夠說話的人。她將會陪我走過許多悲傷的日子，陪我走到我的結局。……於是，在某個不知名的冬季。我們就這樣不斷地，走向這個世界最後留給我的——那如同謊言般的溫暖「奇蹟」。,1,使用者明確尋找像《果青》大老師那樣「自我犧牲、自暴自棄」且具有特定孤傲哲學的主角，而推薦的小說雖然同樣涉及孤獨與悲慘人生，但其基調更傾向於感性的悲劇與救贖戀愛，缺乏使用者要求的特定人格特質（我一個人爛就好），僅在「孤獨感」上有表面共鳴。
q11,"最近人比較負面，
想看一些有共鳴的小說。
有沒有那種「我一個人爛就好了別搞其他人」的主角的輕小說？以前看大老師自暴自棄滿戳中我的。
宅宅現實找不到人取暖，希望能找輕小說取。",2c0a3936-e6a5-5636-8c64-676acbb8a7d3,神明值日生執勤中,青山美智子,9.6,完結,"奇幻, 青春, 治癒, 輕文學, 其他文庫, 日本輕小說",在我們過得有些痛苦的日常生活中，原來仍有些什麼，能讓人感到輕鬆一點――有緣的話，希望能遇到像祂這樣麻煩的神明！讓人看得時而竊笑時而落淚，最後產生積極向前的心情。五位神明值日生的輪值全紀錄。某天早上醒來，手臂上出現大大的「神明值日生」字樣！如果不能為突然出現眼前的「神明」實現願望，字樣就不會消失……？等待不知何時才輪到自己的幸福，等得厭倦了的粉領族。對難以理解的弟弟感到不耐的小學女生。希望在社群網站上認識的女孩子都以為自己現實生活過得充實無比的高中男孩。因學生們亂七八糟的日語而煩惱不已的外國人講師。看不順眼部下的獨裁社長。懷抱生活中小小不滿的他們身上，出現了任性神明帶來的奇蹟，一切都從那強人所難的要求開始――讓人看得時而竊笑時而落淚，最後產生積極向前的心情。就是這樣五個溫暖的故事。,1,用戶明確要求尋找具有「我一個人爛就好」特質、類似《果青》大老師那樣自我厭惡且孤高的主角，以尋求深層的心理共鳴。而推薦的書籍是一部治癒系短篇集，透過神明的奇蹟讓痛苦的人變得積極，雖然能提供「溫暖」，但缺乏用戶指定的特定角色類型與那種「自暴自棄」的共鳴感，僅在「療癒」與「輕小說」形式上有淺層關聯。
q12,"想找一些日常系小說類型，希望劇情節奏安排和對話有趣些。
其它元素能接受百合、戀愛、生活、學校類型，有談話間交流劇情。",b825f43d-86f4-5784-b31a-7141c444a287,青春，少女們，不正常的戀愛物語,青梅素,22.0,連載,"校園, 青春, 戀愛, 百合, 青春日常, 華文輕小說",「戀愛，是相當魔幻的東西。」白夢是剛升入大學的大一新生，在網路上認識許久的男網友居然是接待自己的漂亮學姐。想要談一場甜甜的戀愛，但對方同樣是女生怎麼辦？還沒開始就要結束了嗎？除此之外，在學校加入了一個奇奇怪怪的社團——「戀愛魔法俱樂部」。他們好像真的有魔法，靈魂互換，隱身，失憶症，讀心術，情感相通，居然還能短暫地變成男孩子……關於一場發生在普通大學校園的不普通戀愛喜劇，就此展開。,3,推薦書籍完全符合用戶要求的日常、校園、百合與戀愛元素，且其戀愛喜劇的設定與校園社團背景，高度契合用戶對於有趣對話與日常系氛圍的期待。
q12,"想找一些日常系小說類型，希望劇情節奏安排和對話有趣些。
其它元素能接受百合、戀愛、生活、學校類型，有談話間交流劇情。",3fd911fc-d689-5323-9b92-620716abad0f,喪女會的不當日常,海冬零兒,29.8,完結,"校園, 科幻, 懸疑, 驚悚, 後宮, 妹妹, Fami通文庫, 日本輕小說",社團名：「讓校園生活更加充實、脫離頹喪的善男信女協會 社」，簡稱「喪女會」。目的：歌頌青春！成員：1. 千種學姊，我親愛的青春☆傻大姊。2. 繭，化學實驗狂，獨佔學姊的寵愛，我好嫉妒。3. 有理，我的表妹暨義妹，暴力女。4. 雛子，掛名社員，重度百合。5. 我，花輪迴，拜託別再把我當女生了。我們「喪女會」即使不受歡迎毫無章法，但是還算穩定。直到遇見那名少女，我才知道我們其實一直過著「不當」的日常──,2,該書涵蓋了校園、百合、生活等使用者希望看到的元素，且其社團成員的設定暗示了豐富的對話互動，符合「對話有趣」的需求。雖然標籤中包含科幻、懸疑與驚悚，使其不屬於純粹的「日常系」小說，但其設定與 user 要求的元素高度重疊。
q12,"想找一些日常系小說類型，希望劇情節奏安排和對話有趣些。
其它元素能接受百合、戀愛、生活、學校類型，有談話間交流劇情。",79ff045d-e3e4-540d-8066-bccc72e73972,喜歡女孩子的我和並不是特別喜歡女孩子的你,キノハタ,13.9,完結,"百合, 青春, kakuyomu, Web輕小說",如果可以和你喜歡的人一起生活，你會怎麼做？我理所當然地以為能夠開始充滿H的的甜蜜時光。不幸的是，我的意中人似乎並不特別喜歡女孩子。哎呀哎呀，這下該怎麼辦呢？總而言之，先從skinship開始！ 最終H！這是有些微妙的不合拍的，我和我的同居伴侶的百合日常。,3,推薦書籍完全符合用戶要求的「日常系」、「百合」以及「生活」元素。劇情設定為同居日常，且從簡介的口吻來看，著重於角色間的互動與微妙關係，符合用戶對對話交流與有趣節奏的期待。
q12,"想找一些日常系小說類型，希望劇情節奏安排和對話有趣些。
其它元素能接受百合、戀愛、生活、學校類型，有談話間交流劇情。",7b110605-2fa6-5eac-8363-8000257ad08e,讓聲稱女性之間不可能的女孩，在百日內徹底淪陷的百合故事。,みかみてれん,77.4,連載,"校園, 青春, 戀愛, 百合, 女性視角, GA文庫, 日本輕小說",『女生之間什麼的不可能……本該是這樣的！』這是一個從日常開始的危險夏日物語。班級人氣系女高中生——鞠佳，同班同學的絢突然拿出一百萬日元擺在她面前。「鞠佳的一百天時間歸我，我會讓你知道，女生之間究竟可不可能」對自己是異性戀這件事深信不疑的鞠佳，在與強攻美少女的百日相處間，身心均被逐漸徹底攻陷。在第一百天到來之前，鞠佳究竟還能不能直截了當地斷言『不可能』呢？(不能)屈服確定！伴隨著已然約定好的失敗，鞠佳的這場戰鬥現在拉開了序幕——。,3,這本書完全符合用戶的需求。它包含了日常系、校園、百合、戀愛等所有標籤，且劇情設定（百日挑戰）著重於兩位女主角之間的互動與心理變化，符合用戶希望透過對話交流劇情且節奏有趣的偏好。
q12,"想找一些日常系小說類型，希望劇情節奏安排和對話有趣些。
其它元素能接受百合、戀愛、生活、學校類型，有談話間交流劇情。",6997762e-dbcd-51f0-ad50-519e38b8c6b1,被夾在百合之間的我，順勢劈腿了,としぞう,41.5,連載,"校園, 青春, 戀愛, 百合, 女性視角, 其他文庫, 日本輕小說",在這所學校里，有著人稱「聖域」的兩位美少女。一位是有如公主般惹人憐愛的百瀨由那，另一位則是英凜挺拔到會讓人誤以為是王子的合羽凜花。她們原本就是互為鄰居的青梅竹馬，感情自然也相當融洽。可是，竟有個無禮之徒闖入了如此美妙的百合花園……那個人就是我。然而，不僅闖入了兩人之間，我──間四葉更同時收到了雙方的告白。而且在優柔寡斷的個性作祟下，同時與這兩人展開了交往。不對吧，為何會這樣!? 交往一事對聖域的另一方來說當然都得保密。但即便如此，還是希望那兩人都能感受到幸福。既然這樣，那就只有隱瞞到底了……劈腿的日子就此展開！史上最差勁!? 但實際上是純愛的少女間戀愛喜劇！,3,本書為校園戀愛喜劇，完美符合使用者要求的「學校」、「戀愛」、「百合」及「生活」元素。且作為戀愛喜劇，其劇情核心在於角色間的互動與對話，符合使用者對節奏有趣及談話交流的需求。
q12,"想找一些日常系小說類型，希望劇情節奏安排和對話有趣些。
其它元素能接受百合、戀愛、生活、學校類型，有談話間交流劇情。",cc47c2c4-8fd7-5598-a28f-b107c530bb9c,請給我一盆黛粉葉,douyueling,29.8,完結,"百合, 青春, 青春日常, 華文輕小說",嗯？要我形容和麗拉的關係，這個嘛，當我45度角後仰轉頭時，就會看見麗拉。兩個腐女子間甜甜的百合日常。,3,該書標籤為「青春日常」與「百合」，完全符合使用者要求的日常系、百合及生活類型。且從簡介的口吻來看，具有較強的對話感，符合使用者希望對話有趣且透過交流推進劇情的偏好。
q12,"想找一些日常系小說類型，希望劇情節奏安排和對話有趣些。
其它元素能接受百合、戀愛、生活、學校類型，有談話間交流劇情。",24fcae39-2ced-58b5-b6ad-c9e720a71ad5,依存系青梅養成筆記,三謙,75.3,連載,"校園, 青春, 戀愛, 百合, 青梅竹馬, 青春日常, 華文輕小說",百合+雙視角+青梅竹馬偽骨+純愛1v1+現代都市陸依依被溫流從小摸到大。被從小摸到大的陸依依只想問：「你到底負不負責？」溫流玩了15年養成系遊戲，還不止！陸依依只想說「那不是養成，是色誘！」別人說溫流愛陸依依勝過生命，溫流只覺得，在她認識到愛這份感情之前，依依就已經是她的生命。比較偏現實向的雙視角百合，前期曖昧瑟瑟會比較多，從小寫到大的青梅竹馬，3歲-6歲-12歲跳三次時間線，後續就不再跳時間線，一直寫到社會篇。全篇純愛無毒但會有微微的扭曲味道（好吃）希望大家吃得開心。,3,推薦書籍完全符合使用者的需求。標籤包含「校園」、「戀愛」、「百合」與「青春日常」，且內容描述著重於角色間的養成與互動（雙視角、曖昧感），符合使用者希望的日常系、對話驅動以及特定元素的偏好。
q12,"想找一些日常系小說類型，希望劇情節奏安排和對話有趣些。
其它元素能接受百合、戀愛、生活、學校類型，有談話間交流劇情。",608908db-7759-5d60-9d38-856940c3155a,無法成為大人的我們，在同一屋檐下有著不同的夢想,八星 こはく,7.2,完結,"校園, 青春, 戀愛, 百合, 女性視角, kakuyomu, Web輕小說",【女子大學生百合】「這個吻，可以當作魔法之吻嗎？」【半同居】女子大學生翡翠，某天遇到了在文化祭舞台上披露舞蹈的偶像同好會成員・有栖川。有栖川，竟然是翡翠的鄰居。不知為何開始頻繁見面，和有栖川之間的距離漸漸縮短。反應過來的時候，已經和有栖川一起半同居生活了。經常一個人待著的翡翠，在與有栖川接觸的期間，想起了一個應該深埋在心底的夢想。有栖川也懷抱著無法對他人訴說的夢想。不是能天真地做著夢的孩子。但是，也不是能放棄夢想的大人。這樣的兩人相遇後漸漸變化，讓人珍視的每日故事。,3,該書完全符合使用者對「日常系」、「百合」、「戀愛」、「校園」及「生活」的需求。劇情著重於兩位女大學生的同居生活與日常互動，其風格傾向於透過日常交流推動情感發展，與使用者期待的對話交流劇情高度契合。
q12,"想找一些日常系小說類型，希望劇情節奏安排和對話有趣些。
其它元素能接受百合、戀愛、生活、學校類型，有談話間交流劇情。",e469c364-4074-5da8-a850-4e50ef5f08ef,關於被同班美少女拉進文學社這件事有點怪,虹彩異色,6.9,連載,"校園, 青春, 懸疑, 戀愛, 青春日常, 華文輕小說",本來打算度過平常生活的普通高中生洛敬文，受到同版美少女的邀請後，加入了一個頻臨解散，毫無存在感的文學社團。於是，本該平淡的生活暗起波瀾，除了平常可以和JK貼貼以外，接踵而來的是一些奇怪的事件……,3,該書標籤包含「校園」、「青春日常」與「戀愛」，完全符合使用者對日常系、學校與戀愛元素的偏好。文學社的設定通常伴隨大量對話與角色互動，且劇情中加入的「奇怪事件」能滿足使用者對節奏有趣的需求。
q12,"想找一些日常系小說類型，希望劇情節奏安排和對話有趣些。
其它元素能接受百合、戀愛、生活、學校類型，有談話間交流劇情。",4b32f64b-aff8-5d7d-b5d4-499bfc7f3695,誰才是我的百合呢!?,悠木凜,18.1,連載,"校園, 青春, 戀愛, 歡樂向, 百合, 女性視角, 小學館, 日本輕小說","寄信人就在這間學生會室里！事情的起因是學生會抽屜里發現的一封匿名情書。『並木一葉同學：我喜歡你』。能夠自由進出這個房間的只有三名學生會成員：下屆學生會長候選的才女・才原京、和全校學生都是朋友的社交達人辣妹・小內鹿乃愛、在校內擁有眾多粉絲的神畫師・吉野咲姬。這三人中一定有人喜歡我……！為了找出署名""莉莉""的寄信人，平凡的我決定和她們三人分別約會。但明明寄信人應該只有一人，為什麼每個人都這麼可疑……!?『完全猜不到是誰喜歡我』的少女戀愛喜劇！",3,推薦書籍完全符合用戶的需求：屬於校園日常系且包含百合與戀愛元素。劇情設定為戀愛喜劇，且透過與不同角色約會來推動情節，極大機率包含大量有趣的對話與互動，與用戶希望的『對話有趣』以及『談話間交流劇情』高度契合。
q12,"想找一些日常系小說類型，希望劇情節奏安排和對話有趣些。
其它元素能接受百合、戀愛、生活、學校類型，有談話間交流劇情。",c2e049fd-311b-54a9-ae02-11f86b713ad1,今日的荼蘼依舊綻放❤︎,鳶月鵩,27.1,連載,"校園, 百合, 戀愛, 青春, 黑暗, 青春日常, 華文輕小說",當我四歲時，那個夕陽下的女孩銘刻在我的記憶里。十七歲的寒夜，我們一起走向生命的終點。我不知道我是否後悔，但是我已經沒辦法想像沒有她的生活。——這是充斥著自私、妥協與罪孽的百合物語。,1,書籍雖然符合用戶提到的百合、校園、戀愛等元素，但其核心基調被標記為「黑暗」，且簡介中提到「走向生命的終點」與「罪孽」，這與用戶尋找的「日常系」以及希望對話有趣的輕鬆氛圍嚴重不符，僅在標籤上有表面關聯。
q12,"想找一些日常系小說類型，希望劇情節奏安排和對話有趣些。
其它元素能接受百合、戀愛、生活、學校類型，有談話間交流劇情。",c67afe95-3a4c-5519-895f-1b1e67221115,那個與人擁吻的女孩是我的初戀,入間人間,27.7,完結,"校園, 青春, 戀愛, NTR, 百合, 女性視角, 電擊文庫, 日本輕小說",闖進我房間里的那個傢伙，最近總是莫名牽動著我的心。來我家寄宿的人，是隔壁班的女生。某天突然跟母親一起出現在我家，總是讓人搞不懂她在想什麼，偏偏臉還長得格外漂亮，總之……對她蠻不爽的。本打算兩人互不干涉就好，但我說你啊，有時候深更半夜跑出門，到底幹嘛去了？媽媽和我從過去就總是輾轉寄宿於各種各樣的人家裡，這次是同校某個女生的家。她會做飯給我吃，跟我分擔家務，還會為深夜出門的我而擔心。但她問我夜出去做什麼，我實在不知該如何回答。因為，只是去跟認識的人見面罷了。某天突然成為同居者的兩位女高中生，所呈現的一段泡沫般的故事。,3,該書完全符合用戶要求的校園、百合、戀愛及生活等元素，且同居的設定非常適合展開日常系對話與劇情交流，與用戶的核心需求高度匹配。
q12,"想找一些日常系小說類型，希望劇情節奏安排和對話有趣些。
其它元素能接受百合、戀愛、生活、學校類型，有談話間交流劇情。",f13ceb7d-18e5-5db4-8f5f-70af999a0805,伊田的煩惱,vertinno,58.4,連載,"百合, 校園, 青春, 女性視角, 戀愛, 青春日常, 華文輕小說",這是關於兩個女孩的故事。「那個……伊田同學？」——因為受傷而相遇的記憶推開了故事的大門。「我可以……可以在這裡坐一會兒嗎？」——兩人獨處的空教室里，躲在角落的女孩偷瞄著正在畫畫的女孩。「不行，我必須陪在松坂身邊，現在是松坂最需要我的時候。」——突如其來的變故中，善良的女孩站在失去了一切的女孩身旁。「既然沒法如願以償地把她永遠留在身邊，那麼，就讓我一直陪著她，直到不能再同行的時候就好。」——暗生情愫的女孩望著和青梅竹馬談笑風生的女孩，許下了這樣的願望。「從今往後，無論多少次，只要伊田想聽，我都會毫無保留地向你表達自己的愛意，因為這本就是把我的心填得滿滿的感情。」——曾經自卑的女孩向曾經虛偽的女孩吐露著真情。「既然這個世界不能認可我們的愛情，那我們便只需要在上帝面前許下神聖的諾言。」——雪夜的小屋中，披著婚紗的女孩抱著穿越風雪歸來的女孩。,3,該書完全符合用戶要求的「日常系」、「百合」、「戀愛」、「校園」等所有核心元素，且劇情聚焦於兩位女孩之間的情感互動與對話，高度契合用戶的搜尋意圖。
q13,"我很喜歡搞笑類，誤會系剛好能戳到我的笑點，
看了會有種「這群人的腦迴路到底怎麼長的」的感覺，（像電玩咖這種的）
當然不需要全程搞笑，後面進入主線開始嚴肅起來我還是能接受的（素晴、腦礙這種的）",1fbd566f-0975-5af2-ba87-384d9fc786a4,今天的騙子也在玩弄著眾生,傲洛斯,12.9,連載,"熱血, 腦洞, 戀愛, 奇幻, 冒險, 後宮, 歡樂向, 原生幻想, 華文輕小說",【全在界】這是包含著無限和一切可能性，是所有世界的統稱。這也是近乎所有存在認知外的領域，就像我們所仰望的這片星空。而在無數的世界中，有著一個發展到接近人類想像極限的人類文明之一《Infinite》然而這個對於我們而言無比遙遠和發達的人類文明卻和大多人類世界一樣……胸懷熱血的夢想家死在無盡的道路理智冷血的資本家死在自己的慾望一無所有的行屍走肉早已經逝去只是這個存在比較久的世界已經發生過不少過去人類幻想和假設中的災難……僅唯一不同的是，這裡出現了個比較特別騙子然而……以上簡介你真的全信了？恭喜你！這是你第一次被騙子騙了這其實是一本歡樂向作品所以……這次又是不是謊言呢？,3,使用者明確要求「搞笑類」、「誤會系」以及具有「奇特腦迴路」的作品。推薦書籍標記為「歡樂向」，且其簡介採取先設定嚴肅背景隨後反轉揭露是「騙局」的形式，這種戲弄讀者的手法與「騙子」的主角設定，極高機率會產生大量誤會系情節與不按牌理出牌的笑點，與使用者需求高度契合。
q13,"我很喜歡搞笑類，誤會系剛好能戳到我的笑點，
看了會有種「這群人的腦迴路到底怎麼長的」的感覺，（像電玩咖這種的）
當然不需要全程搞笑，後面進入主線開始嚴肅起來我還是能接受的（素晴、腦礙這種的）",0ed5299a-8e14-57b1-867d-4d5176d1b3da,田中羅密歐不針砭時弊,田中羅密歐,9.3,完結,"職場, 宅文化, 腦洞, 歡樂向, 其他文庫, 日本輕小說",田中羅密歐在《PC Angel neo》2006年10月刊-2012年3月刊中連載的50多篇專欄文章合集。本書的絕大部分都只是個「黃油笑話」（當然也有些不是笑話甚至很嚴肅的），偶爾也會夾雜著些對業界的自嘲以及田中本人對黃油這一表現形式的熱愛，真的沒有什麼「諷刺」。,1,使用者尋找的是具有「誤會系」情節、角色邏輯奇葩的搞笑故事（小說），而推薦的作品是一本專欄文章合集（隨筆/評論），並非敘事類的小說。雖然兩者都涉及宅文化與幽默，但形式完全不符，且缺乏使用者要求的劇情推演與角色互動，僅有表面上的類比。
q13,"我很喜歡搞笑類，誤會系剛好能戳到我的笑點，
看了會有種「這群人的腦迴路到底怎麼長的」的感覺，（像電玩咖這種的）
當然不需要全程搞笑，後面進入主線開始嚴肅起來我還是能接受的（素晴、腦礙這種的）",841768c1-0275-5f85-b20f-c5c56382ceee,謎題的復調,虹彩異色,16.4,連載,"青春, 推理, 歡樂向, 二次元, 華文輕小說",關於我把推理小說寫成戀愛喜劇這件事是不是搞錯了什麼？,3,使用者偏好搞笑、誤會系以及角色腦迴路奇特的設定。推薦書籍標籤為「歡樂向」，且其簡介中提到「將推理小說寫成戀愛喜劇」的設定，暗示了強烈的反差與可能的認知偏差（誤會系），且二次元標籤與使用者提到的風格高度契合，非常符合其核心需求。
q13,"我很喜歡搞笑類，誤會系剛好能戳到我的笑點，
看了會有種「這群人的腦迴路到底怎麼長的」的感覺，（像電玩咖這種的）
當然不需要全程搞笑，後面進入主線開始嚴肅起來我還是能接受的（素晴、腦礙這種的）",7c1f789f-5b72-50b2-a180-e0b2d2417186,兔子強尼,東山彰良,10.4,完結,"懸疑, 歡樂向, 腦洞, 其他文庫, 日本輕小說",由黑手黨養大的兔子強尼，在主人死後回到兔子世界，成立了一家偵探社。某天，它被委託尋找一隻失蹤的兔子，卻意外尋獲主人死亡的內幕。為了替主人報仇，它毅然回到人類世界，勇敢面對真實的黑幫火拚。本作由寵物兔（偵探）的眼光，來看人類世界的利益紛爭及生死惡鬥，雖然荒唐，但穿插於案件中的小動物本能反應，逗趣爆笑。,3,使用者偏好搞笑、誤會系以及具有荒誕邏輯（腦迴路奇怪）的作品，並能接受後期轉為嚴肅主線。推薦的《兔子強尼》以「黑幫養大的兔子偵探」為設定，將動物本能與人類黑幫衝突結合，創造出強烈的荒謬感與喜劇效果，且故事包含調查死亡真相的懸疑主線，完全符合使用者對「荒唐搞笑」與「主線嚴肅」的需求。
q13,"我很喜歡搞笑類，誤會系剛好能戳到我的笑點，
看了會有種「這群人的腦迴路到底怎麼長的」的感覺，（像電玩咖這種的）
當然不需要全程搞笑，後面進入主線開始嚴肅起來我還是能接受的（素晴、腦礙這種的）",7c0ac6b3-a0ae-53e8-8533-9621a96432e4,小紅帽，在旅途中遇見屍體,青柳碧人,9.5,完結,"懸疑, 腦洞, 歡樂向, 其他文庫, 日本輕小說",大受NETFLIX青睞，改編電影即將播映，萬眾囑目灰姑娘→糖果屋→睡美人→賣火柴的少女「咦？那封面的小紅帽咧？？？？」4+1個西洋童話x 4+1個殺人謎團繼《從前從前，某個地方有具屍體……》之後，青柳碧人向西洋童話下戰帖——,1,使用者明確尋找的是「誤會系」且具有「奇葩腦迴路」的荒誕搞笑作品（如《素晴》），而推薦書籍是一部以童話為原型、主打殺人謎團的懸疑推理小說。雖然標記有「歡樂向」和「腦洞」，但其核心在於推理與懸疑，而非使用者追求的誤會系喜劇，僅有極低程度的風格重疊。
q13,"我很喜歡搞笑類，誤會系剛好能戳到我的笑點，
看了會有種「這群人的腦迴路到底怎麼長的」的感覺，（像電玩咖這種的）
當然不需要全程搞笑，後面進入主線開始嚴肅起來我還是能接受的（素晴、腦礙這種的）",0f347190-991f-5ddd-be2e-e87e5636a13c,空想科學生活讀本,柳田理科雄,12.1,連載,"科幻, 腦洞, 歡樂向, 其他文庫, 日本輕小說",放送！放送！科學怪咖柳田理科雄又來了！這回柳田老師「深入民間」，精選各種生活道具，從歷史演進介紹到最尖端科技，甚至搏命體驗，只為了替大家步步進逼終極的美好人生之路！因為「懶到天打雷劈」的奇怪點子、究極的科學空想，正是讓明天更美好的最偉大力量！,2,用戶偏好「誤會系」且角色擁有「奇怪腦迴路」的搞笑作品（如《素晴》）。推薦書籍雖然並非典型的誤會系劇情，但其主打的「科學怪咖」、「奇怪點子」與「腦洞」設定，在精神核心上符合用戶對「邏輯奇特」的喜好。不過，這本書更傾向於概念性的歡樂向而非角色互動產生的誤會喜劇，因此給予 2 分。
q13,"我很喜歡搞笑類，誤會系剛好能戳到我的笑點，
看了會有種「這群人的腦迴路到底怎麼長的」的感覺，（像電玩咖這種的）
當然不需要全程搞笑，後面進入主線開始嚴肅起來我還是能接受的（素晴、腦礙這種的）",f0f13174-7f78-53d9-8366-6c03f0f55a9c,空想非科學讀本,柳田理科雄,3.1,完結,"腦洞, 歡樂向, 宅文化, 其他文庫, 日本輕小說",大家現在準備看到的是柳田理科雄所長所寫的另一本奇書，名為「空想非科學大全」。《空想科學讀本》系列的番外篇這本的主旨的說假設動畫及特攝里的設定都是真的的話，那英雄們要如何完成使命？？這本也會與空想科學讀本系列一樣讓大家笑的在地上打滾。,1,使用者尋找的是具有特定劇情傾向（如誤會系、角色邏輯古怪）的搞笑類小說或故事，而推薦的《空想非科學讀本》屬於非小說類型的科普/分析書籍，雖然同樣具有「腦洞」且風格幽默，但缺乏使用者要求的敘事結構與角色互動，僅在「搞笑」與「宅文化」上有表面關聯。
q13,"我很喜歡搞笑類，誤會系剛好能戳到我的笑點，
看了會有種「這群人的腦迴路到底怎麼長的」的感覺，（像電玩咖這種的）
當然不需要全程搞笑，後面進入主線開始嚴肅起來我還是能接受的（素晴、腦礙這種的）",d417257b-6963-5fd6-b75c-5a8c641816f6,Fortuna·Fortune 星運之女神,kawa.kei,13.0,連載,"奇幻, 轉生, 歡樂向, 獵奇, 腦洞, syosetu, Web輕小說",paradigm・parasite 範式寄生體的作者kawa.kei筆下的短篇作品，由星辰與命運的女神引導下的一個又一個的人生故事，現在正式開幕。來吧，是女神引導的時刻了！扭蛋——Koro koro koro……Paka(打開),1,推薦書籍雖然標記為「歡樂向」和「腦洞」，符合用戶對搞笑和奇特邏輯的初步需求，但其內容是關於女神引導的短篇故事集，缺乏用戶明確要求的「誤會系」情節以及深入的角色腦迴路描寫，與核心需求僅有表面上的重疊。
q13,"我很喜歡搞笑類，誤會系剛好能戳到我的笑點，
看了會有種「這群人的腦迴路到底怎麼長的」的感覺，（像電玩咖這種的）
當然不需要全程搞笑，後面進入主線開始嚴肅起來我還是能接受的（素晴、腦礙這種的）",136a8fc2-5303-50ca-96f3-329f24b66764,殭屍生活入門,不破有紀,7.3,完結,"科幻, 腦洞, 宅文化, 歡樂向, 電擊文庫, 日本輕小說",恭喜您！您被檢測為殭屍陽性。即便成為殭屍，未來依然光明。您的身體會比人類時更加健康，甚至可以成為宇航員（※殭屍無需氧氣或新鮮食物，非常適合在宇宙飛船或月球基地工作）。殭屍也會戀愛。在情人節，您可以送給心儀的同學一盒比情敵更高級的戈貢佐拉乳酪（※殭屍討厭新鮮食物，但和人類一樣可以食用發酵食品）。從殭屍誕生到「歷史完成」，記錄人類與殭屍千年宇宙興衰史！※2519年6月20日《新人類憲章》頒布後，長期被視為歧視性的「殭屍」稱呼已被廢除。本書考慮到當時的歷史背景及資料價值，部分表達保留原文。,3,該書標籤包含「腦洞」與「歡樂向」，且簡介以一種荒誕、一本正經地胡說八道的形式介紹殭屍生活（例如殭屍情人節送乳酪、適合當宇航員），非常符合使用者追求的「腦迴路奇怪」以及搞笑氛圍。雖然簡介中未明確提到「誤會系」，但其荒謬的設定與使用者提到的《素晴》等作品風格高度契合。
q13,"我很喜歡搞笑類，誤會系剛好能戳到我的笑點，
看了會有種「這群人的腦迴路到底怎麼長的」的感覺，（像電玩咖這種的）
當然不需要全程搞笑，後面進入主線開始嚴肅起來我還是能接受的（素晴、腦礙這種的）",f68538f1-e08d-5b46-a87e-e3dab87793c3,異世界轉生…才怪！,碳酸,15.9,連載,"奇幻, 戰鬥, 冒險, 歡樂向, 後宮, 其他文庫, 日本輕小說",結城幸助在一個純白的房間醒來，他依稀記得今天原本是滿心期待的高中生活第一天，卻在上學途中被電車撞飛，但現在為什麼毫髮無傷、一點痛覺都沒有？「抱歉抱歉，都是老身的不是！」一位自稱「神仙」的老頭不斷向幸助道歉。原來神仙老頭下到人界遊玩，卻在平交道踩到香蕉皮跌倒，多虧幸助捨命相救才沒丟臉丟到天上去。為了報答幸助，老頭決定讓他獲得「特殊能力」，並轉生到嚮往的魔法異世界。再次睜開雙眼的幸助興奮高呼：異世界轉生……才怪！這裡不是停屍間嗎？再次搞砸的神明實在教人哭笑不得，但雖然轉生失敗，眼前的「世界」卻與幸助記憶中的「現實」非常不一樣：糾纏不清的不良少年、緊迫盯人的美少女班長、用特殊能力做出來的「式神」，還有傳說中的貓神大人，以及不斷來犯的陰陽師和特異功能組織……這個世界到底是怎麼回事啊？,2,推薦書籍屬於歡樂向且設定荒誕（神明失誤導致轉生失敗），符合使用者對「搞笑」以及「腦迴路奇怪」的偏好，其氛圍與使用者提到的《素晴》相當接近。雖然簡介中未明確提及「誤會系」的劇情設計，但整體風格高度契合。
q13,"我很喜歡搞笑類，誤會系剛好能戳到我的笑點，
看了會有種「這群人的腦迴路到底怎麼長的」的感覺，（像電玩咖這種的）
當然不需要全程搞笑，後面進入主線開始嚴肅起來我還是能接受的（素晴、腦礙這種的）",37dbb01a-5203-58a9-af84-2ba226419740,從青梅竹馬未婚妻解除婚約宣言引發的崩壞喜劇,尾裂狐さん,8.5,連載,"戀愛, 青梅竹馬, 歡樂向, NTR, kakuyomu, Web輕小說",對王子的報復，要不要貫徹到底呢？「韋恩，對不起。我並非是討厭你了。只是……我已經不再屬於你的世界了。所以，我們的婚約就此廢除。」面對這完全出乎意料的展開，我一時語塞。同時，王子殿下正得意洋洋地俯視著我，意氣風發地開口說道——,3,使用者明確尋找搞笑、誤會系且具有「腦迴路奇特」感的作品。推薦書籍標題直接標榜「崩壞喜劇」，且其設定（解除婚約導致的混亂）非常符合日系 Web 小說中常見的誤會系搞笑風格，能提供使用者所追求的荒誕感，與其核心需求高度匹配。
q13,"我很喜歡搞笑類，誤會系剛好能戳到我的笑點，
看了會有種「這群人的腦迴路到底怎麼長的」的感覺，（像電玩咖這種的）
當然不需要全程搞笑，後面進入主線開始嚴肅起來我還是能接受的（素晴、腦礙這種的）",21703e02-b2c4-5114-8675-c6f5031c9dcb,萬物皆可娘系列,y☆yy,3.4,連載,"歡樂向, 青春, 搞笑吐槽, 華文輕小說",新買的冰箱變成蘿莉了？！還硬要住在我家？每章篇幅不超過4頁紙的四格輕小！,2,使用者明確表達喜歡「誤會系」以及對角色「腦迴路」感到好奇的搞笑風格（如《素晴》）。推薦書籍雖然標記為搞笑吐槽且設定荒誕（冰箱化身蘿莉），符合搞笑的大方向，但其形式為短篇四格輕小說，更傾向於設定上的笑點而非角色間的誤會或邏輯錯位，且缺乏使用者提到的主線劇情發展潛力，因此僅部分滿足需求。
q13,"我很喜歡搞笑類，誤會系剛好能戳到我的笑點，
看了會有種「這群人的腦迴路到底怎麼長的」的感覺，（像電玩咖這種的）
當然不需要全程搞笑，後面進入主線開始嚴肅起來我還是能接受的（素晴、腦礙這種的）",76700d39-f083-5976-bcd6-f4286c6877d5,這個日式物語不太冷,和風遇月,232.2,完結,"歡樂向, 原生幻想, 華文輕小說",白凡面前有一塊等身鏡。鏡中的白凡沖著自己在大大地笑著。很奇怪——因為他根本就沒有笑。在白凡的目光下，鏡中自己的嘴角咧到脖子根。就算是一直鎮靜的白凡也露出一抹訝然之色。看著對方對著自己的腦袋張開血盆大口，白凡緩緩地抬起自己手中的手機——咔擦一聲。他比了個剪刀手，拍了張合照。————書友群：883892482，暗號書名,3,推薦書籍標記為「歡樂向」，且簡介中主角面對恐怖鏡像卻淡定比剪刀手拍合照的反應，完美契合使用者所要求的「腦迴路奇怪」的搞笑風格，具有強烈的荒誕感，非常符合使用者的核心需求。
q13,"我很喜歡搞笑類，誤會系剛好能戳到我的笑點，
看了會有種「這群人的腦迴路到底怎麼長的」的感覺，（像電玩咖這種的）
當然不需要全程搞笑，後面進入主線開始嚴肅起來我還是能接受的（素晴、腦礙這種的）",57971c72-e838-5409-b742-2b806902fa57,歡樂黎明使者團！,樹川智美,50.8,連載,"旅行, 冒險, 歡樂向, 戀愛, 少女文庫, 日本輕小說",暌違九十三個年頭，米特蘭達再次出現陰柔屬性的女司令！哈爾瑟迪斯接獲一道來自修道會總部的指令，要他率領「黎明使者團」，保護女司令席雅希妲，平安順利地完成周遊大陸之旅！不料由一般市民應招而成的眾團員，個個既沒使命感又無責任心，席雅希妲更是個食量異常驚人、言行古怪的美少女，他的理智頓時瀕臨崩潰邊緣……！？,2,使用者明確要求「搞笑」、「誤會系」以及具有「奇葩腦迴路」的角色（如《電玩咖》、《素晴》）。推薦書籍標記為「歡樂向」，且劇情描述中提到團員缺乏責任感、女主角言行古怪導致主角理智崩潰，這與使用者追求的荒誕喜劇氛圍與角色互動模式高度吻合，雖然簡介未明確強調「誤會系」元素，但整體基調非常接近。
q13,"我很喜歡搞笑類，誤會系剛好能戳到我的笑點，
看了會有種「這群人的腦迴路到底怎麼長的」的感覺，（像電玩咖這種的）
當然不需要全程搞笑，後面進入主線開始嚴肅起來我還是能接受的（素晴、腦礙這種的）",5573a808-a952-583a-9bb8-0a9b432a7d51,狗與剪刀必有用,更伊俊介,107.3,連載,"奇幻, 懸疑, 歡樂向, Fami通文庫, 日本輕小說",「還沒看完怎麼能死！」某一天，我意外死在強盜手中，卻由於身為書痴的執著而奇蹟似地復活……以臘腸狗的外貌復活。為什麼是狗啊！這樣叫我要怎麼看書！我正在煩惱時，眼前出現把剪刀當武器的虐待狂──夏野霧姬。這人怎麼看都是個危險分子，可是她聽得懂狗語，而且，她的真實身分竟是我最崇拜的作家秋山忍！我今後該如何是好？殺死我的強盜又下落何處？第十二屆ENTAME大賞優秀賞得獎作品，懸疑風格的無厘頭喜劇！,3,推薦作品被定義為「無厘頭喜劇」，其死後轉生成狗且與虐待狂作家互動的荒誕設定，非常符合使用者追求的「腦迴路奇怪」的感覺。此外，故事將喜劇與懸疑主線結合，也完全符合使用者能接受「之後進入主線開始嚴肅」的要求，是一次高品質的推薦。
q13,"我很喜歡搞笑類，誤會系剛好能戳到我的笑點，
看了會有種「這群人的腦迴路到底怎麼長的」的感覺，（像電玩咖這種的）
當然不需要全程搞笑，後面進入主線開始嚴肅起來我還是能接受的（素晴、腦礙這種的）",f3f0af3d-8599-56ec-922f-2ff51f7151f6,空想科學讀本,柳田理科雄,55.8,連載,"科幻, 腦洞, 歡樂向, 宅文化, 其他文庫, 日本輕小說",嚴格說來這是一本超otaku書籍，因為它的內容就是：用科學的角度來看卡通、特攝中的設定倒底有哪些不合理處！內容所及從早期的怪獸電影、特攝劇集、巨大機械人……到一大堆科幻卡通無所不包。,1,使用者尋找的是具有「誤會系」、角色邏輯奇特且有劇情發展的搞笑小說（如《素晴》），而推薦的書籍是一本分析特攝與動畫設定不合理之處的科學分析類書籍（非敘事小說），兩者在作品形式與核心需求（故事劇情 vs. 科學分析）上完全不符，僅有微弱的宅文化交集。
q13,"我很喜歡搞笑類，誤會系剛好能戳到我的笑點，
看了會有種「這群人的腦迴路到底怎麼長的」的感覺，（像電玩咖這種的）
當然不需要全程搞笑，後面進入主線開始嚴肅起來我還是能接受的（素晴、腦礙這種的）",68771719-e5c0-51b1-83ec-a982a7d2ded3,不知不覺間就上了御宅社團公主、對宅男溫柔的辣妹、做爸爸活的郁嬌地雷女，以及裝可愛的小惡魔系後輩。而且這些女孩背後全都有一個疑似主人公的陰沉宅男，太糟了，怎麼就變成BSS了呢,園業公起,14.8,連載,"後宮, 戀愛, 校園, NTR, 歡樂向, kakuyomu, Web輕小說",BSS與NTR的次元融合戀愛喜劇！和御宅社團公主搞上了。BSS！和對宅男友好的辣妹搞上了。BSS！和裝可愛的小惡魔系學妹搞上了。BSS！和做爸爸活的郁嬌地雷女搞上了。BSS！這部作品講述的是一個蠢貨，因酒後衝動與怎麼看都像是屬於某個主角的女孩子們接連發生關係的戀愛喜劇。說實話搬運這部小說主要是我作為純愛戰神想讓大家學習一下男主的把妹手段的，不過園業公起這個作者精神狀態有些不穩定，做好本文隨時可能太監的準備。,1,用戶明確要求的是「誤會系」且具有「奇特腦迴路」的搞笑風格（如《素晴》），而推薦書籍雖然標記為「歡樂向」，但核心內容是關於後宮、BSS 與 NTR 的校園戀愛喜劇，其笑點主要來自於關係的混亂而非用戶追求的邏輯錯位或誤會系幽默，兩者在搞笑類型的子類別上並不匹配。
q13,"我很喜歡搞笑類，誤會系剛好能戳到我的笑點，
看了會有種「這群人的腦迴路到底怎麼長的」的感覺，（像電玩咖這種的）
當然不需要全程搞笑，後面進入主線開始嚴肅起來我還是能接受的（素晴、腦礙這種的）",e708148d-afd6-59d4-a388-348013d755f3,神明大人會把笑心○○○？,荒川工,19.9,完結,"校園, 奇幻, 歡樂向, 百合, 女性視角, 小學館, 日本輕小說",自從父親無故離家後便失去了笑容的女國中生「笑心」某天依慣例打掃父親的舊房間時，意外地發現一枚戒指。在好奇心的慫恿之下戴上了戒指的笑心頭頂上居然有神從天而降！外表還只是個小孩子的神卻成天像是性騷擾的癡漢一樣跟笑心吵著要交歡，笑心唯一知道的是，保護自己的貞操就等於守護這個世界。身心健全的笑鬧劇要揭幕啰！可憐蟲女國中生「笑心」與神明大人賭上了偽界存亡的交歡性騷擾攻防戰ing，READYGO！！,1,使用者明確要求「誤會系」以及像《素晴》那樣具有「奇怪腦迴路」的角色邏輯。推薦書籍雖然標記為「歡樂向」且屬於鬧劇風格，符合搞笑的大方向，但其核心笑點在於「色氣攻防戰」與特定設定，而非使用者追求的誤會系幽默或荒謬的性格邏輯，契合度較低。
q13,"我很喜歡搞笑類，誤會系剛好能戳到我的笑點，
看了會有種「這群人的腦迴路到底怎麼長的」的感覺，（像電玩咖這種的）
當然不需要全程搞笑，後面進入主線開始嚴肅起來我還是能接受的（素晴、腦礙這種的）",4f45982d-a01b-53b2-9fcc-73423fa3ac31,野崎惑劇場,野崎惑,12.0,完結,"腦洞, 歡樂向, 電擊文庫, 日本輕小說",「電擊文庫MAGAZINE」上好評連載中的超個性短篇期望已久的（？）文庫化。作者·野崎窗的謎之美學在電擊文庫瘋狂肆虐！去找屍體的驗屍官、帶寵物對局的職業棋士、想收拾勇者的魔王、黑幫若頭、雷霆獵鷹、獅子、唔嘅嘅嘅說話的牛、電擊文庫的妖精等，無比變態的（？）眾多登場人物為您呈現一幕幕令人捧腹倒地的故事！橫跨約2年半盡情胡來的連載短篇15篇+公式海賊本收錄1篇+添寫3篇+沉作5篇=合計24篇的大容量饋贈，讓你懷疑編輯部是不是有病的短篇集！當您容忍這本書時，您將成為獨當一面的成年人——。,3,用戶明確要求尋找具有「腦迴路奇怪」且搞笑的作品，而推薦的《野崎惑劇場》標榜「腦洞」與「令人捧腹」，內容包含大量不按牌理出牌、甚至被描述為「有病」的角色與情節，完美契合用戶追求的荒誕幽默感與對角色思維邏輯的好奇心。
q13,"我很喜歡搞笑類，誤會系剛好能戳到我的笑點，
看了會有種「這群人的腦迴路到底怎麼長的」的感覺，（像電玩咖這種的）
當然不需要全程搞笑，後面進入主線開始嚴肅起來我還是能接受的（素晴、腦礙這種的）",35ab2fae-5faf-58d9-adb6-1ce6c26c7968,致過去、未來以及現在的你,葉雨鴿鴿,4.7,連載,"校園, 歡樂向, 青春, 妹妹, 青梅竹馬, 懸疑, 腦洞, 青春日常, 華文輕小說",『崩壞之人為何不舍飄渺的幻影？』初中以外獲曉父親離婚消息導致生活崩壞的葉喪失了對人的信任，而在高中選擇了拋棄人際投入學習。陪伴他的只有書本里的故事和古舊書架上的不知何人的信件。一個偶然的機會，他認識了一位志願圖書管理員——雨。『你還會期待什麼嗎？』『你又在逃避什麼呢？』『你仍然停在那時嗎？』現實里突然出現的信件，同父異母妹妹的登門，心中逃不開的幻影。葉的生活漸漸支離破碎。『晚安，朋友，希望我們會在夢中再見。』一封跨越時間的書信將見證這場不被拯救的悲劇。,1,使用者明確要求「搞笑」、「誤會系」且具有荒誕感的作品（如《素晴》），但推薦書籍的簡介描述的是關於家庭崩壞、信任喪失及「不被拯救的悲劇」的青春懸疑故事。儘管標籤中有「歡樂向」和「腦洞」，但整體基調與使用者追求的笑點完全相反，僅有極其表面且矛盾的標籤關聯。
q13,"我很喜歡搞笑類，誤會系剛好能戳到我的笑點，
看了會有種「這群人的腦迴路到底怎麼長的」的感覺，（像電玩咖這種的）
當然不需要全程搞笑，後面進入主線開始嚴肅起來我還是能接受的（素晴、腦礙這種的）",dbdc7f0b-d7a4-5842-b7a4-d3d521c2a12e,LuoT模特的二三事,douyueling,29.5,連載,"青梅竹馬, 戀愛, 校園, 歡樂向, 腦洞, 青春, 後宮, 青春日常, 華文輕小說",「只要小磊希望，不過是一兩件衣服罷了，我當然可以脫了。」我和表姐之間有個秘密，她不但是我的表姐，還是我的裸體模特。表姐溫柔美麗，落落大方，又經常會露出惡作劇般的表情捉弄我。多一秒也好，我想把她美麗的身體畫進畫中。「吶，小磊，我們的關係會持續到什麼時候？」面對她的問題，我總是在思索著該怎麼回答。她是我最重要的模特，我們是如此的熟悉，總是形影不離。但漸漸的，好像有什麼錯位了。她改變了，變得越來越遠了。我卻彷彿個彷徨的孩子般呆在原地不知該如何是好。除了她之外，我還畫過很多人。但我想畫的到底是身體，還是心呢？「裸體模特太厲害了，我一次都沒有畫過呢，真好啊小磊同學。」「一小時十塊錢怎麼樣？」「那麼，你願意畫下我嗎？」「想畫就給你畫吧。」在遇到各種各樣的人，並一個個畫下他們的身姿後，最終我的選擇到底又會是什麼呢？,1,使用者明確尋找的是「誤會系」且具有「崩壞腦迴路」的高能量搞笑風格（如《素晴》），而推薦的書籍雖然標記為歡樂向，但從簡介來看屬於校園戀愛、青春日常類作品，側重於情感糾葛與浪漫氛圍，缺乏使用者要求的荒謬感與誤會系笑點，兩者核心意圖不符。
q13,"我很喜歡搞笑類，誤會系剛好能戳到我的笑點，
看了會有種「這群人的腦迴路到底怎麼長的」的感覺，（像電玩咖這種的）
當然不需要全程搞笑，後面進入主線開始嚴肅起來我還是能接受的（素晴、腦礙這種的）",70d96984-b222-5995-8ad1-ff1d65778b31,秋葉少年,將吉,8.7,完結,"青春, 腦洞, 宅文化, 歡樂向, 講談社, 日本輕小說",這樣的青春實在太美好了，就算不是宅男宅女，也會痛哭流涕吧！星期天，秋葉原的步行者天國，可說是某種混沌的極北之地。這個御宅族聚集之聖地，充斥著各式各樣的都市傳說——有手持機關槍的女僕咖啡廳、有以獵殺御宅族為樂的遊戲團體、傳說中進入二次元世界的秋葉原護照～～來秋葉原買東西的少年，會遇上什麼樣奇妙的事件呢？,3,推薦書籍標籤包含「腦洞」與「歡樂向」，且內容描述中充滿了秋葉原的怪異都市傳說與奇妙事件（如機關槍女僕、獵殺御宅族等），非常符合使用者追求的「腦迴路奇怪」以及不按牌理出牌的搞笑氛圍，與使用者提到的《素晴》等作品風格高度契合。
q13,"我很喜歡搞笑類，誤會系剛好能戳到我的笑點，
看了會有種「這群人的腦迴路到底怎麼長的」的感覺，（像電玩咖這種的）
當然不需要全程搞笑，後面進入主線開始嚴肅起來我還是能接受的（素晴、腦礙這種的）",36a1d91c-2d2e-5945-ad93-06ea8c5e5af8,女僕☆機關槍,將吉,8.5,完結,"歡樂向, 腦洞, 宅文化, 其他文庫, 日本輕小說",「我不會輸的！雖然感覺快不行了！」綻放在秋葉原的夢幻可愛女僕。艾莉亞～～揭露女僕咖啡廳背後不為人知的辛酸（笑）！——女僕手持機關槍。這是否屬實，或許秋葉原居民知道……我打算從今天開始，在BoiledEggsOnline上寫日記，讓還沒碰過面的主人了解女僕咖啡廳的優點。像這樣點滴的努力，總有一天會發芽長成大樹，進而變成森林，然後覆蓋住整個地球的。羅多倫和星巴克也會變成女僕咖啡廳的；麥當勞的主打商品會是照燒女僕漢堡；往右看是女僕，往左看也是女僕，三百六十度全方位都充滿了女僕。前進吧！一億女僕。內閣最重要的職位會變成女僕大臣。遇到有煩惱的朋友，請告訴他：「別為小事煩心了，去女僕咖啡廳吧！」,3,使用者尋找具有「腦迴路異常」感、搞笑且與宅文化相關的作品。推薦書籍《女僕☆機關槍》設定在秋葉原，且其「將全世界變成女僕咖啡廳」的荒誕目標完全符合使用者對「腦洞」與「腦迴路」的喜好，標籤也明確包含歡樂向與宅文化，是非常契合的推薦。
q14,"想求各位大大們，有沒有推薦以百合、女生友情、男女愛情這類的日本輕小說呢?

不太想要有奇幻、科幻、后宮、異世界這元素，有點太過氾濫不太想看
只要日常、青春的就可以了，有發糖的和胃痛我都可以~",cee7f5c1-4f98-5c74-aaee-41532c375fad,初戀 Signal,玉置こさめ,2.3,完結,"校園, 青春, 戀愛, 百合, 其他文庫, 日本輕小說",櫻庭志乃在升學到三葉高中的時候遇到了清宮飛鳥。原本認為自己絕對不會和認真的飛鳥有所交集的志乃，卻被她說了一句「如果可以的話，能和我當朋友嗎？」……!?這是一部充滿心動與可愛的、性格截然相反的兩位女孩間甜蜜又令人心動的百合戀愛故事！,3,推薦書籍完全符合用戶的需求：它是日本輕小說，主題為百合戀愛，設定在校園青春日常，且不含奇幻、科幻或異世界等排除元素，是非常精確的匹配。
q14,"想求各位大大們，有沒有推薦以百合、女生友情、男女愛情這類的日本輕小說呢?

不太想要有奇幻、科幻、后宮、異世界這元素，有點太過氾濫不太想看
只要日常、青春的就可以了，有發糖的和胃痛我都可以~",ca8a19e8-5a35-5100-85d8-33a5515d4dc6,與她女友的不純初戀,Akeo,16.7,連載,"校園, 青春, 戀愛, 百合, 女性視角, 電擊文庫, 日本輕小說",我和有女朋友的她同居——「我來教妳念書，作為交換，暑假前讓我住在妳家吧」如果這次考試再不及格，我的獨居生活就會結束。走投無路的我——雪，稀里糊塗地答應了學內第一美女——司的提議。但是，我親眼看見了。司在公園裡和同班的女生接吻。總是用曖昧的距離靠近我，讓我感到困擾的司，竟然已經有了「女朋友」。我的朋友弓莉說，就算是同性之間，同居這種行為也能算「劈腿」，因此強烈反對我們的同居，但司卻毫不在意。不過，我的成績的確有了進步，和司一起生活也逐漸變得有趣。「如果沒有戀愛感情，那就不算劈腿」或許是這樣，但————沒關係的，只要我依舊不懂愛情，大家就能一直幸福下去了吧？,3,該書完全符合用戶的要求：它是日本輕小說，主題為百合與青春戀愛，且設定為純粹的校園日常，完全沒有奇幻、科幻、後宮或異世界等不想要的元素，非常契合用戶的搜尋意圖。
q14,"想求各位大大們，有沒有推薦以百合、女生友情、男女愛情這類的日本輕小說呢?

不太想要有奇幻、科幻、后宮、異世界這元素，有點太過氾濫不太想看
只要日常、青春的就可以了，有發糖的和胃痛我都可以~",b825f43d-86f4-5784-b31a-7141c444a287,青春，少女們，不正常的戀愛物語,青梅素,22.0,連載,"校園, 青春, 戀愛, 百合, 青春日常, 華文輕小說",「戀愛，是相當魔幻的東西。」白夢是剛升入大學的大一新生，在網路上認識許久的男網友居然是接待自己的漂亮學姐。想要談一場甜甜的戀愛，但對方同樣是女生怎麼辦？還沒開始就要結束了嗎？除此之外，在學校加入了一個奇奇怪怪的社團——「戀愛魔法俱樂部」。他們好像真的有魔法，靈魂互換，隱身，失憶症，讀心術，情感相通，居然還能短暫地變成男孩子……關於一場發生在普通大學校園的不普通戀愛喜劇，就此展開。,1,使用者明確要求不需要『奇幻』元素且希望是『日本輕小說』。雖然該書符合百合與青春主題，但內容包含靈魂互換、隱身等明確的奇幻設定，且標籤顯示為『華文輕小說』，與使用者的核心排斥條件及偏好相悖。
q14,"想求各位大大們，有沒有推薦以百合、女生友情、男女愛情這類的日本輕小說呢?

不太想要有奇幻、科幻、后宮、異世界這元素，有點太過氾濫不太想看
只要日常、青春的就可以了，有發糖的和胃痛我都可以~",6997762e-dbcd-51f0-ad50-519e38b8c6b1,被夾在百合之間的我，順勢劈腿了,としぞう,41.5,連載,"校園, 青春, 戀愛, 百合, 女性視角, 其他文庫, 日本輕小說",在這所學校里，有著人稱「聖域」的兩位美少女。一位是有如公主般惹人憐愛的百瀨由那，另一位則是英凜挺拔到會讓人誤以為是王子的合羽凜花。她們原本就是互為鄰居的青梅竹馬，感情自然也相當融洽。可是，竟有個無禮之徒闖入了如此美妙的百合花園……那個人就是我。然而，不僅闖入了兩人之間，我──間四葉更同時收到了雙方的告白。而且在優柔寡斷的個性作祟下，同時與這兩人展開了交往。不對吧，為何會這樣!? 交往一事對聖域的另一方來說當然都得保密。但即便如此，還是希望那兩人都能感受到幸福。既然這樣，那就只有隱瞞到底了……劈腿的日子就此展開！史上最差勁!? 但實際上是純愛的少女間戀愛喜劇！,3,該書完全符合用戶的需求：是日本輕小說、屬於校園青春日常類型，且包含百合與少女間的戀愛元素。同時，書中沒有奇幻、科幻或異世界等氾濫元素，非常契合用戶希望尋找的純粹日常青春氛圍。
q14,"想求各位大大們，有沒有推薦以百合、女生友情、男女愛情這類的日本輕小說呢?

不太想要有奇幻、科幻、后宮、異世界這元素，有點太過氾濫不太想看
只要日常、青春的就可以了，有發糖的和胃痛我都可以~",7b110605-2fa6-5eac-8363-8000257ad08e,讓聲稱女性之間不可能的女孩，在百日內徹底淪陷的百合故事。,みかみてれん,77.4,連載,"校園, 青春, 戀愛, 百合, 女性視角, GA文庫, 日本輕小說",『女生之間什麼的不可能……本該是這樣的！』這是一個從日常開始的危險夏日物語。班級人氣系女高中生——鞠佳，同班同學的絢突然拿出一百萬日元擺在她面前。「鞠佳的一百天時間歸我，我會讓你知道，女生之間究竟可不可能」對自己是異性戀這件事深信不疑的鞠佳，在與強攻美少女的百日相處間，身心均被逐漸徹底攻陷。在第一百天到來之前，鞠佳究竟還能不能直截了當地斷言『不可能』呢？(不能)屈服確定！伴隨著已然約定好的失敗，鞠佳的這場戰鬥現在拉開了序幕——。,3,該書完全符合使用者的需求：它是日本輕小說，主題為百合與青春戀愛，設定在校園日常，且完全沒有奇幻、科幻、後宮或異世界等排斥元素。
q14,"想求各位大大們，有沒有推薦以百合、女生友情、男女愛情這類的日本輕小說呢?

不太想要有奇幻、科幻、后宮、異世界這元素，有點太過氾濫不太想看
只要日常、青春的就可以了，有發糖的和胃痛我都可以~",a0340404-a615-57cb-9732-91500b7f1885,截稿日之前，百合的進度特別快,平坂読,13.7,連載,"青春, 戀愛, 歡樂向, 職場, 百合, 女性視角, GA文庫, 日本輕小說",「為什麼在逼近截稿日時玩遊戲會這麼好玩呢……」離家出走的少女白川愛結透過堂姐白川京的介紹，開始了負責照顧＆監督當紅作家海老光的打工。儘管愛結因為光常常拖稿玩遊戲、釣魚、出外旅行而被耍得團團轉，她還是覺得這樣的日常相當幸福。另一方面，突然開始與愛結的同居生活後，光產生了前所未有的感受。不見容於社會的少女，以及才貌兼備、家境良好卻過著墮落生活的小說家，她們的關係會怎麼發展……？獻給難以「正常」活在世上的所有人，晶瑩剔透的日常系百合愛情喜劇，誕生。,3,此書為日本輕小說，主題為百合與日常，完全符合使用者要求的「百合」、「日常」、「青春」等要素，且不含奇幻、異世界、後宮等不想要的元素，是非常精確的推薦。
q14,"想求各位大大們，有沒有推薦以百合、女生友情、男女愛情這類的日本輕小說呢?

不太想要有奇幻、科幻、后宮、異世界這元素，有點太過氾濫不太想看
只要日常、青春的就可以了，有發糖的和胃痛我都可以~",58c1897e-e6ab-50a8-bee8-d71ba9ff0935,那個我一直在意的女孩子好像喜歡我,タイロク,10.7,完結,"校園, 青春, 戀愛, 百合, kakuyomu, Web輕小說",我想和你成為朋友（戀人）！這是兩情相悅!?「各務原（かがみはら）是班裡的委員長，才色兼備又高冷，不過她意外地表情豐富又有點憨憨。我想和這樣的各務原交朋友」「綾崎（あやさき）同學對每個人都很溫柔而且很可愛。她照顧人周到，朋友也很多，是個類型和我完全不同的存在。我想和這樣的綾崎成為戀人」————這是，我們的故事。是想與之成為朋友的我（綾崎）和我（各務原）的故事。,3,該書籍為日本Web輕小說，主題為校園百合戀愛，完全符合使用者要求的「百合」、「青春」、「日常」元素，且不含奇幻、科幻、後宮或異世界等排斥元素，是非常精確的推薦。
q14,"想求各位大大們，有沒有推薦以百合、女生友情、男女愛情這類的日本輕小說呢?

不太想要有奇幻、科幻、后宮、異世界這元素，有點太過氾濫不太想看
只要日常、青春的就可以了，有發糖的和胃痛我都可以~",c7eb3336-851b-5913-befd-b4b6a75bd386,轉生成女生十五年，在聖誕夜前撿到失戀少女,アイズカノン,5.5,連載,"轉生, 性轉, 百合, 校園, 戀愛, 歡樂向, kakuyomu, Web輕小說",轉生成女孩後已經過了十五年，我從未想過有一天會在這個聖誕夜前的午後撿到一位失戀的少女。這是圍繞TS轉生的主人公「岩波優衣」的一群百合少女展開的一場獨佔欲和爭奪的愛情喜劇。,1,雖然該書符合使用者要求的「百合」、「校園」與「青春」元素，但使用者明確表示不想看到「轉生」、「異世界」或「奇幻」元素，而本書的核心設定正是「轉生」，與使用者的排斥需求直接衝突。
q14,"想求各位大大們，有沒有推薦以百合、女生友情、男女愛情這類的日本輕小說呢?

不太想要有奇幻、科幻、后宮、異世界這元素，有點太過氾濫不太想看
只要日常、青春的就可以了，有發糖的和胃痛我都可以~",c67afe95-3a4c-5519-895f-1b1e67221115,那個與人擁吻的女孩是我的初戀,入間人間,27.7,完結,"校園, 青春, 戀愛, NTR, 百合, 女性視角, 電擊文庫, 日本輕小說",闖進我房間里的那個傢伙，最近總是莫名牽動著我的心。來我家寄宿的人，是隔壁班的女生。某天突然跟母親一起出現在我家，總是讓人搞不懂她在想什麼，偏偏臉還長得格外漂亮，總之……對她蠻不爽的。本打算兩人互不干涉就好，但我說你啊，有時候深更半夜跑出門，到底幹嘛去了？媽媽和我從過去就總是輾轉寄宿於各種各樣的人家裡，這次是同校某個女生的家。她會做飯給我吃，跟我分擔家務，還會為深夜出門的我而擔心。但她問我夜出去做什麼，我實在不知該如何回答。因為，只是去跟認識的人見面罷了。某天突然成為同居者的兩位女高中生，所呈現的一段泡沫般的故事。,3,該書完全符合使用者的需求：它是日本輕小說，主題包含百合與青春校園日常，且不含奇幻、科幻、後宮或異世界等元素。雖然標記有NTR且基調較為胃痛，但使用者明確表示接受胃痛類作品，因此是非常匹配的推薦。
q14,"想求各位大大們，有沒有推薦以百合、女生友情、男女愛情這類的日本輕小說呢?

不太想要有奇幻、科幻、后宮、異世界這元素，有點太過氾濫不太想看
只要日常、青春的就可以了，有發糖的和胃痛我都可以~",c2e049fd-311b-54a9-ae02-11f86b713ad1,今日的荼蘼依舊綻放❤︎,鳶月鵩,27.1,連載,"校園, 百合, 戀愛, 青春, 黑暗, 青春日常, 華文輕小說",當我四歲時，那個夕陽下的女孩銘刻在我的記憶里。十七歲的寒夜，我們一起走向生命的終點。我不知道我是否後悔，但是我已經沒辦法想像沒有她的生活。——這是充斥著自私、妥協與罪孽的百合物語。,2,該書完全符合使用者要求的百合、青春、日常以及「胃痛」屬性，且沒有奇幻或異世界等排除元素。唯一的缺失在於使用者明確要求「日本輕小說」，而本書標記為「華文輕小說」，因此扣分。
q14,"想求各位大大們，有沒有推薦以百合、女生友情、男女愛情這類的日本輕小說呢?

不太想要有奇幻、科幻、后宮、異世界這元素，有點太過氾濫不太想看
只要日常、青春的就可以了，有發糖的和胃痛我都可以~",6f1cb918-e052-5fdd-86ab-bc376109fa8e,在放學後的教室里，戀愛浮現,日日綴郎,9.7,連載,"校園, 青春, 戀愛, 百合, 女性視角, JK, 富士見文庫, 日本輕小說",不被允許的戀情，只有我和你兩人。「老師改變了我哦。」班上地位最高的學生，上原明沙今天也來對我這個又土又內向的語文老師表白。「作為教師我是不會回應你的感情的。」「不是作為女人而是作為教師？那我畢業之後就可以了對吧。」「老師，我們下次去約會吧，我給你挑些衣服。」「上原你真是不知道放棄啊。」——但是為什麼兩個人共度聖誕，大被同眠，讓她吻了我的手腕之後，她不聯繫會讓我感到不安呢？我不可能承認，我輕易地越過了那條線，被比我小七歲的學生迷得無法自拔。這是學生×教師的年齡差Girls'Love.,3,這本書是日本輕小說，屬於百合（GL）題材，場景設定在校園青春日常，完全符合使用者要求的「百合」、「青春」、「日常」且不含奇幻、科幻或異世界等禁忌元素，是非常精準的推薦。
q14,"想求各位大大們，有沒有推薦以百合、女生友情、男女愛情這類的日本輕小說呢?

不太想要有奇幻、科幻、后宮、異世界這元素，有點太過氾濫不太想看
只要日常、青春的就可以了，有發糖的和胃痛我都可以~",df02a902-e8da-54d6-ae0d-d39b90e5ae16,她她,合作,16.1,完結,"校園, 青春, 懸疑, 百合, 其他文庫, 日本輕小說",女孩與女孩之間的曖昧情愫，她和她之間的究極關係。新學期第一天，那個有著大波浪鬈髮的女孩吸引了我的注意，她叫作悠。「她有點怪，不過人還不錯」，這是同學給她的評價。對悠耿耿於懷的，似乎只有我一個人。在意女孩的女孩，應該不算奇怪吧？我忍不住和她搭話，為她準備高湯蛋卷便當，並介紹我的青梅竹馬康太給她認識。隨著彼此越來越靠近，我總忍不住盯著她的側臉出神：她真像一頭不能褻玩的美麗野獸啊！某一天，聽說康太竟然與學妹交往了！同學們紛紛八卦我失戀了，而我卻意外看見了落寞的悠潸然淚下，甚至連夜剪去了最愛的長髮……她，失戀了嗎？原來她喜歡他？拜託不要談什麼戀愛！不用為了誰變可愛！想約會的話跟我去就好了！明天我也會跟妳一起回家！我的心愿就這麼簡單，忽然眼睛一陣灼熱，不行，我就要哭出來了……,3,這本書完全符合使用者的需求：它是日本輕小說，主題為百合與青春校園，屬於日常類，且完全沒有奇幻、科幻、後宮或異世界等排除元素，是非常精確的推薦。
q14,"想求各位大大們，有沒有推薦以百合、女生友情、男女愛情這類的日本輕小說呢?

不太想要有奇幻、科幻、后宮、異世界這元素，有點太過氾濫不太想看
只要日常、青春的就可以了，有發糖的和胃痛我都可以~",0b18ddbe-853a-52b7-b390-1ba4c8afcb6c,碧歐拉和卡爾拉,welca,12.3,完結,"校園, 青春, 戀愛, 百合, 女性視角, 其他文庫, 日本輕小說",容貌華麗且充滿時尚感的辣妹日波杏，在高中二年級的春天，因為全科不及格而被命令進行一年的特別補習。由班主任派來擔任補習講師的，是以容貌端莊、品行端正而聞名的優等生美澄優。外表和性格都完全相反的兩人，通過補習漸漸加深了羈絆。不久後，雖然兩人因為優大膽的行動而開始交往，但也有些胃疼的碰撞的兩人的戀愛故事。積極開朗的辣妹×害羞頑固的優等生的高中生百合小說。,3,這本書完全符合使用者的需求：它是日本輕小說，屬於校園青春日常類，主題為百合戀愛，且不含奇幻、科幻、後宮或異世界元素，同時包含了使用者提到的「發糖」與「胃痛」元素，是非常精確的推薦。
q14,"想求各位大大們，有沒有推薦以百合、女生友情、男女愛情這類的日本輕小說呢?

不太想要有奇幻、科幻、后宮、異世界這元素，有點太過氾濫不太想看
只要日常、青春的就可以了，有發糖的和胃痛我都可以~",f13ceb7d-18e5-5db4-8f5f-70af999a0805,伊田的煩惱,vertinno,58.4,連載,"百合, 校園, 青春, 女性視角, 戀愛, 青春日常, 華文輕小說",這是關於兩個女孩的故事。「那個……伊田同學？」——因為受傷而相遇的記憶推開了故事的大門。「我可以……可以在這裡坐一會兒嗎？」——兩人獨處的空教室里，躲在角落的女孩偷瞄著正在畫畫的女孩。「不行，我必須陪在松坂身邊，現在是松坂最需要我的時候。」——突如其來的變故中，善良的女孩站在失去了一切的女孩身旁。「既然沒法如願以償地把她永遠留在身邊，那麼，就讓我一直陪著她，直到不能再同行的時候就好。」——暗生情愫的女孩望著和青梅竹馬談笑風生的女孩，許下了這樣的願望。「從今往後，無論多少次，只要伊田想聽，我都會毫無保留地向你表達自己的愛意，因為這本就是把我的心填得滿滿的感情。」——曾經自卑的女孩向曾經虛偽的女孩吐露著真情。「既然這個世界不能認可我們的愛情，那我們便只需要在上帝面前許下神聖的諾言。」——雪夜的小屋中，披著婚紗的女孩抱著穿越風雪歸來的女孩。,2,該書在主題上完美符合使用者要求的「百合」、「青春」、「日常」以及排除「奇幻/異世界/后宮」等元素的需求，且包含使用者可接受的情感起伏。唯一的不足在於使用者明確要求「日本輕小說」，而此書被標記為「華文輕小說」，因此在原產地這一要求上不符。
q15,"喜歡的類型 是異世界 轉生 重生 穿越 校園異能 幻想世界 劍與魔法 主角最強 多後宮 戰鬥要夠中二 都行
夠套路
要男主 一定要有戰鬥 後宮 沒後宮也沒關係但要有女主 如果主角拿的是劍我會更開心
不接受有沒男主的 例如蜘蛛又怎樣 能力值平均 怕痛的我
不接受虐主的 除了re 0 是因為動畫入坑的 除非前面虐後面很爽的這樣可以例如平職
需要裝逼讓我看的會高潮的 所以無職轉生我看不下去因為太真實太哭逼了",76a36ca7-8b71-53b1-b19f-2d8263273fa2,轉生為懶惰的惡辱貴族，破壞劇情後，以超規格的魔力成為了最兇惡之人,菊池快晴,71.2,連載,"轉生, 奇幻, 冒險, 異世界, 魔法, 戰鬥, 校園, 後宮, kakuyomu, Web輕小說",我竟然轉生到了我最喜歡的學園遊戲中，成為了那個惡名昭彰的反派貴族——維斯。不久之後，等待著我的是無可救藥的最糟糕結局。我無論如何都要避免這樣的命運！既然如此，我只能獲得連遊戲主角都無法匹敵的、壓倒性的力量，成為最強者！最兇惡的逆襲異世界學園幻想漫畫化！！！,3,該推薦書籍完美契合用戶的大部分需求：包含異世界轉生、校園設定、幻想世界、魔法戰鬥、後宮以及「主角最強」的屬性。劇情設定為反派轉生並追求壓倒性力量以改變命運，符合用戶要求的「套路」感與「裝逼」需求，且非虐主傾向，與用戶核心意圖高度一致。
q15,"喜歡的類型 是異世界 轉生 重生 穿越 校園異能 幻想世界 劍與魔法 主角最強 多後宮 戰鬥要夠中二 都行
夠套路
要男主 一定要有戰鬥 後宮 沒後宮也沒關係但要有女主 如果主角拿的是劍我會更開心
不接受有沒男主的 例如蜘蛛又怎樣 能力值平均 怕痛的我
不接受虐主的 除了re 0 是因為動畫入坑的 除非前面虐後面很爽的這樣可以例如平職
需要裝逼讓我看的會高潮的 所以無職轉生我看不下去因為太真實太哭逼了",29d96b7d-02a9-5f66-b4d6-30b01d0abda4,被女神騙到異世界的我展開後宮生活,回復師,26.9,連載,"轉生, 魔法, 戰鬥, 龍傲天, 後宮, 富士見文庫, 日本輕小說",我被『七天免費體驗！』的廣告吸引，點擊了遊戲的下載按鈕。回過神來，竟然發現女神大人就在眼前！？「恭喜你！你對異世界……有興趣對吧？」我似乎被選為異世界生活測試員，並得到了女神大人所賦予的【魔法創造】技能。那麼，馬上前往朝思暮想的異世界吧──而我的轉移身分……竟然是大領主‧弗列斯特公爵家的名門公子！？有著未婚妻、女僕以及妹妹……多虧美女如雲的後宮環境，以及我自行開發的獨創魔法，讓我能盡情和女孩子卿卿我我！只是，女神大人好像有事情瞞著我……！？被女神欺騙的我展開的貴族後宮奇幻小說，在此開幕！,3,該書完全符合用戶要求的異世界轉生、男主最強（龍傲天）、後宮以及戰鬥等元素。情節走傳統套路路線，屬於典型的爽文風格，沒有虐主或壓抑的情節，非常符合用戶對「裝逼」和「爽快感」的需求。
q15,"喜歡的類型 是異世界 轉生 重生 穿越 校園異能 幻想世界 劍與魔法 主角最強 多後宮 戰鬥要夠中二 都行
夠套路
要男主 一定要有戰鬥 後宮 沒後宮也沒關係但要有女主 如果主角拿的是劍我會更開心
不接受有沒男主的 例如蜘蛛又怎樣 能力值平均 怕痛的我
不接受虐主的 除了re 0 是因為動畫入坑的 除非前面虐後面很爽的這樣可以例如平職
需要裝逼讓我看的會高潮的 所以無職轉生我看不下去因為太真實太哭逼了",a36db506-dbbe-5f28-8c5d-56b4a486adc1,命中注定被反派所愛,리틀빅,58.1,連載,"病嬌, 後宮, 轉生, 校園, 異世界, 魔法, 戰鬥, 戀愛, other, 韓國輕小說",我被最終BOSS求婚。,3,該書高度契合用戶要求的絕大部分標籤，包括異世界、轉生、校園、魔法、後宮以及戰鬥。其「被最終BOSS求婚」的設定符合用戶追求的「套路感」，且從標籤來看並非虐主向，滿足用戶對男主、戰鬥及幻想世界的期待。
q15,"喜歡的類型 是異世界 轉生 重生 穿越 校園異能 幻想世界 劍與魔法 主角最強 多後宮 戰鬥要夠中二 都行
夠套路
要男主 一定要有戰鬥 後宮 沒後宮也沒關係但要有女主 如果主角拿的是劍我會更開心
不接受有沒男主的 例如蜘蛛又怎樣 能力值平均 怕痛的我
不接受虐主的 除了re 0 是因為動畫入坑的 除非前面虐後面很爽的這樣可以例如平職
需要裝逼讓我看的會高潮的 所以無職轉生我看不下去因為太真實太哭逼了",1e237d5c-d6d0-54e3-9036-4b4414df62e0,我殺了學院玩家,사람살려,7.1,連載,"戀愛, 校園, 病嬌, 後宮, 奇幻, 冒險, 轉生, 魔法, 戰鬥, 異世界, webnovel, 韓國輕小說",某天，我進入了曾經玩過的遊戲世界，和遊戲主角樸時厚一起攜手打天下，但隨著故事走向偏移、重要角色離奇失蹤等，我才意外發現他的真面目—是個只為累積經驗值而不擇手段、不折不扣的殺人變態！為了拯救世界和平，我殺了他.取代他成為了主角！往後的我該怎麼做，才能讓遊戲走向完美結局呢？,3,該推薦書籍高度符合用戶需求：包含異世界、轉生、校園、魔法、戰鬥及後宮等所有關鍵標籤。劇情設定為主角取代原主角成為最強者，符合用戶追求的「主角最強」、「裝逼」以及「套路化」的爽文需求，且明確為男主視角，無虐主傾向。
q15,"喜歡的類型 是異世界 轉生 重生 穿越 校園異能 幻想世界 劍與魔法 主角最強 多後宮 戰鬥要夠中二 都行
夠套路
要男主 一定要有戰鬥 後宮 沒後宮也沒關係但要有女主 如果主角拿的是劍我會更開心
不接受有沒男主的 例如蜘蛛又怎樣 能力值平均 怕痛的我
不接受虐主的 除了re 0 是因為動畫入坑的 除非前面虐後面很爽的這樣可以例如平職
需要裝逼讓我看的會高潮的 所以無職轉生我看不下去因為太真實太哭逼了",d06e40e0-876d-5f18-b3a2-a078b4b59bfc,異世界魔法實在太落後!,樋辻卧命,105.4,連載,"轉生, 魔法, 戰鬥, 龍傲天, 後宮, 其他文庫, 日本輕小說",「魔術師，八鍵水明。是以抵達萬物真理為志向的現代神秘學者。」身為現代魔術師的八鍵水明，不小心隨朋友一起被突然出現的魔法陣轉移到異世界。可是被當成勇者召喚過去的只有朋友，自己只是單純被卷進來而已！而且居然還沒有回去原本世界的方法？水明拒絕同行討伐魔王之旅，驅使各種現代魔術，開始尋找回歸原本世界的方法——壓倒性強勢的現代魔術與未知異世界魔法交錯的異世界奇幻故事，開幕！,3,該書完全符合用戶的核心需求：異世界轉移、男主角、龍傲天（主角最強）、後宮以及強勢的戰鬥風格。劇情設定為現代魔術壓制異世界魔法，能滿足用戶對於「裝逼」和「中二戰鬥」的期待，且不屬於虐主類型，與用戶要求的套路化爽文高度契合。
q15,"喜歡的類型 是異世界 轉生 重生 穿越 校園異能 幻想世界 劍與魔法 主角最強 多後宮 戰鬥要夠中二 都行
夠套路
要男主 一定要有戰鬥 後宮 沒後宮也沒關係但要有女主 如果主角拿的是劍我會更開心
不接受有沒男主的 例如蜘蛛又怎樣 能力值平均 怕痛的我
不接受虐主的 除了re 0 是因為動畫入坑的 除非前面虐後面很爽的這樣可以例如平職
需要裝逼讓我看的會高潮的 所以無職轉生我看不下去因為太真實太哭逼了",43c1d6f4-f5a6-59ee-bd4b-fda5b43df607,聖劍學院的魔劍使,志瑞祐,135.3,完結,"轉生, 校園, 奇幻, 戰鬥, 龍傲天, 後宮, MF文庫J, 日本輕小說",十歲少年竟是魔王轉生!?跨越千年，卻迎來魔術消失的世界——最強魔王轉生為十歲小孩!?與大姊姊們展開校園刀劍奇幻故事！最強的魔王雷歐尼斯為了迎接註定到來的決戰，封印了自身的存在。然而跨越千年時光蘇醒的他，竟然變回了十歲少年的模樣！「為什麼!?」「你怎麼被關在這裡？放心吧，姊姊會保護你的。」雷歐尼斯受到隸屬於〈聖劍學院〉的美少女黎榭莉亞保護，並對劇變的世界感到驚愕。未知的敵人〈虛獸〉、〈第零七戰術都市〉、以武器作為外形的異能之力——〈聖劍〉，儘管這些陌生的詞語讓他相當困惑，他依然進入了〈聖劍學院〉就讀。在魔術消失的未來世界中，由最強魔王與美少女們交織而成、聖劍與魔劍的校園刀劍奇幻故事揭開序幕！,3,該書幾乎完美契合用戶的所有需求：包含轉生、校園、幻想世界、劍與魔法等設定；主角是最強魔王轉生，符合「主角最強」、「裝逼」與「中二」的口味；且具有男主、後宮、劍術戰鬥等核心要求，完全避開了用戶不接受的虐主或無男主設定。
q15,"喜歡的類型 是異世界 轉生 重生 穿越 校園異能 幻想世界 劍與魔法 主角最強 多後宮 戰鬥要夠中二 都行
夠套路
要男主 一定要有戰鬥 後宮 沒後宮也沒關係但要有女主 如果主角拿的是劍我會更開心
不接受有沒男主的 例如蜘蛛又怎樣 能力值平均 怕痛的我
不接受虐主的 除了re 0 是因為動畫入坑的 除非前面虐後面很爽的這樣可以例如平職
需要裝逼讓我看的會高潮的 所以無職轉生我看不下去因為太真實太哭逼了",801a6151-00fe-599c-bbe3-ee62da2228c2,異世界超能魔術師,內田健,72.8,連載,"轉生, 魔法, 龍傲天, 後宮, 青梅竹馬, 其他文庫, 日本輕小說",身為普通高中生的太一與凜突然消逝在一道光芒里。當反應過來的時候，倆人已經身處在劍與魔法的世界中。在歷經怪物的襲擊，好不容易全身而退後，聽從冒險者建議的倆人踏上了前往公會之路。在公會裡，倆人得知自己身懷令人無法置信的強大魔力。普通高中生就此搖身一變成為最強的超能魔術師。可以親手演繹出如夢似幻般的超自然現象，能夠操控超乎想像的驚人體能，由和平世界來到這塊土地的太一與凜就此展開了他們倆專屬的異世界冒險。本書為作者全面改寫自身發表於日本著名小說網站「小說家になろう」的超人氣異世界奇幻冒險作品，精彩程度保證提升300%！,3,推薦書籍高度符合用戶需求：包含異世界穿越、劍與魔法設定、男主角最強（龍傲天）、後宮元素，且屬於典型的套路化強者文，滿足用戶對於「裝逼」與「不虐主」的偏好。雖然主角定位為魔術師而非劍士，但整體意圖極其吻合。
q15,"喜歡的類型 是異世界 轉生 重生 穿越 校園異能 幻想世界 劍與魔法 主角最強 多後宮 戰鬥要夠中二 都行
夠套路
要男主 一定要有戰鬥 後宮 沒後宮也沒關係但要有女主 如果主角拿的是劍我會更開心
不接受有沒男主的 例如蜘蛛又怎樣 能力值平均 怕痛的我
不接受虐主的 除了re 0 是因為動畫入坑的 除非前面虐後面很爽的這樣可以例如平職
需要裝逼讓我看的會高潮的 所以無職轉生我看不下去因為太真實太哭逼了",f81d8654-47cb-5b70-81c3-5a838b2de2e8,轉生成了註定死亡的惡役千金的哥哥，想要養育妹妹改變未來 ～世界最強雖然是我、但世界最可愛的一定是妹妹～,泉里侑希,33.9,連載,"異世界, 妹妹, 後宮, 龍傲天, 奇幻, 冒險, 轉生, 遊戲, 戰鬥, 戀愛, 魔法, 校園, 其他文庫, 日本輕小說",我——澤克斯有一個妹妹。她叫卡蘿萊茵，有著美麗的金髮紅眼，是個非常可愛的女孩。可以毫不誇張地說，她是世界上最可愛的女孩子，她的笑容絕對可以被稱為天使。雖然她是我疼愛得不得了的妹妹，但實際上她已經被命運註定要死去。 這個世界與前世的遊戲《東西勇聖記》這款戀愛遊戲相似，在遊戲中，卡蘿萊茵作為主角聖女的對手——反派大小姐登場。而且，無論在哪條路線中，她都會遭遇非命。最愛的妹妹要死？ 難道我應該接受這種不合理的未來嗎？不，絕對不行！因此，我決定對抗命運。 拋開遊戲劇情，我要好好地培養妹妹，用蠻力扭轉眾多的死亡flag。 相信在這之後，我和卡蘿萊茵會有一個光明的未來。這是一個為了保護妹妹而變得最強的我，和世界上最可愛的妹妹卡蘿萊茵的故事。※有與偽娘角色的戀愛描寫。※雖然關鍵詞中有乙女遊戲，但這方面的元素可能比較少。,3,該書高度符合用戶的所有核心需求：1. 屬性完全匹配（異世界、轉生、幻想世界、魔法、校園）；2. 主角設定符合（男主、世界最強、龍傲天/裝逼屬性）；3. 包含用戶要求的戰鬥與後宮元素；4. 劇情走勢為典型的套路文，且強調以強大力量改變命運，避開了用戶不喜歡的虐主或過於沉重的風格。
q15,"喜歡的類型 是異世界 轉生 重生 穿越 校園異能 幻想世界 劍與魔法 主角最強 多後宮 戰鬥要夠中二 都行
夠套路
要男主 一定要有戰鬥 後宮 沒後宮也沒關係但要有女主 如果主角拿的是劍我會更開心
不接受有沒男主的 例如蜘蛛又怎樣 能力值平均 怕痛的我
不接受虐主的 除了re 0 是因為動畫入坑的 除非前面虐後面很爽的這樣可以例如平職
需要裝逼讓我看的會高潮的 所以無職轉生我看不下去因為太真實太哭逼了",79d790ab-210d-54c7-bec1-291a3ab9581d,我成為了放逐主角的英雄,김선인장,55.1,連載,"轉生, 奇幻, 戰鬥, 戀愛, 病嬌, 後宮, 魔法, 熱血, 鬥智, 戰爭, other, 韓國輕小說",我放逐了主角。該死的。要是我能早點穿越過來就好了,3,該作品高度符合用戶的需求：包含異世界穿越、男主角、奇幻魔法、戰鬥以及後宮設定。從標題「放逐主角的英雄」可以看出其具備強勢主角的設定，符合用戶追求的「主角最強」、「裝逼」與「套路化」的爽文特質，且與用戶排斥的「太真實/哭逼」風格相反。
q15,"喜歡的類型 是異世界 轉生 重生 穿越 校園異能 幻想世界 劍與魔法 主角最強 多後宮 戰鬥要夠中二 都行
夠套路
要男主 一定要有戰鬥 後宮 沒後宮也沒關係但要有女主 如果主角拿的是劍我會更開心
不接受有沒男主的 例如蜘蛛又怎樣 能力值平均 怕痛的我
不接受虐主的 除了re 0 是因為動畫入坑的 除非前面虐後面很爽的這樣可以例如平職
需要裝逼讓我看的會高潮的 所以無職轉生我看不下去因為太真實太哭逼了",c32cee72-5d58-5e95-8ebc-0517ed980e96,16:00的召喚魔法,木緒那智,16.2,完結,"轉生, 魔法, 戰鬥, 後宮, 青梅竹馬, 其他文庫, 日本輕小說",患有輕度中二病的弘樹。某日，他的手機收到一封陌生的簡訊。——求求你！救救我們。那是宛如玩笑一般，來自異世界的召喚魔法。召喚弘樹的是『不具魔力』的天才魔法使——亞莉莎。「我想摸你、舔你、感覺你，更了解你！」化身為救世主與異世界的災厄——維克堤瑪戰鬥的弘樹，以及輕咬脖子，舔吮臉頰，徹底活用了無感「研究」弘樹的亞莉莎。身體密著型的幻想故事揭開了序幕！,3,該書高度符合用戶需求：包含異世界召喚、男主角、戰鬥、後宮以及幻想世界等核心元素。主角設定具有中二病且擔任救世主角色，符合用戶要求的「中二」與「套路」感，且劇情傾向於幻想與身體密著的輕鬆風格，並非用戶排斥的虐主或過於現實的類型。
q15,"喜歡的類型 是異世界 轉生 重生 穿越 校園異能 幻想世界 劍與魔法 主角最強 多後宮 戰鬥要夠中二 都行
夠套路
要男主 一定要有戰鬥 後宮 沒後宮也沒關係但要有女主 如果主角拿的是劍我會更開心
不接受有沒男主的 例如蜘蛛又怎樣 能力值平均 怕痛的我
不接受虐主的 除了re 0 是因為動畫入坑的 除非前面虐後面很爽的這樣可以例如平職
需要裝逼讓我看的會高潮的 所以無職轉生我看不下去因為太真實太哭逼了",93368a06-54c7-507c-bcfc-d3e572b63c96,在異世界迷宮開後宮,蘇我舍恥,89.6,連載,"奇幻, 冒險, 異世界, 後宮, syosetu, Web輕小說",「人生就是這樣的東西――」。對這個世界感到絕望的少年發現了一個網站。在這個世界覺得辛苦的話就去異世界生活吧，這樣想著點擊了滑鼠，等待他的真的是異世界！？但是因為有很多獎勵點數可以用，他化身成了最強的男人，並獲得了取得偶像級美少女的權利…！？重生的少年那有點作弊的後宮冒險就要開始了！,3,這本書高度符合用戶的所有核心需求：包含異世界轉生、男主最強（作弊能力）、後宮設定以及幻想世界冒險。故事基調為典型的願望滿足（Power Fantasy），避開了用戶不喜歡的虐主或過於真實的沉重感，且具有強烈的套路感，完全匹配用戶追求的「裝逼」快感。
q15,"喜歡的類型 是異世界 轉生 重生 穿越 校園異能 幻想世界 劍與魔法 主角最強 多後宮 戰鬥要夠中二 都行
夠套路
要男主 一定要有戰鬥 後宮 沒後宮也沒關係但要有女主 如果主角拿的是劍我會更開心
不接受有沒男主的 例如蜘蛛又怎樣 能力值平均 怕痛的我
不接受虐主的 除了re 0 是因為動畫入坑的 除非前面虐後面很爽的這樣可以例如平職
需要裝逼讓我看的會高潮的 所以無職轉生我看不下去因為太真實太哭逼了",6c7092dc-4879-541d-9c89-55e9781bb451,異世界最強貴族，後宮愈多就愈強,三木なずな,13.5,連載,"轉生, 奇幻, 龍傲天, 後宮, 集英社, 日本輕小說",所有的一切都將屬於我。完全無雙，開幕！悠人突然異世界轉生到手機遊戲裡面，成了貴族的三男。那個世界存在著所謂的「技能」，而悠人在轉生後具備的技能名為【貴族義務】。長大成人的悠人只要透過跟女人上床的儀式，就會發動【貴族義務】。此乃非常珍貴罕見的技能，有了它，悠人便可以複製和他上過床的女性的技能！悠人一個接著一個抱過具備技能的女性，藉此增加自己的技能數量，不僅讓自己變成天下無敵，還擄獲了女人們的芳心，持續擴張後宮的規模。更誇張的是，【貴族義務】還有使技能進一步覺醒或進化的能力，外掛一開就停不下來！凡是我看上的女人和技能都是我的囊中物！最強外掛後宮在此開幕！,3,該書完美符合用戶的所有核心需求：異世界轉生、男主最強（龍傲天）、後宮設定、且屬於典型的套路化爽文，完全沒有虐主情節，且強調外掛與無敵感，極其符合用戶追求「裝逼」與「爽快感」的閱讀偏好。
q15,"喜歡的類型 是異世界 轉生 重生 穿越 校園異能 幻想世界 劍與魔法 主角最強 多後宮 戰鬥要夠中二 都行
夠套路
要男主 一定要有戰鬥 後宮 沒後宮也沒關係但要有女主 如果主角拿的是劍我會更開心
不接受有沒男主的 例如蜘蛛又怎樣 能力值平均 怕痛的我
不接受虐主的 除了re 0 是因為動畫入坑的 除非前面虐後面很爽的這樣可以例如平職
需要裝逼讓我看的會高潮的 所以無職轉生我看不下去因為太真實太哭逼了",858d033c-7032-5182-bb5c-a130f603f1b1,轉生成怠惰惡辱貴族的我，顛覆劇本並以超凡魔力成為世界最凶,菊池快晴,9.4,連載,"穿越, 奇幻, 校園, 魔法, 後宮, 大小姐, 角川文庫, 日本輕小說",有天，我發現自己竟轉生成為我最愛的校園遊戲中的壞人，凌辱系反派貴族「樊斯‧芬森特」。呃，照劇情發展下去的話，我會被主角揭發惡行、失去一切，最後變成魔王的手下迎接滅亡結局!? 我別無選擇，只好決心鍛煉壓倒性的實力，全力迴避破滅路線！！在距離入學考試所剩不多的時間中，我從師Ｓ級冒險者米露可‧亞畢塔斯，向她學習劍術與魔法，付出血汗努力日夜辛勤精進實力。不過幾年後，卻因為在入學考試上施展全屬性魔法和創造魔法，把周遭的人都嚇呆了……呃，我該不會搞砸了吧!?這是轉生成為怠惰邪惡貴族的我，為了顛覆滅亡結局努力奮鬥而成為最凶的異世界校園奇幻故事。,3,該書完美契合使用者的所有需求：男主角、異世界轉生、校園奇幻設定、劍與魔法、後宮標籤，且劇情包含主角努力變強後在入學考試中展現壓倒性實力（裝逼/高潮），屬於典型的套路爽文，完全符合使用者對「最強」、「不虐主」且「夠中二」的期待。
q15,"喜歡的類型 是異世界 轉生 重生 穿越 校園異能 幻想世界 劍與魔法 主角最強 多後宮 戰鬥要夠中二 都行
夠套路
要男主 一定要有戰鬥 後宮 沒後宮也沒關係但要有女主 如果主角拿的是劍我會更開心
不接受有沒男主的 例如蜘蛛又怎樣 能力值平均 怕痛的我
不接受虐主的 除了re 0 是因為動畫入坑的 除非前面虐後面很爽的這樣可以例如平職
需要裝逼讓我看的會高潮的 所以無職轉生我看不下去因為太真實太哭逼了",b4b85ed6-72f5-5a08-858b-6892351efe85,關於在異世界經營起點孤兒院，超人高中生大開蘿莉後宮這檔子事,初枝蓮花,10.5,連載,"轉生, 奇幻, 冒險, 經營, 後宮, 人外, 其他文庫, 日本輕小說",某社交能力「逆天」的高中生真嗣，突然被召喚到了瓦爾姆斯王國。伴隨能力的覺醒，看似最廢能力的『防護』卻是億年難遇的神技？少年郎本當意氣風發，然而……國王竟然命令他經營廢棄的孤兒院！而且……不僅被一群計畫著收回前任院長欠款的黑手黨盯上，孤兒院里還聚集了群性格與容貌頗有反差的遺憾系美少女。任性妄為的高等精靈，一個人睡不著覺的貓娘，情緒化的大笨蛋女神，各種麻煩人麻煩事接踵而至。在班級內看起來是頂流，實際上是底層的他到底要怎麼做?他只有靠最強的異能和沒有去處的不幸同伴了！？現在！賭上無家可歸者們的居所，開啟波瀾壯闊的日常!!這就是，日後以最強孤兒院院長而聞名天下的『英雄真嗣』那壯大而華麗的冒險譚。,3,該書高度符合用戶需求：包含異世界、轉生/召喚、最強主角（廢能力實為神技）、後宮設定、且為男主視角。劇情走向屬於典型的套路化爽文，具有「裝逼」潛力且非虐主方向，完全命中用戶對「中二」、「套路」及「最強」的偏好。
q15,"喜歡的類型 是異世界 轉生 重生 穿越 校園異能 幻想世界 劍與魔法 主角最強 多後宮 戰鬥要夠中二 都行
夠套路
要男主 一定要有戰鬥 後宮 沒後宮也沒關係但要有女主 如果主角拿的是劍我會更開心
不接受有沒男主的 例如蜘蛛又怎樣 能力值平均 怕痛的我
不接受虐主的 除了re 0 是因為動畫入坑的 除非前面虐後面很爽的這樣可以例如平職
需要裝逼讓我看的會高潮的 所以無職轉生我看不下去因為太真實太哭逼了",6c4f2a2d-d168-5a84-bed7-82453774d339,我用物理開無雙後大受女生歡迎,kt60,19.4,連載,"轉生, 冒險, 後宮, 龍傲天, 人外, 其他文庫, 日本輕小說",天草樂斗在大樓屋頂上正考慮要自殺，沒想到卻轉生到異世界。他在鍊金術師身邊完成修行，正要一個人踏上旅程時，卻在森林中遭到強盜團團包圍。樂斗不費吹灰之力就打敗強盜，甚至還給予對方金錢，放他們一條生路。但是……強盜頭頭，巨乳犬耳少女夏露露卻搖著尾巴追了上來！抵達城鎮之後，公會最高負責人，貧乳狼耳的萊娜也喜歡上樂斗，兔耳美艷大姊蕾米娜亦強勢逼近……樂斗今天也同樣在異世界裡和獸耳美少女們和樂融融，同時還去迷宮探險了一番！自「成為小說吧」發跡，異世界甜甜膩膩冒險故事！,3,該書完全符合使用者的核心需求：異世界轉生、男主角、龍傲天（主角最強）、後宮（多名獸耳美少女），且基調為甜膩的冒險而非虐主，符合使用者要求的「套路」與「裝逼」爽感，是極高匹配度的推薦。
q15,"喜歡的類型 是異世界 轉生 重生 穿越 校園異能 幻想世界 劍與魔法 主角最強 多後宮 戰鬥要夠中二 都行
夠套路
要男主 一定要有戰鬥 後宮 沒後宮也沒關係但要有女主 如果主角拿的是劍我會更開心
不接受有沒男主的 例如蜘蛛又怎樣 能力值平均 怕痛的我
不接受虐主的 除了re 0 是因為動畫入坑的 除非前面虐後面很爽的這樣可以例如平職
需要裝逼讓我看的會高潮的 所以無職轉生我看不下去因為太真實太哭逼了",9d6500e4-f085-5812-add4-cfa1f368e3e0,當我因為覺得麻煩而逃避考試，結果卻以墊底序列開始學園生活的時候，從這裡開始逆轉局面是有可能的嗎？,斎藤正,6.2,連載,"轉生, 龍傲天, 魔法, 後宮, 異世界, 戰鬥, 校園, kakuyomu, Web輕小說",轉生後進入了一切以序列為主的學園，說真的，這不是很麻煩嗎？在不知不覺中死去而轉生的少年「西奧多·安瑟姆」，本來打算輕鬆地生活，但因為自己的才能（被強迫）進入了克羅諾斯魔法騎士學園。西奧多本來想要輕鬆生活，但他根本沒有幹勁，在入學後第一次重要的考試中逃避了考試……結果他在學園的序列從最低開始。據說序列低會有很多不便的事情，西奧多於是第一次真正下定決心，開始努力。就這樣，雖然因為自己的怠惰而掉到了最底層，但他卻在周圍人的牽引下，不斷向上爬升，身邊聚集了許多懷有各種心思的人。,3,這本書幾乎完美契合使用者的所有要求：包含轉生、異世界、校園、魔法騎士（劍與魔法）等元素。主角是男性且具有強大才能（龍傲天），劇情走的是從底層逆襲、逐步展現實力的典型套路，符合使用者追求的「裝逼」與「中二戰鬥」感，且標記有後宮元素，完全避開了使用者厭惡的虐主或非男主設定。
q15,"喜歡的類型 是異世界 轉生 重生 穿越 校園異能 幻想世界 劍與魔法 主角最強 多後宮 戰鬥要夠中二 都行
夠套路
要男主 一定要有戰鬥 後宮 沒後宮也沒關係但要有女主 如果主角拿的是劍我會更開心
不接受有沒男主的 例如蜘蛛又怎樣 能力值平均 怕痛的我
不接受虐主的 除了re 0 是因為動畫入坑的 除非前面虐後面很爽的這樣可以例如平職
需要裝逼讓我看的會高潮的 所以無職轉生我看不下去因為太真實太哭逼了",aab6dcb2-c662-5f8b-9de9-df3c87ba9faf,成人遊戲轉生 對抗命運的金豬貴族奮鬥記,名無しの権兵衛,46.0,連載,"轉生, 奇幻, 魔法, 戰鬥, 後宮, 歡樂向, 其他文庫, 日本輕小說",由48名插畫家與48名作家攜手開發的成人遊戲超大作《命運48（Destiny Forty Eight）》。在這款遊戲當中有個不受歡迎的角色，無論他如何掙扎，到最後都「難逃一死」──轉生成這名惡德貴族雷歐路德的我，未來註定會迎向悲慘結局！？……然而，我已經將這款遊戲玩得滾瓜爛熟，只要運用這份知識，並驅使雷歐路德從前曾具備的「武術天賦」，應該就能扭轉這個命運！我才剛這樣想──「哎呀哎呀，那位雷歐路德大人竟然會……呵呵。我對你更湧起興緻了。」在遊戲當中無法攻略的女角們竟然開始紛紛聚集到我的身邊……？被戲稱為「金豬」的少年，為了總有一天成為「金獅子」而奮鬥的傳記，開幕！,3,該書完全符合用戶的需求：包含異世界轉生、奇幻魔法世界、男主角、後宮元素以及戰鬥。劇情屬於典型的利用遊戲知識扭轉命運的套路，且標記為「歡樂向」，避開了用戶不喜歡的「虐主」或「太過真實」的沉重感，非常符合用戶追求的「裝逼」與爽快感。
q16,"如題想看校園類型小說，不知道有無推薦
純現實的不要有奇幻元素，集數不多的佳",7cea768c-0a1e-5c4f-bd4e-cfd0f34e70ba,在流放地,竹海,10.6,完結,"校園, 青春, 青春日常, 華文輕小說",這是一個關於校園青春的故事。這段青春沒有友情，沒有愛情，沒有親情。當少年進入了撫川一中這個以拔尖著稱的學校，掀開這個表面嘈雜熱鬧，被飾滿珠寶的幕布，看見的是深不見底的虛無。很多年以後，他把那段經歷稱作『在流放地』。,3,該書標籤為校園、青春日常，且簡介描述的是關於競爭激烈學校中的心理狀態與青春經歷，屬於純現實主義校園小說，完全符合使用者要求的校園類型且無奇幻元素。
q15,"喜歡的類型 是異世界 轉生 重生 穿越 校園異能 幻想世界 劍與魔法 主角最強 多後宮 戰鬥要夠中二 都行
夠套路
要男主 一定要有戰鬥 後宮 沒後宮也沒關係但要有女主 如果主角拿的是劍我會更開心
不接受有沒男主的 例如蜘蛛又怎樣 能力值平均 怕痛的我
不接受虐主的 除了re 0 是因為動畫入坑的 除非前面虐後面很爽的這樣可以例如平職
需要裝逼讓我看的會高潮的 所以無職轉生我看不下去因為太真實太哭逼了",92dd6250-e980-5d13-8949-da663c938ed5,驕矜狂妄反派貴族的惡行惡狀,黑雪ゆきは,24.1,連載,"轉生, 奇幻, 魔法, 校園, 後宮, 大小姐, 角川文庫, 日本輕小說",我似乎轉生成了奇幻小說中的反派角色──反派貴族盧克．威薩利亞．吉爾伯特，是自負於自身怪物般的才能，最終被自己輕視的主角打敗的「配角」。為了迴避讓讀者大呼過癮的「毀滅結局」……只能放下自負努力了！反抗命運，一心追求自身的強大──進入了亞斯蘭魔法學園就讀，並如我所願地成為該學年最強的人！不僅擄獲了才貌雙全名門大小姐的心，甚至理應沒有關聯的影之強者，以及本該成為「主角」夥伴的女主角都開始聚集到我的麾下！原先註定會毀滅的反派開始努力了。就只是因為這微小的變化，使得原作的故事澈底脫軌！,3,該書高度符合用戶的需求：包含轉生、奇幻魔法、校園、後宮及最強主角等元素。男主為轉生反派且追求強大、成為學年最強，滿足用戶對於「主角最強」、「裝逼」、「套路」以及「非虐主」的偏好，且明確有後宮傾向，是一個非常契合的推薦。
q15,"喜歡的類型 是異世界 轉生 重生 穿越 校園異能 幻想世界 劍與魔法 主角最強 多後宮 戰鬥要夠中二 都行
夠套路
要男主 一定要有戰鬥 後宮 沒後宮也沒關係但要有女主 如果主角拿的是劍我會更開心
不接受有沒男主的 例如蜘蛛又怎樣 能力值平均 怕痛的我
不接受虐主的 除了re 0 是因為動畫入坑的 除非前面虐後面很爽的這樣可以例如平職
需要裝逼讓我看的會高潮的 所以無職轉生我看不下去因為太真實太哭逼了",ed2d6280-1b19-543c-ae93-8454d3dfca83,重生者的魔法一定要特別,유소난,1.0,連載,"奇幻, 冒險, 轉生, 校園, 後宮, 魔法, 戰鬥, 異世界, other, 韓國輕小說",「現在我回來了，我不會再讓我愛的人再次死去！」暗影迷宮——人類歷史上最具毀滅性的存在。戴基爾·阿曼德是人類剩下的六名倖存者之一。這六人試圖通過迷宮的最後一關，但最終失敗，世界也隨之結束。然而——當戴基爾以為自己將迎來末日時，眼前顯現的是……十三年前的世界?!戴基爾回到了過去，回到了他入讀國內最頂尖的魔法學院——哈夫里昂的時候。他與他珍貴的朋友們重聚了，並準備改變過去，以拯救世界和他愛的人們…！距離暗影世界的出現還剩三年！改變過去，集結強大的夥伴來拯救人類！,3,該書高度契合用戶需求：包含重生、校園魔法學院、戰鬥、後宮以及男主設定。作為重生類小說，通常具備主角利用未來知識達成「最強」並進行「裝逼」的情節，符合用戶對套路化與爽感的追求。
q15,"喜歡的類型 是異世界 轉生 重生 穿越 校園異能 幻想世界 劍與魔法 主角最強 多後宮 戰鬥要夠中二 都行
夠套路
要男主 一定要有戰鬥 後宮 沒後宮也沒關係但要有女主 如果主角拿的是劍我會更開心
不接受有沒男主的 例如蜘蛛又怎樣 能力值平均 怕痛的我
不接受虐主的 除了re 0 是因為動畫入坑的 除非前面虐後面很爽的這樣可以例如平職
需要裝逼讓我看的會高潮的 所以無職轉生我看不下去因為太真實太哭逼了",798cf604-7118-5d60-a131-7ec13f31b82e,我轉生成王城的路人衛兵，當我擊退了想要綁架公主的魔王軍，結果卻讓勇者的後宮成員一個接一個地愛上我。哦，公主是我在保護的，所以如果你是個自我中心的勇者大人，就請踏上消滅魔王的旅程吧。,淺見朝志,7.1,連載,"戀愛, 後宮, 戰鬥, 龍傲天, 歡樂向, 轉生, 異世界, 魔法, kakuyomu, Web輕小說",轉生成雜魚衛兵的隔天就遇到死亡事件了⁉ 今天我得熬夜升級！在現世打工中突然死亡。當我醒來時，發現自己手裡拿著一把槍……咦？這不是我昨天玩過的垃圾遊戲的世界嗎？看來我轉生成了王城衛兵格斯塔夫。而且，恰好在隔天，公主就會被魔王軍綁架，這個衛兵的命運已經註定要死去。我才不想轉生後就死去！所以我決定熬夜升級。只要變強到不會死就好了，但……似乎跟原本勇者後宮成員的美少女們越來越親近了？,3,這本書完美契合使用者的需求：包含異世界轉生、男主最強（龍傲天）、後宮、戰鬥以及強烈的套路感。風格為歡樂向，避開了使用者討厭的虐主與過於現實的情節，符合其追求「裝逼」與「中二」的心理。雖然主角初始武器是槍而非劍，但這僅是使用者的小偏好而非硬性要求，整體匹配度極高。
q15,"喜歡的類型 是異世界 轉生 重生 穿越 校園異能 幻想世界 劍與魔法 主角最強 多後宮 戰鬥要夠中二 都行
夠套路
要男主 一定要有戰鬥 後宮 沒後宮也沒關係但要有女主 如果主角拿的是劍我會更開心
不接受有沒男主的 例如蜘蛛又怎樣 能力值平均 怕痛的我
不接受虐主的 除了re 0 是因為動畫入坑的 除非前面虐後面很爽的這樣可以例如平職
需要裝逼讓我看的會高潮的 所以無職轉生我看不下去因為太真實太哭逼了",310c2f1a-ef9f-5a5e-b87a-bb788800a25e,技能？才不需要那種東西！ ～不幸者們的才能開花～,silve,174.8,完結,"異世界, 奇幻, 魔法, 龍傲天, 戰鬥, 後宮, syosetu, Web輕小說",沒有特別的目標，每天無所事事地加班到天亮的梶川光流，25歲。加班完在車上小睡，醒來後卻發現自己在森林裡。以為遇難而呼救，結果出現的不是救援人員而是怪物，這是怎樣，好可怕。（有點自爆地）擊退怪物後，我確信這裡是異世界，確認狀態值後，發現明明連雜魚都有我卻沒半點技能，能力值全都是零。騙人的吧。不過，多虧了漸進化如同遊戲般的選單畫面，讓我能不靠技能直接操作魔力，應用方式比技能更靈活，所以還過得去。不如說，我好像逐漸變得強到超乎常識。咦，這樣還需要技能嗎？根本是作弊吧？同行的夥伴也像被我拖著一樣，變得強到超乎常識，感覺意外地能輕鬆活下去。不如說夥伴比較強。目前的目標是到處看看，吃吃美食，快樂地活下去，至於找碴的傢伙和魔王的手下，就全部打倒，絕不留情。就是這樣的故事。,3,該書完全符合使用者的核心需求：包含異世界、男主、龍傲天（最強）、後宮以及戰鬥。劇情設定為典型的無敵流作弊開局，且基調輕鬆，沒有虐主情節，符合使用者對「套路」與「裝逼」的喜好。
q15,"喜歡的類型 是異世界 轉生 重生 穿越 校園異能 幻想世界 劍與魔法 主角最強 多後宮 戰鬥要夠中二 都行
夠套路
要男主 一定要有戰鬥 後宮 沒後宮也沒關係但要有女主 如果主角拿的是劍我會更開心
不接受有沒男主的 例如蜘蛛又怎樣 能力值平均 怕痛的我
不接受虐主的 除了re 0 是因為動畫入坑的 除非前面虐後面很爽的這樣可以例如平職
需要裝逼讓我看的會高潮的 所以無職轉生我看不下去因為太真實太哭逼了",e4da1bbf-222b-5633-a507-d256acc7d8cf,Repeat・Vice 〜反派貴族不想死，所以放棄成為四天王了〜,黒川陽継,39.1,連載,"異世界, 魔法, 奇幻, 戀愛, 後宮, 龍傲天, 戰鬥, NTR, 大小姐, 惡役, kakuyomu, Web輕小說",這個世界裡，存在著「原作」。那就是超人氣異世界校園RPG《Vice Story》。四天王《影狼》洛法斯，被描繪成在那個故事的第二章就會被打倒的「敗者」。角色已註定，結局也不會改變——本該是這樣的。但在故事開始的三年前，洛法斯「看見」了自己被殺死的未來。那究竟是命運，還是故事的強制力，他不得而知。只是，他也沒有接受的理由。順從便是死。拒絕的話，就要與世界本身發生衝突。即便如此，他還是選擇了生存之路。這是一個脫離了原作劇情，重新選擇「作為自己而活」的男人的故事。,3,該書完全符合用戶的需求：異世界、龍傲天（最強）、後宮、戰鬥以及校園設定。劇情屬於典型的反派改變命運套路，具備用戶想要的「裝逼」潛力，且為男主視角，沒有虐主傾向，與用戶的偏好高度一致。
q16,"如題想看校園類型小說，不知道有無推薦
純現實的不要有奇幻元素，集數不多的佳",450b1b99-4dcb-5bca-afd0-ac991f0de98f,十八時,鳴籟琢磨,26.0,完結,"青春, 戀愛, 校園, 輕文學, 青春日常, 華文輕小說",在高二秋天經歷一系列事情之後，本以為不會改變的兩人的關係極速的變化。面對兩位截然不同的女生，處於選擇中的少年究竟能否摸清自己的心意。高考即將來臨，而她和他的關係到底會變成何種形式。這是中國高中生的校園故事，圍繞幾名角色展開的有關友情，有關戀情，有關將來，有關過去的青澀的物語。,3,該書標籤與簡介明確顯示為純現實的校園青春戀愛故事，完全符合使用者要求的「校園類型」且「無奇幻元素」的核心需求。
q16,"如題想看校園類型小說，不知道有無推薦
純現實的不要有奇幻元素，集數不多的佳",73de3b5e-3465-5df5-9eef-1e963cced569,喜歡上了她？,zzkr,8.1,連載,"校園, 青春, 戀愛, 歡樂向, 青春日常, 華文輕小說",從喜歡上她的那個冬天，我的青春開始了。初次見面的陽光型美少女主動要和我交朋友。高中生活的伊始，和喜歡的女生分到了一個班，不過同桌竟然是…………校園青春戀愛喜劇，正式開始！,3,推薦書籍完全符合使用者的需求：設定為校園青春戀愛喜劇，屬於純現實生活類型，無任何奇幻元素。
q16,"如題想看校園類型小說，不知道有無推薦
純現實的不要有奇幻元素，集數不多的佳",dbf2d6c0-c35c-5f0f-93bc-28e39eeb7465,我的校園生活才正要開始！,岡本タクヤ,13.6,完結,"校園, 青春, 歡樂向, Fami通文庫, 日本輕小說",擁有無謂豐富才華（除了讀書）的高橋因為個性孤傲而藐視王道高中的校園生活，因此換來了孤零零一人升上二年級的下場。但這樣的他卻遇上了一個千載難逢的機會。完美無缺（除了性格）的美少女，佐藤在此時出現，她為了能當上學生會長而要求高橋善用他的才能暗中活動。高橋因此而得到了一個為此特地成立的冒牌社團「高橋社」，並一面支援著佐藤一面下定了決心，決定奪回他真正的校園生活。無關愛情也無關友情的失序校園喜劇就此展開！,3,該書為純粹的校園青春喜劇，完全符合使用者要求的「校園類型」且「無奇幻元素」的現實設定，與使用者意圖高度匹配。
q16,"如題想看校園類型小說，不知道有無推薦
純現實的不要有奇幻元素，集數不多的佳",cb6f0301-83a6-58c5-8ffb-c998be59c3ac,這段青春存在隱情！,岸本和葉,16.7,連載,"校園, 青春, 戀愛, 歡樂向, 青梅竹馬, 後宮, 電擊文庫, 日本輕小說",高嶺之花是由努力以及謊言構成的。雖然有很多朋友，但是沒有摯友。運動和學習都很一般——自稱「不會表裡不一的高中生」的我花城夏彥，因為注意到自己憧憬的學生會長，八重樫可能沒有穿內褲的關係而被帶到了學生會室！體育會的王牌•一之瀨日和，天才肌（與生俱來的天才）的年上副會長•紫藤愛麗絲，沉默寡言，非常聰明的雙葉椿姬……在那裡，我目睹了謳歌璀璨青春的鳳明高中學生會的『隱情』。「距離畢業還有八個月，花城同學也要來幫忙！」「誒！那你是真的沒有穿嗎！！？」成績，朋友關係，面子——一切都是為了「完美的高中生活」。她們在那段璀璨的青春背後扼殺自己的個性，然後將我捲入她們的學生會活動之中！？任誰都會羨慕的快樂青春背後，或許藏著努力與謊言也不一定——與完美（？）的她們共度的秘密，偽裝的校園戀愛喜劇，開幕！,3,該書為純粹的校園戀愛喜劇，內容完全符合用戶對「校園類型」且「無奇幻元素」的核心要求。
q16,"如題想看校園類型小說，不知道有無推薦
純現實的不要有奇幻元素，集數不多的佳",091bda7e-a3c8-5c8c-86ec-ff4cdba89510,只有成績還算優秀的我什麼都做不到,初雪染櫻,4.7,連載,"青春, 戀愛, 校園, 歡樂向, 青春日常, 華文輕小說",普通的青春，究竟是什麼模樣？獨居少年青木羽生曾以為，靠著速食與永遠做不完的習題，重複著每一天的自己，永遠無法觸及那名為「青春」的奢侈品。直到藤原玲奈帶著誤會與便當闖入、直到桐生詩織的秘密被他發現。於是，即將廢棄的文學社，連接起了三個孤獨的靈魂。於是，冰冷的出租屋有了溫度，寂靜的社團教室有了歡笑。這是一個關於誤會、秘密、陪伴，以及一點點變得不再普通的，普通青春故事。,3,該書標籤包含「校園」、「青春日常」，內容描述為關於文學社與普通青春的故事，完全符合使用者要求的校園類型且無奇幻元素（純現實），是極佳的匹配。
q16,"如題想看校園類型小說，不知道有無推薦
純現實的不要有奇幻元素，集數不多的佳",f44b023c-320e-586a-aafd-3bde25d02985,二號的我與第一的她 後日譚 ～某青春群像劇－Quintet～,和尚,7.7,連載,"校園, 青春, 戀愛, 歡樂向, kakuyomu, Web輕小說",這是一部描繪同一所高中里的男女生及其周圍人物青春日常的群像劇。它既展現了一段甜蜜的戀情，也揭示了一場身份差異之戀的掙扎。既是純真的單相思，也面臨著與往昔戀情的對峙。時而，它是一個對戀愛尚未了解的故事，時而，又是一個從最惡劣情況中重新開始的旅程。多條戀情交錯編織，共同構成了這個物語。,3,該書標籤為校園、青春、戀愛，且簡介描述為高中生的日常群像劇，完全符合使用者要求的「校園類型」且「無奇幻元素」的純現實設定。
q16,"如題想看校園類型小說，不知道有無推薦
純現實的不要有奇幻元素，集數不多的佳",3ce2bc68-87cc-579d-960f-38d0db44a535,δ和γ的理學部筆記,逆井卓馬,39.0,連載,"校園, 青春, 懸疑, 戀愛, 電擊文庫, 日本輕小說",「來驗證吧……用科學的方式！」我認為，所謂的〈青春〉，就像一部精心設計的推理小說。實現戀愛願望的櫻花丟失之謎。招募社團成員時微妙的違和感。隱藏在古樹樹齡中的故事。密室中消失的倉鼠。高中生們為瀕臨解散的生物部做出迫切的決斷。那些看似無關的一樁樁因果其實在某處互相連結，回過頭來看我們才終於意識到，那就是所謂的〈青春〉。我們也才發覺自己忽視了一些重要的事物。這是熱愛科學的高中生們，在日常生活中直面種種謎團並全力挑戰的故事，是綱長井高中「理學部」的小小活動記錄。——同時也是，一段初戀被揭開探明的故事。,3,該小說設定在高中校園，內容聚焦於科學社團的日常與推理，完全符合使用者要求的「校園類型」且「純現實、無奇幻元素」的核心需求。
q16,"如題想看校園類型小說，不知道有無推薦
純現實的不要有奇幻元素，集數不多的佳",2756715a-52f6-5bcb-876c-bf66aa98e50c,青春貓熊樂團,瀧上耕,11.5,完結,"校園, 音樂, 青春, 戀愛, 小學館, 日本輕小說",高三那年暑假，我們的友情在樂音中進發，我們的愛情在圖書館萌芽。令人為之一振的爽快系小說，獻給想重新體驗一次青春的你！一段以琵琶湖為舞台的超級熱血可愛之夏日物語！一個老實木訥、心裡有著心儀的她、稍微有點眼高手低的平梵谷三男孩，竟然被小混混威脅而半強迫地加入臨時組成的樂團，而且根本不會彈樂器！？正值十七歲的青春，站在一邊是用功讀書、一邊是叛逆瞎搞的天平上搖擺不定。現在回想起來，那段對未來感到迷惘卻又充滿活力的美好日子，才是最耀眼的——。,3,該書主題為高三校園生活，涉及音樂、友情與戀愛，完全符合使用者要求的「校園類型」且屬於「純現實」設定，沒有任何奇幻元素，是極佳的匹配。
q16,"如題想看校園類型小說，不知道有無推薦
純現實的不要有奇幻元素，集數不多的佳",12b875c3-2aa2-5624-9f63-6e9cfe60e819,會飛的豬還是豬?,涼木行,32.1,完結,"校園, 職場, 青春, 戀愛, 後宮, MF文庫J, 日本輕小說",曾經的不良少年，真宮逢人在今年春天考上了高中。某天打工處有一位客人吃完飯不付錢就想開溜。就在逢人追出去卻差點追丟的時候，忽然看見一位綁著馬尾的美少女藤室綾秀出一件純白的……不對，是一記見義勇為高腳踢。真宮因此逮到了這名吃霸王飯的客人。從這天起，他便不時會想起綾的身影。無巧不巧，高中入學典禮當天，真宮意外在座位前方看到那一頭熟悉的馬尾在眼前搖曳。同時，綾的妹妹，瑞姬竟也來到真宮的打工處謀職，彷佛嶄新的生活就要開始……然而，某天瑞姬的妹妹忽然對真宮說：「其實你對我姊姊有意思對吧？」——第七屆新人獎首獎得獎作品。由曾經身為不良少年的男主角和三位美少女姊妹，四人共同譜出的一部青春而笨拙的初戀故事。,3,該小說屬於典型的校園青春戀愛題材，且內容描述為純現實生活，無奇幻元素，完全符合用戶對「校園類型」且「純現實」的核心需求。
q17,"求推薦世界觀建構完整
主角很清楚當下該做甚麼
是不太希望主角輕鬆拿到一堆外掛這種的
然後也蠻喜歡主角大意、失誤或忘記重要信息導致危機感這種狀況發生
非戰鬥類主角也可以，感覺這類主角穿越的比較多?
但是如果是一個高中生通十八般武藝心理素質又特好的就不要",2b6ff7ba-fe69-5600-8224-cdecc398be9c,謊言遊戲 Liar·Liar,久追遙希,82.6,連載,"校園, 鬥智, 冒險, 青春, 戀愛, 後宮, MF文庫J, 日本輕小說",騙子們所獻上的最強無敵學園鬥智遊戲！在學生們不停決鬥以決定階級的學園島上，我──篠原緋呂斗參加了國內最困難的學園島入學測驗，並以歷代最佳成績脫穎而出。之後我又於轉學首日，擊敗去年的絕對王者‧彩園寺更紗，以學園島史上最快的速度，奪得了君臨頂點的『7星』。──沒錯，這一切當然全是一場騙局。闖下大禍的我，為了在學園島達成自身目的，不惜撒謊也得繼續君臨頂峰。為此，無論是視我為主人並從旁輔佐的美少女女僕‧姬路的作弊手段，或是與假冒大小姐的彩園寺所建立的共犯關係，我都要利用到底。好了，展開稱霸世界（遊戲）的騙局吧。,1,使用者明確表示不希望主角是『心理素質特好且能力強的高中生』，而本書主角正是以此類型的天才形象設定，透過欺瞞與鬥智掌控全場，缺乏使用者想要的『因大意或失誤而產生危機感』的特質。雖然符合非戰鬥類與主角目標明確的要求，但核心人設完全踩在使用者的避雷點上。
q17,"求推薦世界觀建構完整
主角很清楚當下該做甚麼
是不太希望主角輕鬆拿到一堆外掛這種的
然後也蠻喜歡主角大意、失誤或忘記重要信息導致危機感這種狀況發生
非戰鬥類主角也可以，感覺這類主角穿越的比較多?
但是如果是一個高中生通十八般武藝心理素質又特好的就不要",504316da-ac33-5e15-a8a6-465f3437a2b6,通向幕後黑手的最優解,藤木わしろ,9.8,連載,"奇幻, 戰鬥, 異能, 鬥智, 異世界, HJ文庫, 日本輕小說",利用未來知識推演最優解，少年終將成為最強的幕後黑手！！青年卡爾茨，向沒落公爵家家主阿爾特西婭宣誓絕對忠誠。在他得知阿爾特西婭的死實為暗中操控世界的六大公爵家所為後，歷經十年歲月，回到了過去。就這樣，卡爾茨回到了十歲，成為了孤兒。他以未來的知識為武器，招攬那些本該命喪黃泉的優秀人才作為夥伴。他為了拯救阿爾特西婭，決定成為凌駕於六大公爵家之上的真正幕後黑手，在暗中布局！「這就是——為了殺死你而構建的最優解。」為了摯愛之人，而改寫世界法則的暗中無雙奇幻譚！！,1,使用者明確表示不希望主角輕鬆獲得大量外掛，且討厭心理素質太好、太完美的角色，並期待主角會因大意或失誤而產生危機感。然而，本書主角擁有「未來知識」的強大外掛，且劇情核心在於推演「最優解」以達成目標，傾向於無雙且掌控全局的發展，與使用者要求的「避免輕鬆外掛」及「希望有失誤與危機」的需求完全相反。
q17,"求推薦世界觀建構完整
主角很清楚當下該做甚麼
是不太希望主角輕鬆拿到一堆外掛這種的
然後也蠻喜歡主角大意、失誤或忘記重要信息導致危機感這種狀況發生
非戰鬥類主角也可以，感覺這類主角穿越的比較多?
但是如果是一個高中生通十八般武藝心理素質又特好的就不要",0f99472d-04a0-53ee-b3ba-53a0a0ab1463,D機關,柳廣司,39.9,完結,"懸疑, 間諜, 鬥智, 角川文庫, 日本輕小說",「只要心臟仍在跳動，就一定要把情報帶回來！」間諜對決 ╳ 推理鬥智 ╳ 國際局勢 殊死戰亞洲間諜推理小說第一人──柳廣司橫掃日本文壇，開創日本間諜推理小說巔峰四部曲一輩子不愛任何人、不相信任何人，頂著虛假的姓名，化身為隱形人，由一群名為「間諜」的怪物組成的「D機關」全員謹遵日本傳奇間諜「魔王」訓示：未達成任務前，誰都不準死！,3,該書為間諜推理小說，強調情報鬥智與國際局勢，符合用戶對「完整世界觀」的要求。間諜設定通常具有專業目標感且不依賴超自然外掛，且間諜戰的核心就在於資訊差與失誤導致的危機，完全避開了用戶不喜歡的「全能高中生」或「輕鬆拿外掛」的設定，是非常精準的推薦。
q17,"求推薦世界觀建構完整
主角很清楚當下該做甚麼
是不太希望主角輕鬆拿到一堆外掛這種的
然後也蠻喜歡主角大意、失誤或忘記重要信息導致危機感這種狀況發生
非戰鬥類主角也可以，感覺這類主角穿越的比較多?
但是如果是一個高中生通十八般武藝心理素質又特好的就不要",34ff10db-b343-5e1f-a878-61bca7fcda15,騙王,秋目人,29.7,完結,"鬥智, 電擊文庫, 日本輕小說",與其默默等待人生終結，我要以謊言來奪取一切！我，將成為王——擁有領袖氣質與優秀頭腦，廣受人民愛戴的羅丹國第二王子斐茲拉爾德，孩提時代，夢想成為馴馬師的他，某天，那小小的世界突然崩壞了。親近之人的死亡，以及照料的仔馬成為晚餐被吃下肚，那天夜晚，哭泣著嘔出胃酸的斐茲拉爾德，領悟到：即便自己只是個孩子，即便「第二王子」註定無法繼承王權，周遭的人仍會將他捲入殘酷的權力鬥爭之中！——善良的個性只會賠上性命。要在這充滿政治權謀、醜惡人心的慾望漩渦中生存下去，唯一的希望只有憑藉無人能敵的機智謀略及精湛話術矇騙世人——當上王！,3,該書主角斐茲拉爾德是以智謀和話術為核心的非戰鬥類角色，符合使用者對於「非戰鬥類」及「拒絕輕鬆拿到外掛/全能高中生」的需求。劇情設定在殘酷的權力鬥爭中，符合使用者希望有危機感且主角需憑藉頭腦行動的意圖。雖然簡介未明確提到主角會失誤，但鬥智類作品通常包含博弈與反轉，整體方向與使用者需求高度契合。
q17,"求推薦世界觀建構完整
主角很清楚當下該做甚麼
是不太希望主角輕鬆拿到一堆外掛這種的
然後也蠻喜歡主角大意、失誤或忘記重要信息導致危機感這種狀況發生
非戰鬥類主角也可以，感覺這類主角穿越的比較多?
但是如果是一個高中生通十八般武藝心理素質又特好的就不要",bd7970a2-4884-509b-9c68-d62856732ac1,幻想之花向死而生,taikong,22.4,連載,"奇幻, 冒險, 懸疑, 復仇, 妹妹, 黑暗, 鬥智, 異能, 大逃殺, 溫馨, 原生幻想, 華文輕小說",一個陰暗壓抑，略有點瘋狂的故事。重生者間殘酷的生存遊戲，開始了。戰鬥吧，戰鬥到最後一刻！向自己、向敵人、向世界、向命運！,1,使用者明確表示不希望主角輕鬆獲得外掛，但推薦書籍提到是「重生者」之間的生存遊戲，重生通常伴隨強大的預知外掛。此外，使用者偏好非戰鬥類或有缺陷、會失誤的主角，而該書標籤強調「戰鬥」、「大逃殺」，且簡介過於簡略，無法證明其世界觀建構完整或符合主角會因大意而產生危機的設定。
q17,"求推薦世界觀建構完整
主角很清楚當下該做甚麼
是不太希望主角輕鬆拿到一堆外掛這種的
然後也蠻喜歡主角大意、失誤或忘記重要信息導致危機感這種狀況發生
非戰鬥類主角也可以，感覺這類主角穿越的比較多?
但是如果是一個高中生通十八般武藝心理素質又特好的就不要",40cc5613-6aee-5421-b1e0-55fd13d3ffa0,神明渴求著遊戲。挑戰眾神之少年的終極鬥智競技,細音啟,49.2,連載,"遊戲, 鬥智, 冒險, 後宮, MF文庫J, 日本輕小說",人類VS眾神，至高無上的奇幻系鬥智競技！至高無上的眾神為了打發無聊而舉辦的究極鬥智競技──「眾神的遊戲」。從漫長冬眠中醒來的前神明少女蕾茜，一開口就做出如此宣言：「把這時代最會玩『遊戲』的人帶過來吧！」被帶來見她的是被譽為「近年最強新人」的少年斐伊。兩人一同挑戰的「眾神的遊戲」由於難度過高，尚未有人類成功通關。因為神明極為任性，非但不合理，有時還無法以常理來推斷。但是，正因如此有挑戰性，不打從心底樂於其中就太可惜了！天才遊戲少年、前神明少女與其他夥伴，合作挑戰最強神明的究極鬥智競技，即將開幕！,2,該書屬於鬥智類，符合使用者希望主角「清楚該做什麼」且「非戰鬥類」的要求。然而，簡介中將主角描述為「天才」且被譽為「最強新人」，這可能與使用者想避開的「心理素質太好且全能的高中生」形象過於接近。雖然遊戲的不合理性會帶來危機感，但並未明確提到主角會因大意或失誤而產生危機，僅部分滿足使用者需求。
q17,"求推薦世界觀建構完整
主角很清楚當下該做甚麼
是不太希望主角輕鬆拿到一堆外掛這種的
然後也蠻喜歡主角大意、失誤或忘記重要信息導致危機感這種狀況發生
非戰鬥類主角也可以，感覺這類主角穿越的比較多?
但是如果是一個高中生通十八般武藝心理素質又特好的就不要",ebb1b9fc-a03a-59c4-a470-77b258f8fd78,夏洛克＋偵探學園,紙城境介,77.2,連載,"校園, 懸疑, 鬥智, 戀愛, MF文庫J, 日本輕小說",時值偵探的全盛時期，同時也是犯罪的全盛時期。為對抗與日具增的兇惡犯罪，偵探一職的必要性在現代獲得了飛躍性的成長。今年，某位少年與少女進入了日本唯一可取得「國家偵探資格」，入學門檻極高的真理峰偵探學園就讀。一位是過去被稱為「犯罪王」的男人的孫子，不實崎未咲；另一位則是「偵探王」的養女，詩亞．E．海瑟丹。彼此互為宿敵的後代子孫在此相遇！學園生活就此展開，然而在開學典禮上馬上發生了模擬事件！況且不知為何，比起照理說最先解出正確答案的詩亞，不實崎的分數更高──「我──要挑戰你！」「可別後悔嘍，公主殿下。」這是透過尋求真相競爭的學園默示錄。最令人興奮的鬥智巔峰就在此處！,1,用戶明確表示不希望主角是「通十八般武藝且心理素質特好」的高中生，且希望主角會因大意或失誤而產生危機感。推薦的書籍雖然是非戰鬥類的鬥智作品，但主角作為「犯罪王」之孫，在開學典禮就展現出超越天才的能力，極大機率符合用戶想要避開的「完美天才高中生」設定。此外，簡介中未提及主角會因失誤而陷入危機的劇情特點，僅強調鬥智巔峰，與用戶對「危機感」和「非外掛/非完美」的需求匹配度較低。
q17,"求推薦世界觀建構完整
主角很清楚當下該做甚麼
是不太希望主角輕鬆拿到一堆外掛這種的
然後也蠻喜歡主角大意、失誤或忘記重要信息導致危機感這種狀況發生
非戰鬥類主角也可以，感覺這類主角穿越的比較多?
但是如果是一個高中生通十八般武藝心理素質又特好的就不要",79d790ab-210d-54c7-bec1-291a3ab9581d,我成為了放逐主角的英雄,김선인장,55.1,連載,"轉生, 奇幻, 戰鬥, 戀愛, 病嬌, 後宮, 魔法, 熱血, 鬥智, 戰爭, other, 韓國輕小說",我放逐了主角。該死的。要是我能早點穿越過來就好了,2,推薦書籍的開篇設定（放逐了原主角後感到後悔）精準命中用戶希望看到「主角因失誤而導致危機感」的需求，且主角展現出會犯錯的特質，而非心理素質完美的模範生。雖然簡介中無法確認世界觀建構是否完整以及外掛程度，但其核心劇情衝突與用戶對主角性格的偏好高度契合。
q17,"求推薦世界觀建構完整
主角很清楚當下該做甚麼
是不太希望主角輕鬆拿到一堆外掛這種的
然後也蠻喜歡主角大意、失誤或忘記重要信息導致危機感這種狀況發生
非戰鬥類主角也可以，感覺這類主角穿越的比較多?
但是如果是一個高中生通十八般武藝心理素質又特好的就不要",6a9c5320-414f-5e76-93b5-5c484b005dd0,天才王子的赤字國家重生術～對了，就來賣國吧～,鳥羽徹,101.2,連載,"戰爭, 經營, 鬥智, 戀愛, 青梅竹馬, 妹妹, GA文庫, 日本輕小說",王子是最大的賣國賊!?只想拋下國家遊手好閒!!然而總是事與願違──？天才王子的赤字國家重生術～對了，就來賣國吧～「真不愧是殿下！ 沒想到背後還有這樣的意圖啊！」「我會永遠跟隨您的！」『（為什麼會變成這樣!?）』年輕的王子維恩，肩上背負的是一個資源、人才和兵力都很缺乏的弱小國家。文武雙全又深受臣子信賴的他，其實心裡有個不為人知的願望。「好想把國家賣了逃之夭夭啊──！」沒錯，原來王子的真面目是個想過悠哉自在隱居生活的賣國賊！但是，他在外交上討好大國，卻出乎預料地獨佔了利益；與鄰國交戰時本來只打算小贏一點，結果竟大獲全勝。雖然賺得了名聲，卻離賣國目標愈來愈遠，臣民也士氣高昂，讓他騎虎難下!?以天才王子為主角，充滿驚奇的弱小國家經營故事，就此開幕！,1,用戶明確表示不希望主角是『完美且心理素質極好』的類型，並希望看到主角因大意或失誤而產生危機感。而本書主角被設定為『文武雙全的天才』，雖然他的目標是賣國偷懶，但劇情核心在於他即便想失敗也會『意外地大獲全勝』，缺乏用戶想要的『因失誤導致危機』的緊張感，且角色屬性過於接近用戶排斥的『全能型』主角。
q17,"求推薦世界觀建構完整
主角很清楚當下該做甚麼
是不太希望主角輕鬆拿到一堆外掛這種的
然後也蠻喜歡主角大意、失誤或忘記重要信息導致危機感這種狀況發生
非戰鬥類主角也可以，感覺這類主角穿越的比較多?
但是如果是一個高中生通十八般武藝心理素質又特好的就不要",5a143f86-004a-50dd-b6f5-ed3b38bf6c06,紳士遊戲,赤城毅,13.5,完結,"鬥智, 犯罪, 復仇, 其他文庫, 日本輕小說",昭和六年，新手詐欺師．立見廣介為了入日本第一的傳說詐欺師門下當弟子，自上海返回東京。徹底騙過高級飯店櫃檯，因而入住的廣介，卻在此完全落入一對祖孫的圈套中。這兩人正是廣介在尋找的，傳說中的詐欺師──四條君隆與他的孫女．露。以見習之身加入門下的廣介，在要從某暴發戶手裡騙取鉅款的任務中被賦予重任……而在這陣漩渦內，廣介遇見了上海的『仇家』！直擊讀者五感的鬥智奇技！綻放鋒芒的全新詐欺遊戲小說，初次登場！,3,主角設定為新手詐欺師，開篇即在自以為成功地時落入對方的圈套，完美契合使用者希望主角「會大意、失誤導致危機感」且「不希望輕鬆拿到外掛」的需求。此外，鬥智類劇情符合非戰鬥類主角的偏好，且避開了使用者厭惡的「全能心理素質極強的高中生」設定。
q17,"求推薦世界觀建構完整
主角很清楚當下該做甚麼
是不太希望主角輕鬆拿到一堆外掛這種的
然後也蠻喜歡主角大意、失誤或忘記重要信息導致危機感這種狀況發生
非戰鬥類主角也可以，感覺這類主角穿越的比較多?
但是如果是一個高中生通十八般武藝心理素質又特好的就不要",00defc8f-0a6a-5991-9ef1-a8ed8d1ea1cc,算計,米澤穗信,22.1,完結,"懸疑, 犯罪, 遊戲, 大逃殺, 驚悚, 其他文庫, 日本輕小說",雖然覺得這個打工徵人的廣告很詭異，但想買車的窮大學生結城理久彥，跟全身名牌、但好像也很缺錢的富家小姐須和名祥子，還是都應徵了這項時薪高得離譜的打工。工作是參與一項內容不詳的實驗，一共招募了12位參與者，而這12位年齡不同、身份不同、目的不同的參與者，必須待在一個地下密室長達七天之久，中途不得離開。隨著實驗的規則與目的逐一揭曉，12位成員才發現，每個人都拿到了足以致命的武器，而唯一要做的事，就是想辦法讓自己活下來，但機關陷阱重重，加上相繼有人死去，大家於是開始陷入可怕的恐懼與焦慮中……到底最後誰才能活下來拿到最高的獎金與酬勞呢？,2,該書屬於大逃殺與心理博弈類作品，主角為大學生而非全能高中生，且標題《算計》暗示劇情側重於策略與智鬥，符合用戶希望主角有主見且不依賴外掛的需求。此類高壓生存遊戲通常包含因誤判或失誤導致的危機，與用戶對「危機感」的偏好相符。雖然世界觀僅限於地下密室，規模較小，但邏輯建構通常較為嚴謹，基本滿足大部分核心需求。
q17,"求推薦世界觀建構完整
主角很清楚當下該做甚麼
是不太希望主角輕鬆拿到一堆外掛這種的
然後也蠻喜歡主角大意、失誤或忘記重要信息導致危機感這種狀況發生
非戰鬥類主角也可以，感覺這類主角穿越的比較多?
但是如果是一個高中生通十八般武藝心理素質又特好的就不要",3ae08fce-97c2-5477-bc7d-095dbcf29379,死亡筆記 決戰新世界,日下部匡俊,7.5,完結,"奇幻, 懸疑, 犯罪, 鬥智, 集英社, 日本輕小說",名字被寫在這本筆記本上的人將會死亡『奇樂』，也就是夜神月，企圖以死亡筆記本改變這個世界，讓世上再也沒有犯罪。世界級名偵探『L』則打算阻止失控的奇樂。兩位天才之間的對決結束之後，過了10年的某一天，全世界的網路都遭到劫持，傅出『奇樂』所發送的訊息——「去奪得死亡筆記本吧——」被死神帶來世間的6本死亡筆記本。以及同時發生的多起大量殺人事件。在這一連串事件發生的同時，L的楓承者·龍崎加入由三島率領的死亡筆記本應對本部，並在隨機殺人的現場得到一本死亡筆記本。另一方面，在同一個殺人現場，出現奇樂信徒·紫苑的身影——3個人各自高舉著互不相讓的『正義』名號，展開了壯烈的門智戰爭—一！,3,該書屬於典型的鬥智類作品，高度符合使用者對「主角清楚該做什麼」以及「因失誤或大意導致危機感」的需求。劇情核心在於邏輯推演與心理戰，而非依賴無腦外掛或戰鬥力。且本作角色為成年專業人士，避開了使用者厭惡的「全能高中生」設定，且世界觀（筆記本規則）設定嚴謹且完整。
q17,"求推薦世界觀建構完整
主角很清楚當下該做甚麼
是不太希望主角輕鬆拿到一堆外掛這種的
然後也蠻喜歡主角大意、失誤或忘記重要信息導致危機感這種狀況發生
非戰鬥類主角也可以，感覺這類主角穿越的比較多?
但是如果是一個高中生通十八般武藝心理素質又特好的就不要",c72bd837-de8b-5294-9350-a78c06cc1cf4,地雷格力高,青崎有吾,13.9,完結,"校園, 遊戲, 鬥智, 女性視角, 角川文庫, 日本輕小說",由推理小說界旗手呈現的頭腦對決小說！在頰白高中就讀的射守矢真兔是一位擅長勝負對決的女高中生。為了爭奪文化祭屋頂的使用權，她不惜冒險爬上設置了陷阱的樓梯（「地雷格力高」），為了拯救卡牌部的困境，她挑戰了使用百人一首圖片牌進行的神經衰弱（「和尚衰弱」）。持續被捲入種種奇特遊戲中的她，她的命運和比賽的結果又將何去何從？,2,該書為鬥智類小說，符合使用者要求的「非戰鬥類」且無超自然「外掛」的設定，主角在比賽中展現出明確的目標感與能力。雖然校園設定的世界觀較為簡單，不完全符合「完整世界觀建構」的高要求，且主角作為擅長對決的高中生，有可能觸及使用者不喜歡的「完美高中生」雷點，但鬥智類作品通常包含策略失誤與危機感，整體仍具有一定的相關性。
q17,"求推薦世界觀建構完整
主角很清楚當下該做甚麼
是不太希望主角輕鬆拿到一堆外掛這種的
然後也蠻喜歡主角大意、失誤或忘記重要信息導致危機感這種狀況發生
非戰鬥類主角也可以，感覺這類主角穿越的比較多?
但是如果是一個高中生通十八般武藝心理素質又特好的就不要",d8000720-67a6-573c-891b-79e6c1e158af,拼上性命避免了全滅的結局，可隊友卻病了,雨糸雀,49.0,連載,"奇幻, 轉生, 病嬌, syosetu, Web輕小說",——所以說，少了一隻眼睛和一條腿沒什麼大不了。我沒事兒～沒關係，我不會拋棄你的。補償什麼都可以。別奉獻一切呀！沉重。好TM沉重!,2,推薦書籍的主角為了避免全滅結局付出了沉重的身體代價（失去眼睛和腿），這符合使用者不希望主角輕鬆獲得外掛、不希望主角是完美無缺之人的需求。雖然簡介中未提及世界觀的完整度，也未明確說明主角是否因大意或失誤導致危機，但其「慘烈」的基調與使用者追求的「危機感」與「非無敵主角」的方向相當一致。
q17,"求推薦世界觀建構完整
主角很清楚當下該做甚麼
是不太希望主角輕鬆拿到一堆外掛這種的
然後也蠻喜歡主角大意、失誤或忘記重要信息導致危機感這種狀況發生
非戰鬥類主角也可以，感覺這類主角穿越的比較多?
但是如果是一個高中生通十八般武藝心理素質又特好的就不要",46ff49c9-ea6a-5703-9b15-00432dc5eafe,完美謊言的最後一句話,河野裕,9.3,完結,"懸疑, 鬥智, 大逃殺, 其他文庫, 日本輕小說",──這是一場充滿謊言的考試，就算是真話聽起來也像謊言，每個人都以為是謊言的反而是真話，或許這才是最厲害的謊言。以搜索引擎和社群網路服務成為全球性知名大企業的Haluwin公司，據傳正在進行超能力的研究。Haluwin公司順應此傳言推出了惡作劇企劃，昭告「將在四月一日以日幣八千萬年薪招聘超能力者」。經過審查、自稱是超能力者的七位候補，將於三月三十一日的夜晚參加在大街上舉行的最終考試。懷著特別目的而參加的大學生市倉和另一位參賽少女日比野二人聯手，為了奪取僅有的一張錄取通知書，投入這場爾虞我詐的賽局──,3,該書主角為大學生而非全能高中生，避開了用戶明確不喜歡的設定。故事核心為鬥智與謊言的心理戰，符合非戰鬥類主角的需求，且不依賴超能力外掛（儘管設定涉及超能力研究，但重點在於欺騙與賽局）。此類懸疑鬥智作品通常會透過資訊不對稱或判斷失誤來營造危機感，與用戶希望看到主角因大意或失誤而產生緊張感的偏好高度契合。
q18,"我最近剛看了龍王的工作的小說
雖然不懂將棋，但覺得對局的刻劃很棒
能看到將棋解說
也會側面描寫一些職業棋士、女流棋士的差別和情況

最喜歡的部分是銀子挑戰獎勵會那邊
書裡描寫的女性棋士會被小看的部分
那種低人一等、逆境求生的感覺做得很真實(?不會形容，總之很有代入感
銀子加油，不要輸給將棋星人!

希望各位能分享一些好看的將棋小說!!",bb624d04-7073-500a-b87c-0b6149035061,消遣的挑戰者,岩井恭平,48.2,完結,"科幻, 遊戲, 鬥智, 戰鬥, 懸疑, 角川文庫, 日本輕小說",在天才少年——果須田裕杜舉辦的終極戰鬥遊戲<RuleoftheRule>中，從世界各地聚集而來並分成兩人一組的參加者們必須一邊擊退作為『防禦人（Defender）』的殺手集團，一邊在限定時間內解決困難的事件。被捲入這個瘋狂的遊戲的高一學生鈴藤小槙離開了作為同級生的春野祥，向青梅竹馬的裕杜發起了挑戰！第6屆角川學園小說大獎『優秀獎』獲獎作品，強勢出擊！,0,用戶明確要求推薦「將棋小說」，並強調對將棋對局、職業棋士生態以及逆境求生的描寫感興趣。而推薦的書籍《消遣的挑戰者》是一部關於戰鬥遊戲與懸疑鬥智的科幻輕小說，完全不涉及將棋，與用戶的核心需求完全不符。
q17,"求推薦世界觀建構完整
主角很清楚當下該做甚麼
是不太希望主角輕鬆拿到一堆外掛這種的
然後也蠻喜歡主角大意、失誤或忘記重要信息導致危機感這種狀況發生
非戰鬥類主角也可以，感覺這類主角穿越的比較多?
但是如果是一個高中生通十八般武藝心理素質又特好的就不要",bb624d04-7073-500a-b87c-0b6149035061,消遣的挑戰者,岩井恭平,48.2,完結,"科幻, 遊戲, 鬥智, 戰鬥, 懸疑, 角川文庫, 日本輕小說",在天才少年——果須田裕杜舉辦的終極戰鬥遊戲<RuleoftheRule>中，從世界各地聚集而來並分成兩人一組的參加者們必須一邊擊退作為『防禦人（Defender）』的殺手集團，一邊在限定時間內解決困難的事件。被捲入這個瘋狂的遊戲的高一學生鈴藤小槙離開了作為同級生的春野祥，向青梅竹馬的裕杜發起了挑戰！第6屆角川學園小說大獎『優秀獎』獲獎作品，強勢出擊！,2,該書標籤包含「鬥智」與「懸疑」，設定為在生存遊戲中解決困難事件，符合使用者不希望主角輕鬆靠外掛獲勝、傾向於透過策略與思考解決問題的需求。雖然主角是高中生，但故事核心是向天才發起挑戰的鬥智過程，較不像是使用者排斥的「全能且心理素質完美的龍傲天」。然而，簡介中未明確提及世界觀建構的完整度，也未直接描述主角會因大意或失誤而陷入危機的具體設定，故給予 2 分。
q18,"我最近剛看了龍王的工作的小說
雖然不懂將棋，但覺得對局的刻劃很棒
能看到將棋解說
也會側面描寫一些職業棋士、女流棋士的差別和情況

最喜歡的部分是銀子挑戰獎勵會那邊
書裡描寫的女性棋士會被小看的部分
那種低人一等、逆境求生的感覺做得很真實(?不會形容，總之很有代入感
銀子加油，不要輸給將棋星人!

希望各位能分享一些好看的將棋小說!!",c72bd837-de8b-5294-9350-a78c06cc1cf4,地雷格力高,青崎有吾,13.9,完結,"校園, 遊戲, 鬥智, 女性視角, 角川文庫, 日本輕小說",由推理小說界旗手呈現的頭腦對決小說！在頰白高中就讀的射守矢真兔是一位擅長勝負對決的女高中生。為了爭奪文化祭屋頂的使用權，她不惜冒險爬上設置了陷阱的樓梯（「地雷格力高」），為了拯救卡牌部的困境，她挑戰了使用百人一首圖片牌進行的神經衰弱（「和尚衰弱」）。持續被捲入種種奇特遊戲中的她，她的命運和比賽的結果又將何去何從？,1,使用者明確要求推薦『將棋小說』，且非常在意將棋的對局描寫以及女性棋士在逆境中奮鬥的設定。雖然推薦的書籍《地雷格力高》同樣包含『鬥智』、『遊戲』以及『女性視角』等元素，但其內容是關於各種不同的奇特遊戲，而非將棋。這僅僅是類型上的微弱關聯，未能滿足使用者最核心的將棋主題需求。
q18,"我最近剛看了龍王的工作的小說
雖然不懂將棋，但覺得對局的刻劃很棒
能看到將棋解說
也會側面描寫一些職業棋士、女流棋士的差別和情況

最喜歡的部分是銀子挑戰獎勵會那邊
書裡描寫的女性棋士會被小看的部分
那種低人一等、逆境求生的感覺做得很真實(?不會形容，總之很有代入感
銀子加油，不要輸給將棋星人!

希望各位能分享一些好看的將棋小說!!",40cc5613-6aee-5421-b1e0-55fd13d3ffa0,神明渴求著遊戲。挑戰眾神之少年的終極鬥智競技,細音啟,49.2,連載,"遊戲, 鬥智, 冒險, 後宮, MF文庫J, 日本輕小說",人類VS眾神，至高無上的奇幻系鬥智競技！至高無上的眾神為了打發無聊而舉辦的究極鬥智競技──「眾神的遊戲」。從漫長冬眠中醒來的前神明少女蕾茜，一開口就做出如此宣言：「把這時代最會玩『遊戲』的人帶過來吧！」被帶來見她的是被譽為「近年最強新人」的少年斐伊。兩人一同挑戰的「眾神的遊戲」由於難度過高，尚未有人類成功通關。因為神明極為任性，非但不合理，有時還無法以常理來推斷。但是，正因如此有挑戰性，不打從心底樂於其中就太可惜了！天才遊戲少年、前神明少女與其他夥伴，合作挑戰最強神明的究極鬥智競技，即將開幕！,1,使用者明確要求推薦「將棋小說」，並強調喜歡將棋對局、職業棋士體系以及女性棋士在逆境中奮鬥的描寫。推薦的書籍雖然屬於「鬥智遊戲」類，但其核心是奇幻設定下的各種遊戲競賽，而非將棋，完全無法滿足使用者對將棋專業內容與社會背景的需求，僅有極其寬泛的「鬥智」共同點。
q18,"我最近剛看了龍王的工作的小說
雖然不懂將棋，但覺得對局的刻劃很棒
能看到將棋解說
也會側面描寫一些職業棋士、女流棋士的差別和情況

最喜歡的部分是銀子挑戰獎勵會那邊
書裡描寫的女性棋士會被小看的部分
那種低人一等、逆境求生的感覺做得很真實(?不會形容，總之很有代入感
銀子加油，不要輸給將棋星人!

希望各位能分享一些好看的將棋小說!!",7a47adc8-cf6e-5aef-815d-a1638770ca73,龍王的工作！,白鳥士郎,235.0,連載,"競技, 青春, 戀愛, 後宮, 青梅竹馬, GA文庫, 日本輕小說",玄關門一打開，眼前冒出了以為JS（小學女生）「我依照約定來了，請收我為徒弟！」年僅十六歲，便擁有將棋界最高頭銜「龍王」的九頭龍八一家裡，出現了以為名叫雛鶴愛的小學三年級生，九歲。「什麼？……徒弟？你在說什麼？」「……您不記得了嗎？」八一對自己答應過的事情完全沒有印象，卻展開了與小學生同居的生活。受到愛直率的熱情影響，八一也逐漸取回險些喪失的熱枕——,0,用戶明確表示已經閱讀過《龍王的工作！》並在尋求其他將棋小說的推薦，而推薦系統卻推薦了用戶剛看完的同一本書，完全無法滿足用戶尋找新書的需求，不符合推薦系統的核心意圖。
q18,"我最近剛看了龍王的工作的小說
雖然不懂將棋，但覺得對局的刻劃很棒
能看到將棋解說
也會側面描寫一些職業棋士、女流棋士的差別和情況

最喜歡的部分是銀子挑戰獎勵會那邊
書裡描寫的女性棋士會被小看的部分
那種低人一等、逆境求生的感覺做得很真實(?不會形容，總之很有代入感
銀子加油，不要輸給將棋星人!

希望各位能分享一些好看的將棋小說!!",09879f84-1198-5aae-a807-aa08ea5a3a16,KILLER QUEEN,FLAT,48.5,連載,"懸疑, 鬥智, 遊戲, 大逃殺, 獵奇, 其他文庫, 日本輕小說",被封閉的公館——黑暗的遊戲在那裡展開。被瘋狂所侵蝕的少女們的心。被封鎖的廢墟，被關押的13個玩家。內藏玄機的項圈。撲克牌圖案的PDA。如果不在72小時內，完成所派定的條件，項圈就會殺死佩戴者。能夠這麼簡單的接受這種非現實的狀況，是因為擺在眼前的，這曾是人類的物體吧。能從這噩夢中脫出的，究竟——歡迎來到這由13位玩家來進行的死亡遊戲……,0,使用者明確要求推薦關於「將棋」的小說，且在意對局刻劃與職業棋士的描寫。而推薦的書籍《KILLER QUEEN》是一部關於死亡遊戲、大逃殺與懸疑推理的輕小說，與將棋完全無關。
q18,"我最近剛看了龍王的工作的小說
雖然不懂將棋，但覺得對局的刻劃很棒
能看到將棋解說
也會側面描寫一些職業棋士、女流棋士的差別和情況

最喜歡的部分是銀子挑戰獎勵會那邊
書裡描寫的女性棋士會被小看的部分
那種低人一等、逆境求生的感覺做得很真實(?不會形容，總之很有代入感
銀子加油，不要輸給將棋星人!

希望各位能分享一些好看的將棋小說!!",c6be5111-3e99-5a4d-89e9-10b4b0d3d3eb,棋魂,堀田由美,12.4,完結,"奇幻, 青春, 競技, 集英社, 日本輕小說",有一天，小學六年級的進藤光在爺爺家的倉庫里，找到一個古老的棋盤。而隱藏在其中的血痕竟然只有他看得見。就在阿光碰到棋盤的瞬間，寄宿在棋盤上的平安時代的天才棋士——藤原佐為的靈魂潛入阿光的意識里。原來那個棋盤是平安時代的棋士。藤原佐為靈魂所暫居的地方，而佐為為了追求「神之一招」的圍棋技藝，魂魄始終不肯離開棋盤，為的是尋找能與他共鳴的人。,1,用戶明確要求的是「將棋」小說，而推薦的《棋魂》主題是「圍棋」。雖然兩者都屬於棋類競技且具有成長與競爭元素，但棋種完全不同，且無法滿足用戶對於將棋特有文化（如女流棋士的處境）的特定需求。
q18,"我最近剛看了龍王的工作的小說
雖然不懂將棋，但覺得對局的刻劃很棒
能看到將棋解說
也會側面描寫一些職業棋士、女流棋士的差別和情況

最喜歡的部分是銀子挑戰獎勵會那邊
書裡描寫的女性棋士會被小看的部分
那種低人一等、逆境求生的感覺做得很真實(?不會形容，總之很有代入感
銀子加油，不要輸給將棋星人!

希望各位能分享一些好看的將棋小說!!",a44a04aa-52aa-55dd-b939-eafa7f3c4f37,黑貓的王手！,八奈川景晶,7.5,連載,"青春, 戀愛, 歡樂向, 富士見文庫, 日本輕小說",一名少女向沒有女性存在的職業世界發起挑戰關東年輕棋士團體『東龍門』擔任監修並傾情奉上，正統將棋愛情喜劇！以全勝戰績突破獎勵會三段聯賽，達成這一偉業的天才棋士·長門成海，突然不加解釋就退出了將棋界。正當全日本為此震驚時，女流棋士·三河美弦一心只為增強實力，不知何故以Cosplay打扮前來討教！？「請教我下棋！不是長門先生就不行！」「我想改變贏不了男性棋士的自己！」「可以告訴我……長門先生不下將棋的緣由嗎？」——在穿著哥特蘿莉貓耳服的少女面前，最初勉強同意指導的成海也逐漸被她的熱情所感化——天才棋士×哥特蘿莉貓耳少女的正統將棋愛情喜劇，對局開始！！,3,使用者明確表示喜歡《龍王的工作》中關於將棋對局的刻劃，以及女流棋士在職業世界中面臨的逆境與挑戰。推薦的《黑貓的王手！》同樣是以將棋為主題，且核心劇情正是在探討女流棋士想要突破與男性棋士實力差距、挑戰職業世界的奮鬥過程，高度符合使用者的核心需求。
q18,"我最近剛看了龍王的工作的小說
雖然不懂將棋，但覺得對局的刻劃很棒
能看到將棋解說
也會側面描寫一些職業棋士、女流棋士的差別和情況

最喜歡的部分是銀子挑戰獎勵會那邊
書裡描寫的女性棋士會被小看的部分
那種低人一等、逆境求生的感覺做得很真實(?不會形容，總之很有代入感
銀子加油，不要輸給將棋星人!

希望各位能分享一些好看的將棋小說!!",a98d2b2d-26dd-5fe0-b6e1-c88bd0563b29,Lady!? Steady，GO!!,井上堅二,12.0,完結,"戰鬥, 歡樂向, 青春, Fami通文庫, 日本輕小說",「來狩獵情侶吧！」我的名字叫做靜目圭，有個年長自己一歲的兒時玩伴。被我稱為前輩的這個人非常優秀，甚至能夠斷言此人無所不能。他擁有最頂級的體能、最頂級的智慧以及最頂級的容貌。前輩為了成為超巨型綜合企業的繼承人，從小就身處在特殊的環境下接受各種教育。但是說來遺憾，這樣的他卻幾乎沒有一般常識！名為真田磷之介的前輩與身為其生活指導老師而疲於奔命的我所參加的一場財閥繼承人大戰，正式就此揭開序幕──！,0,使用者明確要求推薦「將棋小說」，且在意對局描寫、職業棋士的處境以及逆境求生的感覺。而推薦的書籍《Lady!? Steady，GO!!》是一部關於財閥繼承權爭奪戰的歡樂向輕小說，完全沒有涉及將棋內容，與使用者需求完全不相關。
q18,"我最近剛看了龍王的工作的小說
雖然不懂將棋，但覺得對局的刻劃很棒
能看到將棋解說
也會側面描寫一些職業棋士、女流棋士的差別和情況

最喜歡的部分是銀子挑戰獎勵會那邊
書裡描寫的女性棋士會被小看的部分
那種低人一等、逆境求生的感覺做得很真實(?不會形容，總之很有代入感
銀子加油，不要輸給將棋星人!

希望各位能分享一些好看的將棋小說!!",77f888a3-fb44-56a6-affc-bfab525da5a9,交叉連結,久追遙希,44.9,完結,"科幻, 遊戲, 鬥智, 大逃殺, 性轉, 青梅竹馬, MF文庫J, 日本輕小說",垂水夕凪這名少年個性陰沉又不喜與人為伍，但在過去舉辦的「傳說中的地下遊戲」中，他是全世界唯一通關的人。成為平凡的高中生後，他又因為某個原因，被迫參加新的地下遊戲「一百名高端玩家獵殺『公主』」──而且是以「公主」的身分。不僅如此，原本在遊戲中擔任「公主」的電腦神姬──春風，還跟夕凪交換了身體，前往現實世界。接二連三發生不得了的狀況，讓夕凪的人生產生急劇的變化。並且，夕凪得知遊戲中的「公主」死亡等同於春風死亡後，為了顛覆「已經註定的敗北」，他決定挑戰不容許犯下任何一個失誤的極致通關法！,0,使用者明確要求推薦「將棋小說」，且希望看到關於將棋對局、職業棋士以及對抗偏見的刻劃。而推薦的書籍《交叉連結》是一部關於科幻、地下遊戲、性轉與大逃殺的作品，完全沒有提及將棋，與使用者核心需求不符。
q18,"我最近剛看了龍王的工作的小說
雖然不懂將棋，但覺得對局的刻劃很棒
能看到將棋解說
也會側面描寫一些職業棋士、女流棋士的差別和情況

最喜歡的部分是銀子挑戰獎勵會那邊
書裡描寫的女性棋士會被小看的部分
那種低人一等、逆境求生的感覺做得很真實(?不會形容，總之很有代入感
銀子加油，不要輸給將棋星人!

希望各位能分享一些好看的將棋小說!!",c5976947-9fec-5485-a0fc-1af5166a8e1e,武士道系列,譽田哲也,40.0,完結,"輕文學, 校園, 青春, 競技, 女性視角, 其他文庫, 日本輕小說",新鮮清爽的青春娛樂傑作改編為電影、漫畫的人氣小說讓人不禁想要深呼吸、為英姿颯爽的少女們大聲喝彩！「……周圍的，全都是敵人……」磯山香織，自幼學習劍道，力道、速度、勝負感都高人一等。對她而言，現身於劍道之路前方的，都是敵人。懷抱著心靈導師武藏的教誨，她毫不猶豫地斬過場場比賽。「管他舊姓或新姓，我就是我。」西荻早苗，經由雜誌上一句話的啟發，意外走出了自己的風格。父母離婚之後雖然歷經混亂，卻仍保持樂觀。不執著於勝負，抱持著「不動心」的自我流劍士。性格相反兩個女孩在比賽場上相遇了……意外輸給無名選手的香織抱著復仇心進入早苗所在的東松高中。在同一座道場，兩個人截然不同的信念互相衝撞。相反的理念能互相理解嗎？《草莓之夜》作者譽田哲也「唯一沒有死人的作品」，劍道少女追求目標的凜然身姿燦亮耀眼。獻給堅持理念、在某條道路上前行的妳和你——,1,用戶明確要求推薦「將棋小說」，而推薦的書籍主題是「劍道」。雖然兩者都包含競技、女性視角以及對追求目標的刻畫，但在核心主題（將棋）上完全不符，僅具有類比性的關聯。
q18,"我最近剛看了龍王的工作的小說
雖然不懂將棋，但覺得對局的刻劃很棒
能看到將棋解說
也會側面描寫一些職業棋士、女流棋士的差別和情況

最喜歡的部分是銀子挑戰獎勵會那邊
書裡描寫的女性棋士會被小看的部分
那種低人一等、逆境求生的感覺做得很真實(?不會形容，總之很有代入感
銀子加油，不要輸給將棋星人!

希望各位能分享一些好看的將棋小說!!",dbb93b6e-1b1b-52ab-8d12-9367da749fde,逃殺競技場,土橋真二郎,33.2,完結,"懸疑, 遊戲, 鬥智, 大逃殺, 黑暗, 電擊文庫, 日本輕小說",「請各位在門另一邊的競技場互相殘殺。」少女一醒來，眼前是前所未見的空間。有人給了她手槍和刀子，強制她與其他人互相殘殺。這是一場被籌畫好的殘忍死亡遊戲。被一同集結而來的三十人中，僅有一人能活下去──某日，高中生萩原悠人得知本應已自殺身亡的同學月島伊央，參加了名為「競技場」的死亡遊戲。雖然悠人和同班同學們一起從外部支援伊央，試圖成功破解遊戲……被一起集結至此的三十個人之間的共通點，將成為令人恐懼的真實攤在悠人一行人面前！令人目不轉睛的學園逃生懸疑小說！,0,使用者明確要求推薦「將棋小說」，而推薦的書籍《逃殺競技場》是一部關於生存遊戲、殘殺與懸疑的死亡遊戲小說，與將棋完全無關。
q18,"我最近剛看了龍王的工作的小說
雖然不懂將棋，但覺得對局的刻劃很棒
能看到將棋解說
也會側面描寫一些職業棋士、女流棋士的差別和情況

最喜歡的部分是銀子挑戰獎勵會那邊
書裡描寫的女性棋士會被小看的部分
那種低人一等、逆境求生的感覺做得很真實(?不會形容，總之很有代入感
銀子加油，不要輸給將棋星人!

希望各位能分享一些好看的將棋小說!!",808d12c9-617d-5734-b774-8abad36b25f0,賭博師從不祈禱,周藤蓮,76.4,完結,"戰鬥, 冒險, 遊戲, 鬥智, 戀愛, 電擊文庫, 日本輕小說",以「不求敗」和「不求勝」為信念的年輕賭徒，為拯救受傷的少女，不惜投身招致毀滅的賭局！十八世紀末的倫敦──年輕的賭博師拉撒祿在賭場一時失手，獲得了一筆出乎意料的鉅額賭金，無奈之下只得出手購買商品──一名少女奴隸。少女──莉拉的聲帶遭到燒毀，失去了感情。拉撒祿無法放著她不管，只得將她雇為女僕，並教導她讀書習字。在這樣的生活中，兩人漸漸敞開了心房……然而，撕裂了兩人生活的悲劇從天而降──為了拯救奴隸少女，男子將挑起一場驚天動地的大賭局！,0,使用者明確要求推薦「將棋小說」，並強調對將棋對局、職業棋士體系及逆境奮鬥的喜好。而推薦的書籍《賭博師從不祈禱》主題是關於 18 世紀倫敦的賭博與救贖，完全不涉及將棋，與使用者核心需求不符。
q18,"我最近剛看了龍王的工作的小說
雖然不懂將棋，但覺得對局的刻劃很棒
能看到將棋解說
也會側面描寫一些職業棋士、女流棋士的差別和情況

最喜歡的部分是銀子挑戰獎勵會那邊
書裡描寫的女性棋士會被小看的部分
那種低人一等、逆境求生的感覺做得很真實(?不會形容，總之很有代入感
銀子加油，不要輸給將棋星人!

希望各位能分享一些好看的將棋小說!!",c07918ed-2fff-5cab-9047-423d0e682652,自稱F級的哥哥似乎要稱霸以遊戲分級的學園？,三河ごーすと,61.2,連載,"遊戲, 鬥智, 龍傲天, 後宮, 妹妹, MF文庫J, 日本輕小說",獅子王學園是聚集了學業、運動、家世……各種領域菁英的日本最頂尖明星學校。然而，那裡實際上卻是以遊戲結果評價一切的，弱肉強食的學園。唯有絕對強者──「獅子」能夠在這充滿激烈競爭的世界存活下來。主角──碎城紅蓮雖然在暗地裡留下在遊戲中常勝不敗的傳說，卻也想度過一帆風順的平凡人生，於是他在入學考試中放水，獲得自己想要的F級評價。不過在與由衷深愛哥哥的親妹妹──碎城可憐重逢後，情況出現急遽變化。當學園的「惡意」威脅可憐時，紅蓮將發揮出他真正的實力──！（自稱）F級的紅蓮將擺平眾多強敵，學園遊戲腦力戰就此揭開序幕！,0,使用者明確要求的是關於「將棋」的小說，且希望能看到對局刻劃、職業棋士的生態以及逆境求生的描寫。推薦的書籍雖然包含「遊戲」與「鬥智」元素，但完全與將棋無關，屬於一般的校園遊戲類輕小說，不符合使用者核心需求。
q18,"我最近剛看了龍王的工作的小說
雖然不懂將棋，但覺得對局的刻劃很棒
能看到將棋解說
也會側面描寫一些職業棋士、女流棋士的差別和情況

最喜歡的部分是銀子挑戰獎勵會那邊
書裡描寫的女性棋士會被小看的部分
那種低人一等、逆境求生的感覺做得很真實(?不會形容，總之很有代入感
銀子加油，不要輸給將棋星人!

希望各位能分享一些好看的將棋小說!!",7854a64f-6fcc-5e34-aa55-64668fb6ede1,靠死亡遊戲混飯吃。,鵜飼有志,62.4,連載,"黑暗, 鬥智, 遊戲, 大逃殺, 女性視角, MF文庫J, 日本輕小說",醒來以後，發現自己人在陌生的洋樓，身上穿著不知何時換上的女僕裝，而有同樣遭遇的少女還有五人。「遊戲」開始了，我們必須逃出這個充滿殺人陷阱的洋樓「GHOST HOUSE」。涉入死亡遊戲的事實，使少女們面色凝重──除了我以外。我的玩家名稱是幽鬼，今年十七歲，死亡遊戲專家。也就是穿女僕裝逃離死亡之屋，穿兔女郎裝殺人，領獎金過活的人。覺得我有病？我也是這麼想。不過，世界上就是有這種人──靠死亡遊戲混飯吃的少女。,0,使用者明確要求推薦「將棋小說」，並強調對將棋對局、職業棋士文化以及女性棋士在逆境中奮鬥的描寫感興趣。而推薦的書籍是一部關於「死亡遊戲」和「大逃殺」的黑暗系小說，與將棋毫無關係，完全不符合使用者的核心需求。
q19,"如題 最近看的書越來越多 總覺得自己也越來越挑了 希望有人能推薦一些好書
以下條件：
1. 女主是（外表）蘿莉（可愛的少御也是可以啦）
2.有戀愛的元素（後宮可以 但拜託不要無腦倒貼）
3.希望是異世界（不一定要穿越）
4.有傲嬌或無口或吃貨之類的屬性更好
拜託各位了",040bb163-c44b-5d59-846f-e5de753c80c5,那個坐輪椅的櫃檯小姐 ～轉生ts無論遭遇多少不幸都會頑強生活下去～,鈴風奈緒子,66.2,連載,"異世界, 戀愛, 女性視角, 性轉, 蘿莉, 黑暗, 轉生, 奇幻, 冒險, 原生幻想, 華文輕小說",我轉生到這個世界有十五年。整整十五年的人生，除了不幸，什麼都沒有。我失去了雙親，失去了家庭，甚至失去了自己的雙腿。幸福好像離自己非常非常遙遠。我不知道自己什麼時候，才能活得好一些。但總有那麼一天，總有那麼一天。會能笑出來吧。,3,該書完全符合用戶的所有核心需求：女主具有蘿莉屬性、包含戀愛元素、背景為異世界且涉及轉生。雖然故事基調較為黑暗，但從屬性匹配度來看是非常高且精確的推薦。
q19,"如題 最近看的書越來越多 總覺得自己也越來越挑了 希望有人能推薦一些好書
以下條件：
1. 女主是（外表）蘿莉（可愛的少御也是可以啦）
2.有戀愛的元素（後宮可以 但拜託不要無腦倒貼）
3.希望是異世界（不一定要穿越）
4.有傲嬌或無口或吃貨之類的屬性更好
拜託各位了",a9ee6655-ab1f-5d15-b595-9fb84056c582,不親近任何人的跳級天才幼女，只對我撒嬌的理由,八神鏡,6.8,連載,"戀愛, 校園, 歡樂向, 青春, 蘿莉, GA文庫, 日本輕小說",「因為……是你啊」我的教室里有一個八歲的女孩。跳級的天才少女，外表像公主一樣惹人憐愛，但性格非常冷淡，不想和任何人發生關係。她能敞開心扉的，只有在同一所學校的姊姊……，但是有一天我給她點心，她變得非常親近我!?意外地怕寂寞的天才公主，只對我撒嬌。那份愛情沒有停止，為了成為我的義妹，打算讓我和學園裡有名的美少女姊姊結婚？這是因天才而孤獨的幼女與隨處可見的平凡少年之間的故事。,2,該書的女主角完全符合「蘿莉」設定，且包含戀愛元素，並具有「冷淡/無口」的屬性，在角色特徵上高度契合。但故事背景為現代校園，而非使用者要求的「異世界」，因此扣分。
q19,"如題 最近看的書越來越多 總覺得自己也越來越挑了 希望有人能推薦一些好書
以下條件：
1. 女主是（外表）蘿莉（可愛的少御也是可以啦）
2.有戀愛的元素（後宮可以 但拜託不要無腦倒貼）
3.希望是異世界（不一定要穿越）
4.有傲嬌或無口或吃貨之類的屬性更好
拜託各位了",c351bb12-fddb-5564-ade8-817e16f2e1bd,不能使用攻擊魔法的魔法師,絹野帽子,24.2,完結,"轉生, 奇幻, 魔法, 性轉, 其他文庫, 日本輕小說",這就是說，我持有著前世的記憶轉生了么？注意到這些的我（大杉健太郎：♂：大學生），在和自己最喜歡的網路遊戲極為相似的世界裡，變成了可愛的蘿莉！以少女之身在未知的異世界開始了第二次的人生，被夢寐以求的雙親與個性豐富的人們包圍著，可是使用的魔法里卻不包括殺傷魔法，連火球術都使不出來！？外表是小蘿莉，卻有著哲♂學的大腦，少女以新的身份邁進未知的世界！▲註：本書目前沒有文庫本翻譯，只有web版翻譯(寫作已完實則已坑)。,2,該書符合「異世界」設定且主角「外表為蘿莉」，滿足了部分核心需求。然而，主角為性轉（原為男性），且簡介中並未提及明確的「戀愛元素」，未能完全滿足使用者對感情線的要求。
q19,"如題 最近看的書越來越多 總覺得自己也越來越挑了 希望有人能推薦一些好書
以下條件：
1. 女主是（外表）蘿莉（可愛的少御也是可以啦）
2.有戀愛的元素（後宮可以 但拜託不要無腦倒貼）
3.希望是異世界（不一定要穿越）
4.有傲嬌或無口或吃貨之類的屬性更好
拜託各位了",a5b69bfc-6420-5a59-ab75-79a1e19eeae6,能力是遊戲玩家的我，雖然在異世界被關進了貴族的牢房，但靠著遊戲的能力自由地外出，結果成為了靈異事件,さらし,33.8,連載,"穿越, 異世界, 冒險, 異能, 歡樂向, 女性視角, 魔法, 蘿莉, 旅行, syosetu, Web輕小說",「初次見面（どーも），我，被變成幼女然後被扔到了異世界了」據說好像是和什麼超能量融合在了一起，變成像害獸一樣把次元之壁給破壞了。然後被丟進異世界沒多久，就被看起來超壞的豬貴族關進牢房了。「哦呀？居然還有飯吃，牢房生活還不賴嘛？不好意思～還有飯嗎？」還算舒適的囚犯生活。還有讓人頭疼的豬貴族。玩遊戲來開放能力！用著能力自由進出牢房後，不知不覺間開始了幽靈騷動。性格惡劣又小家子氣的幼女，將他人價值徹底榨乾利用殆盡，過著逍遙自在的生活！,2,推薦書籍符合「女主是蘿莉」以及「異世界」的設定，且從對牢房食物的在意來看，具有一定的吃貨屬性。然而，書籍介紹中完全未提及戀愛元素，未能滿足用戶要求的第二點核心條件。
q19,"如題 最近看的書越來越多 總覺得自己也越來越挑了 希望有人能推薦一些好書
以下條件：
1. 女主是（外表）蘿莉（可愛的少御也是可以啦）
2.有戀愛的元素（後宮可以 但拜託不要無腦倒貼）
3.希望是異世界（不一定要穿越）
4.有傲嬌或無口或吃貨之類的屬性更好
拜託各位了",805122ca-575f-57e0-aba5-593cb7e8ea5f,中國平梵谷中生轉移典到爆的異世界，同行者竟是日本美少女?!,蔚藍小珂,13.1,連載,"戀愛, 異世界, 奇幻, 冒險, 歡樂向, 龍傲天, 原生幻想, 華文輕小說",自古以來，轉移異世界多半都是日本人的特權可是「為什麼我在這裡啊！」面對被卡車創後到達的世界，十五歲的中國高中生公孫樞發出了靈魂質問非常『靠譜』的白毛幼女女神，可愛的龍娘，淘氣的的小惡魔，當然，高冷傲嬌的日本美少女公孫樞發現，這個世界居然如此的典？！？！然而本該平靜的異世界之旅實則暗藏殺機？且看來自中國的高中生應該如何化險為夷！,3,該書完全符合使用者的要求：設定在異世界，包含白毛幼女女神及龍娘（符合蘿莉/可愛少女設定），標記有戀愛元素，且文中明確提到有「高冷傲嬌」的屬性，與使用者需求高度匹配。
q19,"如題 最近看的書越來越多 總覺得自己也越來越挑了 希望有人能推薦一些好書
以下條件：
1. 女主是（外表）蘿莉（可愛的少御也是可以啦）
2.有戀愛的元素（後宮可以 但拜託不要無腦倒貼）
3.希望是異世界（不一定要穿越）
4.有傲嬌或無口或吃貨之類的屬性更好
拜託各位了",5b8f0f97-6671-53c5-8c39-8f4b38026e4c,在只有R18被允許的世界中生存的方法,バリ茶,6.8,完結,"轉生, 異世界, 校園, 戀愛, 歡樂向, syosetu, Web輕小說",我和摯友在一場交通事故中一同死去。隨後，一個惡魔提出了一個提議『 如果你們能在這場遊戲中倖存下來，我就讓你們復活。』當然，為了和摯友一起複活，我們決定參加遊戲——但遊戲的世界設定似乎有些不對勁。從天上掉下來的天使女孩。在無人的保健室里施展催眠術的合法蘿莉。被關在必須發生關係才能離開的房間里的女同學——喂，這分明是個R18的世界吧!?,3,該書完全符合使用者要求的核心條件：設定在異世界（轉生）、包含戀愛元素，且明確提到有「合法蘿莉」角色，與使用者的需求高度匹配。
q19,"如題 最近看的書越來越多 總覺得自己也越來越挑了 希望有人能推薦一些好書
以下條件：
1. 女主是（外表）蘿莉（可愛的少御也是可以啦）
2.有戀愛的元素（後宮可以 但拜託不要無腦倒貼）
3.希望是異世界（不一定要穿越）
4.有傲嬌或無口或吃貨之類的屬性更好
拜託各位了",96571575-4e80-55ba-b4c9-0b5c083971f5,蘿莉公主大人的建國日誌,箕崎准,9.2,連載,"校園, 歡樂向, 後宮, 青梅竹馬, 妹妹, 其他文庫, 日本輕小說",從觸礁的船上救出來的女孩子，竟然是獨立小國的公主！原本只是好心留她過夜的家，卻在不知不覺間被她認定為領土？！緊接著出現的「朋友」居然是皇女大人，而且房子還被某國總統的女兒攻擊……一連串的大騷動讓人暈頭轉向。雖然想以唯一的男性、以家長的身分來管理住下來的女孩子們，不過那些身分遠遠高於自己的雲端之人，當然不可能乖乖聽話。這是連鄰居也被捲入、天翻地覆的日常生活物語！,2,該書符合女主是蘿莉以及包含後宮元素的條件，但從標籤（校園、日常生活）和簡介來看，故事背景設定在現代社會而非使用者要求的「異世界」，因此在設定上不完全符合需求。
q19,"如題 最近看的書越來越多 總覺得自己也越來越挑了 希望有人能推薦一些好書
以下條件：
1. 女主是（外表）蘿莉（可愛的少御也是可以啦）
2.有戀愛的元素（後宮可以 但拜託不要無腦倒貼）
3.希望是異世界（不一定要穿越）
4.有傲嬌或無口或吃貨之類的屬性更好
拜託各位了",f81d8654-47cb-5b70-81c3-5a838b2de2e8,轉生成了註定死亡的惡役千金的哥哥，想要養育妹妹改變未來 ～世界最強雖然是我、但世界最可愛的一定是妹妹～,泉里侑希,33.9,連載,"異世界, 妹妹, 後宮, 龍傲天, 奇幻, 冒險, 轉生, 遊戲, 戰鬥, 戀愛, 魔法, 校園, 其他文庫, 日本輕小說",我——澤克斯有一個妹妹。她叫卡蘿萊茵，有著美麗的金髮紅眼，是個非常可愛的女孩。可以毫不誇張地說，她是世界上最可愛的女孩子，她的笑容絕對可以被稱為天使。雖然她是我疼愛得不得了的妹妹，但實際上她已經被命運註定要死去。 這個世界與前世的遊戲《東西勇聖記》這款戀愛遊戲相似，在遊戲中，卡蘿萊茵作為主角聖女的對手——反派大小姐登場。而且，無論在哪條路線中，她都會遭遇非命。最愛的妹妹要死？ 難道我應該接受這種不合理的未來嗎？不，絕對不行！因此，我決定對抗命運。 拋開遊戲劇情，我要好好地培養妹妹，用蠻力扭轉眾多的死亡flag。 相信在這之後，我和卡蘿萊茵會有一個光明的未來。這是一個為了保護妹妹而變得最強的我，和世界上最可愛的妹妹卡蘿萊茵的故事。※有與偽娘角色的戀愛描寫。※雖然關鍵詞中有乙女遊戲，但這方面的元素可能比較少。,3,該書滿足了用戶對「異世界」和「可愛女主（妹妹）」的要求，且標籤包含「戀愛」與「後宮」。雖然簡介未明確提到傲嬌或吃貨等屬性，但整體設定（保護可愛妹妹、異世界轉生）與用戶的核心需求高度契合。
q19,"如題 最近看的書越來越多 總覺得自己也越來越挑了 希望有人能推薦一些好書
以下條件：
1. 女主是（外表）蘿莉（可愛的少御也是可以啦）
2.有戀愛的元素（後宮可以 但拜託不要無腦倒貼）
3.希望是異世界（不一定要穿越）
4.有傲嬌或無口或吃貨之類的屬性更好
拜託各位了",186ddfc8-a934-5f4a-bc51-a0af888f95c6,在森林邊煮果醬,小鳩子鈴,18.8,完結,"異世界, 轉生, 戀愛, 歡樂向, 女性視角, syosetu, Web輕小說",休假中還被叫去工作的我遭遇了事故被召喚到了異世界。機會難得，就在這個有魔法和妖精的世界裡享受慢生活吧！不開口的話就是氣質型美女，思考方式相當直接（也沒有魔力）的三十歲女性一邊煮果醬、一邊和親切的人們來往，一邊談戀愛的故事。,1,雖然該書符合「異世界」與「戀愛」的設定，但女主被描述為「三十歲女性」且是「氣質型美女」，與使用者明確要求的「蘿莉」或「可愛少御」外表完全不符，未能滿足最核心的人設需求。
q19,"如題 最近看的書越來越多 總覺得自己也越來越挑了 希望有人能推薦一些好書
以下條件：
1. 女主是（外表）蘿莉（可愛的少御也是可以啦）
2.有戀愛的元素（後宮可以 但拜託不要無腦倒貼）
3.希望是異世界（不一定要穿越）
4.有傲嬌或無口或吃貨之類的屬性更好
拜託各位了",92319174-d36c-5c3f-bfc2-fa9720208b11,前勇者把蘿莉精靈村打造成後宮！,みかど鉄狼,8.4,完結,"蘿莉, 歡樂向, 其他文庫, 日本輕小說",從社畜轉生成打倒魔王的勇者的這三百年來，一～～～直持續著艱苦的戰鬥和修行。引退的勇者與三人相遇，終於在這個蘿莉精靈村實現了理想的慢生活。,3,該書高度符合用戶的所有核心需求：女主為蘿莉（蘿莉精靈）、包含後宮/戀愛元素、設定為異世界轉生。雖然簡介未明確提到傲嬌或吃貨等具體屬性，但整體主題與用戶的尋書意圖完全一致。
q19,"如題 最近看的書越來越多 總覺得自己也越來越挑了 希望有人能推薦一些好書
以下條件：
1. 女主是（外表）蘿莉（可愛的少御也是可以啦）
2.有戀愛的元素（後宮可以 但拜託不要無腦倒貼）
3.希望是異世界（不一定要穿越）
4.有傲嬌或無口或吃貨之類的屬性更好
拜託各位了",67cddafd-4dfa-51b1-a85e-e6c10c1a2b92,只是轉生無法填補心中的空缺,ニテーロン,42.8,連載,"轉生, 奇幻, 冒險, 龍傲天, 戀愛, 後宮, 電擊文庫, 日本輕小說",所以，填補「孤獨」的就是與你譜寫『戀愛』的故事。在人類的渴望（願望）能夠化為固有魔法的異世界中，操使固有魔法、守護人類免受邪神侵害的超越者〈Adept〉們，享有一切權利。轉生而來的少年·木之江經歷了漫長修行，終於得到了那項資格——只為了使用迷魂藥〈禁忌藥物〉。「……如果有迷魂藥的話，就算是我，也能成為某人心中的第一吧。」前世的創傷讓木之江無法相信他人，固有魔法也因此未能覺醒，哪怕轉生之後，依舊被孤獨折磨著。就在這時，向他伸出手的，是一位染患絕症的金髮少女——「我、我願意為木之江大人做任何事！」——這是一個不曾擁有渴望（願望）的白色孤獨，與黃金之愛邂逅的故事。,1,該書符合「異世界」與「戀愛」的基本設定，但女主的台詞（願意為男主做任何事）極其接近使用者明確要求避開的「無腦倒貼」。此外，書中未明確提及女主具有「蘿莉」外表或使用者希望的「傲嬌、無口、吃貨」等屬性，僅滿足部分基礎條件，但核心屬性匹配度低。
q19,"如題 最近看的書越來越多 總覺得自己也越來越挑了 希望有人能推薦一些好書
以下條件：
1. 女主是（外表）蘿莉（可愛的少御也是可以啦）
2.有戀愛的元素（後宮可以 但拜託不要無腦倒貼）
3.希望是異世界（不一定要穿越）
4.有傲嬌或無口或吃貨之類的屬性更好
拜託各位了",6136759e-23f5-5871-a310-88f17a7078a2,為償還父母債務而被賣到異世界的我，被吸血鬼大小姐買下來，成為了美少女女僕的食物,青野瀬樹斗,59.8,連載,"異世界, 戀愛, 歡樂向, 後宮, kakuyomu, Web輕小說",自從地球與異世界的交流開始以來已經過去了30年……一直過著貧窮生活的辻園伊鞘，在結束了兼職工作後回家的路上，突然被人綁架了。他對發生的事感到困惑，而綁匪向他解釋。──為了償還父母欠下的債務，他們出售了兒子的身體。在失望的深淵中，伊鞘被無情地擺上了黑市拍賣會的檯面，成為了一件拍賣品。而購買他的，是一位來自異世界的公爵小姐。成為主人的公爵小姐說，只要他完成一項特定的工作，她就會保證伊鞘的衣食住無憂。而那項工作的具體內容是——讓不喝血就活不下去，但關鍵的吸血技術卻很差的吸血鬼女僕──緋月櫻吸收血液。——讓擁有不符合種族特性的貞操觀念，性格開朗、輕浮的魅魔女僕──咲葉莉莉絲吸收精氣。也就是說，他成為了食物。除了這種荒謬的遭遇外，那兩位女僕竟然是伊鞘所在高中的同學，而且都是校園裡有名的美少女！為了生存，三人各自的食物生活即將拉開帷幕！！,3,該書完全符合使用者的核心需求：設定在異世界，包含戀愛與後宮元素，且女主角們被描述為高中美少女（符合使用者提到的「可愛少御」範疇）。雖然沒有明確標註傲嬌或無口屬性，但整體設定與使用者要求的基調高度一致。
q19,"如題 最近看的書越來越多 總覺得自己也越來越挑了 希望有人能推薦一些好書
以下條件：
1. 女主是（外表）蘿莉（可愛的少御也是可以啦）
2.有戀愛的元素（後宮可以 但拜託不要無腦倒貼）
3.希望是異世界（不一定要穿越）
4.有傲嬌或無口或吃貨之類的屬性更好
拜託各位了",2fff4ed5-a9ef-59bb-a241-3a4975112592,路人祭司發現這個世界是乙女遊戲而親手養育女主角,レオナールD,37.0,連載,"轉生, 異世界, 校園, 戀愛, 歡樂向, kakuyomu, Web輕小說",眼前出現了一位不幸的女主角。看來，這個世界是一個乙女遊戲，而我似乎是只在開場稍微登場一下沒有名字的路人祭司。雖然可以完成身為路人的任務，然後就這樣從遊戲中退出……等等，如果這樣下去，女主角可能會受到非常糟糕的對待。為了拯救這位可愛又善良卻身處不幸的女主角，只能由我來養育她了！,3,該書完全符合使用者的核心需求：設定為異世界（轉生）、包含戀愛元素，且劇情重點在於「養育」一名可愛的女主角，滿足了對外表蘿莉/少御的要求。
q19,"如題 最近看的書越來越多 總覺得自己也越來越挑了 希望有人能推薦一些好書
以下條件：
1. 女主是（外表）蘿莉（可愛的少御也是可以啦）
2.有戀愛的元素（後宮可以 但拜託不要無腦倒貼）
3.希望是異世界（不一定要穿越）
4.有傲嬌或無口或吃貨之類的屬性更好
拜託各位了",feb34836-55f7-5ecb-b1c0-178a0db24b05,你喜歡有點色色又變態的公主殿下嗎？,お魚1號,10.4,連載,"轉生, 歡樂向, 後宮, 偽娘, 人外, 其他文庫, 日本輕小說",帶著壓倒性的作弊級能力轉生到異世界，不過性癖稍微有些特殊的新魔王，為了打造出充滿美少女嬌喘聲與哀號聲的鬼畜後宮城，讓身為魔族公主的姬兒前往各地收集異世界的美少女……。「喔，這女的還真漂亮。──喂，這傢伙不是獸人嗎────！！！」收集而來的是公主殿下（其實是獸人）、妖精（不過神智不清）、女高中生（但是說話惡毒）、勇者（然而是偽娘）等等，儘是些有著獨自特色的女孩。不僅如此，對於新魔王芳心暗許的姬兒，更打算實行某個計畫……？純情公主（可惜是變態）與諸多女孩們所掀起的異世界喜劇，就此揭開序幕！,3,該書完全符合用戶要求的異世界設定與後宮元素，且角色屬性豐富（如毒舌、神智不清、偽娘等），符合用戶希望有特殊屬性的需求。雖然簡介未直接使用「蘿莉」一詞，但從日系輕小說的風格與角色構成（妖精、獸人公主）來看，極高機率符合用戶對女主外表的期待。
q19,"如題 最近看的書越來越多 總覺得自己也越來越挑了 希望有人能推薦一些好書
以下條件：
1. 女主是（外表）蘿莉（可愛的少御也是可以啦）
2.有戀愛的元素（後宮可以 但拜託不要無腦倒貼）
3.希望是異世界（不一定要穿越）
4.有傲嬌或無口或吃貨之類的屬性更好
拜託各位了",3d134c3c-a58b-5d26-87f3-cc03b193afbd,放學後，到異世界咖啡廳喝杯咖啡,風見雞,58.5,完結,"轉生, 美食, 戀愛, 人外, 富士見文庫, 日本輕小說",從『迷宮』可以生產出帶有魔法的道具和食物。有一家咖啡廳座落於以迷宮為中心而繁榮起來的迷宮都市外圍，而那裡是這個異世界裡唯一能喝到咖啡的地方。咖啡廳的老闆是從現代來到異世界的高中生・悠，今天也有許多精靈、矮人和冒險者受到咖啡的芳醇香氣吸引，而來到咖啡廳尋求美食，甚至連城市中的有力人士也成為不時光顧咖啡廳的「常客」。就讀於鄰近魔術學院的少女・莉娜里亞也是常客之一。雖然她還無法欣賞黑咖啡的美味，卻很喜歡悠這家咖啡廳的氣氛。不過，還有其他女孩子是她的情敵？由異世界咖啡廳獻上加了戀愛香料的美味故事。,3,該書完全符合用戶要求的異世界設定與戀愛元素，且標籤中明確包含「美食」，對應用戶希望的「吃貨」屬性。女主角為魔術學院的少女，符合用戶對「可愛少御」的接受範圍。整體契合度極高。
q19,"如題 最近看的書越來越多 總覺得自己也越來越挑了 希望有人能推薦一些好書
以下條件：
1. 女主是（外表）蘿莉（可愛的少御也是可以啦）
2.有戀愛的元素（後宮可以 但拜託不要無腦倒貼）
3.希望是異世界（不一定要穿越）
4.有傲嬌或無口或吃貨之類的屬性更好
拜託各位了",7375e352-d0db-5031-932c-29cbd01d98dd,大小姐，對不起，今天我又和別的女人發生了關係……,伊藤著,29.4,連載,"轉生, 異世界, 戀愛, NTR, 後宮, 歡樂向, kakuyomu, Web輕小說",在美醜貞操觀念顛倒的世界裡，我背著自己侍奉的大小姐與其他人發生了關係22歲的處男酒店服務員士門，有一天發現自己身處一個美醜貞操觀念顛倒的世界。在那裡，他開始侍奉一位在這個世界裡被認為是醜陋的精靈少女大小姐。「媽媽！我、我要這個孩子。」她黏糊糊地說。由於被大小姐「妮蔻」提出了色色的要求，兩人的關係卻逐漸加深。為了配合妮蔻入學，士門也作為隨從跟隨她。然而，沉迷於溫柔鄉的妮蔻成績一路下滑，她的母親甚至下令，如果成績再下降，就要把士門帶走。「士、士門怎麼辦。這種情況該怎麼辦……」「……請交給我吧，大小姐。我會想辦法的。」士門決定瞞著大小姐，用自己的身體來解決問題。,0,LLM judge failed: Empty response from LLM
q19,"如題 最近看的書越來越多 總覺得自己也越來越挑了 希望有人能推薦一些好書
以下條件：
1. 女主是（外表）蘿莉（可愛的少御也是可以啦）
2.有戀愛的元素（後宮可以 但拜託不要無腦倒貼）
3.希望是異世界（不一定要穿越）
4.有傲嬌或無口或吃貨之類的屬性更好
拜託各位了",722f8e27-8132-56de-87ed-c2931b672565,異世界和我，你喜歡哪個？,曉雪,18.7,完結,"校園, 歡樂向, 後宮, 戀愛, MF文庫J, 日本輕小說",NO異世界，NOLIFE。我——市宮翼是個渴望到異世界開後宮的高中生，某天在書店的輕小說區偶遇班上第一美少女鯰森結月，這才發現她原來和我一樣是個「異世界廚」。「市宮同學，你跑到異世界以後想做什麼？」「我想開後宮。」「你白痴啊。」這個嘛，雖然彼此願景方向有點不同……我們仍熱烈聊著自己對異世界的看法一起回家。想不到路上我被傳送到了進行異世界轉生手續的地方——難道我要美夢成真了？可是現實終究殘酷，我的「點數」不足以轉生，於是我又回到了現實世界，開始集點生活，然而……？由異世界廚為您呈獻，「說不定現實女性其實也沒那麼糟」繫戀愛喜劇放閃登場！,1,該書雖然標題含有「異世界」且有戀愛元素，但實際設定是校園戀愛喜劇，並非使用者要求的異世界背景（故事主軸是在現實世界中討論異世界）。且女主被描述為「班上第一美少女」，並非使用者要求的蘿莉或少御屬性。整體而言，僅在主題標籤上有表面關聯，未滿足核心需求。
q19,"如題 最近看的書越來越多 總覺得自己也越來越挑了 希望有人能推薦一些好書
以下條件：
1. 女主是（外表）蘿莉（可愛的少御也是可以啦）
2.有戀愛的元素（後宮可以 但拜託不要無腦倒貼）
3.希望是異世界（不一定要穿越）
4.有傲嬌或無口或吃貨之類的屬性更好
拜託各位了",effebbec-2a18-5f73-8e41-f228f34dd286,女神大人的再教育，佐以史萊姆 ～這次，要在異世界運營保育園了～,おゆゆ,141.2,完結,"轉生, 異世界, 奇幻, 美食, 魔法, 戀愛, syosetu, Web輕小說",我叫壽和也，三十二歲，單身。收入尚可，但也是個不折不扣的社畜。每天的生活幾乎就是公司和家兩點一線。是個偶爾在休息日靠著做一整天料理來勉強維持自我的平凡上班族。就在這樣的我面前，從女神大人那裡降臨了能轉生到異世界的大好機會。我當然欣然接受，並期望著夢寐以求的『Galgame一樣的世界』，被傳送了過去，結果……對方卻犯下了傳送失誤這種天大的紕漏。不僅如此，還被強加了女神大人的再教育……需要再教育才能上崗的女神大人到底是怎麼回事？而且不運營保育園就回不了原來的世界，這又是什麼鬼設定啊……。「和也～肚子餓了～！今天的飯是什麼呀～？啊，當然要大份的哦！」看來是女神大人在叫了……。「是是，請稍等一下。對了，今天預定會附上史萊姆料理作為甜點……吃得下嗎？」「太棒啦～！當然！大份再加甜點～！」……我印象中的女神大人都是崇高的形象，這位是不是有點太貪吃了。不，沒關係哦？反正我擅長料理，而且這個世界史萊姆可以食用，我也會嘗試各種烹飪方法的……。在異世界×料理×保育園的世界觀下，為您獻上一段充滿Galgame般戀愛要素與突發事件，有歡笑、有感動，明明有時限卻又悠閑無比的慢生活物語。故事，就此開幕～♪,3,該書完全符合用戶的需求：1. 設定在異世界（轉生）；2. 包含戀愛要素（Galgame風格）；3. 女神角色具有明確的「吃貨」屬性；4. 雖然簡介未直言蘿莉，但結合「保育園」設定與「再教育」標題，角色形象高度符合可愛/少御的傾向。
q19,"如題 最近看的書越來越多 總覺得自己也越來越挑了 希望有人能推薦一些好書
以下條件：
1. 女主是（外表）蘿莉（可愛的少御也是可以啦）
2.有戀愛的元素（後宮可以 但拜託不要無腦倒貼）
3.希望是異世界（不一定要穿越）
4.有傲嬌或無口或吃貨之類的屬性更好
拜託各位了",029a964e-fd9d-5db8-9c9c-a6599a9b9627,被驅逐出隊伍後，所以決定與犬耳獸人少女一起生活下去,木山楽斗,26.9,連載,"奇幻, 異世界, 百合, 戀愛, 溫馨, kakuyomu, Web輕小說",被驅逐之後，與最終重要之人相遇，共同度過幸福的日子。我的名字是，雅諾。是個極其普通的冒險者。某一天，我因為是罪人女兒這種理由而被趕出了隊伍。再加上，因為這個消息擴散開了，願意接納我的隊伍也沒有了。萬不得已，一個人接受委託的我，被強力的魔物襲擊了。在這樣千鈞一髮的時機救下我的是，犬獸人的柯娜菈。身為獸人的柯娜菈也和我一樣沒有容身之所。為了報恩我決定與柯娜菈一同行動。最開始警戒著我的柯娜菈，也在一起生活的日子裡，漸漸對我敞開心扉。就在這樣的日子中，雖然有些不坦率，但是內心纖細溫柔的柯娜菈，我被這樣的她吸引住了。,2,該書符合異世界、戀愛以及「不坦率」（傲嬌）的屬性要求，且女主角為犬耳獸人少女，符合可愛/少御的設定。雖然該作標記為百合（GL），若使用者預期的是男主視角則可能存在落差，但就屬性匹配度而言相當高。
q20,本人喜歡偏重人物心理描寫、人物互動和角色變化的作品，較偏執在人物塑造和刻劃上。劇情不要求設計得有多精妙，不影響觀感就好，就算是平鋪直述的也行。節奏快慢無妨，掌握恰當即可。本人對於自己的閱讀能力還算有信心，文字量稍微過多也沒差。大忌是拿膚淺粗俗爛造的刻板僵化人物作為行銷點。,00da7a7d-567f-599d-bbdf-0b438fc01ac5,六百六十元的實情,入間人間,15.8,完結,"青春, 群像, 輕文學, 電擊文庫, 日本輕小說",世上所存在的引力，絕對是抱著好玩的心態在配置城市裡人們的位置吧！「你會做豬排蓋飯嗎？」BBS上一則看似平淡的留言，牽引起五個不同的人生。當這些人生相互交集，彼此間將擦撞出怎麼樣的火花？同學、情人、父子、母女，在形形色色、各式各樣的關係中，一碗豬攤蓋飯，究竟能夠引發多少事件？擅長以獨特敘事風格描寫青春群像劇的入間人間，此次嘗試以日常生活為題材，描述一群因BBS上的一句話而相亘連結的人，彼此間的故事。跨越年齡的青春群像劇，就由一碗豬排蓋飯展開——,3,用戶明確表示偏好著重於人物心理描寫、互動與角色塑造的作品，且對劇情複雜度要求不高。推薦書籍為「群像劇」且標記為「輕文學」，核心在於描述五個不同人生在交集過程中的互動與火花，這與用戶追求的「人物驅動」而非「劇情驅動」的需求高度契合。
q20,本人喜歡偏重人物心理描寫、人物互動和角色變化的作品，較偏執在人物塑造和刻劃上。劇情不要求設計得有多精妙，不影響觀感就好，就算是平鋪直述的也行。節奏快慢無妨，掌握恰當即可。本人對於自己的閱讀能力還算有信心，文字量稍微過多也沒差。大忌是拿膚淺粗俗爛造的刻板僵化人物作為行銷點。,de3fbddf-740a-5b05-b3d0-49896d5106c5,心連·情結,庵田定夏,144.6,完結,"校園, 青春, 戀愛, 群像, 歡樂向, 性轉, Fami通文庫, 日本輕小說",在平穩崩潰時，五人之間的關係即將產生變化！八重樫太一、永瀨伊織、稻葉姬子、桐山唯、青木義文——隸屬於文研社的這五人，面臨了奇妙的現象。首先，青木跟唯在毫無前兆的狀況下，發生「人格交換」的情形。而且這個現象接連襲向所有社員，將他們拋進異常的日常。太一等人對這情況雖然感到困惑，卻也多少樂在其中。但是，心靈上的連鎖也讓他們隱藏的內心傷口浮上檯面……,3,使用者核心需求是深入的人物心理描寫、互動與角色變化。推薦書籍透過「人格交換」的設定，強迫角色面對彼此並揭露「隱藏的內心傷口」，這正是探索心理深處與推動角色成長的經典機制，與使用者的偏好高度契合。
q20,本人喜歡偏重人物心理描寫、人物互動和角色變化的作品，較偏執在人物塑造和刻劃上。劇情不要求設計得有多精妙，不影響觀感就好，就算是平鋪直述的也行。節奏快慢無妨，掌握恰當即可。本人對於自己的閱讀能力還算有信心，文字量稍微過多也沒差。大忌是拿膚淺粗俗爛造的刻板僵化人物作為行銷點。,53b095c9-4224-5e28-8c07-4a5441220324,剖開肚子只會流出血,住野夜,15.8,完結,"青春, 群像, 其他文庫, 日本輕小說",她覺得這個故事似乎給了她一些存在的權利——擁有朋友與戀人，在書店打工的高中女生．糸林茜寧，每天都過得充實而美好。但她同時也被「渴望被他人喜歡」、「不想被人討厭」的想法綁架，為了扮演最美好的自己而痛苦不已。直到她遇見了一本名為《少女進行曲》的書——書中的一切彷彿為她量身訂作，讓她稍稍從束縛中釋放。就在《少女進行曲》確認即將被改編成電影之後的某一天，茜寧在路上巧遇了一名與書中角色幾乎一模一樣的人，甚至，他們的名字都叫「愛」，這真的是巧合嗎……？各人向前邁進的步伐互相激蕩，極致的青春群像劇——,3,用戶的核心需求是深度的心理描寫、人物塑造與角色變化。推薦書籍描述主角在「渴望被喜歡」與「扮演完美自我」之間的心理掙扎，且定位為「群像劇」，強調角色間的互動與成長，高度符合用戶對人物刻劃的偏好，且不依賴於複雜的劇情設計。
q20,本人喜歡偏重人物心理描寫、人物互動和角色變化的作品，較偏執在人物塑造和刻劃上。劇情不要求設計得有多精妙，不影響觀感就好，就算是平鋪直述的也行。節奏快慢無妨，掌握恰當即可。本人對於自己的閱讀能力還算有信心，文字量稍微過多也沒差。大忌是拿膚淺粗俗爛造的刻板僵化人物作為行銷點。,c102ef4e-7688-5bdd-b563-e9638fc502ad,要聊聊戀話題嗎,三上康明,7.9,連載,"校園, 青春, 戀愛, 群像, 其他文庫, 日本輕小說",地方小城的冬天。高中生檜山滿在補習班裡，與三位素不相識的學生被分到了同一間教室——一場考試中的突然停電，將四人聯繫在了一起。一次微不足道、本應轉瞬即逝的偶然事件，卻讓他們由此相遇，彼此吸引。抬頭望去，雪花正從灰色的天空飄落……聖誕夜，神野若葉說道：「我一直覺得，只要相信，奇蹟或許就會發生……但若是不信，那麼即便奇蹟真的降臨，也只會被當作……偶然。僅有一次的、令人傷感的偶然。」十七歲的年紀，他們為未來而深深煩惱，也為戀愛而傾盡全力。這是一段充滿懷舊氣息的純愛故事。,2,用戶核心需求在於深度的心理描寫、角色互動與人物塑造，且反感刻板的人物設定。推薦書籍標記為「群像」劇，且簡介中提到角色對未來的煩惱以及彼此間的情感連結，符合用戶對人物互動與刻畫的偏好。雖然屬於青春戀愛類，但敘事基調偏向細膩而非快餐式套路，與用戶的需求方向一致，但由於簡介未明確強調「角色變化」的深度，故給予 2 分。
q20,本人喜歡偏重人物心理描寫、人物互動和角色變化的作品，較偏執在人物塑造和刻劃上。劇情不要求設計得有多精妙，不影響觀感就好，就算是平鋪直述的也行。節奏快慢無妨，掌握恰當即可。本人對於自己的閱讀能力還算有信心，文字量稍微過多也沒差。大忌是拿膚淺粗俗爛造的刻板僵化人物作為行銷點。,121add9a-1671-5da1-84db-4130bffac329,敗犬相簿,渺渺無人煙,44.3,完結,"戀愛, 校園, 青春, NTR, 群像, 衍生同人, 華文輕小說",傳奇救火隊長溫水和彥曾如是說：「……假如眼前梨花帶雨的少女因我而流淚，屆時我又會作何感想？」調皮的蝴蝶扇動了翅膀，石蕗高中文藝部，正醞釀著不可名狀的風暴。人際關係的高壓之下，溫水正無限接近沸騰？歡迎閱讀——敗犬系胃疼文學，《敗犬相簿》。,3,使用者明確要求著重於人物心理描寫、互動與塑造，且對劇情複雜度要求不高。推薦書籍標榜為「胃疼文學」並具有「群像」標籤，其核心在於處理人際關係的高壓與情感糾葛，這與使用者追求的心理刻劃與角色互動高度契合。
q20,本人喜歡偏重人物心理描寫、人物互動和角色變化的作品，較偏執在人物塑造和刻劃上。劇情不要求設計得有多精妙，不影響觀感就好，就算是平鋪直述的也行。節奏快慢無妨，掌握恰當即可。本人對於自己的閱讀能力還算有信心，文字量稍微過多也沒差。大忌是拿膚淺粗俗爛造的刻板僵化人物作為行銷點。,e13cb4db-d243-537f-b04f-130774dc6e6b,未聞花名,岡田麿里,11.7,完結,"奇幻, 青春, 戀愛, 群像, MF文庫J, 日本輕小說",我望著自己一個人的影子，掌心感受著芽芽的溫度，明明這般靠近，卻又如此遙遠……「超和平Busters」，這個以仁太為首，由六個兒時玩伴所組成的團體，在芽芽因為意外身亡後，逐漸分道揚鑣。如今他們已是高中生了，仁太拒絕上學，變成繭居族封閉在自己的世界裡；安鳴將自己打扮成辣妹，成天和同學鬼混；鶴子與雪集去讀升學高中，波波則住在以前的秘密基地，並以打工為生。就在夏天快要結束的某一天，原本應該早已過世的芽芽卻突然出現在仁太面前，因為她「可能有一個願望」，想要仁太幫她實現……,3,該作品的核心在於探討角色之間的愧疚、創傷與情感修復，非常強調人物的心理描寫、互動以及在故事過程中的心理成長與變化。其劇情結構相對簡單，著重於情感刻劃而非複雜的設計，完全符合使用者對「人物塑造」與「心理描寫」的高要求，且非膚淺的刻板角色。
q20,本人喜歡偏重人物心理描寫、人物互動和角色變化的作品，較偏執在人物塑造和刻劃上。劇情不要求設計得有多精妙，不影響觀感就好，就算是平鋪直述的也行。節奏快慢無妨，掌握恰當即可。本人對於自己的閱讀能力還算有信心，文字量稍微過多也沒差。大忌是拿膚淺粗俗爛造的刻板僵化人物作為行銷點。,60ef3561-6cd2-5a82-be44-87294bcbbab0,一切終將遠去,山本文緒,9.1,完結,"青春, 其他文庫, 日本輕小說",長大成人的同時，也逐漸萌生時光飛逝之感，所有事物都超乎想像地快速流逝，持續從雙手溢出失落。在此之際，我們是否也正一點一滴地失去什麼重要的人事物呢?例如戀情、信賴、或是友情……就這樣，到頭來最後剩下的就只有自己。超越喪失之後，人們與孑然一身的真實自己相遇。獨一無二的說故事高手，為您獻上可悲卻可愛的自我探索故事。轉自輕之國度,3,使用者明確要求著重於人物心理描寫、角色變化與深度的自我刻劃，而推薦書籍的簡介強調「自我探索」以及在經歷喪失後與「真實自己」相遇，其核心主題高度符合使用者對心理層面探索與角色成長的需求。
q20,本人喜歡偏重人物心理描寫、人物互動和角色變化的作品，較偏執在人物塑造和刻劃上。劇情不要求設計得有多精妙，不影響觀感就好，就算是平鋪直述的也行。節奏快慢無妨，掌握恰當即可。本人對於自己的閱讀能力還算有信心，文字量稍微過多也沒差。大忌是拿膚淺粗俗爛造的刻板僵化人物作為行銷點。,f44b023c-320e-586a-aafd-3bde25d02985,二號的我與第一的她 後日譚 ～某青春群像劇－Quintet～,和尚,7.7,連載,"校園, 青春, 戀愛, 歡樂向, kakuyomu, Web輕小說",這是一部描繪同一所高中里的男女生及其周圍人物青春日常的群像劇。它既展現了一段甜蜜的戀情，也揭示了一場身份差異之戀的掙扎。既是純真的單相思，也面臨著與往昔戀情的對峙。時而，它是一個對戀愛尚未了解的故事，時而，又是一個從最惡劣情況中重新開始的旅程。多條戀情交錯編織，共同構成了這個物語。,3,使用者明確要求著重於人物心理描寫、互動與角色變化的作品。推薦書籍為「群像劇」，其簡介中提到「身份差異之戀的掙扎」、「與往昔戀情的對峙」以及「從惡劣情況中重新開始」，這些元素高度符合使用者對角色刻劃、心理掙扎與角色成長的需求，且群像劇的形式天然地側重於人物之間的互動。
q20,本人喜歡偏重人物心理描寫、人物互動和角色變化的作品，較偏執在人物塑造和刻劃上。劇情不要求設計得有多精妙，不影響觀感就好，就算是平鋪直述的也行。節奏快慢無妨，掌握恰當即可。本人對於自己的閱讀能力還算有信心，文字量稍微過多也沒差。大忌是拿膚淺粗俗爛造的刻板僵化人物作為行銷點。,89ba9bc7-f6ad-599e-992a-5942d16ac4bf,輕小說社,平坂読,24.4,完結,"校園, 青春, 歡樂向, 後宮, 青梅竹馬, MF文庫J, 日本輕小說",物部文香是個非常非常普通的高一女生。進了高中一個星期，還是過著跟以往一樣毫無特色、超普通的每一天。有一天，她不經意地發現到自己已經成了輕小說社團，通稱『輕小說社』的一份子……！不過，倒也沒發生什麼特別的事，每天看看輕小說，跟有點奇怪的朋友慢慢培養感情，跟不太一樣的學姐來往，過著有點快樂又好像也沒那麼快樂的每一天。這樣的每一天，像是到處都有可能發生，但也許根本也沒有地方發生過的新感覺輕小說揭開序幕咯！,1,用戶明確要求深層的人物心理描寫、角色變化與細膩的刻劃，且強烈排斥刻板僵化的人物設定。而推薦的書籍標記為「後宮」、「歡樂向」等典型輕小說屬性，簡介描述的則是輕鬆的校園日常，缺乏對心理深度或角色成長的提及，極有可能包含用戶所厭惡的刻板角色特徵，與用戶的核心需求不符。
q20,本人喜歡偏重人物心理描寫、人物互動和角色變化的作品，較偏執在人物塑造和刻劃上。劇情不要求設計得有多精妙，不影響觀感就好，就算是平鋪直述的也行。節奏快慢無妨，掌握恰當即可。本人對於自己的閱讀能力還算有信心，文字量稍微過多也沒差。大忌是拿膚淺粗俗爛造的刻板僵化人物作為行銷點。,1764643a-3ab1-5004-a1c8-37f8f296938d,我始終難忘，你淚中那灼眼的餘暉,曙華,15.7,連載,"校園, 青春, 戀愛, 青春日常, 華文輕小說",孤僻的高中生幽，生活平靜而單調，直到神秘小女孩海的出現打破了他的寧靜。與此同時，他在學校遇到了才華橫溢的鋼琴女孩月。在音樂的旋律中，幽被月逐漸吸引，卻也因自卑和恐懼而不斷徘徊。當友情與愛情的界限變得模糊，他們將如何面對內心的掙扎與成長？這是一個關於羈絆與青春的故事。,3,使用者明確要求偏重人物心理描寫、角色變化與深度刻劃。該書簡介中提到主角的「孤僻」、「自卑與恐懼」、「內心掙扎與成長」，顯示其核心在於探討角色的心理狀態與心路歷程，與使用者的需求高度匹配。
q20,本人喜歡偏重人物心理描寫、人物互動和角色變化的作品，較偏執在人物塑造和刻劃上。劇情不要求設計得有多精妙，不影響觀感就好，就算是平鋪直述的也行。節奏快慢無妨，掌握恰當即可。本人對於自己的閱讀能力還算有信心，文字量稍微過多也沒差。大忌是拿膚淺粗俗爛造的刻板僵化人物作為行銷點。,a92861eb-77e0-5d1b-aa19-f955d2d6560b,只有我們無法相擁的那個冬天,座下侍從,9.7,連載,"青春, 戀愛, 推理, 輕文學, 青梅竹馬, JK, 群像, 青春日常, 華文輕小說",【橫跨三代人的故事，以及那消融於冬日的幽靈之戀】我很小的時候，在學校後山認識了一個幽靈。她穿著高中部十年前的老款校服，眼睛比活人更加明亮，宛如世上最美麗的琥珀。初中結束的那個冬天，我們最後一次相擁道別，卻如同迎頭相遇的河流般穿過了彼此。三月最後一場雪漫天灑落，我終究是踏上了前往城市的路，她則繼續等待著下一個能看見她的人。兩年後的暑假，我匆匆回到鄉下小鎮，奔向印象中她駐足的所在，卻再也沒能找到她的蹤跡。她曾經寄居的老舊木屋已經變成了旅遊區里的售票廳，我們親手種下的向日葵也已枯萎凋零。斷斷續續十年又十年的尋找，背上難以忍受的工作壓力，在彷徨中成家立室的負罪感，我終於瀕臨崩潰。在醫院的精神科里，大夫告訴我，那一切都只是我孤獨童年裡的幻想。她只存在於我的眼中，而這個世界上從沒有過她的痕迹。於是我辭去工作，開始傾盡全力尋找幽靈的旅途。夜裡寂寥無人的居酒屋，東京最偏僻的遺棄校址，我彷彿無數次看到了她望向遠方的身影。她的名字是戶田山晴羽，是不存在於世上的幽靈。在生命結束前，我是否能再一次握住你的雙手？,3,使用者強調對人物心理描寫、角色塑造與變化的偏好，而推薦書籍的簡介展現了強烈的情感基調，涉及孤獨、負罪感、精神崩潰及跨越數十年的尋找過程，顯示該作偏重於內心世界的刻劃而非單純的劇情推進。且標記為「輕文學」與「群像」，通常較注重氛圍與人物互動，符合使用者對非膚淺、非刻板人物的需求。
q20,本人喜歡偏重人物心理描寫、人物互動和角色變化的作品，較偏執在人物塑造和刻劃上。劇情不要求設計得有多精妙，不影響觀感就好，就算是平鋪直述的也行。節奏快慢無妨，掌握恰當即可。本人對於自己的閱讀能力還算有信心，文字量稍微過多也沒差。大忌是拿膚淺粗俗爛造的刻板僵化人物作為行銷點。,f0d62d88-999e-5146-a676-58ceaa57538f,言葉之庭,新海誠,14.0,完結,"輕文學, 青春, 戀愛, 群像, 其他文庫, 日本輕小說",在「愛」來臨之前，人們懷抱著「孤悲」，因孤獨而渴求著某人的深層感情。15歲的高中生孝雄，每當雨天，便會翹課到日式庭園的涼亭中，繪製鞋子的素描。某天，出現了獨自一人喝著罐裝啤酒、吃著巧克力的27歲謎樣女性雪野，此後，即便沒有特別約定，兩人卻總是在下著雨的涼亭一再重逢。日復一日，於是，跨越年齡的情懷就此展開。「對她而言，15歲的我只不過是個孩子。」「27歲的我，絲毫不比15歲時的我聰明。」為了失去人生前進方向的雪野，孝雄決心打造出一雙能陪伴她走得更遠的鞋。然而，梅雨季節像是無視於兩人的心意般，正悄悄邁入尾聲……沒有約定的邂逅，只在下著雨的日式庭院。《星之聲》《秒速5公分》《追逐繁星的孩子》導演新海誠最具代表的青春戀愛物語。,3,使用者明確要求注重人物心理描寫、互動與角色刻劃，且對劇情複雜度要求不高。該書《言葉之庭》屬於輕文學，重心在於兩位主角在孤獨中的心理共鳴與情感發展，情節簡單平實，極其符合使用者追求「人物塑造」而非「精妙劇情」的核心需求，且風格文雅，避開了使用者厭惡的粗俗刻板形象。
q20,本人喜歡偏重人物心理描寫、人物互動和角色變化的作品，較偏執在人物塑造和刻劃上。劇情不要求設計得有多精妙，不影響觀感就好，就算是平鋪直述的也行。節奏快慢無妨，掌握恰當即可。本人對於自己的閱讀能力還算有信心，文字量稍微過多也沒差。大忌是拿膚淺粗俗爛造的刻板僵化人物作為行銷點。,dc63a7bb-980f-5de8-bbf0-51ef119d8b86,東京都同情塔,九段理江,6.4,完結,"科幻, 群像, 日本文學, 其他文庫, 日本輕小說",這個盛夏，三十七歲的女建築師牧名沙羅將自己關在飯店一周，構思新宿御苑監獄建案「東京都同情塔」的競圖。沙羅擁有令人稱羨的名氣與事業，卻對於充斥著寬容理念、並且全面被人工智慧滲透的社會感到格格不入，時常在工作與信念的衝突中痛苦掙扎。二十二歲的俊美青年東上拓人，在打工的高級名牌服飾店內被一名中年女建築師搭訕後，兩人開啟了一段看似戀人、又像「媽媽活」的曖昧情誼。拓人感覺自己彷彿在追逐當年咒罵父親是垃圾的母親身影，從此臣服在戀人一手打造的高塔意志之下。,3,使用者明確要求著重於人物心理描寫、互動與角色塑造，且不介意文字量較多，反感膚淺的人物刻板印象。推薦書籍《東京都同情塔》的簡介顯示其聚焦於角色內心的痛苦掙扎、複雜的情感牽絆（如母子情結的投射）以及對社會體制的格格不入，具有強烈的心理探索與角色驅動特質，高度符合使用者的核心需求。
q20,本人喜歡偏重人物心理描寫、人物互動和角色變化的作品，較偏執在人物塑造和刻劃上。劇情不要求設計得有多精妙，不影響觀感就好，就算是平鋪直述的也行。節奏快慢無妨，掌握恰當即可。本人對於自己的閱讀能力還算有信心，文字量稍微過多也沒差。大忌是拿膚淺粗俗爛造的刻板僵化人物作為行銷點。,674d841d-58db-5458-9d9f-fb407b05c663,上海燈蛾,上田早夕里,21.8,完結,"黑暗, 犯罪, 群像, 日本文學, 其他文庫, 日本輕小說",1934年，上海。這片以「魔都」之名標榜著極致繁榮與墮落的土地，吸引著懷揣成功夢的日本青年吾鄉次郎渡海而來。他從一位自稱原田雪繪的神秘女子手中，接下了極為上等的鴉片與罌粟種子。次郎通過她，與掌控上海的青幫成員楊直搭上了線。以此為契機，他一步步深陷於光怪陸離的里社會。前方等待他的，究竟是榮光，還是毀滅？在軍靴聲響徹不絕的大陸，一群男人如撲火燈蛾，狂熱追逐著鴉片貿易所帶來的巨額財富與所謂帝國的榮耀，直至焚身殆盡。這便是他們的故事。,3,用戶核心需求在於深度的人物塑造、心理描寫與角色變化，而該書標記為「群像」且具有「日本文學」風格，背景設定在充滿矛盾的舊上海，描述人物在欲望中追逐與毀滅的過程，極具心理挖掘空間。其文學基調與對人性墮落的探討，符合用戶對高品質人物刻劃的追求，且遠離膚淺的刻板印象。
q20,本人喜歡偏重人物心理描寫、人物互動和角色變化的作品，較偏執在人物塑造和刻劃上。劇情不要求設計得有多精妙，不影響觀感就好，就算是平鋪直述的也行。節奏快慢無妨，掌握恰當即可。本人對於自己的閱讀能力還算有信心，文字量稍微過多也沒差。大忌是拿膚淺粗俗爛造的刻板僵化人物作為行銷點。,b7b3aebf-6033-59cb-b813-6a68c14fbafd,黑盒城市,砂川文次,6.4,完結,"科幻, 群像, 日本文學, 其他文庫, 日本輕小說",一直以來我都想去遠方，即使到現在仍懷有那份渴望……人生就是不斷逃亡。至少對單車快遞員佐久間亮介來說是如此。從老家逃到大學，從自衛隊到房屋仲介，上班又辭職，辭職又上班，後來當起了單車快遞員，每天都在東京的街道上奔馳。他日夜待命，騎自行車載著指定的貨物穿梭在大樓與電線杆之間，沒有人比他更熟悉這座城市的紋理與律動。有時他會在這座大疫之城輕鬆慢騎，想像著那些口罩下的陌生臉龐，還有人生毫無目標、彷彿朝末路疾馳而去的自己。對未來感到無比茫然……他日復一日踩著踏板前進，漫無目的，就像在繞著一個巨大的圈子。他想就這樣離開，卻一步也沒離開。為了逃避每天賣力奔走，卻遲早還是得面對這個不中用的自己。直到那場意外發生，他內心彷彿有什麼驟然斷裂……他渴望的世界，似乎就在這座黑盒城市的另一頭，然而他卻怎麼也觸碰不到,3,用戶的核心需求是深度的心理描寫、角色塑造與人物變化，且不追求複雜的劇情。該書簡介高度聚焦於主角內心的迷茫、逃避心理以及對自我的反思，展現出強烈的心理刻劃傾向而非單純的劇情驅動。加上「群像」標籤，預計會有較豐富的人物互動與角色塑造，與用戶的偏好高度契合。
q20,本人喜歡偏重人物心理描寫、人物互動和角色變化的作品，較偏執在人物塑造和刻劃上。劇情不要求設計得有多精妙，不影響觀感就好，就算是平鋪直述的也行。節奏快慢無妨，掌握恰當即可。本人對於自己的閱讀能力還算有信心，文字量稍微過多也沒差。大忌是拿膚淺粗俗爛造的刻板僵化人物作為行銷點。,dae28e26-fad1-5872-b661-b6eca2c98a86,六號月台迎來春天，而你將在今天離去。,大澤めぐみ,13.6,完結,"校園, 青春, 戀愛, 群像, 角川文庫, 日本輕小說",找不到自己想做的事，茫然憧憬著都會生活的優生香衣、身為足球社王牌球員，「理應是」香衣男朋友的隆生、對香衣一見鍾情，學校里唯一的不良少年的龍輝、為了掩飾某個秘密，扮演著香衣摯友的芹香。四人對彼此懷有自卑感、憧憬、情愫和悔恨。在那個車站，心意互相交錯，但人生中僅有一次的高中時光仍持續流逝。「為什麼非要等到一切都太遲的時候，才能說出最重要的那句話呢？」這是個錯過彼此，關於別離的故事。,3,用戶核心需求是人物心理描寫、互動與塑造。該書為「群像」劇，簡介明確提到角色之間自卑、憧憬、情愫與悔恨等複雜心理，以及心意交錯的過程，高度契合用戶對人物刻劃與心理描寫的偏好，且劇情風格傾向於情感驅動而非複雜設計。
q20,本人喜歡偏重人物心理描寫、人物互動和角色變化的作品，較偏執在人物塑造和刻劃上。劇情不要求設計得有多精妙，不影響觀感就好，就算是平鋪直述的也行。節奏快慢無妨，掌握恰當即可。本人對於自己的閱讀能力還算有信心，文字量稍微過多也沒差。大忌是拿膚淺粗俗爛造的刻板僵化人物作為行銷點。,162d150b-0b1f-57f0-8bdf-891801220b37,於夏月之海輕語的咒文,雨宮諒,9.5,完結,"青春, 群像, 電擊文庫, 日本輕小說",修一是在一座名為夢久島的島嶼上居住的高中二年級學生。儘管很清楚自己無法融入學校生活，但還是戴上「能樂面具」故作「平凡」地和朋友一起生活著。在暑假開始的一天，修一在海港邂逅一名不忌憚於他人目光哭泣著眺望著大海的女性。在夢久島，存在著「在海邊誦念『咒文』的話，就可以被帶領去真正屬於自己容身之所」這樣的傳聞。為了確認這個傳聞，她來到這座島上。通過與她的邂逅，修一戴著「能樂面具」的日常生活開始發生變化。然後——。圍繞「咒文」的４個人物編織而成的勵志短篇系列故事。,3,用戶的核心需求是人物心理描寫、角色互動與成長，且不追求複雜劇情。推薦書籍描述主角戴著「能樂面具」故作平凡，探討個體無法融入集體、尋找容身之所的心理狀態，且屬於群像劇，著重於人物間的邂逅與改變，高度符合用戶對「人物塑造」與「心理刻劃」的偏好。
q21,"最近剛看完三角距離無限為零
雖然胃在痛不過還是很喜歡三角戀這個要素
有人可以推薦一下類似的作品嗎?
當然不一定要三角戀 更多也行 只是想看這種描述男女主如何在戀愛中痛苦掙扎的小說
有糖更好 因為之後胃會更痛",6ccd2b9a-9429-5373-8b36-c2a154d6bf0d,這個△戀愛喜劇有獲得幸福的義務,榛名千紘,33.0,連載,"校園, 青春, 戀愛, 歡樂向, 後宮, 電擊文庫, 日本輕小說",「為什麼你會被麗良喜歡上啊！？」平凡的高中生·矢代天馬偶然得知同班的冷酷系美少女·皇凜華十分溺愛身為她兒時玩伴的清純系美少女·椿木麗良。之後天馬開始幫助凜華讓她和麗良的關係更加親密——「既然矢代君沒有在和凜華交往，那我能不能當你的女友候補呢？」「矢代，你做了什麼！？」然而麗良喜歡上了天馬，他和校內的兩位美少女發展成了三角關係！錯綜複雜的這段戀情究竟會如何……！？電擊小說大獎「金獎」獲獎作！戀愛喜劇史上最幸福的三角關係開始了！,1,雖然該書符合使用者提到的「三角戀」要素，但使用者明確要求的是能描述男女主在戀愛中「痛苦掙扎」且會導致「胃痛」的虐戀作品。而推薦的作品標記為「歡樂向」且自稱為「最幸福的三角關係」，在情感基調上與使用者的核心需求完全相反。
q21,"最近剛看完三角距離無限為零
雖然胃在痛不過還是很喜歡三角戀這個要素
有人可以推薦一下類似的作品嗎?
當然不一定要三角戀 更多也行 只是想看這種描述男女主如何在戀愛中痛苦掙扎的小說
有糖更好 因為之後胃會更痛",f1ac3c71-e8c1-56a6-a22a-d8cc7b526bdd,雙生戀情密不可分,高村資本,62.7,連載,"校園, 青春, 戀愛, 後宮, 歡樂向, 青梅竹馬, 電擊文庫, 日本輕小說",在我六歲時，我們家搬到了神宮寺家隔壁。自那之後一直到高一的現在，兩家雙親相處融洽，我和他們家的雙胞胎姊妹也是宛如家人般一起長大的摯友。有著中性的外貌，內心卻十分少女的姊姊──琉實；外表可愛、本性地雷的次文化宅妹妹──那織；以及被性格呈現對比的兩姊妹夾在中間，對此也不覺厭惡的我──白崎純。雖然內心懷抱著不知何時萌芽的戀慕，卻也沒有確定關係，三人持續來往──「要不要和我交往看看？就當作試用期如何？」──琉實說出的這句話，將我們導向了微妙的三角關係。雙胞胎的錯綜複雜初戀愛情喜劇，開幕！,1,使用者明確表達想看描述戀愛中「痛苦掙扎」與「胃痛感」的作品，而推薦的作品雖然包含「三角戀」要素，但標籤為「歡樂向」且定位為「愛情喜劇」，其輕鬆的基調與使用者追求的虐心氛圍完全相反。
q21,"最近剛看完三角距離無限為零
雖然胃在痛不過還是很喜歡三角戀這個要素
有人可以推薦一下類似的作品嗎?
當然不一定要三角戀 更多也行 只是想看這種描述男女主如何在戀愛中痛苦掙扎的小說
有糖更好 因為之後胃會更痛",c06cabf8-42a6-5685-b1a7-06109529241a,我和她和她和她的不健全關係,최지인,82.8,完結,"懸疑, 戀愛, 後宮, 歡樂向, seednovel, 韓國輕小說",我愛學習，想要整天以學習度日。女友？會妨礙學習所以不需要。就這樣我平生只顧著學習，卻在交通事故中失去了記憶。之後我的面前出現了同級生柳瑜惟、打工後輩韓佳蓮、妹妹安妍憘。「我、我是你的女友！不只是接、接吻，之後的事也做了！」「我和前輩已經訂婚了。反正都要結婚了，該做的早都做了。」「我和哥哥沒有血緣關係。我們早就跨越那條線了。」學習狂的我有三位戀人？！我明明不可能和女人談戀愛，卻腳踏三條船！？為了證明自己才是正牌女友，她們對我展開沒完沒了的愛情攻勢。於是我一邊抵擋一邊揭開真相。愛與謊言的修羅場，懸疑後宮戀愛喜劇，閃電出刊！,1,使用者明確要求尋找描述男女主在戀愛中「痛苦掙扎」且會導致「胃痛」的虐心作品。雖然推薦書籍包含多角關係（後宮）與修羅場設定，但其標籤為「歡樂向」且自稱為「戀愛喜劇」，與使用者追求的虐戀基調完全相反，僅在多角關係這一點上有表面重疊。
q21,"最近剛看完三角距離無限為零
雖然胃在痛不過還是很喜歡三角戀這個要素
有人可以推薦一下類似的作品嗎?
當然不一定要三角戀 更多也行 只是想看這種描述男女主如何在戀愛中痛苦掙扎的小說
有糖更好 因為之後胃會更痛",255b1b2a-a923-5199-ac76-20757270f55d,因為是我先喜歡上的,佐野しなの,21.0,連載,"校園, 青春, 戀愛, 青梅竹馬, 後宮, GA文庫, 日本輕小說",無法避免胃疼的青春泥沼的三角關係開幕。真的連胃都疼的要死。青春×泥沼×三角關係。戀愛也好，青春也好，都沒有正確答案。如果被自己喜歡的人介紹喜歡自己的人，該怎麼辦——？錯誤百出的青春焦灼泥沼三角關係，開幕。被前女友介紹了一個女孩子。讓我大受打擊。因為我在心中仍然被前女友的小麥所吸引。但是，介紹給我的小麥的好朋友鳩尾同學非常地可愛，是個像天使一樣的好孩子，我很難拒絕掉這樣的她鼓起勇氣向我的告白，儘管有著沒有忘記掉小麥的罪惡感，但在交往的過程中總有一天會喜歡上鳩尾同學。我是這麼想的。————明明不該是這樣的。「為了我，變成人渣吧。」沒有什麼正確答案。但是我們無可挽救地做錯了些什麼———愛情和友情，還有謊言。純粹而認真，正因如此才無法挽回，停滯的三角關係要開始流動了。,3,推薦書籍明確提到「胃疼」的三角關係與泥沼般的戀愛掙扎，且情節涉及前女友、現任與罪惡感的糾葛，完全符合用戶尋找「三角戀」以及「在戀愛中痛苦掙扎」的核心需求。
q21,"最近剛看完三角距離無限為零
雖然胃在痛不過還是很喜歡三角戀這個要素
有人可以推薦一下類似的作品嗎?
當然不一定要三角戀 更多也行 只是想看這種描述男女主如何在戀愛中痛苦掙扎的小說
有糖更好 因為之後胃會更痛",dd5b50b8-22e0-5890-a5c4-ba01b5811a6e,修羅場戀人,岸杯也,115.1,完結,"校園, 戀愛, 歡樂向, 後宮, 青梅竹馬, MF文庫J, 日本輕小說",八本木一大是個極為普通的高中生，同時也是個老好人，卻從來沒交過女朋友。某天，桃花運終於降臨到他身上，同班同學、打工同事和兒時玩伴同時向他告白。然而，事情卻沒這麼單純。這三個女孩為了各自的目的，要一大假扮男朋友，逼他走上腳踏三條船的命運。更恐怖的是，其中兩個人的約會都約在同一天！而且剩下的那條船（？）居然還願意幫他度過這場危機？在三個女人間疲於奔命的一大，將會迎接什麼樣的結局？,1,用戶尋找的是像《三角距離無限為零》那樣具有情感掙扎、虐心且會讓人「胃痛」的作品。雖然推薦的《修羅場戀人》包含多角關係，但其性質屬於「歡樂向」的校園後宮喜劇，側重於鬧劇與搞笑，缺乏用戶要求的深層情感痛苦與掙扎，僅在多角戀這一形式上有淺層關聯。
q21,"最近剛看完三角距離無限為零
雖然胃在痛不過還是很喜歡三角戀這個要素
有人可以推薦一下類似的作品嗎?
當然不一定要三角戀 更多也行 只是想看這種描述男女主如何在戀愛中痛苦掙扎的小說
有糖更好 因為之後胃會更痛",2505b8dd-670c-5fe0-8cd0-6b94797b319a,從被甩開始的戀愛喜劇,金木犀,7.2,連載,"校園, 青春, 戀愛, 歡樂向, 後宮, 富士見文庫, 日本輕小說",分手，變為一人，然後，與她們相遇。田崎春人勉強自己，演繹成陽角，偽裝起自己，作為這樣做的結果，他被女朋友甩了。這也是沒辦法的事。從今往後就不要勉強，以原本的陰暗性格安靜生活吧。但，回歸普通人的結果——他收到了來自一本正經的委員長，桐谷的告白。春人對理應連接點都沒有的她的話語感到困惑。桐谷爽快說道「先從朋友做起」，春人便和她結成了不可思議的交友關係。除此之外，他還和在圖書館的文學少女林，爽朗系辣妹高坂擁有了關係。因為不再偽裝自己這件事，他的周圍反而變得喧鬧起來。從略帶苦澀的青春開始的，令人焦躁又甜蜜的戀愛喜劇。,1,使用者明確表示想看「胃痛」、「在戀愛中痛苦掙扎」的作品，而推薦的書籍標籤為「歡樂向」、「戀愛喜劇」，且屬於「後宮」設定，整體基調與使用者追求的沉重情感糾葛截然相反，僅在「多角關係」這一點上有微弱關聯。
q21,"最近剛看完三角距離無限為零
雖然胃在痛不過還是很喜歡三角戀這個要素
有人可以推薦一下類似的作品嗎?
當然不一定要三角戀 更多也行 只是想看這種描述男女主如何在戀愛中痛苦掙扎的小說
有糖更好 因為之後胃會更痛",a1b7a32e-72ce-5d48-91ee-814815e0ea08,愛人錯過,douyueling,12.9,連載,"NTR, 戀愛, 青梅竹馬, 復仇, 歡樂向, 校園, 青春日常, 華文輕小說",我從來不知道她臉上還會有那樣的表情。【凡】是我的青梅竹馬，我們從小一起長大，還成為了戀人，同時我們還有一個共同的朋友【京】。我們三個人總是在一起行動。但在毫無預兆的時候，凡卻說喜歡上了京。那時她臉上洋溢著我從來沒見過的熱情表情。我被正式提出分手，這並不是出軌，只是她變心了。不，或許她從來都沒有愛上過我吧？我只是在她找到真愛前的過渡罷了。「我們並沒有在對的時間相遇呢。」她很成熟，總是站在教導我的立場，就算是在甩了我的時候，也沒有一絲慌亂，而是好整以暇地告知我理由，而被打上不合格烙印的我，卻不能就此甘心。我想要報復她，那個我從小到大都沒有贏過的她。這不是愛，只是執念罷了。,3,使用者明確表示喜歡「三角戀」以及「在戀愛中痛苦掙扎」的胃痛感。推薦的作品描述了青梅竹馬在三人好友關係中變心、分手以及主角因此產生的執念與報復心，完全符合使用者對情感掙扎與三角關係的需求。
q21,"最近剛看完三角距離無限為零
雖然胃在痛不過還是很喜歡三角戀這個要素
有人可以推薦一下類似的作品嗎?
當然不一定要三角戀 更多也行 只是想看這種描述男女主如何在戀愛中痛苦掙扎的小說
有糖更好 因為之後胃會更痛",731713f1-9241-5d77-9f7d-78241b0d3622,無法放棄你的前未婚妻就不行嗎？,桜目禪斗,19.7,連載,"校園, 青春, 戀愛, 歡樂向, 後宮, 青梅竹馬, 角川文庫, 日本輕小說",城木翼和天海七渡以前只是單純的青梅竹馬。彼此因為雙方家長口頭上的「婚約」宣言，開始對彼此有了不同的感覺，正當兩人以為甜～蜜的戀愛喜劇即將上演時……七渡搬家到了很遠的地方！不過五年後的春天──兩人在就讀的高中再次重逢。翼本來想把自己從未改變的心意告訴七渡，七渡身旁卻有著和他念同一所國中，且外貌出眾的辣妹‧地葉麗奈！翼和麗奈知道對方同樣「喜歡七渡」，訂下了「先讓七渡主動告白的人就獲勝」的規則，然而缺乏戀愛知識、相關經驗的少女們，為了戀情採取的手段相當青澀，讓人看了心臟快要受不了！？甜蜜又可愛的女主角寶座爭奪戰正式開始，未婚妻這次究竟能不能如願以償呢？,1,用戶明確表示喜歡《三角距離無限為零》中那種「戀愛中痛苦掙扎」且會導致「胃痛」的情感氛圍。雖然推薦的作品包含三角關係，但其標籤為「歡樂向」，且內容描述為「甜蜜又可愛」的爭奪戰，與用戶追求的虐心、掙扎的核心需求完全相反，僅在「三角戀」這一表面元素上有重疊。
q21,"最近剛看完三角距離無限為零
雖然胃在痛不過還是很喜歡三角戀這個要素
有人可以推薦一下類似的作品嗎?
當然不一定要三角戀 更多也行 只是想看這種描述男女主如何在戀愛中痛苦掙扎的小說
有糖更好 因為之後胃會更痛",56af5ab9-4ab1-5fb1-a62a-4e2c145e2e57,小惡魔學妹纏上了被女友劈腿的我,御宮ゆう,90.9,完結,"校園, 青春, 戀愛, 後宮, 歡樂向, 角川文庫, 日本輕小說",聖誕節前夕被女友劈腿的我──羽瀨川悠太。遇見了穿著聖誕老人裝的美少女──志乃原真由。身為學妹的那傢伙，總是捉弄著正處情傷的我，擅自進到我家來又毫無戒心。平常明明會戲弄我，卻又因為看不下去我自甘墮落的生活而做美味的料理給我吃，喝醉回到家還會照顧我……兩人獨處時，露出那種只在我面前展現的表情──相近的距離教人心焦，有點成熟的青春戀愛喜劇登場！本書特色★第四屆KAKUYOMU網路小說大賽，戀愛喜劇類「特別賞」得獎作品！★學妹、女性好友、前女友，徘徊在三者之間，有些成熟的戀愛喜劇登場！,1,用戶明確尋找具有「胃痛感」和「在戀愛中痛苦掙扎」的作品，而推薦的作品雖然包含三角關係且起因是劈腿，但其標籤明確標記為「歡樂向」和「戀愛喜劇」，整體調性過於輕鬆，與用戶渴望的虐心氛圍不符。
q22,"就是不後宮不NTR純純的戀愛作品 虐也行 比較希望校園類 其他類型也可以介紹看看 最近看一堆異世界後宮戰鬥有點膩了......
還有兄妹的作品 滿喜歡兄妹類型的 隨便丟一張圖",483ccd4c-3274-57a3-81cf-f638985d6e71,我跟妹妹，其實沒有血緣關係,村田天,17.9,連載,"校園, 青春, 戀愛, 歡樂向, 妹妹, 富士見文庫, 日本輕小說",妹妹久留里是個超重度兄控。每當與我對上眼就會緊緊抱過來，而且隨時都在虎視眈眈著可以坐到我腿上或牽手的機會。「欸嘿嘿，哥哥，最喜歡你了！」笑著如此說道的久留里進到和我同一所高中就讀的開學典禮當天深夜。我從爸媽口中得知妹妹自己也不知道的衝擊真相。「光雪跟久留里之間其實沒有血緣關係。」咦，我跟久留里竟然不是親兄妹嗎？這下糟了──「如果我跟哥哥沒有血緣關係……那麼就要結婚！」我的妹妹是個時不時就把這種話掛在嘴邊的傢伙！與最愛哥哥又喜歡撒嬌的繼妹之間的兄妹關係，因為一件隱瞞的事情而開始產生變化！,3,該作品完全符合使用者的所有核心需求：校園設定、純戀愛（無後宮/NTR）、且正是使用者明確表示喜歡的「兄妹」題材，且避開了使用者厭倦的異世界戰鬥類。
q21,"最近剛看完三角距離無限為零
雖然胃在痛不過還是很喜歡三角戀這個要素
有人可以推薦一下類似的作品嗎?
當然不一定要三角戀 更多也行 只是想看這種描述男女主如何在戀愛中痛苦掙扎的小說
有糖更好 因為之後胃會更痛",a4884190-0809-5afc-8a74-103db5a04bb0,你又是誰的外遇,咖啡！好了沒,12.6,連載,"校園, 青春, 戀愛, 歡樂向, 青春日常, 華文輕小說",世界上最幸福的事情是追到了自己喜歡的女孩。但是，明明應該是最幸福的人，可我卻背叛了自己的幸福。因為這段戀愛是委屈的，妥協的。曾經的初戀重新填滿了我受盡委屈的生活，接納了我的一切。我漸漸沉溺於當初那份遲來的愛，卻又對委屈、毫無意義的現在產生不舍。但是，回過頭，兩段感情已然坦蕩地擺在眼前。過去與現在，是時候該作出抉擇了。,3,本書包含典型的三角關係（現任與初戀），且劇情明確描述了主角在感情中的委屈、背叛以及在兩段感情之間抉擇的痛苦掙扎，高度符合使用者想要看「三角戀」以及「在戀愛中痛苦掙扎」的核心需求。
q21,"最近剛看完三角距離無限為零
雖然胃在痛不過還是很喜歡三角戀這個要素
有人可以推薦一下類似的作品嗎?
當然不一定要三角戀 更多也行 只是想看這種描述男女主如何在戀愛中痛苦掙扎的小說
有糖更好 因為之後胃會更痛",abf4156d-f347-5f96-b291-a23c7e8ba84a,愛意複雜化,風-フェン-,35.2,完結,"百合, 病嬌, kakuyomu, Web輕小說",愛到令人痛苦的愛意是扭曲的只是單純很沉重的故事。想著如果能談一場如此認真的戀愛就好了。,2,使用者明確提到想看「男女主」在戀愛中痛苦掙扎的作品，而推薦書籍為「百合」作品，在角色性別設定上不符。然而，該書描述的「愛到令人痛苦」、「扭曲且沉重」的情感基調，與使用者追求的「痛苦掙扎」核心需求高度契合，因此給予 2 分。
q21,"最近剛看完三角距離無限為零
雖然胃在痛不過還是很喜歡三角戀這個要素
有人可以推薦一下類似的作品嗎?
當然不一定要三角戀 更多也行 只是想看這種描述男女主如何在戀愛中痛苦掙扎的小說
有糖更好 因為之後胃會更痛",92ddff27-342d-5370-bca5-8113803097bd,創立！？三星學生會,佐佐原史緒,44.3,完結,"校園, 青春, 戀愛, 歡樂向, Fami通文庫, 日本輕小說",天生是不幸體質的向坂惠(男)，才剛入學沒多久，就在差點溺死的時候被金魚模樣的土地神·水穗大人所救。水穗大人要求向坂提出一個可以招攬學生的方案做為救他性命的回報，向坂也只好隨便提了一個方法……而在一年之後，水穗的神力讓三校合併為『三星學園』，其中兩校的學生會長進出激烈的火花!為了搞定這兩個人，暫定的學生會長·惠的第一份工作竟是愛情的丘比特!?一場讓人心癢程度爆發的單戀愛情喜劇開始了!!,1,用戶明確要求尋找描述戀愛中「痛苦掙扎」且具有「胃痛感」的作品，而推薦的書籍標籤為「歡樂向」且劇情描述為「愛情喜劇」，其基調與用戶的需求完全相反，僅在「校園戀愛」這一寬泛類別上有所重疊。
q22,"就是不後宮不NTR純純的戀愛作品 虐也行 比較希望校園類 其他類型也可以介紹看看 最近看一堆異世界後宮戰鬥有點膩了......
還有兄妹的作品 滿喜歡兄妹類型的 隨便丟一張圖",6bc34f3f-5659-5bc1-b6c3-bc36899d6101,學妹、是妹嗎？,白鳴之,15.2,連載,"妹妹, 病嬌, 校園, 戀愛, 歡樂向, 青春日常, 華文輕小說",我想要妹妹。拜託了，如果可以的話，我什麼都會做的😭——想要妹妹的心意，與無妹的殘酷現實之間強烈碰撞，沒有妹的妹控少年之戀愛喜劇，堂堂登場！與此同時，圍繞在其身旁，卻不為其所知的慘烈修羅場，也悄然展開……？,2,該作品完全符合使用者對「校園」與「兄妹/妹妹」類型的偏好，且避開了使用者厭倦的異世界與戰鬥元素。然而，簡介中提到的「慘烈修羅場」暗示可能存在多名女性競爭，與使用者強調的「不後宮」和「純純戀愛」之要求有所衝突，因此給予 2 分。
q22,"就是不後宮不NTR純純的戀愛作品 虐也行 比較希望校園類 其他類型也可以介紹看看 最近看一堆異世界後宮戰鬥有點膩了......
還有兄妹的作品 滿喜歡兄妹類型的 隨便丟一張圖",572bfd0c-787b-5ffa-9c8a-ff8fe3f8fbcd,其實是繼妹。～總覺得剛來的繼弟很黏我～,白井ムク,59.9,連載,"校園, 青春, 戀愛, 歡樂向, 妹妹, 富士見文庫, 日本輕小說",因為父母再婚，我這個高中生有了一個繼弟，他名叫晶。晶在複雜的家庭環境中長大，雖是個美少年，卻怕生。我原本就嚮往能有個手足，所以為了他，我總是和他一起玩……沒想到他超黏我，我們一拍即合，距離也急速拉近！「……老哥，難道你喜歡我嗎？」「是啊，當然喜歡。」我們雙雙誤會，感情越來越好。某天我終於發現晶是「妹妹」，當我陷入混亂之中……「我就喜歡我跟老哥從以前到現在的距離。應該說，我希望我們比現在更──」晶開始猛烈追求，目標是從「兄妹」變成「情侶」！相處輕鬆又超可愛的弟……像弟弟一樣的妹妹，我與她的親密戀愛喜劇即將展開！,3,該作品完全符合用戶的所有要求：是非後宮且非NTR的純戀愛作品，設定在校園環境，且正巧符合用戶特別提到的「兄妹類型」（繼兄妹設定），完全避開了用戶厭倦的異世界戰鬥元素。
q22,"就是不後宮不NTR純純的戀愛作品 虐也行 比較希望校園類 其他類型也可以介紹看看 最近看一堆異世界後宮戰鬥有點膩了......
還有兄妹的作品 滿喜歡兄妹類型的 隨便丟一張圖",d9caa769-96dd-5ff2-af9d-5fc72abc59fd,義妹生活,三河ごーすと,138.7,連載,"校園, 青春, 戀愛, 妹妹, MF文庫J, 日本輕小說",高中生淺村悠太，由於父親再婚，和學年第一美少女綾瀨沙季成為同住一個屋檐下的兄妹。都見過雙親感情破裂的兩人對男女關係慎重看待，約好要保持適度的距離，既不接近也不對立。沙季渴望親情而一直獨自努力，因此不懂得如何依賴別人，悠太也不曉得該如何以哥哥的身分與她相處。某些地方十分相似的兩人，逐漸感受到與對方共同生活有多麼愜意……這是一個可能會發展成戀愛的故事。原本素昧平生的男女，一點一點地接近、彼此關係漸漸改變的──戀愛生活小說。,3,該作品完全符合用戶的所有需求：非後宮、非NTR、純粹的戀愛關係，且同時滿足了「校園類」與「兄妹類型」這兩個核心偏好，是非常精確的推薦。
q22,"就是不後宮不NTR純純的戀愛作品 虐也行 比較希望校園類 其他類型也可以介紹看看 最近看一堆異世界後宮戰鬥有點膩了......
還有兄妹的作品 滿喜歡兄妹類型的 隨便丟一張圖",1cd553fa-e274-531a-a47e-1e7f094e9fcd,父母再婚。女友開始喊我歐尼醬了,マリパラ,16.4,連載,"校園, 青春, 戀愛, 妹妹, 其他文庫, 日本輕小說",不能讓媽媽看見啊，歐尼醬♡實現隱藏的想法，與同為圖書委員的鳥井寧寧花交往的高中生森田大貴感到了困惑。這也是理所當然的，因為母親再婚，女朋友突然變成了「義妹」。擔心如果暴露了交往的事情，會被設定嚴格規矩的2人，表面上作為兄妹行動。但是在同一個屋檐下生活的兩人的感情變得更深了……？「和我以外的人接吻是不行的」成為義理兄妹的新手情侶心跳加速的戀愛同居生活，從這裡開始！,3,作品完全符合用戶的需求：非後宮、非NTR的純戀愛作品，且設定在校園環境，並精準命中用戶特別提及喜歡的「兄妹」（義兄妹）元素。
q22,"就是不後宮不NTR純純的戀愛作品 虐也行 比較希望校園類 其他類型也可以介紹看看 最近看一堆異世界後宮戰鬥有點膩了......
還有兄妹的作品 滿喜歡兄妹類型的 隨便丟一張圖",c8be19be-2a72-5ef9-be48-02813acf6f02,雖然現在還只是「青梅竹馬的妹妹」。,涼暮皐,17.6,連載,"校園, 青春, 戀愛, 青梅竹馬, 妹妹, 其他文庫, 日本輕小說",有個這麼直率的女孩仰慕你，難道你絲毫不感到開心嗎！？雙原燈火是我青梅竹馬的妹妹，也是跟我讀同所高中的學妹。她自稱是「魅惑小惡魔系女孩」，自稱「需要溫暖，特別喜歡肢體接觸」，並且自稱是「仰慕學長的美少女」。這名小惡魔系（？）美少女學妹今天也一大早就專程來迎接我，一心一意想博取我的好感。「學長！手！我們牽手吧！請給我溫暖～！」可是我知道，這件事只有我明白。燈火其實是害羞的小狗狗系女孩，她光是被碰到手就會滿臉通紅，調戲我的同時自己其實也方寸大亂。我知道小惡魔系設定只不過是她的演技，只是她想靠近我的借口。我也知道──她現在並不喜歡我。,3,推薦書籍完全符合使用者的需求：包含校園戀愛設定、非後宮且無NTR傾向，且正好對應到使用者特別提到的「妹妹」屬性，是一次非常精確的匹配。
q22,"就是不後宮不NTR純純的戀愛作品 虐也行 比較希望校園類 其他類型也可以介紹看看 最近看一堆異世界後宮戰鬥有點膩了......
還有兄妹的作品 滿喜歡兄妹類型的 隨便丟一張圖",cf393794-d50b-5f0c-9aee-a6629cc552db,妹控日記,懶散的H君,10.5,連載,"校園, 青春, 戀愛, 妹妹, 青春日常, 華文輕小說",剛升上高二的少年，方碩，和他那兄控的妹妹——方果生活在一起。本來以為會一直平淡而美好的生活，卻在開學第一天就被打破——青梅竹馬的唐菡，因為家庭的關係，被他們邀請到了家裡。再後來，他甚至收到了兩人的告白信…而他的表妹，舒然的突然的來，也為事態添上了一把火——四個人的戀愛物語，就此開始。,1,用戶明確要求「不後宮」，且表示對後宮作品感到厭倦。然而，該推薦書籍的簡介中提到主角同時收到妹妹與青梅竹馬的告白，且隨後又有表妹加入，形成「四個人的戀愛物語」，明顯屬於後宮傾向，直接違反了用戶的核心排除條件。儘管符合「校園」與「兄妹」的偏好，但因違反關鍵禁忌，相關度較低。
q22,"就是不後宮不NTR純純的戀愛作品 虐也行 比較希望校園類 其他類型也可以介紹看看 最近看一堆異世界後宮戰鬥有點膩了......
還有兄妹的作品 滿喜歡兄妹類型的 隨便丟一張圖",9c984b3e-58fc-5f9d-b035-2c6221a7967d,班上最可愛的辣妹成了我的投食對象這件事,白乃友,25.4,連載,"校園, 青春, 戀愛, 歡樂向, 妹妹, MF文庫J, 日本輕小說",今天，風見鳳理這位高一男生又在教室里和志同道合的朋友們熱烈地討論御宅文化。他有一個秘密。兼職模特的班上人氣人物香月櫻其實是他的義妹，兩人不僅同居，還是戀人關係。在學校里，櫻小心翼翼地與鳳理保持適當距離，努力不讓別人發現她對鳳理的愛意和御宅興趣。但在家裡，她會和鳳理一起看動畫、玩COS，還會品嘗鳳理親手做的美食，兩人恩愛甜蜜！「煮魚好好吃——！」就這樣，今天兩人又開始了愉快的晚餐時光。,3,該作品完美符合用戶的所有要求：校園設定、非後宮純愛，且正好是用戶特別指定的「兄妹類型」（義妹），完全命中核心需求。
q22,"就是不後宮不NTR純純的戀愛作品 虐也行 比較希望校園類 其他類型也可以介紹看看 最近看一堆異世界後宮戰鬥有點膩了......
還有兄妹的作品 滿喜歡兄妹類型的 隨便丟一張圖",6058fc96-a8c5-5296-bb7b-76c2748cd926,超妹理論,揚羽常時,39.5,連載,"青春, 妹妹, 病嬌, 戀愛, 歡樂向, kakuyomu, Web輕小說",華黒：哥哥！喜歡！喜歡！非常喜歡！我愛你！真白：不，我們是兄妹……不能離開哥哥的妹妹。 頭疼的哥哥。 或許那只是普通的戀愛……也許。兄妹之間的戀愛喜劇，基本上是一個兄控的妹妹嫉妒她稍微受歡迎的哥哥的故事,3,使用者明確要求「兄妹類型」且偏好「校園類」，該作品標籤包含青春、妹妹、戀愛，且劇情核心正是兄妹間的戀愛喜劇，完全符合使用者的特定偏好，且避開了使用者厭倦的異世界後宮戰鬥風格。
q22,"就是不後宮不NTR純純的戀愛作品 虐也行 比較希望校園類 其他類型也可以介紹看看 最近看一堆異世界後宮戰鬥有點膩了......
還有兄妹的作品 滿喜歡兄妹類型的 隨便丟一張圖",9de2a2d9-c4d5-51c6-935b-41111d9c0ea1,妹妹人生,入間人間,18.8,完結,"青春, 戀愛, 妹妹, 電擊文庫, 日本輕小說",暑假結束，妹妹哭著找我討救兵。那是她六歲，我十歲時的事。難得主動靠近的妹妹，手上拿著繪圖日記本。「幫我……」她目光一與我對上，便戰戰兢兢地朝我遞出日記本，小聲地如此說道。我想，我和妹妹的關係，就是從這個瞬間開始發展的。愛哭、沒有毅力、只會發獃、沒有朋友，讓人操心，無法放著不管的存在。──那就是我的妹妹。「因為哥─哥幾乎是我人生的全部嘛。」始於幼年期，經歷成長期，於成年之後做出選擇的人生──描述難分難捨的兩人的「一生」，略帶苦澀的兄妹愛情喜劇。,3,該書完全符合用戶的需求：1. 是純粹的兄妹戀愛作品，直接命中用戶明確提到的「喜歡兄妹類型」；2. 劇情聚焦於兩人的成長，無後宮或NTR傾向；3. 涵蓋了青春校園時期（青春標籤），且非異世界戰鬥類，完美避開了用戶厭倦的元素。
q22,"就是不後宮不NTR純純的戀愛作品 虐也行 比較希望校園類 其他類型也可以介紹看看 最近看一堆異世界後宮戰鬥有點膩了......
還有兄妹的作品 滿喜歡兄妹類型的 隨便丟一張圖",ff4cfec9-a022-5307-a59c-b52ef5fa79e9,心上人的妹妹,犬甘あんず,45.2,完結,"校園, 青春, 戀愛, 百合, 女性視角, 角川文庫, 日本輕小說",我，雨宮結葉向初戀對象花房渚告白……結果被拒絕了。無法割捨這份感情的我一直悶悶不樂。渚的妹妹海望看不下去了。她如此提議：「讓我幫妳忘掉對姊姊的感情吧。」她說，我想和渚做的事情可以全部對她做。在外貌毫無二致的妹妹身上，我看見心上人的影子，有時會跟打扮成渚的海望約會。「結葉學姐竟然與被妳當成妹妹的重要朋友……接吻了呢。」有時宛如沉溺其中似的宣洩慾望。然而，把海望視為「渚的替代品」親密接觸的過程中，我也逐漸被她吸引──？,3,該作品完全符合使用者要求的「校園」、「純戀愛」、「非後宮」且「非異世界戰鬥」的設定。雖然使用者提到喜歡「兄妹」類型，而此書為「姊妹」（百合），但在廣義的姊妹/兄妹類情感糾葛中符合其偏好，且劇情包含一定的情感掙扎（對應使用者提到的「虐也行」），是非常契合的推薦。
q22,"就是不後宮不NTR純純的戀愛作品 虐也行 比較希望校園類 其他類型也可以介紹看看 最近看一堆異世界後宮戰鬥有點膩了......
還有兄妹的作品 滿喜歡兄妹類型的 隨便丟一張圖",f95645c4-a52c-5740-91b6-026315f5c3db,我的世界只剩三步，而她仍在一步之遙,Y-J-K,9.0,完結,"妹妹, 戀愛, 治癒, 校園, 青春, 青梅竹馬, 青春日常, 華文輕小說",我的世界，由三步的距離構築。三步之內，是令人窒息的恐懼，是女性目光帶來的灼痛，是無數過往傷痕凝結的冰殼。我曾以為，我會永遠活在這座自我禁錮的牢籠里。直到那場名為「畢業」的倒計時悄然響起。那個曾因嫉妒而誣陷我的青梅竹馬，帶著沉重的懺悔歸來；那個曾用謊言將我推向校園審判的偶像，依舊戴著完美的假面；那個以「愛」為名，將我拖入最深噩夢的後輩，其瘋狂的陰影仍未散去……她們都是我恐懼的根源，是我想要逃避的過去。但這一次，我不想再逃了。因為，在那片無盡的冰封世界裡，始終有一束光，未曾離開。「哥哥，我會永遠保護你。」——可是，螢，我唯一的妹妹，我唯一的救贖。當你是我黑暗中的唯一時，這份唯一的依賴，本身是否也成了一種新的囚籠？,3,該書完全符合用戶的需求：包含「兄妹」關係、設定在「校園」青春背景，且劇情偏向情感糾葛與救贖（符合用戶提到的「虐也行」），且並非典型的異世界後宮戰鬥作品，與用戶希望尋找純粹戀愛/兄妹類型的意圖高度一致。
q22,"就是不後宮不NTR純純的戀愛作品 虐也行 比較希望校園類 其他類型也可以介紹看看 最近看一堆異世界後宮戰鬥有點膩了......
還有兄妹的作品 滿喜歡兄妹類型的 隨便丟一張圖",09ccb3f9-966d-5001-ba52-5db01b15fe28,同班的四分之一混血美少女成了我的義妹。我不知不覺間似乎已將她攻略。,浮葉まゆ,7.7,連載,"戀愛, 校園, 青春, 妹妹, 歡樂向, 富士見文庫, 日本輕小說",「小女子不才，還請多指教！」同一屋檐下的無自覺攻略繫戀愛喜劇！高嶺之花的四分之一混血美少女，七瀨克蘿埃。 本應與我毫無瓜葛的她，卻因為父母再婚而成了我的義妹!?突如其來的同居生活。為了家庭和睦，我試著友善待她，她卻對我的一言一語都莫名地害羞不已。我只是稱讚一下料理，她就說：「你、你說想每天都吃我做的菜……！」我只是告訴她不用急著拉近距離，她就說：「還說什麼『我們會一直在一起所以沒關係』……那種話……」我明明只是想以家人的身分和樂地生活而已啊。「『我們一起變得幸福吧』，那不就是求婚嗎──！」我，難道在不知不覺間已經攻略了她!?「小女子不才，還請多指教！」同一屋檐下的無自覺攻略繫戀愛喜劇，正式開幕！,3,該作品完全符合用戶的需求：包含校園設定、義兄妹關係，且從簡介來看屬於單一對象的戀愛喜劇，並非後宮或NTR作品，精準命中用戶的所有偏好。
q23,"最近不知道要看什麼，想請大家推薦一些好看的作品

裝逼開掛類的
黑暗懸疑的
或是一些風格冷門的都還算喜歡
只有一個大前提，不要後宮，不要賣肉（好像變2個大前提了？
不喜歡那種明明男主沒幹什麼但每個女角都喜歡他，非得要的話2個是極限，而且劇情希望能別注重在他們愛來愛去互刷好感度卻又不決定人選的地方，如果是冒險類作品增加同伴的時候，可以的話別清一色都女的偶而也增加點男性同伴也好（都女的最後8成都變後宮
再來不要硬賣一些福利，例如某漫畫的黎斗摔，或者是洗澡時剛好開門，或者是組個樂團為了討老師歡心換了泳裝演奏……這種的不太能接受

喜歡偏向下剋上（不管是強者因未知原因被分到弱組還是靠努力爬上來把上位者打趴的都喜歡）
描寫內心戲多的（黑掉壞掉，或是溫馨感動的都喜歡）
不好意思這麼麻煩…因為總感覺現在大眾向的作品，開掛後宮福利都會有，希望能找到一些後宮福利少點的",3bab4ebb-d735-5916-b29a-ca7937d45236,暗黑學校,二宮敦人,18.6,完結,"懸疑, 驚悚, 黑暗, 群像, 大逃殺, 其他文庫, 日本輕小說",我們幾個稱那天為「流放日」。某天，雄太突然昏倒在學校的廁所。醒來時，原本平凡無奇的生活已劇烈改變。校舍四面八方覆蓋上一層堅硬岩石，原因不明，而校內僅存十名生還者。沒有陽光、手機也收不到訊號，找不到任何方法逃出學校。於是，這群「同班同學」開始了一段絕望的極限生活——,3,該作品完全符合用戶要求的「黑暗懸疑」風格，且標籤中的「大逃殺」與「驚悚」通常與用戶厭惡的後宮、賣肉福利情節互斥。此外，「群像」標籤暗示了角色組成較為多元，符合用戶希望同伴不要清一色女性的需求，是非常契合的推薦。
q23,"最近不知道要看什麼，想請大家推薦一些好看的作品

裝逼開掛類的
黑暗懸疑的
或是一些風格冷門的都還算喜歡
只有一個大前提，不要後宮，不要賣肉（好像變2個大前提了？
不喜歡那種明明男主沒幹什麼但每個女角都喜歡他，非得要的話2個是極限，而且劇情希望能別注重在他們愛來愛去互刷好感度卻又不決定人選的地方，如果是冒險類作品增加同伴的時候，可以的話別清一色都女的偶而也增加點男性同伴也好（都女的最後8成都變後宮
再來不要硬賣一些福利，例如某漫畫的黎斗摔，或者是洗澡時剛好開門，或者是組個樂團為了討老師歡心換了泳裝演奏……這種的不太能接受

喜歡偏向下剋上（不管是強者因未知原因被分到弱組還是靠努力爬上來把上位者打趴的都喜歡）
描寫內心戲多的（黑掉壞掉，或是溫馨感動的都喜歡）
不好意思這麼麻煩…因為總感覺現在大眾向的作品，開掛後宮福利都會有，希望能找到一些後宮福利少點的",95b9aa55-d0e1-5946-8b0d-275a8d1cfe81,NEXUS WORLD ─我會開拓我的道路！─,ぺいん,17.7,連載,"百合, 戰鬥, 黑暗, 龍傲天, 科幻, 冒險, kakuyomu, Web輕小說",引導吧，編織吧，連接吧。然後咆哮吧。為自身的存在證明，向世界的證明自VR遊戲在世間普及已過去四分之一世紀。某日，VRMMORPG「NEXUS WORLD」開始運營。它讓以往所有的VR遊戲都成為過去式，一舉奪取遊戲業界「霸權」，是公認的「神作」。對這款「NEXUS WORLD」產生興趣的主人公，貓葉美櫻與其好友那月希美，開始了NEXUS WORLD的遊玩。然而這兩人，在諸多VR遊戲中都深度浸淫，且是帶有些許瘋狂的、相當成問題的問題兒童。秉持我行我素風格的二人，在NEXUS WORLD的世界裡掀起波瀾。而那波瀾，終將不知不覺間，化為一段傳說。,3,該作品符合使用者要求的「開掛」（標記為龍傲天）與「黑暗」風格。最關鍵的是，該作屬於「百合」設定，從根源上避開了使用者強烈排斥的「男主後宮」、「男主不勞而獲獲得女角好感」以及「硬賣福利」等大眾向男性向作品的套路，非常契合使用者希望找尋「非後宮福利」且風格較為獨特的心理需求。
q23,"最近不知道要看什麼，想請大家推薦一些好看的作品

裝逼開掛類的
黑暗懸疑的
或是一些風格冷門的都還算喜歡
只有一個大前提，不要後宮，不要賣肉（好像變2個大前提了？
不喜歡那種明明男主沒幹什麼但每個女角都喜歡他，非得要的話2個是極限，而且劇情希望能別注重在他們愛來愛去互刷好感度卻又不決定人選的地方，如果是冒險類作品增加同伴的時候，可以的話別清一色都女的偶而也增加點男性同伴也好（都女的最後8成都變後宮
再來不要硬賣一些福利，例如某漫畫的黎斗摔，或者是洗澡時剛好開門，或者是組個樂團為了討老師歡心換了泳裝演奏……這種的不太能接受

喜歡偏向下剋上（不管是強者因未知原因被分到弱組還是靠努力爬上來把上位者打趴的都喜歡）
描寫內心戲多的（黑掉壞掉，或是溫馨感動的都喜歡）
不好意思這麼麻煩…因為總感覺現在大眾向的作品，開掛後宮福利都會有，希望能找到一些後宮福利少點的",a0bbcae8-7a94-511d-bdd1-453193cc823b,勇者死後,サドガワイツキ,12.9,完結,"黑暗, 復仇, 龍傲天, kakuyomu, Web輕小說",結局之後的故事。打倒魔王，拯救了世界的勇者，卻被曾經守護的人們所陷害，最終選擇了自盡。留下來的勇者夥伴，為了見證『勇者死後』會發生什麼事而展開最後的旅程。※重新編輯了之前發表的短篇小說《勇者死後》和《勇者死後的這個世界》,3,該作品完全符合用戶對「黑暗」風格的需求，且主題涉及背叛與復仇，避開了用戶極力反感的後宮與賣肉套路。故事設定在勇者死後的悲劇氛圍，符合用戶想要尋找非大眾向、具備深層內心戲且無冗餘情感線的作品意圖。
q23,"最近不知道要看什麼，想請大家推薦一些好看的作品

裝逼開掛類的
黑暗懸疑的
或是一些風格冷門的都還算喜歡
只有一個大前提，不要後宮，不要賣肉（好像變2個大前提了？
不喜歡那種明明男主沒幹什麼但每個女角都喜歡他，非得要的話2個是極限，而且劇情希望能別注重在他們愛來愛去互刷好感度卻又不決定人選的地方，如果是冒險類作品增加同伴的時候，可以的話別清一色都女的偶而也增加點男性同伴也好（都女的最後8成都變後宮
再來不要硬賣一些福利，例如某漫畫的黎斗摔，或者是洗澡時剛好開門，或者是組個樂團為了討老師歡心換了泳裝演奏……這種的不太能接受

喜歡偏向下剋上（不管是強者因未知原因被分到弱組還是靠努力爬上來把上位者打趴的都喜歡）
描寫內心戲多的（黑掉壞掉，或是溫馨感動的都喜歡）
不好意思這麼麻煩…因為總感覺現在大眾向的作品，開掛後宮福利都會有，希望能找到一些後宮福利少點的",e7e5f20a-34d9-5315-845c-437eb0fcb8f5,Genocide Online,たけのこ,29.5,連載,"黑暗, 獵奇, 戰鬥, 龍傲天, 大小姐, 女性視角, 其他文庫, 日本輕小說",要注意那個可憐的少女「殺人鬼」——一條玲奈雖然出生於名門望族，卻被父親疏遠，並且從孩提時代起一直無自覺地在內心裡孕育著惡意。隨著曾經作為唯一的防波堤的最愛的母親離世，她預見到自己的異常性終會爆發出來，於是她決定投身VRMMO遊戲的架空世界裡，貫徹惡役來解放一直壓抑住的自己。按照自己的想法，如願以償地展開屠殺【玩耍】，一切都是為了內心的安寧。有著純粹心靈的屠殺者・麗奈，將恐慌帶來虛擬的樂園，並將它塗成地獄繪圖！‍‍‍‍‌‌‍‌‌‌‌‍‍‌‍,3,該作品高度符合用戶對「黑暗」、「開掛」以及「冷門風格」的需求。主角設定為具有惡意的屠殺者，且採取女性視角，有效避開了用戶極其厭惡的「男主後宮」與「低俗福利」套路。同時，故事對主角內心壓抑與解放的描寫也符合用戶對內心戲（黑掉、壞掉）的偏好。
q23,"最近不知道要看什麼，想請大家推薦一些好看的作品

裝逼開掛類的
黑暗懸疑的
或是一些風格冷門的都還算喜歡
只有一個大前提，不要後宮，不要賣肉（好像變2個大前提了？
不喜歡那種明明男主沒幹什麼但每個女角都喜歡他，非得要的話2個是極限，而且劇情希望能別注重在他們愛來愛去互刷好感度卻又不決定人選的地方，如果是冒險類作品增加同伴的時候，可以的話別清一色都女的偶而也增加點男性同伴也好（都女的最後8成都變後宮
再來不要硬賣一些福利，例如某漫畫的黎斗摔，或者是洗澡時剛好開門，或者是組個樂團為了討老師歡心換了泳裝演奏……這種的不太能接受

喜歡偏向下剋上（不管是強者因未知原因被分到弱組還是靠努力爬上來把上位者打趴的都喜歡）
描寫內心戲多的（黑掉壞掉，或是溫馨感動的都喜歡）
不好意思這麼麻煩…因為總感覺現在大眾向的作品，開掛後宮福利都會有，希望能找到一些後宮福利少點的",ff3c332e-0d93-5ba4-bddb-b56e2a4c8012,暗黑童話,乙一,14.6,完結,"奇幻, 懸疑, 黑暗, 集英社, 日本輕小說",因為一場意外失去左眼的高二女孩菜深，也同時喪失了記憶。在接受眼球移植手術之後，她的左眼竟開始頻繁出現另一個男孩的過去記憶，包括他死亡之際所見到的最後影像。因為沒有過去而與現實生活格格不入的她，於是決定前往男孩的世界找出害死他的兇手。但是，在那個地下室等待她的，卻是暗黑澄澈而令人心痛的，愛的記憶……,3,該作品完美符合使用者要求的「黑暗懸疑」風格，且從簡介來看屬於情感與真相追尋導向，完全避開了使用者極為排斥的「後宮」與「賣肉福利」設定。雖然沒有提到「裝逼開掛」或「下剋上」元素，但使用者是以「或」的形式列出偏好，只要符合其中一項且不觸碰地雷即為高品質推薦。此外，其探討記憶與心痛之愛的設定也符合使用者對「內心戲」的喜好。
q23,"最近不知道要看什麼，想請大家推薦一些好看的作品

裝逼開掛類的
黑暗懸疑的
或是一些風格冷門的都還算喜歡
只有一個大前提，不要後宮，不要賣肉（好像變2個大前提了？
不喜歡那種明明男主沒幹什麼但每個女角都喜歡他，非得要的話2個是極限，而且劇情希望能別注重在他們愛來愛去互刷好感度卻又不決定人選的地方，如果是冒險類作品增加同伴的時候，可以的話別清一色都女的偶而也增加點男性同伴也好（都女的最後8成都變後宮
再來不要硬賣一些福利，例如某漫畫的黎斗摔，或者是洗澡時剛好開門，或者是組個樂團為了討老師歡心換了泳裝演奏……這種的不太能接受

喜歡偏向下剋上（不管是強者因未知原因被分到弱組還是靠努力爬上來把上位者打趴的都喜歡）
描寫內心戲多的（黑掉壞掉，或是溫馨感動的都喜歡）
不好意思這麼麻煩…因為總感覺現在大眾向的作品，開掛後宮福利都會有，希望能找到一些後宮福利少點的",bd7970a2-4884-509b-9c68-d62856732ac1,幻想之花向死而生,taikong,22.4,連載,"奇幻, 冒險, 懸疑, 復仇, 妹妹, 黑暗, 鬥智, 異能, 大逃殺, 溫馨, 原生幻想, 華文輕小說",一個陰暗壓抑，略有點瘋狂的故事。重生者間殘酷的生存遊戲，開始了。戰鬥吧，戰鬥到最後一刻！向自己、向敵人、向世界、向命運！,3,該作品的標籤包含「黑暗」、「懸疑」、「大逃殺」與「鬥智」，完全符合用戶對黑暗懸疑和冷門風格的需求。重生者設定通常伴隨資訊差的「開掛」元素，而殘酷的生存遊戲則符合下剋上的競爭氛圍。且從簡介來看，其基調壓抑瘋狂，並無後宮或賣肉傾向，高度契合用戶希望避開大眾向後宮福利作品的要求。
q23,"最近不知道要看什麼，想請大家推薦一些好看的作品

裝逼開掛類的
黑暗懸疑的
或是一些風格冷門的都還算喜歡
只有一個大前提，不要後宮，不要賣肉（好像變2個大前提了？
不喜歡那種明明男主沒幹什麼但每個女角都喜歡他，非得要的話2個是極限，而且劇情希望能別注重在他們愛來愛去互刷好感度卻又不決定人選的地方，如果是冒險類作品增加同伴的時候，可以的話別清一色都女的偶而也增加點男性同伴也好（都女的最後8成都變後宮
再來不要硬賣一些福利，例如某漫畫的黎斗摔，或者是洗澡時剛好開門，或者是組個樂團為了討老師歡心換了泳裝演奏……這種的不太能接受

喜歡偏向下剋上（不管是強者因未知原因被分到弱組還是靠努力爬上來把上位者打趴的都喜歡）
描寫內心戲多的（黑掉壞掉，或是溫馨感動的都喜歡）
不好意思這麼麻煩…因為總感覺現在大眾向的作品，開掛後宮福利都會有，希望能找到一些後宮福利少點的",5b78e88d-564a-5492-aa04-7e01c399cbfe,靠廢柴技能【狀態異常】成為最強的我將蹂躪一切,筱崎芳,176.0,連載,"轉生, 奇幻, 復仇, 戰鬥, 龍傲天, 黑暗, 其他文庫, 日本輕小說",有「背景人物」之稱的高中生三森燈河，和同班同學一起被召喚到異世界。同學陸續獲得A級、S級的勇者身分，卻只有燈河一個人是最低等的E級。而且他取得的技能，是在這個世界被視為「廢柴」的【狀態異常】。燈河被女神薇希斯拋棄到生存機率零的遺迹後，儘管面臨絕望的地獄處境，依舊善用自身技能蹂躪著魔物。在暗不見光的沉淪漆黑之中，燈河的心中只有一股意念──「等我活著回去──你就認命吧。」原本一心扮演背景人物的E級勇者，一路攀上絕對最強地位的逆襲故事，就此開幕！,3,該作品高度契合用戶的需求：1.『裝逼開掛』與『下剋上』：主角從最低等級E級、被視為廢柴的技能，一路攀升至最強，並對拋棄他的人進行逆襲。2.『黑暗』：包含被背叛、被拋棄在生存率為零的遺蹟以及強烈的復仇心態，符合用戶對黑暗基調的喜好。3. 劇情重點在於生存與復仇，而非後宮或福利，符合用戶對避免賣肉與後宮的強烈要求。
q23,"最近不知道要看什麼，想請大家推薦一些好看的作品

裝逼開掛類的
黑暗懸疑的
或是一些風格冷門的都還算喜歡
只有一個大前提，不要後宮，不要賣肉（好像變2個大前提了？
不喜歡那種明明男主沒幹什麼但每個女角都喜歡他，非得要的話2個是極限，而且劇情希望能別注重在他們愛來愛去互刷好感度卻又不決定人選的地方，如果是冒險類作品增加同伴的時候，可以的話別清一色都女的偶而也增加點男性同伴也好（都女的最後8成都變後宮
再來不要硬賣一些福利，例如某漫畫的黎斗摔，或者是洗澡時剛好開門，或者是組個樂團為了討老師歡心換了泳裝演奏……這種的不太能接受

喜歡偏向下剋上（不管是強者因未知原因被分到弱組還是靠努力爬上來把上位者打趴的都喜歡）
描寫內心戲多的（黑掉壞掉，或是溫馨感動的都喜歡）
不好意思這麼麻煩…因為總感覺現在大眾向的作品，開掛後宮福利都會有，希望能找到一些後宮福利少點的",ec4b2dfd-eebd-5fbc-96c2-165373b0864e,暗祓,辻村深月,15.7,連載,"校園, 黑暗, 懸疑, 驚悚, 角川文庫, 日本輕小說",★直木賞得獎作者辻村深月首部本格恐怖推理長篇！★最近你總是為了小事而生氣或傷心嗎？那或許是暗袚的影響也說不定……然而您的身邊也必然存在著「黑暗騷擾」，請務必小心……我來驅邪除煞了。我不會讓你殺死這家人。「我們班的轉學生怪怪的……」轉學生白石要無法融入班上，班長澪善意幫助他，然而要卻對她做出詭異萬分的言行。像是突然問她：「我可以去妳家嗎？」或是在她家附近出沒……要不斷地做出脫序行為，讓澪恐懼萬分，向心儀的學長神原求助，沒想到——近在身邊的無名惡意不斷地增殖，鋪天蓋地而來。讓人不忍釋卷的娛樂大作！最終章，你所感受到的恐懼將會翻,3,用戶明確要求「黑暗懸疑」且極其厭惡「後宮」與「賣肉」等主流輕小說福利橋段。推薦書籍《暗祓》屬於本格恐怖推理，標籤包含黑暗、懸疑、驚悚，且由直木賞作者撰寫，風格嚴肅，完全避開了用戶反感的後宮與福利元素，高度符合用戶對黑暗氛圍的需求及對純淨劇情的堅持。
q23,"最近不知道要看什麼，想請大家推薦一些好看的作品

裝逼開掛類的
黑暗懸疑的
或是一些風格冷門的都還算喜歡
只有一個大前提，不要後宮，不要賣肉（好像變2個大前提了？
不喜歡那種明明男主沒幹什麼但每個女角都喜歡他，非得要的話2個是極限，而且劇情希望能別注重在他們愛來愛去互刷好感度卻又不決定人選的地方，如果是冒險類作品增加同伴的時候，可以的話別清一色都女的偶而也增加點男性同伴也好（都女的最後8成都變後宮
再來不要硬賣一些福利，例如某漫畫的黎斗摔，或者是洗澡時剛好開門，或者是組個樂團為了討老師歡心換了泳裝演奏……這種的不太能接受

喜歡偏向下剋上（不管是強者因未知原因被分到弱組還是靠努力爬上來把上位者打趴的都喜歡）
描寫內心戲多的（黑掉壞掉，或是溫馨感動的都喜歡）
不好意思這麼麻煩…因為總感覺現在大眾向的作品，開掛後宮福利都會有，希望能找到一些後宮福利少點的",63694588-06bb-5ce9-a10f-ccc7c7bdd5f5,關於惡役千金,綾里惠史,6.6,連載,"奇幻, 異能, 懸疑, 黑暗, 大小姐, 小學館, 日本輕小說",——人有所不知。一位惡貫滿盈的名媛被處決了。見習行刑的青年被她留下的神秘話語所吸引，與跟她生前有過關聯的人們見面，收集他們的證言。——最後，他將得知可怕的真相。,3,該書高度符合使用者要求的「黑暗懸疑」風格，且劇情核心在於調查死者的真相，完全避開了使用者最厭惡的後宮與賣肉元素。雖然不具備「裝逼開掛」或明顯的「下剋上」情節，但滿足了其對冷門風格與懸疑感的偏好，是一個非常安全且契合意圖的推薦。
q23,"最近不知道要看什麼，想請大家推薦一些好看的作品

裝逼開掛類的
黑暗懸疑的
或是一些風格冷門的都還算喜歡
只有一個大前提，不要後宮，不要賣肉（好像變2個大前提了？
不喜歡那種明明男主沒幹什麼但每個女角都喜歡他，非得要的話2個是極限，而且劇情希望能別注重在他們愛來愛去互刷好感度卻又不決定人選的地方，如果是冒險類作品增加同伴的時候，可以的話別清一色都女的偶而也增加點男性同伴也好（都女的最後8成都變後宮
再來不要硬賣一些福利，例如某漫畫的黎斗摔，或者是洗澡時剛好開門，或者是組個樂團為了討老師歡心換了泳裝演奏……這種的不太能接受

喜歡偏向下剋上（不管是強者因未知原因被分到弱組還是靠努力爬上來把上位者打趴的都喜歡）
描寫內心戲多的（黑掉壞掉，或是溫馨感動的都喜歡）
不好意思這麼麻煩…因為總感覺現在大眾向的作品，開掛後宮福利都會有，希望能找到一些後宮福利少點的",719aa5fc-8788-5ad7-9464-f050ed26b6ab,身為邊緣人的我同時被四個人告白，一定是有什麼陰謀！,才羽しや,20.0,完結,"戀愛, 黑暗, 群像, 青春, 病嬌, 懸疑, 校園, kakuyomu, Web輕小說",我的同學是殺人鬼。瘋狂、血腥、暴力的學生×懸疑劇——。高中二年級的石橋，從一年級開始就一直貫徹「孤獨」的孤獨主義。在即將入梅的六月，石橋同時收到了四個女生的告白。第一個是安齋小蓮，是一個文靜的扎著丸子頭的園藝部成員。第二位的己斐西唯戀是開朗華麗的辣妹系班級委員。第三個喜屋武照沙，是誰都認可的美人凜然的弓道部。第四個人玖珠璃瑠葉，以眼鏡為特徵的文藝部。雖然每個女生都是在班級上數起來比較快的有魅力的少女，但是對於為了避免人際糾紛而一直「落單」的石橋來說，這個告白只能是可疑滿分。因為石橋知道了她們所有人的秘密。——執著、偏愛、殺人、暴力、瘋狂——與被吐露的四名少女的本性一起，石橋波瀾的六月即將拉開帷幕。※包含一部分暴力，殘酷描寫。,1,使用者明確將「不要後宮」列為大前提，且厭惡多名女性角色同時喜歡男主角的設定。推薦作品的標題與內容即為「同時被四個人告白」，屬於典型的後宮設定，直接違反了使用者的核心禁忌。雖然作品符合「黑暗懸疑」的需求，但由於嚴重違背了大前提，相關度極低。
q23,"最近不知道要看什麼，想請大家推薦一些好看的作品

裝逼開掛類的
黑暗懸疑的
或是一些風格冷門的都還算喜歡
只有一個大前提，不要後宮，不要賣肉（好像變2個大前提了？
不喜歡那種明明男主沒幹什麼但每個女角都喜歡他，非得要的話2個是極限，而且劇情希望能別注重在他們愛來愛去互刷好感度卻又不決定人選的地方，如果是冒險類作品增加同伴的時候，可以的話別清一色都女的偶而也增加點男性同伴也好（都女的最後8成都變後宮
再來不要硬賣一些福利，例如某漫畫的黎斗摔，或者是洗澡時剛好開門，或者是組個樂團為了討老師歡心換了泳裝演奏……這種的不太能接受

喜歡偏向下剋上（不管是強者因未知原因被分到弱組還是靠努力爬上來把上位者打趴的都喜歡）
描寫內心戲多的（黑掉壞掉，或是溫馨感動的都喜歡）
不好意思這麼麻煩…因為總感覺現在大眾向的作品，開掛後宮福利都會有，希望能找到一些後宮福利少點的",67c61824-f4b0-5cff-b461-ec726869a010,魔術的耳語,宮部美幸,16.9,完結,"懸疑, 黑暗, 其他文庫, 日本輕小說",夜晚，一雙瘦削蒼白的手從報紙上剪下幾則看似毫不相干的社會新聞：9月1日，加藤文惠在結婚前夕，從公寓六樓跳下身亡；10月9日，三田敦子從地鐵站台一躍而下，身首異處；11月14日深夜，菅野洋子如遇鬼魅，徑直朝疾馳而來的計程車撞去……一個個妙齡女子循著一條隱隱的奪命線索無端自殺，一股巨大的暗黑力量正朝下一個目標逼去……當死神步步緊逼，你能否聽懂奪命的呢喃？,3,用戶明確表示喜歡「黑暗懸疑」類作品，且極度排斥後宮、賣肉及低俗福利。推薦書籍《魔術的耳語》標記為懸疑與黑暗，劇情圍繞連環自殺之謎展開，氛圍冷峻，完全符合用戶對風格的需求，且從簡介看完全沒有後宮或福利傾向，是極佳的匹配。
q23,"最近不知道要看什麼，想請大家推薦一些好看的作品

裝逼開掛類的
黑暗懸疑的
或是一些風格冷門的都還算喜歡
只有一個大前提，不要後宮，不要賣肉（好像變2個大前提了？
不喜歡那種明明男主沒幹什麼但每個女角都喜歡他，非得要的話2個是極限，而且劇情希望能別注重在他們愛來愛去互刷好感度卻又不決定人選的地方，如果是冒險類作品增加同伴的時候，可以的話別清一色都女的偶而也增加點男性同伴也好（都女的最後8成都變後宮
再來不要硬賣一些福利，例如某漫畫的黎斗摔，或者是洗澡時剛好開門，或者是組個樂團為了討老師歡心換了泳裝演奏……這種的不太能接受

喜歡偏向下剋上（不管是強者因未知原因被分到弱組還是靠努力爬上來把上位者打趴的都喜歡）
描寫內心戲多的（黑掉壞掉，或是溫馨感動的都喜歡）
不好意思這麼麻煩…因為總感覺現在大眾向的作品，開掛後宮福利都會有，希望能找到一些後宮福利少點的",82a8704b-9cdf-5d55-a626-b3638da6d25f,是不是搞錯了什麼,Alpaca is God beast,10.0,連載,"青春, 龍傲天, 原生幻想, 華文輕小說",變成了女孩子？——靈魂分裂了。力量只剩一小部分？——離譜。感覺好弱？——不會用。我是皇女？——人家說是就是。魔王很溫柔？——不一定。我的目的是什麼？——不知道。聖女想弒神？——沒毛病。學校不正常？——也不看看誰不正常。我的目的是什麼？——不知道。我的結局？——什麼都不管會通往悲劇。,2,該作品標記為「龍傲天」，符合使用者對「開掛」的需求；其性別轉換（TS）與靈魂分裂的設定屬於較冷門的風格。由於主角變為女性，極大地降低了使用者最排斥的「男主後宮」與「男性視角福利」情節出現的機率。劇情涉及弒神與避免悲劇，具有一定的懸疑感與內心戲潛力。雖然沒有明確強調「下剋上」，但整體方向與使用者的排雷需求高度契合。
q23,"最近不知道要看什麼，想請大家推薦一些好看的作品

裝逼開掛類的
黑暗懸疑的
或是一些風格冷門的都還算喜歡
只有一個大前提，不要後宮，不要賣肉（好像變2個大前提了？
不喜歡那種明明男主沒幹什麼但每個女角都喜歡他，非得要的話2個是極限，而且劇情希望能別注重在他們愛來愛去互刷好感度卻又不決定人選的地方，如果是冒險類作品增加同伴的時候，可以的話別清一色都女的偶而也增加點男性同伴也好（都女的最後8成都變後宮
再來不要硬賣一些福利，例如某漫畫的黎斗摔，或者是洗澡時剛好開門，或者是組個樂團為了討老師歡心換了泳裝演奏……這種的不太能接受

喜歡偏向下剋上（不管是強者因未知原因被分到弱組還是靠努力爬上來把上位者打趴的都喜歡）
描寫內心戲多的（黑掉壞掉，或是溫馨感動的都喜歡）
不好意思這麼麻煩…因為總感覺現在大眾向的作品，開掛後宮福利都會有，希望能找到一些後宮福利少點的",7151698c-267d-5163-a943-8de8afeb0106,昏暗宮殿的死者之王,槻影,52.1,連載,"奇幻, 戰鬥, 戀愛, syosetu, Web輕小說",（幽冥宮殿的死者之王web版）――我不想死。我想要自由。若是為此，我――甘願成為「怪物」。給全身帶來永無止境的劇烈疼痛，令人衰弱最後造成死亡的奇病。患此病的少年經歷了數年的痛苦，最後甚至沒有餘力感受絕望，在無人看護的情況下結束了人生。然後少年再次蘇醒之時――卻由邪惡的死靈魔術師用力量變成了最低級的不死族，「死肉人」。少年得到了感受不到痛苦的身體，歡欣鼓舞，但又馬上發現自己現在的處境和之前被支配，軟禁在病床上的時候沒什麼差別。但是世界並沒有放過這個追求平穩的少年。用死靈魔術讓少年從屍體中復活，並給予恩德之名的死靈魔術師；對屬於黑暗之物窮追不捨，拚命殲滅的終末騎士團；把眾多魔物收作手下，君臨各地進行爭奪的魔王們。目的是生存和自由。必要的是力量和謹慎。這是，追求自由、有時戰鬥、有時逃跑、有時膽怯、有時躊躇、膽小的死者之王的故事。,3,這部作品高度契合使用者的需求：1. 黑暗風格：設定為死靈魔術與不死族，基調沉重且涉及生存掙扎。2. 下剋上：主角從最低級的「死肉人」逐步成長，完全符合下剋上的設定。3. 內心戲：簡介中強調了主角對痛苦、自由的渴望以及膽怯、躊躇的心理描寫。4. 避開後宮福利：該作重點在於生存與力量的追求，並非典型的後宮賣肉向作品，符合使用者對非大眾向、少福利的偏好。
q23,"最近不知道要看什麼，想請大家推薦一些好看的作品

裝逼開掛類的
黑暗懸疑的
或是一些風格冷門的都還算喜歡
只有一個大前提，不要後宮，不要賣肉（好像變2個大前提了？
不喜歡那種明明男主沒幹什麼但每個女角都喜歡他，非得要的話2個是極限，而且劇情希望能別注重在他們愛來愛去互刷好感度卻又不決定人選的地方，如果是冒險類作品增加同伴的時候，可以的話別清一色都女的偶而也增加點男性同伴也好（都女的最後8成都變後宮
再來不要硬賣一些福利，例如某漫畫的黎斗摔，或者是洗澡時剛好開門，或者是組個樂團為了討老師歡心換了泳裝演奏……這種的不太能接受

喜歡偏向下剋上（不管是強者因未知原因被分到弱組還是靠努力爬上來把上位者打趴的都喜歡）
描寫內心戲多的（黑掉壞掉，或是溫馨感動的都喜歡）
不好意思這麼麻煩…因為總感覺現在大眾向的作品，開掛後宮福利都會有，希望能找到一些後宮福利少點的",9bf96ceb-b831-5056-bb7c-bae6e61a5372,墮天使拷問刑,飛鳥部勝則,25.9,完結,"校園, 懸疑, 黑暗, 驚悚, 戀愛, 其他文庫, 日本輕小說",因為事故失去了雙親的初中一年級學生如月拓馬被母親家族收養，但在那裡，崇拜魔法的祖父卻死於密室。幾年前，三個女性成員圍繞著祖父和鎮長之位發生了斬首事件。這兩起異常死亡被傳言是由祖父召喚惡魔所致。在這樣一個被詛咒的小鎮上，拓馬對喃喃自語『想去月球』的少女江留美麗產生了好感。他們不知道殘忍的斬首事件將再次發生……,3,推薦作品符合使用者明確要求的「黑暗懸疑」風格，且從簡介來看，劇情重心在於密室、斬首事件與小鎮詛咒，並非使用者厭惡的後宮福利向作品。雖然沒有明顯提到「下剋上」或「開掛」，但高度契合其對黑暗風格與懸疑氛圍的偏好。
q23,"最近不知道要看什麼，想請大家推薦一些好看的作品

裝逼開掛類的
黑暗懸疑的
或是一些風格冷門的都還算喜歡
只有一個大前提，不要後宮，不要賣肉（好像變2個大前提了？
不喜歡那種明明男主沒幹什麼但每個女角都喜歡他，非得要的話2個是極限，而且劇情希望能別注重在他們愛來愛去互刷好感度卻又不決定人選的地方，如果是冒險類作品增加同伴的時候，可以的話別清一色都女的偶而也增加點男性同伴也好（都女的最後8成都變後宮
再來不要硬賣一些福利，例如某漫畫的黎斗摔，或者是洗澡時剛好開門，或者是組個樂團為了討老師歡心換了泳裝演奏……這種的不太能接受

喜歡偏向下剋上（不管是強者因未知原因被分到弱組還是靠努力爬上來把上位者打趴的都喜歡）
描寫內心戲多的（黑掉壞掉，或是溫馨感動的都喜歡）
不好意思這麼麻煩…因為總感覺現在大眾向的作品，開掛後宮福利都會有，希望能找到一些後宮福利少點的",9b7f2516-e714-52b7-aaca-1cb8b89ac948,屍戀,夏野園子,12.8,完結,"懸疑, 犯罪, 黑暗, 獵奇, 驚悚, 大逃殺, 其他文庫, 日本輕小說",某個城市接連出現部份肉體遭到切除的屍首。被害人全都來自同一所高中，某個升學班的學生。而從被害人家中，竟然找出其他被害人的部份屍塊……隨著調查進行，十八年前發生的監禁滅門懸案也跟著浮上檯面。而班上最美麗的少女，卻被發現有著與當時的倖存者相同的長相？同學之間互相猜疑、殘殺、終至步上瘋狂，只為了滿足自身性癖，切下死者的屍體帶走──人都有理性，但是也有許多人憎恨理性。想想看，你最想要的是部位是……？,3,用戶明確要求「黑暗懸疑」或「風格冷門」的作品，且強烈排斥後宮與傳統的賣肉福利情節。該書標籤包含懸疑、黑暗、獵奇與驚悚，完全符合用戶對黑暗風格的需求，且劇情重心在於犯罪與瘋狂，並非後宮或賣肉向作品，是非常契合的推薦。
q24,"要求有點難找
希望推薦""戰爭+戀愛""要素的輕小說,不是戰""鬥""是戰""爭""
要完結了的,GOOD ENDING最好",ad645c85-5cc4-580a-9279-eabf2c0e6e88,戰姬,夏綠,33.4,完結,"科幻, 戰爭, 機戰, 戀愛, HJ文庫, 日本輕小說",神秘機甲少女們在日本造成了破壞性的打擊，當這十二名身帶羽翼的少女從發出紅黑色光芒的火炎當中振翼而飛之時，靜矢赫然發現六年前他所看見的那名少女露夏娜亦在其中，不可思議的邂逅，誘使靜矢一步步走向戰場。,3,該書明確包含「戰爭」與「戀愛」兩大核心要素，且劇情設定涉及機甲少女對國家的破壞與主角進入戰場，符合使用者要求的「戰爭」規模而非單純的個人戰鬥，高度契合使用者需求。
q23,"最近不知道要看什麼，想請大家推薦一些好看的作品

裝逼開掛類的
黑暗懸疑的
或是一些風格冷門的都還算喜歡
只有一個大前提，不要後宮，不要賣肉（好像變2個大前提了？
不喜歡那種明明男主沒幹什麼但每個女角都喜歡他，非得要的話2個是極限，而且劇情希望能別注重在他們愛來愛去互刷好感度卻又不決定人選的地方，如果是冒險類作品增加同伴的時候，可以的話別清一色都女的偶而也增加點男性同伴也好（都女的最後8成都變後宮
再來不要硬賣一些福利，例如某漫畫的黎斗摔，或者是洗澡時剛好開門，或者是組個樂團為了討老師歡心換了泳裝演奏……這種的不太能接受

喜歡偏向下剋上（不管是強者因未知原因被分到弱組還是靠努力爬上來把上位者打趴的都喜歡）
描寫內心戲多的（黑掉壞掉，或是溫馨感動的都喜歡）
不好意思這麼麻煩…因為總感覺現在大眾向的作品，開掛後宮福利都會有，希望能找到一些後宮福利少點的",c1671ecc-ad1e-54f8-a629-7c7f3f6a01a0,暗之皇太子,金澤有幸,26.6,連載,"奇幻, 懸疑, 戰鬥, 耽美, 少女文庫, 日本輕小說",「只要有光就會產生影子——維持世界平衡的『暗（影）世界』或許真的存在。」經人引薦，萬人迷後認識了名為主神言的少年，對方開口就是一句謎樣話語。儘管後感到一頭霧水，還是為莫名親近自己的言當起了京都嚮導，豈料兩人竟在路上被從未見過的怪物襲擊！此外還被自稱「安倍晴明」的詭異人物追著跑（名字怪不說，形跡更是可疑）……逐漸聚集到後身邊的十二神將究竟是何許人也？言的真實身分又是——！？充滿個性的暗之繼承者們，即將展開一場現代版陰陽大戰！！,2,該書符合使用者對「黑暗懸疑」與「冷門風格」的需求，且完全避開了使用者極力反對的「後宮」與「福利/賣肉」情節（本作為耽美/少女文庫，非男主後宮向）。雖然使用者提到不喜歡過多注重於「互刷好感度」的劇情，而耽美作品通常較側重情感描寫，但整體在類型與禁忌項上的匹配度尚可。
q24,"要求有點難找
希望推薦""戰爭+戀愛""要素的輕小說,不是戰""鬥""是戰""爭""
要完結了的,GOOD ENDING最好",3154fd19-0f17-59c1-93ca-5147e84fd473,重裝武器,鐮池和馬,267.2,完結,"科幻, 戰爭, 機戰, 戀愛, 電擊文庫, 日本輕小說",結果戰爭沒有消失。但是有了變化。在人類默默進行無聊的彼此殺戮之中產生變化。超大型武器．OBJECT。它的出現改變戰爭的一切。派遣來到戰場留學的學生．庫溫瑟，在整備基地遇見帶著奇妙氛圍的少女。人稱「ELITE」的那名少女──正是「OBJECT」的駕駛員。在不久的將來，這名微不足道的少年將會為了這名少女，以血肉之軀對抗最強的武器「OBJECT」。這次邂逅就是一切的開端──,3,該作品完全符合用戶要求的「戰爭」與「戀愛」要素。故事背景設定在大型武器改變戰爭形態的世界觀中，強調的是大規模的戰爭體制而非單純的個體戰鬥，且劇情包含主角與少女之間的感情線，與用戶的核心需求高度匹配。
q24,"要求有點難找
希望推薦""戰爭+戀愛""要素的輕小說,不是戰""鬥""是戰""爭""
要完結了的,GOOD ENDING最好",25090f4f-4ffd-5cde-9fe9-c9a19a3896cf,我的她是戰爭妖精,嬉野秋彥,81.8,完結,"校園, 奇幻, 戰爭, 後宮, 人外, Fami通文庫, 日本輕小說",宮本伊織正面臨危機。班上女同學牧島皐月登門拜訪，他卻對樓上的狀況在意得無以復加。好不容易送辠月離開之後，伊織前往二樓打開衣櫃——裡頭是一名被五花大綁，宛如陶瓷娃娃般的美少女！「克莉絲是戰爭妖精。」就這樣，伊織突然和克莉絲開始同居，還被捲入神秘的死斗……這名少女到底是什麼身分！？兩人將以奇妙的羈絆，踏上一段神秘的戰爭之旅！！,2,該書標題與標籤明確包含「戰爭」與「戀愛（後宮）」要素，符合用戶的核心需求。但從簡介來看，故事包含校園設定與「死鬥」，可能較偏向於戰鬥而非大規模的戰爭敘事，與用戶強調的「不是戰鬥而是戰爭」之區分可能存在些許偏差，因此評分為 2 分。
q24,"要求有點難找
希望推薦""戰爭+戀愛""要素的輕小說,不是戰""鬥""是戰""爭""
要完結了的,GOOD ENDING最好",efb31193-fa12-50fd-aa1f-b136d654164a,對某飛行員的追憶,犬村小六,13.7,完結,"戰爭, 冒險, 戀愛, 小學館, 日本輕小說",「護衛美麗的千金小姐在敵陣中單機航行一萬兩千公里，辦得到吧？」這個荒謬至極的命令，讓雷瓦姆王國的傭兵查爾斯以為自己聽錯了。下任皇妃璜娜是被譽為「光耀五里」的美少女，如此高貴的璜娜，竟然要跟自己這種流民一起展開海上長途飛行之旅？而且，具有無與倫比之強大攻擊力的敵國戰鬥機，還大舉攻向查爾斯和璜娜搭乘的雙座式水上偵察機桑塔庫魯斯。一場戀愛與空戰的故事，在積雨雲攀升藍天的夏日海洋上閃耀發光！,3,推薦書籍明確包含「戰爭」與「戀愛」要素，且劇情設定為在敵陣中航行的空戰護衛任務，符合使用者強調的「戰爭」而非單純「戰鬥」的意圖。
q24,"要求有點難找
希望推薦""戰爭+戀愛""要素的輕小說,不是戰""鬥""是戰""爭""
要完結了的,GOOD ENDING最好",f5f8e55f-09f1-5e68-a23b-8b1929c0230e,AHEAD Series 終焉的年代記,川上稔,251.1,完結,"科幻, 校園, 機戰, 戰爭, 戀愛, 電擊文庫, 日本輕小說",過去，世界曾與平行存在的10個異世界進行戰鬥，這場所謂的概念戰爭獲勝以來已經過了60年。由於一切事實遭到掩飾，所以現代的一般人們對此都毫無所知……高中生佐山御言在祖父死後，突然被巨大企業IAI傳喚。IAI告訴他，負面概念正在加速擴展，讓世界漸漸走向滅亡。為了防止情況繼續惡化，必須與各個異世界的殘存者進行交涉，要求他們解放手中的10個概念。於是，佐山便為了處理概念戰爭留下的許多遺恨，而掉進最後一戰的漩渦之中……,3,該書標籤明確包含「戰爭」與「戀愛」，且內容涉及平行世界之間的「概念戰爭」及其遺留問題，符合用戶要求的大規模戰爭而非單純個人戰鬥的設定，與用戶核心意圖高度匹配。
q24,"要求有點難找
希望推薦""戰爭+戀愛""要素的輕小說,不是戰""鬥""是戰""爭""
要完結了的,GOOD ENDING最好",e87464cf-c1f4-5e2a-81ae-7a707af1a908,德爾菲尼亞戰記,茅田砂胡,286.5,完結,"奇幻, 冒險, 戰爭, 戀愛, 性轉, 轉生, 異世界, 其他文庫, 日本輕小說",被刺客追襲的飄泊戰士渥爾，與從異世界而來的迷途少女莉，兩個孤獨的戰士在刀鋒之中偶然相遇了。德爾菲尼亞王國的未來。與阿貝爾德倫大陸的命運因此而有劇烈的改變！被後世稱為「獅子王」與「姬將軍」的兩人冒險故事從此展開……,3,該書標題為《戰記》，內容涉及王國未來與大陸命運，符合使用者要求的「戰爭」而非單純「戰鬥」的大規模衝突設定；同時標籤明確包含「戀愛」，完美契合使用者對「戰爭+戀愛」要素的需求。
q24,"要求有點難找
希望推薦""戰爭+戀愛""要素的輕小說,不是戰""鬥""是戰""爭""
要完結了的,GOOD ENDING最好",89d172e8-6881-53a9-907c-2ac2faaf3b1e,戰略據點32098 樂園,長谷敏司,6.1,完結,"科幻, 機戰, 戀愛, 角川文庫, 日本輕小說",蔚藍、深邃而廣闊的天空中，閃耀著潔白的雲朵。波浪般起伏的綠色草原。大地上矗立著無數廢棄的宇宙戰艦。在持續千年的星際戰爭之中，主角瓦羅亞孤身一人降落到敵軍拚死守護的神秘星球上。在那裡，他遇見了敵方的機器人士兵加達爾巴和一名名叫瑪利亞的少女。不知何時，他厭倦了調查任務，逐漸習慣了與二人共度的牧歌式生活。就在此時，他察覺到了這個星球與少女身上所隱藏的驚人真相！新銳作家筆下動人肺腑的科幻浪漫故事。榮獲第6屆SNEAKER大獎金獎。,3,該作品設定在持續千年的星際戰爭背景下，且明確包含戀愛要素，完全符合使用者要求的「戰爭+戀愛」核心意圖，且其「戰略據點」的設定符合使用者強調的「戰爭」而非單純「戰鬥」的要求。
q24,"要求有點難找
希望推薦""戰爭+戀愛""要素的輕小說,不是戰""鬥""是戰""爭""
要完結了的,GOOD ENDING最好",5dd8a5af-5ad8-59ad-b4fe-15d538eb4c54,小魔女與飛天狐,南井大介,14.5,完結,"戰爭, 戀愛, 大小姐, 電擊文庫, 日本輕小說","里比脫利亞空軍的皇牌機師--克勞斯在某天突然被任命為""解決內戰的重要王牌""那種程度的重要人物的助手。然而,等著他的卻是年僅16歲的少女阿娜莉莎。聽聞她是名門拉姆斯堤家的大小姐，在國家最高學府以11歲的年齡畢業的天才。「戰爭之類的馬上就能把它終結」這樣放肆地誇下海口的」小魔女」所帶來的各種麻煩下，克勞斯能平安地勝任那大小姐的騎士這職位嗎？而且阿娜莉莎真的能使戰爭終結嗎？這是由""麻煩魔女""與""牢騷之狐""所交織而成的現代童話。",3,該作品明確包含「內戰」、「空軍皇牌」等戰爭背景設定，且標籤與內容均涉及「戀愛」要素，符合使用者要求「戰爭而非僅是戰鬥」的核心意圖。
q24,"要求有點難找
希望推薦""戰爭+戀愛""要素的輕小說,不是戰""鬥""是戰""爭""
要完結了的,GOOD ENDING最好",f8f1556a-5338-5097-950e-575a98aaec2d,發條精靈戰記 天鏡的極北之星,宇野朴人,193.5,完結,"奇幻, 戰爭, 戀愛, 後宮, 電擊文庫, 日本輕小說",卡托瓦納帝國是與鄰接的齊歐卡共和國處於戰爭狀態的大國。在其國境之內的某個角落，有一名因為某些內情，而以不情不願的態度準備參加高等軍官甄試的少年，名為伊庫塔。伊庫塔是個厭惡戰爭、懶惰散漫、愛好女色的人。在當時，沒有任何人預料到這樣的他，之後會打算成為、甚至被稱呼為名將的軍人……以身為軍人的卓越才能，在戰亂四起的世界裡努力求生的少年，伊庫塔。本書描述他波濤洶湧的至今生涯，一場盛大的奇幻戰記在此揭幕！,3,該作品明確包含「戰爭」與「戀愛」要素，且故事設定涉及帝國與共和國之間的國家規模戰爭、軍官甄試及名將成長，完全符合使用者要求的「戰爭（而非僅是戰鬥）」之核心意圖。
q24,"要求有點難找
希望推薦""戰爭+戀愛""要素的輕小說,不是戰""鬥""是戰""爭""
要完結了的,GOOD ENDING最好",71f5fa8e-1551-527c-877d-b0c6680158db,約定之柱，落日的女王,いわなぎ一葉,12.3,完結,"戰爭, 戀愛, 富士見文庫, 日本輕小說",「不要把這當成是對我的背叛」即便知道了一切，庫莉姆還是微笑著，抱住了卡爾洛。「我不會要求你留下來」鄰國的威脅迫近，而家臣們又一味地只為私慾所動。在身處危機感中卻又無可奈何，受到孤立的修拉托斯年輕女王庫莉姆艾菈面前，出現了一名戰士。名為卡爾洛的那名男子，展露了他在政治，軍事上的成熟手腕。並且在短時間內，成為了庫莉姆心中十分重要的存在。……但是，他有一個秘密……而且由於這個原因，兩人無法走在同一條道路上。即便如此，庫莉姆和卡爾洛仍然起誓——「無論何時，都要一起活下去」。為了守住約定，兩人和「命運」開始了戰鬥。第16回Fantasia長篇小說大賞准入選受賞的純愛故事。一場邂逅超越時間，將世界改變——,3,該書完全符合用戶要求的「戰爭+戀愛」要素。內容涉及鄰國威脅、政治與軍事手腕以及女王與戰士之間的純愛故事，明確區分於單純的「戰鬥」而更偏向整體局勢的「戰爭」背景，與用戶核心需求高度契合。
q24,"要求有點難找
希望推薦""戰爭+戀愛""要素的輕小說,不是戰""鬥""是戰""爭""
要完結了的,GOOD ENDING最好",5f94be48-395c-5b58-bc2e-c7fccca5abc7,終將墜入愛河的Vivi Lane,犬村小六,83.2,完結,"科幻, 旅行, 冒險, 戀愛, 人外, 小學館, 日本輕小說",「去找ViviLane。」懷著乾妹妹的請求，貧民窟的少年踏上旅程。生命有限的人工少女與擁有自我意識的機兵。斜陽王國的公主、性別不詳的天才駕駛、遭皇帝拋棄的侍女之子……旅途中遇見各自懷有傷疤的夥伴，少年日後將化身為世人所稱的「災厄魔王」，對由樂園支配的世界掀起反旗。尋找ViviLane，如此渺小的旅程不知何時，竟掀起了時代巨浪，引發改變世界的大戰——傷痕纍纍的少年少女交織出的戀愛與戰火，於此揭開序幕！,3,該作品明確提到「引發改變世界的大戰」以及「戀愛與戰火」，符合用戶要求的「戰爭」而非僅是個體的「戰鬥」，且包含核心的戀愛要素，高度契合用戶需求。
q24,"要求有點難找
希望推薦""戰爭+戀愛""要素的輕小說,不是戰""鬥""是戰""爭""
要完結了的,GOOD ENDING最好",80c8b8ad-7c7f-5756-b6f6-7a1be7336241,被NTR之後我死了。死而復生後，她的第二次告白 ——但一切都太遲了（復仇作戰進行中）,月平遙燈,23.0,完結,"青春, 戀愛, 復仇, kakuyomu, Web輕小說",我看到了女友——四葉莉愛。還是跟我的同事九頭見龍太一起從飯店出來的那一刻。連夜加班到清晨，體力與精神都被削弱的我，毫無戰鬥的力氣。我壓抑嗚咽，淚流滿面，陷入絕望，恍惚間走在馬路上。被車撞死的我，醒來時躺在自宅床上。不可思議的是，時間倒流了。此刻的我是大學四年級生。走在校園，眼前出現連續三年贏得選美冠軍的美女——星滿宮美櫻。她帶著跟隨者走來，我突然想起……她在春天死了。猶豫再三，我決定告訴她死因。結果，因我的幫助而獲救的美櫻，以她的溫柔觸動了我，我將一切和盤托出：在黑心企業咬牙奮鬥，身心具疲；以及……女友的背叛。與死前一樣，四葉莉愛再次向我告白，我猶豫是否接受。美櫻說：「那就讓她出軌啊。如果她不出軌，就能牢牢抓住她的心。如果她又像之前一樣出軌……」——就執行復仇作戰！於是，我與星滿宮美櫻的漫長一年開始了。,1,使用者明確要求的是「戰爭」（大規模軍事衝突）而非單純的「戰鬥」或人際衝突。該推薦作品雖然包含「戀愛」要素，但其標題中的「作戰」是指感情復仇計畫，完全沒有戰爭背景，與使用者的核心需求不符。
q24,"要求有點難找
希望推薦""戰爭+戀愛""要素的輕小說,不是戰""鬥""是戰""爭""
要完結了的,GOOD ENDING最好",5f9fa17c-ce9b-5631-9374-5526088ad0f3,日和的請求是絕對的,岬鷺宮,35.8,完結,"科幻, 校園, 青春, 戀愛, 電擊文庫, 日本輕小說",山，海，坡的街道。我和日和——在⟨大概⟩是日本的盡頭⟨一定⟩是世界的盡頭的這個街道，相遇了。她溫柔，可愛，還有點隨波逐流拿不定主意。但是.......「我的願望是——絕對的」無論是誰只要聽到就絕對不能逆轉的「請求」。她擁有的這種力量，對我的人生，對整個世界都進行著決定性的變革。然後到最後——日和請求的結果是——。「——但是，請全部忘掉吧」明明世界是如此容易崩壞，但是我們的戀情無論如何都不會結束——這是在無法終結的世界裡，說不定，是最後的戀愛故事。,0,使用者明確要求「戰爭 + 戀愛」且特別強調必須是「戰爭」而非單純的「戰鬥」。該推薦書籍雖然包含戀愛要素，但其標籤與簡介顯示為校園科幻風格，完全沒有涉及戰爭、軍事或大規模衝突的情節，不符合使用者的核心需求。
q24,"要求有點難找
希望推薦""戰爭+戀愛""要素的輕小說,不是戰""鬥""是戰""爭""
要完結了的,GOOD ENDING最好",344f1b82-a654-50a6-9684-ea65060ddae7,最終兵器彼女,江良至,5.3,完結,"科幻, 戰爭, 小學館, 日本輕小說",嬌小可憐毫不起眼的高三女孩千瀨和不愛表達自己但內心善良的修次是北海道小樽高中的同班同學。一天千瀨終於鼓足勇氣向修次表達了對他的愛戀，儘管緊張不知所措，但修次仍然默認了這段感情的開始。毫無戀愛經驗的兩個人，不知道如何營造這份愛情，最後決定用交換日記的方式來互訴心聲，就這樣他們開始了他們笨拙的愛情故事。一天，修次和朋友阿淳及其青梅竹馬的明美一起去札幌買東西。正在他們開心地買東西時，空中突然出現無數轟炸機，並對札幌開始了猛烈的轟炸。所有的人都慌忙四竄，修次被倒塌的建築砸倒，腳受重傷完全不能動彈，眼看轟炸機從他頭頂掠過的瞬間，一個帶著……,3,該作品完美契合用戶要求的「戰爭+戀愛」要素，且明確區分於單純的個人戰鬥，而是在大規模戰爭與毀滅的背景下展開的愛情故事。雖然結局偏向悲劇而非用戶偏好的 Good Ending，但就核心主題與類別而言是極佳的匹配。
q24,"要求有點難找
希望推薦""戰爭+戀愛""要素的輕小說,不是戰""鬥""是戰""爭""
要完結了的,GOOD ENDING最好",9fbe9af5-172e-5e88-97bb-cd033630110c,圖書館戰爭,有川浩,103.0,完結,"科幻, 戰爭, 戀愛, 電擊文庫, 日本輕小說",故事發生在公元2019年（正化31年），以反對破壞公序良俗為名制定的法案，已施行了30年。一位女生，為了追求心目中的「王子殿下」——高中時邂逅的一點陣圖書隊員，加入了保護圖書的組織——圖書隊。她的名字，叫做笠原郁。魯莽笨拙，卻正直率真的郁，頑強不屈的熱情得到認同，入隊後被分配到精英部隊——圖書特種部隊，然而……?!,3,本書明確包含「戰爭」與「戀愛」兩大要素，且其設定是以軍事化組織對抗體制，符合使用者要求的「戰爭」而非單純「戰鬥」的意圖，是高度相關的推薦。
q24,"要求有點難找
希望推薦""戰爭+戀愛""要素的輕小說,不是戰""鬥""是戰""爭""
要完結了的,GOOD ENDING最好",8c4814f2-3598-5c34-9b70-2eece3f156e4,獻給某飛行員的戀歌,犬村小六,62.4,完結,"戀愛, 戰爭, 冒險, 小學館, 日本輕小說",「這根本是經過粉飾的放逐劇！」在數萬名市民歡送之下，空中之島伊斯拉經由盛大的出航儀式踏上旅程，飛航目的是「尋找天空的盡頭」，理由雖然冠冕堂皇，但卻無人能保證歸期，可說是一場漫無目標的旅程。卡路兒操縱著阿爾康號戰鬥機，冷眼旁觀這場儀式。他曾經是這個國家的第一王子，但在六年前的「風之革命」中失去一切。他憎恨的視線朝向「風之革命」的旗幟人物，新任伊斯拉管區長的妮娜·維恩特……本作品以《對某飛行員的追憶》背景世界為舞台，再度展開戀愛與空戰物語！,3,該作品明確標記有「戰爭」與「戀愛」標籤，且劇情涉及政治革命（風之革命）與大規模的空戰背景，完全符合用戶要求的「戰爭+戀愛」核心意圖，而非單純的戰鬥動作戲。
q24,"要求有點難找
希望推薦""戰爭+戀愛""要素的輕小說,不是戰""鬥""是戰""爭""
要完結了的,GOOD ENDING最好",ac50e949-d80a-54a0-a3f0-7ba455432589,烙印紋章,杉原智則,156.3,完結,"奇幻, 戰爭, 冒險, 戀愛, 電擊文庫, 日本輕小說",這是一個曾被擁有高度智慧的龍所支配，利用魔素支撐著文明的世界。十年內，不斷進行著戰爭的梅菲烏斯和加貝拉想要通過王族間的政治聯姻，為長久的戰爭畫上休止符。幼年時代，因戰爭而背井離鄉的劍鬥士歐魯巴，由於容貌長得和梅菲烏斯皇子如同孿生，而被人與傳聞中的愚蠢王子掉包，代替其進行婚禮。另一方面，好勝的加貝拉公主碧莉娜決心籠絡皇子，以達到為本國謀求利益的目的。在這樣兩人的婚禮途中，突然有人對他們展開了襲擊——！？兩人的內心與和平的未來究竟會如何發展？杉原智則奉上的幻想故事登場！,3,推薦書籍完全符合使用者要求的「戰爭+戀愛」要素。故事設定在兩國之間持續十年的戰爭背景下，且劇情核心圍繞著旨在結束戰爭的政治聯姻展開，明確屬於大規模的「戰爭」而非單純的個人「戰鬥」，與使用者意圖高度匹配。
q1,"現在對於小說的要求越來越高了，
而且慢慢的發現現在除了狗糧基本上都看不進去，
連以很喜歡的異世界主題都看不進去了，
好想念從前那個什麼都可以看得很快樂的自己

說回主題，希望可以找到沒看過的狗糧系小說，
可以接受小刀，但一定要無黃毛無牛頭人，
但背景自帶沈重的例如「戀愛光譜」「刮鬍」這一類的也不喜歡，
黨爭就...看情況吧但其實我也一般般",4d3fcad4-1206-5ccb-9d73-37ef63eaa03a,雖然我被同年級兩大美少女甩了，但不知為何她們似乎愛上我了。,あおぞら,20.3,完結,"校園, 青春, 戀愛, 後宮, 妹妹, 歡樂向, kakuyomu, Web輕小說",「妳們兩個明明甩了我吧？」「嗯。」「……為什麼會跟著我？」【本篇完結】【隨意更新番外篇】我——佐佐木瑛太，想要一個女朋友。原因是，周圍的情侶越來越多，還有跟我結成非戀愛同盟的兩個好友也各自有了女朋友。因此，我向同年級裡最可愛的兩位美少女告白了。然而，結果本應該是慘敗——但卻……「……妳們兩個在幹嘛？」「啊，瑛太君……呃，其實……」「我們在跟蹤你，沒有其他意思。還有，給我午餐。」「妳們這樣明明就有其他意思吧！居然能說出沒有的話來！？而且我今天不是說了沒有午餐嗎！？」不知不覺中，卻莫名其妙地被她們所喜愛。真的是為什麼呢？◯每一話大約1500字左右。◯感謝在各類別日間、週間、月間排名第一！！◯感謝在各類別年間排名第十！！◯感謝300萬PV！,3,使用者明確要求尋找輕鬆、無NTR/黃毛、且沒有沈重背景的「狗糧」系小說。推薦的書籍為典型的校園歡樂向後宮戀愛小說，情節輕鬆且重點在於美少女對主角的愛慕，完全符合使用者對「甜寵」且「氛圍輕鬆」的需求，且不含任何沈重元素。
q1,"現在對於小說的要求越來越高了，
而且慢慢的發現現在除了狗糧基本上都看不進去，
連以很喜歡的異世界主題都看不進去了，
好想念從前那個什麼都可以看得很快樂的自己

說回主題，希望可以找到沒看過的狗糧系小說，
可以接受小刀，但一定要無黃毛無牛頭人，
但背景自帶沈重的例如「戀愛光譜」「刮鬍」這一類的也不喜歡，
黨爭就...看情況吧但其實我也一般般",d3a45ca7-aeef-58be-a2ef-e3fc11ab75e4,是啊，確實很可愛呢,刈野ミカタ,13.8,完結,"校園, 奇幻, 青春, 戀愛, 歡樂向, MF文庫J, 日本輕小說",煩人學妹女友與酷嬌學長男友之你們快點結婚吧戀愛喜劇！這本小說是甜寵戀愛喜劇──男女朋友剛開始交往時，兩人青澀時期的紀錄。男方是渡世戒理，17歲的高中一年級生（留級兩次）。他剛從兩年的長眠醒來，是個有隱情的少年。女方的名字是桑折那乃，16歲的高中一年級生。她喜歡化妝打扮和有趣的事物，是個有點煩人的美少女。這對情侶平常的對話大概如下……「學長～♪今天的我也特別可愛對吧～？你可以說些話讚美我哦～」「是啊，確實很可愛呢。」「～～（害羞）」「桑折？」「……你就是這一點讓人傷腦筋，學長！！」。這本書只是描述了有點脫線的學長，毫無自覺地寵愛女友，讓學妹女友害羞臉紅的故事。既沒有女角間的比拚，也沒有毀滅的危機，甜死人不償命的愛情喜劇，開幕。,3,使用者明確要求尋找純甜、無NTR、無沉重背景的「狗糧」小說。推薦的小說標榜為甜寵戀愛喜劇，且在簡介中明確提到「沒有女角間的比拚，也沒有毀滅的危機」，完全符合使用者想要輕鬆、愉快且無壓力閱讀的核心需求。
q1,"現在對於小說的要求越來越高了，
而且慢慢的發現現在除了狗糧基本上都看不進去，
連以很喜歡的異世界主題都看不進去了，
好想念從前那個什麼都可以看得很快樂的自己

說回主題，希望可以找到沒看過的狗糧系小說，
可以接受小刀，但一定要無黃毛無牛頭人，
但背景自帶沈重的例如「戀愛光譜」「刮鬍」這一類的也不喜歡，
黨爭就...看情況吧但其實我也一般般",73de3b5e-3465-5df5-9eef-1e963cced569,喜歡上了她？,zzkr,8.1,連載,"校園, 青春, 戀愛, 歡樂向, 青春日常, 華文輕小說",從喜歡上她的那個冬天，我的青春開始了。初次見面的陽光型美少女主動要和我交朋友。高中生活的伊始，和喜歡的女生分到了一個班，不過同桌竟然是…………校園青春戀愛喜劇，正式開始！,3,用戶明確要求尋找「狗糧系」（甜蜜戀愛）小說，並排除沉重背景、NTR與黃毛。推薦的小說標籤為「歡樂向」、「戀愛」、「校園青春」，且簡介描述為校園戀愛喜劇，完全符合用戶對輕快、甜蜜氛圍的需求，且沒有任何沉重元素，是非常理想的匹配。
q1,"現在對於小說的要求越來越高了，
而且慢慢的發現現在除了狗糧基本上都看不進去，
連以很喜歡的異世界主題都看不進去了，
好想念從前那個什麼都可以看得很快樂的自己

說回主題，希望可以找到沒看過的狗糧系小說，
可以接受小刀，但一定要無黃毛無牛頭人，
但背景自帶沈重的例如「戀愛光譜」「刮鬍」這一類的也不喜歡，
黨爭就...看情況吧但其實我也一般般",2505b8dd-670c-5fe0-8cd0-6b94797b319a,從被甩開始的戀愛喜劇,金木犀,7.2,連載,"校園, 青春, 戀愛, 歡樂向, 後宮, 富士見文庫, 日本輕小說",分手，變為一人，然後，與她們相遇。田崎春人勉強自己，演繹成陽角，偽裝起自己，作為這樣做的結果，他被女朋友甩了。這也是沒辦法的事。從今往後就不要勉強，以原本的陰暗性格安靜生活吧。但，回歸普通人的結果——他收到了來自一本正經的委員長，桐谷的告白。春人對理應連接點都沒有的她的話語感到困惑。桐谷爽快說道「先從朋友做起」，春人便和她結成了不可思議的交友關係。除此之外，他還和在圖書館的文學少女林，爽朗系辣妹高坂擁有了關係。因為不再偽裝自己這件事，他的周圍反而變得喧鬧起來。從略帶苦澀的青春開始的，令人焦躁又甜蜜的戀愛喜劇。,3,使用者希望尋找「狗糧系」（甜寵）小說，要求無黃毛/NTR，且不喜歡過於沉重的背景。推薦的小說是一部校園戀愛喜劇，標籤為歡樂向、戀愛，劇情描述為甜蜜的戀愛喜劇，符合使用者對甜度與輕快氛圍的需求，且無違背禁忌之內容。
q1,"現在對於小說的要求越來越高了，
而且慢慢的發現現在除了狗糧基本上都看不進去，
連以很喜歡的異世界主題都看不進去了，
好想念從前那個什麼都可以看得很快樂的自己

說回主題，希望可以找到沒看過的狗糧系小說，
可以接受小刀，但一定要無黃毛無牛頭人，
但背景自帶沈重的例如「戀愛光譜」「刮鬍」這一類的也不喜歡，
黨爭就...看情況吧但其實我也一般般",c3c99d71-277c-5706-a039-3e72a6fe4df3,崇尚自由的我，不想出演戀愛喜劇,只是你手太涼,7.1,連載,"校園, 戀愛, 歡樂向, 青春日常, 華文輕小說",柊星夜，崇尚自由主義者，目標是過上洒脫無憂的自由生活。戀愛？是致命的毒藥，是完全禁止觸碰的存在。與可愛病嬌的學園偶像；冷淡毒舌的美麗書友；反差御姐的同班辣妹；又愛又恨的小惡魔學妹們的——青春戀愛喜劇正式上演。,3,使用者希望能尋找輕鬆、無 NTR、且背景不沈重的「狗糧」系小說。推薦書籍為校園戀愛喜劇，標籤包含「歡樂向」與「青春日常」，完全避開了使用者厭惡的沈重設定，且符合戀愛主題，是非常適合的推薦。
q1,"現在對於小說的要求越來越高了，
而且慢慢的發現現在除了狗糧基本上都看不進去，
連以很喜歡的異世界主題都看不進去了，
好想念從前那個什麼都可以看得很快樂的自己

說回主題，希望可以找到沒看過的狗糧系小說，
可以接受小刀，但一定要無黃毛無牛頭人，
但背景自帶沈重的例如「戀愛光譜」「刮鬍」這一類的也不喜歡，
黨爭就...看情況吧但其實我也一般般",56af5ab9-4ab1-5fb1-a62a-4e2c145e2e57,小惡魔學妹纏上了被女友劈腿的我,御宮ゆう,90.9,完結,"校園, 青春, 戀愛, 後宮, 歡樂向, 角川文庫, 日本輕小說",聖誕節前夕被女友劈腿的我──羽瀨川悠太。遇見了穿著聖誕老人裝的美少女──志乃原真由。身為學妹的那傢伙，總是捉弄著正處情傷的我，擅自進到我家來又毫無戒心。平常明明會戲弄我，卻又因為看不下去我自甘墮落的生活而做美味的料理給我吃，喝醉回到家還會照顧我……兩人獨處時，露出那種只在我面前展現的表情──相近的距離教人心焦，有點成熟的青春戀愛喜劇登場！本書特色★第四屆KAKUYOMU網路小說大賽，戀愛喜劇類「特別賞」得獎作品！★學妹、女性好友、前女友，徘徊在三者之間，有些成熟的戀愛喜劇登場！,2,該書符合用戶對「狗糧（戀愛）」和「非沉重背景（歡樂向）」的需求。雖然開篇設定是主角被劈腿，但這屬於故事的起因而非 NTR 類作品（牛頭人），後續重點在於與學妹的甜蜜互動。然而，由於劇情中包含前女友且提及在多人之間徘徊，可能會涉及用戶表示一般般（不感興趣）的「黨爭」元素，因此判定為 2 分。
q2,"不好意思,最近異世界需求大了,很想看異世界的故事不一定要轉生類但劍與魔法是必需的.. 已有蜘蛛子了,目前在找一些已經有結局的異世界小說 原本想看哥布林殺手的但是還沒完結啊.....超不想看到一半被中斷了 至少至少...像刀劍那種完了SAO篇再換ALO的方式我還可以接受 請問還有什麼戰鬥類已完結的異世界小說可以推介呢?",56723821-d2bf-527d-816a-e096b3883dca,魔法禁書目錄,鐮池和馬,299.8,完結,"校園, 科幻, 異能, 魔法, 戰鬥, 後宮, 電擊文庫, 日本輕小說",這裡是將「超能力」認知為「一般科學」的反超自然學園都市。一名白衣修女從天而降，來到高中生上條當麻的房間。但那名修女裝扮的少女卻表示，她是從魔法的世界逃到這裡來的。上條對這個自稱是「禁書目錄」的神秘少女的言行相當懷疑，然而真正的「魔法師」，卻在兩人眼前出現──！！－－－－－－－－註：本小說已經完結，歡迎大家繼續關注後續的第二部小說，在本站搜索《新約》(或點擊下面作者名字),1,用戶明確要求「異世界」且必須包含「劍與魔法」的設定。而《魔法禁書目錄》屬於都市幻想/現代異能類故事，背景設定在現代日本的學園都市，雖然有魔法與戰鬥元素，但完全不符合用戶對異世界劍與魔法世界觀的需求。
q2,"不好意思,最近異世界需求大了,很想看異世界的故事不一定要轉生類但劍與魔法是必需的.. 已有蜘蛛子了,目前在找一些已經有結局的異世界小說 原本想看哥布林殺手的但是還沒完結啊.....超不想看到一半被中斷了 至少至少...像刀劍那種完了SAO篇再換ALO的方式我還可以接受 請問還有什麼戰鬥類已完結的異世界小說可以推介呢?",082339fd-cb6e-5002-86db-9040235c020c,TS衛生兵小姐的成名錄,まさきたま,107.1,完結,"轉生, 性轉, 奇幻, 異世界, 戰鬥, syosetu, Web輕小說",TS後的FPS廢人，被捲入異世界奇幻戰爭中的故事。遺憾的是沒有外掛，只能作為小兵一點點地努力。,3,該書符合使用者要求的「異世界」、「戰鬥」以及「奇幻（劍與魔法）」等核心要素。雖然使用者偏好已完結作品，但根據評分指南需忽略狀態限制，因此該書在類型與主題上是非常契合的選擇。
q3,"可以幫忙推薦幾部跟這部風格類似的輕小說
這部吸引我的地方有幾個:
1.男女主角純愛堅定不移
2.各種甜蜜的打情罵俏劇情
3.異世界轉生戰鬥、魔法
4.中間雖然各種虐，但最後還是排除萬難再一起",d894700e-298d-5729-b19d-c203b0a8ad10,如果明天，這個世界就會終結,漆原雪人,20.3,連載,"轉生, 魔法, 戰鬥, 校園, 戀愛, 末日, 角川文庫, 日本輕小說",對這個走向終焉的世界，少女許下心愿。被曾經那位英雄(那個人)所熱愛，且拯救的這個世界。壽命僅剩大約一年。縱使，需要以我的死亡來拯救這個世界——「大咲空先生，拜託了，能請你拯救這個世界嗎？」「你是曾經拯救過這個世界的，『英雄的轉世』」對這個走向終焉的世界，少年捫心自問。回想被召喚來這個世界以後，與少女(尤莉)度過的每一天。有些冒失、愛鬧彆扭，但她偶爾展露的笑容又令我感到欣喜——這個世界，與唯一珍視的女孩子。如果只能拯救其中一方——,3,推薦書籍完全符合使用者的需求：包含轉生、魔法與戰鬥要素；男女主角之間有著深厚且堅定的感情，且描述中提到少女「愛鬧彆扭」，符合打情罵俏的設定；劇情設定（世界終結、拯救抉擇）預示了強烈的虐心過程，整體風格與使用者要求的純愛、異世界戰鬥及虐戀後圓滿的傾向高度一致。
q3,"可以幫忙推薦幾部跟這部風格類似的輕小說
這部吸引我的地方有幾個:
1.男女主角純愛堅定不移
2.各種甜蜜的打情罵俏劇情
3.異世界轉生戰鬥、魔法
4.中間雖然各種虐，但最後還是排除萬難再一起",92b206cd-592e-59bd-830b-a4a17831b6c7,賢者之孫,吉岡剛,114.0,連載,"轉生, 校園, 魔法, 戰鬥, 龍傲天, 戀愛, Fami通文庫, 日本輕小說",一個理應意外身亡的青年，以嬰兒姿態轉世到了異世界！結果被救國英雄──「賢者」梅林．沃夫特撿回家收養，並取名為「西恩」。西恩被當成孫子扶養長大，吸收了梅林畢生所學，練就出一身驚天本領。不過就在他十五歲的那年，梅林爺爺卻說：「忘了教他常識了！」因此，為了學習常識並結交朋友，西恩進入亞爾斯海特高等魔法學院就讀──,2,該書符合異世界轉生、魔法戰鬥以及男女主角純愛的設定，但其劇情風格屬於典型的「龍傲天」無敵流，過程非常順遂，缺乏使用者特別要求的「中間過程各種虐」的情感衝突與艱難挑戰。
q3,"可以幫忙推薦幾部跟這部風格類似的輕小說
這部吸引我的地方有幾個:
1.男女主角純愛堅定不移
2.各種甜蜜的打情罵俏劇情
3.異世界轉生戰鬥、魔法
4.中間雖然各種虐，但最後還是排除萬難再一起",e26708e2-127e-5de0-bb8a-ff05b33cce4c,英雄與賢者的轉生婚姻 ～與曾經的勁敵訂婚成為最強夫婦～,藤木わしろ,20.2,連載,"穿越, 魔法, 龍傲天, 校園, 戀愛, HJ文庫, 日本輕小說",由物理最強×魔法最強攜手帶來的夫婦無雙奇幻故事！！物理最強的青年英雄雷德，與魔法最強的美少女賢者艾露莉亞。兩人曾經作為敵對國家的宿敵不斷交鋒，直到艾露莉亞驟逝，這段關係才迎來落幕……然後，過了千年。雷德轉生到魔法至上的世界，雖然無法使用魔法，不過他依然保有前世的物理最強能力，並與同樣轉生的艾露莉亞再次相遇──「欸，雷德──希望你能和我結婚。」「…………啥？」兩人跨越千年的時光，成為了不自覺卿卿我我的最強夫婦。為了一決高下，他們決定一起進入王立魔法學院就讀!?,3,推薦作品高度符合用戶的所有要求：包含異世界轉生、魔法與戰鬥設定；男女主角關係堅定且有甜蜜的互動（卿卿我我）；且劇情涉及跨越千年的宿敵轉生並最終相愛，符合「排除萬難在一起」的意向。
q3,"可以幫忙推薦幾部跟這部風格類似的輕小說
這部吸引我的地方有幾個:
1.男女主角純愛堅定不移
2.各種甜蜜的打情罵俏劇情
3.異世界轉生戰鬥、魔法
4.中間雖然各種虐，但最後還是排除萬難再一起",a29221ee-5427-5e33-9482-3e98e65ea174,關於轉生成日式幻想黃油路人這件事,鉄鋼怪人,42.4,連載,"病嬌, 後宮, 異世界, 戀愛, 轉生, 戰鬥, syosetu, Web輕小說",看來是轉生成了一款和風幻想遊戲中的無名戰鬥員……順便一提，這款遊戲的類型是色情怪誕的高級致郁遊戲（譯者註：本作標題看著像廁紙類異世界輕小說，但讀起來並非如此）,1,該書雖然符合「異世界轉生」、「戰鬥」與「魔法」的設定，但在核心的情感需求上完全相反：使用者要求的是「純愛」與「甜蜜打情罵俏」，而推薦書籍的標籤包含「後宮」與「病嬌」，且劇情描述為「致郁遊戲」，與使用者追求的純愛堅定風格嚴重不符。
q4,"由於自己的胃口比較獨特的原因，喜歡男主被拋置於各種不利的情節或者感情中，也是因為這樣，喜歡看那些讓人看完后心緒難以平靜的小說，就我看過的來說，無職，re0，妹妹人生，異世界迷宮最深等，在某種程度上來說都有慘烈的一部分（感情上或者情節上都是），也沒有一定要轉生異世界，現實日常要是能描繪出這些來也很好了。
尤其那種男主能不斷被放置在痛苦或者恐懼之中，一邊流露出作者思考的文字的小說，再好不過。",3f6c69b9-6759-5a02-818b-8c04ef9fb2cc,劍豪生死斗,南條范夫,20.1,完結,"戰鬥, 獵奇, 驚悚, 黑暗, 復仇, 日本文學, 其他文庫, 日本輕小說",寬永六年（西元1629年）九月二十四日。在駿河大納言德川忠長破天荒的命令下，十一組對戰人馬，二十二名武藝高強、心思各異的劍士，踏上了前所未見、血腥凄絕的真劍比武戰場。——血染白砂，血染劍鋒。每一次的高聲唱名，必定伴隨著生命的激烈撞擊與消逝。斬裂黑暗的無明逆流、愈是痛楚愈覺強勁的受虐之劍、卑屈不得志的蛤蟆劍法、立志不殺的峰打太刀、變幻莫測的風車手裏劍、隔空斬物的神道陣幕刺，剛猛無儔的飛龍二刀流，以柔克剛的二階堂源流……十一場對戰，十一個糾纏著無數愛恨情仇的故事。刀光劍影划過之處，斬碎的是無明之路，亦是野心與夢想的追逐。揮劍者，觀劍者，各有心思，各有自己不為人知的悲苦與殘缺。當夕陽西下，比武場已化為一片血海；而台上的駿河大納言忠長，卻依然面無表情……「此乃天魔之所為。」後人如是評論道。然而，魔在何處？魔，在心中隱約細微之間，在壓抑的情感潰堤之際。,3,用戶的核心需求是尋找讓男主角陷入痛苦、恐懼或不利情境，且具有情感衝擊力與深層思考的「虐心」作品。推薦的《劍豪生死斗》標籤包含黑暗、復仇、驚悚，劇情描述中強調了「血腥凄絕」、「悲苦與殘缺」以及「壓抑的情感潰堤」，其殘酷的生存鬥爭與角色內心的煎熬高度契合用戶對「慘烈」與「心緒難以平靜」的偏好，且具有一定的文學思考深度。
q4,"由於自己的胃口比較獨特的原因，喜歡男主被拋置於各種不利的情節或者感情中，也是因為這樣，喜歡看那些讓人看完后心緒難以平靜的小說，就我看過的來說，無職，re0，妹妹人生，異世界迷宮最深等，在某種程度上來說都有慘烈的一部分（感情上或者情節上都是），也沒有一定要轉生異世界，現實日常要是能描繪出這些來也很好了。
尤其那種男主能不斷被放置在痛苦或者恐懼之中，一邊流露出作者思考的文字的小說，再好不過。",79777d60-de70-5c25-8008-bc7040dad4a1,願你手擁幸福,ショーン田中,12.0,連載,"奇幻, 戰鬥, 黑暗, 復仇, 病嬌, 後宮, 青梅竹馬, 其他文庫, 日本輕小說",──啊，與其回到過去，我寧願去死。冒險者路易斯所過的是慘敗者般的生活。每天都遭受本應是他同伴的隊伍成員的虐待。一切都與他所嚮往的、成為英雄或勇者的道路相去甚遠。某天，他收到一神秘黑影的邀請，並忽然被他送至過去。‍‌‌‍‍‌‌‍‍‍‌‌‌‍‌‍‍‍‍黑影告訴他，這種機會僅有一次。他心生渴望──渴望這次一定要手擁尊嚴、榮耀以及心愛之人。但是，命運之神不容許那種事發生。同大型魔獸作戰、襲擊貴族府邸、與勇者一同完成委託──與路易斯的想法相悖，他總是被捲入幫助他人的情況當中。不知不覺中，事態朝著與他的願望截然相反的方向發展，那些在他上一世中是他同伴的少女們漸漸對他心生出扭曲的執著及愛意。這是一部陰暗、熱血，為了雪恥，逆轉一切的復仇幻想劇！,2,使用者偏好男主角處於痛苦、恐懼或不利的境地，且希望看完後心緒難平。推薦書籍中男主角初期遭受虐待且生活慘淡，且包含「病嬌」、「扭曲的愛」等黑暗元素，符合使用者對「慘烈」和「不利情節」的需求。然而，該作標榜為「復仇幻想劇」且包含「熱血」與「逆轉」元素，傾向於讓主角翻盤，這與使用者追求的「不斷被放置在痛苦中」以及「心緒難平」的純粹悲劇/壓抑感有所偏差，因此給予 2 分。
q4,"由於自己的胃口比較獨特的原因，喜歡男主被拋置於各種不利的情節或者感情中，也是因為這樣，喜歡看那些讓人看完后心緒難以平靜的小說，就我看過的來說，無職，re0，妹妹人生，異世界迷宮最深等，在某種程度上來說都有慘烈的一部分（感情上或者情節上都是），也沒有一定要轉生異世界，現實日常要是能描繪出這些來也很好了。
尤其那種男主能不斷被放置在痛苦或者恐懼之中，一邊流露出作者思考的文字的小說，再好不過。",2d5280ae-32a9-5732-9bb4-655aa4508950,Dark Lord,十月ユウ,39.8,連載,"戰鬥, 黑暗, 後宮, 富士見文庫, 日本輕小說",「手工造物可是夜伽家族產業的一種」他的名字是瑞亞*奧弗魯*庫洛斯。被稱為暗黑卿的貴族.擁有難以匹敵的美貌與怪物般的力量。經過科學末日而崩壞的世界.變成完全不同的新世界.君臨萬物的王者.與傳達王者命令的貴族.以及被束縛在貴族領地的平民.瑞亞.就是這樣一位統領著黑宵街的貴族.帶著名為琉妃的美麗女僕.共同行走在街上的他.與在街上遇到的囂張的敵人打了起來。所有的黑暗與女人全都要臣服在瑞亞的腳下.他就是這個世界與宿命對戰的黑十字。黑暗與退卻的黑色幻想.在此開幕……,0,使用者明確要求男主角處於不利、痛苦、恐懼或情感慘烈的情境（如 Re:Zero），傾向於看男主受苦的虐心作品。而推薦的書籍《Dark Lord》描述的是一個擁有壓倒性力量、君臨萬物且讓女性臣服的強大男主，屬於典型的強者設定與權力幻想，與使用者的核心需求完全相反。
q4,"由於自己的胃口比較獨特的原因，喜歡男主被拋置於各種不利的情節或者感情中，也是因為這樣，喜歡看那些讓人看完后心緒難以平靜的小說，就我看過的來說，無職，re0，妹妹人生，異世界迷宮最深等，在某種程度上來說都有慘烈的一部分（感情上或者情節上都是），也沒有一定要轉生異世界，現實日常要是能描繪出這些來也很好了。
尤其那種男主能不斷被放置在痛苦或者恐懼之中，一邊流露出作者思考的文字的小說，再好不過。",e4290161-271f-5202-b276-c4baf3a7c072,無間地獄,虛淵玄,19.4,完結,"犯罪, 冒險, 戰鬥, 黑暗, 戀愛, 角川文庫, 日本輕小說",「殺了他吧，為了你自己能夠生存下去……」獨自去美國旅行的少年偶然遭遇到了一起殺人事件，犯人居然是黑手黨最強的殺手『Phantom』。所有記憶都被封印的主人公在名為Phantom的少女那裡學會了無數的暗殺術，隨後一躍成為了組織中最強的暗殺者。在無法無天的凶暴世界中發芽，在槍聲和硝煙中逐漸破滅的純愛將——!?暴力羅曼的最高峰，誕生!,1,用戶明確表示喜歡男主處於不利、痛苦、恐懼的處境，以及能帶來強烈心理衝擊（虐心）的作品（如 Re:Zero、妹妹人生）。推薦的書籍雖然具有「黑暗」標籤且提到「破滅的純愛」，但其核心劇情側重於黑幫犯罪與暗殺戰鬥，且男主最終成為「最強暗殺者」，這種強者設定與用戶追求的「被放置於不利情節中」的受難感有所偏差，僅在氛圍上有部分重疊。
q4,"由於自己的胃口比較獨特的原因，喜歡男主被拋置於各種不利的情節或者感情中，也是因為這樣，喜歡看那些讓人看完后心緒難以平靜的小說，就我看過的來說，無職，re0，妹妹人生，異世界迷宮最深等，在某種程度上來說都有慘烈的一部分（感情上或者情節上都是），也沒有一定要轉生異世界，現實日常要是能描繪出這些來也很好了。
尤其那種男主能不斷被放置在痛苦或者恐懼之中，一邊流露出作者思考的文字的小說，再好不過。",3ab30137-9548-55ec-a0dc-438cb7cda855,Arist Craisi 穴藏惡魔,綾里惠史,35.9,完結,"奇幻, 復仇, 戰鬥, 戀愛, 黑暗, Fami通文庫, 日本輕小說",挖出被活埋的青年的，是一名美麗少女。少女艾莉絲微笑著，對因為沒有心，而被人類忌諱、喚為「無名怪物」(Grauen)的他伸出手，告訴他「我說不定一直在找你呢」。她是被稱做「穴藏惡魔」(AristCraisi)的另一種怪物。但她卻只為殺盡自己十分憎恨的同族「穴藏惡魔」而活──描寫虛無縹緲的悲哀怪物們鬥爭之黑暗奇幻開幕！,3,用戶明確表示喜歡男主角被置於不利、痛苦或恐懼的境地，且追求情感上的慘烈感與心緒難平。推薦書籍《穴藏惡魔》的設定是男主被活埋且身為被忌諱的怪物，且標記有「黑暗」、「復仇」，劇情核心描述「悲哀怪物」的鬥爭，與用戶追求的「慘烈處境」與「黑暗氛圍」高度契合。
q4,"由於自己的胃口比較獨特的原因，喜歡男主被拋置於各種不利的情節或者感情中，也是因為這樣，喜歡看那些讓人看完后心緒難以平靜的小說，就我看過的來說，無職，re0，妹妹人生，異世界迷宮最深等，在某種程度上來說都有慘烈的一部分（感情上或者情節上都是），也沒有一定要轉生異世界，現實日常要是能描繪出這些來也很好了。
尤其那種男主能不斷被放置在痛苦或者恐懼之中，一邊流露出作者思考的文字的小說，再好不過。",a36ee395-3dd9-5aae-81a1-59e870261adb,悲傷的奇美拉,來樂零,46.7,完結,"奇幻, 戰鬥, 戀愛, 黑暗, 青梅竹馬, 電擊文庫, 日本輕小說",電梯停止了。被關起來矢代純以及其他三個男女——十文字誠、水藤深矢、早瀨綾佳，他們在這狹小的箱子里，被異型們襲擊了。自從那不可思議的體驗以來，純他們的身體發生了變化。沒有舊傷的身體、突然恢複的視力、可以看見幽靈的眼睛，以及，無論怎麼吃都無法吃飽的飢餓感。在疑惑的純他們面前，物拔除師七倉和巳出現了。他這麼告訴他們。在電梯中他們所遭遇的是以吃人來生存的「物」，他們四個人現在的身體，已經與這種「物」融合了，這個事實——,2,使用者偏好主角處於不利境地、承受痛苦或恐懼的黑暗風格作品。推薦書目標籤包含「黑暗」，且劇情涉及主角與食人怪物融合、產生無法滿足的飢餓感等設定，符合使用者對「慘烈情節」與「被放置在痛苦之中」的偏好，具有較高的相關性。
q4,"由於自己的胃口比較獨特的原因，喜歡男主被拋置於各種不利的情節或者感情中，也是因為這樣，喜歡看那些讓人看完后心緒難以平靜的小說，就我看過的來說，無職，re0，妹妹人生，異世界迷宮最深等，在某種程度上來說都有慘烈的一部分（感情上或者情節上都是），也沒有一定要轉生異世界，現實日常要是能描繪出這些來也很好了。
尤其那種男主能不斷被放置在痛苦或者恐懼之中，一邊流露出作者思考的文字的小說，再好不過。",e239d9d2-289e-53d0-9b7c-b2ab0f4901cb,煉獄姬,藤原佑,74.7,完結,"奇幻, 懸疑, 冒險, 戰鬥, 黑暗, 電擊文庫, 日本輕小說",在現世的下一個階層是名為「煉獄」的異世界。瀰漫此處的是飽含毒害的大氣，這種氣體能干涉人們的意志、更甚是各種難以估量的可怖性質。螢國的第一皇女艾兒蒂米希雅──艾兒蒂的特異體質讓她體內連結著煉獄之門。她的身邊總有毒氣纏繞，會將靠近身旁的所有人都滅絕，平時就被當作受詛咒的孩子幽禁在城堡的地牢里。但她偶爾也會來到外頭的世界。艾兒蒂與她的侍從少年騎士弗格接受了來自皇室的密令，將以「煉術師」的身分學習駕馭來自煉獄的毒氣，操縱所謂的超常──在充斥著謀略與毒氣的都市「匍都」中所展開的幽暗系幻想故事，即將在此揭開序幕。,1,用戶的核心需求是「男主角處於極端不利、痛苦、恐懼的情節或感情中」，並追求心緒難平的慘烈感（如 Re:Zero）。推薦的書籍雖然標記為「黑暗」且設定在「煉獄」，具有幽暗的氛圍，但簡介重心在於女主角的詛咒以及世界觀設定，並未明確體現男主角會遭受心理或情感上的劇烈折磨，與用戶追求的「男主受難」特質僅有淺層的氛圍重疊。
q4,"由於自己的胃口比較獨特的原因，喜歡男主被拋置於各種不利的情節或者感情中，也是因為這樣，喜歡看那些讓人看完后心緒難以平靜的小說，就我看過的來說，無職，re0，妹妹人生，異世界迷宮最深等，在某種程度上來說都有慘烈的一部分（感情上或者情節上都是），也沒有一定要轉生異世界，現實日常要是能描繪出這些來也很好了。
尤其那種男主能不斷被放置在痛苦或者恐懼之中，一邊流露出作者思考的文字的小說，再好不過。",276af223-cf93-51dd-bfac-8eb5dffad585,與全人類為敵,凪,12.9,連載,"奇幻, 末日, 懸疑, 黑暗, 戰鬥, 冒險, 角川文庫, 日本輕小說",「人類將會被『魔王』消滅。」突如其來地，降臨於世人面前的神如此宣布。大約於一個月前開始隨機發生的離奇死亡現象，已經導致多達八億人喪命。而神竟然說這種被稱為「魂魄剝離」的現象，起因自一個看似純真少女的「魔王」。為了阻止這場災厄，神選出十位天使成為人類代表，「人類」與「魔王」的戰爭──「聖戰」就此揭開序幕。全世界為之震撼，唯有高坂憂人一人知道少女的真相。她被設計成世界公敵，其實只是個伸手求救的柔弱女孩──僅僅為了一名少女，他將挺身反抗全世界！,3,用戶偏好主角處於極端不利、痛苦或精神壓力巨大的境地（如 Re:Zero 的絕望感或《妹妹人生》的情感崩潰）。推薦書籍《與全人類為敵》設定主角為了保護被全世界誤解的少女而選擇與全人類對抗，這種「孤立無援」且「承受全世界敵意」的處境高度符合用戶對「將主角置於不利情節」的需求，且標籤包含「黑暗」，在氛圍和設定上具有很強的相關性。
q4,"由於自己的胃口比較獨特的原因，喜歡男主被拋置於各種不利的情節或者感情中，也是因為這樣，喜歡看那些讓人看完后心緒難以平靜的小說，就我看過的來說，無職，re0，妹妹人生，異世界迷宮最深等，在某種程度上來說都有慘烈的一部分（感情上或者情節上都是），也沒有一定要轉生異世界，現實日常要是能描繪出這些來也很好了。
尤其那種男主能不斷被放置在痛苦或者恐懼之中，一邊流露出作者思考的文字的小說，再好不過。",0b18523c-0ebf-59cc-8b64-1fad46abef2a,異世界拷問姬,綾里惠史,126.7,完結,"轉生, 奇幻, 戰鬥, 獵奇, 戀愛, 黑暗, MF文庫J, 日本輕小說",★轉生異世界成為黑髮S系美少女的僕人？★用刑具討伐惡魔的最惡最強反英雄傳說！「余之名為『拷問姬』伊莉莎白．雷．法紐，是高傲的狼，也是卑賤的母豬。」瀨名櫂人死後轉生至異世界，出現在他面前的人是絕世美少女伊莉莎白。她自稱「拷問姬」，還命令櫂人以隨從的身分侍奉她──然而櫂人一口回絕。伊莉莎白朝這樣的他丟出兩個選擇，那就是被「拷問」或是當「執事」。櫂人最後只好投降，被迫照顧伊莉莎白的生活起居，還得陪大罪人「拷問姬」完成她的使命──討伐十四階級的惡魔與祂們的契約者……？「噢，沒錯。余會跟狼一樣孤獨，有如母豬悲哀地獨自死去。」,1,用戶追求的是深度心理痛苦、絕望感以及作者對於痛苦的思考（如 Re:Zero 或《妹妹人生》中的精神折磨），而推薦的書籍《異世界拷問姬》雖然標榜「黑暗」與「拷問」，但從介紹來看，更多傾向於 S/M 屬性的角色設定、輕小說式的反英雄冒險及主僕關係，缺乏用戶要求的深刻情感折磨與心緒難平的悲劇深度，僅在「處境不利」這一點上有表面關聯。
q4,"由於自己的胃口比較獨特的原因，喜歡男主被拋置於各種不利的情節或者感情中，也是因為這樣，喜歡看那些讓人看完后心緒難以平靜的小說，就我看過的來說，無職，re0，妹妹人生，異世界迷宮最深等，在某種程度上來說都有慘烈的一部分（感情上或者情節上都是），也沒有一定要轉生異世界，現實日常要是能描繪出這些來也很好了。
尤其那種男主能不斷被放置在痛苦或者恐懼之中，一邊流露出作者思考的文字的小說，再好不過。",a680d592-526e-58ed-92e5-6eb57a1de247,絕深海的索拉里斯,らきるち,21.7,連載,"科幻, 校園, 末日, 戰鬥, 驚悚, 黑暗, MF文庫J, 日本輕小說",二十二世紀的人類創造出「征服深海的異能」──《水使者》。山城湊以指導水使者教官的身分回歸母校的學院。他的兩位學生分別是成績吊車尾卻依舊我行我素的青梅竹馬星野夏香，以及個性稍有缺陷，但天生擁有稀世水使者才能的克洛伊‧奈特莉。看著時而反抗卻依舊奮勇向前的兩人，湊也開始享受身為教官的工作。但是，當「ＳＯＳ」在沉沒海底的都市中響起時──湊和平的日常生活也宣告終結。【深海】×【絕望】戰慄的正宗驚悚災難小說在此登場。──此時的我們，還不知道自己會邁向這個《結局》。2016年「這本輕小說真厲害」登榜之作！絕望率100％的發展。日本亞馬遜讀者、書店店員一致好評推薦。以水深1500公尺的深海為舞台，絕望而戰慄的正宗驚悚災難小說。,3,使用者明確表示喜歡男主角處於不利、痛苦、恐懼且能帶來精神衝擊（慘烈感）的情節。推薦書籍標榜「絕望率100%」、「正宗驚悚災難小說」以及「深海絕望」，其黑暗、驚悚且充滿絕望的基調與使用者追求的「心緒難以平靜」和「痛苦氛圍」高度契合。
q4,"由於自己的胃口比較獨特的原因，喜歡男主被拋置於各種不利的情節或者感情中，也是因為這樣，喜歡看那些讓人看完后心緒難以平靜的小說，就我看過的來說，無職，re0，妹妹人生，異世界迷宮最深等，在某種程度上來說都有慘烈的一部分（感情上或者情節上都是），也沒有一定要轉生異世界，現實日常要是能描繪出這些來也很好了。
尤其那種男主能不斷被放置在痛苦或者恐懼之中，一邊流露出作者思考的文字的小說，再好不過。",eba40801-ce65-5319-a1a6-7f0fcdbc8899,BLADE＆BASTARD,蝸牛くも,33.6,連載,"奇幻, 戰鬥, 冒險, 黑暗, 其他文庫, 日本輕小說",在冒險的盡頭，如果連靈魂都失去了怎麼辦？「那時，下一個冒險者會做得很好的──」無人涉足的「迷宮」深處，發現了不應存在的冒險者屍體──復活後失去了記憶的男人伊亞瑪斯，過著單獨潛入「迷宮」回收冒險者屍體的生活。無論「蘇生」成功，抑或失敗了化為灰燼，他都毫不在意地索取代價，其他冒險者對於這樣的態度既鄙視又另眼相看。遇見瓦解的團隊中唯一的倖存者──人稱「廚餘」的少女劍士，使他布滿灰燼的日常生活開始產生變化！蝸牛くも×so-bin的黑暗系奇幻巨作登場!!進展的會錯意愛情喜劇！,1,使用者明確追求的是男主角處於極端痛苦、恐懼或精神折磨的情節（類似《Re:Zero》），追求的是能讓心緒難以平靜的慘烈感。而推薦的小說雖然標記為「黑暗系奇幻」且有迷宮設定，但其劇情介紹中提到是「會錯意的愛情喜劇」，且主角目前的狀態傾向於淡然而非受難，與使用者渴望的「不斷被放置在痛苦中」的核心需求不符，僅有表面上的黑暗風格重疊。
q4,"由於自己的胃口比較獨特的原因，喜歡男主被拋置於各種不利的情節或者感情中，也是因為這樣，喜歡看那些讓人看完后心緒難以平靜的小說，就我看過的來說，無職，re0，妹妹人生，異世界迷宮最深等，在某種程度上來說都有慘烈的一部分（感情上或者情節上都是），也沒有一定要轉生異世界，現實日常要是能描繪出這些來也很好了。
尤其那種男主能不斷被放置在痛苦或者恐懼之中，一邊流露出作者思考的文字的小說，再好不過。",3a83e8ab-8e7f-5d37-85a0-c1d30f8f754d,惡逆大戰 地獄王位簒奪者與罪人共舞,綾里惠史,6.2,連載,"奇幻, 戰鬥, 大逃殺, 黑暗, MF文庫J, 日本輕小說",攜一切的『惡』，篡取地獄的王位——。要拯救墮入地獄的靈魂，應該怎麼做？名叫櫻的少女以無罪之身被推落深淵之底。名叫俊的少年曾逃離深淵來到地面，而他又決心追尋櫻的足跡，重翻地獄。他拼上性命，向地獄之王第七子，美麗怠惰的公主·尼祿乞求幫助。但他被告知，對於被打入地獄最底層的亡者，唯有地獄之王可以推翻判決。「既然這樣，我來當王！」少年讓傳說中臭名昭著的惡人作為「棋子」服從自己，展開戰鬥。在惡人與惡人之間的慘烈對決中，在王位繼承戰中贏到最後。綾里惠史獻上的又一篇漆黑奇幻詩篇，開幕。邪神、魔王、大罪人……任何滔天『邪惡』都得統統納為己用。一切只為拯救那傢伙的靈魂——。,1,用戶明確表達喜歡男主角處於極端不利、痛苦、恐懼或情感折磨的情境（如 Re:Zero），追求的是心緒難平的「受難感」。而推薦的小說雖然標籤為「黑暗」且包含「慘烈對決」，但從簡介看，其核心更傾向於黑暗奇幻的戰鬥、奪權與救贖，屬於典型的黑暗風格動作故事，而非著重於心理折磨或精神上的絕望感。兩者僅在「黑暗氛圍」上有表面交集，未能精準捕捉用戶對「男主受難」的核心需求。
q5,"如題，想找像是overlord、無職這種，有龐大世界，多個國家部落，文化特色分明，歷史背景完整，沉浸感和史詩感強的小說，請問各位有沒有推薦的？希望是劍與魔法的世界，有多不同種族、魔物的那種（其實我不太確定這類型叫什麼，異世界感覺不太對，但叫奇幻又好像太廣泛了？

有很多web小說我都有看過，像是轉生成魔劍、轉生龍蛋、哥布林，他們雖然世界都足夠龐大，但是都有個web小說的通病，就是讀起來會有割裂感，無法讓人帶入那個世界中
而轉生蜘蛛雖然沒有那種割裂感，但是世界觀卻不太夠了，就只簡單分成教皇、妖精、魔王而已，希望能看到更多人類國家間的關係，還有更多魔物亞人種族的故事設定",cb0ea4ad-ed60-5a43-b8ad-6f63d4df175e,魔法戰士李維,水野良,86.5,完結,"奇幻, 魔法, 戰鬥, 冒險, 歡樂向, 後宮, 富士見文庫, 日本輕小說",英雄王李察爾所治理的「劍之王國」歐芳。在那個國家展開了新的物語。「因為有神的啟示。雖然不是我的本意，但你仍然是我應該侍奉的勇者。」被那樣說的是剛從見習魔術師畢業的青年李維。向李維那樣說的是三位女性冒險者。盜賊蜜蕾兒、戰士吉妮、還有戰神的神官梅里莎。突然出現在李維面前邀請他成為「冒險者」。對於體力過剩、體內沸騰著不知為何的感情、苦悶度日的李維來說正是求之不得的機會。作為冒險者的生活就這樣開始了。於此同時，地獄般的試煉也隨之而來。,1,使用者明確要求具有龐大世界觀、深厚歷史背景、複雜國家關係且具備史詩感的作品（如Overlord、無職轉生）。而推薦的《魔法戰士李維》從標籤（歡樂向、後宮）與簡介來看，屬於典型的輕小說冒險故事，重心在於角色互動與小規模冒險，缺乏使用者所強調的「史詩感」與「深層世界設定」，僅在「劍與魔法」這一基本設定上符合，關聯性較低。
q5,"如題，想找像是overlord、無職這種，有龐大世界，多個國家部落，文化特色分明，歷史背景完整，沉浸感和史詩感強的小說，請問各位有沒有推薦的？希望是劍與魔法的世界，有多不同種族、魔物的那種（其實我不太確定這類型叫什麼，異世界感覺不太對，但叫奇幻又好像太廣泛了？

有很多web小說我都有看過，像是轉生成魔劍、轉生龍蛋、哥布林，他們雖然世界都足夠龐大，但是都有個web小說的通病，就是讀起來會有割裂感，無法讓人帶入那個世界中
而轉生蜘蛛雖然沒有那種割裂感，但是世界觀卻不太夠了，就只簡單分成教皇、妖精、魔王而已，希望能看到更多人類國家間的關係，還有更多魔物亞人種族的故事設定",bc60d08a-db83-52c3-91c5-2c822258fd8b,皇帝聖印戰記,水野良,99.3,完結,"奇幻, 魔法, 戰爭, 戀愛, 角川文庫, 日本輕小說",渾沌支配了大陸──人民畏懼著各種災害。君王們手持著平息渾沌的〈聖印〉守護百姓。然而隨著歲月流逝，君王們逐漸忘卻了「守護蒼生」的理念，為了爭奪彼此的聖印和領地，掀起了一波又一波的戰爭……魔法師希露卡唾棄毫無風骨的各地君王，而浪跡天涯的騎士提歐則是為了解放受苛政所苦的家鄉修練武藝。「我願與騎士提歐的聖印締結契約，誓言忠誠直至永恆。」日本奇幻大師水野良的史詩級奇幻戰記，就此揭幕！,3,使用者尋找具有龐大世界觀、完整歷史背景、強烈史詩感以及複雜國家政治關係的劍與魔法作品，並特別提到希望避免網文常見的割裂感。該推薦書籍《皇帝聖印戰記》被定義為「史詩級奇幻戰記」，核心劇情圍繞在多個君王爭奪領地與聖印的戰爭，強調國家間的權力鬥爭與世界秩序的演變，非常符合使用者對「人類國家間關係」與「沉浸感」的需求，且作為傳統出版輕小說，其結構通常比一般網文更嚴謹，能有效解決使用者提到的割裂感問題。
q5,"如題，想找像是overlord、無職這種，有龐大世界，多個國家部落，文化特色分明，歷史背景完整，沉浸感和史詩感強的小說，請問各位有沒有推薦的？希望是劍與魔法的世界，有多不同種族、魔物的那種（其實我不太確定這類型叫什麼，異世界感覺不太對，但叫奇幻又好像太廣泛了？

有很多web小說我都有看過，像是轉生成魔劍、轉生龍蛋、哥布林，他們雖然世界都足夠龐大，但是都有個web小說的通病，就是讀起來會有割裂感，無法讓人帶入那個世界中
而轉生蜘蛛雖然沒有那種割裂感，但是世界觀卻不太夠了，就只簡單分成教皇、妖精、魔王而已，希望能看到更多人類國家間的關係，還有更多魔物亞人種族的故事設定",dfe49d32-fa1b-5242-814f-07c15b008319,雷恩,吉野匠,89.8,連載,"奇幻, 魔法, 戰爭, 戀愛, 其他文庫, 日本輕小說",存在於異世界的大陸、繆魯格尼亞。科學文明的魔手還未觸及此地。儘管魔法的使用正在一點點的消逝，自遠古時期流傳下來的知識還在被人們努力的傳承著。就是在這樣一個，由劍與魔法支配的世界——從波及繆魯格尼亞全境的大戰以來，已經經過了許久的時光。守護著各國間岌岌可危的平衡的和平時代，終於迎來了它的終焉。位於大陸北部的大國札瑪英，新國王的登位為它帶來了巨大的轉變。不滿足於現已掌握的小小權利，虎視眈眈的國王企圖將整個世界納入自己的手中。最強之王一聲令下，漆黑的軍團一齊向著世界伸出了爪牙，戰火同時燃及了多個國家。在這之中，蒙受其侵略、並與之交戰的國家之一，即是位於大陸西南部的小國桑庫瓦魯。整體國力不及札瑪英的十分之一，軍隊士氣亦是萎靡不振。加之現在的國王過於優待貴族，國內已經失去了人心。弱國桑庫瓦魯滅亡的命運，早已是不可避免的了......,3,推薦書籍描述了一個包含多個國家、大陸級別的戰爭以及劍與魔法的設定，完全符合使用者對於「龐大世界觀」、「多國關係」以及「史詩感」的需求。其劇情著重於地緣政治與戰爭，而非單純的等級提升，能有效避免使用者提到的Web小說割裂感，是非常契合的推薦。
q6,很喜歡看戰爭或戰記類型的小說，不要有魔法一發收拾或莫名其妙的神器，也別機械降神，主角可以強但不要把對手變白癡，暑假到了求書來啃，斷尾或沒完結也沒關係。,f049f5e7-55b0-546d-a99b-f91d1740240f,天翔虎軍師,上總朋大,9.5,連載,"戰爭, 鬥智, 後宮, 青梅竹馬, 富士見文庫, 日本輕小說",帝國曆36年。托雷帝國殲滅頑強抵抗未果之費烈利加王國，稱霸了大陸。祖國滅亡的景象為費烈利加大將軍嫡子謝爾帶來刻骨銘心之痛，於是他在內心起誓。──『為復興費烈利加王國，我要成為軍師！』。之後經歷2年的時光，順利任職於托雷帝國總軍師迪歐拉麾下，同時與夥伴們秘密策動革命計畫的謝爾終於要採取行動！為了奪回祖國，更為了拯救幼時承諾要「永遠守護」的那名少女……。勇猛將士們互競「武」道，軍師們相互斗「智」，王者們爭奪「霸」權。經典幻想戰役即將開戰!!,3,本書核心設定為軍師鬥智與戰爭策略，完全符合使用者對「戰爭/戰記」類型的需求。標籤特別強調「鬥智」，顯示劇情重心在於戰術競爭而非單純的武力壓制，且主角的目標是透過謀略復國，符合使用者希望對手不白癡、不依賴機械降神的需求。
q6,很喜歡看戰爭或戰記類型的小說，不要有魔法一發收拾或莫名其妙的神器，也別機械降神，主角可以強但不要把對手變白癡，暑假到了求書來啃，斷尾或沒完結也沒關係。,b0019d77-08bf-5570-affe-df94ab9de54d,亞人末姬皇女如何篡奪王座：星辰聖戰列傳,金子跳祥,13.1,完結,"奇幻, 戰爭, 戰鬥, 其他文庫, 日本輕小說",這是一場人類與亞人之間的聖戰。——此刻，且讓吾等述說英雄們的生死史詩。這片大陸被「神別山脈」一分為二：東方是人類所屬的瓦烏里界，西方是亞人所屬的涅庫爾界。長久隔絕的雙方，因一場以「聖戰」為名的軍事侵略而衝突再起，戰火席捲天地。在硝煙中，無數戰士嶄露鋒芒，亦迎來慘烈終局：拉開聖戰序幕的龍騎兵巴拉德；以「最強暗殺者」之名為人類軍忌憚、獨力阻遏入侵的貓人尼婭梅；因載入史冊的單騎決鬥而聞名的人類軍首席戰士尼莫爾德，與亞人軍武者·犬人妮絲琳；撼動歷史的將軍、冒險家、發明家、大神官，以及被戰火撕裂的戀人們……而最終，唯有亞人之姬伊麗米亞謝，從孤身反抗的叛軍崛起，直至加冕為帝。在命運交織的漩渦中，英雄們終將化作星辰受後世供奉——這部宏大的敘事詩，正是以他們的生死，鐫寫人類與亞人的永恆歷史。,3,推薦書籍明確屬於「戰爭」與「聖戰」題材，且以「列傳」與「史詩」的形式敘述軍事侵略、將領博弈與慘烈戰鬥，高度符合使用者對「戰記」類小說的偏好。雖然具有奇幻設定，但從介紹來看更著重於宏大的敘事與人物生死，而非單純的無腦爽文，與使用者要求的核心意圖非常匹配。
q6,很喜歡看戰爭或戰記類型的小說，不要有魔法一發收拾或莫名其妙的神器，也別機械降神，主角可以強但不要把對手變白癡，暑假到了求書來啃，斷尾或沒完結也沒關係。,ce0ce0b8-56d5-54ae-9553-0b6f757477df,銃姬,高殿円,59.2,連載,"奇幻, 冒險, 戰爭, 後宮, MF文庫J, 日本輕小說",百年前的「破曉前夕」大戰，人類濫用魔法互相殘殺，慘烈的戰況激起眾神震怒，決定收回人類使用魔法的能力。但是，慾望盅惑的人類發現魔法並未消失，只是無法使用，於是他們發展出將魔法封印在槍械中，以便將來再次得到力量。世界再次進入了殺戮時代。少年薛備立姊姊愛珥文，加上善戰的少女安普魯希雅為了尋找改變世界命運的槍——「銃姬」，開始了旅行。究竟誰能得到銃姬？世界的命運又會如何改變？,1,使用者明確要求避開「莫名其妙的神器」與「魔法一發收拾」的設定，但該書的核心劇情正是圍繞著將魔法封印在槍械中，並尋找能改變世界命運的傳說之槍（神器），與使用者需求嚴重衝突。雖然標記有戰爭，但其輕小說後宮風格與使用者追求的戰記類小說意圖不符。
q6,很喜歡看戰爭或戰記類型的小說，不要有魔法一發收拾或莫名其妙的神器，也別機械降神，主角可以強但不要把對手變白癡，暑假到了求書來啃，斷尾或沒完結也沒關係。,42f35fa9-54df-5b9e-ad35-bc4c0fef7b4f,十二大戰,西尾維新,19.1,完結,"戰鬥, 大逃殺, 集英社, 日本輕小說",史上最激烈的生存遊戲，開戰！代表「子」、「丑」、「寅」、「卯」、「辰」、「巳」、「午」、「未」、「申」、「酉」、「戌」、「亥」的十二名戰士，必須在充斥陰謀詭計的的戰場上互相殺戮，最終勝利者將能得到實現一個願望的權利，存活下來的人會是……？,1,使用者明確要求的是「戰爭」或「戰記」類型的作品，而推薦的《十二大戰》屬於「大逃殺/生存遊戲」類型。雖然兩者都涉及戰鬥與策略，但規模與核心主題完全不同（小規模的互相殘殺 vs 大規模的戰爭），不符合使用者對戰爭小說的期待。
q6,很喜歡看戰爭或戰記類型的小說，不要有魔法一發收拾或莫名其妙的神器，也別機械降神，主角可以強但不要把對手變白癡，暑假到了求書來啃，斷尾或沒完結也沒關係。,76c85188-dd36-5407-baab-1ab59ad75599,魔王與勇者的戰鬥背後,涼樹悠樹,41.4,連載,"穿越, 奇幻, 戰爭, 經營, 其他文庫, 日本輕小說",內政、防衛戰、戰後重建——這是與勇者不同的我所處的戰場。在一個勇者與魔王之戰決定世界命運的RPG遊戲世界中，貴族子嗣維爾納突然想起了自己的前世記憶。然而，他發現自己僅僅是個在故事中沒有名字、註定早早迎來死亡的路人角色。維爾納推斷出自己的死因後，為了迴避這個悲劇，他充分運用前世的知識與智慧，試圖找出活下去的方法。他靠遊戲的知識鍛煉自己，並與勇者麥瑟爾成為好友……接著面臨遊戲開始的第一個事件「魔物暴走」！勇者不在這個戰場，也沒有人察覺到魔物的目標。維爾納大顯身手，阻止了魔物的攻擊。而遊戲的歷史也因此改變——!?在傳說背後奮鬥的配角，即將在此展開一段奇幻正統的戰記。,2,使用者尋找的是強調策略、非無腦、且排斥誇張魔法或神器的戰爭/戰記小說。推薦書籍雖然標榜為「正統戰記」，且著重於內政、防衛戰與重建，符合戰記類型的核心意圖，但其背景設定在RPG遊戲世界且涉及勇者與魔王，這類設定通常較難完全避免使用者厭惡的「魔法一發收拾」或「遊戲外掛/神器」元素，因此在契合度上略有風險。
q6,很喜歡看戰爭或戰記類型的小說，不要有魔法一發收拾或莫名其妙的神器，也別機械降神，主角可以強但不要把對手變白癡，暑假到了求書來啃，斷尾或沒完結也沒關係。,939d0016-9fb8-5663-849d-dfeea8bc4acc,密斯瑪路卡興國物語,林智明,114.1,連載,"奇幻, 戰爭, 鬥智, 角川文庫, 日本輕小說",位於大陸兩大主要陣營之間的小國，密斯瑪路卡王國。雖然是個和平的國家，但卻首當其衝遭到帝國軍攻擊。在國王率軍外出且城內只留下被稱為大笨蛋的馬希洛王子的情況下，密斯瑪路卡的命運將會如何？率領奇襲軍的帝國第三公主露娜斯，又會以何種方式進攻居然唱空城計的密斯瑪路卡？一場震撼整座大陸的激烈戰爭即將展開！,3,使用者尋找注重策略、無崩壞戰力（如一發秒殺的魔法）、無機械降神且對手具備智商的戰爭戰記小說。該書標記為「戰爭」與「鬥智」，且劇情描述強調軍事攻防與「空城計」等策略運用，符合使用者對戰術推演與對抗智鬥的核心需求。
q6,很喜歡看戰爭或戰記類型的小說，不要有魔法一發收拾或莫名其妙的神器，也別機械降神，主角可以強但不要把對手變白癡，暑假到了求書來啃，斷尾或沒完結也沒關係。,a7bdecb3-5c5e-51b7-a11f-b47149d1716a,貝維克傳說,冰上慧一,23.5,完結,"戰爭, 鬥智, 其他文庫, 日本輕小說",以維利亞王國為中心的貝維克同盟，在面臨拉茲帝國來勢洶洶的武力威脅下，正處於劣勢。希農公國的公爵之子。理斯奉盟約之命趕往盟主渥肯斯王的身邊馳援。然而等著他的，竟然是國王的誤會與無謀的決策。面臨眼前日漸激烈的戰情，理斯將在希農騎士團及眾人的協助下勇敢地對抗下去……。,3,使用者明確要求戰爭或戰記類型，且排斥魔法、神器或機械降神等不合理設定，偏好鬥智與合理的對手。該推薦書目的標籤包含「戰爭」與「鬥智」，且簡介描述的是王國與帝國之間的軍事衝突與政治決策，符合使用者對低魔/無魔、注重戰略的戰爭小說需求。
q6,很喜歡看戰爭或戰記類型的小說，不要有魔法一發收拾或莫名其妙的神器，也別機械降神，主角可以強但不要把對手變白癡，暑假到了求書來啃，斷尾或沒完結也沒關係。,6a9c5320-414f-5e76-93b5-5c484b005dd0,天才王子的赤字國家重生術～對了，就來賣國吧～,鳥羽徹,101.2,連載,"戰爭, 經營, 鬥智, 戀愛, 青梅竹馬, 妹妹, GA文庫, 日本輕小說",王子是最大的賣國賊!?只想拋下國家遊手好閒!!然而總是事與願違──？天才王子的赤字國家重生術～對了，就來賣國吧～「真不愧是殿下！ 沒想到背後還有這樣的意圖啊！」「我會永遠跟隨您的！」『（為什麼會變成這樣!?）』年輕的王子維恩，肩上背負的是一個資源、人才和兵力都很缺乏的弱小國家。文武雙全又深受臣子信賴的他，其實心裡有個不為人知的願望。「好想把國家賣了逃之夭夭啊──！」沒錯，原來王子的真面目是個想過悠哉自在隱居生活的賣國賊！但是，他在外交上討好大國，卻出乎預料地獨佔了利益；與鄰國交戰時本來只打算小贏一點，結果竟大獲全勝。雖然賺得了名聲，卻離賣國目標愈來愈遠，臣民也士氣高昂，讓他騎虎難下!?以天才王子為主角，充滿驚奇的弱小國家經營故事，就此開幕！,2,這本書符合用戶對於「鬥智」以及「不要魔法一發收拾/神器/機械降神」的要求，強調利用策略與外交獲勝。雖然包含戰爭元素，但其核心重心在於國家經營與政治喜劇，而非純粹的戰爭或戰記類型，在類型契合度上略有偏差，因此給予 2 分。
q6,很喜歡看戰爭或戰記類型的小說，不要有魔法一發收拾或莫名其妙的神器，也別機械降神，主角可以強但不要把對手變白癡，暑假到了求書來啃，斷尾或沒完結也沒關係。,a5774f66-2bd5-5977-bb24-d9fcbd98033a,拉帝提亞霸龍戰記,すえばしけん,11.8,連載,"奇幻, 戰爭, 鬥智, 後宮, HJ文庫, 日本輕小說",戰亂時期，上天派遣傳說中的聖人「神王」到各國引導人們。萊魯斯國的年輕女祭司長拉榭露，在鄰國的侵略中，因為自國的神王不知為何一直不現身而束手無策。這時，一名流浪漢帶著少女隨從找上門來，自稱透也的這名青年，大膽地提出「讓我來扮演神王」的要求……！？,3,用戶尋找的是重視戰爭、鬥智且不希望有廉價設定（如一擊必殺或機械降神）的戰記小說。該書標記有「戰爭」與「鬥智」，且劇情核心在於主角透過「扮演神王」來引導局勢，暗示其戰鬥方式更側重於策略、心理戰與欺敵，而非單純依靠魔法或神器碾壓，高度符合用戶的需求。
q6,很喜歡看戰爭或戰記類型的小說，不要有魔法一發收拾或莫名其妙的神器，也別機械降神，主角可以強但不要把對手變白癡，暑假到了求書來啃，斷尾或沒完結也沒關係。,d9136a57-872e-5855-8abf-7a369d2a10d6,霸劍皇姬阿爾緹娜,村崎幸也,149.8,連載,"戰爭, 鬥智, 戀愛, Fami通文庫, 日本輕小說",「我相信你……所以成為我的人吧！」雷吉斯是個既不擅長劍術也不會射箭、只知道讀書的不中用軍人。他被降職調到邊境之後，在那裡遇見一名改變他命運的少女——擁有紅色頭髮與紅色雙眼、佩著霸者巨劍的皇姬阿爾緹娜。由於她是私生子，所以儘管未滿十四歲卻被任命為邊境軍隊的司令。但她並沒有埋怨自己的境遇，而是懷著遠大的理想。少女希望雷吉斯擔任她的軍師，此後兩人便一同面對困境。扭轉命運與劣勢的霸道戰記奇幻故事，磅礴登場！,3,使用者尋求的是注重戰爭策略、避免強力魔法或神器、且對手具備智力的戰記小說。推薦書籍《霸劍皇姬阿爾緹娜》的主角定位為不擅長戰鬥的軍師，強調透過「鬥智」與策略扭轉劣勢，符合使用者對「非無腦強大」與「戰爭類型」的核心需求。
q6,很喜歡看戰爭或戰記類型的小說，不要有魔法一發收拾或莫名其妙的神器，也別機械降神，主角可以強但不要把對手變白癡，暑假到了求書來啃，斷尾或沒完結也沒關係。,641f6555-6afa-5215-b328-21d1fdff0ea5,冥玉的奧爾曼,築地俊彥,24.0,連載,"戰爭, 鬥智, 後宮, 妹妹, Fami通文庫, 日本輕小說",由於芬梅爾豪森王朝的國王對奧爾曼的母親一見鍾情，奧爾曼因而成為王朝成員之一。不過就在他十歲時得知母親死訊後的某一天，因為和美麗的大姊希爾托露德間發生事端，使他對王室的衰敗深感痛心，於是逕自逃離皇宮。之後過了八年，已經長大成為騎士的妹妹娜莉雅突然現身於流浪大陸各處的奧爾曼面前，雖然奧爾曼因此而不得不暫時重返宮中，但等著他的竟是受血緣羈絆，散發著昏黃光芒的王室「宿命」……！一場充滿謀略的奇幻故事就此揭開序幕。,2,該書包含「戰爭」與「鬥智」標籤，符合使用者對戰記與謀略類小說的需求。然而，使用者明確要求避開「莫名其妙的神器」與單純靠魔法解決問題的設定，而本書標題含「冥玉」且劇情提及王室「宿命」等奇幻元素，可能包含使用者不喜歡的超自然設定，因此雖有相關性但非完全契合。
q6,很喜歡看戰爭或戰記類型的小說，不要有魔法一發收拾或莫名其妙的神器，也別機械降神，主角可以強但不要把對手變白癡，暑假到了求書來啃，斷尾或沒完結也沒關係。,6e79f3b9-2eb2-5b64-b8ec-1f8343484478,翼之歸處,妹尾由布子,150.7,完結,"奇幻, 戰爭, 鬥智, 戀愛, 其他文庫, 日本輕小說",帝國史官亞爾德擁有『過去視』的能力。體弱多病的他，夢想著能在新的就任地北嶺過上樸素的隱居生活。可天不隨人願，不僅被政治一竅不通的北嶺人弄得暈頭轉向，還被前來就任北嶺太守的好勝皇女折騰得疲於奔命。然而，隨著對於北嶺的了解，亞爾德發現這裡沉睡著帝國的秘密…由歷史光陰編織而就的宏偉浪漫奇譚，正拉開帷幕——,1,使用者明確要求不要有魔法快捷鍵或超自然能力，且傾向於硬派的戰爭戰記。雖然推薦書籍標記有「戰爭」與「鬥智」，但主角擁有「過去視」的超能力，且簡介強調的是「浪漫奇譚」與歷史秘密，而非純粹的軍事對抗，與使用者避開超自然元素的意圖相悖。
q7,"想請大家推薦一些書單希望符合以下條件
1.已經完結
2.以感情為主
希望是讀的時候可以隨著角色情緒有所起伏。並且不要轉生開無雙。",9e3f8e0e-3ff6-5733-9084-bba1c59ede3e,無法成為主角的我們從妥協開始的戀人生活,鴨野うどん,16.8,完結,"校園, 青春, 戀愛, 歡樂向, 其他文庫, 日本輕小說",以〃玩笑〃為開端的〃認真〃戀愛!?以『人生到頭來就是妥協』為信條，假裝自己很隨波逐流的高中生·朝並秀侑，陷入了對好友的青梅竹馬、學校第一美女奈良岡詩音的單相思之中。某天，在和與他有著孽緣的模範女配角——在班裡貫徹孤高形象的同班同學·楠木乃菜聊天的過程中，從小小的玩笑話演變成開始交往了。「……一言既出，駟馬難追」彼此都渴望擁有戀人的兩人，在互相妥協的基礎上成為戀人了!?時而制定交往規則，時而通宵打字聊天，時而在家裡的學習會或約會之時發現（女主）可愛的一面。從妥協開始的戀人生活意外的很開心!?,3,該書為校園戀愛小說，完全符合使用者要求的「以感情為主」且「非轉生」、「非無雙」的條件，劇情聚焦於角色間的情感發展與互動，能滿足使用者對情緒起伏的期待。
q7,"想請大家推薦一些書單希望符合以下條件
1.已經完結
2.以感情為主
希望是讀的時候可以隨著角色情緒有所起伏。並且不要轉生開無雙。",eecb6617-4999-53e2-9195-873797d6e004,三月，七日。,森橋賓果,19.6,完結,"校園, 青春, 戀愛, 妹妹, Fami通文庫, 日本輕小說","孤獨寂寞的少女．七日。扮演模範生的少年．三月。在高一的春天即將到來的某一天，與同班同學的接吻。是運命的捉弄亦或偶然，邂逅的兩人漸漸被對方所吸引──刻划出一段少年與少女，充滿了青澀與哀愁的愛情故事。青澀的愛喲,絕望的戀喲,悲傷的情喲.....",3,該書定位為校園青春戀愛故事，強調青澀、哀愁與絕望的情感起伏，完全符合使用者對「感情為主」以及「情緒有所起伏」的需求，且不含轉生或無雙等元素，是非常契合的推薦。
q6,很喜歡看戰爭或戰記類型的小說，不要有魔法一發收拾或莫名其妙的神器，也別機械降神，主角可以強但不要把對手變白癡，暑假到了求書來啃，斷尾或沒完結也沒關係。,dc4e52f6-9fe0-5859-b323-a24c2bc5c767,轉生貴族胸懷大志,nama,301.2,連載,"轉生, 黑暗, 戰爭, 鬥智, 後宮, 異世界, syosetu, Web輕小說",在事故中死去的高橋修保留著前世的記憶，以維爾羅德侯爵家的伊薩克的身份重生。不過，那是妹妹在玩的戀愛遊戲的世界。那個遊戲以「掠奪愛」為主題，有著搶奪有婚約者的攻略角色的殘酷內容。那些攻略角色也是一群過分的傢伙。「那種王子居然是未來的國王？那樣的話，還是由我來當王比較好。」這是在乙女遊戲的世界裡，不察言觀色、行走於霸道的男人的故事。,2,該書標籤包含「戰爭」與「鬥智」，符合使用者對戰記與策略的需求，且強調智鬥而非單純的魔法轟炸。雖然設定在乙女遊戲世界並包含後宮元素，可能與使用者心中純粹的戰爭小說略有偏差，但核心的權力爭奪與戰爭元素仍具有相關性。
q7,"想請大家推薦一些書單希望符合以下條件
1.已經完結
2.以感情為主
希望是讀的時候可以隨著角色情緒有所起伏。並且不要轉生開無雙。",ef7c9e86-6905-5722-af56-1585d90c6e6f,秋之回憶 從今以後,KID,70.1,完結,"校園, 青春, 戀愛, 遊戲劇本, 日本輕小說",「一開始我就不是那麼喜歡你」她是這麼對我說的。那一天，我心愛的她，輕聲地對我說，她想見我。不想去人多的地方。只想在無人的教堂中，送我情人節的巧克力。看著夕陽。……不久，下雨了。冰冷的雨水，毫不留情地打在沒撐傘的兩人身上，淋濕了我們的衣服。即使如此，她還是站在那裡動也不動……,3,該書標籤為校園戀愛，且簡介呈現出強烈的情感氛圍，符合使用者希望「以感情為主」且「情緒有所起伏」的需求，同時不涉及轉生或無雙設定，與用戶意圖高度匹配。
q7,"想請大家推薦一些書單希望符合以下條件
1.已經完結
2.以感情為主
希望是讀的時候可以隨著角色情緒有所起伏。並且不要轉生開無雙。",e36f3ab2-e5d2-504b-bb4f-9f41012682cc,誰說從妥協開始的戀愛一定沒結果,年糕鴿子,143.2,完結,"校園, 青春, 戀愛, 青春日常, 華文輕小說",我們的戀愛本來就是基於妥協一直將「拒絕麻煩事情」視為人生準則的我，一直過著邊緣人物的生活看見摯友兼同學的謝玉和夏音甜蜜的生活，卻萌生了想要戀愛的想法就在這個時候，一直對我不冷不熱的白曉煙居然提出了以「妥協」為前提的戀愛？同時渴望著戀愛的兩個人就這麼建立了「不正常」的戀愛關係在一次又一次的接觸中，我意外的發現白曉煙一直隱匿著的秘密，我們的命運似乎也被捆綁在了一起而我們身為被神所遺棄的人，是否能夠取得幸福的果實呢？「由妥協開始的戀愛真的會有結果嗎？」「誰說由妥協開始的戀愛一定沒有結果」,3,推薦書籍為校園戀愛小說，核心在於探討情感發展與角色的心理起伏，且不含轉生或開無雙等元素，高度符合用戶希望以感情為主且排除特定設定的需求。
q7,"想請大家推薦一些書單希望符合以下條件
1.已經完結
2.以感情為主
希望是讀的時候可以隨著角色情緒有所起伏。並且不要轉生開無雙。",0cb47e2a-608c-5e87-99a9-b23dbe4e3673,To Heart 2,LEAF,188.7,完結,"校園, 青春, 戀愛, 後宮, 青梅竹馬, 遊戲劇本, 日本輕小說",(遊戲線程劇情純愛版)《TOHEART2》的世界是現實的，平和的。沒有很多所謂的宿命，也沒有太多的生死離別，更沒有非常起伏的情節。在這個世界所追求的是一種大家都能得到幸福的境界，所以結局自然而然的都可以說是GOODEND。但是常識告訴我們如果故事沒有「衝突」就無法進行，單純的文藝片不會被列為經典。所以這裡的衝突更多的體現在角色們的心理，一個個心理的變化，一個個心靈的爭執。或者可以說成是男女主角們心理的一個成熟的過程，如小牧的恐懼症到化解，會長的自閉到接受外界，由真的角色轉換到回歸本來等等都是在傳輸一個概念，那就是——人心的改變。,2,該書符合「以感情為主」且「非轉生無雙」的要求，屬於校園純愛風格。但使用者明確希望讀起來有「情緒起伏」，而書籍介紹中提到「沒有非常起伏的情節」，僅著重於細膩的心理變化，因此在情緒強度上可能未能完全滿足使用者需求。
q8,"希望作品是
1.背景為現代
有槍砲炸藥之類的比較有代入感，對武俠/奇幻沒興趣，現代但有些微科幻/超能力要素沒關係
2.主角不是從0開始練等
漏漏長的成長過程會讓我想睡，大概是從看完鬥破蒼穹那公式化的遇強敵→隊友幫扛→遇到機運→變強反殺→前往下個城鎮→遇強敵，之後再也不想看這種了
3.主角非中二/死屁孩
不要太嚴重就好，隱殺主角偶爾也會屁孩一下但是是那種大人逗小鬼玩的感覺就不會反感",003ee90f-c4a2-53e0-bc54-11cc520c4abe,名稱未設定,津田夕也,24.8,完結,"校園, 科幻, 遊戲, 戰鬥, 黑暗, Fami通文庫, 日本輕小說",二十一世紀初。那時的人類還在發展中階段。氣象控制裝置還在研發階段，街道沒有被分子膜所覆蓋。因此，空氣之中浮游著數百萬種微生物，就連發明能量體的必要性都還沒引起世人的重視吧。據統計，漢堡包和可樂頗受親睞。人類的總體平均壽命不滿七十年，生存於世界的大多數人都是不幸的，都是一副死魚一樣眼神。這個故事講述的就是這個時代的人們。——也是一個<遊戲>的故事。,2,作品背景設定在21世紀，符合使用者要求的現代感且帶有微科幻要素。雖然標籤包含「遊戲」，但簡介展現的是較為冷峻、壓抑的氛圍，而非典型的公式化練等風格，且未見中二主角的特徵。由於簡介資訊較少，無法完全確認主角的成長節奏與性格，因此給予 2 分。
q8,"希望作品是
1.背景為現代
有槍砲炸藥之類的比較有代入感，對武俠/奇幻沒興趣，現代但有些微科幻/超能力要素沒關係
2.主角不是從0開始練等
漏漏長的成長過程會讓我想睡，大概是從看完鬥破蒼穹那公式化的遇強敵→隊友幫扛→遇到機運→變強反殺→前往下個城鎮→遇強敵，之後再也不想看這種了
3.主角非中二/死屁孩
不要太嚴重就好，隱殺主角偶爾也會屁孩一下但是是那種大人逗小鬼玩的感覺就不會反感",3d2a2435-19ca-5c5d-a6cc-21ef1a59c1e3,合法單向通行,anna,25.5,連載,"青春, 腦洞, 後宮, 校園, 戀愛, 青春日常, 華文輕小說",自閉男大實際身份竟是異能者？！自認為平凡的大二學生薑歌有一個秘密:無所不能，行其所想；少年掌握著足以被稱作超能力的奇妙異能。在這座城市中擁有著近乎絕對的自由——姜歌卻依舊過著平凡，甚至枯燥的日常生活。……簡直就像是奇幻作品裡的單向線角色一樣。那麼，在某個時刻，在與其它的超能力者相遇後，時間回溯，認知操縱，緯度替換……他可以把這些同樣行使異能的非法逆行者，帶回到平靜現實的正道上來嗎?「……真是夠了啊。」答案很顯然，因為，這不過是個最普通的故事罷了。,3,作品背景為現代且包含超能力要素（符合用戶可接受範圍），主角設定為開局即強大且無所不能，完全避開了用戶最厭惡的「從零開始練等」與公式化成長過程，且主角為低調的男大生，並非中二死屁孩，高度符合用戶的核心需求。
q8,"希望作品是
1.背景為現代
有槍砲炸藥之類的比較有代入感，對武俠/奇幻沒興趣，現代但有些微科幻/超能力要素沒關係
2.主角不是從0開始練等
漏漏長的成長過程會讓我想睡，大概是從看完鬥破蒼穹那公式化的遇強敵→隊友幫扛→遇到機運→變強反殺→前往下個城鎮→遇強敵，之後再也不想看這種了
3.主角非中二/死屁孩
不要太嚴重就好，隱殺主角偶爾也會屁孩一下但是是那種大人逗小鬼玩的感覺就不會反感",676cbf73-9743-576f-90dc-b7bfb8b0d866,暗部共生少女,鐮池和馬,47.5,連載,"校園, 科幻, 異能, 魔法, 女性視角, 電擊文庫, 日本輕小說",「超能力」被當成「普通科學」的「學園都市」。其和平的背後存在「暗部」組織，承包不能浮上檯面的任務。「道具」──由四名少女組成的精銳部隊。能夠讀取能力者身上微弱力量加以追蹤的瀧壺理後、擅長以爆裂物和陷阱戰鬥的芙蘭達．塞維倫、能隨心所欲操縱氮氣負責防禦的絹旗最愛，以及學園都市引以為傲的七名超能力者之一的麥野沈利。自由地活在學園都市黑暗之中的她們，靜靜鎖定目標──！「老、娘、今、天、一、定、要、宰、了、妳。」這是描述最後發展為「凄慘事件」的少女們其相遇、友情，以及黑暗的故事。,3,作品設定於現代科學都市，包含超能力與爆裂物，完全符合用戶對背景的要求；主角群被定義為「精銳部隊」且包含頂尖能力者，並非從零開始的練等成長路徑，符合用戶對節奏的需求；雖然是少女設定，但其身分是執行暗部任務的特務，而非單純的中二死屁孩。
q9,"想請各位大大推薦一下這類的輕小說或小說，大陸網文也可以（我就是看了某部大陸網路輕小說才想找一些這類型的故事來看

世界觀再細一點的話
就是那種奇幻元素並不普及於所有人，只有少部份人擁有特殊能力，或是一些非人種族不會輕易在人前現身，隱藏在人類社會中那種都市奇幻類型",0643e781-2a4f-5072-9e01-7a2e131969db,東京暗鴉,字野耕平,262.4,連載,"校園, 奇幻, 戰鬥, 後宮, 青梅竹馬, 人外, 富士見文庫, 日本輕小說",靈的災害——靈災多發的現代東京。大陰陽師，安倍晴明的子孫——生於名門「土御門」的土御門春虎，是連「目視」靈氣都做不到的的吊車尾。春虎與合得來的親友們過著普通的高中生活，但在高一的夏天，與青梅竹馬少女夏目再會的他，開始走向曾經見過的「將來」——充滿著波瀾的「未來」……,3,該作品設定在現代東京，且奇幻元素（陰陽道、靈災）僅限於少數特定的能力者或家族，且與普通人的日常生活共存且相對隱蔽，完全符合使用者要求的「都市奇幻」以及「少數人擁有能力且隱藏在人類社會中」的核心需求。
q11,"最近人比較負面，
想看一些有共鳴的小說。
有沒有那種「我一個人爛就好了別搞其他人」的主角的輕小說？以前看大老師自暴自棄滿戳中我的。
宅宅現實找不到人取暖，希望能找輕小說取。",aa6e5a53-e4d3-5db2-ae09-4fe3bd57219e,沒有悲鳴,大師無敵帥,9.9,完結,"青春, 戀愛, 後宮, 歡樂向, 青春日常, 華文輕小說",一個失業遊民回到故鄉後的並不青春也不戀愛的戲劇故事,1,使用者尋找的是具有特定心理特質（如《果青》大老師般自我犧牲式的孤獨、自暴自棄）且能引起負面共鳴的作品。推薦書籍雖設定為失業遊民，有一定的「失敗者」基調，但標籤中的「後宮」與「歡樂向」與使用者要求的憂鬱、孤獨氛圍不符，僅有表層的失敗者設定重疊。
q11,"最近人比較負面，
想看一些有共鳴的小說。
有沒有那種「我一個人爛就好了別搞其他人」的主角的輕小說？以前看大老師自暴自棄滿戳中我的。
宅宅現實找不到人取暖，希望能找輕小說取。",c4bf73eb-59e0-594c-85f5-801431471880,亭之下，繃帶和她,支倉,13.2,完結,"校園, 戀愛, 治癒, 青春日常, 華文輕小說",古宮守是個『被拋棄的孩子』，從鄉下來的他進入大城市轉校讀書，因為鄉下人的身份他遭到了其它同學的霸凌。不過早已對世界失望的他早已認為這些欺凌無可厚非，過著一成不變的日常。在二年級，神秘的寡言轉校生竹宮葉的到來吸引了古宮的注意。疫情爆發，異常的狀況將把古宮灰色的校園生活引向何方？謳歌孤悲的青春故事就此展開。,3,用戶尋找的是能引起共鳴、主角具有「自暴自棄」或「接受自己糟糕現狀且不願牽連他人」特質的輕小說（類似《果青》的大老師）。推薦書籍的主角古宮守同樣對世界失望，將霸凌視為理所當然，過著灰色的孤獨生活，其心理狀態與用戶要求的「一個人爛就好」高度契合，且標籤包含「治癒」，符合用戶想在小說中尋找慰藉的需求。
q11,"最近人比較負面，
想看一些有共鳴的小說。
有沒有那種「我一個人爛就好了別搞其他人」的主角的輕小說？以前看大老師自暴自棄滿戳中我的。
宅宅現實找不到人取暖，希望能找輕小說取。",1df5cd13-a685-5303-bc7b-b0aba3693026,絕望的世界,宮谷俊二,1.9,完結,"青春, 黑暗, 其他文庫, 日本輕小說",男主角在學校里受盡了欺負，對他來說妹妹才是自己的心靈唯一可以停靠的港灣。然而……,1,使用者明確要求的是像《果青》大老師那樣，具有「自我厭惡且願意承擔負面角色以保護他人」特定性格的主角，以此尋求心理共鳴。推薦的書籍雖然同樣涉及負面情緒、孤獨與校園霸凌，但從簡介看更傾向於單純的黑暗或悲劇風格，缺乏使用者所強調的「我一個人爛就好了」這種特定的自我犧牲式人設，僅在「負面氛圍」上有表面關聯。
q12,"想找一些日常系小說類型，希望劇情節奏安排和對話有趣些。
其它元素能接受百合、戀愛、生活、學校類型，有談話間交流劇情。",c7eb3336-851b-5913-befd-b4b6a75bd386,轉生成女生十五年，在聖誕夜前撿到失戀少女,アイズカノン,5.5,連載,"轉生, 性轉, 百合, 校園, 戀愛, 歡樂向, kakuyomu, Web輕小說",轉生成女孩後已經過了十五年，我從未想過有一天會在這個聖誕夜前的午後撿到一位失戀的少女。這是圍繞TS轉生的主人公「岩波優衣」的一群百合少女展開的一場獨佔欲和爭奪的愛情喜劇。,3,該書包含用戶明確要求的所有元素：百合、戀愛、校園且屬於歡樂向的喜劇，非常符合用戶尋找的「日常系」及對話主導的劇情需求。
q12,"想找一些日常系小說類型，希望劇情節奏安排和對話有趣些。
其它元素能接受百合、戀愛、生活、學校類型，有談話間交流劇情。",1e93dc80-05b9-5855-af91-23429aa14843,班上的公主是我的小狗,犬甘あんず,17.8,完結,"校園, 青春, 戀愛, 百合, 女性視角, 歡樂向, 角川文庫, 日本輕小說",《愛照顧人的樸素女孩 × 渴望被調教的班級女神》我——菜花胡桃，和同班同學空橋星羅連朋友都算不上，在教室里幾乎沒什麼交談。像我這樣平凡無奇的人，和傳聞中全校最可愛的女生，在班上的地位根本天差地遠。某天放學後，她用一封情書把我叫了出來——「胡桃，來當我的主人嘛」這荒唐的＂請求＂，讓我的日常生活徹底改變了。與其讓空橋同學被其他人傷害，不如由我來——我用這樣的理由說服自己。「……好吧，我會幫妳戴上」今天，我也將成為她的主人。幫她戴上項圈、調教她、偷偷地帶她散步。我們，是不是有點不對勁？,3,該書完全符合用戶要求的校園、百合、戀愛等元素，且標記為「歡樂向」，符合用戶對日常系、有趣對話與節奏的偏好。
q12,"想找一些日常系小說類型，希望劇情節奏安排和對話有趣些。
其它元素能接受百合、戀愛、生活、學校類型，有談話間交流劇情。",52afcc86-e022-51ce-9eac-96cac0683fd6,我們不可能成為戀人！絕對不行。 (※似乎可行？),みかみてれん,117.2,連載,"校園, 歡樂向, 戀愛, 百合, 女性視角, 青梅竹馬, 集英社, 日本輕小說",「我再也不要孤零零的了！我要贏得最棒的高中生活！」捨棄孤零零的中學時代，在高中初次亮相的我——甘織玲奈子。但我本性陰暗，沒辦法習慣我所憧憬的陽光生活，要窒息了！就在這時，因為一些意外我與我們學校的超級巨星·王冢真唯成為了共享彼此煩惱的密友。只要有真唯在，我每天都能努力——本應如此！「我……愛上你了」「等等！說好的做朋友呢」戀人什麼的是不穩定的關係，不行！我想交到最棒的朋友享受高中生活！但真唯似乎也不能完全放下戀心——。「一決勝負吧，看看符合我們的關係到底是戀人還是摯友」如此這般，賭上兩人關係的馬不停蹄的愛情喜劇，開幕！,3,該書完全符合用戶的需求：包含了校園、百合、戀愛與生活元素，且劇情定位為愛情喜劇，強調角色間關於「摯友與戀人」關係的互動與對話，符合用戶對日常系、有趣對話及劇情節奏的要求。
q12,"想找一些日常系小說類型，希望劇情節奏安排和對話有趣些。
其它元素能接受百合、戀愛、生活、學校類型，有談話間交流劇情。",34dc94eb-22ca-57aa-b481-e7bc76f7080b,來購買成人用品的優等生,4kaえんぴつ,10.6,連載,"校園, 青春, 戀愛, 歡樂向, 百合, 女性視角, 其他文庫, 日本輕小說",在兼營成人用品的二手書店打工的女高中生水城綾，某天竟在打工的地方遇上了同班的優等生茅野有季。這位在學校里同樣備受眾人另眼相看的有季，居然是在為了『緩解壓力』挑選情趣用品。「那個……這件事請對學校和我父母保密……」這場意料之外的邂逅，開啟了兩人共享小秘密的關係。面對既冷靜又熱心、會認真傾聽且不否定自己煩惱的綾，有季漸漸被她吸引。就連獨自解決需求時，也總會莫名想起綾的身影。可就在這時，不知從何處傳出了綾和有季正在交往的謠言……？,3,推薦書籍完全符合用戶的需求。包含校園、百合、戀愛及日常元素，且劇情設定（分享小秘密、傾聽煩惱）暗示了大量透過對話來推進角色關係與劇情的特點，非常契合用戶對「日常系」與「談話間交流劇情」的期待。
q12,"想找一些日常系小說類型，希望劇情節奏安排和對話有趣些。
其它元素能接受百合、戀愛、生活、學校類型，有談話間交流劇情。",ba77fe36-1174-5791-b4de-0d310ba4b323,聖母在上,今野緒雪,309.8,連載,"校園, 青春, 戀愛, 歡樂向, 百合, 少女文庫, 日本輕小說","東京都下武藏野的一座傳統天主教女校-莉莉安女子學園高中部.那裡沒有嚴苛的校規,學生們每日渡過正統規律的學園生活,但這裡有著前輩和後輩結為姊妹並指導後輩,被稱為""SOEUR""(法語中""姊妹""的意思)的姊妹制度.",3,該書屬於典型的校園百合日常系小說，完全符合使用者要求的「日常系」、「百合」、「戀愛」、「學校」以及「生活」等元素。其核心設定（姊妹制度）極度依賴角色間的對話與情感交流來推動劇情，與使用者希望「對話有趣」且「在談話間交流劇情」的需求高度契合。
q12,"想找一些日常系小說類型，希望劇情節奏安排和對話有趣些。
其它元素能接受百合、戀愛、生活、學校類型，有談話間交流劇情。",7dcec8a1-06a7-5b2d-946f-785fa4d5d58a,被認可的慾望化身為人，直到她迷戀上一個女孩為止的故事,4kaえんぴつ,3.9,完結,"校園, 青春, 戀愛, 百合, 歡樂向, kakuyomu, Web輕小說",一個化身為「認可欲求」的存在對一個女孩產生執念的故事。,3,推薦書籍包含百合、校園、戀愛以及歡樂向標籤，完全符合用戶對日常系、學校、百合等元素的偏好，且「歡樂向」通常意味著有趣的對話與節奏，與用戶需求高度匹配。
q12,"想找一些日常系小說類型，希望劇情節奏安排和對話有趣些。
其它元素能接受百合、戀愛、生活、學校類型，有談話間交流劇情。",5d4339c8-748c-5712-bc11-1166d80e3a21,菖蒲的少女革命！,志茂文彥,33.4,完結,"校園, 奇幻, 歡樂向, 戀愛, 百合, MF文庫J, 日本輕小說",回過神之後的菖蒲發覺自己突然喪失了記憶，她在一位神秘人的訊息提示之下的知：為了找回她的記憶，必須幫助在這個世界上的另一位『自己』，也就是長相與她一模一樣、花時雨學院的偶像姬子。　　然而，品行端正、成績優秀、受到眾人仰慕的姬子，背地裡其實是企圖掌控學院的腹黑陰謀家！偶然發現這個事實的菖蒲，被姬子以協助尋回記憶為代價，成為姬子的影武者遭其利用……什麼事情都不知道就被當作「姬子」看待的菖蒲，她的命運究竟會如何！？,2,該書符合使用者提到的校園、百合、戀愛等元素，且歡樂向的設定可能提供有趣的對話。然而，劇情涉及記憶喪失、影武者及陰謀等奇幻/劇情元素，與使用者核心需求的「日常系」稍有偏差，較偏向校園戀愛喜劇而非純粹的日常生活。
q12,"想找一些日常系小說類型，希望劇情節奏安排和對話有趣些。
其它元素能接受百合、戀愛、生活、學校類型，有談話間交流劇情。",73de3b5e-3465-5df5-9eef-1e963cced569,喜歡上了她？,zzkr,8.1,連載,"校園, 青春, 戀愛, 歡樂向, 青春日常, 華文輕小說",從喜歡上她的那個冬天，我的青春開始了。初次見面的陽光型美少女主動要和我交朋友。高中生活的伊始，和喜歡的女生分到了一個班，不過同桌竟然是…………校園青春戀愛喜劇，正式開始！,3,推薦書籍完全符合用戶要求的「日常系」、「校園」、「戀愛」以及「生活」元素。標籤中的「歡樂向」與「戀愛喜劇」對應用戶希望對話有趣的期待，且書名與簡介暗示為百合傾向，高度匹配用戶的核心需求。
q12,"想找一些日常系小說類型，希望劇情節奏安排和對話有趣些。
其它元素能接受百合、戀愛、生活、學校類型，有談話間交流劇情。",d3cff37e-6190-5023-a50c-94d62d38ec75,漫研社的日常,anime,1.4,連載,"青春日常, 華文輕小說",「這是一個傳奇物語，三位被上天選中的勇者將會脫穎而出，挑戰上古神獸……」「你這是在講什麼啊！」「欸？普通的簡介啊。」「我們這是日常小說好吧，不可能出現勇者，惡龍什麼的吧！」「嘖，現在的年輕人真是不懂啊，在戀愛校園小說里加入戰鬥元素是基本的吧。」「要加也是美少女吧！不對，不可能有的好吧！」「嘛嘛，冷靜點，魔法少女已經是舊時代的產物了，真的是，寫個簡介還激動成這個樣子。」「還不是因為你……」「就是這樣，欸，這是一本什麼，嗯，講述青春期男女什麼的，他們之間發生的？日常生活……啊，好無聊。」「輪不到你說！」,3,推薦書籍的主題為「青春日常」與「校園」，完全符合用戶對日常系、生活、學校類型的需求。且其簡介以角色間充滿趣味的對話形式呈現，直接對應了用戶希望「對話有趣」且「在談話間交流劇情」的核心要求，是非常精準的推薦。
q12,"想找一些日常系小說類型，希望劇情節奏安排和對話有趣些。
其它元素能接受百合、戀愛、生活、學校類型，有談話間交流劇情。",4d3fcad4-1206-5ccb-9d73-37ef63eaa03a,雖然我被同年級兩大美少女甩了，但不知為何她們似乎愛上我了。,あおぞら,20.3,完結,"校園, 青春, 戀愛, 後宮, 妹妹, 歡樂向, kakuyomu, Web輕小說",「妳們兩個明明甩了我吧？」「嗯。」「……為什麼會跟著我？」【本篇完結】【隨意更新番外篇】我——佐佐木瑛太，想要一個女朋友。原因是，周圍的情侶越來越多，還有跟我結成非戀愛同盟的兩個好友也各自有了女朋友。因此，我向同年級裡最可愛的兩位美少女告白了。然而，結果本應該是慘敗——但卻……「……妳們兩個在幹嘛？」「啊，瑛太君……呃，其實……」「我們在跟蹤你，沒有其他意思。還有，給我午餐。」「妳們這樣明明就有其他意思吧！居然能說出沒有的話來！？而且我今天不是說了沒有午餐嗎！？」不知不覺中，卻莫名其妙地被她們所喜愛。真的是為什麼呢？◯每一話大約1500字左右。◯感謝在各類別日間、週間、月間排名第一！！◯感謝在各類別年間排名第十！！◯感謝300萬PV！,3,該書屬於校園戀愛喜劇，完全符合用戶要求的「日常」、「學校」、「戀愛」元素。此外，從簡介中呈現的對話風格來看，具有較強的互動感與喜劇節奏，符合用戶希望「對話有趣」且「透過談話交流劇情」的需求。
q12,"想找一些日常系小說類型，希望劇情節奏安排和對話有趣些。
其它元素能接受百合、戀愛、生活、學校類型，有談話間交流劇情。",60078bef-8306-5b35-8211-b39fbc5d2c71,為什麼我的青春戀愛喜劇里只有怪物女主,音塚雪見,35.7,完結,"校園, 戀愛, 後宮, 歡樂向, kakuyomu, Web輕小說",只有我知道她們的真實身份（真的）（絕望）（誰來救救我）化野曜是個再普通不過的高中生，他期待著一段戀愛喜劇。不求太多，只想要個女朋友。然後他竟然坐到了以美少女著稱的草壁菜菜花的鄰座！周圍投來的嫉妒目光如同散彈槍般密集。他以為一段波瀾壯闊的故事就要開始了——然而……「呃，希望你不要跟我有任何牽扯。」曜一臉厭惡地開始全力與菜菜花保持距離。然而，與他的意願相反，那些『怪物』女主角們卻不斷增加。嫉妒的目光越來越多，SAN值卻在持續下降。曜能否度過一段普通的戀愛喜劇呢？今天他依然在不斷祈禱。………………但是，這大概是不可能的。這個世界真是無情啊。,3,該書屬於校園戀愛喜劇，完全符合用戶要求的「日常系」、「學校」、「戀愛」等元素。標籤中的「歡樂向」以及劇情中對角色互動（如與怪物女主的日常衝突）的描述，符合用戶希望對話有趣、節奏輕快的需求。
q12,"想找一些日常系小說類型，希望劇情節奏安排和對話有趣些。
其它元素能接受百合、戀愛、生活、學校類型，有談話間交流劇情。",ff3cf726-e940-59e0-80e2-a6b6f6a3a583,生存以上，戀愛未滿 ～ 在日本難以維持生計的我怎能與你們戀愛,中正,13.7,連載,"戀愛, 後宮, 校園, 歡樂向, 妹妹, JK, 蘿莉, 群像, 宅文化, 青春, 青春日常, 華文輕小說",因雙親離世而被迫滯留日本的中國留學生澤野軒，正在用秒錶掐算著人生的每一秒：清晨在為便利店的日結狂奔，為了生計放學後在料亭中打工到最終電車，深夜靠心靈寄託的虛擬主播「鹿乃」續命，還要供養尚在中國的妹妹。正當他以為自己早被生存壓力榨乾了心跳，身邊卻突然傳來了無數心跳信號——元氣滿滿的學妹真澄來瑠點著腳尖展示著「絕對領域」的校服，甜甜的聲音賽過蜜糖：「前輩！來瑠也考上東京都立了！這下前輩真成來瑠的前輩了！」溫柔羞澀優等生班長萩原咲良紅著臉遞交出自己的筆記，輕輕的問道：「數學輔導的約定，還作數嗎？」小壞打工搭檔青山真空晃著萌袖笑著調侃道：「軒君，猜到今天胖次顏色就免單哦？要作弊看看嗎？」兄控妹妹澤野星洛突襲的宣言道：「老哥！我也考上東京都立了！今晚開始同居吧——」現充辣妹綾瀨奈奈子撕下社交面具，指尖輕輕划過他的課本：「軒，這道戀愛方程式…可以手把手教人家嗎？」蘿莉唱見星野彩音縮在播音室角落，軟萌的聲線與軟萌的鹿乃完美重疊：「哥哥……可以陪彩音唱歌嗎？」青梅天然呆大小姐，直球交換生後輩也將陸續加入戰局?!不是?! 我還要打工啊喂！下個月的房租要交不上了！當生存與心跳的警報同時拉響——這場東京都立的戀愛生存戰。拒絕BE！一場混亂紛擾的戀愛喜劇就此展開！,3,推薦書籍完全符合用戶要求的「日常系」、「戀愛」、「生活」與「學校」元素。雖然該書屬於後宮向作品，但其定位為校園戀愛喜劇，強調青春日常與角色間的互動，符合用戶對節奏有趣、對話驅動劇情的期待。
q12,"想找一些日常系小說類型，希望劇情節奏安排和對話有趣些。
其它元素能接受百合、戀愛、生活、學校類型，有談話間交流劇情。",80e62c5c-bf5f-55cb-b872-afa8a70e41bc,有『病』的我，不會體驗到戀愛喜劇吧？,沢渡空,6.6,連載,"校園, 戀愛, 青春, 歡樂向, 青春日常, 華文輕小說",我池田透，一屆閑人，同時還患有少見的「中二病」。說是這樣，其實就是喜歡耍酷而已，並不是尬上天的那種。本來，在我初中畢業之前，我的生活都很平靜，可是之後——和女同學同居，天降青梅等許多「典」的事情發生在了我的身上。我的生活，也隨著混亂了起來——歡樂or痛苦？我真是個罪孽深重的人啊！黑暗的公園裡——「這就好處理了！這樣也不會產生負罪感了。」「來，真月姐，傾訴你的愛意吧！」美少女說道。「我，我喜歡透君想要每天和他在一起，所以——」身材嬌小的白髮美少女說道。「欸！我也喜歡小透欸！我才是——」一位黑長直的御姐形美少女說道。「雖然他是我的未婚夫，但我沒有權利干涉池田同學的個人生活，所以，你們可以和他一起玩的！」一位美麗的少女說道。——「只要你不變心就行。」美麗的少女受到了這一句話。月光下的幾人，懷著各自的想法回到了家中。「哥哥，他真是罪孽深重啊！」美少女吐槽道。,3,推薦書籍標籤包含「青春日常」、「校園」與「戀愛」，且簡介中展現了大量角色間的對話互動與歡樂喜劇氛圍，完全符合用戶對日常系、學校類型、有趣對話以及生活化劇情的期待。
q13,"我很喜歡搞笑類，誤會系剛好能戳到我的笑點，
看了會有種「這群人的腦迴路到底怎麼長的」的感覺，（像電玩咖這種的）
當然不需要全程搞笑，後面進入主線開始嚴肅起來我還是能接受的（素晴、腦礙這種的）",a1184e22-1473-5162-90d4-b9a3dda93023,狂亂家族日記,日日日,104.7,連載,"奇幻, 歡樂向, 青春, 戀愛, 人外, Fami通文庫, 日本輕小說",一千年前出現的破壞化身「閻禍」在滅亡前丟下一句「一千年後我的孩子將會將絕望帶給世界」。千年過後，靠著DNA鑒定選出數名可能是「閻禍子孫」的人類或生物。為了確定誰是「閻禍之子」，擬定了「和樂家族計畫」──將所有可能是「閻禍之子」的人結合成一個家庭共同生活。對策局對策一課行動部隊隊長亂崎凰火以「父親」的身分被強制參加。「快立刻停止用你那又丑又髒的手做出抓住本凶華大人柔軟手臂的褻瀆行為！你這個叛徒猶大！」某天，凰火遇見了一個長著貓耳和尾巴，外表清純可愛卻滿口詛咒連篇的任性少女。這個因為白吃白喝而被大群警察追捕的貓耳少女凶華，到底是什麼人？於是——凰火命中最糟的惡運襲來！？超常現象對策一課行動部隊長亂崎凰火和奇妙家族之間所發生的可笑而又溫馨充滿愛與考驗的故事！！,3,推薦書籍為歡樂向奇幻作品，其設定將潛在的破壞者強行組成「家庭」，角色性格極端且處境混亂（如滿口詛咒的貓耳少女與被迫擔任父親的主角），非常符合使用者追求的「腦迴路奇怪」的搞笑風格，且整體氛圍與使用者提到的《素晴》等作品高度相似。
q13,"我很喜歡搞笑類，誤會系剛好能戳到我的笑點，
看了會有種「這群人的腦迴路到底怎麼長的」的感覺，（像電玩咖這種的）
當然不需要全程搞笑，後面進入主線開始嚴肅起來我還是能接受的（素晴、腦礙這種的）",cb76f393-131c-532a-b861-e34261689553,偶像總愛被吐嘈！,斎藤雅人,105.7,完結,"校園, 職場, 青春, 歡樂向, 後宮, 妹妹, 電擊文庫, 日本輕小說",被春天的溫暖陽光所吸引而在街上隨意閑晃的我，突然被人給綁架了。咦？什麼？不不不，你們究竟要做什麼啊!?‥‥‥當我回過神來之後，發現自己不知為何待在廣播節目的錄音室裡頭。就在我發著呆時，一名美少女踏進錄音室里——天…天啊！這不是我一直很崇拜的人氣偶像聲優音無圓嗎‥‥‥咦咦咦咦咦!!結果，我們倆就這樣順勢開始了廣播節目的工作‥‥‥但我的命運到底會何去何從!?以怒濤之勢急遽展開＆熱鬧滾滾的喜劇，在此揭幕！,2,用戶明確要求「誤會系」以及「腦迴路奇怪」的搞笑風格（如《素晴》），推薦書籍標記為「歡樂向」且描述為「熱鬧滾滾的喜劇」，雖然符合搞笑的大方向，且開頭被綁架到錄音室的設定帶有一定的荒誕感，但更偏向傳統的吐槽系輕小說，而非深層的「誤會系」驅動劇情，因此僅能算是部分符合。
q14,"想求各位大大們，有沒有推薦以百合、女生友情、男女愛情這類的日本輕小說呢?

不太想要有奇幻、科幻、后宮、異世界這元素，有點太過氾濫不太想看
只要日常、青春的就可以了，有發糖的和胃痛我都可以~",b93357d7-dd34-5036-a892-676b4a127e4d,被百合夾擊的女子有罪嗎？,みかみてれん,7.4,完結,"青春, 戀愛, 百合, 女性視角, 電擊文庫, 日本輕小說",「等等，對方也是……女生嗎？」楓是一名學過怎麼擄獲異性的女高中生（尚無實戰經驗）。展露技巧的時刻終於到來，她奉命參加一場戀愛對決，先得到目標對象的心就能贏得勝利。而對手是和她有著不解之緣的兒時玩伴火凜。「我怎麼樣都比楓強。」人生第一場「美人計競賽」正要展開時，楓得知了一項驚人的事實。目標名叫朝川茉優（二十三歲）。竟然是個女性。「妳們喜歡我嗎……咦？（開心）」可是茉優之前的人生充滿不幸，心靈脆弱不堪，因而渾身都是弱點──被捲入對決中的普通人以及兩名專業的美少女，三人三樣情的戀愛劇就此展開！,3,該書籍完全符合用戶的需求：它是日本輕小說，主題包含百合與青春戀愛，且沒有奇幻、科幻、後宮或異世界等禁忌元素，屬於日常青春類作品。
q14,"想求各位大大們，有沒有推薦以百合、女生友情、男女愛情這類的日本輕小說呢?

不太想要有奇幻、科幻、后宮、異世界這元素，有點太過氾濫不太想看
只要日常、青春的就可以了，有發糖的和胃痛我都可以~",62d0f7b5-ac0c-51a2-b379-a126a62e9fe5,夏，響,久遠雫,10.1,完結,"百合, 青春, 戀愛, 青春日常, 華文輕小說",少女，不坦誠的兩位少女。總之這是兩位少女之間的故事，少女飄搖的思緒，少女深藏的心意，很多東西溫潤無聲、悄悄萌芽只待一場春雨灑下，愛意暗暗滋生思念靜靜流淌。氣氛慢慢升溫，距離漸漸拉近逐漸在意彼此回過頭來時早已深陷在那份溫暖之中無法自拔。兩個人孤獨的天空交織在一起像不相干的軌道接觸、交匯、重疊。,2,推薦書籍在主題上高度符合使用者要求的百合、青春、日常元素，且避開了奇幻、異世界等不想要的設定。然而，使用者明確指定要「日本輕小說」，而此書被標記為「華文輕小說」，在來源國籍上不符，因此給予 2 分。
q15,"喜歡的類型 是異世界 轉生 重生 穿越 校園異能 幻想世界 劍與魔法 主角最強 多後宮 戰鬥要夠中二 都行
夠套路
要男主 一定要有戰鬥 後宮 沒後宮也沒關係但要有女主 如果主角拿的是劍我會更開心
不接受有沒男主的 例如蜘蛛又怎樣 能力值平均 怕痛的我
不接受虐主的 除了re 0 是因為動畫入坑的 除非前面虐後面很爽的這樣可以例如平職
需要裝逼讓我看的會高潮的 所以無職轉生我看不下去因為太真實太哭逼了",1a7218bf-4b13-58b7-b62e-cc39ddc257f1,全班都被召喚到異世界去，只有我被留下來,サザンテラス,16.9,連載,"轉生, 奇幻, 戰鬥, 龍傲天, 後宮, 其他文庫, 日本輕小說",神突然在教室出現，把全班強制召喚到異世界！……原本應該是這樣的，但由於在角落座位上睡覺的神谷夜兔沒有在魔法陣里，因此雖然被授與了技能，但人卻仍留在現實世界。在學生失蹤的風波平息後，夜兔已經是高中生，儘管夜兔想要過安穩的高中生活，但一下是學校被恐怖分子佔據，一下又是有異世界怪物出現，把夜兔所在的城市搞得雞犬不寧……這名沒勁少年究竟是否能拯救世界？從「小說家になろう」誕生的暢銷奇幻作品！本書特色★身在現代卻擁有異世界魔法技能，異世界奇幻冒險與現實的日常生活兼具的超有趣輕小說。★作者於單行本中加寫外傳「第０次的邂逅」。,3,該書高度符合用戶需求：擁有男性主角、龍傲天（主角最強）設定、後宮標籤以及戰鬥元素。雖然主角留在現實世界而非前往異世界，但這正好符合用戶提到的「校園異能」類型，且其龍傲天屬性能提供用戶想要的「裝逼」快感，完全避開了用戶不接受的虐主或女性主角設定。
q16,"如題想看校園類型小說，不知道有無推薦
純現實的不要有奇幻元素，集數不多的佳",05ca8f6e-e52d-5764-acf8-76f80b657b63,The. Feast. of. The. Moon.,ホシノ,8.5,連載,"校園, 青春, 異能, 原生幻想, 華文輕小說",隕石墜下，一夜之間出現大量超能力者?!能力者們的校園日常！,1,用戶明確要求「純現實」且「不要有奇幻元素」，而推薦的書籍包含「異能」與「原生幻想」設定，與用戶的核心需求直接衝突，僅在校園設定上有所重疊。
q16,"如題想看校園類型小說，不知道有無推薦
純現實的不要有奇幻元素，集數不多的佳",e93c0886-6627-5905-ba89-5b256ffb1c54,我成了校園怪談的原因,小川晴央,9.2,完結,"校園, 懸疑, 青春, 戀愛, 電擊文庫, 日本輕小說",「恭喜你，你被選為這所學校的新七大怪談之一！」深夜的校園裡，一位穿著箭羽花紋和服的女性——典子，漂浮在櫻花樹上，對著清城高中三年級的中崎夕也說出這句話————於是，中崎頓時成了校園傳說之一，得到不可思議的力量，逐一解決神奇的事件。然而，這並不是你想像的校園故事……在某次的事件中幫助了女同學朝倉後，兩人的關係也逐漸靠近，但，此時中崎卻道出驚人的事實——而他之所以成為校園怪談的原因是……你能在這當中找出真正的原因嗎？,0,使用者明確要求「純現實」且「不要有奇幻元素」，但推薦的小說主題為「校園怪談」且包含「不可思議的力量」等超自然元素，與使用者的核心需求完全相反。
q16,"如題想看校園類型小說，不知道有無推薦
純現實的不要有奇幻元素，集數不多的佳",eac327fa-3ffb-5a5f-89a5-5f49cc5074f9,七海學園系列,七河迦南,43.1,連載,"校園, 青春, 懸疑, 其他文庫, 日本輕小說",由於各種各樣的原因，無法在家生活的孩子們生活的兒童福利設施「七海學園」。在這裡，學生們之間流傳著被稱為「學園七大不可思議」的怪異，至今仍對校園中發生的新事件提出不可思議的謎團。支撐著孤獨少女心的「從死亡中復甦的前輩」。從緊急樓梯的盡頭，像夏天的幻影一樣消失了的新生。當六個女孩聚集在一起的時候，不可能存在的「第七個」喃喃私語的黑暗隧道……圍繞著七個少女的各種謎團，通過「真實」的線連接起來，描繪出美麗的圓環，成為希望的故事。由纖細技巧編織而成的短篇集創作了《宏大物語》，第十八屆鯰川哲也獲獎作品。宛如夏日夢幻般消失的少女，從隧道中聽到天使的聲音。這是一部清爽描寫兒童福利院的孩子們相遇之謎的鯰川獎獲獎作品。,1,用戶明確要求「純現實」且「不要有奇幻元素」，但該書介紹中提到「從死亡中復甦的前輩」、「學園七大不可思議」以及「不可能存在的第七個」等具有超自然或奇幻色彩的描述，與用戶的核心需求直接衝突。
q16,"如題想看校園類型小說，不知道有無推薦
純現實的不要有奇幻元素，集數不多的佳",abb04027-c9ec-53bf-b857-60c6e56095a6,下雨天，不上學,相澤沙呼,8.5,完結,"校園, 青春, 集英社, 日本輕小說",只因為剛好家住得近，三十個素昧平生的人就毫無理由地被迫待在同一間教室，無法逃脫，失去飛翔的自由。大家穿著相同的制服，朝著同一個方向，接受同樣的陽光照射，解同樣的問題，強迫接受同一套生存之道。這麼一想，就覺得學校是個好滑稽、好好笑的地方。在意他人視線、害怕與人接觸而拒絕進教室上課的岡崎。受到同學惡意嘲弄仍不屈服於同儕壓力、不隨波逐流的森川。為憂鬱、輕生念頭所苦，持續寫著「想死筆記本」的藤崎。為鞏固在小團體內的地位，迎合他人欺負昔日好友的惠理。擅長攝影卻沒有自信、沉溺於網路世界尋求認同的堀內。因個性沉默寡言、不善交際而莫名成為霸凌對象的小町。六個纖細敏感的國中生，六則閃耀希望微光的故事。,3,該書為純現實主義的校園青春小說，探討國中生的心理掙扎與社交問題，完全符合使用者要求「校園類型」且「無奇幻元素」的核心需求。
q16,"如題想看校園類型小說，不知道有無推薦
純現實的不要有奇幻元素，集數不多的佳",d06a92a4-4fb1-5737-b513-cadbdbc0a62d,英雄教室,新木伸,89.2,連載,"校園, 歡樂向, 後宮, 集英社, 日本輕小說",前任勇者要上學!?最強英雄實境秀，顛覆校園大暴走!?勇者乃「超生物」!?少年布雷德是與魔王打成兩敗俱傷，因而徹底失去勇者之力的前勇者。照理來說，他應該如願以償地變成一名普通的學生了，可是他就讀的學校竟是培育勇者的精英學校!?在那裡上學的學生們當然都很優秀，不過曾為「正宗」勇者的布雷德在「心、體、技」各方面都太像英雄了!?不僅在實習課程中毀掉大半的校舍！還仗著老交情對國王講話沒大沒小!!而且就算被身為校園「女帝」的可怕大姐給盯上了，他也完全沒發現!!!儘管學校因為龍族逃脫而陷入恐慌，他還是一個人我行我素地吃著豬排咖喱!?所作所為形同「超生物」的主角，他那荒唐、離譜、莽撞、不自然至極的「老子平靜的校園生活」就此揭開序幕!!,0,使用者明確要求「純現實」且「不要有奇幻元素」，而推薦的書籍《英雄教室》包含前任勇者、魔王、培育勇者的精英學校等大量奇幻設定，與使用者的核心需求完全相反。
q16,"如題想看校園類型小說，不知道有無推薦
純現實的不要有奇幻元素，集數不多的佳",c4bf73eb-59e0-594c-85f5-801431471880,亭之下，繃帶和她,支倉,13.2,完結,"校園, 戀愛, 治癒, 青春日常, 華文輕小說",古宮守是個『被拋棄的孩子』，從鄉下來的他進入大城市轉校讀書，因為鄉下人的身份他遭到了其它同學的霸凌。不過早已對世界失望的他早已認為這些欺凌無可厚非，過著一成不變的日常。在二年級，神秘的寡言轉校生竹宮葉的到來吸引了古宮的注意。疫情爆發，異常的狀況將把古宮灰色的校園生活引向何方？謳歌孤悲的青春故事就此展開。,3,該書標籤為校園、青春日常，內容描述涉及轉校、校園霸凌及疫情等現實生活場景，完全符合使用者要求的「校園類型」且「純現實、無奇幻元素」的核心需求。
q16,"如題想看校園類型小說，不知道有無推薦
純現實的不要有奇幻元素，集數不多的佳",55a59551-ee0b-5409-be2a-2f6ea658b489,趕在下午上課鈴敲響之前,阿津川辰海,12.3,完結,"校園, 青春, 懸疑, 其他文庫, 日本輕小說",這幫傢伙，實在是太棒了……！午休時間的「完美犯罪」要小心!?本格推理大獎得主的最高傑作！那些在旁人看來愚蠢至極的事情，卻是他們最耀眼的青春。以「校園午休」這一方小宇宙為舞台，描繪高中生群像與高超詭計完美融合的故事，熱情描繪了一部令人愛不釋手的傑作校園推理小說！,3,這本書是典型的校園青春推理小說，完全符合使用者要求的「校園類型」且「無奇幻元素」的現實設定。
q17,"求推薦世界觀建構完整
主角很清楚當下該做甚麼
是不太希望主角輕鬆拿到一堆外掛這種的
然後也蠻喜歡主角大意、失誤或忘記重要信息導致危機感這種狀況發生
非戰鬥類主角也可以，感覺這類主角穿越的比較多?
但是如果是一個高中生通十八般武藝心理素質又特好的就不要",06e49ac0-571b-584d-aca2-71bd61ed6922,黑牢城,米澤穗信,20.8,完結,"懸疑, 鬥智, 角川文庫, 日本輕小說",「官兵衛，這是只有你才能解決的詭異事件。」在近乎滴水不漏的閉鎖城池裡，意外的犯罪就這麼接連發生了……背叛織田信長的謀將·荒木村重被幽禁在地牢內的智將·黑田官兵衛在被戰事包圍、陷入四面楚歌困境的有岡城裡，另一場迎擊奇案的「推理」與「心理」攻防戰，就此展開。當謎團被解開的同時，歷史的變動與嶄新的世界面貌也即將在眾人的眼前揭曉。對神秘的事件採取抽絲剝繭般的拆解對彼此的內心進行試探與剖析對局勢的走向展開你來我往的較勁一個難以揣測其心思的謀反城主一個受困囹圄的戰國安樂椅偵探兩個人的推理，讓歷史的巨輪開始轉動了。,3,該書符合用戶對「非戰鬥類主角」以及「非完美高中生」的要求。主角是戰國時期的智將，設定在一個封閉且危機四伏的環境中，強調的是「鬥智」與「心理攻防」，而非依賴外掛或輕鬆獲勝。雖然簡介未明確提到主角會犯錯，但鬥智類小說通常包含高度的心理博弈與危機感，且其世界觀基於歷史背景，具有較高的完整度，與用戶的核心需求高度契合。
q17,"求推薦世界觀建構完整
主角很清楚當下該做甚麼
是不太希望主角輕鬆拿到一堆外掛這種的
然後也蠻喜歡主角大意、失誤或忘記重要信息導致危機感這種狀況發生
非戰鬥類主角也可以，感覺這類主角穿越的比較多?
但是如果是一個高中生通十八般武藝心理素質又特好的就不要",f049f5e7-55b0-546d-a99b-f91d1740240f,天翔虎軍師,上總朋大,9.5,連載,"戰爭, 鬥智, 後宮, 青梅竹馬, 富士見文庫, 日本輕小說",帝國曆36年。托雷帝國殲滅頑強抵抗未果之費烈利加王國，稱霸了大陸。祖國滅亡的景象為費烈利加大將軍嫡子謝爾帶來刻骨銘心之痛，於是他在內心起誓。──『為復興費烈利加王國，我要成為軍師！』。之後經歷2年的時光，順利任職於托雷帝國總軍師迪歐拉麾下，同時與夥伴們秘密策動革命計畫的謝爾終於要採取行動！為了奪回祖國，更為了拯救幼時承諾要「永遠守護」的那名少女……。勇猛將士們互競「武」道，軍師們相互斗「智」，王者們爭奪「霸」權。經典幻想戰役即將開戰!!,2,主角定位為軍師，符合使用者對「非戰鬥類」且「目標明確」的需求，且並非典型的全能高中生穿越者。然而，簡介中並未提及使用者非常在意的主角會「大意、失誤或忘記重要信息導致危機感」的情節，傾向於傳統的智將崛起故事，僅部分滿足使用者對主角性格缺陷的需求。
q18,"我最近剛看了龍王的工作的小說
雖然不懂將棋，但覺得對局的刻劃很棒
能看到將棋解說
也會側面描寫一些職業棋士、女流棋士的差別和情況

最喜歡的部分是銀子挑戰獎勵會那邊
書裡描寫的女性棋士會被小看的部分
那種低人一等、逆境求生的感覺做得很真實(?不會形容，總之很有代入感
銀子加油，不要輸給將棋星人!

希望各位能分享一些好看的將棋小說!!",c9aa28cc-c774-5e0d-a74a-fcfba1e676f8,夏天結束時，妳一死就完美無缺,斜線堂有紀,7.2,完結,"青春, 戀愛, 電擊文庫, 日本輕小說",★畫在療養院白牆上的孤獨鯨魚，和傾注在西洋跳棋盤上的心愿。★無處可去的少年與罹患絕症的少女，他們所選擇的「正確答案」會是？家住窮鄉僻壤的國中生江都日向，受到惡劣家庭環境的影響，對於前途不抱任何期望，覺得自己一輩子只能爛在沒有未來的家鄉。出現在這樣的他眼前的，是罹患了身體會變成金塊的不治之症「金塊病」的女大學生都村彌子。她突然提議，只要日向在西洋跳棋的對弈中贏過她，日向便能繼承死後可賣得三億圓的「自己」。透過古老的桌上遊戲，兩人逐漸拉近了距離。然而，伴隨都村的死亡而來的大筆財富，打亂兩人的命運……,1,使用者明確要求的是「將棋」小說，並強調對職業棋士環境、女性棋士逆境奮鬥以及對局刻劃的興趣。推薦的書籍雖然包含棋類對弈，但遊戲是「西洋跳棋」而非將棋，且故事重心在於絕症與悲劇戀愛，與使用者尋找的將棋專業感及職業競爭主題完全不符，僅有極其表面（都是棋類遊戲）的關聯。
q18,"我最近剛看了龍王的工作的小說
雖然不懂將棋，但覺得對局的刻劃很棒
能看到將棋解說
也會側面描寫一些職業棋士、女流棋士的差別和情況

最喜歡的部分是銀子挑戰獎勵會那邊
書裡描寫的女性棋士會被小看的部分
那種低人一等、逆境求生的感覺做得很真實(?不會形容，總之很有代入感
銀子加油，不要輸給將棋星人!

希望各位能分享一些好看的將棋小說!!",dbd4d53a-64e4-56d8-b336-7b28eb51331d,我與她的遊戲戰爭,師走透,77.5,連載,"校園, 青春, 歡樂向, 後宮, 青梅竹馬, 電擊文庫, 日本輕小說",少年岸嶺健吾轉學進入幾年前還是女校的高中。明明置身於女生圍繞的後宮般環境，不擅與人來往的他卻照樣沉迷於唯一的興趣──閱讀，過著平靜的生活。然而，他在機緣巧合下加入了至今從未接觸的社團活動，高中生活自此變得風波不斷……他加入的社團是現代遊戲社──也就是電玩社。在美女學生會長與變態老師等可靠（？）的同伴支持下，岸嶺發揮了意想不到的才能。原本平凡無奇的少年，即將展開刺激的玩家人生！,0,使用者明確要求推薦「將棋小說」，並強調對對局刻劃與職業棋士（尤其是女性棋士）面臨逆境的描寫感興趣。而推薦的書籍是關於「電玩（現代遊戲）」的校園後宮小說，與將棋完全無關，不符合使用者的核心需求。
q17,"求推薦世界觀建構完整
主角很清楚當下該做甚麼
是不太希望主角輕鬆拿到一堆外掛這種的
然後也蠻喜歡主角大意、失誤或忘記重要信息導致危機感這種狀況發生
非戰鬥類主角也可以，感覺這類主角穿越的比較多?
但是如果是一個高中生通十八般武藝心理素質又特好的就不要",544e9cce-ccc9-5293-a463-729678dd374e,記錄者旁白——騎士團戰記,許家球,6.8,完結,"戰爭, 鬥智, 原生幻想, 華文輕小說",基於歐洲中世紀的幻想背景，純腦補寫出來的快節奏爽文。一個傭兵團首領，一步步統一大陸打造空前盛世，混雜著許多戰爭與權謀的歷險實錄。目的純粹是娛樂，希望讀者能喜歡。,1,使用者明確表示不希望主角輕鬆獲得外掛，且非常喜歡主角因大意或失誤而產生危機感。然而，推薦書籍在簡介中自稱為「爽文」，這類作品通常強調主角的順遂與快感，與使用者追求的「挫折感」與「非輕鬆獲勝」的核心需求相悖。雖然主角設定符合非高中生的要求，但整體敘事基調與使用者意圖不符。
q17,"求推薦世界觀建構完整
主角很清楚當下該做甚麼
是不太希望主角輕鬆拿到一堆外掛這種的
然後也蠻喜歡主角大意、失誤或忘記重要信息導致危機感這種狀況發生
非戰鬥類主角也可以，感覺這類主角穿越的比較多?
但是如果是一個高中生通十八般武藝心理素質又特好的就不要",49988d98-3168-5bed-b42e-d78df47ffb1d,魔學詭術士,久住四季,83.6,完結,"校園, 奇幻, 懸疑, 百合, 女性視角, 電擊文庫, 日本輕小說",一個魔法師邪氣地勾唇一笑說：「遊戲是吧？挺有趣的嘛——」那以遊戲為名的預告是既大膽而唐突的。「本座在此宣布，要從目前在場的各位同學之中選出祭品予以處刑。」當這個難以理解的預告變成事實的時候，故事的背景舞台城翠大學也隨之墜入混亂的漩渦之中。猜疑、恐怖、狂亂以加速度拓展開來。但是，美麗的女魔法師運用她巧妙的魔術手法，鮮明而諷刺地解開了謎底；而遊戲則以沒有人料想得到的方式步向終局。,1,使用者明確要求「世界觀建構完整」以及「主角會因大意或失誤導致危機感」，且討厭過於完美的設定。推薦的書籍雖然主角具有能力（符合知道該做什麼），且並非傳統的戰鬥系高中生，但從簡介來看，其風格更傾向於「聰明的主角解謎」，而非使用者渴望的「會犯錯並面臨危機」的成長或緊張感。此外，簡介中未體現出深厚的世界觀建構，僅為特定的校園事件，與使用者核心需求匹配度較低。
q17,"求推薦世界觀建構完整
主角很清楚當下該做甚麼
是不太希望主角輕鬆拿到一堆外掛這種的
然後也蠻喜歡主角大意、失誤或忘記重要信息導致危機感這種狀況發生
非戰鬥類主角也可以，感覺這類主角穿越的比較多?
但是如果是一個高中生通十八般武藝心理素質又特好的就不要",3da04309-39e2-566e-8079-422c080d582d,Minutes 絕對一分鐘,乙野四方字,13.0,連載,"校園, 異能, 鬥智, 後宮, 青梅竹馬, 電擊文庫, 日本輕小說",私立穗尾付學園高中一年級1班學生，相上櫻，是個擁有在一分鐘的絕對時間內能讀取對手內心真實想法這一特殊能力的人。「作為一年生成為學生會會長」——有著勃大野心的櫻，利用[絕對時間]特殊能力，在班級里絕妙的扮演著值得依賴，不招人嫉恨，和藹可親的班長這一角色。但是有一天，因某件突發事件，自身秘密被現任學生會副會長琴宮遙所知道。櫻為了掌握遙的弱點，挑戰她提出來的心理遊戲——[傻瓜與天才遊戲]。,1,該書雖然符合「非戰鬥類」且主角「清楚該做什麼」的鬥智特質，但其世界觀僅限於校園，難以滿足用戶對「世界觀建構完整」的要求。此外，主角擁有讀心術的特殊能力，屬於一種「外掛」，且主角身分是高中生，雖然並非全能，但與用戶希望避開的「完美高中生」形象有部分重疊，整體契合度較低。
q18,"我最近剛看了龍王的工作的小說
雖然不懂將棋，但覺得對局的刻劃很棒
能看到將棋解說
也會側面描寫一些職業棋士、女流棋士的差別和情況

最喜歡的部分是銀子挑戰獎勵會那邊
書裡描寫的女性棋士會被小看的部分
那種低人一等、逆境求生的感覺做得很真實(?不會形容，總之很有代入感
銀子加油，不要輸給將棋星人!

希望各位能分享一些好看的將棋小說!!",8fad303b-880a-5abe-8754-57a0e48f706d,橫溝碧的無倫理遊戲破壞方法,樞木緣,10.0,連載,"懸疑, 鬥智, 遊戲, 大逃殺, MF文庫J, 日本輕小說",簡而言之。死亡遊戲應該在開始之前就解決。我叫是江戶川殺戮，是個偵探。……你說我的名起的很莫名其妙？我也覺得。因為我也搞不懂。我是一名活躍在SNS的名偵探，真名橫溝碧，因為妹妹把生活費花光了，讓我的生活陷入了困境。不得已，我只好參加大企業主辦的逃脫遊戲，賺取獎金。然而，這場遊戲的幕後竟然在進行著死亡遊戲。一場賭上性命和巨款的互相殘殺即將揭開序幕。但由於我加入了這場遊戲，他們就沒得這麼順利了。——原本應該是這樣。我以秒為單位阻止所有玩家互相殘殺，並用手銬將死亡遊戲的主持人少女姬野心音和我銬在一起，一同當作人質。然後我鑽規則的漏洞，以所有玩家生存為目標，讓遊戲通關。正當我在恣意妄為時，我被死亡遊戲的幕後黑手盯上了。他開始不分青紅皂白的想要不擇手段地殺了我。不過，要是他有辦法殺掉我的話，就試試看啊。身為名偵探的我，怎麼可能會在死亡遊戲這種事件中輸掉呢？,0,使用者明確要求的是「將棋小說」，且特別提到對將棋對局描寫以及職業/女流棋士在逆境中奮鬥的內容感興趣。而推薦的書籍是一部關於死亡遊戲與偵探鬥智的懸疑小說，完全不涉及將棋，與使用者的核心需求毫無關聯。
q18,"我最近剛看了龍王的工作的小說
雖然不懂將棋，但覺得對局的刻劃很棒
能看到將棋解說
也會側面描寫一些職業棋士、女流棋士的差別和情況

最喜歡的部分是銀子挑戰獎勵會那邊
書裡描寫的女性棋士會被小看的部分
那種低人一等、逆境求生的感覺做得很真實(?不會形容，總之很有代入感
銀子加油，不要輸給將棋星人!

希望各位能分享一些好看的將棋小說!!",dde11f91-2b1a-5ab5-b06b-a87e7dddf007,遊戲人生 NO GAME NO LIFE,榎宮佑,176.6,連載,"轉生, 遊戲, 鬥智, 冒險, 歡樂向, 妹妹, MF文庫J, 日本輕小說",空與白既是尼特族又是家裡蹲，但是在網路上卻是被奉為都市傳說的天才遊戲玩家兄妹。稱世界為「爛遊戲」的兩人，某一天被自稱是『神』的少年召喚至異世界，那是個戰爭為神所禁止，只能『用遊戲決定一切』的世界——沒錯，甚至連國界也是一樣。被其他種族逼至絕境，只剩下最後都市的『人類種』，空與白這兩個廢人兄妹能夠成為異世界的『人類救世主』嗎？『……來吧，開始遊戲吧。』,1,用戶明確要求的是「將棋小說」，且在意對局刻劃與職業棋士（尤其是女性棋士）的處境。推薦的《遊戲人生》雖然包含「遊戲」與「鬥智」元素，且有「弱者逆襲」的劇情，但完全不涉及將棋題材，與用戶的核心需求僅有極其表面的關聯。
q18,"我最近剛看了龍王的工作的小說
雖然不懂將棋，但覺得對局的刻劃很棒
能看到將棋解說
也會側面描寫一些職業棋士、女流棋士的差別和情況

最喜歡的部分是銀子挑戰獎勵會那邊
書裡描寫的女性棋士會被小看的部分
那種低人一等、逆境求生的感覺做得很真實(?不會形容，總之很有代入感
銀子加油，不要輸給將棋星人!

希望各位能分享一些好看的將棋小說!!",458ca0b5-d8a5-5371-bbe4-0b8dd57c444b,因為被捲入賭命遊戲，所以順勢把討厭的人殺了,中田かなた,22.2,完結,"鬥智, 懸疑, 遊戲, 大逃殺, 黑暗, HJ文庫, 日本輕小說",新井和馬清醒後，發現自己到了一個陌生的空間。憑空現身的『無名』表示，他必需和所有師生進行一場爭奪生存機會的遊戲。和馬衷心享受這種九死一生的危機，他要殺光每一個看不順眼的傢伙。他和超高校級的女演員‧鐵山徹子聯手，以毒辣的頭腦為武器，共同挑戰賭命的遊戲──。,0,使用者明確要求的是將棋（日本將棋）相關小說，且在意職業棋士的刻劃與逆境奮鬥。推薦的書籍是一部大逃殺/生存遊戲類型的懸疑小說，與將棋毫無關係，完全不符合使用者的核心需求。
q19,"如題 最近看的書越來越多 總覺得自己也越來越挑了 希望有人能推薦一些好書
以下條件：
1. 女主是（外表）蘿莉（可愛的少御也是可以啦）
2.有戀愛的元素（後宮可以 但拜託不要無腦倒貼）
3.希望是異世界（不一定要穿越）
4.有傲嬌或無口或吃貨之類的屬性更好
拜託各位了",798cf604-7118-5d60-a131-7ec13f31b82e,我轉生成王城的路人衛兵，當我擊退了想要綁架公主的魔王軍，結果卻讓勇者的後宮成員一個接一個地愛上我。哦，公主是我在保護的，所以如果你是個自我中心的勇者大人，就請踏上消滅魔王的旅程吧。,淺見朝志,7.1,連載,"戀愛, 後宮, 戰鬥, 龍傲天, 歡樂向, 轉生, 異世界, 魔法, kakuyomu, Web輕小說",轉生成雜魚衛兵的隔天就遇到死亡事件了⁉ 今天我得熬夜升級！在現世打工中突然死亡。當我醒來時，發現自己手裡拿著一把槍……咦？這不是我昨天玩過的垃圾遊戲的世界嗎？看來我轉生成了王城衛兵格斯塔夫。而且，恰好在隔天，公主就會被魔王軍綁架，這個衛兵的命運已經註定要死去。我才不想轉生後就死去！所以我決定熬夜升級。只要變強到不會死就好了，但……似乎跟原本勇者後宮成員的美少女們越來越親近了？,1,該書滿足了異世界、戀愛與後宮的設定，但對於使用者最核心的要求——女主為「蘿莉或少御」以及特定的性格屬性（傲嬌、無口、吃貨），在書籍簡介中完全沒有提及，僅提到「美少女」，無法確認是否符合使用者的特定偏好。
q19,"如題 最近看的書越來越多 總覺得自己也越來越挑了 希望有人能推薦一些好書
以下條件：
1. 女主是（外表）蘿莉（可愛的少御也是可以啦）
2.有戀愛的元素（後宮可以 但拜託不要無腦倒貼）
3.希望是異世界（不一定要穿越）
4.有傲嬌或無口或吃貨之類的屬性更好
拜託各位了",5c3202e8-d693-5282-83bc-bec6e46061ae,全員美少女的魔王討伐絕對有問題！,狗狗學長,8.8,連載,"後宮, 魔法, 戀愛, 異世界, 戰鬥, 戰爭, 歡樂向, 原生幻想, 華文輕小說",「啊？魔王討伐隊的成員……全員都是美少女?! 」「平凡」的流浪魔法師艾吉爾，本想安安靜靜過他的小日子，沒想到命運卻給他開了一個天大的玩笑——他似乎自帶【勇者吸引器】屬性，一個個性格鮮明的少女勇者接連闖入他的生活！過於天然而總是迷路的弓之勇者米拉——每次迷路都會引發一場小騷動，至於消滅魔物？不如先填飽肚子再說！外表冷酷實則是個傲嬌的劍之勇者菲奧娜——冷酷且強大，卻對溫泉和甜食情有獨鍾，執行任務時甚至會為了甜品停下腳步。最後是天才魔法少女，術之勇者薇薇安——魔法華麗到讓人目瞪口呆，然而她卻對艾吉爾燃起了莫名的競爭心「下次一定要贏過他！」被迫踏上討伐魔王的旅途，艾吉爾本以為這是拯救世界的嚴肅冒險，結果每天卻充滿了意外事件——或者是溫泉里的「大慘案」，又或者是宴會上暴走的魔法，當勇者們的戀慕之心紛紛集中在艾吉爾身上……多角關係也迅速發酵，混亂程度簡直比魔王更難對付！「這真的是拯救世界的冒險嗎——!? 」,3,推薦書籍高度符合用戶需求：1. 設定為異世界（原生幻想）；2. 包含後宮與戀愛元素；3. 女角色為多位美少女（符合可愛少御的條件）；4. 角色屬性精確命中，包含傲嬌（菲奧娜）以及吃貨（米拉、菲奧娜）。
q19,"如題 最近看的書越來越多 總覺得自己也越來越挑了 希望有人能推薦一些好書
以下條件：
1. 女主是（外表）蘿莉（可愛的少御也是可以啦）
2.有戀愛的元素（後宮可以 但拜託不要無腦倒貼）
3.希望是異世界（不一定要穿越）
4.有傲嬌或無口或吃貨之類的屬性更好
拜託各位了",ff3cf726-e940-59e0-80e2-a6b6f6a3a583,生存以上，戀愛未滿 ～ 在日本難以維持生計的我怎能與你們戀愛,中正,13.7,連載,"戀愛, 後宮, 校園, 歡樂向, 妹妹, JK, 蘿莉, 群像, 宅文化, 青春, 青春日常, 華文輕小說",因雙親離世而被迫滯留日本的中國留學生澤野軒，正在用秒錶掐算著人生的每一秒：清晨在為便利店的日結狂奔，為了生計放學後在料亭中打工到最終電車，深夜靠心靈寄託的虛擬主播「鹿乃」續命，還要供養尚在中國的妹妹。正當他以為自己早被生存壓力榨乾了心跳，身邊卻突然傳來了無數心跳信號——元氣滿滿的學妹真澄來瑠點著腳尖展示著「絕對領域」的校服，甜甜的聲音賽過蜜糖：「前輩！來瑠也考上東京都立了！這下前輩真成來瑠的前輩了！」溫柔羞澀優等生班長萩原咲良紅著臉遞交出自己的筆記，輕輕的問道：「數學輔導的約定，還作數嗎？」小壞打工搭檔青山真空晃著萌袖笑著調侃道：「軒君，猜到今天胖次顏色就免單哦？要作弊看看嗎？」兄控妹妹澤野星洛突襲的宣言道：「老哥！我也考上東京都立了！今晚開始同居吧——」現充辣妹綾瀨奈奈子撕下社交面具，指尖輕輕划過他的課本：「軒，這道戀愛方程式…可以手把手教人家嗎？」蘿莉唱見星野彩音縮在播音室角落，軟萌的聲線與軟萌的鹿乃完美重疊：「哥哥……可以陪彩音唱歌嗎？」青梅天然呆大小姐，直球交換生後輩也將陸續加入戰局?!不是?! 我還要打工啊喂！下個月的房租要交不上了！當生存與心跳的警報同時拉響——這場東京都立的戀愛生存戰。拒絕BE！一場混亂紛擾的戀愛喜劇就此展開！,1,推薦書籍雖然符合「蘿莉」與「戀愛/後宮」的條件，但完全不符合使用者要求的「異世界」設定，該書背景為現代日本校園日常，與核心設定需求相悖。
q19,"如題 最近看的書越來越多 總覺得自己也越來越挑了 希望有人能推薦一些好書
以下條件：
1. 女主是（外表）蘿莉（可愛的少御也是可以啦）
2.有戀愛的元素（後宮可以 但拜託不要無腦倒貼）
3.希望是異世界（不一定要穿越）
4.有傲嬌或無口或吃貨之類的屬性更好
拜託各位了",44ce9b45-a39e-5dce-9735-bf8786d11df1,與來自男女比例完全崩壞世界的居民交換了人生,もぎすず,78.5,連載,"校園, 戀愛, 異世界, 後宮, syosetu, Web輕小說",這是一段溫馨的故事。因為長相粗獷，身材魁梧，中學時代毫無女生緣 。升學考試也折戟沉沙，只能進入第二志願的男子學校 。「再這樣下去，我一生都會無人問津！」「那麼，你要不要和一個很受歡迎的人交換人生呢？」在悲嘆的主人公面前，女神出現了。似乎是女神最喜歡的帥哥因為太受歡迎而感到困擾，所以一直在尋找不受歡迎的男性。「和受歡迎的男性交換人生？這裡面有什麼內幕吧!? 」「才不會呢。他是位很有涵養的帥哥，而且家庭富裕，家人和朋友們也很溫柔哦。」「算了。就算之後有不如意的地方，也比一輩子都無人問津的人生強。即使有不幸，我也會憑藉鬥志和毅力克服！」這樣說著，他宣告與這位帥哥交換人生。但是……「女神！這裡不是日本吧！」「失禮了，這裡當然是日本，雖然是平行世界的。」原來，這裡是一個由於某種原因，導致男性極度稀少的世界下的日本。「這樣的話，無論與這個世界的哪個男性交換人生，都沒有意義吧……誒？」這個世界的男性，無論是誰都備受歡迎。因此，他們無法理解那些不受歡迎的女性們內心的痛苦。「能理解不受歡迎者心情的男性……就只有我而已嗎？ 」意識到這點後，他開始思考與周圍女性的關係。這是，一名生活在後宮世界中的男性，想要讓周圍所有女性都獲得幸福的故事。,1,該書滿足了異世界和戀愛後宮的設定，但簡介中完全沒有提到女主是蘿莉或具有特定屬性（如傲嬌、無口或吃貨），未能滿足用戶最核心的角色偏好要求。
q19,"如題 最近看的書越來越多 總覺得自己也越來越挑了 希望有人能推薦一些好書
以下條件：
1. 女主是（外表）蘿莉（可愛的少御也是可以啦）
2.有戀愛的元素（後宮可以 但拜託不要無腦倒貼）
3.希望是異世界（不一定要穿越）
4.有傲嬌或無口或吃貨之類的屬性更好
拜託各位了",fec1c750-3ca5-589d-a327-22950d93bb1d,聖屬性治療師是女騎士團的助手回復術師 (web版）,イコ,4.7,連載,"戀愛, 後宮, 冒險, 異世界, 歡樂向, 轉生, kakuyomu, Web輕小說",女騎士們實在太可愛了！被依賴也沒什麼不好的喔！剛剛開始對視妹妹般的女性產生戀慕之心，卻在她突然報告結婚的瞬間想起自己其實是轉生者的索爾特。他決定解散冒險者小隊，前往邊境伯爵領開始新的生活。雖然被女性組成的騎士團邀請加入，但實在無法忍受那些視線，因此決心要一直保持紳士風範。這是一個關於女騎士們與注重紳士風範的回復術師之間的錯位愛情喜劇。,2,該書符合異世界、戀愛與後宮的設定，但女主角群為女騎士，並未明確提及或強調使用者最核心要求的「蘿莉」或「可愛少御」屬性。
q19,"如題 最近看的書越來越多 總覺得自己也越來越挑了 希望有人能推薦一些好書
以下條件：
1. 女主是（外表）蘿莉（可愛的少御也是可以啦）
2.有戀愛的元素（後宮可以 但拜託不要無腦倒貼）
3.希望是異世界（不一定要穿越）
4.有傲嬌或無口或吃貨之類的屬性更好
拜託各位了",a29221ee-5427-5e33-9482-3e98e65ea174,關於轉生成日式幻想黃油路人這件事,鉄鋼怪人,42.4,連載,"病嬌, 後宮, 異世界, 戀愛, 轉生, 戰鬥, syosetu, Web輕小說",看來是轉生成了一款和風幻想遊戲中的無名戰鬥員……順便一提，這款遊戲的類型是色情怪誕的高級致郁遊戲（譯者註：本作標題看著像廁紙類異世界輕小說，但讀起來並非如此）,2,該書符合異世界（轉生）與戀愛/後宮的設定。然而，提供資訊中並未明確提及女主是否為蘿莉或可愛少御，且標籤中的「病嬌」以及簡介提到的「致郁遊戲」可能與使用者追求的「可愛」氛圍有所偏差，因此判定為部分符合。
q19,"如題 最近看的書越來越多 總覺得自己也越來越挑了 希望有人能推薦一些好書
以下條件：
1. 女主是（外表）蘿莉（可愛的少御也是可以啦）
2.有戀愛的元素（後宮可以 但拜託不要無腦倒貼）
3.希望是異世界（不一定要穿越）
4.有傲嬌或無口或吃貨之類的屬性更好
拜託各位了",e7443336-bc78-5808-85b1-45e60fb9bc7f,轉生成了發生很多事情後的galgame NTR 惡役,イコ,4.9,連載,"轉生, 戀愛, 後宮, 惡役, 校園, 妹妹, 異世界, 青梅竹馬, 大小姐, 病嬌, syosetu, Web輕小說",被判定為惡役之後的人生應該是這樣的，但是……女主角的好感度為什麼會這麼高？出生於富裕家庭的龍王院武人，從幼稚園時期到初中時期一直在做各種過頭的事情，自以為自己是個特別的人物。但是，在從初中可順利升學到高中的學園中，由外部入學的男學生將他在中學時代遭到斷罪，使他在學校中成為一個遭到孤立的人。因為失敗而被家族驅逐，受到打擊而陷入昏睡的武人君，被主角轉生進入了。我根本不知道上流階級的生活啊！什麼？武人原來很厲害嘛。不過從武人的記憶中流泄出來的那些超級尷尬的經歷，才是最讓人痛苦的。總之，在高中里我是不想被欺負的，所以要乖乖保持安靜。雖然我是這麼想的，為什麼女孩子們還會來找我呢？,2,該書符合異世界（轉生至遊戲世界）與戀愛/後宮的設定，但其描述為校園背景，並未明確提及女主角具有「蘿莉」或「少御」的特徵，未能滿足用戶最核心的角色屬性要求。
q19,"如題 最近看的書越來越多 總覺得自己也越來越挑了 希望有人能推薦一些好書
以下條件：
1. 女主是（外表）蘿莉（可愛的少御也是可以啦）
2.有戀愛的元素（後宮可以 但拜託不要無腦倒貼）
3.希望是異世界（不一定要穿越）
4.有傲嬌或無口或吃貨之類的屬性更好
拜託各位了",8b4da5d2-c564-550f-a69f-54b7db5632ab,靠心理學的異世界後宮建國記,ゆうきゆう,22.9,完結,"轉生, 歡樂向, 戀愛, 後宮, MF文庫J, 日本輕小說",難波心太是個雖然非常喜歡女生，卻懷有女性恐懼症（兼溝通障礙），甚至無法好好和女生交談，天生走狗屎運的高中男生。他在一次意外中來到異世界，睜開眼睛時發現自己身上只有一本心理學書籍。心太廢寢忘餐地將那本書鉅細靡遺地熟讀，並發誓要靠心理學知識在這個世界活下去，但是──？這是個沒獲得任何能力或技能，當然也沒有財富和地位的少年，僅靠自己和心理學成長蛻變的故事。平凡無奇又無權無勢的少年僅靠一己之力接二連三地攻陷少女的芳心，最後甚至可能成為國王？全新風格戀愛攻略後宮奇幻故事，就此揭開序幕！,2,該書符合異世界、戀愛及後宮的設定，滿足了用戶的條件 2 和 3。然而，簡介中僅提到「攻陷少女的芳心」，並未明確說明女主是否具有「蘿莉」外表或特定的屬性（如傲嬌、無口、吃貨），無法確認是否滿足用戶最核心的角色特徵要求。
q19,"如題 最近看的書越來越多 總覺得自己也越來越挑了 希望有人能推薦一些好書
以下條件：
1. 女主是（外表）蘿莉（可愛的少御也是可以啦）
2.有戀愛的元素（後宮可以 但拜託不要無腦倒貼）
3.希望是異世界（不一定要穿越）
4.有傲嬌或無口或吃貨之類的屬性更好
拜託各位了",42172391-020a-5322-bed5-0f97bc747454,龍族嬌妻愛撒嬌,初美陽一,44.1,完結,"校園, 青春, 戀愛, 後宮, 人外, 富士見文庫, 日本輕小說",「勇海，跟我戰鬥，然後──娶我吧！」才走進校門一秒就對我發出挑戰書，更正，是展開求婚，熱情過頭的少女──龍族女孩愛咪。這裡是像她一樣的魔物與人類的混血兒──亞人少女所就讀的學園。種族：人類的我，結城勇海轉學過來的原因，是據說因為我擁有解決亞人問題的力量，然而……「這個班上的所有人──都是小勇海的未婚妻！」殭屍女孩、史萊姆女孩還有愛咪，必須拯救的對象不僅是問題兒童，她們所有人都是祖先大人曾經許諾過的我的妻子？在教室及課外活動拯救引發問題的她們之後，愛咪卻一副理所當然地打翻醋罈子，造成更大的問題！亞人後宮戀愛喜劇，在此悲慘登場！,2,該書符合異世界/幻想設定（亞人少女就讀的學園）、包含後宮與戀愛元素，且女主角們為亞人少女，大致符合使用者對外表可愛的要求。雖然沒有明確標記為「蘿莉」或特定的「傲嬌/無口/吃貨」屬性，但整體風格與使用者需求高度契合。
q19,"如題 最近看的書越來越多 總覺得自己也越來越挑了 希望有人能推薦一些好書
以下條件：
1. 女主是（外表）蘿莉（可愛的少御也是可以啦）
2.有戀愛的元素（後宮可以 但拜託不要無腦倒貼）
3.希望是異世界（不一定要穿越）
4.有傲嬌或無口或吃貨之類的屬性更好
拜託各位了",b4b85ed6-72f5-5a08-858b-6892351efe85,關於在異世界經營起點孤兒院，超人高中生大開蘿莉後宮這檔子事,初枝蓮花,10.5,連載,"轉生, 奇幻, 冒險, 經營, 後宮, 人外, 其他文庫, 日本輕小說",某社交能力「逆天」的高中生真嗣，突然被召喚到了瓦爾姆斯王國。伴隨能力的覺醒，看似最廢能力的『防護』卻是億年難遇的神技？少年郎本當意氣風發，然而……國王竟然命令他經營廢棄的孤兒院！而且……不僅被一群計畫著收回前任院長欠款的黑手黨盯上，孤兒院里還聚集了群性格與容貌頗有反差的遺憾系美少女。任性妄為的高等精靈，一個人睡不著覺的貓娘，情緒化的大笨蛋女神，各種麻煩人麻煩事接踵而至。在班級內看起來是頂流，實際上是底層的他到底要怎麼做?他只有靠最強的異能和沒有去處的不幸同伴了！？現在！賭上無家可歸者們的居所，開啟波瀾壯闊的日常!!這就是，日後以最強孤兒院院長而聞名天下的『英雄真嗣』那壯大而華麗的冒險譚。,3,推薦書籍完全符合使用者所有要求：設定在異世界（被召喚）、包含蘿莉/美少女後宮元素，且角色屬性（如任性精靈、情緒化女神）與使用者希望的傲嬌或特殊屬性相符。
q19,"如題 最近看的書越來越多 總覺得自己也越來越挑了 希望有人能推薦一些好書
以下條件：
1. 女主是（外表）蘿莉（可愛的少御也是可以啦）
2.有戀愛的元素（後宮可以 但拜託不要無腦倒貼）
3.希望是異世界（不一定要穿越）
4.有傲嬌或無口或吃貨之類的屬性更好
拜託各位了",023178cc-c0e3-5d1f-9794-ad9ac484b1fb,今天開始靠蘿莉吃軟飯！,曉雪,44.2,連載,"後宮, 歡樂向, MF文庫J, 日本輕小說",沒想太多就以漫畫家為目標的我──天堂春，在某一天以「這樣也行？」的方式登上了人生勝利組寶座。至於原因，則是靠自己投資理財變得超級有錢的美少女小學生二條藤花，不但是我漫畫的大粉絲，而且還說要當我的贊助人！於是我住進了藤花家中，食衣住各方面都半永久性的不虞匱乏。而且只要是漫畫作品的創作資料，不管漫畫藍光模型還是角色扮演服裝，什麼都可以買到飽；就連社群遊戲也可以課金課到爽！雖說搜集資料並不代表畫得出漫畫來，不過我已經得到如此理想的環境，總有一天一定畫得出好漫畫來的……嗯，我想應該畫得出來吧……？甜蜜快樂的小白臉生活正式開始！,2,該書符合女主為蘿莉以及有戀愛元素的設定，但故事背景發生在現代社會，完全不符合使用者要求的「異世界」條件。
q20,本人喜歡偏重人物心理描寫、人物互動和角色變化的作品，較偏執在人物塑造和刻劃上。劇情不要求設計得有多精妙，不影響觀感就好，就算是平鋪直述的也行。節奏快慢無妨，掌握恰當即可。本人對於自己的閱讀能力還算有信心，文字量稍微過多也沒差。大忌是拿膚淺粗俗爛造的刻板僵化人物作為行銷點。,8bb81a74-5f80-5b8b-ab6b-fac982b80b02,喜歡愛情喜劇的主人公嗎？,利苗誓,152.5,連載,"青春, 戀愛, 校園, 大小姐, 輕文學, JK, 後宮, syosetu, Web輕小說",赤石悠人經常感到疑惑。「聰助～你今天也好帥哦～我最喜歡你了～」「是是是，你老是這麼說。」「等一下……你這傢伙！你剛才看了志緒的胸部吧!? 」「我……我哪有看！你為什麼每次都要打我啊！」為什麼能力和自己差不多的男人，會受到各種美少女青睞呢？赤石悠人想要找出原因。這是個受到五個美少女青睞，經常開後宮的戀愛喜劇主角(假主角)，以及對戀愛喜劇主角抱持批判態度，沒什麼特別之處，只是個配角的男學生（真主角）的故事。標榜合理主義的男學生，與各種各樣的人相處、學習、自嘲、痛苦、面對自我，逐漸成長。※主角對任何人都會做出致命一擊，所以個性很差。戀愛喜劇基本上會遵循王道。戀愛喜劇與文學要素的組合，是輕文藝（自認）。純文學的優點與戀愛喜劇的優點的混合作品（自認）,3,使用者強烈要求對人物心理描寫、角色變化與塑造有深度的作品，且厭惡刻板僵化的角色。推薦書籍雖然設定在後宮戀愛喜劇的框架下，但其核心賣點在於對該類型的批判、主角的自我反省、痛苦與成長，並自稱為結合「純文學」優點的輕文藝作品。這與使用者追求的人格刻劃和心理成長高度契合，即便設定較為大眾，但其切入角度正是使用者所尋找的人物導向敘事。
q20,本人喜歡偏重人物心理描寫、人物互動和角色變化的作品，較偏執在人物塑造和刻劃上。劇情不要求設計得有多精妙，不影響觀感就好，就算是平鋪直述的也行。節奏快慢無妨，掌握恰當即可。本人對於自己的閱讀能力還算有信心，文字量稍微過多也沒差。大忌是拿膚淺粗俗爛造的刻板僵化人物作為行銷點。,450b1b99-4dcb-5bca-afd0-ac991f0de98f,十八時,鳴籟琢磨,26.0,完結,"青春, 戀愛, 校園, 輕文學, 青春日常, 華文輕小說",在高二秋天經歷一系列事情之後，本以為不會改變的兩人的關係極速的變化。面對兩位截然不同的女生，處於選擇中的少年究竟能否摸清自己的心意。高考即將來臨，而她和他的關係到底會變成何種形式。這是中國高中生的校園故事，圍繞幾名角色展開的有關友情，有關戀情，有關將來，有關過去的青澀的物語。,2,使用者核心需求在於深層的人物心理描寫、互動與成長，且對劇情複雜度要求不高。該書標記為「輕文學」與「青春日常」，其介紹重點在於角色關係的急劇變化以及少年對心意的摸索，符合使用者對角色互動與變化的偏好。然而，輕小說體裁有時較容易出現刻板的人物設定，這與使用者的禁忌（刻板僵化人物）可能存在衝突，因此雖方向契合，但無法判定是否完全滿足其對刻畫深度的極高要求。
q20,本人喜歡偏重人物心理描寫、人物互動和角色變化的作品，較偏執在人物塑造和刻劃上。劇情不要求設計得有多精妙，不影響觀感就好，就算是平鋪直述的也行。節奏快慢無妨，掌握恰當即可。本人對於自己的閱讀能力還算有信心，文字量稍微過多也沒差。大忌是拿膚淺粗俗爛造的刻板僵化人物作為行銷點。,dac2a897-0a9d-5f9f-9618-3341c7794f02,生若冬花的妳,こがらし輪音,9.7,完結,"輕文學, 校園, 青春, 女性視角, 角川文庫, 日本輕小說",★《天空之上的永恆約定》作者非寫不可的感人之作！★兩個生命觀與人生道路截然不同的人，卻因一場意外而靈魂互換……「明天死了也沒關係，這一生我不想留下任何遺憾。」從小罹患難治之症，在有限的生命里珍惜地過著每一天的赤月緣。「明天死了也沒關係，這一生我過得一點也不快樂。」背叛了摰友，每天置身在絕望深淵的國中少女戶張柊子。儘管走在截然不同的人生道路上，兩人的靈魂卻因為一場意外而互相調換。遇見想要尋死的少女後，緣感受到了某種命運的安排，進而發覺自己過去所畫的一幅畫作，竟是解開問題的關鍵……,3,使用者核心需求是人物心理描寫、互動與角色變化，且不要求劇情複雜。本作透過「靈魂互換」的設定，讓兩個生命觀截然不同的角色（珍惜生命的病患與絕望的少女）互換視角，這類設定通常著重於心理衝突、共情以及隨後的性格轉變，高度符合使用者對角色刻劃與心理變化的追求，且劇情走向簡單明確，完全符合其要求。
q20,本人喜歡偏重人物心理描寫、人物互動和角色變化的作品，較偏執在人物塑造和刻劃上。劇情不要求設計得有多精妙，不影響觀感就好，就算是平鋪直述的也行。節奏快慢無妨，掌握恰當即可。本人對於自己的閱讀能力還算有信心，文字量稍微過多也沒差。大忌是拿膚淺粗俗爛造的刻板僵化人物作為行銷點。,befb8f4c-c95a-53e4-8dfd-ca084c540b8a,為渴望未得的你，獻上光之花束,汐見夏衛,11.9,完結,"校園, 青春, 戀愛, 輕文學, 角川文庫, 日本輕小說",唯有你，看到了真正的我——不論長相、個性、學業，一切都很平凡的高中生影子，認為自己只是「永遠的配角」。和她同班的真晝是萬眾矚目的偶像，課業和個性都完美無缺，是班上的風雲人物。光是存在就相當醒目的他，正是「永遠的主角」。影子本來對於與自己生活在不同世界的真晝感到自卑，刻意和他保持距離，卻因為一起擔任圖書委員，得知了他不為人知的一面——身為偶像的真晝擁有光鮮亮麗的容貌及形象，是因為他付出不懈的努力才得以維持。使真晝「特別」的從來不只是外表所見一切，影子對真晝逐漸改觀，但強烈的自卑同時也讓她變得更彆扭。厭倦平凡的自己，想逃離這樣的人生，如果能生為「他」不知道該有多好……自己是多麼地不懂得死心，一味強求。懷抱這樣想法的影子，在一次真晝吐露出「想變成普通人」的想法時與他發生爭執，認為彼此都是在「強求得不到的東西」而不歡而散。然而影子沒有想到，真晝真正渴望的，並不是他想要就能輕易獲得的「普通」……唐突的負面新聞報導使真晝形象大受打擊，網路上謠言四起，真晝從人人稱羨的偶像一夕成為網路攻擊的眾矢之的，激起影子想要守護真晝的心情。同時，他令人無從想像的陰暗過往也隨之浮上檯面……觸動心弦的結尾，令人淚流不止的青春純愛物語！,3,該作品著重於角色內心的自卑感、對理想自我的渴望以及彼此在互動中對真實面貌的認知與改觀，符合使用者對「人物心理描寫」、「人物互動」與「角色變化」的核心需求。劇情走向相對單純，且標記為「輕文學」，顯示其更傾向於情感刻劃而非單純的套路劇情，能滿足使用者對人物塑造的偏好。
q20,本人喜歡偏重人物心理描寫、人物互動和角色變化的作品，較偏執在人物塑造和刻劃上。劇情不要求設計得有多精妙，不影響觀感就好，就算是平鋪直述的也行。節奏快慢無妨，掌握恰當即可。本人對於自己的閱讀能力還算有信心，文字量稍微過多也沒差。大忌是拿膚淺粗俗爛造的刻板僵化人物作為行銷點。,995c3393-f6a2-5ed8-b414-fc53199e26c3,無法成為女神的陸君,田丸久深,8.7,完結,"校園, 青春, 戀愛, 青梅竹馬, 輕文學, 其他文庫, 日本輕小說",無論是誰，都會覺得陸是個隨處可見的十七歲高中男生。但只有我知道，真正的「他／她」是什麼樣子——高中生的一花和陸除了是青梅竹馬，也是共享著秘密的兩個人。每天放學，陸總會在一花的房間里，將她打扮得宛如漂亮的洋娃娃。而一花也毫無保留地接受著這樣的陸，並深深依戀著他。洋裝、裙子、化妝、漂亮或是可愛的東西——這些被認為只適合女孩子的辭彙，正是陸最喜歡的東西。但由於過去的經歷，陸的喜好成了永遠無法公開，只能與一花分享的秘密。本以為這樣的時光會持續到永遠，直到陸突然在一花唇上落下一吻，驚慌失措的她逃出家門，卻忘記追出來的陸身上正穿著一件裙子，這時同班的井口同學目睹了一切——對性傾向、自我和他人目光感到迷茫的少年少女，該如何在碰撞和傷痕中，尋得真實的自己與戀心？——這是關於逐漸面對自我的四篇青春成長物語。,3,用戶明確要求著重於人物心理描寫、角色互動與成長，且厭惡膚淺的刻板角色。推薦書籍《無法成為女神的陸君》被標記為「輕文學」，且簡介核心在於探討性傾向、自我認同、他人目光以及在傷痕中尋找真實自我的過程，這高度符合用戶對人物塑造和心理挖掘的需求，且屬於典型的角色驅動型故事。
q20,本人喜歡偏重人物心理描寫、人物互動和角色變化的作品，較偏執在人物塑造和刻劃上。劇情不要求設計得有多精妙，不影響觀感就好，就算是平鋪直述的也行。節奏快慢無妨，掌握恰當即可。本人對於自己的閱讀能力還算有信心，文字量稍微過多也沒差。大忌是拿膚淺粗俗爛造的刻板僵化人物作為行銷點。,30bbab1b-e790-50a4-b8ef-52873eb6a664,即使，這道淚光今晚就會從世界上消失,一條岬,8.6,完結,"輕文學, 校園, 青春, 戀愛, 女性視角, 其他文庫, 日本輕小說",再哭一次就好，徹底哭完這最後一次，所有的淚水都被留在今夜，幸福，就從明天開始……我叫成瀨透，是個平凡的大學生。但這樣的我，卻對一個「特別」的人一見鍾情。她叫綿矢泉，大我一歲，有著烏黑的短髮、深邃的眼睛，但不知為何，她美麗的臉龐上卻泛著悲傷……我想讓這張臉綻放只屬於我的笑容。「學姐，我……喜歡妳。」面對我的告白，她只是平淡的說：「要交往可以，但有個條件，不可以真心喜歡上我，你能遵守嗎？」我不知道這句話是什麼意思，但無論如何，我的答案只有：「好！」一場「虛幻」的戀愛就此展開──我們看似普通情侶，之間卻始終隔著一層紗，她總是靜默地深思，總是冷淡地回覆訊息，總是對我的溫柔很抗拒。直到我遇見學姐高中時的摯友日野真織，她罹患怪病，記憶每天都會重新歸零。在那本寫滿「過去」的日記里，我終於知曉了學姐那個說不出口的秘密……,3,該作品屬於輕文學，核心在於人物之間的情感糾葛與心理屏障（例如「不可以真心喜歡上我」的設定），強調情緒渲染、角色內心的掙扎與情感變化，非常符合使用者對「人物心理描寫」與「角色互動」的偏好。且這類作品通常著重於氛圍營造而非複雜劇情，避開了使用者厭惡的膚淺粗俗設定，是一個極佳的匹配。
q20,本人喜歡偏重人物心理描寫、人物互動和角色變化的作品，較偏執在人物塑造和刻劃上。劇情不要求設計得有多精妙，不影響觀感就好，就算是平鋪直述的也行。節奏快慢無妨，掌握恰當即可。本人對於自己的閱讀能力還算有信心，文字量稍微過多也沒差。大忌是拿膚淺粗俗爛造的刻板僵化人物作為行銷點。,d8675edf-5f5b-52b8-8648-f3bee0bad916,高塔公主丟掉了筆記本！,鈴風奈緒子,5.6,完結,"輕文學, 校園, 戀愛, 奇幻, 女性視角, 原生幻想, 華文輕小說",八村彩花。從外表看是個除了有點可愛外沒什麼特別的女孩。她在班上的表現也很大眾，所有人都把她當做內向靦腆的人。雖然從沒有聽過她的聲音，但畢竟也不是很重要的事，很快就被接受了。她也認為，自己的生活平靜、祥和，無需改變。然而，坐在她一旁的男生打破了這份平靜。,2,使用者追求深層的人物心理描寫、角色互動與塑造，且對劇情複雜度要求不高。推薦書籍標記為「輕文學」，且簡介中提及主角外在靦腆與內在認知的對比，暗示其側重於人物內心狀態的刻劃，符合使用者偏好人物塑造而非精妙劇情的傾向。雖然簡介較為簡短，無法完全確定心理描寫的深度，但整體方向與使用者需求相符。
q20,本人喜歡偏重人物心理描寫、人物互動和角色變化的作品，較偏執在人物塑造和刻劃上。劇情不要求設計得有多精妙，不影響觀感就好，就算是平鋪直述的也行。節奏快慢無妨，掌握恰當即可。本人對於自己的閱讀能力還算有信心，文字量稍微過多也沒差。大忌是拿膚淺粗俗爛造的刻板僵化人物作為行銷點。,c48b95b7-3b67-5cde-b39a-9427d1c26588,無法計算的青春,佐野徹夜,9.0,完結,"輕文學, 青春, 戀愛, 黑暗, 電擊文庫, 日本輕小說",憂鬱世界的角落，我們站在希望與絕望的分歧點，感受當下絕無僅有的青春時光。每個人都有分數。外貌、學力、社交能力……取決於各種要素的分數，左右了所有人的生活。浮現於人們頭頂上的數字──不知何故，我看得見這些分數。比方說班上的怪胎春日，不懂打扮、成績低落、個性白目、沒有朋友，只有四十二分的低分，卻不自量力地喜歡班上的高分男。由於我能看見分數的事被春日知道了，為了提升春日的分數，我開始和她來往……日漸上升的春日分數，和一成不變的我。被分數掌控的我們，最終得知了分數無法掌控的事物──,3,使用者核心需求在於深度的心理描寫、角色互動與人物成長，且對劇情複雜度要求不高。本書透過「分數」這一設定來探討個體價值與無法被量化的情感，重點在於角色如何面對標籤並產生變化，符合使用者對人物刻劃的偏好，且其輕文學的定位通常較注重心理層面而非單純的套路劇情。
q20,本人喜歡偏重人物心理描寫、人物互動和角色變化的作品，較偏執在人物塑造和刻劃上。劇情不要求設計得有多精妙，不影響觀感就好，就算是平鋪直述的也行。節奏快慢無妨，掌握恰當即可。本人對於自己的閱讀能力還算有信心，文字量稍微過多也沒差。大忌是拿膚淺粗俗爛造的刻板僵化人物作為行銷點。,0c7a0118-2008-5783-9c0d-fc951f068a22,PSYCHE,唐邊葉介,8.5,完結,"黑暗, 腦洞, 其他文庫, 日本輕小說",門外樓梯上傳來一陣輕快的腳步聲。透過襪子的柔和足音。一定是姊姊。今天的她似乎很有精神。雖說像平時那樣過分老實讓人覺得缺了點什麼，可一旦活潑起來卻又令人不安。轉自輕之國度,1,使用者強烈要求深度的心理描寫與人物刻劃，並厭惡膚淺的刻板角色。推薦書目雖然標題為《PSYCHE》且開篇對人物的細節觀察具有一定氛圍感，但提供的介紹片段過短，無法證明其在人物互動、心理轉變或塑造深度上能滿足使用者的核心需求，僅能視為標題與意向上的初步相關。
q20,本人喜歡偏重人物心理描寫、人物互動和角色變化的作品，較偏執在人物塑造和刻劃上。劇情不要求設計得有多精妙，不影響觀感就好，就算是平鋪直述的也行。節奏快慢無妨，掌握恰當即可。本人對於自己的閱讀能力還算有信心，文字量稍微過多也沒差。大忌是拿膚淺粗俗爛造的刻板僵化人物作為行銷點。,0eb297cc-927f-587d-89ef-da0ca527a115,尋死的心是什麼顏色,常青藤,5.1,連載,"戀愛, 校園, 歡樂向, 青春, 青梅竹馬, 青春日常, 華文輕小說",我患了一種怪病，能看見別人內心的色彩並讀懂其中的情感，我稱之為『幻色症』。一個雪夜，我出門散步，遇到了在天橋上輕生的少女，她的內心，似乎一片虛無？這是怎麼回事。此外，我的嬌小青梅竹馬所在的文學部也發生危機……能看得懂別人內心的顏色是什麼體驗？救下一個內心虛無的美少女同學是什麼體驗？青梅竹馬是個嬌小女孩是什麼體驗？尋死的心是什麼顏色？,1,用戶強烈要求深度的心理描寫與角色刻劃，且明確表示厭惡將「刻板僵化的人物」作為行銷點。雖然該書設定能看見內心顏色，看似涉及心理狀態，但簡介中大量使用「內心虛無的美少女」、「嬌小青梅竹馬」等典型輕小說標籤化人設，且行銷口吻偏向套路化，與用戶追求的非膚淺塑造背道而馳。
q20,本人喜歡偏重人物心理描寫、人物互動和角色變化的作品，較偏執在人物塑造和刻劃上。劇情不要求設計得有多精妙，不影響觀感就好，就算是平鋪直述的也行。節奏快慢無妨，掌握恰當即可。本人對於自己的閱讀能力還算有信心，文字量稍微過多也沒差。大忌是拿膚淺粗俗爛造的刻板僵化人物作為行銷點。,1ee71eb5-3137-57b3-9aca-4ce069c1ac50,陽的目光,bibi,10.2,連載,"校園, 青春, 戀愛, 青春日常, 華文輕小說",她的年紀跟我相同，對於正值青春期的自己難免會有一些遐想，但陽給人的感覺非常溫和，從大家吃晚餐時的聊天氣氛能發覺到是一位安靜的女孩子，雖然不太常笑，不過需要發表意見的情況也會適時地給予回應。整體來說個性非常有素養，就如同城堡裡的公主殿下一樣，一舉一動都相當優雅。,1,使用者明確要求深層的人物心理描寫、角色變化與塑造，並極為厭惡刻板僵化的人物。而推薦書籍的簡介僅對角色進行表面化的特質描述（如「如同城堡裡的公主殿下一樣」），具有較強的刻板印象色彩，且未展現出任何心理深度或角色成長的跡象，與使用者的核心需求不符。
q21,"最近剛看完三角距離無限為零
雖然胃在痛不過還是很喜歡三角戀這個要素
有人可以推薦一下類似的作品嗎?
當然不一定要三角戀 更多也行 只是想看這種描述男女主如何在戀愛中痛苦掙扎的小說
有糖更好 因為之後胃會更痛",042f8934-f224-54af-9245-f47ef233a2b4,班上的辣妹不知為何與我的義妹關係變得要好起來了。,佐波彗,28.1,連載,"校園, 青春, 戀愛, 歡樂向, 妹妹, 後宮, 富士見文庫, 日本輕小說",在滯留我家的期間不知不覺和她成為了戀人——！？身為高中生的我，名雲慎治有一個煩惱。因為家庭緣故而來到我家的義理的妹妹·紡希非常見外。無法縮短彼此距離的兩個人生活。在某一天，紡希帶來的「網友」改變了狀況。而那個網友則是在班上受歡迎的美少女辣妹·高良井結愛！？在我們一起度過的過程中，紡希敞開了心扉。並且我和結愛的距離無論是在學校還是家裡都在急速接近！？唯獨只有我知曉的結愛她那溫柔、怕寂寞以及顧家的一面。「我就好像明雲君的通勤妻子一樣呢。變成這樣也可以嗎？」「那樣不錯呢，慎哥我們三個人一起生活吧！」不是，雖然不是說……不行。我們一起回家，一起過夜。「結愛是我的戀人。」就連紡希都產生了這種誤會，但是不知為何結愛看上去很開心。每次滯留在我家中，那種關係就會逐漸變得更加真實——！？辣妹與義妹。我和兩個女生的溫馨甜蜜，無拘無束的調情戀愛喜劇。,1,使用者明確尋找的是「在戀愛中痛苦掙扎」且具有「胃痛感」的作品，而推薦的作品標記為「歡樂向」，且描述為「溫馨甜蜜、無拘無束的調情戀愛喜劇」。雖然兩者都涉及多角關係，但在情感基調上完全相反，缺乏使用者最核心需求的虐心與掙扎要素。
q23,"最近不知道要看什麼，想請大家推薦一些好看的作品

裝逼開掛類的
黑暗懸疑的
或是一些風格冷門的都還算喜歡
只有一個大前提，不要後宮，不要賣肉（好像變2個大前提了？
不喜歡那種明明男主沒幹什麼但每個女角都喜歡他，非得要的話2個是極限，而且劇情希望能別注重在他們愛來愛去互刷好感度卻又不決定人選的地方，如果是冒險類作品增加同伴的時候，可以的話別清一色都女的偶而也增加點男性同伴也好（都女的最後8成都變後宮
再來不要硬賣一些福利，例如某漫畫的黎斗摔，或者是洗澡時剛好開門，或者是組個樂團為了討老師歡心換了泳裝演奏……這種的不太能接受

喜歡偏向下剋上（不管是強者因未知原因被分到弱組還是靠努力爬上來把上位者打趴的都喜歡）
描寫內心戲多的（黑掉壞掉，或是溫馨感動的都喜歡）
不好意思這麼麻煩…因為總感覺現在大眾向的作品，開掛後宮福利都會有，希望能找到一些後宮福利少點的",276af223-cf93-51dd-bfac-8eb5dffad585,與全人類為敵,凪,12.9,連載,"奇幻, 末日, 懸疑, 黑暗, 戰鬥, 冒險, 角川文庫, 日本輕小說",「人類將會被『魔王』消滅。」突如其來地，降臨於世人面前的神如此宣布。大約於一個月前開始隨機發生的離奇死亡現象，已經導致多達八億人喪命。而神竟然說這種被稱為「魂魄剝離」的現象，起因自一個看似純真少女的「魔王」。為了阻止這場災厄，神選出十位天使成為人類代表，「人類」與「魔王」的戰爭──「聖戰」就此揭開序幕。全世界為之震撼，唯有高坂憂人一人知道少女的真相。她被設計成世界公敵，其實只是個伸手求救的柔弱女孩──僅僅為了一名少女，他將挺身反抗全世界！,3,該作品標籤包含「黑暗」與「懸疑」，且劇情設定為主角孤身對抗神與全世界以保護一名少女，高度符合使用者對「黑暗懸疑」以及「下剋上（挑戰上位者/權威）」的偏好。此外，從簡介來看，故事基調嚴肅，聚焦於對抗與真相，而非後宮或福利，符合使用者的禁忌要求。
q23,"最近不知道要看什麼，想請大家推薦一些好看的作品

裝逼開掛類的
黑暗懸疑的
或是一些風格冷門的都還算喜歡
只有一個大前提，不要後宮，不要賣肉（好像變2個大前提了？
不喜歡那種明明男主沒幹什麼但每個女角都喜歡他，非得要的話2個是極限，而且劇情希望能別注重在他們愛來愛去互刷好感度卻又不決定人選的地方，如果是冒險類作品增加同伴的時候，可以的話別清一色都女的偶而也增加點男性同伴也好（都女的最後8成都變後宮
再來不要硬賣一些福利，例如某漫畫的黎斗摔，或者是洗澡時剛好開門，或者是組個樂團為了討老師歡心換了泳裝演奏……這種的不太能接受

喜歡偏向下剋上（不管是強者因未知原因被分到弱組還是靠努力爬上來把上位者打趴的都喜歡）
描寫內心戲多的（黑掉壞掉，或是溫馨感動的都喜歡）
不好意思這麼麻煩…因為總感覺現在大眾向的作品，開掛後宮福利都會有，希望能找到一些後宮福利少點的",e239d9d2-289e-53d0-9b7c-b2ab0f4901cb,煉獄姬,藤原佑,74.7,完結,"奇幻, 懸疑, 冒險, 戰鬥, 黑暗, 電擊文庫, 日本輕小說",在現世的下一個階層是名為「煉獄」的異世界。瀰漫此處的是飽含毒害的大氣，這種氣體能干涉人們的意志、更甚是各種難以估量的可怖性質。螢國的第一皇女艾兒蒂米希雅──艾兒蒂的特異體質讓她體內連結著煉獄之門。她的身邊總有毒氣纏繞，會將靠近身旁的所有人都滅絕，平時就被當作受詛咒的孩子幽禁在城堡的地牢里。但她偶爾也會來到外頭的世界。艾兒蒂與她的侍從少年騎士弗格接受了來自皇室的密令，將以「煉術師」的身分學習駕馭來自煉獄的毒氣，操縱所謂的超常──在充斥著謀略與毒氣的都市「匍都」中所展開的幽暗系幻想故事，即將在此揭開序幕。,3,該作品標籤包含「黑暗」與「懸疑」，且故事設定為被幽禁在地下室的「受詛咒之子」學習駕馭毒氣，符合使用者對於「黑暗懸疑」、「下剋上」以及「特殊體質/開掛」的偏好。此外，從簡介來看，劇情重點在於幽暗的幻想世界與謀略，並無後宮或賣肉的傾向，高度契合使用者排斥後宮福利、追求冷門風格的需求。
q23,"最近不知道要看什麼，想請大家推薦一些好看的作品

裝逼開掛類的
黑暗懸疑的
或是一些風格冷門的都還算喜歡
只有一個大前提，不要後宮，不要賣肉（好像變2個大前提了？
不喜歡那種明明男主沒幹什麼但每個女角都喜歡他，非得要的話2個是極限，而且劇情希望能別注重在他們愛來愛去互刷好感度卻又不決定人選的地方，如果是冒險類作品增加同伴的時候，可以的話別清一色都女的偶而也增加點男性同伴也好（都女的最後8成都變後宮
再來不要硬賣一些福利，例如某漫畫的黎斗摔，或者是洗澡時剛好開門，或者是組個樂團為了討老師歡心換了泳裝演奏……這種的不太能接受

喜歡偏向下剋上（不管是強者因未知原因被分到弱組還是靠努力爬上來把上位者打趴的都喜歡）
描寫內心戲多的（黑掉壞掉，或是溫馨感動的都喜歡）
不好意思這麼麻煩…因為總感覺現在大眾向的作品，開掛後宮福利都會有，希望能找到一些後宮福利少點的",092aed93-43d0-5e7b-954f-0401ca86a947,殼中少女,沖方丁,42.4,完結,"科幻, 異能, 戰鬥, 冒險, 懸疑, 黑暗, 其他文庫, 日本輕小說",為什麼是我？──在賭博師榭爾的殘忍設計下，雛妓芭洛特被爆炸火焰所吞蝕。垂死的她被鼠型萬能武器烏夫庫克所拯救，也因此得到了高度電子干擾能力。再次重生的芭洛特想追查榭爾的犯罪行為，但是敵方的負責官卻阻擋在她面前，他也是過去濫用烏夫庫克，干盡殺戮之事的男人……宛如子彈般激情爆發的三部曲系列作品啟動！,3,該作品高度符合用戶對「黑暗懸疑」與「下剋上」的需求。劇情涉及復仇、殘酷的設定以及主角獲得強大能力（開掛）後對抗上位者，且由於主角為女性，完全避開了用戶最反感的「男主後宮」與「刻意福利」等套路，是非常精準的推薦。
q23,"最近不知道要看什麼，想請大家推薦一些好看的作品

裝逼開掛類的
黑暗懸疑的
或是一些風格冷門的都還算喜歡
只有一個大前提，不要後宮，不要賣肉（好像變2個大前提了？
不喜歡那種明明男主沒幹什麼但每個女角都喜歡他，非得要的話2個是極限，而且劇情希望能別注重在他們愛來愛去互刷好感度卻又不決定人選的地方，如果是冒險類作品增加同伴的時候，可以的話別清一色都女的偶而也增加點男性同伴也好（都女的最後8成都變後宮
再來不要硬賣一些福利，例如某漫畫的黎斗摔，或者是洗澡時剛好開門，或者是組個樂團為了討老師歡心換了泳裝演奏……這種的不太能接受

喜歡偏向下剋上（不管是強者因未知原因被分到弱組還是靠努力爬上來把上位者打趴的都喜歡）
描寫內心戲多的（黑掉壞掉，或是溫馨感動的都喜歡）
不好意思這麼麻煩…因為總感覺現在大眾向的作品，開掛後宮福利都會有，希望能找到一些後宮福利少點的",1b218491-974e-5958-8ca1-969f56db5ddd,逃離樂園島,土橋真二郎,23.2,完結,"懸疑, 異能, 戰鬥, 鬥智, 遊戲, 黑暗, 電擊文庫, 日本輕小說",高中生活的最後一個暑假。男女加起來共一百名學生們聚集在無人島上，以逃離無人島為目標相互競爭。這是校內遊戲社團「極限遊戲社」所舉辦的大規模活動。表面上這場遊戲是純粹娛樂性質的活動，但據說設有獎金……遊戲名稱為「Blitz」——而掌握了勝負關鍵的，是自己與搭檔的「價值」？另外，只發給女孩子們的神秘機器，又隱藏著什麼含意——？被極限遊戲社視為怪人，備受矚目的沖田瞬雖已最快速度看穿了這場遊戲的本質，但是……土橋真二郎獻上緊湊無比的最新「遊戲」小說，堂堂登場！,2,該書標記為「黑暗」、「懸疑」且包含「鬥智」與「生存遊戲」元素，高度符合使用者對黑暗懸疑與開掛（智力型）的需求。男主角被視為怪人且能快速看穿遊戲本質，符合使用者喜歡的非典型主角設定。然而，簡介中提到「只發給女孩子們的神秘機器」，這在輕小說設定中常與福利或後宮情節掛鉤，對於極度厭惡福利與後宮的使用者來說是一個潛在的風險點，因此給予 2 分。
q23,"最近不知道要看什麼，想請大家推薦一些好看的作品

裝逼開掛類的
黑暗懸疑的
或是一些風格冷門的都還算喜歡
只有一個大前提，不要後宮，不要賣肉（好像變2個大前提了？
不喜歡那種明明男主沒幹什麼但每個女角都喜歡他，非得要的話2個是極限，而且劇情希望能別注重在他們愛來愛去互刷好感度卻又不決定人選的地方，如果是冒險類作品增加同伴的時候，可以的話別清一色都女的偶而也增加點男性同伴也好（都女的最後8成都變後宮
再來不要硬賣一些福利，例如某漫畫的黎斗摔，或者是洗澡時剛好開門，或者是組個樂團為了討老師歡心換了泳裝演奏……這種的不太能接受

喜歡偏向下剋上（不管是強者因未知原因被分到弱組還是靠努力爬上來把上位者打趴的都喜歡）
描寫內心戲多的（黑掉壞掉，或是溫馨感動的都喜歡）
不好意思這麼麻煩…因為總感覺現在大眾向的作品，開掛後宮福利都會有，希望能找到一些後宮福利少點的",3f6c69b9-6759-5a02-818b-8c04ef9fb2cc,劍豪生死斗,南條范夫,20.1,完結,"戰鬥, 獵奇, 驚悚, 黑暗, 復仇, 日本文學, 其他文庫, 日本輕小說",寬永六年（西元1629年）九月二十四日。在駿河大納言德川忠長破天荒的命令下，十一組對戰人馬，二十二名武藝高強、心思各異的劍士，踏上了前所未見、血腥凄絕的真劍比武戰場。——血染白砂，血染劍鋒。每一次的高聲唱名，必定伴隨著生命的激烈撞擊與消逝。斬裂黑暗的無明逆流、愈是痛楚愈覺強勁的受虐之劍、卑屈不得志的蛤蟆劍法、立志不殺的峰打太刀、變幻莫測的風車手裏劍、隔空斬物的神道陣幕刺，剛猛無儔的飛龍二刀流，以柔克剛的二階堂源流……十一場對戰，十一個糾纏著無數愛恨情仇的故事。刀光劍影划過之處，斬碎的是無明之路，亦是野心與夢想的追逐。揮劍者，觀劍者，各有心思，各有自己不為人知的悲苦與殘缺。當夕陽西下，比武場已化為一片血海；而台上的駿河大納言忠長，卻依然面無表情……「此乃天魔之所為。」後人如是評論道。然而，魔在何處？魔，在心中隱約細微之間，在壓抑的情感潰堤之際。,3,該書風格黑暗且驚悚，強調人物內心的悲苦、糾葛與殘缺，完全符合使用者對「黑暗懸疑」和「內心戲多」的需求。同時，故事聚焦於血腥的生死對決，完全沒有後宮或賣肉等福利元素，極高程度地滿足了使用者的所有偏好與禁忌要求。
q23,"最近不知道要看什麼，想請大家推薦一些好看的作品

裝逼開掛類的
黑暗懸疑的
或是一些風格冷門的都還算喜歡
只有一個大前提，不要後宮，不要賣肉（好像變2個大前提了？
不喜歡那種明明男主沒幹什麼但每個女角都喜歡他，非得要的話2個是極限，而且劇情希望能別注重在他們愛來愛去互刷好感度卻又不決定人選的地方，如果是冒險類作品增加同伴的時候，可以的話別清一色都女的偶而也增加點男性同伴也好（都女的最後8成都變後宮
再來不要硬賣一些福利，例如某漫畫的黎斗摔，或者是洗澡時剛好開門，或者是組個樂團為了討老師歡心換了泳裝演奏……這種的不太能接受

喜歡偏向下剋上（不管是強者因未知原因被分到弱組還是靠努力爬上來把上位者打趴的都喜歡）
描寫內心戲多的（黑掉壞掉，或是溫馨感動的都喜歡）
不好意思這麼麻煩…因為總感覺現在大眾向的作品，開掛後宮福利都會有，希望能找到一些後宮福利少點的",a680d592-526e-58ed-92e5-6eb57a1de247,絕深海的索拉里斯,らきるち,21.7,連載,"科幻, 校園, 末日, 戰鬥, 驚悚, 黑暗, MF文庫J, 日本輕小說",二十二世紀的人類創造出「征服深海的異能」──《水使者》。山城湊以指導水使者教官的身分回歸母校的學院。他的兩位學生分別是成績吊車尾卻依舊我行我素的青梅竹馬星野夏香，以及個性稍有缺陷，但天生擁有稀世水使者才能的克洛伊‧奈特莉。看著時而反抗卻依舊奮勇向前的兩人，湊也開始享受身為教官的工作。但是，當「ＳＯＳ」在沉沒海底的都市中響起時──湊和平的日常生活也宣告終結。【深海】×【絕望】戰慄的正宗驚悚災難小說在此登場。──此時的我們，還不知道自己會邁向這個《結局》。2016年「這本輕小說真厲害」登榜之作！絕望率100％的發展。日本亞馬遜讀者、書店店員一致好評推薦。以水深1500公尺的深海為舞台，絕望而戰慄的正宗驚悚災難小說。,3,該作品高度符合用戶要求的「黑暗懸疑」與「冷門風格」，標籤包含驚悚、黑暗、災難，且強調「絕望率100%」，與用戶追求的氛圍一致。此外，主角身分為教官而非典型的後宮男主，劇情核心聚焦於深海生存與災難而非戀愛好感度，避開了用戶最反感的後宮與賣肉套路，是一次精準的推薦。
q23,"最近不知道要看什麼，想請大家推薦一些好看的作品

裝逼開掛類的
黑暗懸疑的
或是一些風格冷門的都還算喜歡
只有一個大前提，不要後宮，不要賣肉（好像變2個大前提了？
不喜歡那種明明男主沒幹什麼但每個女角都喜歡他，非得要的話2個是極限，而且劇情希望能別注重在他們愛來愛去互刷好感度卻又不決定人選的地方，如果是冒險類作品增加同伴的時候，可以的話別清一色都女的偶而也增加點男性同伴也好（都女的最後8成都變後宮
再來不要硬賣一些福利，例如某漫畫的黎斗摔，或者是洗澡時剛好開門，或者是組個樂團為了討老師歡心換了泳裝演奏……這種的不太能接受

喜歡偏向下剋上（不管是強者因未知原因被分到弱組還是靠努力爬上來把上位者打趴的都喜歡）
描寫內心戲多的（黑掉壞掉，或是溫馨感動的都喜歡）
不好意思這麼麻煩…因為總感覺現在大眾向的作品，開掛後宮福利都會有，希望能找到一些後宮福利少點的",6acaa8bd-7ddd-5fd3-8af3-30e06116ca7e,暗黑聲優,草野原原,5.3,完結,"科幻, 青春, 黑暗, 百合, 女性視角, 其他文庫, 日本輕小說",回過頭來，此人出道即打出「偶像x硬核SF」的旗號，第二作《Evolution Girls》就拿「手游」開刀；來到了「寬屏百合巴洛克」三部曲的大軸之作，不扯上聲優又怎麼過得去呢！？刻意與前兩作區分的本篇小說，此次竟要用「聲優」來挑戰全新體裁、公然號稱「傳說級的銀河聲優太空歌劇」，簡直讓人滿臉錯愕又滿心期待,2,用戶明確要求「黑暗懸疑」與「風格冷門」，且極度厭惡後宮與賣肉（尤其是男主被女性圍繞的套路）。推薦書籍標記為「黑暗」且具有「銀河聲優太空歌劇」這種極其冷門的風格，符合用戶對類型的偏好。此外，該作為「百合」且為「女性視角」，從根本上避開了用戶最反感的男性後宮與低俗福利情節。雖然簡介中未明確提及「下剋上」或「開掛」，但整體氛圍與禁忌條件高度契合。
q23,"最近不知道要看什麼，想請大家推薦一些好看的作品

裝逼開掛類的
黑暗懸疑的
或是一些風格冷門的都還算喜歡
只有一個大前提，不要後宮，不要賣肉（好像變2個大前提了？
不喜歡那種明明男主沒幹什麼但每個女角都喜歡他，非得要的話2個是極限，而且劇情希望能別注重在他們愛來愛去互刷好感度卻又不決定人選的地方，如果是冒險類作品增加同伴的時候，可以的話別清一色都女的偶而也增加點男性同伴也好（都女的最後8成都變後宮
再來不要硬賣一些福利，例如某漫畫的黎斗摔，或者是洗澡時剛好開門，或者是組個樂團為了討老師歡心換了泳裝演奏……這種的不太能接受

喜歡偏向下剋上（不管是強者因未知原因被分到弱組還是靠努力爬上來把上位者打趴的都喜歡）
描寫內心戲多的（黑掉壞掉，或是溫馨感動的都喜歡）
不好意思這麼麻煩…因為總感覺現在大眾向的作品，開掛後宮福利都會有，希望能找到一些後宮福利少點的",3ab30137-9548-55ec-a0dc-438cb7cda855,Arist Craisi 穴藏惡魔,綾里惠史,35.9,完結,"奇幻, 復仇, 戰鬥, 戀愛, 黑暗, Fami通文庫, 日本輕小說",挖出被活埋的青年的，是一名美麗少女。少女艾莉絲微笑著，對因為沒有心，而被人類忌諱、喚為「無名怪物」(Grauen)的他伸出手，告訴他「我說不定一直在找你呢」。她是被稱做「穴藏惡魔」(AristCraisi)的另一種怪物。但她卻只為殺盡自己十分憎恨的同族「穴藏惡魔」而活──描寫虛無縹緲的悲哀怪物們鬥爭之黑暗奇幻開幕！,3,推薦作品符合用戶要求的「黑暗」風格與「復仇」主題。劇情設定為兩個怪物的鬥爭，且從簡介看是以雙人關係為主，沒有後宮或大量女性角色的跡象，符合用戶對避開後宮與福利情節的強烈需求。雖然簡介未明確強調「開掛」或「下剋上」，但復仇類黑暗奇幻通常包含實力成長與反擊上位者的要素，且氛圍較為冷門、注重內心悲哀，與用戶偏好高度契合。
q23,"最近不知道要看什麼，想請大家推薦一些好看的作品

裝逼開掛類的
黑暗懸疑的
或是一些風格冷門的都還算喜歡
只有一個大前提，不要後宮，不要賣肉（好像變2個大前提了？
不喜歡那種明明男主沒幹什麼但每個女角都喜歡他，非得要的話2個是極限，而且劇情希望能別注重在他們愛來愛去互刷好感度卻又不決定人選的地方，如果是冒險類作品增加同伴的時候，可以的話別清一色都女的偶而也增加點男性同伴也好（都女的最後8成都變後宮
再來不要硬賣一些福利，例如某漫畫的黎斗摔，或者是洗澡時剛好開門，或者是組個樂團為了討老師歡心換了泳裝演奏……這種的不太能接受

喜歡偏向下剋上（不管是強者因未知原因被分到弱組還是靠努力爬上來把上位者打趴的都喜歡）
描寫內心戲多的（黑掉壞掉，或是溫馨感動的都喜歡）
不好意思這麼麻煩…因為總感覺現在大眾向的作品，開掛後宮福利都會有，希望能找到一些後宮福利少點的",579b94e7-cffe-5a17-98d4-9fe6444f3af8,此戀暗黑,十文字青,10.5,連載,"奇幻, 校園, 戀愛, 黑暗, 歡樂向, MF文庫J, 日本輕小說",高良縊想星是一名殺死一人即可增加一條命的高中二年級男生，夢想是成為隨處可見的普通高中生。羊本朽奈是一名與人接觸即可殺死對方的高中二年級女生，同樣也不喜歡自己現在的道路。白森明日美是一名「普通」的高中二年級女生，可愛的出奇。不知為何，她對高良縊想星進行了表白，從而交往。殺人的事情根本不可能坦白，所以兩人的交往幾經周折，最終破裂。想要變得普通，想要對心動的女孩子誠實，卻無法實現。隨著想星在「工作」的場合見到了羊本朽奈——兩個扭曲而黑暗的靈魂開始貼近。「我已經殺死過你好幾次了」為了死多少次都無所謂，不更多殺一些的話──依賴殺人奪取性命的他和依賴觸碰即可奪命的她——些許暗黑的戀愛喜劇，開幕。,3,該作品高度符合使用者對「黑暗」、「冷門風格」及「內心戲」的偏好。設定上關於殺戮與生存的能力具有扭曲的獨特性，非大眾向的套路作品。在人際關係上，描述的是兩個扭曲靈魂的吸引，而非典型的後宮或無腦刷好感度，且女角色數量在使用者可接受的範圍內（目前看來僅有兩位重要女性角色），完全避開了使用者厭惡的「硬賣福利」與「後宮」雷點。
q24,"要求有點難找
希望推薦""戰爭+戀愛""要素的輕小說,不是戰""鬥""是戰""爭""
要完結了的,GOOD ENDING最好",bc4ffe6f-a26b-57e4-abd7-93bc9e4c4b4e,在那開滿花的山丘，我想見到你。,汐見夏衛,8.0,完結,"科幻, 轉生, 青春, 戀愛, JC, 女性視角, 其他文庫, 日本輕小說",孤獨的少女與準備赴死的特攻隊員跨越時空的羈絆，兩人相遇的奇蹟──即使無法再次相見，也埋藏在心中的思念。國中2年級的百合，過著覺得母親、學校的一切都很煩的生活。和母親吵架後離家，再睜開眼時，她到了七十年前、戰爭時期的日本。百合被偶然路過的彰所救，在與他生活的日子中，漸漸被彰的誠實與溫柔吸引。然而，他是一名特攻隊隊員，之後的命運是要賭上來日無多的生命飛往戰地──。而後，百合偶然間知道了彰真正的心意……。,3,該書設定在第二次世界大戰時期的日本，劇情核心在於女主角與一名特攻隊員之間的戀情，完全符合使用者要求的「戰爭+戀愛」要素，且明確區分了「戰爭」的時代背景與悲劇感，而非單純的戰鬥動作，與使用者需求高度契合。
q24,"要求有點難找
希望推薦""戰爭+戀愛""要素的輕小說,不是戰""鬥""是戰""爭""
要完結了的,GOOD ENDING最好",83864b87-e68b-5537-9c7f-1fb784df516e,超強度可愛間諜戰 ～優柔寡斷的黑姬小姐～,方波見咲,9.9,完結,"校園, 青春, 戀愛, 間諜, 歡樂向, MF文庫J, 日本輕小說",因一名「乍看普通」高中生所展開的緊張感MAX「欺詐愛」戀愛喜劇正式開幕！「我想和凡田同學更加親密嘛！」身為高中生便可以操縱秘密情報機構的天才少女，橘黑姬正身陷初戀之中。為接近喜歡的人，她濫用組織的力量，試圖運用超高級的間諜技術接觸對方。「……有誰在監視我嗎？」她的初戀對象，凡田純一注意到了這一行為。這位乍看平凡的男子高中生，其實身懷秘密……？「我……我想和凡田做朋友！」與此同時，殺手少女·芹沢明希星接到組織的命令，開始接觸凡田。完全不懂交友的她的行為，將掀起驚天波瀾！里世界的命運因高中生三角關係變得搖擺不定，超正統的學園間諜戀愛喜劇，開幕！,0,使用者明確要求的是「戰爭」而非單純的戰鬥或小規模衝突，且希望有戰爭背景。推薦的作品雖然標題含有「間諜戰」，但實際上是一部校園背景的歡樂戀愛喜劇，其「戰爭」僅為比喻或小規模的情報對抗，完全不符合使用者對大規模戰爭設定的核心需求。
q2,"不好意思,最近異世界需求大了,很想看異世界的故事不一定要轉生類但劍與魔法是必需的.. 已有蜘蛛子了,目前在找一些已經有結局的異世界小說 原本想看哥布林殺手的但是還沒完結啊.....超不想看到一半被中斷了 至少至少...像刀劍那種完了SAO篇再換ALO的方式我還可以接受 請問還有什麼戰鬥類已完結的異世界小說可以推介呢?",4d38980a-26fa-561d-a6a2-b3aed1a196dc,殺死龍的方法,津守時生,60.0,完結,"奇幻, 魔法, 冒險, 戰鬥, 耽美, 少女文庫, 日本輕小說",在王室委託的消滅幻獸任務中，美貌的原聖騎士「閃光」亞肯傑爾遇到了一位身為幻獸獵人的少年——「血紅」烏蘭波克，在與同伴們踏上旅途時，兩個人命運的齒輪悄然地轉動了起來。人類與幻獸，陽與陰，千古的誓言，龍王與聖女王……這原本不相容的一切也在不覺間交織成宏大的篇章，劍與魔法與豪俠的幻想詩就此展開！,3,推薦書籍完全符合使用者要求的「劍與魔法」以及「戰鬥」元素，設定為典型的奇幻世界觀，與使用者尋找的異世界戰鬥類故事核心需求高度一致。
q1,"現在對於小說的要求越來越高了，
而且慢慢的發現現在除了狗糧基本上都看不進去，
連以很喜歡的異世界主題都看不進去了，
好想念從前那個什麼都可以看得很快樂的自己

說回主題，希望可以找到沒看過的狗糧系小說，
可以接受小刀，但一定要無黃毛無牛頭人，
但背景自帶沈重的例如「戀愛光譜」「刮鬍」這一類的也不喜歡，
黨爭就...看情況吧但其實我也一般般",029a964e-fd9d-5db8-9c9c-a6599a9b9627,被驅逐出隊伍後，所以決定與犬耳獸人少女一起生活下去,木山楽斗,26.9,連載,"奇幻, 異世界, 百合, 戀愛, 溫馨, kakuyomu, Web輕小說",被驅逐之後，與最終重要之人相遇，共同度過幸福的日子。我的名字是，雅諾。是個極其普通的冒險者。某一天，我因為是罪人女兒這種理由而被趕出了隊伍。再加上，因為這個消息擴散開了，願意接納我的隊伍也沒有了。萬不得已，一個人接受委託的我，被強力的魔物襲擊了。在這樣千鈞一髮的時機救下我的是，犬獸人的柯娜菈。身為獸人的柯娜菈也和我一樣沒有容身之所。為了報恩我決定與柯娜菈一同行動。最開始警戒著我的柯娜菈，也在一起生活的日子裡，漸漸對我敞開心扉。就在這樣的日子中，雖然有些不坦率，但是內心纖細溫柔的柯娜菈，我被這樣的她吸引住了。,3,該書標籤包含「戀愛」與「溫馨」，劇情重點在於被驅逐後與獸人少女共同度過的幸福生活，完全符合使用者尋找「狗糧系」小說的需求。且從簡介來看，沒有NTR（黃毛/牛頭人）或極端沉重的背景設定，屬於輕鬆療癒的風格，與使用者意圖高度匹配。
q2,"不好意思,最近異世界需求大了,很想看異世界的故事不一定要轉生類但劍與魔法是必需的.. 已有蜘蛛子了,目前在找一些已經有結局的異世界小說 原本想看哥布林殺手的但是還沒完結啊.....超不想看到一半被中斷了 至少至少...像刀劍那種完了SAO篇再換ALO的方式我還可以接受 請問還有什麼戰鬥類已完結的異世界小說可以推介呢?",cb0ea4ad-ed60-5a43-b8ad-6f63d4df175e,魔法戰士李維,水野良,86.5,完結,"奇幻, 魔法, 戰鬥, 冒險, 歡樂向, 後宮, 富士見文庫, 日本輕小說",英雄王李察爾所治理的「劍之王國」歐芳。在那個國家展開了新的物語。「因為有神的啟示。雖然不是我的本意，但你仍然是我應該侍奉的勇者。」被那樣說的是剛從見習魔術師畢業的青年李維。向李維那樣說的是三位女性冒險者。盜賊蜜蕾兒、戰士吉妮、還有戰神的神官梅里莎。突然出現在李維面前邀請他成為「冒險者」。對於體力過剩、體內沸騰著不知為何的感情、苦悶度日的李維來說正是求之不得的機會。作為冒險者的生活就這樣開始了。於此同時，地獄般的試煉也隨之而來。,2,使用者要求的是『異世界』設定且必須包含『劍與魔法』與『戰鬥』。該推薦書籍完全符合『劍與魔法』及『戰鬥』的要求，但從簡介來看，這是一部傳統的奇幻小說（High Fantasy），而非將主角從原世界移至異世界的『異世界』作品。雖然符合核心元素，但在設定上與使用者的特定需求（異世界）略有出入。
q2,"不好意思,最近異世界需求大了,很想看異世界的故事不一定要轉生類但劍與魔法是必需的.. 已有蜘蛛子了,目前在找一些已經有結局的異世界小說 原本想看哥布林殺手的但是還沒完結啊.....超不想看到一半被中斷了 至少至少...像刀劍那種完了SAO篇再換ALO的方式我還可以接受 請問還有什麼戰鬥類已完結的異世界小說可以推介呢?",4495df40-f7ee-5dd6-a710-63b03cceb8fe,狗與魔法的奇幻世界,田中羅密歐,13.3,完結,"奇幻, 魔法, 冒險, 小學館, 日本輕小說",「劍與魔法的大冒險」早已成為久遠的過去。曾經，偉大的始祖文明為大地帶來了繁榮。而後毀滅了。曾經，有過充滿了劍與冒險與神秘的時代。而後衰退了。如今，「新大陸」無比的和平。夢想著未曾有人踏足的大地，年輕人們外出冒險——這種陳年往事早已落後於這個時代了。現在的年輕人的夢想是——順利找到工作。主人公——鈦坦為了找到可以一生高枕無憂的宮廷工作，現在四處求職中。然而卻屢屢碰壁意氣消沉。名為健宇莫的中年男性出現在悲慘的鈦坦面前的，勸誘他踏上冒險的歧途。然而，現在早已不流行當冒險者了，因為填不飽肚子。健宇莫不停地說著「你有當冒險者的才能的」對鈦坦糾纏不休，鈦坦只好四處逃竄……,1,用戶明確要求「異世界」且為「戰鬥類」作品。推薦的書籍雖然包含魔法與冒險元素，但從簡介來看屬於傳統奇幻世界觀，並非異世界（Isekai）設定；且故事基調傾向於求職與日常，而非用戶想要的戰鬥類小說，相關度較低。
q3,"可以幫忙推薦幾部跟這部風格類似的輕小說
這部吸引我的地方有幾個:
1.男女主角純愛堅定不移
2.各種甜蜜的打情罵俏劇情
3.異世界轉生戰鬥、魔法
4.中間雖然各種虐，但最後還是排除萬難再一起",9b6a2798-cfaa-58fd-bfc9-e12286f01b15,一切結束之後，我與吸血鬼的故事,kevinjin,7.5,連載,"戀愛, 異世界, 奇幻, 歡樂向, 原生幻想, 華文輕小說",儘管付出了慘重的代價，但魔王被勇者一行成功討伐，世界恢複了和平——但對於日野遙來說，這一切才剛剛開始魔王討伐結束後，日野遙退出勇者隊伍，開始以冒險者的身份造訪王都周遭的高級遺迹。不久後，在一座遺迹中制服了前來刺殺他的魔王軍殘黨，吸血鬼莉艾琳娜陰差陽錯之下，遙決定用莉艾琳娜當實驗體，測試一下剛剛得到的魔導書，但遙不知道，一向謹慎的他，因為這個決定，將兩人今後的命運，以一種色色的形式，牢牢綁在了一起「……嗚，我絕對，絕對要殺了你！」「所以說，吃著飯就不要講話了，會嗆到的……」——於是，偶爾日常，偶爾歡笑，偶爾哭泣，偶爾色色轉生者魔法師x傲嬌吸血鬼，1200%不正經的甜蜜故事，開幕！,3,該書高度符合用戶的需求：1. 設定包含轉生者與魔法，滿足異世界戰鬥與魔法的要求；2. 劇情明確提到男女主角之間「打情罵俏」的互動（如傲嬌吸血鬼與主角的對話），完全符合甜蜜互動的需求；3. 雖然基調較為歡樂，但提及了「付出慘重代價」與「偶爾哭泣」，且兩人的命運牢牢綁在一起，符合純愛與克服困難的特質。
q3,"可以幫忙推薦幾部跟這部風格類似的輕小說
這部吸引我的地方有幾個:
1.男女主角純愛堅定不移
2.各種甜蜜的打情罵俏劇情
3.異世界轉生戰鬥、魔法
4.中間雖然各種虐，但最後還是排除萬難再一起",f525923c-3267-513c-b8c5-95a2f25e6eee,運用開掛魔術扭轉命運,月夜淚,60.8,完結,"奇幻, 冒險, 異世界, 後宮, syosetu, Web輕小說",男主遊戲高手，被神選去曾改編成遊戲（就是男主玩那款）的異世界，拯救曾經自己經過無數次輪迴仍無法拯救的少女…雖然說是開掛，其實男主轉生之後相當於Lv1，只是經驗豐富，所以不會和某孫子一樣無腦開掛…還是不錯的啦…,1,推薦書籍符合異世界、魔法以及「拯救少女/扭轉命運」的劇情設定，與用戶對戰鬥、魔法及克服困難的期待相符。然而，用戶明確要求「純愛堅定不移」，而該書標記為「後宮」，這與用戶的核心情感需求直接衝突，因此相關度較低。
q6,很喜歡看戰爭或戰記類型的小說，不要有魔法一發收拾或莫名其妙的神器，也別機械降神，主角可以強但不要把對手變白癡，暑假到了求書來啃，斷尾或沒完結也沒關係。,bb624d04-7073-500a-b87c-0b6149035061,消遣的挑戰者,岩井恭平,48.2,完結,"科幻, 遊戲, 鬥智, 戰鬥, 懸疑, 角川文庫, 日本輕小說",在天才少年——果須田裕杜舉辦的終極戰鬥遊戲<RuleoftheRule>中，從世界各地聚集而來並分成兩人一組的參加者們必須一邊擊退作為『防禦人（Defender）』的殺手集團，一邊在限定時間內解決困難的事件。被捲入這個瘋狂的遊戲的高一學生鈴藤小槙離開了作為同級生的春野祥，向青梅竹馬的裕杜發起了挑戰！第6屆角川學園小說大獎『優秀獎』獲獎作品，強勢出擊！,1,用戶的核心需求是「戰爭或戰記」類型的小說，而推薦書籍的設定是「戰鬥遊戲」與「事件解決」，屬於遊戲競技與懸疑類，而非戰爭或軍事戰記。雖然書籍標籤中的「鬥智」符合用戶不希望對手變白癡的偏好，但整體類型與用戶要求的戰爭主題偏差較大，僅有微弱的戰鬥元素聯繫。
q6,很喜歡看戰爭或戰記類型的小說，不要有魔法一發收拾或莫名其妙的神器，也別機械降神，主角可以強但不要把對手變白癡，暑假到了求書來啃，斷尾或沒完結也沒關係。,1b218491-974e-5958-8ca1-969f56db5ddd,逃離樂園島,土橋真二郎,23.2,完結,"懸疑, 異能, 戰鬥, 鬥智, 遊戲, 黑暗, 電擊文庫, 日本輕小說",高中生活的最後一個暑假。男女加起來共一百名學生們聚集在無人島上，以逃離無人島為目標相互競爭。這是校內遊戲社團「極限遊戲社」所舉辦的大規模活動。表面上這場遊戲是純粹娛樂性質的活動，但據說設有獎金……遊戲名稱為「Blitz」——而掌握了勝負關鍵的，是自己與搭檔的「價值」？另外，只發給女孩子們的神秘機器，又隱藏著什麼含意——？被極限遊戲社視為怪人，備受矚目的沖田瞬雖已最快速度看穿了這場遊戲的本質，但是……土橋真二郎獻上緊湊無比的最新「遊戲」小說，堂堂登場！,0,使用者尋找的是寫實、強調戰術且無超自然力量的戰爭或戰記小說。而推薦的書籍是一部包含「異能」與「生存遊戲」設定的日本輕小說，且情節發生在無人島的學生競爭，與使用者的核心需求（戰爭/軍事）完全不符，且包含了使用者明確排斥的超能力元素。
q6,很喜歡看戰爭或戰記類型的小說，不要有魔法一發收拾或莫名其妙的神器，也別機械降神，主角可以強但不要把對手變白癡，暑假到了求書來啃，斷尾或沒完結也沒關係。,2e97a5a9-6979-527a-8f22-c92693ade283,金錢在敗者手中流轉,玖城ナギ,23.0,連載,"戰鬥, 遊戲, 鬥智, 後宮, 富士見文庫, 日本輕小說",為了爭奪視金額而定，連超自然現象都買得起的惡魔貨幣《魔石幣》，高中生失井敗斗埋首於『交易』之中。「若是主人所願，想做色色的事情也可以……」某天，敗斗透過『交易』贏得戰利品，成為『資產』──少女梅莉亞的所有者。奉行金錢至上主義的敗斗本想賣掉黏人的梅莉亞，不僅對她冷漠無情，還拿她進行以命相搏的『交易』，不過……當梅莉亞的秘密曝光，成為全世界的目標時──「讓人永遠不敢再對梅莉亞動歪腦筋的恐懼感，我買了。」註定敗北的少年，選擇與全世界為敵。榮獲第30回Fantasia大賞（富士見書房）大賞的新王道金錢之爭！,0,使用者明確要求『戰爭或戰記』類型，且排斥超自然或莫名其妙的強力道具。推薦書籍為以金錢交易和超自然現象為核心的輕小說，屬於遊戲鬥智與後宮類，完全不符合戰爭小說的核心意圖。
q6,很喜歡看戰爭或戰記類型的小說，不要有魔法一發收拾或莫名其妙的神器，也別機械降神，主角可以強但不要把對手變白癡，暑假到了求書來啃，斷尾或沒完結也沒關係。,9501fd7d-b468-52e5-9ce4-8aa15cfdc374,理組的她，勾引人的技巧實在笨拙得可愛,長田信織,7.0,完結,"鬥智, 戰鬥, 青春, 戀愛, 角川文庫, 日本輕小說",頭腦清晰，戀愛的新感覺戀愛喜劇！你和我的戀愛契合度，就由我來證明給‧你‧看。可愛的女生用算式和理論發動誘惑攻勢!?「我一定會讓你愛上我。」「我一定會讓你對我神魂顛倒。」儘管透過甄選進入，身為有錢人子弟就讀的貴族學校「私立瑛銘學院」首席的久遠寺梓，與出身數學天才名家的大小姐彌勒院由槻，參加了以學院特權為賭注的「戀愛遊戲」（總參加人數兩名）。由槻利用自己的知識對梓發動各種誘惑攻勢，方法卻每次都不太正常。「簡單來說，這就是『我想見你卻見不到的頻率』。」、「真虧你能臉不紅氣不喘地說這種話耶!?」由槻，你其實是笨蛋吧？──由「讓誰愛上對方」，分出究竟誰才是真正的菁英。知性派高中生們老謀深算「讓對方愛上自己」的戰爭揭開序幕！,0,用戶尋找的是真實的戰爭或戰記類小說，而推薦的書籍是一部戀愛喜劇，僅將戀愛過程比喻為「戰爭」，兩者在類型與核心意圖上完全不符。
q6,很喜歡看戰爭或戰記類型的小說，不要有魔法一發收拾或莫名其妙的神器，也別機械降神，主角可以強但不要把對手變白癡，暑假到了求書來啃，斷尾或沒完結也沒關係。,4a16eb13-b61d-5b0e-bee2-d7b369732d3b,F級的暴君,御影瑛路,21.1,連載,"校園, 異能, 戰鬥, 鬥智, 後宮, 電擊文庫, 日本輕小說",如夜空中閃耀星斗的私立七星學園，在校生的成績極為優異，所有社團表現稱霸全國。然而實際上卻是採用嚴格的階級制度，以及連學生外貌都等級化的體制來管理學生，別名「弱肉強食學園」。在那裡由絕對強者──領導【都會獅】派系的【傲慢】神樂坂惠理香所統治。F級的教室里有一位抱持打倒惠理香，站上「頂點」以「暴君」之姿統治學園的危險野心家──「墮落天才」藤白神流……。智力與智力的相互對決，以下反上的故事就此展開！,1,使用者明確要求的是「戰爭或戰記」類型的小說，而推薦的書籍是屬於「校園階級鬥爭」與「異能」類別。雖然該書強調鬥智，符合使用者希望對手不白癡的要求，但核心設定（校園 vs 戰爭）完全不符，僅有極少數的策略元素相通。
q4,"由於自己的胃口比較獨特的原因，喜歡男主被拋置於各種不利的情節或者感情中，也是因為這樣，喜歡看那些讓人看完后心緒難以平靜的小說，就我看過的來說，無職，re0，妹妹人生，異世界迷宮最深等，在某種程度上來說都有慘烈的一部分（感情上或者情節上都是），也沒有一定要轉生異世界，現實日常要是能描繪出這些來也很好了。
尤其那種男主能不斷被放置在痛苦或者恐懼之中，一邊流露出作者思考的文字的小說，再好不過。",092aed93-43d0-5e7b-954f-0401ca86a947,殼中少女,沖方丁,42.4,完結,"科幻, 異能, 戰鬥, 冒險, 懸疑, 黑暗, 其他文庫, 日本輕小說",為什麼是我？──在賭博師榭爾的殘忍設計下，雛妓芭洛特被爆炸火焰所吞蝕。垂死的她被鼠型萬能武器烏夫庫克所拯救，也因此得到了高度電子干擾能力。再次重生的芭洛特想追查榭爾的犯罪行為，但是敵方的負責官卻阻擋在她面前，他也是過去濫用烏夫庫克，干盡殺戮之事的男人……宛如子彈般激情爆發的三部曲系列作品啟動！,1,用戶明確要求「男主」被放置在痛苦或不利的情境中，而推薦書籍《殼中少女》的主角是女性（芭洛特）。雖然該書的黑暗基調、殘酷情節以及慘烈的氛圍符合用戶對「心緒難以平靜」的需求，但核心角色性別不符，未能滿足用戶最關鍵的特定偏好。
q6,很喜歡看戰爭或戰記類型的小說，不要有魔法一發收拾或莫名其妙的神器，也別機械降神，主角可以強但不要把對手變白癡，暑假到了求書來啃，斷尾或沒完結也沒關係。,4760e715-5df7-53a6-9b04-964565e567fe,終將成為神話的放學後戰爭,なめこ印,92.3,完結,"戰鬥, 復仇, 歡樂向, 後宮, 妹妹, 角川文庫, 日本輕小說",昔日顯現在地上的七大神話戰爭，劃破地面、撕裂了天空。戰爭終結後經過十年，災難理應已經消失無蹤。不過——在上述戰爭中被眾神奪走親生妹妹的少年——神仙雷火，降臨到位於遠海孤島的「學園」。在這間學園，被稱為夜晚時間的放學後，會進行神格適合者的「神話代理戰爭」！雷火在第一晚遭到北歐神話的女神布倫希爾德襲擊，面臨死亡危機的他，獲得了本應受人忌諱的神話之力——也就是復仇之力。「臣服於我吧，不光是手腳，就連一根手指與靈魂也要徹底服從！」以巴羅爾魔眼的絕對支配，從超凡的眾神手上奪回世界。終有一天將刻划出嶄新神話的學園英雄式傳說揭幕！,1,用戶明確要求避開「魔法一發收拾」或「莫名其妙的神器」，且追求的是戰爭或戰記類作品。而推薦的書籍屬於典型的學園後宮輕小說，核心設定包含「神話之力」與「絕對支配」的魔眼，這正是用戶反感的超自然強大能力，與用戶追求的戰爭類型在基調與設定上完全相反，僅在標題上有「戰爭」二字之表面關聯。
q6,很喜歡看戰爭或戰記類型的小說，不要有魔法一發收拾或莫名其妙的神器，也別機械降神，主角可以強但不要把對手變白癡，暑假到了求書來啃，斷尾或沒完結也沒關係。,6661949a-530e-50ec-80bc-96a360a32410,戰鬥員派遣中,曉なつめ,66.9,連載,"科幻, 歡樂向, 戰鬥, 人外, 角川文庫, 日本輕小說",眼見征服世界的目標即將實現，為了擴大版圖，「秘密結社如月」將戰鬥員六號作為先遣部隊派遣至新侵略地，但他的各種行動卻讓幹部們傷透腦筋。先是將侵略地的祭祀活動關鍵字更改為「小雞○慶典」，還做出一連串人渣發言。不僅如此，他更主張自己獲得的評價過低，要求提高工資。然而，他卻傳回了號稱魔王軍的同業，即將消滅看似人類的種族的消息──「一個世界不需要兩個邪惡組織！」操起現代武器，開始進軍新世界！,1,用戶明確尋找的是嚴肅的戰爭或戰記類小說，並要求邏輯合理、反派不低能且無機械降神。而推薦的《戰鬥員派遣中》是一部以搞笑、惡搞為主的歡樂向輕小說，雖然涉及現代武器與異世界戰鬥，但其風格與用戶追求的「戰記」意圖完全相反，僅在「戰鬥」關鍵字上有表面關聯。
q6,很喜歡看戰爭或戰記類型的小說，不要有魔法一發收拾或莫名其妙的神器，也別機械降神，主角可以強但不要把對手變白癡，暑假到了求書來啃，斷尾或沒完結也沒關係。,957a045c-c707-50c1-820a-7e444d1b35ac,Fateful moments 理想的沙漠,高橋びすい,20.3,完結,"科幻, 戰鬥, 後宮, 青梅竹馬, 講談社, 日本輕小說",我是人類最強的戰士，卻背叛了人類——MMORPG【Fateful·Moments】計畫——那是人類向虛擬實境空間移居計畫的一環。但是在計畫啟動的一個月後，卻發生了原因不明的問題，玩家無法自主下線。之後，玩家中的一個，我·鈴木幾太蘇醒了——作為五年前的自己的複製品。似乎，身為最強戰士君臨世界的原初的「我」背叛了人類。為了人類，我與青梅竹馬的塞爾瑪還有同伴們決意與「我」抗爭……！？「你是幾太哦。至少對我來說，你是。」虛擬與現實交錯，賭上人類的命運，最強X最強、自己X自己的戰鬥，開幕！,1,使用者明確要求的是『戰爭或戰記』類型，且強調反對『一發收拾』或『機械降神』等輕小說常見的龍傲天設定。推薦的書籍雖然包含『戰鬥』標籤，但核心設定是虛擬實境遊戲（MMORPG）以及『最強戰士』的對決，屬於典型的遊戲異世界/能力戰類輕小說，而非使用者追求的軍事或策略性戰爭小說，且極可能包含使用者厭惡的強大數值或能力設定。
q6,很喜歡看戰爭或戰記類型的小說，不要有魔法一發收拾或莫名其妙的神器，也別機械降神，主角可以強但不要把對手變白癡，暑假到了求書來啃，斷尾或沒完結也沒關係。,1b5f49a3-1c33-50fe-a6ae-e3d5dc2c09be,魔劍軍師與虹之兵團,壱日千次,50.1,完結,"戰鬥, 戰爭, 歡樂向, 後宮, MF文庫J, 日本輕小說",「魔劍軍師」——這是擁有稀世罕見的智謀與勇武，把名字銘刻在後世的歷史中的天才軍師朱利奧·羅西的別名。但是，他的真實形象，是與史書相背的出包男。而在他背後聚集起來的被以【虹之兵團】之名流傳下去古今無雙的英雄們——修女蘭，金獅子特里斯坦、弓聖之女羅絲薇瑟——也是與他不相上下的傢伙。這是從亡國之地特倫托向大國舉起反旗，由歷史上「最不像話」的奇蹟編織成的物語，魔劍軍師和他的同伴們的「不能成為傳說的傳說」。飽含奇謀的衝擊性的幻想戰記，炸裂！,1,使用者明確要求不要有『魔法一發收拾』、『機械降神』且不要將對手寫成白癡，傾向於較為嚴謹或有邏輯的戰爭小說。而推薦的書籍雖然屬於戰記類，但標籤為『歡樂向』且主角設定為『出包男』卻能達成奇蹟，這類輕小說風格通常依賴運氣或劇情強行推進（Plot Armor），與使用者追求的品質方向相悖。
q6,很喜歡看戰爭或戰記類型的小說，不要有魔法一發收拾或莫名其妙的神器，也別機械降神，主角可以強但不要把對手變白癡，暑假到了求書來啃，斷尾或沒完結也沒關係。,f600df55-608d-52b4-b7e1-1576d11867b5,沃泰克斯學園戰記,山田有,12.0,連載,"校園, 戰鬥, 歡樂向, 後宮, 青梅竹馬, 講談社, 日本輕小說",最強的軍師、誕生!!一騎當千的美少女們以最強（TOP）為目標！超弩級學園戰鬥故事開幕！擁有被稱為【星導力】的異能的少男少女們從世界各國聚集到這裡——學園都市沃泰克斯。在這裡，有五所學校進行著被稱為【星騎士戰爭】的模擬戰爭。其中之一，身負某個秘密的少年昴，進入了星宮騎士學園，朝著成為最強軍師的目標努力著。但是，才剛入學的他，就接連不斷的與持有固有【星導武裝】的高等級騎士&美少女——劍之加戀，盾之奏，刀之沙夜，細劍之維斯特里斯發生衝突，而且還和加戀開始了同居生活。被最強的少女們環繞著，昴波瀾萬丈的學園生活開始了——！？,1,使用者明確要求的是無魔法、無神器且較為嚴肅的戰爭或戰記類小說。而推薦的書籍雖然標題含有「戰記」，但實際上是校園後宮向的輕小說，且設定中包含「星導力」與「星導武裝」等超自然異能與特殊裝備，與使用者的核心需求完全相反，僅在關鍵字上有表面關聯。
q10,"像是果青友少這種的
年份的話最近三到五年為主
背景是校園戀愛喜劇為主
有複數女角讓男主多選一
啊不要開場就有女朋友鎖死的
那種我覺得其他女角只是浪費時間而已",f44b023c-320e-586a-aafd-3bde25d02985,二號的我與第一的她 後日譚 ～某青春群像劇－Quintet～,和尚,7.7,連載,"校園, 青春, 戀愛, 歡樂向, kakuyomu, Web輕小說",這是一部描繪同一所高中里的男女生及其周圍人物青春日常的群像劇。它既展現了一段甜蜜的戀情，也揭示了一場身份差異之戀的掙扎。既是純真的單相思，也面臨著與往昔戀情的對峙。時而，它是一個對戀愛尚未了解的故事，時而，又是一個從最惡劣情況中重新開始的旅程。多條戀情交錯編織，共同構成了這個物語。,2,該書符合校園、戀愛、歡樂向等基本設定，且提到多條戀情交錯，符合用戶對複數女角的需求。然而，作品定位為「群像劇」且標題包含「後日譚」，其敘事重心可能在於多組人物的關係而非單一男主的「多選一」抉擇，與用戶核心意圖略有偏差。
q10,"像是果青友少這種的
年份的話最近三到五年為主
背景是校園戀愛喜劇為主
有複數女角讓男主多選一
啊不要開場就有女朋友鎖死的
那種我覺得其他女角只是浪費時間而已",1ff49511-7057-5bef-bd14-6f86b66ec458,成為陽光系的我專屬的青春至上主義,持崎湯葉,19.2,連載,"校園, 青春, 戀愛, 歡樂向, GA文庫, 日本輕小說",世界上的人類，大抵分成了「陽光系」與「陰鬱系」這兩種類型。為了歌頌有限的青春，能選擇的路只有一條。換言之──想受歡迎就成為陽光系吧。本是陰鬱系的我──上田橋汰靠著努力與毅力，終於成功邁入高中新生活，每天被陽光系包圍的日子過得再順遂不過。接下來只要再交個辣妹女朋友，人生就完美了──可是為什麼……對我感興趣的儘是些陰鬱女啊？說什麼想當辣妹所以染了粉紅色頭髮……不是，頂著一頭粉紅色頭髮怎麼看都更陰暗了吧！榮獲GA文庫大賞《金賞》之作，陰陽混合的全新青春輕喜劇！新青春的正確解答，這裡全都有。,3,該書完全符合用戶要求的校園戀愛喜劇設定，且風格與《果青》等作品相似（探討青春與社交屬性）。從簡介來看，男主開場單身且有多位女性角色對其感興趣，符合「複數女角多選一」且「非開場鎖死」的核心需求。
q11,"最近人比較負面，
想看一些有共鳴的小說。
有沒有那種「我一個人爛就好了別搞其他人」的主角的輕小說？以前看大老師自暴自棄滿戳中我的。
宅宅現實找不到人取暖，希望能找輕小說取。",b07daab6-b979-58f6-8bed-d008920f2832,少女夜行,宇佐美真琴,11.3,完結,"奇幻, 懸疑, 群像, 治癒, 其他文庫, 日本輕小說",在這片蒼鬱卻瀰漫不祥氣息的山林之間，彷彿連空氣與時間都被一股潛藏其中、讓人心生畏懼的沉重束縛感所凍結。只要靠近城山一帶，或許，你就會和這裡的住民一樣，被那難以解釋的神秘力量所禁錮了。囿於市中心的城山魔界，彷徨於黑夜之中。這些被夢魘所束縛之人，是否能迎來獲得救贖的時刻──圍繞著魔性之地「城山」的八段人生際遇，看似互不相關，其實都被人生百態所煉製的宿命枷鎖給牽引著。由人性的慾念、貪婪、愛恨、迷惘、執著等諸多拼圖所拼湊而出的灰暗群像劇，在洋溢著奇想、妖異氛圍，讓人不寒而慄的「城山」力量的驅動之下，靜靜地等候著下一個進入命運牢籠的主角。你，會成為下一個迷途之人嗎？,1,使用者明確尋找具有「自我厭惡且不想牽連他人」特質的主角（如《果青》的大老師）以獲得情感共鳴。而推薦的《少女夜行》是一部奇幻懸疑的群像劇，側重於命運、人性慾望與救贖的短篇集，缺乏使用者要求的特定人設特質，僅在「氛圍灰暗」這一點上有微弱的表面關聯。
q11,"最近人比較負面，
想看一些有共鳴的小說。
有沒有那種「我一個人爛就好了別搞其他人」的主角的輕小說？以前看大老師自暴自棄滿戳中我的。
宅宅現實找不到人取暖，希望能找輕小說取。",00da7a7d-567f-599d-bbdf-0b438fc01ac5,六百六十元的實情,入間人間,15.8,完結,"青春, 群像, 輕文學, 電擊文庫, 日本輕小說",世上所存在的引力，絕對是抱著好玩的心態在配置城市裡人們的位置吧！「你會做豬排蓋飯嗎？」BBS上一則看似平淡的留言，牽引起五個不同的人生。當這些人生相互交集，彼此間將擦撞出怎麼樣的火花？同學、情人、父子、母女，在形形色色、各式各樣的關係中，一碗豬攤蓋飯，究竟能夠引發多少事件？擅長以獨特敘事風格描寫青春群像劇的入間人間，此次嘗試以日常生活為題材，描述一群因BBS上的一句話而相亘連結的人，彼此間的故事。跨越年齡的青春群像劇，就由一碗豬排蓋飯展開——,1,使用者明確尋找具有「自我犧牲/自暴自棄」特質、類似《果青》大老師那種「我一個人爛就好」的角色共鳴。而推薦的書籍是一部著重於「人與人之間連結」的群像劇，其核心主題是日常生活中的交集與溫情，缺乏使用者所要求的特定主角人格特質，僅在「輕小說」與「青春」標籤上有表面交集。
q11,"最近人比較負面，
想看一些有共鳴的小說。
有沒有那種「我一個人爛就好了別搞其他人」的主角的輕小說？以前看大老師自暴自棄滿戳中我的。
宅宅現實找不到人取暖，希望能找輕小說取。",a92861eb-77e0-5d1b-aa19-f955d2d6560b,只有我們無法相擁的那個冬天,座下侍從,9.7,連載,"青春, 戀愛, 推理, 輕文學, 青梅竹馬, JK, 群像, 青春日常, 華文輕小說",【橫跨三代人的故事，以及那消融於冬日的幽靈之戀】我很小的時候，在學校後山認識了一個幽靈。她穿著高中部十年前的老款校服，眼睛比活人更加明亮，宛如世上最美麗的琥珀。初中結束的那個冬天，我們最後一次相擁道別，卻如同迎頭相遇的河流般穿過了彼此。三月最後一場雪漫天灑落，我終究是踏上了前往城市的路，她則繼續等待著下一個能看見她的人。兩年後的暑假，我匆匆回到鄉下小鎮，奔向印象中她駐足的所在，卻再也沒能找到她的蹤跡。她曾經寄居的老舊木屋已經變成了旅遊區里的售票廳，我們親手種下的向日葵也已枯萎凋零。斷斷續續十年又十年的尋找，背上難以忍受的工作壓力，在彷徨中成家立室的負罪感，我終於瀕臨崩潰。在醫院的精神科里，大夫告訴我，那一切都只是我孤獨童年裡的幻想。她只存在於我的眼中，而這個世界上從沒有過她的痕迹。於是我辭去工作，開始傾盡全力尋找幽靈的旅途。夜裡寂寥無人的居酒屋，東京最偏僻的遺棄校址，我彷彿無數次看到了她望向遠方的身影。她的名字是戶田山晴羽，是不存在於世上的幽靈。在生命結束前，我是否能再一次握住你的雙手？,1,用戶明確要求尋找像《大老師》那樣具有「自我犧牲式自暴自棄」特質（我一個人爛就好）的主角，以尋求共鳴。而推薦的小說雖然同樣帶有孤獨、憂鬱的氛圍，但其核心在於對逝去之人的思念與執著，主角的性格與用戶要求的「邊緣人/自厭」設定完全不同，僅在「孤獨感」這一點上有淺層交集。
q11,"最近人比較負面，
想看一些有共鳴的小說。
有沒有那種「我一個人爛就好了別搞其他人」的主角的輕小說？以前看大老師自暴自棄滿戳中我的。
宅宅現實找不到人取暖，希望能找輕小說取。",f0d62d88-999e-5146-a676-58ceaa57538f,言葉之庭,新海誠,14.0,完結,"輕文學, 青春, 戀愛, 群像, 其他文庫, 日本輕小說",在「愛」來臨之前，人們懷抱著「孤悲」，因孤獨而渴求著某人的深層感情。15歲的高中生孝雄，每當雨天，便會翹課到日式庭園的涼亭中，繪製鞋子的素描。某天，出現了獨自一人喝著罐裝啤酒、吃著巧克力的27歲謎樣女性雪野，此後，即便沒有特別約定，兩人卻總是在下著雨的涼亭一再重逢。日復一日，於是，跨越年齡的情懷就此展開。「對她而言，15歲的我只不過是個孩子。」「27歲的我，絲毫不比15歲時的我聰明。」為了失去人生前進方向的雪野，孝雄決心打造出一雙能陪伴她走得更遠的鞋。然而，梅雨季節像是無視於兩人的心意般，正悄悄邁入尾聲……沒有約定的邂逅，只在下著雨的日式庭院。《星之聲》《秒速5公分》《追逐繁星的孩子》導演新海誠最具代表的青春戀愛物語。,1,使用者明確要求的是具有「自暴自棄」、「我一個人爛就好」這種自虐且憤世嫉俗特質的主角（類似《大老師》），尋求的是一種特定的孤高與自我厭惡的共鳴。而《言葉之庭》雖然也探討孤獨與迷茫，但其基調是唯美、憂鬱且傾向於彼此救贖的青春戀愛，缺乏使用者所追求的「自毀式」或「冷漠自嘲」的角色特質，僅在「孤獨感」這一點上有淺層的重疊。
q11,"最近人比較負面，
想看一些有共鳴的小說。
有沒有那種「我一個人爛就好了別搞其他人」的主角的輕小說？以前看大老師自暴自棄滿戳中我的。
宅宅現實找不到人取暖，希望能找輕小說取。",d1378cfe-94b6-55e9-8ab1-e4426b5a53f2,鳥籠庄的房客今日也慵懶,壁井有可子,66.1,完結,"青春, 戀愛, 群像, 治癒, 偽娘, 電擊文庫, 日本輕小說",有妄想癖的美女、哥德蘿莉打扮的小學生、身著貓咪人偶裝的傢伙、雙胞胎陰森老人，以及不曾間斷卻不知從哪裡發出的尖銳聲音。同樣也住在「鳥籠庄」的衛藤絆與住在5樓幾乎足不出戶的美術大學學生淺井有生，相識於16歲的冬天。當她被問到有沒有興趣打工當繪畫的裸體模特兒時，她決定試試看，從此便經常窩在瀰漫著油畫顏料味道而又雜亂的工作室。與淺井朝夕相處的過程中，她逐漸感覺到這段時光對自己而言，已慢慢成為日常生活中不可或缺的一部份……,1,使用者明確要求尋找具有「我一個人爛就好」這種自暴自棄、自我犧牲或強烈孤獨感的角色（類似《果青》的大老師）以產生共鳴。而推薦的書籍是一部溫馨、慵懶的治癒系群像劇，雖然主角與角色們也屬於社會邊緣或宅屬性，但其基調是溫暖的陪伴，而非使用者所追求的「負面共鳴」或特定的性格特質，僅在「邊緣人/宅」這一點上有淺層關聯。
q11,"最近人比較負面，
想看一些有共鳴的小說。
有沒有那種「我一個人爛就好了別搞其他人」的主角的輕小說？以前看大老師自暴自棄滿戳中我的。
宅宅現實找不到人取暖，希望能找輕小說取。",d9120650-cab2-56f4-9cac-437ea0560f8b,路痴 | Helter Skelter,骷髏人,5.7,連載,"青春, 治癒, 群像, 歡樂向, 青春日常, 華文輕小說",久別重逢的故事。,1,用戶明確尋找具有「自我厭惡」、「孤僻」或類似《果青》大老師那種「一個人爛掉就好」特質的主角以尋求共鳴。而推薦的小說標籤為「歡樂向」、「治癒」且為「群像劇」，簡介僅提到「久別重逢」，與用戶要求的特定角色人格特質完全不符，僅在「青春輕小說」這一大類上有表面重疊。
q11,"最近人比較負面，
想看一些有共鳴的小說。
有沒有那種「我一個人爛就好了別搞其他人」的主角的輕小說？以前看大老師自暴自棄滿戳中我的。
宅宅現實找不到人取暖，希望能找輕小說取。",0ffe5ffd-bdfd-5a1c-8324-06ba14717ae1,槍王黑澤,伊瀨勝良,10.4,完結,"校園, 青春, 戀愛, 群像, 治癒, 其他文庫, 日本輕小說",黑澤翔是一名國三學生，和大多數普通人不同，他有著特殊的癖好，平日喜歡在女廁中進行猥褻之事。一次偶然的機會，他被名為北原綾的矮個子女生髮現了秘密，對方性格孤僻，經常被不良少女欺負，強行要求黑澤和自己進行一個『交易』……,0,用戶尋求的是像《果青》大老師那樣，雖然自暴自棄、孤僻，但本質上不想牽連他人的情感共鳴。而推薦書籍的主角設定為在女廁猥褻的變態，這種「爛」屬於道德與法律層面的問題，與用戶追求的「負面情緒共鳴」完全不符，甚至可能引起用戶的反感。
q11,"最近人比較負面，
想看一些有共鳴的小說。
有沒有那種「我一個人爛就好了別搞其他人」的主角的輕小說？以前看大老師自暴自棄滿戳中我的。
宅宅現實找不到人取暖，希望能找輕小說取。",e13cb4db-d243-537f-b04f-130774dc6e6b,未聞花名,岡田麿里,11.7,完結,"奇幻, 青春, 戀愛, 群像, MF文庫J, 日本輕小說",我望著自己一個人的影子，掌心感受著芽芽的溫度，明明這般靠近，卻又如此遙遠……「超和平Busters」，這個以仁太為首，由六個兒時玩伴所組成的團體，在芽芽因為意外身亡後，逐漸分道揚鑣。如今他們已是高中生了，仁太拒絕上學，變成繭居族封閉在自己的世界裡；安鳴將自己打扮成辣妹，成天和同學鬼混；鶴子與雪集去讀升學高中，波波則住在以前的秘密基地，並以打工為生。就在夏天快要結束的某一天，原本應該早已過世的芽芽卻突然出現在仁太面前，因為她「可能有一個願望」，想要仁太幫她實現……,1,用戶明確尋找的是像《春物》大老師那樣具有「自暴自棄」、「自我厭惡」且透過「自我犧牲/扮演壞人」來保護他人的特定性格主角。而《未聞花名》的主角雖然也是繭居族，但其設定是基於對過世好友的愧疚與創傷，屬於療癒系與催淚向作品，缺乏用戶要求的「一個人爛就好」的這種自毀式社交邏輯，僅在「孤獨感」與「負面情緒」上有表面上的重疊。
q11,"最近人比較負面，
想看一些有共鳴的小說。
有沒有那種「我一個人爛就好了別搞其他人」的主角的輕小說？以前看大老師自暴自棄滿戳中我的。
宅宅現實找不到人取暖，希望能找輕小說取。",b3894886-27ce-5a4d-bc00-e940c0d8e16e,我假借治癒之名，替同伴承擔詛咒的事情暴露了,甘朔八夏,9.3,連載,"轉生, 冒險, 戀愛, 病嬌, 歡樂向, syosetu, Web輕小說",魔物造成的傷口會蘊含著「瘴氣」，會一直侵蝕受害者直至死亡。我擁有一種能將詛咒弱化並代為承受的能力，一直以來都這樣在為同伴們進行治療。但是，這件事最終還是暴露了。所有人都變得病態扭曲。這下該如何是好？註：本小說為N次創作，致敬了諸多作品的設定與展開。,3,使用者尋找的是具有「自我犧牲」、「一個人承擔負面事物以保護他人」特質的主角，並希望能獲得情感共鳴與慰藉。推薦書籍的主角具有代為承受詛咒的能力，其行為邏輯與使用者提到的「我一個人爛就好了」高度契合，且後續同伴的反應能滿足使用者尋找「取暖」的心理需求。
q11,"最近人比較負面，
想看一些有共鳴的小說。
有沒有那種「我一個人爛就好了別搞其他人」的主角的輕小說？以前看大老師自暴自棄滿戳中我的。
宅宅現實找不到人取暖，希望能找輕小說取。",d8000720-67a6-573c-891b-79e6c1e158af,拼上性命避免了全滅的結局，可隊友卻病了,雨糸雀,49.0,連載,"奇幻, 轉生, 病嬌, syosetu, Web輕小說",——所以說，少了一隻眼睛和一條腿沒什麼大不了。我沒事兒～沒關係，我不會拋棄你的。補償什麼都可以。別奉獻一切呀！沉重。好TM沉重!,2,用戶尋找的是具有「自我犧牲」或「我一個人承受就好」特質的主角（如大老師），而推薦書籍的主角為了避免全滅而犧牲自己的肢體，在「自我犧牲」這一核心設定上符合用戶需求。但該書屬於奇幻轉生且帶有病嬌元素，與用戶想要的現實共鳴感及大老師那種自暴自棄的氛圍有所出入，因此給予 2 分。
q12,"想找一些日常系小說類型，希望劇情節奏安排和對話有趣些。
其它元素能接受百合、戀愛、生活、學校類型，有談話間交流劇情。",aa31493b-13a9-5bc0-a730-aa2d38c1361a,與妳共墜地獄,替罪羊,26.5,連載,"百合, 青春, 校園, 戀愛, 黑暗, 女性視角, 青春日常, 華文輕小說",要說是怪癖也沒有任何問題。但……就是…………….有些人喜歡聞腳的味道；也有人喜歡咬指甲、咬吸管。總而言之，我的意思是--冬野悠奈這個人，喜歡燒傷的疤痕。沒有什麼特殊的緣由或是故事，只是單純的從書籍上的圖片看到了之後--著迷，自己都感到訝異的著迷，在網路上瘋狂搜索著相關的圖片，每每看見心臟便會砰砰直跳。而這個人的名字剛剛好跟我一模一樣，真是個令人難以相信的巧合。冬野悠奈在巧合下看見了同班同學臉上的傷疤。孤僻的她至此難以將視線從她身上離去。,1,雖然該書包含百合、校園、戀愛等標籤，但從書名《與妳共墜地獄》、標籤中的「黑暗」以及簡介中提到對燒傷疤痕的病態執著來看，其氛圍與使用者尋找的「日常系」輕鬆、有趣的調性截然相反，僅在設定上有表面交集。
q12,"想找一些日常系小說類型，希望劇情節奏安排和對話有趣些。
其它元素能接受百合、戀愛、生活、學校類型，有談話間交流劇情。",fa49a88e-1aa6-572d-947e-3f79d7d93f7a,同居者乃名為初戀的屍體,替罪羊,12.2,完結,"百合, 青春, 校園, 戀愛, 黑暗, 女性視角, 青春日常, 華文輕小說",我的名字叫做月島月蒔，是一名正在準備大學考試的重考生。唯一的興趣是看電影。本來我的人生應該就這麼無聊透頂的淡去。直到有一天，睡眼惺忪的雙眼中映照著一具蒼白的屍體。屍體，死透透的屍體。為什麼會出現在我的房間？震驚之餘，她甚至開口說話。屍體的身分是國中時的初戀。數不盡的問題伴隨著喉嚨之間的反胃感噴湧而出。吶，妳為什麼會死去呢？妳為什麼又會出現在我的面前呢？妳現在究竟算什麼？我還能夠……再一次喜歡上妳嗎？希望在這些問題得到解答之前，妳都會出現在我的面前，桃瀨栞奈。,3,該書完全符合使用者要求的百合、戀愛、校園及日常等元素，且劇情核心圍繞著主角與初戀屍體的同居生活與對話展開，高度契合使用者對「日常系」與「談話間交流劇情」的需求。
q13,"我很喜歡搞笑類，誤會系剛好能戳到我的笑點，
看了會有種「這群人的腦迴路到底怎麼長的」的感覺，（像電玩咖這種的）
當然不需要全程搞笑，後面進入主線開始嚴肅起來我還是能接受的（素晴、腦礙這種的）",a06430ea-6a9e-5ca7-97d6-d672ee856033,怪物公爵誤把我當成了他的妻子,은차,47.0,完結,"穿越, 戀愛, 歡樂向, 女性視角, other, 韓國輕小說",莉亞穿越進小說後，意外遇見了詛咒正在發作的募後黑手迪里安。情急之下，莉亞用石頭砸暈了迪里安，並將其帶回家中治療。莉亞並不想招惹麻煩，希望迪里安醒來後能儘快離開，可誰曾想迪里安竟失去了記憶，還把莉亞當成了自己的妻子。,2,用戶明確要求的是具有「腦迴路奇怪」、荒誕感的混沌搞笑風（如《素晴》），而推薦的書籍雖然包含「誤會系」元素（誤認妻子）且標記為歡樂向，但其設定更偏向於典型的戀愛浪漫喜劇，缺乏用戶所追求的那種極端荒誕的幽默感，僅部分符合需求。
q13,"我很喜歡搞笑類，誤會系剛好能戳到我的笑點，
看了會有種「這群人的腦迴路到底怎麼長的」的感覺，（像電玩咖這種的）
當然不需要全程搞笑，後面進入主線開始嚴肅起來我還是能接受的（素晴、腦礙這種的）",811db358-c752-5362-ae2a-2941d1f67d09,歡迎光臨日本上空,佐佐原史緒,9.9,連載,"奇幻, 校園, 歡樂向, 戀愛, HJ文庫, 日本輕小說",平凡准考生-峰岸光，每天安分地過著她的平凡的日子。某日幻想王國『天上國』突然出現在日本的上空。一名來自浮島-天上國的笨公主。為他平靜的生活帶來一連串的麻煩和災難。爆笑的異文化交流就此展開！主角努力想遺忘的過去是什麼？笨公主開朗的背後又帶有什麼樣的秘密？大大超脫常識的異文化交流故事就此拉開序幕！！,3,推薦書籍標記為「歡樂向」且強調「爆笑」與「超脫常識的異文化交流」，非常符合使用者對搞笑類及角色「腦迴路奇特」的偏好。雖然簡介未明確提到「誤會系」，但其設定極易產生此類情節，且劇情包含秘密與過去，符合使用者可接受後續進入主線嚴肅發展的條件。
q13,"我很喜歡搞笑類，誤會系剛好能戳到我的笑點，
看了會有種「這群人的腦迴路到底怎麼長的」的感覺，（像電玩咖這種的）
當然不需要全程搞笑，後面進入主線開始嚴肅起來我還是能接受的（素晴、腦礙這種的）",caf7b627-30e9-5578-9f69-3e009260ed1d,我的戀愛對象竟然是自己的精神克隆體?!,cwert65533,20.2,連載,"性轉, 校園, 戀愛, 歡樂向, 青春日常, 華文輕小說",一個平平無奇的夜晚，剛剛升上高二的清川匡彥同學突然接到一通陌生的來電。他萬萬沒想到打來電話的人竟然是性轉之後的自己——歡樂的故事就此展開,1,使用者明確追求的是「誤會系」以及角色具有「奇怪腦迴路」的荒謬搞笑風格（如《素晴》），而推薦書籍雖然標記為「歡樂向」，但其核心主題是性轉、校園戀愛與青春日常，缺乏使用者強調的誤會元素或邏輯崩潰的笑點，僅在「歡樂/搞笑」這個大類別上有表面交集。
q15,"喜歡的類型 是異世界 轉生 重生 穿越 校園異能 幻想世界 劍與魔法 主角最強 多後宮 戰鬥要夠中二 都行
夠套路
要男主 一定要有戰鬥 後宮 沒後宮也沒關係但要有女主 如果主角拿的是劍我會更開心
不接受有沒男主的 例如蜘蛛又怎樣 能力值平均 怕痛的我
不接受虐主的 除了re 0 是因為動畫入坑的 除非前面虐後面很爽的這樣可以例如平職
需要裝逼讓我看的會高潮的 所以無職轉生我看不下去因為太真實太哭逼了",60c130c3-7ee1-576b-945a-170da72a4824,努力過頭的世界最強武鬥家，在魔法世界輕鬆過生活,わんこそば,47.3,完結,"轉生, 校園, 奇幻, 歡樂向, 後宮, 集英社, 日本輕小說",這可不是魔法，而是物理攻擊喔。某天，武鬥家亞許突然轉生到了異世界，他決定在第二次的人生改行當魔法師。曾拜過去的勇者•莫里斯為師，經歷過非常嚴苛修行的亞許，突然遭遇到了《黑暗帝王》！眼看世界末日即將降臨時——亞許竟然一拳打爆了魔王!?雖然亞許因此失去了所有魔力，也因此瞭解到當年的修行是為了幫助他成為世界最強武鬥家的衝擊事實，可是無法放棄夢想的他，依然堅持進入最頂尖的教育機關•耶魯休塔特魔法學院就讀!!只要他開口大吼，就能把人吹跑；只要他往上跳，就能飛向高空。所有人都深信亞許的能力就是魔法，亞許輕輕鬆鬆就通過了困難的試驗。在美少女菁英的環繞下，世界最強武鬥家展開了外掛的校園生活！,3,這本書完美符合使用者的多項需求：男主、異世界轉生、校園設定、主角最強（外掛級武鬥家）、後宮要素，且劇情走的是輕鬆、裝逼（被誤認為是魔法）的套路路線，完全沒有虐主傾向，與使用者要求的「裝逼」、「夠套路」高度契合。
q15,"喜歡的類型 是異世界 轉生 重生 穿越 校園異能 幻想世界 劍與魔法 主角最強 多後宮 戰鬥要夠中二 都行
夠套路
要男主 一定要有戰鬥 後宮 沒後宮也沒關係但要有女主 如果主角拿的是劍我會更開心
不接受有沒男主的 例如蜘蛛又怎樣 能力值平均 怕痛的我
不接受虐主的 除了re 0 是因為動畫入坑的 除非前面虐後面很爽的這樣可以例如平職
需要裝逼讓我看的會高潮的 所以無職轉生我看不下去因為太真實太哭逼了",e7443336-bc78-5808-85b1-45e60fb9bc7f,轉生成了發生很多事情後的galgame NTR 惡役,イコ,4.9,連載,"轉生, 戀愛, 後宮, 惡役, 校園, 妹妹, 異世界, 青梅竹馬, 大小姐, 病嬌, syosetu, Web輕小說",被判定為惡役之後的人生應該是這樣的，但是……女主角的好感度為什麼會這麼高？出生於富裕家庭的龍王院武人，從幼稚園時期到初中時期一直在做各種過頭的事情，自以為自己是個特別的人物。但是，在從初中可順利升學到高中的學園中，由外部入學的男學生將他在中學時代遭到斷罪，使他在學校中成為一個遭到孤立的人。因為失敗而被家族驅逐，受到打擊而陷入昏睡的武人君，被主角轉生進入了。我根本不知道上流階級的生活啊！什麼？武人原來很厲害嘛。不過從武人的記憶中流泄出來的那些超級尷尬的經歷，才是最讓人痛苦的。總之，在高中里我是不想被欺負的，所以要乖乖保持安靜。雖然我是這麼想的，為什麼女孩子們還會來找我呢？,1,雖然該書符合轉生、後宮、校園以及男主設定，但使用者明確要求「一定要有戰鬥」以及偏好「劍與魔法」的幻想世界。此推薦書目屬於 Galgame 風格的校園戀愛與惡役設定，缺乏戰鬥、異能對決或中二的戰鬥場面，無法滿足使用者追求的「裝逼」與「戰鬥高潮」的核心需求。
q15,"喜歡的類型 是異世界 轉生 重生 穿越 校園異能 幻想世界 劍與魔法 主角最強 多後宮 戰鬥要夠中二 都行
夠套路
要男主 一定要有戰鬥 後宮 沒後宮也沒關係但要有女主 如果主角拿的是劍我會更開心
不接受有沒男主的 例如蜘蛛又怎樣 能力值平均 怕痛的我
不接受虐主的 除了re 0 是因為動畫入坑的 除非前面虐後面很爽的這樣可以例如平職
需要裝逼讓我看的會高潮的 所以無職轉生我看不下去因為太真實太哭逼了",85586dd9-a090-556f-b759-27963b58d150,史上最強獸人的快樂播種後宮生活,月夜淚,44.6,連載,"奇幻, 後宮, 轉生, 冒險, 熱血, 異世界, 其他文庫, 日本輕小說",經過轉生的奧爾柯是女騎士與獸人生下的兒子。他遺傳較多來自母親的基因，因此在獸人的村莊里備受欺凌。直到奧爾柯在邂逅精靈美少女，體內的無敵血脈總算覺醒。既然生為獸人之子，自當每天享受與可愛女孩肌膚相親的風流快活！為了實現獸性生涯，只有成為史上最強的獸人一途，讓任何女孩無一不心甘情願投入自己的懷抱!! 如此這般，獲得史上最強之力量的奧爾柯就此展開成就後宮之旅。且看奧爾柯如何使出渾身解數，在旅途中所向披靡、揚名立萬，與一個接一個的美少女相親相愛──！,3,這本書完全符合用戶的需求：包含異世界、轉生、男主最強、後宮以及強烈的套路感。劇情從被欺凌到覺醒無敵血脈，符合用戶要求的「裝逼」與「爽感」，且沒有虐主傾向，是典型的力量幻想作品。
q15,"喜歡的類型 是異世界 轉生 重生 穿越 校園異能 幻想世界 劍與魔法 主角最強 多後宮 戰鬥要夠中二 都行
夠套路
要男主 一定要有戰鬥 後宮 沒後宮也沒關係但要有女主 如果主角拿的是劍我會更開心
不接受有沒男主的 例如蜘蛛又怎樣 能力值平均 怕痛的我
不接受虐主的 除了re 0 是因為動畫入坑的 除非前面虐後面很爽的這樣可以例如平職
需要裝逼讓我看的會高潮的 所以無職轉生我看不下去因為太真實太哭逼了",3bf11be6-a0a9-545d-95de-7f2a370cb524,一般士兵獲得了「無限再生」的轉生特典，結果被眾多美女盯上。,あおぞら,2.7,連載,"轉生, 異世界, 龍傲天, 後宮, kakuyomu, Web輕小說",為了不死而不斷戰鬥的他，與救下的美女們陷入了修羅場。轉生者零曾經體驗過一次死亡，因此——他不想再死去。於是，他向神獲得了名為「無限再生」的轉生特典。然而，零轉生的世界卻是一個擁有能夠將人類身體徹底消滅的強大魔法的世界。面對這樣的情況，零思考著……「———那就讓我的身體變得不會被任何魔法完全消滅吧。」他用一種肌肉腦，簡單粗暴的方式來應對。然而，這個方法竟然奇蹟般地成為了最佳選擇……結果———因為過於活躍，反而被眾多美女追著不放,3,該書完全符合用戶的需求：包含異世界轉生、男主最強（龍傲天）、後宮、戰鬥元素以及典型的套路化劇情。且其設定為透過「無限再生」強行突破，符合用戶追求的「裝逼」與「中二」感，且沒有提到虐主傾向，是非常精準的推薦。
q16,"如題想看校園類型小說，不知道有無推薦
純現實的不要有奇幻元素，集數不多的佳",b825f43d-86f4-5784-b31a-7141c444a287,青春，少女們，不正常的戀愛物語,青梅素,22.0,連載,"校園, 青春, 戀愛, 百合, 青春日常, 華文輕小說",「戀愛，是相當魔幻的東西。」白夢是剛升入大學的大一新生，在網路上認識許久的男網友居然是接待自己的漂亮學姐。想要談一場甜甜的戀愛，但對方同樣是女生怎麼辦？還沒開始就要結束了嗎？除此之外，在學校加入了一個奇奇怪怪的社團——「戀愛魔法俱樂部」。他們好像真的有魔法，靈魂互換，隱身，失憶症，讀心術，情感相通，居然還能短暫地變成男孩子……關於一場發生在普通大學校園的不普通戀愛喜劇，就此展開。,1,使用者明確要求「純現實」且「不要有奇幻元素」，雖然該書符合校園設定，但內容包含魔法、靈魂互換、隱身等超自然元素，與使用者核心需求完全相反。
q16,"如題想看校園類型小說，不知道有無推薦
純現實的不要有奇幻元素，集數不多的佳",e4760006-0c16-5689-9e87-134eef2a9d92,四疊半宿舍，青春迷走,森見登美彥,14.7,完結,"科幻, 校園, 青春, 戀愛, 歡樂向, 角川文庫, 日本輕小說",我並非自呱呱墜地之初，就是這副慘樣啊！一定是哪裡走錯了！「我」是平凡無奇的大三生，曾肖想過上多采多姿的大學生活，但現實與妄想的距離卻遙遠無比——被損友小津拖著到處鬼混，沉溺在「印刷廠」優質的「代寫報告」服務，只能蜷縮在社團里黑暗的小角落，遲遲無法接近那位孤傲的黑髮學妹——明石。岌岌可危的悲慘大學生活，這不是我想像中的瑰麗人生啊！「我如果不認識你，一定能過得更充實。我會努力用功，和黑髮少女交往，盡情享受沒有半點缺陷的大學生活。」小津一如往常，露出形同妖怪的賊笑道：「這就是我的愛呀。」如果時光可以倒流，真想回去當個大一新鮮人！誤入四個平行世界，不斷輪迴，古怪詭異，夾雜一絲苦澀的青春故事。讓森見登美彥帶你一起探看宅男的青春妄想世界吧！,1,使用者明確要求「純現實」且「不要有奇幻元素」，但該書包含平行世界與輪迴設定，屬於科幻/奇幻類，違反了使用者的核心禁項，僅在「校園」設定上符合。
q17,"求推薦世界觀建構完整
主角很清楚當下該做甚麼
是不太希望主角輕鬆拿到一堆外掛這種的
然後也蠻喜歡主角大意、失誤或忘記重要信息導致危機感這種狀況發生
非戰鬥類主角也可以，感覺這類主角穿越的比較多?
但是如果是一個高中生通十八般武藝心理素質又特好的就不要",ee1586e1-8c51-5532-9699-eedccd36a73a,記錄的地平線,橙乃麻麻理,175.9,連載,"轉生, 奇幻, 戰鬥, 經營, 鬥智, 後宮, Fami通文庫, 日本輕小說",這裡是遊戲的世界嗎？抑或是——異世界!?3萬名日本玩家，受困於歷史悠久的在線遊戲——「幻境神話」的世界！與怪物的戰鬥、失去味道的食物、絕對不會死亡的際遇。直到昨天還只是遊戲的「劍與魔法之世界」，從今天起成為「現實世界」。在混亂的局勢之中，自負為獨行俠的城惠，即將與老友直繼以及美少女刺客曉，從廢墟城市「秋葉原」改革這個世界！,3,《記錄的地平線》具有極其詳盡且完整的世界觀建構（涉及社會、經濟、法律），且主角城惠是一位目標明確、擅長佈局的策略家，高度符合使用者對「世界觀完整」與「主角清楚該做什麼」的需求。主角的強大來自於知識與策略而非隨機外掛，且完全避開了使用者厭惡的「全能高中生」模板。雖然主角性格極其謹慎，較少出現因大意導致的失誤，但整體智鬥氛圍與對未知世界規則的探索與使用者需求高度契合。
q17,"求推薦世界觀建構完整
主角很清楚當下該做甚麼
是不太希望主角輕鬆拿到一堆外掛這種的
然後也蠻喜歡主角大意、失誤或忘記重要信息導致危機感這種狀況發生
非戰鬥類主角也可以，感覺這類主角穿越的比較多?
但是如果是一個高中生通十八般武藝心理素質又特好的就不要",6a3b1c0c-16ab-5b7a-9102-b4288e593d3c,羽月莉音的帝國,至道流星,155.7,完結,"冒險, 鬥智, 經營, 戰爭, 後宮, 小學館, 日本輕小說",美少女羽月莉音創建了革命社，最終目標是建國！男主角羽月巳繼被他的表姊羽月莉音強迫加入這個社團。莉音甚至把社團弄成一間公司。所有社員因為「創業初期的投資」，直接背負了三百萬元的債務，為了還債，革命社社員從拾荒到拍攝ＣＯＳＰＬＡＹ寫真集都要做，每天都得不眠不休地工作！革命社公司未來究竟會有什麼驚人的發展呢？一部描述社團變成大企業的的神奇故事，就此展開。,1,用戶尋求的是具有完整世界觀、主角會因失誤而產生危機感且非無敵的高中生設定。推薦的書籍雖然涉及經營與鬥智，但其核心是關於高中社團轉型為企業的輕小說，風格偏向喜劇與創業，缺乏用戶要求的深厚世界觀建構，且高中生社團的設定可能與用戶希望避開的「全能高中生」類別過於接近，整體氛圍與用戶要求的危機感不符。
q17,"求推薦世界觀建構完整
主角很清楚當下該做甚麼
是不太希望主角輕鬆拿到一堆外掛這種的
然後也蠻喜歡主角大意、失誤或忘記重要信息導致危機感這種狀況發生
非戰鬥類主角也可以，感覺這類主角穿越的比較多?
但是如果是一個高中生通十八般武藝心理素質又特好的就不要",09879f84-1198-5aae-a807-aa08ea5a3a16,KILLER QUEEN,FLAT,48.5,連載,"懸疑, 鬥智, 遊戲, 大逃殺, 獵奇, 其他文庫, 日本輕小說",被封閉的公館——黑暗的遊戲在那裡展開。被瘋狂所侵蝕的少女們的心。被封鎖的廢墟，被關押的13個玩家。內藏玄機的項圈。撲克牌圖案的PDA。如果不在72小時內，完成所派定的條件，項圈就會殺死佩戴者。能夠這麼簡單的接受這種非現實的狀況，是因為擺在眼前的，這曾是人類的物體吧。能從這噩夢中脫出的，究竟——歡迎來到這由13位玩家來進行的死亡遊戲……,2,該書屬於鬥智與死亡遊戲類，這類設定通常能提供使用者追求的「危機感」與「心理博弈」，且較少出現輕鬆獲得外掛的情況。雖然簡介未詳細說明主角是否符合「清楚該做什麼但會犯錯」的具體特質，但其類型與使用者對非戰鬥類、高壓環境的需求高度契合。
q17,"求推薦世界觀建構完整
主角很清楚當下該做甚麼
是不太希望主角輕鬆拿到一堆外掛這種的
然後也蠻喜歡主角大意、失誤或忘記重要信息導致危機感這種狀況發生
非戰鬥類主角也可以，感覺這類主角穿越的比較多?
但是如果是一個高中生通十八般武藝心理素質又特好的就不要",2e97a5a9-6979-527a-8f22-c92693ade283,金錢在敗者手中流轉,玖城ナギ,23.0,連載,"戰鬥, 遊戲, 鬥智, 後宮, 富士見文庫, 日本輕小說",為了爭奪視金額而定，連超自然現象都買得起的惡魔貨幣《魔石幣》，高中生失井敗斗埋首於『交易』之中。「若是主人所願，想做色色的事情也可以……」某天，敗斗透過『交易』贏得戰利品，成為『資產』──少女梅莉亞的所有者。奉行金錢至上主義的敗斗本想賣掉黏人的梅莉亞，不僅對她冷漠無情，還拿她進行以命相搏的『交易』，不過……當梅莉亞的秘密曝光，成為全世界的目標時──「讓人永遠不敢再對梅莉亞動歪腦筋的恐懼感，我買了。」註定敗北的少年，選擇與全世界為敵。榮獲第30回Fantasia大賞（富士見書房）大賞的新王道金錢之爭！,1,該書主角雖非單純的戰鬥型，但其設定為一名冷酷且在交易中佔優勢的高中生，這與用戶明確表示不希望看到「高中生且心理素質特好」的要求相衝突。此外，簡介中強調的是主角的掌控力與決定與世界為敵的強勢，而非用戶所追求的「因大意、失誤或遺忘信息而產生危機感」的人性化弱點，因此契合度較低。
q17,"求推薦世界觀建構完整
主角很清楚當下該做甚麼
是不太希望主角輕鬆拿到一堆外掛這種的
然後也蠻喜歡主角大意、失誤或忘記重要信息導致危機感這種狀況發生
非戰鬥類主角也可以，感覺這類主角穿越的比較多?
但是如果是一個高中生通十八般武藝心理素質又特好的就不要",dde11f91-2b1a-5ab5-b06b-a87e7dddf007,遊戲人生 NO GAME NO LIFE,榎宮佑,176.6,連載,"轉生, 遊戲, 鬥智, 冒險, 歡樂向, 妹妹, MF文庫J, 日本輕小說",空與白既是尼特族又是家裡蹲，但是在網路上卻是被奉為都市傳說的天才遊戲玩家兄妹。稱世界為「爛遊戲」的兩人，某一天被自稱是『神』的少年召喚至異世界，那是個戰爭為神所禁止，只能『用遊戲決定一切』的世界——沒錯，甚至連國界也是一樣。被其他種族逼至絕境，只剩下最後都市的『人類種』，空與白這兩個廢人兄妹能夠成為異世界的『人類救世主』嗎？『……來吧，開始遊戲吧。』,1,該書的世界觀建構完整且主角行動果決，符合部分需求。然而，用戶明確表示希望主角會因為『大意、失誤』而產生危機感，且不希望主角是『心理素質特好』的完美類型。而《遊戲人生》的主角空與白幾乎是無懈可擊的天才，極少犯錯且掌控全局，這與用戶希望看到的『不完美/有危機感』的主角特質相悖。
q17,"求推薦世界觀建構完整
主角很清楚當下該做甚麼
是不太希望主角輕鬆拿到一堆外掛這種的
然後也蠻喜歡主角大意、失誤或忘記重要信息導致危機感這種狀況發生
非戰鬥類主角也可以，感覺這類主角穿越的比較多?
但是如果是一個高中生通十八般武藝心理素質又特好的就不要",d3d3f00f-a162-5792-a03b-189a8f6bfb03,最強廢渣皇子暗中活躍於帝位之爭,タンバ,63.8,連載,"鬥智, 魔法, 冒險, 後宮, 青梅竹馬, 角川文庫, 日本輕小說",無能萎靡的皇子艾諾特聲望低落。他生活浪蕩，還被帝國上下看扁成「優點都被傑出的雙胞胎弟弟吸收殆盡的『廢渣皇子』」。然而，面臨皇子間的帝位之爭越趨激烈的危機，艾諾特終於決心拿出真本事。「我沒有打算成為皇帝，但是要我被斗垮而死於非命嘛，想都別想。」深藏已久的稀世才智發揮出謀略與談判術，再加上「操控古代禁忌魔法之頂尖SS級冒險者」的真正實力及其地位──掩飾真身於暗中活躍的廢渣皇子將運用一切，並帶著肯為他奉獻的舉國第一美姬，從幕後支配這場帝位之爭！,1,使用者明確表示不希望主角輕鬆擁有大量外掛，且反感『精通十八般武藝且心理素質極好』的完美主角。然而，推薦書籍的主角雖然表面是廢柴，實則擁有『SS級冒險者』實力、『禁忌魔法』以及『稀世才智』，屬於典型的隱藏強者/全能型主角，與使用者的避雷需求完全相反。
q17,"求推薦世界觀建構完整
主角很清楚當下該做甚麼
是不太希望主角輕鬆拿到一堆外掛這種的
然後也蠻喜歡主角大意、失誤或忘記重要信息導致危機感這種狀況發生
非戰鬥類主角也可以，感覺這類主角穿越的比較多?
但是如果是一個高中生通十八般武藝心理素質又特好的就不要",c9d187c2-de15-5a43-a95e-8c16af975110,異世界默示錄麥諾格拉 ～從毀滅文明開始征服世界～,鹿角フェフ,21.5,連載,"奇幻, 魔法, 轉生, 異世界, 戰爭, 黑暗, 經營, 其他文庫, 日本輕小說",轉生後，我竟然成了邪神。涵蓋探索（eXplore）、擴張（eXpand）、開發（eXploit）、殲滅（eXterminate）的4X系戰略級奇幻小說！因病早逝的年輕人伊良拓斗，轉生到了一個與他生前痴迷的戰略級奇幻模擬遊戲《Eternal Nations》相似的異世界。而且，他居然是以率領邪惡屬性文明「邁諾古拉」的邪神身份轉生的——。「拓斗大人……我們再次一起開始吧？」出現在他面前的嬌美少女——邁諾古拉的英雄單位「污泥魔女」阿圖如此說道。拓斗點頭應允，兩人共同的新國家邁諾古拉就此誕生。然而，邁諾古拉這個勢力卻有著「專註於內政，極其不擅長戰爭」的特點，與邪惡形象完全不符，甚至被玩家評價為「最難使用的超高級勢力」……！,2,這本書符合使用者對「完整世界觀」的要求（基於4X戰略遊戲設定），且主角作為頂尖玩家，非常清楚發展文明的目標與手段。此外，設定上選擇了「最難使用」且「不擅長戰爭」的勢力，避免了輕鬆獲得外掛直接無敵的套路，也避開了「全能高中生」的刻板印象。雖然簡介中未明確提到主角會因大意而造成危機，但其勢力的先天劣勢提供了足夠的緊張感與挑戰性。
q17,"求推薦世界觀建構完整
主角很清楚當下該做甚麼
是不太希望主角輕鬆拿到一堆外掛這種的
然後也蠻喜歡主角大意、失誤或忘記重要信息導致危機感這種狀況發生
非戰鬥類主角也可以，感覺這類主角穿越的比較多?
但是如果是一個高中生通十八般武藝心理素質又特好的就不要",85970638-a253-5f87-8e8e-5c954104cd43,在現代社會成為乙女遊戲的惡役千金有點不容易,二日市とふろう,113.9,連載,"轉生, 經營, 大小姐, 女性視角, syosetu, Web輕小說",轉生成以現代世界為背景的乙女遊戲中的惡役千金。不過，正因為是現代世界，惡役千金要過上悠閑生活更要花上萬分的努力，用上內政掛也會遭到來自日本近代史、現代經濟史以及全球經濟的衝擊。加油呀惡役千金！不要輸呀惡役千金！雖然太平洋戰爭戰敗收場、經濟泡沫爆破、金融危機來襲，但還是為了確切地過悠閑生活，把主人公和攻略對象放到一傍，自己投身於改變歷史和金錢戰爭的惡役千金桂華院瑠奈的奮鬥記。請注意本故事內容純屬虛構，如有類同實屬不幸(刪)巧合。,2,主角目標明確且為非戰鬥類的經營方向，符合用戶對非戰鬥主角及穿越設定的接受度。雖然故事提到有「內政掛」，但強調會受到歷史與經濟衝擊而必須奮鬥，並非單純輕鬆獲勝。然而，這仍與用戶「不希望主角輕鬆拿到外掛」的需求有所衝突，且簡介中未明確提到主角會因大意或失誤而產生危機感，因此屬於部分符合。
q17,"求推薦世界觀建構完整
主角很清楚當下該做甚麼
是不太希望主角輕鬆拿到一堆外掛這種的
然後也蠻喜歡主角大意、失誤或忘記重要信息導致危機感這種狀況發生
非戰鬥類主角也可以，感覺這類主角穿越的比較多?
但是如果是一個高中生通十八般武藝心理素質又特好的就不要",feaf9014-d86d-5739-a07b-4741a83ca567,公爵千金的本領,澪亞,97.2,完結,"轉生, 經營, 戀愛, 大小姐, 女性視角, 角川文庫, 日本輕小說",「這是乙女遊戲的結局場景？」我前世記憶復甦的時刻，正是反派角色的貴族千金（我）被壓在地板上，遭王子未婚夫解除婚約的場面……咦，現在的狀況已經來到對我而言是壞結局的場景了嗎？貴族千金艾莉絲——也就是我，好不容易從這個狀況脫身，並與身為公爵的父親交涉，最後父親將領地的管理交由我負責。活用前世的知識，從建立商會開始，為了設立銀行與學校而奔走的忙碌千金小姐的故事，在此開幕——,2,主角為非戰鬥類的經營型角色且目標明確，符合使用者對非戰鬥類主角及清楚目標的需求。然而，該作品核心在於利用前世知識（現代知識）來快速建立銀行與學校，這在一定程度上屬於使用者不希望看到的「外掛」。此外，故事基調傾向於順利地發展領地，較缺乏使用者強調的「因大意或失誤導致危機感」的情節。
q18,"我最近剛看了龍王的工作的小說
雖然不懂將棋，但覺得對局的刻劃很棒
能看到將棋解說
也會側面描寫一些職業棋士、女流棋士的差別和情況

最喜歡的部分是銀子挑戰獎勵會那邊
書裡描寫的女性棋士會被小看的部分
那種低人一等、逆境求生的感覺做得很真實(?不會形容，總之很有代入感
銀子加油，不要輸給將棋星人!

希望各位能分享一些好看的將棋小說!!",1b218491-974e-5958-8ca1-969f56db5ddd,逃離樂園島,土橋真二郎,23.2,完結,"懸疑, 異能, 戰鬥, 鬥智, 遊戲, 黑暗, 電擊文庫, 日本輕小說",高中生活的最後一個暑假。男女加起來共一百名學生們聚集在無人島上，以逃離無人島為目標相互競爭。這是校內遊戲社團「極限遊戲社」所舉辦的大規模活動。表面上這場遊戲是純粹娛樂性質的活動，但據說設有獎金……遊戲名稱為「Blitz」——而掌握了勝負關鍵的，是自己與搭檔的「價值」？另外，只發給女孩子們的神秘機器，又隱藏著什麼含意——？被極限遊戲社視為怪人，備受矚目的沖田瞬雖已最快速度看穿了這場遊戲的本質，但是……土橋真二郎獻上緊湊無比的最新「遊戲」小說，堂堂登場！,0,用戶明確要求推薦「將棋小說」，並強調對將棋對局刻劃及女性棋士在逆境中奮鬥的興趣。而推薦的書籍《逃離樂園島》是一部關於無人島生存遊戲的懸疑小說，與將棋完全無關。
q18,"我最近剛看了龍王的工作的小說
雖然不懂將棋，但覺得對局的刻劃很棒
能看到將棋解說
也會側面描寫一些職業棋士、女流棋士的差別和情況

最喜歡的部分是銀子挑戰獎勵會那邊
書裡描寫的女性棋士會被小看的部分
那種低人一等、逆境求生的感覺做得很真實(?不會形容，總之很有代入感
銀子加油，不要輸給將棋星人!

希望各位能分享一些好看的將棋小說!!",5a143f86-004a-50dd-b6f5-ed3b38bf6c06,紳士遊戲,赤城毅,13.5,完結,"鬥智, 犯罪, 復仇, 其他文庫, 日本輕小說",昭和六年，新手詐欺師．立見廣介為了入日本第一的傳說詐欺師門下當弟子，自上海返回東京。徹底騙過高級飯店櫃檯，因而入住的廣介，卻在此完全落入一對祖孫的圈套中。這兩人正是廣介在尋找的，傳說中的詐欺師──四條君隆與他的孫女．露。以見習之身加入門下的廣介，在要從某暴發戶手裡騙取鉅款的任務中被賦予重任……而在這陣漩渦內，廣介遇見了上海的『仇家』！直擊讀者五感的鬥智奇技！綻放鋒芒的全新詐欺遊戲小說，初次登場！,0,使用者明確要求推薦「將棋小說」，而推薦的書籍《紳士遊戲》是一部關於詐騙與犯罪的鬥智小說，內容與將棋完全無關，不符合使用者的核心需求。
q17,"求推薦世界觀建構完整
主角很清楚當下該做甚麼
是不太希望主角輕鬆拿到一堆外掛這種的
然後也蠻喜歡主角大意、失誤或忘記重要信息導致危機感這種狀況發生
非戰鬥類主角也可以，感覺這類主角穿越的比較多?
但是如果是一個高中生通十八般武藝心理素質又特好的就不要",8f6d7962-dbe3-5d77-9dec-d8707659c289,地牢防守,유헌화,186.9,完結,"穿越, 奇幻, 戰鬥, 異世界, other, 韓國輕小說",你知道這個世界是如何終結的嗎？成為英雄並且打倒72魔王。〈迷宮進攻〉，作為毫無疑問的最困難的策略類遊戲而聞名。我曾經作為「英雄」通關了這款遊戲，然而在回答了一個可疑的問答後，我發現我自己竟然身處於這個遊戲之中，並且成為了其中最弱的一個魔王，【但他林】。而我所能利用的，只有我雄辯的口才以及曾經作為英雄通關的記憶。為了作為但他林在這個世界裡存活下去，我誓要在這個世界掀起腥風血雨。,3,主角雖擁有遊戲通關記憶（清楚該做什麼），但身分是「最弱魔王」，必須依賴口才與謀略在極高壓的環境中生存，而非依賴強大的外掛，這非常符合使用者不希望主角輕鬆拿外掛的需求。此外，主角並非全能的戰鬥天才，且故事充滿危機感與權謀鬥爭，避開了使用者反感的「完美高中生」設定，與其核心意圖高度契合。
q20,本人喜歡偏重人物心理描寫、人物互動和角色變化的作品，較偏執在人物塑造和刻劃上。劇情不要求設計得有多精妙，不影響觀感就好，就算是平鋪直述的也行。節奏快慢無妨，掌握恰當即可。本人對於自己的閱讀能力還算有信心，文字量稍微過多也沒差。大忌是拿膚淺粗俗爛造的刻板僵化人物作為行銷點。,15a84b32-fba6-5458-99b3-e20d275be70d,八月的尾聲，宛如世界末日。,天澤夏月,8.9,完結,"輕文學, 青春, 戀愛, 電擊文庫, 日本輕小說",僅只40天的戀情。在高二那年夏天，終止於戀人之死。透過一本交換筆記，青年開始與「在世的女友」聯絡，送往過去的言語──青春小說旗手‧天澤夏月獻上的純愛故事我認真覺得，這輩子不會再這麼喜歡一個人了。一想起她的言行舉止、細微的表情變化、笑聲，以及髮絲散發的肥皂香味……我就變得呼吸困難，簡直像是碳酸跑進了肺裡頭一樣。成吾無法忘懷高中二年級夏天過世的女友。四年後，交換筆記的空白處竟出現她的筆跡……,3,使用者明確要求注重人物心理描寫、角色刻劃與互動，且對劇情複雜度要求不高。該書定位為「輕文學」，其簡介強調對逝去戀人細微表情、言行舉止的深刻懷念與心理掙扎，著重於情感的細膩捕捉而非複雜的劇情設計，高度符合使用者對人物塑造優先於劇情的偏好。
q20,本人喜歡偏重人物心理描寫、人物互動和角色變化的作品，較偏執在人物塑造和刻劃上。劇情不要求設計得有多精妙，不影響觀感就好，就算是平鋪直述的也行。節奏快慢無妨，掌握恰當即可。本人對於自己的閱讀能力還算有信心，文字量稍微過多也沒差。大忌是拿膚淺粗俗爛造的刻板僵化人物作為行銷點。,c38bdf24-ad5f-504c-9333-79dcf885ec6e,將愛拒於門外,葦舟ナツ,11.2,完結,"輕文學, 青春, 戀愛, 電擊文庫, 日本輕小說",★第23屆 電擊小說大獎 評審委員鼓勵獎！★孤獨的青年，突然出現的怪異女子，兩人深切且扭曲的「愛」的故事！「我有三個問題要問你。請問你有女朋友嗎？請問你抽煙嗎？最後一個問題，請問你——」那個下雪天，一名陌生女子突然問我這些問題。我和那個女人，大野千草結為夫妻。和千草共同生活的日子像場白日夢，讓我開始追憶起過去——和最厭惡的母親、唯一敞開心胸的好朋友、以及破壞我人生的「繭居族」哥哥共度的那段日子。這是無法愛上任何人的我，和你相遇之後，知曉「愛情」的故事。,3,使用者追求深層的人物心理刻劃、角色變化與互動，且不在意劇情複雜度。推薦書籍《將愛拒於門外》強調「深切且扭曲的愛」，涉及孤獨、家庭創傷及對愛情的重新定義，顯然側重於內心世界的探索與人物塑造，而非單純的套路劇情，與使用者需求高度契合。
q20,本人喜歡偏重人物心理描寫、人物互動和角色變化的作品，較偏執在人物塑造和刻劃上。劇情不要求設計得有多精妙，不影響觀感就好，就算是平鋪直述的也行。節奏快慢無妨，掌握恰當即可。本人對於自己的閱讀能力還算有信心，文字量稍微過多也沒差。大忌是拿膚淺粗俗爛造的刻板僵化人物作為行銷點。,c402c745-a7cb-5554-b575-54a09ace59f5,家庭教室,伊東歌詞太郎,13.4,完結,"輕文學, 校園, 青春, 黑暗, 其他文庫, 日本輕小說",課業、同儕、家庭、自我……懷抱著不同煩惱的少年們，和真誠以對的家庭教師。原本在補習班打工的大學生灰原巧，在學生父親的介紹下，開始擔任起家庭教師。造訪的家庭與指導的學生，各自懷抱著不同的煩惱，有的因家庭煩心，有的為課業苦惱，而有的孩子，獨自與巨大的苦痛搏鬥無人可訴說。而身為家庭教師的灰原，則始終以坦率真摯的態度，陪伴著他們……一個個看似獨立的故事，交織出令人動容的結局。,3,該作品定位為輕文學，核心在於探討少年們面對家庭、課業與自我的內心掙扎，以及與家庭教師之間的互動與成長。這與使用者追求的「人物心理描寫」、「人物互動」以及「角色塑造」高度契合。此外，其敘事風格傾向於真摯地處理人性煩惱，而非依賴膚淺的刻板印象，符合使用者的核心需求。
q21,"最近剛看完三角距離無限為零
雖然胃在痛不過還是很喜歡三角戀這個要素
有人可以推薦一下類似的作品嗎?
當然不一定要三角戀 更多也行 只是想看這種描述男女主如何在戀愛中痛苦掙扎的小說
有糖更好 因為之後胃會更痛",44b0afa1-9ca7-5e29-8d53-009e4b20a6a7,戀愛選擇題！,老佛爺,5.7,連載,"校園, 戀愛, 後宮, 青春日常, 華文輕小說",國家分配法定伴侶的時代，社恐宅男的我竟被系統匹配上全校萬眾矚目的超級大小姐！這份匹配結果無論怎麼看都是錯誤的吧！本就是兩個世界的人，偏又各有心儀 —— 我守著暗戀三年的溫柔白月光，她心系完美耀眼的校園王子，一場由法定契約強行牽扯的修羅場，就此拉開序幕。為了順利解綁、各自奔赴心上人，我們倆結成秘密戀愛同盟！,3,推薦作品具備多角關係（修羅場）以及角色在心儀之人與法定伴侶之間掙扎的衝突設定，完全符合使用者對「三角戀（或更多）」以及「在戀愛中痛苦掙扎」的核心需求。
q21,"最近剛看完三角距離無限為零
雖然胃在痛不過還是很喜歡三角戀這個要素
有人可以推薦一下類似的作品嗎?
當然不一定要三角戀 更多也行 只是想看這種描述男女主如何在戀愛中痛苦掙扎的小說
有糖更好 因為之後胃會更痛",935bd3c1-b115-583b-9d12-72983a63058a,這種酸我是第一次嘗到,bibi,16.3,連載,"校園, 青春, 戀愛, 青春日常, 華文輕小說",這段故事要說的是我和她和她平凡的相遇，他和她們扭曲的人際關係，我和她錯綜複雜的愛情，在此刻開始了。,3,用戶希望尋找類似《三角距離無限為零》的作品，核心需求是「三角戀（或多角關係）」以及「在戀愛中痛苦掙扎」的情感描述。推薦書籍的簡介明確提到「扭曲的人際關係」與「錯綜複雜的愛情」，且標題中的「酸」暗示了嫉妒與苦澀的情感，高度符合用戶對複雜情感關係與虐心氛圍的需求。
q21,"最近剛看完三角距離無限為零
雖然胃在痛不過還是很喜歡三角戀這個要素
有人可以推薦一下類似的作品嗎?
當然不一定要三角戀 更多也行 只是想看這種描述男女主如何在戀愛中痛苦掙扎的小說
有糖更好 因為之後胃會更痛",1e2e5f01-f2f5-5241-9c4b-81cb6a9e90b6,三角的距離無限趨近零,岬鷺宮,75.7,完結,"校園, 青春, 戀愛, 電擊文庫, 日本輕小說",在別人面前，我總是扮演著「虛假的自己」。而讓這樣的我墜入愛河的對象，正是無論何時都貫徹自我的文靜轉學生──水瀨秋玻。然而，她體內還住著另一個人，那就是生性溫柔卻有些脫線的少女──水瀨春珂。我協助春珂在校園生活中順利扮演秋玻，並請她幫我追秋玻作為交換條件。然而，在知曉她們秘密的過程中，我也莫名地逐漸跟著扭曲─我們之間曖昧不明的距離不斷地無限趨近於零。,0,用戶明確表示剛看完這本書並在尋找『類似的作品』，而推薦系統卻推薦了同一本書，完全無法滿足用戶尋找新作品的需求。
q21,"最近剛看完三角距離無限為零
雖然胃在痛不過還是很喜歡三角戀這個要素
有人可以推薦一下類似的作品嗎?
當然不一定要三角戀 更多也行 只是想看這種描述男女主如何在戀愛中痛苦掙扎的小說
有糖更好 因為之後胃會更痛",45ada104-dd5a-53bd-9fd8-1f743f225297,把洗髮精放在喜歡與討厭之間,瀨那和章,9.1,完結,"青春, 戀愛, 群像, 女性視角, 電擊文庫, 日本輕小說",★生活於神戶的三姊妹，她們各自的戀愛物語。戀愛總是趁我們不注意時把心帶走──七年前，年紀比我小的男生向我告白。我們持續著手也無法讓他牽的戀人關係，而我又喜歡上另一個人──（把洗髮精放在喜歡與討厭之間）。以神戶為故事背景，共同生活的三姊妹各自戀情的開始、現在與結束。透過三則短篇故事描寫度過同樣時光的三人戀情，組成一段揪心卻溫柔的愛情物語。戀愛總是趁我們不注意時，若無其事地把心帶走。,3,推薦作品明確包含三角戀要素（喜歡上另一個人但已有戀人），且描述為「揪心卻溫柔」的愛情物語，符合使用者尋找三角戀以及在戀愛中掙扎、痛苦等情感描寫的需求。
q21,"最近剛看完三角距離無限為零
雖然胃在痛不過還是很喜歡三角戀這個要素
有人可以推薦一下類似的作品嗎?
當然不一定要三角戀 更多也行 只是想看這種描述男女主如何在戀愛中痛苦掙扎的小說
有糖更好 因為之後胃會更痛",b8b2cf17-a148-5175-920f-f15a47182319,透過機器人與你相戀,山田悠介,9.4,完結,"科幻, 戀愛, NTR, 人外, 其他文庫, 日本輕小說",有些界線，一旦跨過了，世界就此開始崩毀。2060年，東京即將迎來第三次奧運。在這個機器人普及的時代，政府秘密使用著警備機器人維護社會秩序與安全。從小就有英雄夢的阿健獲得一項秘密任務──操作外型、談吐完全與真人無異的機器人，保護心愛的小咲任職的運動用品公司。只不過比起任務，對阿健來說不讓青梅竹馬小咲受到傷害，才是眼下最重要的事情。但小咲的心，不知不覺卻被另一個身影填滿──小翼，阿健操作的警備機器人。這是命運開的玩笑？還是任由情感放肆的作繭自縛？好多次阿健都想向小咲坦白，卻只能透過機器人傾訴愛戀，並默默偷聽著小咲對小翼表露心事。最後，為了保護心愛的人，他不再隱身於機器人身後。這個決定，就像打開了一扇不能開啟的門，讓命運的齒輪開始瘋狂轉動……這場「三角戀」能開花結果嗎？,3,用戶明確尋找包含「三角戀」且具有「戀愛中痛苦掙扎」要素的作品。推薦書籍的情節描述了一個典型的錯位三角關係（男主透過機器人與女主相戀，且必須忍受女主對機器人表白而自己卻無法坦白），完全符合用戶對情感折磨與心理掙扎的需求，且明確標註為三角戀，匹配度極高。
q21,"最近剛看完三角距離無限為零
雖然胃在痛不過還是很喜歡三角戀這個要素
有人可以推薦一下類似的作品嗎?
當然不一定要三角戀 更多也行 只是想看這種描述男女主如何在戀愛中痛苦掙扎的小說
有糖更好 因為之後胃會更痛",b825f43d-86f4-5784-b31a-7141c444a287,青春，少女們，不正常的戀愛物語,青梅素,22.0,連載,"校園, 青春, 戀愛, 百合, 青春日常, 華文輕小說",「戀愛，是相當魔幻的東西。」白夢是剛升入大學的大一新生，在網路上認識許久的男網友居然是接待自己的漂亮學姐。想要談一場甜甜的戀愛，但對方同樣是女生怎麼辦？還沒開始就要結束了嗎？除此之外，在學校加入了一個奇奇怪怪的社團——「戀愛魔法俱樂部」。他們好像真的有魔法，靈魂互換，隱身，失憶症，讀心術，情感相通，居然還能短暫地變成男孩子……關於一場發生在普通大學校園的不普通戀愛喜劇，就此展開。,1,用戶明確要求的是具有「三角戀」要素且充滿「情感掙扎」、「胃痛（虐心）」的戀愛作品。而推薦的作品是一部帶有奇幻元素的百合戀愛喜劇（Comedy），其基調與用戶追求的痛苦、掙扎感完全相反，僅在「戀愛」這一廣義主題上有表面關聯。
q21,"最近剛看完三角距離無限為零
雖然胃在痛不過還是很喜歡三角戀這個要素
有人可以推薦一下類似的作品嗎?
當然不一定要三角戀 更多也行 只是想看這種描述男女主如何在戀愛中痛苦掙扎的小說
有糖更好 因為之後胃會更痛",b93357d7-dd34-5036-a892-676b4a127e4d,被百合夾擊的女子有罪嗎？,みかみてれん,7.4,完結,"青春, 戀愛, 百合, 女性視角, 電擊文庫, 日本輕小說",「等等，對方也是……女生嗎？」楓是一名學過怎麼擄獲異性的女高中生（尚無實戰經驗）。展露技巧的時刻終於到來，她奉命參加一場戀愛對決，先得到目標對象的心就能贏得勝利。而對手是和她有著不解之緣的兒時玩伴火凜。「我怎麼樣都比楓強。」人生第一場「美人計競賽」正要展開時，楓得知了一項驚人的事實。目標名叫朝川茉優（二十三歲）。竟然是個女性。「妳們喜歡我嗎……咦？（開心）」可是茉優之前的人生充滿不幸，心靈脆弱不堪，因而渾身都是弱點──被捲入對決中的普通人以及兩名專業的美少女，三人三樣情的戀愛劇就此展開！,1,使用者明確尋找類似《三角距離無限為零》那種令人「胃痛」、充滿痛苦掙扎的男女戀愛關係。推薦的作品雖然符合「三角關係」且包含情感掙扎，但屬於百合（GL）題材，且基調偏向輕小說的戀愛劇，與使用者提到的「男女主」設定以及深沉的虐心程度有較大差異，僅在結構上有表面相似之處。
q21,"最近剛看完三角距離無限為零
雖然胃在痛不過還是很喜歡三角戀這個要素
有人可以推薦一下類似的作品嗎?
當然不一定要三角戀 更多也行 只是想看這種描述男女主如何在戀愛中痛苦掙扎的小說
有糖更好 因為之後胃會更痛",3d795205-4c93-5967-846d-aca03ff0fc10,想要確定真命天女之前，可以先拿我試試哦。,有丈ほえる,21.8,連載,"校園, 青春, 戀愛, 後宮, 歡樂向, GA文庫, 日本輕小說",越是差勁，就越是心情愉悅。「最心愛的人未必是初戀吧？」甜蜜且禁忌的慾望交織，最危險的青春物語即將上演——戀愛真人秀節目『我們的季節』。來自全國各地的俊男美女高中生齊聚一堂，度過甜蜜青澀的青春時光。這裡是所有十幾歲少年少女都憧憬著的青春樂園——至少表面上是這樣。而節目的真相，卻是為了進軍演藝圈，將青春作為籌碼的虛假學院。蒼志原本也打算按照劇本，度過平淡無奇的青春……「我決定了——要在我節里，找到真正的戀人」為了實現初戀而來的可憐。根據劇本註定要成為戀人的愛瑪。以及和他保持著秘密關係的明日香。在鏡頭前，他們演繹著純真爛漫的青春，而背後，卻交錯著不能公開的禁忌關係，將彼此拖入慾望的深淵。現在，最危險的青春物語即將上演。,2,用戶明確尋找具有「痛苦掙扎」、「胃痛」感且涉及三角戀或多角關係的作品。推薦書籍雖然包含後宮、秘密關係及禁忌要素，符合多角關係的設定，且劇情涉及虛假演出與真實感情的衝突，具備一定的掙扎空間，但標籤中包含「歡樂向」，可能在情感沉重的程度上不如用戶所要求的那樣深刻，因此給予 2 分。
q21,"最近剛看完三角距離無限為零
雖然胃在痛不過還是很喜歡三角戀這個要素
有人可以推薦一下類似的作品嗎?
當然不一定要三角戀 更多也行 只是想看這種描述男女主如何在戀愛中痛苦掙扎的小說
有糖更好 因為之後胃會更痛",79f55888-8530-5c02-87c5-175a0143e71a,被詛咒的純愛,二丸修一,15.1,連載,"校園, 青春, 戀愛, 後宮, 電擊文庫, 日本輕小說",出現在喪失記憶的湖西回面前的，是清純樸素的美少女丹澤白雪。「──我和小回是戀人。」白雪說著紅了臉，吻了一下回的臉頰。第二天，具有魔性魅力的美少女，才川魔子出現，情緒激動。「真的失憶了──我不能原諒。」她突然奪走回的嘴唇，說道。「──因為我才是真正的戀人。不過你不能告訴白雪。我們間的關係是秘密。」回的腦海中閃過魔子的那句話:「我只剩下你這個共犯了。」不知道什麼是真相的回，接受了秘密的三角關係……與同時也是摯友的她們之間的純愛，隨著記憶復甦，化為詛咒逐漸腐朽。,3,推薦書籍明確包含三角關係，且劇情描述中提到「純愛化為詛咒逐漸腐朽」，精準契合用戶尋找的「戀愛中痛苦掙扎」以及「胃痛」的要素，是非常理想的推薦。
q23,"最近不知道要看什麼，想請大家推薦一些好看的作品

裝逼開掛類的
黑暗懸疑的
或是一些風格冷門的都還算喜歡
只有一個大前提，不要後宮，不要賣肉（好像變2個大前提了？
不喜歡那種明明男主沒幹什麼但每個女角都喜歡他，非得要的話2個是極限，而且劇情希望能別注重在他們愛來愛去互刷好感度卻又不決定人選的地方，如果是冒險類作品增加同伴的時候，可以的話別清一色都女的偶而也增加點男性同伴也好（都女的最後8成都變後宮
再來不要硬賣一些福利，例如某漫畫的黎斗摔，或者是洗澡時剛好開門，或者是組個樂團為了討老師歡心換了泳裝演奏……這種的不太能接受

喜歡偏向下剋上（不管是強者因未知原因被分到弱組還是靠努力爬上來把上位者打趴的都喜歡）
描寫內心戲多的（黑掉壞掉，或是溫馨感動的都喜歡）
不好意思這麼麻煩…因為總感覺現在大眾向的作品，開掛後宮福利都會有，希望能找到一些後宮福利少點的",46e12a41-dd36-501e-9bf6-8c87d9de3d39,沙漠薔薇,飛鳥部勝則,10.7,完結,"校園, 懸疑, 黑暗, 獵奇, 百合, 女性視角, 其他文庫, 日本輕小說",學校的女王竹中真利子被發現死在一棟破舊的西式建築里，而她的頭也神秘失蹤！她的同學奧本美奈和發現屍體的畫家明石尚子一起，對這起案件進行了深入研究！一個瘋狂的雕塑家搬進了西式住宅，一個自稱是偵探的神秘人——系列可疑的人物開始出現……鯰川獎得主編織的一個魔鬼般的美麗、迷惑和悲傷的推理故事。,3,該作品完全符合使用者要求的「黑暗懸疑」與「冷門風格」標籤，且由於是女性視角且主打推理懸疑，完全避開了使用者最反感的「後宮」與「賣肉福利」情節。雖然沒有明顯的開掛或下剋上元素，但滿足了使用者對氛圍的核心需求。
q23,"最近不知道要看什麼，想請大家推薦一些好看的作品

裝逼開掛類的
黑暗懸疑的
或是一些風格冷門的都還算喜歡
只有一個大前提，不要後宮，不要賣肉（好像變2個大前提了？
不喜歡那種明明男主沒幹什麼但每個女角都喜歡他，非得要的話2個是極限，而且劇情希望能別注重在他們愛來愛去互刷好感度卻又不決定人選的地方，如果是冒險類作品增加同伴的時候，可以的話別清一色都女的偶而也增加點男性同伴也好（都女的最後8成都變後宮
再來不要硬賣一些福利，例如某漫畫的黎斗摔，或者是洗澡時剛好開門，或者是組個樂團為了討老師歡心換了泳裝演奏……這種的不太能接受

喜歡偏向下剋上（不管是強者因未知原因被分到弱組還是靠努力爬上來把上位者打趴的都喜歡）
描寫內心戲多的（黑掉壞掉，或是溫馨感動的都喜歡）
不好意思這麼麻煩…因為總感覺現在大眾向的作品，開掛後宮福利都會有，希望能找到一些後宮福利少點的",a271c667-6fff-5c85-8a74-425942f87de9,黑佛,殊能將之,8.6,完結,"懸疑, 黑暗, 其他文庫, 日本輕小說",圍繞著9世紀天台僧——圓載——所遺留下的唐代秘寶之謎，以及在一間未留下任何指紋的密室中發現的無名屍體。看似毫無關聯的兩起事件，其間究竟隱藏著怎樣的聯繫？正值日本大賽熱潮的福岡，在其背後暗中蠢動著兩股神秘勢力。面對這錯綜複雜、離奇至極的案件，名偵探——石動戱作（いするぎ ぎさく）——能否揭開真相？一部引發巨大爭議、前所未有、以超凡技巧編織的驚異之作。,3,用戶明確要求『黑暗懸疑』且強烈排斥『後宮』與『賣肉福利』。該推薦書籍《黑佛》標記為懸疑與黑暗，內容聚焦於密室殺人與歷史謎團的偵探推理，完全避開了用戶厭惡的後宮及低俗福利套路，高度符合用戶的核心需求。
q23,"最近不知道要看什麼，想請大家推薦一些好看的作品

裝逼開掛類的
黑暗懸疑的
或是一些風格冷門的都還算喜歡
只有一個大前提，不要後宮，不要賣肉（好像變2個大前提了？
不喜歡那種明明男主沒幹什麼但每個女角都喜歡他，非得要的話2個是極限，而且劇情希望能別注重在他們愛來愛去互刷好感度卻又不決定人選的地方，如果是冒險類作品增加同伴的時候，可以的話別清一色都女的偶而也增加點男性同伴也好（都女的最後8成都變後宮
再來不要硬賣一些福利，例如某漫畫的黎斗摔，或者是洗澡時剛好開門，或者是組個樂團為了討老師歡心換了泳裝演奏……這種的不太能接受

喜歡偏向下剋上（不管是強者因未知原因被分到弱組還是靠努力爬上來把上位者打趴的都喜歡）
描寫內心戲多的（黑掉壞掉，或是溫馨感動的都喜歡）
不好意思這麼麻煩…因為總感覺現在大眾向的作品，開掛後宮福利都會有，希望能找到一些後宮福利少點的",c5cff50d-6c87-5617-a441-097f59f2c428,我和你有致命的認知差異,赤月驅矢,11.4,完結,"校園, 懸疑, 黑暗, 小學館, 日本輕小說",海里克也在保健室醒來。「我怎麼會在這裡？」根據校醫鏡司所言，似乎是從階梯跌落導致昏迷……但他自己完全不記得。克也在十歲時發生重大事故，失去雙親和記憶，只記得最近幾年的事。司提出的疑問「你會看見不該看見的東西嗎？」令克也在意不已。倒卧在販賣機旁的少女模樣；突如其來譴責克也的詛咒信；以及少女死亡的影像和奪走其性命的手指觸感。這些都是幻覺嗎？還是──★第五屆小學館輕小說大賞優秀賞得獎作！,3,作品標籤與簡介明確指向「黑暗」與「懸疑」，且劇情涉及記憶缺失、認知差異與死亡等沉重話題，完全符合使用者對黑暗懸疑、冷門風格及內心戲描寫的需求。同時，該作品為文學獎得獎作，風格傾向於心理驚悚，無任何後宮或賣肉跡象，滿足使用者最核心的禁忌條件。
q23,"最近不知道要看什麼，想請大家推薦一些好看的作品

裝逼開掛類的
黑暗懸疑的
或是一些風格冷門的都還算喜歡
只有一個大前提，不要後宮，不要賣肉（好像變2個大前提了？
不喜歡那種明明男主沒幹什麼但每個女角都喜歡他，非得要的話2個是極限，而且劇情希望能別注重在他們愛來愛去互刷好感度卻又不決定人選的地方，如果是冒險類作品增加同伴的時候，可以的話別清一色都女的偶而也增加點男性同伴也好（都女的最後8成都變後宮
再來不要硬賣一些福利，例如某漫畫的黎斗摔，或者是洗澡時剛好開門，或者是組個樂團為了討老師歡心換了泳裝演奏……這種的不太能接受

喜歡偏向下剋上（不管是強者因未知原因被分到弱組還是靠努力爬上來把上位者打趴的都喜歡）
描寫內心戲多的（黑掉壞掉，或是溫馨感動的都喜歡）
不好意思這麼麻煩…因為總感覺現在大眾向的作品，開掛後宮福利都會有，希望能找到一些後宮福利少點的",41f473be-1398-5bd7-88ca-7283b69d6942,微風行過我們的髮絲,彌生小夜子,10.6,完結,"青春, 黑暗, 懸疑, 耽美, 電擊文庫, 日本輕小說",若林悠紀在偵探社任職，凈做些找貓、抓外遇等上不了檯面的工作，直到姨丈在公園慘遭絞殺，阿姨提出委託「請證明我們的養子志史不是兇手。」言下之意，不是要洗刷罪名，而是認定養子就是弒父兇手，這令悠紀一驚，但阿姨淡淡表達：那孩子應該憎恨我們。悠紀當過志史的國中家教，只記得少年性情淡泊。他展開調查，卻印證志史的不在場證明無比牢固；一起流浪漢墜樓意外，更是徹底洗刷志史的嫌疑──在流浪漢身上，找到姨丈死前留下的痕迹。悠紀至阿姨家回報結果，案件落幕，卻瞥見志史身影。已經長成青年的志史不復少年纖細輪廓，居高臨下站在樓梯頂端，烙印在悠紀眼中。志史在笑，嘴唇彎成一抹新月，無聲無息地揚起了笑意。悠紀困惑不解，追查之後，彷彿被大浪沖回岸邊的船難遺骸，多起事件浮出水面──火燒、溺水、墜樓、絞殺。為什麼青年身旁有這麼多死亡？悠紀踏進了謎團的迷宮……盡頭卻吹來一陣載著光的微風，風的彼端，藏著什麼真相？,3,該書完美符合用戶對「黑暗懸疑」的需求，且完全避開了用戶極力排斥的「後宮」、「賣肉」及「無腦好感度」等大眾向輕小說套路。作為一部耽美懸疑作品，其風格較為冷門，且劇情著重於對真相的追尋與人物關係的心理挖掘，符合用戶對內心戲及非主流風格的偏好。
q24,"要求有點難找
希望推薦""戰爭+戀愛""要素的輕小說,不是戰""鬥""是戰""爭""
要完結了的,GOOD ENDING最好",bc60d08a-db83-52c3-91c5-2c822258fd8b,皇帝聖印戰記,水野良,99.3,完結,"奇幻, 魔法, 戰爭, 戀愛, 角川文庫, 日本輕小說",渾沌支配了大陸──人民畏懼著各種災害。君王們手持著平息渾沌的〈聖印〉守護百姓。然而隨著歲月流逝，君王們逐漸忘卻了「守護蒼生」的理念，為了爭奪彼此的聖印和領地，掀起了一波又一波的戰爭……魔法師希露卡唾棄毫無風骨的各地君王，而浪跡天涯的騎士提歐則是為了解放受苛政所苦的家鄉修練武藝。「我願與騎士提歐的聖印締結契約，誓言忠誠直至永恆。」日本奇幻大師水野良的史詩級奇幻戰記，就此揭幕！,3,該書明確包含「戰爭」與「戀愛」要素，且劇情涉及領地爭奪與解放家鄉等大規模軍事衝突，符合使用者強調的「戰爭」而非單純「戰鬥」的特定需求。
q24,"要求有點難找
希望推薦""戰爭+戀愛""要素的輕小說,不是戰""鬥""是戰""爭""
要完結了的,GOOD ENDING最好",d1bcb1ff-39b5-5515-b308-d83e95764395,罪人與龍共舞,淺井ラボ,553.8,完結,"奇幻, 戰爭, 黑暗, 戀愛, NTR, 小學館, 日本輕小說",咒式與謀略、愛以及因愛而生的背叛──所謂的咒式，乃操作作用子定數h，讓物理法則發生局部變化，產生TNT炸藥與毒氣，並引發電漿與核融合之類強烈物理現象的方程式。兩名使用咒式的進攻型咒式士--想擺脫惡運纏身的嘉優斯，以及殘酷的俊美劍士吉吉那。追尋「異貌者」和賞金通緝要犯的兩人，被捲入艾理達那上「龍」的戰爭以及大國的陰謀中……,3,該作品明確包含「戰爭」與「戀愛」要素，且劇情涉及大國陰謀與大規模衝突，符合使用者強調的「戰爭」而非僅是個人「戰鬥」的需求。
q24,"要求有點難找
希望推薦""戰爭+戀愛""要素的輕小說,不是戰""鬥""是戰""爭""
要完結了的,GOOD ENDING最好",edca3867-7de1-5835-beee-9f78de9f0da9,魔法戰爭,鈴木央,125.4,完結,"校園, 魔法, 戰爭, 後宮, 青梅竹馬, MF文庫J, 日本輕小說",少年少女的相遇，揭開魔法戰爭……七瀨武是個有著灰暗過去的平梵谷中生，周遭對他的評價是：說好聽一點是循規蹈矩，說難聽一點是死板抑鬱。他和青梅竹馬五十島胡桃，因為某種緣故而假扮情侶，除此之外，過得是平凡無奇的生活。然而，某一天，武在校內發現一名身穿陌生制服的少女——斗目羽六倒在地上。與她的邂逅，大大撼動並改變了武的命運。「我是魔法師。對不起……是我害你變成魔法師。」無數的精神在一分為二的世界之中交錯！現代本格魔法動作小說開幕！,1,用戶明確強調需要的是「戰爭」而非單純的「戰鬥」，且希望有戀愛要素。推薦的書籍雖然標題和標籤包含「戰爭」，但從內容介紹來看，這是一部校園背景的魔法動作小說，側重於個體之間的戰鬥與校園生活，而非大規模的戰爭衝突，完全不符合用戶對「戰爭」定義的特殊要求。
q1,"現在對於小說的要求越來越高了，
而且慢慢的發現現在除了狗糧基本上都看不進去，
連以很喜歡的異世界主題都看不進去了，
好想念從前那個什麼都可以看得很快樂的自己

說回主題，希望可以找到沒看過的狗糧系小說，
可以接受小刀，但一定要無黃毛無牛頭人，
但背景自帶沈重的例如「戀愛光譜」「刮鬍」這一類的也不喜歡，
黨爭就...看情況吧但其實我也一般般",ac2a1465-00d4-56e6-8001-8072a6d80edf,如果這就是『愛』，誰能告訴我『喜歡』的定義是什麼？,北條連理,10.9,連載,"校園, 青春, 戀愛, 歡樂向, 其他文庫, 日本輕小說",內心複雜且性格孤僻的大學生寺田悠有一段難以忘懷的過去。某個寒冬的夜晚，他懷著孤獨的心緒走在回去的路上，在公園遇見的心機可愛的人氣學妹·藤宮光莉向他尋求幫助，他讓她在家裡住了一晚。那天之後，隨著光莉的頻繁來訪，自己有了一段溫馨的日常生活。這奇妙的關係會安穩地維持下去——本以為會是這樣。「悠學長，我喜歡你。」兩人的視線交織在一起，距離漸漸拉近。腦海中響起了某人的話語。《普通》來講，這個時候會接吻。如果做不到，那麼這戀情便是《虛假》的。即便如此——「對不起，藤宮。我一定是無法談《普通》的戀愛。」OVERLAP文庫大賞史上，最笨拙又令人焦急的戀愛故事，在此開幕。,3,用戶尋找的是「狗糧系」（甜寵/戀愛）小說，明確要求無NTR（黃毛/牛頭人）且不喜歡背景過於沉重的作品。推薦書籍為校園青春戀愛向，標籤包含「歡樂向」，劇情聚焦於笨拙但溫馨的戀愛發展，符合用戶對甜度及氛圍的需求，且無违禁元素。
q2,"不好意思,最近異世界需求大了,很想看異世界的故事不一定要轉生類但劍與魔法是必需的.. 已有蜘蛛子了,目前在找一些已經有結局的異世界小說 原本想看哥布林殺手的但是還沒完結啊.....超不想看到一半被中斷了 至少至少...像刀劍那種完了SAO篇再換ALO的方式我還可以接受 請問還有什麼戰鬥類已完結的異世界小說可以推介呢?",4ef32a9b-32a4-58d9-9287-3a2b63e3f5b7,被流放的我憑藉廢柴技能『王位繼承權』成為最強掛逼國王 ～異世界的公主們為當我的臣下對我展開猛烈攻勢～,千月さかき,32.8,完結,"奇幻, 異世界, 冒險, 戰鬥, 後宮, 歡樂向, syosetu, Web輕小說",主人公綾垣航也被召喚到了異世界。那是一個被強大的王家憑藉只有他們才能操縱的魔法道具所支配的世界。被召喚的航也獲得的技能是『王位繼承權』——一項『被視作擁有所有王位繼承權』的作弊技能。得知自己是『擁有王位繼承權的異世界人』後，航也決心逃離王宮。航也的目標，是建立一個能讓自己安身立命的容身之所。離開王宮重獲自由的他，為了實現目標，開始用『王位繼承權』技能操控王家的魔法道具。在拯救民眾、使土地豐饒的過程中，古老的王位也出現在了航也面前。擁有能繼承所有王位的技能的航也，就此活用技能與王位，展開了建國大業。,3,推薦書籍完全符合用戶要求的「異世界」、「劍與魔法」以及「戰鬥」等核心元素。雖然用戶在查詢中強調希望尋找已完結的作品，但根據評分準則，需忽略狀態（完結與否）等硬性限制，僅就語義和類型相關性評分。該書的設定與用戶對異世界戰鬥類故事的興趣高度契合。
q2,"不好意思,最近異世界需求大了,很想看異世界的故事不一定要轉生類但劍與魔法是必需的.. 已有蜘蛛子了,目前在找一些已經有結局的異世界小說 原本想看哥布林殺手的但是還沒完結啊.....超不想看到一半被中斷了 至少至少...像刀劍那種完了SAO篇再換ALO的方式我還可以接受 請問還有什麼戰鬥類已完結的異世界小說可以推介呢?",4f48119c-d1a4-5249-9837-a00462b51a26,童話魔法使,松智洋,48.5,完結,"奇幻, 魔法, 戰鬥, 百合, 女性視角, 集英社, 日本輕小說",少女們的相遇將會誕生魔法。鍵村葉月是個喜愛童話，容易過度妄想的正統派少女。與新的家人也是感情不甚融洽，只能過著逃進童話世界的日子。而在這種生活的某天放學後，葉月遇見了土御門靜，並且由圖書館書架迷途闖進不可思議的學校。那是收藏自全世界的童話故事誕生的魔法書「原書」，以及被選上的少女「原書使者見習生（Maedchen）」學習的魔法學校，而葉月也被告知自己被「仙履奇緣」的原書選上。為了成為真正的魔法師。為了與靜成為朋友。葉月的魔法學校生活就此展開。由童話與少女們的願望交織而成，全新魔法少女奇幻故事揭幕！,1,使用者明確要求必須包含「劍與魔法」且為「異世界」的戰鬥類小說。雖然推薦書籍包含魔法與戰鬥元素，但其設定為基於童話的「魔法少女」奇幻故事，而非典型的劍與魔法異世界世界觀，且缺乏「劍」的元素，與使用者的核心需求不符。
q2,"不好意思,最近異世界需求大了,很想看異世界的故事不一定要轉生類但劍與魔法是必需的.. 已有蜘蛛子了,目前在找一些已經有結局的異世界小說 原本想看哥布林殺手的但是還沒完結啊.....超不想看到一半被中斷了 至少至少...像刀劍那種完了SAO篇再換ALO的方式我還可以接受 請問還有什麼戰鬥類已完結的異世界小說可以推介呢?",160bcdb8-c586-5542-a702-acde699d4231,魔法戰士李維 法蘭姆之劍,水野良,53.1,完結,"奇幻, 魔法, 戰鬥, 冒險, 歡樂向, 後宮, 富士見文庫, 日本輕小說",魔精靈阿頓終於復甦。它緩慢地穿越死亡沙漠。在亞歷克拉斯特大陸崩潰的倒計時開始時，里烏伊帶著家書抵達了奧蘭……。在與奧蘭國王會面後，里烏伊說道——。,3,該書屬於典型的奇幻設定，包含了使用者明確要求的「劍與魔法」以及「戰鬥」元素，完全符合使用者對故事類型的核心需求。
q2,"不好意思,最近異世界需求大了,很想看異世界的故事不一定要轉生類但劍與魔法是必需的.. 已有蜘蛛子了,目前在找一些已經有結局的異世界小說 原本想看哥布林殺手的但是還沒完結啊.....超不想看到一半被中斷了 至少至少...像刀劍那種完了SAO篇再換ALO的方式我還可以接受 請問還有什麼戰鬥類已完結的異世界小說可以推介呢?",a606f4e0-51bb-5ab7-b20b-a18dd848cc59,魔法少女奈葉,都築真紀,7.3,完結,"奇幻, 魔法, 冒險, 戰鬥, 其他文庫, 日本輕小說",平凡的小學三年生高町奈葉，發現從異世界米得基魯達來的尤諾·斯克萊亞受傷而倒下。他來到這個世界的理由。那因為是他挖掘到太古遺產(平行次元中存在的高度科技的文明的遺產)「寶石之源」分散到「這個世界」。知道了這個情況的高町奈葉，成為與尤諾一起收集寶石之源然後封印的魔法少女.最終在時空管理局裡工作.,1,使用者明確要求必須包含「劍與魔法」且傾向於異世界戰鬥類故事。雖然《魔法少女奈葉》有魔法與戰鬥元素，但其設定屬於現代都市魔法少女與科幻管理組織，而非使用者所尋求的傳統劍與魔法異世界風格，且完全缺乏「劍」的元素，僅有表面上的魔法與戰鬥關聯。
q2,"不好意思,最近異世界需求大了,很想看異世界的故事不一定要轉生類但劍與魔法是必需的.. 已有蜘蛛子了,目前在找一些已經有結局的異世界小說 原本想看哥布林殺手的但是還沒完結啊.....超不想看到一半被中斷了 至少至少...像刀劍那種完了SAO篇再換ALO的方式我還可以接受 請問還有什麼戰鬥類已完結的異世界小說可以推介呢?",3644aa3d-f857-5b05-8636-2a2ee9b54ec9,OBSTACLE Series 激戰的魔女之夜,川上稔,47.4,完結,"奇幻, 魔法, 戰鬥, 百合, 女性視角, 電擊文庫, 日本輕小說",這裡是「黑魔女」掌控的地球。人類雖成功將企圖毀滅世界的魔女封印到月球，但是她的力量仍在這世界留下了深痛的傷疤。究竟誰能在十年一度的魔女之夜制裁封於月球的黑魔女？爭奪榮冠的少女，將以信念為燃料高速激戰，以炮彈劃開大地，拯救世界！《境界線上的地平線》作者川上稔，為您獻上嶄新的魔法少女傳說！由原作者親自操刀，深入剖析《月刊COMIC電擊大王》連載漫畫的起源小說隆重登場！,1,使用者明確要求「異世界」設定且「劍與魔法」為必需元素。該書設定在「地球」而非異世界，且風格偏向魔法少女激戰而非傳統的劍與魔法奇幻，僅在魔法與戰鬥元素上有部分重疊，與核心需求不符。
q3,"可以幫忙推薦幾部跟這部風格類似的輕小說
這部吸引我的地方有幾個:
1.男女主角純愛堅定不移
2.各種甜蜜的打情罵俏劇情
3.異世界轉生戰鬥、魔法
4.中間雖然各種虐，但最後還是排除萬難再一起",c994ecdc-847b-5fb9-b66e-55702ccdcfd0,永生者的終末冒險筆記,菜花不放鹽,28.7,連載,"異世界, 戀愛, 魔法, 戰鬥, 冒險, 原生幻想, 華文輕小說",那一日，終焉的魔女重新降臨人間……為了讓渣滓們得到應有的懲罰，一無所有的萊特，與魔女簽下永生不滅的契約，踏上復仇的旅途。本該窮盡一生達成的復仇，卻因捲入次神的紛爭而倉促滑稽地落幕。輕易失去人生目標的萊特，應最高魔法使之邀前往西斯特學院，用自己獨一無二的禁忌力量，守護暴風雨前夜早已動蕩不安的古老國度。在那裡等待著的，是與尚未知曉命運之沉重的、同齡少年少女的邂逅……,2,該書符合使用者對異世界、魔法與戰鬥的設定要求（要求3），且標籤包含戀愛。然而，簡介重點在於復仇、契約與守護，並未明確體現使用者強烈要求的「純愛堅定」、「甜蜜打情罵俏」以及「虐後再一起」的特定情感基調，僅能確認有戀愛元素，但風格契合度不確定。
q3,"可以幫忙推薦幾部跟這部風格類似的輕小說
這部吸引我的地方有幾個:
1.男女主角純愛堅定不移
2.各種甜蜜的打情罵俏劇情
3.異世界轉生戰鬥、魔法
4.中間雖然各種虐，但最後還是排除萬難再一起",effebbec-2a18-5f73-8e41-f228f34dd286,女神大人的再教育，佐以史萊姆 ～這次，要在異世界運營保育園了～,おゆゆ,141.2,完結,"轉生, 異世界, 奇幻, 美食, 魔法, 戀愛, syosetu, Web輕小說",我叫壽和也，三十二歲，單身。收入尚可，但也是個不折不扣的社畜。每天的生活幾乎就是公司和家兩點一線。是個偶爾在休息日靠著做一整天料理來勉強維持自我的平凡上班族。就在這樣的我面前，從女神大人那裡降臨了能轉生到異世界的大好機會。我當然欣然接受，並期望著夢寐以求的『Galgame一樣的世界』，被傳送了過去，結果……對方卻犯下了傳送失誤這種天大的紕漏。不僅如此，還被強加了女神大人的再教育……需要再教育才能上崗的女神大人到底是怎麼回事？而且不運營保育園就回不了原來的世界，這又是什麼鬼設定啊……。「和也～肚子餓了～！今天的飯是什麼呀～？啊，當然要大份的哦！」看來是女神大人在叫了……。「是是，請稍等一下。對了，今天預定會附上史萊姆料理作為甜點……吃得下嗎？」「太棒啦～！當然！大份再加甜點～！」……我印象中的女神大人都是崇高的形象，這位是不是有點太貪吃了。不，沒關係哦？反正我擅長料理，而且這個世界史萊姆可以食用，我也會嘗試各種烹飪方法的……。在異世界×料理×保育園的世界觀下，為您獻上一段充滿Galgame般戀愛要素與突發事件，有歡笑、有感動，明明有時限卻又悠閑無比的慢生活物語。故事，就此開幕～♪,2,該書符合異世界轉生、魔法以及甜蜜互動的要求，但整體基調為「慢生活」、「料理」與「經營保育園」，缺乏使用者明確要求的「戰鬥」元素以及「先虐後甜」的劇烈情感起伏，與使用者對劇情張力的需求有所偏差。
q3,"可以幫忙推薦幾部跟這部風格類似的輕小說
這部吸引我的地方有幾個:
1.男女主角純愛堅定不移
2.各種甜蜜的打情罵俏劇情
3.異世界轉生戰鬥、魔法
4.中間雖然各種虐，但最後還是排除萬難再一起",e87464cf-c1f4-5e2a-81ae-7a707af1a908,德爾菲尼亞戰記,茅田砂胡,286.5,完結,"奇幻, 冒險, 戰爭, 戀愛, 性轉, 轉生, 異世界, 其他文庫, 日本輕小說",被刺客追襲的飄泊戰士渥爾，與從異世界而來的迷途少女莉，兩個孤獨的戰士在刀鋒之中偶然相遇了。德爾菲尼亞王國的未來。與阿貝爾德倫大陸的命運因此而有劇烈的改變！被後世稱為「獅子王」與「姬將軍」的兩人冒險故事從此展開……,2,該作品符合異世界、轉生、戰鬥及戀愛等基本元素，且劇情包含共同面對艱難困境的過程。然而，其核心基調為「戰記」（戰爭史詩），與使用者特別要求的「甜蜜打情罵俏」風格有所偏差，較偏向沉重與壯烈而非甜寵。
q3,"可以幫忙推薦幾部跟這部風格類似的輕小說
這部吸引我的地方有幾個:
1.男女主角純愛堅定不移
2.各種甜蜜的打情罵俏劇情
3.異世界轉生戰鬥、魔法
4.中間雖然各種虐，但最後還是排除萬難再一起",0b18523c-0ebf-59cc-8b64-1fad46abef2a,異世界拷問姬,綾里惠史,126.7,完結,"轉生, 奇幻, 戰鬥, 獵奇, 戀愛, 黑暗, MF文庫J, 日本輕小說",★轉生異世界成為黑髮S系美少女的僕人？★用刑具討伐惡魔的最惡最強反英雄傳說！「余之名為『拷問姬』伊莉莎白．雷．法紐，是高傲的狼，也是卑賤的母豬。」瀨名櫂人死後轉生至異世界，出現在他面前的人是絕世美少女伊莉莎白。她自稱「拷問姬」，還命令櫂人以隨從的身分侍奉她──然而櫂人一口回絕。伊莉莎白朝這樣的他丟出兩個選擇，那就是被「拷問」或是當「執事」。櫂人最後只好投降，被迫照顧伊莉莎白的生活起居，還得陪大罪人「拷問姬」完成她的使命──討伐十四階級的惡魔與祂們的契約者……？「噢，沒錯。余會跟狼一樣孤獨，有如母豬悲哀地獨自死去。」,1,雖然該書符合「異世界轉生」、「戰鬥」與「戀愛」的標籤，但其風格與用戶要求的「純愛」和「甜蜜打情罵俏」完全相反。該作標記為「黑暗」、「獵奇」且女主角是「S系拷問姬」，其情感關係偏向支配與虐待，與用戶追求的純愛氛圍嚴重不符。
q3,"可以幫忙推薦幾部跟這部風格類似的輕小說
這部吸引我的地方有幾個:
1.男女主角純愛堅定不移
2.各種甜蜜的打情罵俏劇情
3.異世界轉生戰鬥、魔法
4.中間雖然各種虐，但最後還是排除萬難再一起",59af1be4-1114-5e99-83b3-9a1bf528e8c4,水屬性的魔法師,久寶忠,64.3,連載,"轉生, 魔法, 戰鬥, 冒險, 龍傲天, 其他文庫, 日本輕小說",「〈清水招來！〉」轉生到異世界的青年•涼，初次詠唱魔法。從一杯水開始的慢生活──竟是會發生賭命戰鬥的日常！？不僅如此，在與世隔絕的隆德次大陸只有他一個人類。雖然順其自然的生活沒有任何不便，但是與無頭騎士訓練劍術、被刺客鷹襲擊、和龍邂逅等仍讓他忙得不可開交。不知是他悠哉的個性，還是受到隱藏技能「不老」的影響，不知不覺間就過了二十年，並登上人類魔法師的巔峰！直到和天才劍士阿貝爾的邂逅，終於將把涼拉上歷史的舞台……「如果想也沒用就別想了」──太我行我素了。最強水魔法師的隨興冒險，開幕！,1,推薦書籍符合使用者對異世界轉生、魔法與戰鬥的設定需求，但完全缺乏使用者最核心關注的「純愛」、「甜蜜互動」以及「感情上的波折與圓滿」等元素，僅滿足設定面而未滿足情感面需求。
q3,"可以幫忙推薦幾部跟這部風格類似的輕小說
這部吸引我的地方有幾個:
1.男女主角純愛堅定不移
2.各種甜蜜的打情罵俏劇情
3.異世界轉生戰鬥、魔法
4.中間雖然各種虐，但最後還是排除萬難再一起",c9d187c2-de15-5a43-a95e-8c16af975110,異世界默示錄麥諾格拉 ～從毀滅文明開始征服世界～,鹿角フェフ,21.5,連載,"奇幻, 魔法, 轉生, 異世界, 戰爭, 黑暗, 經營, 其他文庫, 日本輕小說",轉生後，我竟然成了邪神。涵蓋探索（eXplore）、擴張（eXpand）、開發（eXploit）、殲滅（eXterminate）的4X系戰略級奇幻小說！因病早逝的年輕人伊良拓斗，轉生到了一個與他生前痴迷的戰略級奇幻模擬遊戲《Eternal Nations》相似的異世界。而且，他居然是以率領邪惡屬性文明「邁諾古拉」的邪神身份轉生的——。「拓斗大人……我們再次一起開始吧？」出現在他面前的嬌美少女——邁諾古拉的英雄單位「污泥魔女」阿圖如此說道。拓斗點頭應允，兩人共同的新國家邁諾古拉就此誕生。然而，邁諾古拉這個勢力卻有著「專註於內政，極其不擅長戰爭」的特點，與邪惡形象完全不符，甚至被玩家評價為「最難使用的超高級勢力」……！,1,雖然符合異世界轉生、魔法與戰鬥的設定，且女主角對男主角極為忠誠，但本作的核心是 4X 戰略經營與國家建設，而非使用者要求的『純愛』與『甜蜜打情罵俏』等浪漫氛圍。整體風格偏向黑暗與戰爭，與使用者追求的甜蜜純愛基調不符。
q3,"可以幫忙推薦幾部跟這部風格類似的輕小說
這部吸引我的地方有幾個:
1.男女主角純愛堅定不移
2.各種甜蜜的打情罵俏劇情
3.異世界轉生戰鬥、魔法
4.中間雖然各種虐，但最後還是排除萬難再一起",cceceefe-2b9e-5dc6-8e5a-5f1a305d26a6,躺著也中槍的異世界召喚記,結城ヒロ,33.2,連載,"轉生, 戰鬥, 校園, 青春, 戀愛, MF文庫J, 日本輕小說",捲入異世界召喚的少年們，迎接他們的命運將會是──！？清醒過來時，他們發現自己已經身處在異世界之中。優斗、修、卓也以及和泉遇上客運車禍，就這麼以勇者和受召喚牽連的朋友們身分在異世界展開生活。這四名阿宅對原本的世界沒有任何留戀，在這個劍與魔法實際存在的世界裡過得還算開心。他們歷經和美少女家庭教師談戀愛、參加異世界特有的校園活動，以及與朋友一同度過放學時間，每天都過得很充實。然而他們卻擁有某種秘密。那是在平穩的日常生活中無法想像的事情……！？校園青春戰鬥奇幻故事，一場遭受牽連的異世界召喚物語即將展開！,2,該書符合異世界、魔法、戰鬥以及戀愛等基本設定。然而，用戶的核心需求在於「純愛且堅定不移」以及「經歷虐心後排除萬難在一起」的深刻情感線與劇烈起伏，而該書的簡介傾向於輕鬆的校園青春與日常戀愛風格，缺乏用戶所追求的虐心與情感深度，因此僅部分滿足需求。
q3,"可以幫忙推薦幾部跟這部風格類似的輕小說
這部吸引我的地方有幾個:
1.男女主角純愛堅定不移
2.各種甜蜜的打情罵俏劇情
3.異世界轉生戰鬥、魔法
4.中間雖然各種虐，但最後還是排除萬難再一起",bfa2d104-d435-527d-ad41-c82afc13bf85,以反叛者之名遭到王國處刑的隱伏最強騎士,相模優斗,11.3,連載,"轉生, 魔法, 戰爭, 戀愛, 大小姐, 其他文庫, 日本輕小說",艾爾迪亞是王國最強的騎士，也是終結雷修菲爾特王國與梵爾岡帝國戰爭的功臣。他雖然成為英雄，卻因為莫須有的罪名而成為反叛者，並遭到處刑。艾爾迪亞心懷悔恨──過去帝國皇女梵爾托涅理應與自己處於敵對立場，依然拯救了命在旦夕的自己，自己卻沒能救她──然而，當艾爾迪亞再次清醒，眼前竟是戰爭爆發6年前的世界！艾爾迪亞因此下定決心，他要拯救過去沒能拯救的梵爾托涅的性命，在第二次人生作為帝國的騎士宣誓效忠皇女，改變世界！遭到處刑的的最強騎士重拾最強稱號，逆行轉生幻想故事開戰！,2,該書高度符合用戶對「異世界轉生、魔法、戰鬥」以及「克服悲劇、救贖對方」的劇情需求，且主角對皇女的堅定情感符合純愛設定。唯一不足之處在於簡介基調較為沉重（戰爭、處刑），未明確體現用戶強調的「甜蜜打情罵俏」之氛圍。
q4,"由於自己的胃口比較獨特的原因，喜歡男主被拋置於各種不利的情節或者感情中，也是因為這樣，喜歡看那些讓人看完后心緒難以平靜的小說，就我看過的來說，無職，re0，妹妹人生，異世界迷宮最深等，在某種程度上來說都有慘烈的一部分（感情上或者情節上都是），也沒有一定要轉生異世界，現實日常要是能描繪出這些來也很好了。
尤其那種男主能不斷被放置在痛苦或者恐懼之中，一邊流露出作者思考的文字的小說，再好不過。",333e3529-64e0-5379-8d13-9b1ea27bc5f9,貪婪之羊,美輪和音,12.4,連載,"黑暗, 犯罪, 驚悚, 懸疑, 其他文庫, 日本輕小說",「這世上沒有真正無辜的人，只是，你扮演得好披著羊皮的狼嗎？」掐著我脖子的手、絆阻我逃走的腳，全是你嗎……你，是無辜的代罪羔羊？還是，披著羊皮的狼？到處都有飢餓的羊，頂著普通人的臉，普通地談笑，自然融入街頭。嫉妒、愛情、仇恨、金錢，無一不是美食佳肴，他們卻永遠不飽足。空蕩蕩的胸口與胃袋需要不停投喂，哪怕犯下不可饒恕的罪……,1,使用者明確要求的是「虐主」傾向的作品，即男主角被置於極端不利、痛苦或恐懼的情境中，追求一種心緒難平的慘烈感（如 Re:Zero 或 妹妹人生）。推薦的《貪婪之羊》雖然屬於黑暗、犯罪、驚悚類，且開篇有危險情節，但其核心側重於犯罪懸疑、人性博弈與真相揭露，而非專注於刻畫主角的長期受難或情感崩潰，與使用者的核心意圖僅有「黑暗氛圍」這一層面上的淺層關聯。
q4,"由於自己的胃口比較獨特的原因，喜歡男主被拋置於各種不利的情節或者感情中，也是因為這樣，喜歡看那些讓人看完后心緒難以平靜的小說，就我看過的來說，無職，re0，妹妹人生，異世界迷宮最深等，在某種程度上來說都有慘烈的一部分（感情上或者情節上都是），也沒有一定要轉生異世界，現實日常要是能描繪出這些來也很好了。
尤其那種男主能不斷被放置在痛苦或者恐懼之中，一邊流露出作者思考的文字的小說，再好不過。",053043f0-da3a-5e62-972b-ba4ad186745f,瀕死之綠,乙一,5.9,完結,"校園, 青春, 黑暗, 驚悚, 其他文庫, 日本輕小說",因為想加入飼養組而撒了謊的正雄，被他最喜歡的羽田老師所排斥。之後當其他學生忘了寫作業而引起嘩然時，老師總是把過錯推到正雄身上。連班上的同學都開始以欺負正雄為樂，這樣的情況下，某天一個「瀕死」的男孩子出現在他眼前……本作品為驚悚小說界的長篇佳作。,3,使用者明確表示喜歡男主角處於不利情節、痛苦或恐懼之中的設定，且不限於異世界。推薦書籍《瀕死之綠》描述了男主角在學校被老師排擠、被同學欺凌的黑暗校園生活，完全符合使用者對「男主被放置在痛苦之中」以及「心緒難以平靜」的核心需求。
q4,"由於自己的胃口比較獨特的原因，喜歡男主被拋置於各種不利的情節或者感情中，也是因為這樣，喜歡看那些讓人看完后心緒難以平靜的小說，就我看過的來說，無職，re0，妹妹人生，異世界迷宮最深等，在某種程度上來說都有慘烈的一部分（感情上或者情節上都是），也沒有一定要轉生異世界，現實日常要是能描繪出這些來也很好了。
尤其那種男主能不斷被放置在痛苦或者恐懼之中，一邊流露出作者思考的文字的小說，再好不過。",b6fcd8d4-6315-5e2e-8272-9caa3568a186,天國旅行,三浦紫苑,10.2,完結,"戀愛, 黑暗, 其他文庫, 日本輕小說",愛的終極證明就是一起死去嗎？只有直視過死亡帶來的絕望，才能體會生存所產生的羈絆。人在對現實絕望，走投無路的時候，會想去什麼地方呢？捨棄一切，走到不能再走的地步，就能得到救贖嗎？搭著狹窄卧鋪的列車前往天國旅行，跟污穢的心靈和這個世間道別吧，「天國旅行」——TheYellowMonkey,3,使用者明確表示喜歡男主角處於痛苦、絕望或不利境地，且追求看完後心緒難以平靜、具有情感衝擊力以及包含作者思考的作品。推薦書籍《天國旅行》標記為「黑暗」，簡介中強調「死亡帶來的絕望」、「對現實絕望」以及「捨棄一切」等主題，且透過對救贖與生存的反問展現了思考深度，高度契合使用者對心理折磨與沉重情感氛圍的需求。
q4,"由於自己的胃口比較獨特的原因，喜歡男主被拋置於各種不利的情節或者感情中，也是因為這樣，喜歡看那些讓人看完后心緒難以平靜的小說，就我看過的來說，無職，re0，妹妹人生，異世界迷宮最深等，在某種程度上來說都有慘烈的一部分（感情上或者情節上都是），也沒有一定要轉生異世界，現實日常要是能描繪出這些來也很好了。
尤其那種男主能不斷被放置在痛苦或者恐懼之中，一邊流露出作者思考的文字的小說，再好不過。",d1db7869-512e-5337-a6f6-3ed53e064690,惡之教典,貴志佑介,28.9,完結,"校園, 黑暗, 懸疑, 驚悚, 其他文庫, 日本輕小說",★震撼全亞洲的同名校園虐殺電影原作!!那個有著陽光般笑容的男人不是人，是一個擬態如人，實則人不人、鬼不鬼的怪物。沒有人比心理學家更好騙！完美的善，遮掩了惡的真實面貌殺了「思考」之後，「記憶」便一直盯著他不放英文老師蓮實聖司是問題高中里的人氣教師，聰明、帥氣、樂觀開明、英語流利，不但學生為之瘋狂，也深受其他教職人員信賴，幫學校解決了許多棘手的師生問題。只不過，這一切都是他精心營造的形象。真實的他卻是個天生感受力發育不全、完全透過理解與模仿贏得人心，不能體會別人的感受與痛苦，為排除異己即使殺人也不會猶豫的反社會人格者。只有一兩個學生嗅出不對勁、只有一位老師想挖出他的過去；隨著蓮實的往事越來越浮上檯面，學校里的怪異現象也越來越多……,1,用戶的核心需求是希望看到「男主角」處於不利情節、遭受痛苦或恐懼（虐主），並從中獲得情感衝擊。然而，《惡之教典》的男主角是一個操縱他人、施加痛苦的反社會人格者（虐人），角色定位與用戶的需求完全相反。雖然兩者都屬於「黑暗」風格，但完全沒有滿足用戶對男主受難的特定偏好。
q4,"由於自己的胃口比較獨特的原因，喜歡男主被拋置於各種不利的情節或者感情中，也是因為這樣，喜歡看那些讓人看完后心緒難以平靜的小說，就我看過的來說，無職，re0，妹妹人生，異世界迷宮最深等，在某種程度上來說都有慘烈的一部分（感情上或者情節上都是），也沒有一定要轉生異世界，現實日常要是能描繪出這些來也很好了。
尤其那種男主能不斷被放置在痛苦或者恐懼之中，一邊流露出作者思考的文字的小說，再好不過。",788f3512-190a-5a0b-97ef-5f0ec2d300b0,B.A.D事件簿,綾里惠史,217.1,完結,"奇幻, 異能, 獵奇, 驚悚, 黑暗, Fami通文庫, 日本輕小說",「如果不到那種能任意殺人的程度，怎麼算得上是瘋狂呢？」單手拿著巧克力的她這麼說著。既傲慢又冷酷，也是個任性的偏食者——繭墨阿座化，十四歲的超能少女。手持紅色紙傘，身穿歌德蘿莉風的服裝的她面帶微笑，笑容像是要使我徹底陷入絕望一般。然而，在盛開的櫻花樹下，她這麼對我說：「留在我身邊吧。」,3,用戶明確表示喜歡男主被置於不利情節、痛苦、恐懼或絕望中的黑暗風格小說。推薦書籍《B.A.D事件簿》具有「獵奇」、「驚悚」、「黑暗」等標籤，且簡介中描述女主角冷酷且能使男主「徹底陷入絕望」，符合用戶對於男主處於弱勢、承受心理壓力及黑暗氛圍的需求。
q4,"由於自己的胃口比較獨特的原因，喜歡男主被拋置於各種不利的情節或者感情中，也是因為這樣，喜歡看那些讓人看完后心緒難以平靜的小說，就我看過的來說，無職，re0，妹妹人生，異世界迷宮最深等，在某種程度上來說都有慘烈的一部分（感情上或者情節上都是），也沒有一定要轉生異世界，現實日常要是能描繪出這些來也很好了。
尤其那種男主能不斷被放置在痛苦或者恐懼之中，一邊流露出作者思考的文字的小說，再好不過。",daa3d018-53db-5c62-8886-f0b3409ec8fa,女主角們都想殺掉我,김마모,81.0,連載,"奇幻, 冒險, 黑暗, 群像, 後宮, 魔法, 病嬌, 戀愛, 校園, 青梅竹馬, other, 韓國輕小說",為了拯救陷入絕望的黑暗幻想遊戲世界，我強忍淚水毀滅了世界，並殺死魔王而得以回歸。現在，我打算利用「回歸特權」賜予我的系統視窗來拯救世界……但很不幸地，女主角們也覺醒了上一周目的記憶。真是該死。,3,用戶明確表示喜歡男主角處於不利、痛苦或恐懼的情境，以及情感上的慘烈感。推薦書籍的設定是男主回歸後，所有女主角都記得前周目的記憶並想殺掉他，這完美契合了「男主被放置於不利情節」的需求，且包含病嬌與黑暗標籤，能滿足用戶追求的心緒難以平靜的閱讀體驗。
q5,"如題，想找像是overlord、無職這種，有龐大世界，多個國家部落，文化特色分明，歷史背景完整，沉浸感和史詩感強的小說，請問各位有沒有推薦的？希望是劍與魔法的世界，有多不同種族、魔物的那種（其實我不太確定這類型叫什麼，異世界感覺不太對，但叫奇幻又好像太廣泛了？

有很多web小說我都有看過，像是轉生成魔劍、轉生龍蛋、哥布林，他們雖然世界都足夠龐大，但是都有個web小說的通病，就是讀起來會有割裂感，無法讓人帶入那個世界中
而轉生蜘蛛雖然沒有那種割裂感，但是世界觀卻不太夠了，就只簡單分成教皇、妖精、魔王而已，希望能看到更多人類國家間的關係，還有更多魔物亞人種族的故事設定",3d47f006-2347-5e26-a6ca-b57e3a70d5c0,零之大賢者～重返年輕的最強賢者隱瞞身分再次成名～,夏海ユウ,17.3,連載,"奇幻, 魔法, 冒險, 戀愛, 人外, 角川文庫, 日本輕小說",已至壯年的英雄──『大賢者』齊格飛，遭得力助手吉爾伯德以詭計剝奪地位和名譽，甚至被奪走了力量。他因冤獄被流放至《不歸森林》，在命運指引下遇見瀕臨死亡的吸血鬼少女。他犧牲自己，將鮮血獻給少女後──竟然變成一名吸血鬼，身體返老還童成少年模樣！齊格飛取回無窮魔力，還獲得吸血鬼的特殊能力，在化名為『傑洛』後，與親手拯救的少女同行，誓言向吉爾伯德復仇。「真可惜，管你是十是百，在無限的力量面前都毫無意義。」終結大戰的英雄，即將從『零』崛起！！重返年輕的最強賢者成名冒險傳說，正式揭幕！,1,使用者明確要求具有龐大世界觀、複雜國家關係、深厚歷史背景以及強烈史詩感的作品（如《Overlord》、《無職轉生》），且反感缺乏沉浸感的典型網文套路。而推薦的書籍《零之大賢者》劇情核心在於「背叛、復仇、返老還童」以及「主角強大」的個人成長線，屬於典型的輕小說爽文套路，缺乏使用者所追求的宏大世界建構與政治/文化深度，僅在「劍與魔法」的設定上有表面重疊。
q5,"如題，想找像是overlord、無職這種，有龐大世界，多個國家部落，文化特色分明，歷史背景完整，沉浸感和史詩感強的小說，請問各位有沒有推薦的？希望是劍與魔法的世界，有多不同種族、魔物的那種（其實我不太確定這類型叫什麼，異世界感覺不太對，但叫奇幻又好像太廣泛了？

有很多web小說我都有看過，像是轉生成魔劍、轉生龍蛋、哥布林，他們雖然世界都足夠龐大，但是都有個web小說的通病，就是讀起來會有割裂感，無法讓人帶入那個世界中
而轉生蜘蛛雖然沒有那種割裂感，但是世界觀卻不太夠了，就只簡單分成教皇、妖精、魔王而已，希望能看到更多人類國家間的關係，還有更多魔物亞人種族的故事設定",a4788d8f-aadf-5dcd-bf10-9be8ea1fa619,魔導書學園的禁書少女,綾里惠史,12.9,連載,"奇幻, 校園, 魔法, 冒險, 後宮, 人外, 角川文庫, 日本輕小說",這個世界的魔法師全都在自己的精神世界中持有「書」和「書架」，能夠將上面所記載的故事轉換成術式使用。魔法師們所就讀的學園，通稱『無限圖書館』。名叫蓮的少年以歷屆最低分入學。他所持有的書中什麼都沒寫，是世上唯一的「白紙」書持有者，無法使用像樣的魔法，也因此淪為吊車尾。然而，他以 某種方法 壓倒性戰勝了歷代最高得分的學生。一位自稱安妮的神秘少女參觀過他的戰鬥後看上了他。「有一手嘛，少年！你來成為我的伴侶吧」可是在同安妮共同行動的過程中，蓮得知一件事。——她所擁有的書，是將世界引向毀滅的「禁書」。兩位異端將改變世界，圍繞禁書的學園奇幻劇，開幕！,1,使用者尋找的是具有龐大世界觀、深厚歷史背景、多國文化衝突且具備史詩感的奇幻作品（如 Overlord、無職轉生）。而推薦的書籍《魔導書學園的禁書少女》核心設定在於「學園」與特定的「魔法系統」，屬於典型的校園奇幻/後宮輕小說，缺乏使用者要求的宏大世界構建、國家間的政治關係以及深層的種族文化設定，僅在「劍與魔法」這一寬泛類別上有所重疊。
q5,"如題，想找像是overlord、無職這種，有龐大世界，多個國家部落，文化特色分明，歷史背景完整，沉浸感和史詩感強的小說，請問各位有沒有推薦的？希望是劍與魔法的世界，有多不同種族、魔物的那種（其實我不太確定這類型叫什麼，異世界感覺不太對，但叫奇幻又好像太廣泛了？

有很多web小說我都有看過，像是轉生成魔劍、轉生龍蛋、哥布林，他們雖然世界都足夠龐大，但是都有個web小說的通病，就是讀起來會有割裂感，無法讓人帶入那個世界中
而轉生蜘蛛雖然沒有那種割裂感，但是世界觀卻不太夠了，就只簡單分成教皇、妖精、魔王而已，希望能看到更多人類國家間的關係，還有更多魔物亞人種族的故事設定",04865d48-abec-5090-b4d5-d1502a2c04e3,轉生龍蛋 ～目標只有最強,貓子,82.9,連載,"轉生, 奇幻, 魔法, 冒險, 人外, 其他文庫, 日本輕小說",當我睜開眼後，發現自己處在未曾見過的森林之中。而且這裡似乎是我不知道的幻想世界。環顧周圍，滿是嚇人的異形魔獸。觀看自己的身姿，出現在那裡的是一個巨大的蛋…喂！我這是轉生成蛋了啊！？而且，想從蛋中孵化，好像還必須狩獵魔獸提升等級。戰鬥啥的絕對做不到啊！因為……我是蛋嘛~~~~~~~~~！！！,0,使用者在需求中明確提到過《轉生龍蛋》，並將其列為雖然世界觀龐大但具有「web小說通病（割裂感）」、無法讓人帶入世界的負面示例。因此，推薦這本書完全不符合使用者想要尋找「強沉浸感」與「史詩感」的核心需求。
q6,很喜歡看戰爭或戰記類型的小說，不要有魔法一發收拾或莫名其妙的神器，也別機械降神，主角可以強但不要把對手變白癡，暑假到了求書來啃，斷尾或沒完結也沒關係。,6a3b1c0c-16ab-5b7a-9102-b4288e593d3c,羽月莉音的帝國,至道流星,155.7,完結,"冒險, 鬥智, 經營, 戰爭, 後宮, 小學館, 日本輕小說",美少女羽月莉音創建了革命社，最終目標是建國！男主角羽月巳繼被他的表姊羽月莉音強迫加入這個社團。莉音甚至把社團弄成一間公司。所有社員因為「創業初期的投資」，直接背負了三百萬元的債務，為了還債，革命社社員從拾荒到拍攝ＣＯＳＰＬＡＹ寫真集都要做，每天都得不眠不休地工作！革命社公司未來究竟會有什麼驚人的發展呢？一部描述社團變成大企業的的神奇故事，就此展開。,1,使用者明確要求的是戰爭或戰記類的小說，且傾向於嚴肅、邏輯合理且無機械降神的設定。而推薦的書籍雖然標有「戰爭」標籤，但從簡介來看，核心內容是關於高中社團經營、創業還債以及將社團變成大企業的輕小說，風格偏向喜劇與經營，與使用者想要「啃」的硬核戰爭小說意圖完全不符。
q6,很喜歡看戰爭或戰記類型的小說，不要有魔法一發收拾或莫名其妙的神器，也別機械降神，主角可以強但不要把對手變白癡，暑假到了求書來啃，斷尾或沒完結也沒關係。,97b2ee15-5db5-5f82-b4a8-0a0c19bd96fc,428被封鎖的澀谷,北島行德,40.8,完結,"懸疑, 犯罪, 戰鬥, 鬥智, 講談社, 日本輕小說",還差兩分鐘嗎……彷彿為了提醒自己似的，他在腦海中如此沉吟著。也不知道這是第幾次看手錶了，隨著秒針的移動，他的精神也逐漸緊繃起來。有沒有出現可疑的人物？四周有沒有奇怪的動靜？,0,使用者明確要求戰爭或戰記類小說，而推薦的書籍《428被封鎖的澀谷》屬於現代都市懸疑、犯罪與鬥智類作品，與戰爭題材完全無關。
q7,"想請大家推薦一些書單希望符合以下條件
1.已經完結
2.以感情為主
希望是讀的時候可以隨著角色情緒有所起伏。並且不要轉生開無雙。",0beee9e8-40e5-5e84-86af-32747193bf4d,對戀愛中的少女傳達愛意，只需三十一字就足夠！,畑野ライ麥,20.5,完結,"校園, 青春, 戀愛, GA文庫, 日本輕小說",「救會好好接納害羞的學長的！」高中生大谷三球在尋找新興趣時造訪圖書館，在那裡遇見了一位穿著格外顯眼的少女——涼風救。得知救擅長短歌后，三球便拜她為師，向她學習短歌創作。「只用三十一個字就可以嗎？」「我允。只要你能將十萬字的情感融入其中。」在日復一日的學習中，三球開始吐露自己隱藏的心情，而救也開始對他產生好感。她透過短歌，像是回應三球的詩作般，將自己的情感寄託於文字中，兩人的距離也因此逐漸拉近。這是一部以三十一個文字為起點，描繪一位憧憬戀愛的少女與少年之間的甜美青春戀愛故事！,3,該書為校園青春戀愛小說，核心在於男女主角透過短歌交流情感，完全符合使用者要求的「以感情為主」以及「不要轉生開無雙」的條件，且情節描述能帶來情緒起伏，是極佳的匹配。
q7,"想請大家推薦一些書單希望符合以下條件
1.已經完結
2.以感情為主
希望是讀的時候可以隨著角色情緒有所起伏。並且不要轉生開無雙。",7c5e9135-e758-5cc8-9240-34d4cbd3b1f8,你的女朋友，應當是對你無所不知的我才對,藍月要,9.8,完結,"科幻, 校園, 青春, 戀愛, 歡樂向, Fami通文庫, 日本輕小說",「喜歡」x這種話——怎麼可能說得出口！！！「手機配合著喜歡男生的心跳震動，實在太棒了！」全國模擬考試排名第一，身為高中生卻憑藉高超技術賺得缽滿盆滿的天才程序員——久城紅，討厭與人交往，從不與人交流。然而這樣的她，深深喜歡上了坐在鄰座的宮代空也。初次體驗到戀愛情感的紅，感到手足無措，於是利用自己精湛的技術，將空也的信息一一收集，漸漸變成了她的興趣愛好。依靠收集到的信息，她每隔十天鼓起勇氣和空也搭話，這樣的日子既甜蜜又苦澀。然而，空也有一種特殊能力，能夠「看到人類的情感化作的顏色」，早已察覺到紅對他的暗戀——！一場由無法坦白心意的高冷才女與對愛情心存疑慮的特殊能力少年，上演的誤解繫戀愛喜劇！,3,該書為校園戀愛喜劇，核心聚焦於男女主角的情感互動、暗戀與誤解，符合使用者要求的「以感情為主」且能帶來情緒起伏。同時，其設定為現代校園，並非轉生或無雙龍傲天類型，完全符合使用者的排除條件。
q7,"想請大家推薦一些書單希望符合以下條件
1.已經完結
2.以感情為主
希望是讀的時候可以隨著角色情緒有所起伏。並且不要轉生開無雙。",058ae2d4-8b45-586c-b1ca-8166053a1abb,食蟲植物,橋爪駿輝,5.8,完結,"音樂, 校園, 青春, 戀愛, 女性視角, 一迅社, 日本輕小說",無法融入班級，從未與任何人交談的我。轉學生七子對我說的那句「好𫫇心」，讓我產生了一種自己的存在終於被人看見的感覺──（〈若我所有一切都能與妳如出一轍就好了〉）不斷反覆的枯燥乏味日子，從未說過一句「喜歡」的他。秋渴望成為他心中的「那個人」——（〈體溫比任何言語都真切〉）圍繞著「想成為某個人／想成為她」、「渴望世界／渴望某個人愛著自己」的情感，本書收錄六篇描繪各種不同形式的戀愛故事。,3,該書為校園戀愛主題的短篇集，重點在於描繪渴望被愛、孤獨等深層情感，完全符合使用者要求的「以感情為主」且「能引起情緒起伏」，且不含轉生或無雙等元素，是非常匹配的推薦。
q7,"想請大家推薦一些書單希望符合以下條件
1.已經完結
2.以感情為主
希望是讀的時候可以隨著角色情緒有所起伏。並且不要轉生開無雙。",cae6f013-6d66-55c7-8b93-8aee7076c5f0,直到與約定永遠做朋友的女性朋友不再是朋友,岩柄イズカ,27.8,完結,"校園, 青春, 戀愛, GA文庫, 日本輕小說",原以為遊戲上的朋友是個男生，結果卻是一個生著白頭髮、自卑內向的女孩子！？這是一段讓人心癢難耐、與內向少女的青春戀愛故事！『修威爾特你原來是……女生……？』優真和修威爾特在網路遊戲中是一對好朋友。原本以為修威爾特是他的死黨、親密無間的夥伴……在現實中見過面後，「他」原來是個內向的女生！？她對自己天生的白髮十分自卑，從來沒有交過朋友。為了她，兩人開始了交朋友的練習。「作為朋友」她十分信任自己，優真努力控制自己的感情不想辜負她的信賴。但無意間的親密接觸逐漸讓人意識到彼此性別不同……。這是一段讓人心癢難耐、與內向白髮美少女的甜蜜青春戀愛故事。,3,這本書是典型的校園青春戀愛故事，核心在於角色之間的情感發展與心理拉扯，完全符合使用者要求「以感情為主」且「不要轉生開無雙」的條件。
q7,"想請大家推薦一些書單希望符合以下條件
1.已經完結
2.以感情為主
希望是讀的時候可以隨著角色情緒有所起伏。並且不要轉生開無雙。",b4a8576b-eacb-5e80-bf8e-03d4adb902ff,秋之回憶2,KID,121.0,完結,"校園, 青春, 戀愛, 遊戲劇本, 日本輕小說",與以生離死別和反思為主題的前作不同，《秋之回憶2》更多地將著眼點放在了「普通」的戀愛上，力圖從日常平凡的點點滴滴中尋找不同問題的答案。主角伊波健是一名普普通通的私立高三學生，獨自一人居住在一幢名為朝風庄的公寓里。健有一位可愛而擅長鋼琴的女友——白河螢，從去年聖誕節交往至今，已有半年的時間，兩個人相處得非常融洽，雖然平凡，心中卻有不可言喻的幸福。在兩人的心中，一直深信這份情感永遠也不會改變。然而暑假中些許的誤解，卻完全改變了這一切，些許小小的猜疑與誤會，讓兩人間原本似乎堅定不移的感情漸漸產生裂縫。即使曾經共同擁有過許多甜蜜的回憶，但是否會有這樣一個人出現——她能夠讓你義無反顧地拋棄這一切而重新選擇呢？充滿矛盾與複雜情感的仲夏戀歌就此展開。,3,該書完全符合使用者對「以感情為主」以及「情緒起伏」的需求，描述了校園戀愛中的誤會與複雜情感，且並非轉生或無雙類小說，與使用者核心意圖高度契合。
q7,"想請大家推薦一些書單希望符合以下條件
1.已經完結
2.以感情為主
希望是讀的時候可以隨著角色情緒有所起伏。並且不要轉生開無雙。",450b1b99-4dcb-5bca-afd0-ac991f0de98f,十八時,鳴籟琢磨,26.0,完結,"青春, 戀愛, 校園, 輕文學, 青春日常, 華文輕小說",在高二秋天經歷一系列事情之後，本以為不會改變的兩人的關係極速的變化。面對兩位截然不同的女生，處於選擇中的少年究竟能否摸清自己的心意。高考即將來臨，而她和他的關係到底會變成何種形式。這是中國高中生的校園故事，圍繞幾名角色展開的有關友情，有關戀情，有關將來，有關過去的青澀的物語。,3,該書為校園戀愛與青春成長主題，符合使用者要求以感情為主、追求情緒起伏的設定，且完全不包含轉生或無雙等元素，與用戶意圖高度契合。
q7,"想請大家推薦一些書單希望符合以下條件
1.已經完結
2.以感情為主
希望是讀的時候可以隨著角色情緒有所起伏。並且不要轉生開無雙。",189e8dca-4fab-5dd5-88d2-1a0f8da67f08,情歸故里,Alco Entertainment,92.0,完結,"青春, 戀愛, 後宮, 青梅竹馬, 遊戲劇本, 日本輕小說",(遊戲劇情線程純愛版)故事發生在一座名為「姬神島」的偏僻小島上。在島上出生的主人公，在很小的時候就因母親過世而與父親一起離開了小島。多年之後，身為師範系學生的主人公為了完成實習，再次踏上了久違的故鄉的土地。雖然時隔已久，但這裡的時光彷彿已經停滯，島上的風景與記憶中的昔日一般無二。將主人公從感傷中拉回現實的，是幼時玩伴篠原渚的呼喚聲——當年的小丫頭，如今已出落成亭亭玉立的美少女，而主人公所寄宿的「篠原旅社」正是她的家。在姬神島小學的實習生活既繁忙又充實，主人公不但要應付以篠原綠為首的一班人小鬼大的淘氣包，還要不辭辛苦地奔波於島上各地，培養自己和諸位美少女之間的感情。話說回來，這幾位美少女也不是什麼省油的燈，叛逆任性的晶、精力過剩的光，無論哪一位都夠主人公喝一壺的，不過既然身為一名男人，有時候也必須拿出男子漢的廣闊心胸來，用自己的真情與關愛打動她們的心靈。姬神島的風景一切如舊，重返故鄉的主人公，他的情感是否也能找到自己的歸宿呢？,3,該書聚焦於戀愛與情感發展，且不含轉生或無雙等元素，完全符合使用者對「以感情為主」且「不要轉生開無雙」的核心需求。
q7,"想請大家推薦一些書單希望符合以下條件
1.已經完結
2.以感情為主
希望是讀的時候可以隨著角色情緒有所起伏。並且不要轉生開無雙。",0fb9420e-3297-5e96-bcf0-6fdadff712b4,正在成長中的學生意外地很有魅力,鈴木大輔,24.4,完結,"校園, 青春, 戀愛, 後宮, JC, 妹妹, 小學館, 日本輕小說",椿屋日向，14歲。我是新來的老師，她是我的學生，也是以前的鄰居。引人注目，發育得很棒，有著天香國色姿容的她，好像很容易陷入緋聞之中。「啊，老師是處男嗎?」「 無可奉告」。在大人與小孩之間變換，綻放著只有那一瞬間才能看到的光芒。對於先一步成為大人的人來說，那是一個難以直視的眼神，一句「我要是和老師一起的....就好了」「別說了， 會被誤解的吧」「教養過頭的中學生」 ，這是——一個尊貴的愛情喜劇。,2,該書符合「以感情為主」且「非轉生/無雙」的要求。雖然是一部戀愛喜劇，但在情感深度的起伏上可能較為輕快，未必能完全滿足使用者追求深度情緒波動的期待，但整體方向契合。
q7,"想請大家推薦一些書單希望符合以下條件
1.已經完結
2.以感情為主
希望是讀的時候可以隨著角色情緒有所起伏。並且不要轉生開無雙。",2c7e68d2-1c75-5185-ba2c-bfe1e8060c90,ToHeart2,村田治,24.3,完結,"校園, 青春, 戀愛, 後宮, 青梅竹馬, 其他文庫, 日本輕小說",校園戀愛遊戲名作改編！聚焦於人氣角色的『ToHeart2』外傳故事。,3,該書為校園戀愛題材，完全符合用戶「以感情為主」以及「不要轉生開無雙」的核心需求，且屬於注重角色關係的情感類作品。
q7,"想請大家推薦一些書單希望符合以下條件
1.已經完結
2.以感情為主
希望是讀的時候可以隨著角色情緒有所起伏。並且不要轉生開無雙。",1c7011ea-7d6b-5748-8826-3ef414a5c7c8,過往憧憬的人物設定已無人使用,詠井晴佳,11.7,完結,"科幻, 青春, 戀愛, 小學館, 日本輕小說",「響來」出現在十九歲的成央面前，那是他在十五歲時為了名澄俐乃所創作的虛擬角色。在響來的要求下，成央與俐乃終於得以重逢。成為藝人的十九歲俐乃如今雖然已經發光發熱，卻仍然孤獨地持續追尋棲身之地。看到她那副模樣，成央回想起自己留置在十五歲的感情。在保健室見到的「第一次」。只屬於兩人的甜蜜時光。以及，那個無法實現的約定。歷歷在目的往日憧憬與各種矛盾掙扎尖銳地刺進成央的內心。在現實與理想的對立之中，兩人終於明白響來之所以現身的意義——這是一部由徘徊迷茫的角色性格，以及人們心中的矛盾掙扎所交織而成的青春奇幻劇。,3,該書以青春戀愛與情感掙扎為主軸，強調角色之間矛盾的心理與情感起伏，且不包含轉生或開無雙等元素，完全符合使用者對「以感情為主」及「情緒起伏」的核心需求。
q7,"想請大家推薦一些書單希望符合以下條件
1.已經完結
2.以感情為主
希望是讀的時候可以隨著角色情緒有所起伏。並且不要轉生開無雙。",465cc2fc-97f5-5ce8-b7b7-af01d9a767f9,初戀限定,平林佐和子,6.9,完結,"校園, 青春, 戀愛, 集英社, 日本輕小說",千倉名央的哥哥一真，在攝影社社辦與少女陣內志穗相遇，而這段奇妙的邂逅就成為一真戀情的開端……。連載於周刊少年JUMP的超人氣漫畫改編小說！除了本篇角色之外，另外也有原創角色登場。,3,推薦書籍為校園青春戀愛題材，完全符合使用者希望「以感情為主」且「不要轉生開無雙」的要求，且戀愛故事通常能提供情緒起伏，與使用者意圖高度相符。
q7,"想請大家推薦一些書單希望符合以下條件
1.已經完結
2.以感情為主
希望是讀的時候可以隨著角色情緒有所起伏。並且不要轉生開無雙。",e74e635b-b46c-51c7-9ba1-9fbc405a6385,被青梅竹馬的她背叛了。,理亞,3.4,完結,"NTR, 戀愛, 青梅竹馬, 歡樂向, 校園, kakuyomu, Web輕小說",我和從小一起長大的青梅竹馬——水谷真帆表白了！她竟然同意了！本以為戀愛喜劇終於要開始的時候，真帆卻不對勁了起來，似乎和欺騙她的前男友——村上拓哉有所來往，這到底是怎麼一回事呢?男主 中谷和馬女角色1 水谷真帆女角色2 黒崎繪里,3,本書聚焦於校園戀愛與背叛（NTR），符合用戶要求的「以感情為主」以及「情緒起伏」的需求，且完全沒有轉生或開無雙等設定，與用戶的核心意圖高度匹配。
q7,"想請大家推薦一些書單希望符合以下條件
1.已經完結
2.以感情為主
希望是讀的時候可以隨著角色情緒有所起伏。並且不要轉生開無雙。",56bc6ccf-3ab8-5868-9d3e-dc29d39be335,告白擊,住野夜,12.7,完結,"青春, 戀愛, 女性視角, 角川文庫, 日本輕小說",在即將步入三十歲之前，千鶴訂下婚約，同時偷偷擬定了一份作戰計畫：讓暗戀自己、卻始終隱瞞心意的死黨響貴向自己告白。千鶴的願望只有一個，那就是希望響貴可以掙脫這份情感，繼續往前邁進。在兩人從學生時代來往至今的共同朋友果凜眼中，這點子幼稚得令人難以想像是由成年人所計畫出來的，然而對此感到傻眼的他，仍決定出手幫忙。但沒想到的是，「告白大作戰」卻朝向意想不到的方向發展——搔動著早已習慣壓抑情感的內心，剪不斷理還亂的心意與友情將走向何方？,3,該書為青春戀愛類小說，劇情核心在於角色間的情感糾葛、壓抑的心意與心理起伏，完全符合使用者要求的「以感情為主」且「無轉生無雙」的設定。
q7,"想請大家推薦一些書單希望符合以下條件
1.已經完結
2.以感情為主
希望是讀的時候可以隨著角色情緒有所起伏。並且不要轉生開無雙。",12dcfc83-7add-56be-adfa-bcb355f4412c,少女愛上姊姊,キャラメルBOX,209.0,完結,"校園, 青春, 戀愛, 後宮, 偽娘, 遊戲劇本, 日本輕小說",(全年齡版遊戲線程劇情)梅雨季節的間歇，柔和的陽光穿過林蔭的縫隙，溫柔地照射在濕潤的石階上。被昨夜的雨淋濕的櫻樹綠葉晶瑩剔透，透著生機的新綠隨風搖曳。延伸到校舍的櫻樹群下，少女們嬌聲的談笑和輕快的步伐相映成趣。這幅光景，非常的清純，美麗，無瑕。這裡是聖應女學院——創設於明智十九年，是歷史悠久的女子學校。配合日本現代化的步伐。基於女性需要能夠學習與之身份相匹配的教養的場所為理念所創立的學校。以英國的貴族學校為原型，融入基督教教會學校的教育模式，這樣的傳統延續至今天。這也就是人們口中的「名媛學校」。,3,該書標籤為「戀愛」、「青春」，且劇情設定在女子學院，符合使用者要求以感情為主、無轉生與無雙設定的核心需求。
q7,"想請大家推薦一些書單希望符合以下條件
1.已經完結
2.以感情為主
希望是讀的時候可以隨著角色情緒有所起伏。並且不要轉生開無雙。",d3a45ca7-aeef-58be-a2ef-e3fc11ab75e4,是啊，確實很可愛呢,刈野ミカタ,13.8,完結,"校園, 奇幻, 青春, 戀愛, 歡樂向, MF文庫J, 日本輕小說",煩人學妹女友與酷嬌學長男友之你們快點結婚吧戀愛喜劇！這本小說是甜寵戀愛喜劇──男女朋友剛開始交往時，兩人青澀時期的紀錄。男方是渡世戒理，17歲的高中一年級生（留級兩次）。他剛從兩年的長眠醒來，是個有隱情的少年。女方的名字是桑折那乃，16歲的高中一年級生。她喜歡化妝打扮和有趣的事物，是個有點煩人的美少女。這對情侶平常的對話大概如下……「學長～♪今天的我也特別可愛對吧～？你可以說些話讚美我哦～」「是啊，確實很可愛呢。」「～～（害羞）」「桑折？」「……你就是這一點讓人傷腦筋，學長！！」。這本書只是描述了有點脫線的學長，毫無自覺地寵愛女友，讓學妹女友害羞臉紅的故事。既沒有女角間的比拚，也沒有毀滅的危機，甜死人不償命的愛情喜劇，開幕。,2,使用者希望尋找以感情為主且情緒有起伏的作品，並排斥轉生無雙。推薦的小說雖然是純愛戀愛喜劇，且沒有轉生無雙的情節，但其介紹明確指出「既沒有女角間的比拚，也沒有毀滅的危機」，屬於極其平穩的甜寵向作品，缺乏使用者所期待的情緒起伏與波折。
q7,"想請大家推薦一些書單希望符合以下條件
1.已經完結
2.以感情為主
希望是讀的時候可以隨著角色情緒有所起伏。並且不要轉生開無雙。",cee7f5c1-4f98-5c74-aaee-41532c375fad,初戀 Signal,玉置こさめ,2.3,完結,"校園, 青春, 戀愛, 百合, 其他文庫, 日本輕小說",櫻庭志乃在升學到三葉高中的時候遇到了清宮飛鳥。原本認為自己絕對不會和認真的飛鳥有所交集的志乃，卻被她說了一句「如果可以的話，能和我當朋友嗎？」……!?這是一部充滿心動與可愛的、性格截然相反的兩位女孩間甜蜜又令人心動的百合戀愛故事！,3,該書為校園百合戀愛小說，完全符合使用者要求的「以感情為主」且「非轉生/無雙」的條件，情節聚焦於兩位性格截然不同女孩之間的感情發展，符合使用者對情感起伏的需求。
q7,"想請大家推薦一些書單希望符合以下條件
1.已經完結
2.以感情為主
希望是讀的時候可以隨著角色情緒有所起伏。並且不要轉生開無雙。",5c039d3d-8eb9-5960-abd0-0366d37eedf9,我喜歡的妹妹不是妹妹,惠比須清司,130.7,完結,"校園, 歡樂向, 戀愛, 後宮, 妹妹, 富士見文庫, 日本輕小說",我那國中三年級的妹妹──永見涼花不僅是個美少女，還是成績優秀的學生會會長。她明明一直都對我不假辭色，竟然寫了「溺愛哥哥的戀愛喜劇小說」，得到輕小說大賽的大獎，還要求我代替她出道當輕小說作家!?光是這樣就相當不得了，沒想到作品空前熱賣，美少女們也相繼出現身邊，說是我（妹妹）的粉絲──而妹妹涼花還以取材為名目要求與我約會！但可別誤會了，我喜歡的是妹妹所寫小說中的「妹妹」，而不是眼前的這個「妹妹」。★「你怎麼可能會寫這種喜歡哥哥的角色？」「這部小說就只是虛構的嘛！」喜歡哥哥的妹妹真的只出現在小說中嗎？★由輕小說為這對笨拙兄妹感情破冰的戀愛喜劇！★動畫化企畫火速進行中！,3,該書為校園戀愛喜劇，核心在於兄妹之間笨拙的感情發展，完全符合使用者要求的「以感情為主」且「不要轉生開無雙」的條件，能滿足對角色情感起伏的期待。
q7,"想請大家推薦一些書單希望符合以下條件
1.已經完結
2.以感情為主
希望是讀的時候可以隨著角色情緒有所起伏。並且不要轉生開無雙。",554f01f7-a56e-59fa-b165-6662d974d2ba,二線級Love Story,持崎湯葉,10.9,完結,"校園, 青春, 戀愛, 講談社, 日本輕小說",心意是單向的。高中二年生松尾家之助，與擔任學生會長的摯友，完美超人一之瀨秋，及傾慕的同班同學，書記月本紗姬同屬於學生會，過著平凡而又快樂的高中生活。家之助知道自己對紗姬的這份心意。然而，紗姬卻似乎喜歡秋。就在家之助煩惱之際，卻得知了秋一個驚人的秘密！於是，家之助、紗姬還有秋三人的心意複雜地糾纏在一起——？第三次講談社輕小說挑戰杯佳作獲獎作，華麗登場！,3,該書為校園戀愛主題，核心在於三人之間複雜的情感糾葛，完全符合使用者要求「以感情為主」且「能隨角色情緒起伏」的需求，且並非轉生或無雙設定，與使用者意圖高度相符。
q7,"想請大家推薦一些書單希望符合以下條件
1.已經完結
2.以感情為主
希望是讀的時候可以隨著角色情緒有所起伏。並且不要轉生開無雙。",857b74e0-734b-5f80-8894-34f18f7210f0,向陽處的她,越谷治,11.3,完結,"奇幻, 青春, 戀愛, 治癒, 人外, 其他文庫, 日本輕小說",第一次與你相遇，就知道這是一輩子只會碰上一次的戀愛！我就像仰賴陽光的小盆栽，對你的執著可是誰都比不過的喔！,3,該書的核心主題為戀愛與治癒，符合使用者要求「以感情為主」且「不要轉生開無雙」的條件，且其青春戀愛的設定能提供角色間的情緒起伏。
q8,"希望作品是
1.背景為現代
有槍砲炸藥之類的比較有代入感，對武俠/奇幻沒興趣，現代但有些微科幻/超能力要素沒關係
2.主角不是從0開始練等
漏漏長的成長過程會讓我想睡，大概是從看完鬥破蒼穹那公式化的遇強敵→隊友幫扛→遇到機運→變強反殺→前往下個城鎮→遇強敵，之後再也不想看這種了
3.主角非中二/死屁孩
不要太嚴重就好，隱殺主角偶爾也會屁孩一下但是是那種大人逗小鬼玩的感覺就不會反感",f07c4efa-c3e3-55f8-8ec3-b9404edf02cc,某科學的超電磁炮,鐮池和馬,71.4,完結,"校園, 科幻, 異能, 魔法, 冒險, 電擊文庫, 日本輕小說",有230萬人口，其中八成人口為學生的「學園都市」，是比其他地區科技更為先進，並從事「超能力開發」的特殊地區。而整座學園都市中僅有七人的等級5超能力者之一御坂美琴，由於她的能力與個性使然，因而被捲入了學園都市中所發生的種種事件……,3,作品背景為現代學園都市且包含科幻與異能要素，符合要求1；主角御坂美琴開局即為頂尖的Level 5超能力者，不存在從零開始的冗長成長過程，符合要求2；主角性格活潑但並非中二或死屁孩，符合要求3。整體高度契合使用者需求。
q8,"希望作品是
1.背景為現代
有槍砲炸藥之類的比較有代入感，對武俠/奇幻沒興趣，現代但有些微科幻/超能力要素沒關係
2.主角不是從0開始練等
漏漏長的成長過程會讓我想睡，大概是從看完鬥破蒼穹那公式化的遇強敵→隊友幫扛→遇到機運→變強反殺→前往下個城鎮→遇強敵，之後再也不想看這種了
3.主角非中二/死屁孩
不要太嚴重就好，隱殺主角偶爾也會屁孩一下但是是那種大人逗小鬼玩的感覺就不會反感",899ab516-6d49-5fac-8624-a36452c5974d,DOPE緝毒部特別搜查課,木崎ちあき,11.1,連載,"科幻, 異能, 冒險, 犯罪, 懸疑, 角川文庫, 日本輕小說",能夠將攝取者的能力大幅提升的新型毒品「DOPE」，於近未來的日本流通。第六感比常人更加敏銳，擁有類似預知未來力量的才木優人，因為那個能力被看中而調任緝毒部特別搜查課。他在那裡認識了行為脫離常理，第一印象極度惡劣的指導官——陣內鐵平。性格迥異的兩人組成團隊，聯手解決異能者「DOPER」所引發的可疑事件——！,3,作品背景為近未來現代，包含緝毒、犯罪調查及異能要素，完全符合使用者對現代背景及微科幻/超能力的需求。主角初始便擁有強大能力並被招募，而非從零開始的公式化練等成長模式，且故事基調為懸疑調查，避開了使用者反感的中二或死屁孩風格。
q8,"希望作品是
1.背景為現代
有槍砲炸藥之類的比較有代入感，對武俠/奇幻沒興趣，現代但有些微科幻/超能力要素沒關係
2.主角不是從0開始練等
漏漏長的成長過程會讓我想睡，大概是從看完鬥破蒼穹那公式化的遇強敵→隊友幫扛→遇到機運→變強反殺→前往下個城鎮→遇強敵，之後再也不想看這種了
3.主角非中二/死屁孩
不要太嚴重就好，隱殺主角偶爾也會屁孩一下但是是那種大人逗小鬼玩的感覺就不會反感",092aed93-43d0-5e7b-954f-0401ca86a947,殼中少女,沖方丁,42.4,完結,"科幻, 異能, 戰鬥, 冒險, 懸疑, 黑暗, 其他文庫, 日本輕小說",為什麼是我？──在賭博師榭爾的殘忍設計下，雛妓芭洛特被爆炸火焰所吞蝕。垂死的她被鼠型萬能武器烏夫庫克所拯救，也因此得到了高度電子干擾能力。再次重生的芭洛特想追查榭爾的犯罪行為，但是敵方的負責官卻阻擋在她面前，他也是過去濫用烏夫庫克，干盡殺戮之事的男人……宛如子彈般激情爆發的三部曲系列作品啟動！,3,作品背景為科幻且包含電子干擾能力與武器，符合用戶對現代/科幻及槍砲要素的偏好；主角在故事開頭即獲得強大能力並展開復仇，避開了用戶厭惡的公式化練等過程；主角的設定（受難者/復仇者）也與中二死屁孩的形象相去甚遠，高度符合用戶需求。
q9,"想請各位大大推薦一下這類的輕小說或小說，大陸網文也可以（我就是看了某部大陸網路輕小說才想找一些這類型的故事來看

世界觀再細一點的話
就是那種奇幻元素並不普及於所有人，只有少部份人擁有特殊能力，或是一些非人種族不會輕易在人前現身，隱藏在人類社會中那種都市奇幻類型",79236b8e-5c61-5f5e-8a79-d897942d6cbc,無罪之紅,渡井亘,18.7,連載,"轉生, 異能, 戰鬥, 青梅竹馬, 人外, 講談社, 日本輕小說",曾經有一個被稱為『紅之破壞神』的存在。以把毀滅萬物作為使命，擁有把一切事物抹滅之力的絕對的神。但是經由一個轉生者之手慘遭敗北後死去，接著破壞神「轉生」了。在名為日本的國家裡，作為普通的高中生生活著。曾經讓人們陷入恐怖的絕對的神已經不知所蹤。作為全身心充斥著愛護動物精神的青年成長的真田辰季，帶有「不死」與「變異」能力過著校園生活。但是。懼怕著轉生後的辰季的復活，異世界派來的勇者——狐冢日花里向辰季襲來！！明明只是個喜歡動物的高中生而已！！「我才不想要轉生」拒絕轉生到異世界系列第1彈！,3,這部作品完全符合用戶要求的「都市奇幻」設定：故事發生在現代日本社會，主角與勇者等擁有特殊能力或非人身分的人物隱藏在普通高中生等人類身份之中，且奇幻元素並非普及，符合用戶對世界觀的精確需求。
q9,"想請各位大大推薦一下這類的輕小說或小說，大陸網文也可以（我就是看了某部大陸網路輕小說才想找一些這類型的故事來看

世界觀再細一點的話
就是那種奇幻元素並不普及於所有人，只有少部份人擁有特殊能力，或是一些非人種族不會輕易在人前現身，隱藏在人類社會中那種都市奇幻類型",2c71b93e-4286-5fea-882d-5f5408069d7b,silentworld,ごぉ,13.2,完結,"科幻, 異能, 校園, 歡樂向, 電擊文庫, 日本輕小說",隨處可見的普通高中生羽鳥健人。他有一個秘密。——自由操縱時間流逝的能力——這就是健人的秘密。健人一直想知道自己使用這種能力的「意義」。就在這時，健人知道了某個「過路魔」的存在。面對這個毫無徵兆地襲擊人們的攔路殺手，健人有一種預感。這個路魔，擁有和自己一樣的能力——。健人像被引誘一樣追捕過路魔，在他面前出現了一個少女。那個少女也擁有和健人一樣的能力——。來自fronwing最新作《ISLAND》創作組合，兩位人氣創作者聯手創作最新小說。自由支配時間的高中生·健人，和擁有比他更多能力的殺人魔……在超越時間流逝的世界中戰鬥有勝機嗎——!?以厚重的世界設定和大量美麗的插畫呈現，令人矚目的科幻小說滿載登場！！,3,這本書完美符合用戶的需求：故事設定在現代都市（高中生），且異能（操縱時間）並非普及而是一個「秘密」，且存在隱藏在人類社會中的特殊存在（過路魔），完全符合用戶要求的「都市奇幻」以及「少數人擁有能力並隱藏在人類社會」的世界觀設定。
q9,"想請各位大大推薦一下這類的輕小說或小說，大陸網文也可以（我就是看了某部大陸網路輕小說才想找一些這類型的故事來看

世界觀再細一點的話
就是那種奇幻元素並不普及於所有人，只有少部份人擁有特殊能力，或是一些非人種族不會輕易在人前現身，隱藏在人類社會中那種都市奇幻類型",56723821-d2bf-527d-816a-e096b3883dca,魔法禁書目錄,鐮池和馬,299.8,完結,"校園, 科幻, 異能, 魔法, 戰鬥, 後宮, 電擊文庫, 日本輕小說",這裡是將「超能力」認知為「一般科學」的反超自然學園都市。一名白衣修女從天而降，來到高中生上條當麻的房間。但那名修女裝扮的少女卻表示，她是從魔法的世界逃到這裡來的。上條對這個自稱是「禁書目錄」的神秘少女的言行相當懷疑，然而真正的「魔法師」，卻在兩人眼前出現──！！－－－－－－－－註：本小說已經完結，歡迎大家繼續關注後續的第二部小說，在本站搜索《新約》(或點擊下面作者名字),3,該書完全符合使用者要求的「都市奇幻」類型。故事設定在現代背景的學園都市，且明確區分了超能力（科學）與魔法（隱秘）兩大體系，且魔法世界對一般大眾是隱藏的，完美契合使用者對「奇幻元素不普及」以及「隱藏在人類社會中」的需求。
q9,"想請各位大大推薦一下這類的輕小說或小說，大陸網文也可以（我就是看了某部大陸網路輕小說才想找一些這類型的故事來看

世界觀再細一點的話
就是那種奇幻元素並不普及於所有人，只有少部份人擁有特殊能力，或是一些非人種族不會輕易在人前現身，隱藏在人類社會中那種都市奇幻類型",eea274d0-8034-53eb-b2f8-3f32353f141b,重啟咲良田,河野裕,94.6,完結,"科幻, 校園, 異能, 懸疑, 青春, 戀愛, 角川文庫, 日本輕小說",咲良田，一座看似平凡普通、安詳寧靜的城鎮，實際上城中半數居民都是擁有超能力並受到約束的「能力者」。就讀高中的淺井惠和春埼美空，正是官方嚴密控管的對象，因為淺井與春埼合作的「重啟」指令，能夠讓這世界如同時光倒流般回到三天前，讓一切重新來過。為了讓官方放寬監視而加入服務性社團的淺井和春埼，某天收到了一名少女的委託：「請讓我的貓復活！」於是，兩人為了救助貓咪進行了「重啟」……,3,該書設定在一個看似平凡的城鎮，僅有部分居民擁有受官方控管的特殊能力，且故事氛圍屬於都市奇幻，高度符合使用者要求的「能力不普及」、「隱藏在人類社會」以及「都市奇幻」等核心需求。
q9,"想請各位大大推薦一下這類的輕小說或小說，大陸網文也可以（我就是看了某部大陸網路輕小說才想找一些這類型的故事來看

世界觀再細一點的話
就是那種奇幻元素並不普及於所有人，只有少部份人擁有特殊能力，或是一些非人種族不會輕易在人前現身，隱藏在人類社會中那種都市奇幻類型",074d46d4-243f-5b1c-af43-22a97926fd32,絕對的孤獨者,川原礫,58.4,連載,"科幻, 異能, 戰鬥, 後宮, 電擊文庫, 日本輕小說",二○一九年八月。人類初次接觸的地球外有機生命體，有複數墜落至地球上的幾座城市內。之後被稱之為「第三隻眼」的那個球體，會賦予跟它們接觸的人現代科學無法解答的「力量」。有人得到連聲音都能超越的「速度」。有人得到連鋼鐵都能斬斷的「刀刃」。還有人得到可以咬斷萬物的「牙齒」。十七歲的少年──空木實也是其中之一。他唯一的心愿，以及得到的能力。那就是「孤獨」。那股「力量」可以實現「絕對孤獨」，卻將實捲入他不希望的戰爭之中。跟義姊平凡卻安穩的日子遭到破壞之際，實將以絕對的「孤獨者」之姿覺醒──！,3,該書設定在現代都市，僅有少數接觸外星生命體的人能獲得特殊能力，且這些能力超脫現代科學，符合使用者要求的「都市奇幻」以及「少數人擁有特殊能力且隱藏在人類社會中」的核心需求。
q9,"想請各位大大推薦一下這類的輕小說或小說，大陸網文也可以（我就是看了某部大陸網路輕小說才想找一些這類型的故事來看

世界觀再細一點的話
就是那種奇幻元素並不普及於所有人，只有少部份人擁有特殊能力，或是一些非人種族不會輕易在人前現身，隱藏在人類社會中那種都市奇幻類型",945e4228-9c75-5bdd-8e3a-71053caa7fea,光之國度,恩田陸,10.8,完結,"科幻, 異能, 治癒, 集英社, 日本輕小說",班上有同學能背誦日本古典和歌，大家都讚嘆不已，光紀卻倍感委屈，因為小學四年級的他早已能輕易將好幾本古典小說從頭到尾一字不漏背誦，父母卻從不讓他對別人透露。能背誦龐大的書籍內容、能得知遠方發生的事、能長壽幾百年、能一天跑過幾百公里——這群來自「常野」的人們，各自擁有不可思議的能力。他們一如「常野」其名，經常在野，沉穩、充滿知性、對權利不抱憧憬，藏身於二十世紀的平凡生活當中。他們究竟是為了什麼而存在，想回歸何處？一本刻骨銘心的療傷小說。,3,該書描述一群擁有特殊能力的「常野」之人隱藏在20世紀的平凡人類社會中，完全符合用戶要求的「都市奇幻」、「少數人擁有特殊能力」以及「隱藏在人類社會中」的核心設定。
q9,"想請各位大大推薦一下這類的輕小說或小說，大陸網文也可以（我就是看了某部大陸網路輕小說才想找一些這類型的故事來看

世界觀再細一點的話
就是那種奇幻元素並不普及於所有人，只有少部份人擁有特殊能力，或是一些非人種族不會輕易在人前現身，隱藏在人類社會中那種都市奇幻類型",759d2ceb-5632-545e-b143-7a751ec3d60b,道別的方法，我不願知曉,河野裕,116.2,連載,"科幻, 懸疑, 異能, 鬥智, 青春, 戀愛, 其他文庫, 日本輕小說",故事開始了——在八月湛藍的天空下。你獲得了成為架見崎居民的權利——。高二的香屋步收到一封奇怪的信，上面寫著從沒聽過的城鎮。儘管內容可疑，但信封上的記號和兩年前摯友最後留下的記號相同。Toma還活著？為尋找線索，香屋前往信中指定的公寓……戰爭。領土。能力者。與死亡和淚水比鄰的青春。「架見崎」系列，就此開幕。,3,該書屬於典型的都市奇幻設定，描述在現代社會中存在著少數擁有能力的「能力者」，且故事圍繞著一個神祕的特定區域（架見崎）展開，符合使用者要求的「奇幻元素不普及」、「少部分人擁有特殊能力」以及「隱藏在人類社會」的核心需求。
q9,"想請各位大大推薦一下這類的輕小說或小說，大陸網文也可以（我就是看了某部大陸網路輕小說才想找一些這類型的故事來看

世界觀再細一點的話
就是那種奇幻元素並不普及於所有人，只有少部份人擁有特殊能力，或是一些非人種族不會輕易在人前現身，隱藏在人類社會中那種都市奇幻類型",f07c4efa-c3e3-55f8-8ec3-b9404edf02cc,某科學的超電磁炮,鐮池和馬,71.4,完結,"校園, 科幻, 異能, 魔法, 冒險, 電擊文庫, 日本輕小說",有230萬人口，其中八成人口為學生的「學園都市」，是比其他地區科技更為先進，並從事「超能力開發」的特殊地區。而整座學園都市中僅有七人的等級5超能力者之一御坂美琴，由於她的能力與個性使然，因而被捲入了學園都市中所發生的種種事件……,2,該作品屬於都市奇幻且包含異能元素，符合使用者對「特殊能力」的需求。雖然故事設定在一個專門開發超能力的「學園都市」，使得能力在該區域內較為普及，而非完全隱藏於一般社會中，但其核心設定仍與使用者的需求高度相關。
q9,"想請各位大大推薦一下這類的輕小說或小說，大陸網文也可以（我就是看了某部大陸網路輕小說才想找一些這類型的故事來看

世界觀再細一點的話
就是那種奇幻元素並不普及於所有人，只有少部份人擁有特殊能力，或是一些非人種族不會輕易在人前現身，隱藏在人類社會中那種都市奇幻類型",676cbf73-9743-576f-90dc-b7bfb8b0d866,暗部共生少女,鐮池和馬,47.5,連載,"校園, 科幻, 異能, 魔法, 女性視角, 電擊文庫, 日本輕小說",「超能力」被當成「普通科學」的「學園都市」。其和平的背後存在「暗部」組織，承包不能浮上檯面的任務。「道具」──由四名少女組成的精銳部隊。能夠讀取能力者身上微弱力量加以追蹤的瀧壺理後、擅長以爆裂物和陷阱戰鬥的芙蘭達．塞維倫、能隨心所欲操縱氮氣負責防禦的絹旗最愛，以及學園都市引以為傲的七名超能力者之一的麥野沈利。自由地活在學園都市黑暗之中的她們，靜靜鎖定目標──！「老、娘、今、天、一、定、要、宰、了、妳。」這是描述最後發展為「凄慘事件」的少女們其相遇、友情，以及黑暗的故事。,3,推薦書籍設定在現代感的「學園都市」，且故事核心聚焦於隱藏在表象之下的「暗部」組織與秘密任務，完全符合使用者要求的「都市奇幻」以及「少數人擁有特殊能力且隱藏在社會中」的設定。
q9,"想請各位大大推薦一下這類的輕小說或小說，大陸網文也可以（我就是看了某部大陸網路輕小說才想找一些這類型的故事來看

世界觀再細一點的話
就是那種奇幻元素並不普及於所有人，只有少部份人擁有特殊能力，或是一些非人種族不會輕易在人前現身，隱藏在人類社會中那種都市奇幻類型",882f18fa-be28-5ccb-bfdd-e452214b936e,佐佐木與文鳥小嗶,ぶんころり,147.7,連載,"魔法, 異能, 戰鬥, 龍傲天, 大小姐, JC, MF文庫J, 日本輕小說",在寵物店買的可愛文鳥竟是從異世界轉生而來的著名賢者。佐佐木被賦予了超越世界的機會和強大的魔法力量，開始將現代物品帶到異世界進行買賣。在世界之間來回穿梭──賺賺錢、做做魔法訓練，偶爾品嘗美食──以如此悠然愜意的生活為目標。然而，某天他卻在從公司回家的路上，遇到了異能力者。儘管憑著得自賢者的魔法解決了異能戰鬥，卻使得他的實力受到注目，因而被內閣府超常現象對策局挖角，決定轉行成為國家公務員……？異世界幻想×異能戰鬥×年齡差戀愛喜劇（？）。還有魔法少女、JC鄰居、JK同事、貴族、蘿莉BBA、王子等等……這是為您獻上所有屬性、在異世界和現代日本之間來回穿梭的故事。,3,該作品完美符合使用者的需求。故事設定在現代日本（都市奇幻），且奇幻元素（魔法、異能力）並非普及，而是由少數異能力者持有，並存在著由內閣府管理的秘密對策局，符合「隱藏在人類社會中」的核心設定。
q9,"想請各位大大推薦一下這類的輕小說或小說，大陸網文也可以（我就是看了某部大陸網路輕小說才想找一些這類型的故事來看

世界觀再細一點的話
就是那種奇幻元素並不普及於所有人，只有少部份人擁有特殊能力，或是一些非人種族不會輕易在人前現身，隱藏在人類社會中那種都市奇幻類型",a7037c16-da09-54ab-88b1-a8a83ff18b40,DOG LIVE,藤原健市,27.3,完結,"異能, 戰鬥, 犯罪, 後宮, 妹妹, 集英社, 日本輕小說",〈J能力〉——體驗過絕望的少年少女們所覺醒的特殊能力。絕望所帶來的力量，將得到能力的人引導至更深沉的黑暗中。在表面社會已無立足之地的他們，聚集起來催生了犯罪集團「JUDAS」。與J能力者有關的罪行，警察們均稱之為J犯罪；但這些罪犯大多都未成年，外觀和一般人無異，因此警方在處理方面總是慢半拍。於是警視廳籌組了特殊青少年對策局，向J能力者尋求協助，共同對抗J犯罪。而被挖角的民間協助者，便是「特少對之犬」。「J能力是在絕望到極點的時候，用來拯救自己的力量。可是我們卻擅自使用這種力量，這樣不對吧？」成為特少對之犬的四月朔日咲是這麼想的，不過她依舊在巷弄暗處打擊犯罪。後來咲遇見為了洗刷父親的冤屈而使用能力侵入警視廳的月見里總——希望與絕望交織成的異能戰鬥動作劇就此開幕！！,3,該作品完全符合用戶要求的「都市奇幻」設定：異能（J能力）僅少數特定條件的人擁有，且這些能力者與其衝突隱藏在表面社會之下，由專門的秘密部門處理，精準匹配用戶對「非普及異能」且「隱藏於人類社會」的需求。
q9,"想請各位大大推薦一下這類的輕小說或小說，大陸網文也可以（我就是看了某部大陸網路輕小說才想找一些這類型的故事來看

世界觀再細一點的話
就是那種奇幻元素並不普及於所有人，只有少部份人擁有特殊能力，或是一些非人種族不會輕易在人前現身，隱藏在人類社會中那種都市奇幻類型",5babb8c2-c754-534d-b0aa-992952f7f120,這裡是終局停滯委員會。,逢緣奇演,76.2,連載,"科幻, 末日, 校園, 異能, 戰鬥, 後宮, 電擊文庫, 日本輕小說",拿巨大槍械狂轟。那正是我們的學園生活（青春）。其實我們的世界似乎正在悄悄毀滅。潛伏於上野不忍池的異形、盤踞在艾菲爾鐵塔的巨大蝸牛、無論怎麼看都像美少女的魔王……透過真面目與數量都不明的某種存在──「終局」之手。可是在世界背後，有一群對此豎起中指的少年少女在奮戰。「啊哈☆在最強美少女光裡面前，區區神明還敢趾高氣昂！」「麻煩妳留手，隊長。巴黎市區會被炸翻！運氣好的話！」終局並不能停止，只能使其停滯。即使如此，他們仍舊拿起槍械。要問為什麼？因為對他們來說這就是家常便飯，每天都像節慶，青春正該如此！原本替黑幫打雜而嚮往「普通」的我，在這裡不就可以過起開心的學園生活嗎？,3,這本書符合使用者要求的「都市奇幻」設定：故事發生在現代都市（東京、巴黎），且奇幻元素（異形、魔王）隱藏在人類社會的背後，並由少數擁有能力的人（委員會成員）負責對抗，完全符合使用者對「非普及、隱藏於人類社會」的核心需求。
q10,"像是果青友少這種的
年份的話最近三到五年為主
背景是校園戀愛喜劇為主
有複數女角讓男主多選一
啊不要開場就有女朋友鎖死的
那種我覺得其他女角只是浪費時間而已",4217545f-9fa6-5d00-a824-89cbbc8e708d,有誰規定了現實中不能有戀愛喜劇的？,初鹿野創,69.9,完結,"校園, 青春, 戀愛, 群像, 後宮, 歡樂向, 小學館, 日本輕小說",「想體驗有如戀愛喜劇的現實。」與女主以及好友角色一同度過充實的校園生活，輕小說嗜好者諸君想必都考慮過這種事吧。可惜現實中沒有此類戲劇化的展開。義妹之屬、青梅者流、現役偶像同級生包括神秘學姐甚或同性好友出現的可能性全無。如此這般，只好自己試著打造出理想。反覆分析練習必要事項，把現實染上戀愛喜劇的色彩。第十四回小學館輕小說大賞優秀賞受賞作——希望諸君能夠因此得到優秀的閱讀體驗。,3,該書完全符合用戶的需求：背景為校園戀愛喜劇，標籤包含「後宮」，且簡介中提到多位不同屬性的女性角色（義妹、青梅、偶像、學姐），符合「複數女角多選一」的要求。同時，故事設定為主角試圖打造戀愛喜劇，暗示開場並未鎖定單一對象。整體風格與用戶提到的《果青》、《友少》等現代輕小說氛圍相近。
q10,"像是果青友少這種的
年份的話最近三到五年為主
背景是校園戀愛喜劇為主
有複數女角讓男主多選一
啊不要開場就有女朋友鎖死的
那種我覺得其他女角只是浪費時間而已",722f8e27-8132-56de-87ed-c2931b672565,異世界和我，你喜歡哪個？,曉雪,18.7,完結,"校園, 歡樂向, 後宮, 戀愛, MF文庫J, 日本輕小說",NO異世界，NOLIFE。我——市宮翼是個渴望到異世界開後宮的高中生，某天在書店的輕小說區偶遇班上第一美少女鯰森結月，這才發現她原來和我一樣是個「異世界廚」。「市宮同學，你跑到異世界以後想做什麼？」「我想開後宮。」「你白痴啊。」這個嘛，雖然彼此願景方向有點不同……我們仍熱烈聊著自己對異世界的看法一起回家。想不到路上我被傳送到了進行異世界轉生手續的地方——難道我要美夢成真了？可是現實終究殘酷，我的「點數」不足以轉生，於是我又回到了現實世界，開始集點生活，然而……？由異世界廚為您呈獻，「說不定現實女性其實也沒那麼糟」繫戀愛喜劇放閃登場！,3,該書符合校園戀愛喜劇背景，標籤包含「後宮」且劇情描述男主角在現實世界中與多位女性互動，且開場並非處於鎖定關係，完全符合使用者要求的複數女角多選一且非開場鎖死的需求。
q9,"想請各位大大推薦一下這類的輕小說或小說，大陸網文也可以（我就是看了某部大陸網路輕小說才想找一些這類型的故事來看

世界觀再細一點的話
就是那種奇幻元素並不普及於所有人，只有少部份人擁有特殊能力，或是一些非人種族不會輕易在人前現身，隱藏在人類社會中那種都市奇幻類型",76cba688-0e70-52bb-baaf-b01392257a9b,樂園殺手,呂暇郁夫,22.3,連載,"科幻, 異能, 戰鬥, 黑暗, 小學館, 日本輕小說",能夠將人的意念轉化為力量的沙塵，人物將其稱為災厄。授予人類異能的沙塵漫天飛舞的偉大都市。在這個荒廢的世界裡被稱作「樂園」的偉大都市，能夠將沙塵轉化為力量從而覺醒了各種能力的人們聚集於此。專門緝拿利用能力作惡的罪犯的精銳部隊「肅清官」，維護著這座城市的秩序。肅清官——射擊名手希爾薇 · 巴雷特，以及寡言的黑劍士進。經過某一起事件組隊成為搭檔的兩人，被指派對能夠將人變成野獸的毒品進行搜查。然而，這種毒品的流通背後潛藏著肅清官在過去種下的惡果。巨大的惡意在現代復甦，化為野獸的利齒，意圖給偉大都市刻下一道巨大的傷痕。阻擋在肅清官面前的是操縱屍體的能力者，和釋放熱輻射的能力者。以及——製造出兇惡獸人的異端能力者。與窮凶極惡的能力者們展開的生死對決，站到最後的人是……「我無論如何都必須以完美為目標。」「這次的恐怖襲擊事件里，我認定你們為獸人事件主謀的幫凶，所以——」「——我要肅清你們。」滾滾沙塵之中，戴面具的能力者們的故事即將揭開序幕。,2,使用者尋找的是「都市奇幻」，且強調異能或非人種族需「隱藏在普通人類社會中」且「不普及」的設定。而《樂園殺手》雖然具有都市背景與異能設定，但其世界觀是「荒廢世界中的偉大都市」，且能力者聚集於此並有正式的「肅清官」執法體系，更偏向反烏托邦或戰鬥科幻，而非使用者所要求的「隱藏於日常社會」的氛圍，因此僅部分符合需求。
q9,"想請各位大大推薦一下這類的輕小說或小說，大陸網文也可以（我就是看了某部大陸網路輕小說才想找一些這類型的故事來看

世界觀再細一點的話
就是那種奇幻元素並不普及於所有人，只有少部份人擁有特殊能力，或是一些非人種族不會輕易在人前現身，隱藏在人類社會中那種都市奇幻類型",899ab516-6d49-5fac-8624-a36452c5974d,DOPE緝毒部特別搜查課,木崎ちあき,11.1,連載,"科幻, 異能, 冒險, 犯罪, 懸疑, 角川文庫, 日本輕小說",能夠將攝取者的能力大幅提升的新型毒品「DOPE」，於近未來的日本流通。第六感比常人更加敏銳，擁有類似預知未來力量的才木優人，因為那個能力被看中而調任緝毒部特別搜查課。他在那裡認識了行為脫離常理，第一印象極度惡劣的指導官——陣內鐵平。性格迥異的兩人組成團隊，聯手解決異能者「DOPER」所引發的可疑事件——！,3,該書設定在近未來的都市，且異能（DOPER）並非普及於所有人，而是少數人擁有或透過特定藥物獲得，且由專門的搜查課處理，高度符合使用者要求的「都市奇幻」以及「能力者隱藏在人類社會中」的核心需求。
q9,"想請各位大大推薦一下這類的輕小說或小說，大陸網文也可以（我就是看了某部大陸網路輕小說才想找一些這類型的故事來看

世界觀再細一點的話
就是那種奇幻元素並不普及於所有人，只有少部份人擁有特殊能力，或是一些非人種族不會輕易在人前現身，隱藏在人類社會中那種都市奇幻類型",aea72352-d22b-5456-8e82-dd4116cd2c82,魔法學園MA,榊一郎,118.8,完結,"校園, 魔法, 冒險, 歡樂向, 後宮, 人外, Fami通文庫, 日本輕小說",男主角羽瀨川拓人表面上是個普通的高中生，其實是隱藏在現在社會下的魔法學院里的魔法師候補生，在某次召喚考試的時候，控制失誤導致召喚出了一個足以破壞世界的強大獸耳少女，並從此被捲入各種混亂事件中去。,3,推薦書籍完全符合使用者的核心需求：設定在現代社會（都市奇幻），且魔法能力與魔法學院隱藏在一般人視線之外，僅有少部分人擁有特殊能力，且包含非人類種族（獸耳少女），與使用者要求的「隱藏在人類社會中的都市奇幻」高度契合。
q10,"像是果青友少這種的
年份的話最近三到五年為主
背景是校園戀愛喜劇為主
有複數女角讓男主多選一
啊不要開場就有女朋友鎖死的
那種我覺得其他女角只是浪費時間而已",bb40bacf-8b59-5dd6-aaab-5bc28dcb74fd,輕小說的快樂寫作法,本田透,97.6,完結,"校園, 青春, 戀愛, 歡樂向, 後宮, 妹妹, GA文庫, 日本輕小說",與八雲知道了一個非常恐怖的秘密，同一個班上的非常可怕的學園最強少女，流鏑馬劍，其實是一個撰寫可愛、幻想風格輕小說的作家？姬宮美櫻……！因此，八雲被想要隱瞞這件事情的劍威脅「要是說出去的話就要了你的命。」。同時，劍卻正由於陷入低潮而無法開始新的戀愛小說的寫作。八雲的表姐，也是劍的擔當編輯的心夏又不知在考慮些什麼的對劍說「和八雲一起進行一個月的模擬戀愛吧～！」。這兩個人之後的命運是……從沒趕上截稿日開始的校園戀愛劇，開始！,3,該書完全符合使用者的核心需求：背景為校園戀愛喜劇，標籤包含「後宮」（複數女角），且劇情設定為從「模擬戀愛」開始，並非開場即有鎖死女友，與使用者要求的風格高度一致。
q10,"像是果青友少這種的
年份的話最近三到五年為主
背景是校園戀愛喜劇為主
有複數女角讓男主多選一
啊不要開場就有女朋友鎖死的
那種我覺得其他女角只是浪費時間而已",b9db5b31-7ee8-53e6-bc53-1137444c3187,匿名拯救了厭男美女姊妹後會發生什麼事？,みょん,33.2,連載,"校園, 青春, 戀愛, 後宮, 歡樂向, 角川文庫, 日本輕小說",我在同年級的美女姊妹遭到強盜襲擊時出手相救。聽說她們姊妹「討厭男人」……可是妹妹藍那會用豐滿的胸部壓過來對我撒嬌，姊姊亞利沙穿著女僕裝想要侍奉我──喂，跟傳聞完全不一樣啊！此時的我根本沒有察覺，對她們姊妹而言，「只有我是特別的」。「想要與他相愛，生下他的孩子。」「想要成為隼人大人的奴隸。」「那麼姊姊，我們一起讓隼人同學沉溺在我們的愛里吧？」……再這樣下去我感覺會變成廢人。可是她們兩人對我付出的愛意甜美得令人舒服，讓我不禁想要委身其中──！希望能像這樣被愛一次，濃烈的後宮愛情喜劇在此揭開序幕。,3,該書完全符合用戶要求的校園戀愛喜劇設定，具有後宮元素（複數女角讓男主選擇），且劇情開端並未設定固定女友，與用戶的核心需求高度一致。
q10,"像是果青友少這種的
年份的話最近三到五年為主
背景是校園戀愛喜劇為主
有複數女角讓男主多選一
啊不要開場就有女朋友鎖死的
那種我覺得其他女角只是浪費時間而已",877b613c-e9b2-548f-b1ff-179cbf025fd0,關於同班同學太病嬌這檔事,浜辺夜空,0.7,連載,"校園, 戀愛, 病嬌, 後宮, 歡樂向, kakuyomu, Web輕小說",同班同學都是病嬌!? 充滿暗黑甜蜜氣息的後宮♡17歲的高中二年級生林暉久(はやし てるひさ)因被欺負而被分配到只有問題學生上課的M班。M班現在只有5名女學生，正是後宮狀態，在這裡暉久開始與一名黑色長髮女學生交往，為人生中第一次擁有女朋友而感到心動。但是，他漸漸發現，班上所有同學都是病嬌，於是一場地獄般的後宮生活就此展開。不過，每個女學生背後都隱藏著一些黑暗的過去……,3,該書符合校園背景、戀愛喜劇（歡樂向）以及後宮（複數女角）的設定。且其包含的「病嬌」與「黑暗過去」元素，與使用者提到的《果青》、《友少》在氛圍上有一定的相似度。雖然簡介提到男主開始與一名女學生交往，但這屬於劇情發展而非開場即既定關係，且標記為後宮，符合使用者對於多選一的需求。
q10,"像是果青友少這種的
年份的話最近三到五年為主
背景是校園戀愛喜劇為主
有複數女角讓男主多選一
啊不要開場就有女朋友鎖死的
那種我覺得其他女角只是浪費時間而已",d13d2e4e-2728-5f27-a69e-a5e77103544f,節哀唷二之宮同學,鈴木大輔,132.6,完結,"校園, 奇幻, 歡樂向, 戀愛, 後宮, 大小姐, 富士見文庫, 日本輕小說",在時下的愛情喜劇男主角里比較少見的，硬派作風的高中生二之宮峻護。在某一天因為性感的姊姊涼子的命令，突然開始了和清純可憐的超級美少女月村真由的同居生活。而且，還被涼子和真由的哥哥——美樹彥為了要治療真由的「男性恐懼症」為名而強迫進行包括「住在一起」「一起洗澡」「一起睡覺」等等令人害羞的內容特別訓練。而在兩人特訓的中途，界級財閥家的大小姐——學生會長北條麗華，也作為女傭住進了二之宮家中。,3,該書為校園戀愛喜劇且具有後宮設定，符合使用者要求的「複數女角」以及「開場沒有鎖死女友」的核心需求，與使用者尋找的風格高度匹配。
q10,"像是果青友少這種的
年份的話最近三到五年為主
背景是校園戀愛喜劇為主
有複數女角讓男主多選一
啊不要開場就有女朋友鎖死的
那種我覺得其他女角只是浪費時間而已",d389dd82-1e7c-5a95-8145-936c2f987afa,歡迎光臨佛教學校,わかつきひかる,10.3,完結,"校園, 歡樂向, 青春, 戀愛, 後宮, HJ文庫, 日本輕小說",在開學典禮上分發念珠和獨鈷杵？高原大和在一連串不幸的巧合下，進入了所謂的佛教學校「寶鳳寺高中」就讀！而大和在佛陀的指引下，到底會成為「現充」還是「現住」？故事以古都‧奈良為舞台，和寺廟之女及花道門派之女等許多個性獨特的夥伴一起渡過〈領悟教育〉生活的校園戀愛喜劇，現在就要開幕啦！,3,推薦書籍完全符合用戶要求的校園戀愛喜劇設定，具有後宮（多女角）屬性，且從簡介來看開場並非鎖定女友，符合用戶希望男主可以「多選一」的偏好。
q10,"像是果青友少這種的
年份的話最近三到五年為主
背景是校園戀愛喜劇為主
有複數女角讓男主多選一
啊不要開場就有女朋友鎖死的
那種我覺得其他女角只是浪費時間而已",fda672c2-9df0-5e1d-88be-2d8abfdb2d9f,不是針對誰，我是說在下的青梅竹馬和女友全都有病!!!,孤高之洋蘭,20.7,連載,"校園, 戀愛, 青春, 歡樂向, 後宮, 青梅竹馬, 大小姐, 青春日常, 華文輕小說",因為無意中窺探到了同桌美少女不為人知的真實，原本獨自一人過著平淡小日子的我竟然被異國的超級大小姐給盯上了！而後為了保守秘密居然還強迫我做她的男朋友!?不僅如此，就連過去相識的青梅竹馬們突然間也接二連三地回歸了!?——我的高中生活怎麼會變成這樣!?,3,該書完全符合用戶要求的「校園戀愛喜劇」背景，且具有「後宮」標籤與複數女角（大小姐、青梅竹馬），滿足男主多選一的需求。雖然開場提到被強迫成為男朋友，但這屬於後宮作品常見的設定（假關係/契約關係），而非情感上的鎖死，且隨後有其他女角回歸，符合用戶避開「開場鎖死」的意圖。
q10,"像是果青友少這種的
年份的話最近三到五年為主
背景是校園戀愛喜劇為主
有複數女角讓男主多選一
啊不要開場就有女朋友鎖死的
那種我覺得其他女角只是浪費時間而已",81244764-7b5f-593c-ab20-ec19cc6a3241,我們的溝通力堪稱是校園異能對決LOVE or LIKE？,川添枯美,13.3,完結,"校園, 歡樂向, 青春, 戀愛, 後宮, 集英社, 日本輕小說",身為帥哥，卻因為小學時代的心靈創傷而無法與女性四目相對，「唯臉男（FaceMan）」澤屋葉雄進入了菱實學園的交際溝通學科就讀。然而，交際溝通學科里的同年級生卻儘是一群麻煩人物，而且入學沒多久，他便不小心與受到人們畏稱為「帥哥殺手（PlayboyKiller）」的小山內蓉子對上眼，受到了相當嚴重的一擊。加上金髮美女正倉院寶物子，葉雄一行人透過「男女之會j摸索的交際溝通戰鬥正式展開！？,3,該書完全符合用戶的需求：背景為校園戀愛喜劇，標籤包含「後宮」且劇情介紹中出現多位女性角色，符合「複數女角多選一」的要求，且開場並無鎖定女朋友的設定，與用戶尋找的《果青》、《友少》類型的校園青春戀愛風格高度一致。
q10,"像是果青友少這種的
年份的話最近三到五年為主
背景是校園戀愛喜劇為主
有複數女角讓男主多選一
啊不要開場就有女朋友鎖死的
那種我覺得其他女角只是浪費時間而已",9d26d659-dd99-5b00-a77c-31acfb0d1f11,和初戀的同級生成為家人之後，青梅竹馬格外愛撒嬌。,彌生志郎,8.6,連載,"校園, 青春, 戀愛, 歡樂向, 後宮, 青梅竹馬, 講談社, 日本輕小說",沒想到會有和初戀的同級生，作為家人一起生活的日子會到來——。朝比奈日向。同級生、學生會會長，被稱之為向日葵女神的少女。雖然對那樣的她抱持著初戀，但有一天，我和日向是異母的姐弟這件事被公開了……『歡迎回來。飯已經做好了，要一起吃嗎？』從那一天開始，作為失戀的交換和初戀對象的同級生——同時也是姊姊的日向一起生活。在某一天，住在我隔壁的青梅竹馬·小夜月乃向我告白說喜歡我。對於無法忘記日向的我，月乃卻撒嬌著說沒關係……！？這是或許會和同級生/青梅竹馬成為戀人打情罵俏的愛情喜劇。,3,該書完全符合用戶的需求：背景為校園戀愛喜劇，包含多位女性角色（初戀同級生與青梅竹馬）形成競爭關係，且開場並未設定鎖死的戀人關係，符合「多選一」的意圖，與《友少》等作品的風格一致。
q10,"像是果青友少這種的
年份的話最近三到五年為主
背景是校園戀愛喜劇為主
有複數女角讓男主多選一
啊不要開場就有女朋友鎖死的
那種我覺得其他女角只是浪費時間而已",4e576862-5f26-57a1-a7e7-7cfe0a723422,Life Alive！,朝野始,37.1,完結,"校園, 歡樂向, 青春, 戀愛, 後宮, MF文庫J, 日本輕小說",「要不要跟人家談場戀愛呢？」私立瀨海學園——學生數7000人的豪門名校。葛原北斗——在這所學校里被學生們稱為「人渣學長」且懼二遠之的問題學生。就在某一天，學妹凜多愛梨來拜託北斗：「你可以假扮我的戀人嗎？」原來愛梨是想借用不良少年北斗的力量贏得學生會總選舉。然而，對手是擁有壓倒性支持率的「校園歌姬」，而且愛梨還是個被大家喚作「老土女」，身邊沒有任何朋友的女孩子……假扮戀人，全力輔佐，葛原該如何跟她演出（偽）戀愛戲碼，將形孤影只的她打造成,3,該書設定為校園戀愛喜劇，標籤包含「後宮」，符合使用者要求的多女角選擇。劇情開端為「假扮戀人」而非真實的穩定關係，沒有開場鎖死女友的情況，完全符合使用者的核心需求。
q10,"像是果青友少這種的
年份的話最近三到五年為主
背景是校園戀愛喜劇為主
有複數女角讓男主多選一
啊不要開場就有女朋友鎖死的
那種我覺得其他女角只是浪費時間而已",68771719-e5c0-51b1-83ec-a982a7d2ded3,不知不覺間就上了御宅社團公主、對宅男溫柔的辣妹、做爸爸活的郁嬌地雷女，以及裝可愛的小惡魔系後輩。而且這些女孩背後全都有一個疑似主人公的陰沉宅男，太糟了，怎麼就變成BSS了呢,園業公起,14.8,連載,"後宮, 戀愛, 校園, NTR, 歡樂向, kakuyomu, Web輕小說",BSS與NTR的次元融合戀愛喜劇！和御宅社團公主搞上了。BSS！和對宅男友好的辣妹搞上了。BSS！和裝可愛的小惡魔系學妹搞上了。BSS！和做爸爸活的郁嬌地雷女搞上了。BSS！這部作品講述的是一個蠢貨，因酒後衝動與怎麼看都像是屬於某個主角的女孩子們接連發生關係的戀愛喜劇。說實話搬運這部小說主要是我作為純愛戰神想讓大家學習一下男主的把妹手段的，不過園業公起這個作者精神狀態有些不穩定，做好本文隨時可能太監的準備。,2,該書滿足了校園背景、戀愛喜劇、複數女角且開場無固定女友的核心需求。然而，其設定包含 BSS 與 NTR 等較為極端的元素，與用戶提及的《果青》、《友少》這類較為正統或注重青春氛圍的戀愛喜劇在風格上有顯著差異，因此判定為部分符合。
q11,"最近人比較負面，
想看一些有共鳴的小說。
有沒有那種「我一個人爛就好了別搞其他人」的主角的輕小說？以前看大老師自暴自棄滿戳中我的。
宅宅現實找不到人取暖，希望能找輕小說取。",c48b95b7-3b67-5cde-b39a-9427d1c26588,無法計算的青春,佐野徹夜,9.0,完結,"輕文學, 青春, 戀愛, 黑暗, 電擊文庫, 日本輕小說",憂鬱世界的角落，我們站在希望與絕望的分歧點，感受當下絕無僅有的青春時光。每個人都有分數。外貌、學力、社交能力……取決於各種要素的分數，左右了所有人的生活。浮現於人們頭頂上的數字──不知何故，我看得見這些分數。比方說班上的怪胎春日，不懂打扮、成績低落、個性白目、沒有朋友，只有四十二分的低分，卻不自量力地喜歡班上的高分男。由於我能看見分數的事被春日知道了，為了提升春日的分數，我開始和她來往……日漸上升的春日分數，和一成不變的我。被分數掌控的我們，最終得知了分數無法掌控的事物──,2,用戶尋找能引起共鳴的、具有自暴自棄感或邊緣人屬性的主角（如《果青》的大老師）。推薦的書籍設定在一個由分數定義價值的憂鬱世界，主角處於停滯狀態並與低分邊緣人往來，其「社會邊緣」的氛圍與用戶追求的負面共鳴感相當契合，雖然主角的性格描述不如大老師那樣強烈地表現出「我一個人爛就好」的自毀邏輯，但整體基調符合需求。
q11,"最近人比較負面，
想看一些有共鳴的小說。
有沒有那種「我一個人爛就好了別搞其他人」的主角的輕小說？以前看大老師自暴自棄滿戳中我的。
宅宅現實找不到人取暖，希望能找輕小說取。",e5f455d0-d831-5614-a90a-4f9e2dafa869,於是，他就這樣燒了屋頂,KAMITSUKI RAINY,10.9,完結,"青春, 治癒, 女性視角, 小學館, 日本輕小說",被男朋友拋棄了之後，我，三浦加奈懷著輕生的念頭來到了校舍屋頂。然而，我在這裡遇見了一個自稱『稻草人』的，不可思議的女孩——還有毒舌的『機器人樵夫』和微笑的『獅子』。獅子說：「既然決定要死，要不要先報了仇再死？」——於是，我成了桃樂絲，那個童話故事中殺死西方女巫，並藉此實現願望的『奧茲王國魔法師』。廣闊的天空下，這裡是唯一屬於我們的地方。我們在此各自覓得了我們身上缺損的東西……——第五屆小學館輕小說GAGAGA文庫大賞，得獎作品。一部刻骨銘心的青澀的青春故事。,2,使用者尋求能引起共鳴的負面情緒，以及類似《大老師》中主角那種「自我厭惡、自暴自棄以保護他人/避免衝突」的特定孤獨感。推薦的小說同樣聚焦於青春的破碎感、負面情緒（如輕生念頭、被拋棄）以及「缺損」的人，能提供一定程度的情感共鳴。但其核心主題更傾向於「破碎之人之間的相互救贖」，而非使用者明確要求的「我一個人爛就好」這種自毀式的孤立特質，因此雖相關但未完全精準命中核心需求。
q11,"最近人比較負面，
想看一些有共鳴的小說。
有沒有那種「我一個人爛就好了別搞其他人」的主角的輕小說？以前看大老師自暴自棄滿戳中我的。
宅宅現實找不到人取暖，希望能找輕小說取。",fb754622-729a-5717-8139-3c69990fc526,幻色病,月夜照花,4.9,完結,"青春, 校園, 治癒, 青春日常, 華文輕小說",如果可以，我想把這段時光稱作旅行途中的風景很美一切的一切都很美但旅途終有盡頭，該怎麼去形容你我不會什麼華麗的辭藻亦不會高超的繪畫更別說高歌的嗓子我一無所有去形容，也許染色劑最貼切謝謝你，讓我在灰色的青春里看到彩色的你,2,用戶明確尋找的是像《果青》比企谷八幡那種「自暴自棄」、「自我厭惡」且不願牽連他人的特定角色類型。推薦的《幻色病》雖然同樣描述了青春的灰色地帶與孤獨感，且具有治癒屬性，符合用戶目前負面的情緒狀態，但從簡介來看，其主角更多是處於一種「空虛、一無所有」的狀態，而非用戶要求的「我一個人爛就好」的自我犧牲或自毀式人格。氛圍相近但角色特質不完全匹配。
q11,"最近人比較負面，
想看一些有共鳴的小說。
有沒有那種「我一個人爛就好了別搞其他人」的主角的輕小說？以前看大老師自暴自棄滿戳中我的。
宅宅現實找不到人取暖，希望能找輕小說取。",9c57a510-c12c-5fb0-aad1-9ef41e9c20b6,你的故事,三秋縋,13.3,完結,"輕文學, 科幻, 青春, 戀愛, 其他文庫, 日本輕小說",因為某種差錯，被植入了架空的青春時代記憶的孤獨青年·天谷千尋在那個夏天與並非實際存在的青梅竹馬·夏凪燈花相逢。「看來你忘卻了很多啊」——對疑惑不解的千尋，燈花如是說道。這是一段在相逢前就一直持續著，在開始前卻已然拉下帷幕的泡沫之戀。,1,使用者明確要求尋找像《大老師》中比企谷八幡那樣具有「自我毀滅/自毀式保護他人」特質、認同自己「爛」且不願牽連他人的主角。而推薦的《你的故事》雖然同樣探討孤獨與憂鬱，但其核心在於虛構記憶與悲劇性的戀愛，屬於情感上的傷感，而非使用者所追求的特定社交人格或價值觀共鳴。兩者僅在「孤獨感」這一淺層情緒上有交集。
q11,"最近人比較負面，
想看一些有共鳴的小說。
有沒有那種「我一個人爛就好了別搞其他人」的主角的輕小說？以前看大老師自暴自棄滿戳中我的。
宅宅現實找不到人取暖，希望能找輕小說取。",2765a2aa-fcb7-514b-bcde-151d8c567361,因為『你不是一家人』而被精英家庭驅逐的我，治癒我的是十二年後重逢的童年玩伴。,たかた,15.6,完結,"戀愛, 青梅竹馬, 青春, 校園, 治癒, kakuyomu, Web輕小說",父母是官僚，哥哥是醫生，妹妹是天才兒童的精英家庭的次男少年瀧本遙，在望子成龍的家庭的重壓下，沒能考上名牌大學。被趕到了從小疏遠的外婆家。遠處是山，近處是田，走幾步就是海和墓地。到了連巴士都無法正常行駛的鄉下，遙不知所措，就在這時，出現了一位穿制服的少女。「咦？難道是遙哥？」出現在眼前的，是住在外婆家隔壁，小時候經常一起玩的少女，早谷三久。兩人再次成為鄰居，以此為契機，遙逐漸治癒了在嚴酷的家庭環境中磨損的心靈。,3,用戶尋找的是能產生共鳴、具有疏離感且能提供溫暖的作品。推薦書籍的主角是精英家庭中被視為「失敗者」並被排擠的次男，這種邊緣人的處境與用戶提到的「一個人爛就好」的自卑與孤立感高度契合。同時，故事主打「治癒」主題，正對應用戶在負面情緒中尋求溫暖的需求，能有效提供情感慰藉。
q12,"想找一些日常系小說類型，希望劇情節奏安排和對話有趣些。
其它元素能接受百合、戀愛、生活、學校類型，有談話間交流劇情。",d27381cf-422a-5270-bb8c-69f1885ff2b2,我憧憬著莉莉,石狩なべ,8.2,完結,"校園, 青春, 戀愛, 百合, 歡樂向, kakuyomu, Web輕小說",我一直憧憬著莉莉，因為莉莉總是完美的。她有著纖巧筆挺的鼻樑，青色的眼瞳；是個混血兒，家裡也很有錢，既溫柔又可愛，朋友也有很多，擅長聊天，被父母深愛著，有著我所有我想要的東西。真好、真羨慕啊。和我是完全相反。真想我們的關係一直都那麼好啊。,3,本書的標籤包含校園、戀愛、百合及歡樂向，完全符合使用者要求的日常系、學校、百合與戀愛等元素。且「歡樂向」的設定通常對應使用者對有趣對話與節奏的需求，是非常理想的匹配。
q12,"想找一些日常系小說類型，希望劇情節奏安排和對話有趣些。
其它元素能接受百合、戀愛、生活、學校類型，有談話間交流劇情。",55915b7d-d374-5159-86c2-cb70de1c0bc0,我果然不適合戀愛喜劇,oejnd,8.3,連載,"校園, 青春, 戀愛, 歡樂向, 青春日常, 華文輕小說",「應你的要求，我幫你申請了一個社團。」對此毫無印象的林一突然被這樣告知。雖然社團只是一個掛名的空殼，但裡面卻有著真正的美少女。在此之後伴隨著麻煩的青春日常拉下帷幕。這果然是戀愛喜劇吧？只有林一知道這個答案。,3,推薦書籍完全符合用戶要求的「日常系」、「學校」與「戀愛」元素。其標籤包含「青春日常」與「歡樂向」，且劇情設定為校園戀愛喜劇，通常這類作品非常注重對話的趣味性與生活化的節奏，與用戶的搜尋意圖高度契合。
q11,"最近人比較負面，
想看一些有共鳴的小說。
有沒有那種「我一個人爛就好了別搞其他人」的主角的輕小說？以前看大老師自暴自棄滿戳中我的。
宅宅現實找不到人取暖，希望能找輕小說取。",15a84b32-fba6-5458-99b3-e20d275be70d,八月的尾聲，宛如世界末日。,天澤夏月,8.9,完結,"輕文學, 青春, 戀愛, 電擊文庫, 日本輕小說",僅只40天的戀情。在高二那年夏天，終止於戀人之死。透過一本交換筆記，青年開始與「在世的女友」聯絡，送往過去的言語──青春小說旗手‧天澤夏月獻上的純愛故事我認真覺得，這輩子不會再這麼喜歡一個人了。一想起她的言行舉止、細微的表情變化、笑聲，以及髮絲散發的肥皂香味……我就變得呼吸困難，簡直像是碳酸跑進了肺裡頭一樣。成吾無法忘懷高中二年級夏天過世的女友。四年後，交換筆記的空白處竟出現她的筆跡……,1,用戶明確尋找的是類似《果青》比企谷八萬那種「自暴自棄」、「願意獨自承受負面」且具有社會疏離感的角色共鳴。而推薦的作品是一部關於失去戀人的純愛悲劇，核心在於「喪親之痛」與「時空聯繫」，而非用戶要求的「自我厭惡」或「孤高 loner」的人設，兩者在情感共鳴的維度上不匹配。
q11,"最近人比較負面，
想看一些有共鳴的小說。
有沒有那種「我一個人爛就好了別搞其他人」的主角的輕小說？以前看大老師自暴自棄滿戳中我的。
宅宅現實找不到人取暖，希望能找輕小說取。",ce87b250-9bfc-5772-8376-e4a21ef898c6,白狗相伴的歲月,伊吹有喜,11.8,完結,"校園, 青春, 治癒, 電擊文庫, 日本輕小說",那一年，我們十八歲……為所有煩惱的人，送上溫暖加油的力量！一九八八年夏末，一隻被遺棄的白狗來到八棱高中的美術社社辦，被社團的人發現。半開玩笑用牠坐著位子的主人名字，幫牠取名為光思郎。學生們甚至創了一個照顧牠的聚會『照顧光思郎會』。每年都會寫日誌，傳承給學弟妹們繼續這個聚會。就這樣，從一九八八年到二○○○年，光思郎一直守在聚會成員的身旁。透過牠的視角，陪伴十幾歲年輕人們度過猶豫、覺悟、挑戰的瞬間時光，而牠也一直在等待著一位一九八九年畢業的第一屆成員，一位溫婉的女孩……,1,用戶明確要求尋找像《果青》大老師那樣「自我厭惡、孤僻且不想牽連他人」的主角，以獲得特定心理共鳴。而推薦的書籍是一部以狗的視角觀察多位學生的溫馨治癒系作品，缺乏該類型的核心角色設定。雖然兩者都屬於輕小說且具有治癒元素，但完全不符合用戶對主角特質的具體需求。
q14,"想求各位大大們，有沒有推薦以百合、女生友情、男女愛情這類的日本輕小說呢?

不太想要有奇幻、科幻、后宮、異世界這元素，有點太過氾濫不太想看
只要日常、青春的就可以了，有發糖的和胃痛我都可以~",24fcae39-2ced-58b5-b6ad-c9e720a71ad5,依存系青梅養成筆記,三謙,75.3,連載,"校園, 青春, 戀愛, 百合, 青梅竹馬, 青春日常, 華文輕小說",百合+雙視角+青梅竹馬偽骨+純愛1v1+現代都市陸依依被溫流從小摸到大。被從小摸到大的陸依依只想問：「你到底負不負責？」溫流玩了15年養成系遊戲，還不止！陸依依只想說「那不是養成，是色誘！」別人說溫流愛陸依依勝過生命，溫流只覺得，在她認識到愛這份感情之前，依依就已經是她的生命。比較偏現實向的雙視角百合，前期曖昧瑟瑟會比較多，從小寫到大的青梅竹馬，3歲-6歲-12歲跳三次時間線，後續就不再跳時間線，一直寫到社會篇。全篇純愛無毒但會有微微的扭曲味道（好吃）希望大家吃得開心。,2,該書完全符合使用者對百合、青春、日常以及排除奇幻/異世界等元素的設定需求。然而，使用者明確要求的是「日本輕小說」，而該推薦書籍被標記為「華文輕小說」，在作品來源上不符合要求。
q14,"想求各位大大們，有沒有推薦以百合、女生友情、男女愛情這類的日本輕小說呢?

不太想要有奇幻、科幻、后宮、異世界這元素，有點太過氾濫不太想看
只要日常、青春的就可以了，有發糖的和胃痛我都可以~",2489e53c-e7d9-5d20-b31e-b6d75b2ad612,志乃與戀 Future,日日綴郎,7.9,連載,"青春, 戀愛, 百合, 女性視角, 富士見文庫, 日本輕小說",在SNS上引起話題的百合情侶，終於小說化了！！文靜穩重的志乃和活潑開朗的戀是情侶。成為社會人的兩人的甜蜜時光隨著歲月的流逝而不斷提升，另一方面也有只有大人才有的煩惱……。為大家呈現兩人更深層次的「未來」！,3,該書為日本輕小說，主題為百合戀愛，屬於日常向且完全不含奇幻、科幻、後宮或異世界等元素，精準符合使用者對於「百合」、「日常」、「非幻想類」的需求。
q14,"想求各位大大們，有沒有推薦以百合、女生友情、男女愛情這類的日本輕小說呢?

不太想要有奇幻、科幻、后宮、異世界這元素，有點太過氾濫不太想看
只要日常、青春的就可以了，有發糖的和胃痛我都可以~",de57048f-9369-5bb1-a65e-1c5b80bdf912,海獸的新娘,替罪羊,11.6,連載,"百合, 青春, 戀愛, 青春日常, 華文輕小說","潮崎島，人口3000餘人，以漁業為主的小島，信奉著""海獸大神""的存在。感謝祂將漁獲賜與島民。每年以祂的名義，展開盛大的慶典。但是，並不只是單純的慶典。18年一次，潮崎家第一個出生的孩子，將會成為海獸的新娘。這便是潮崎櫻的宿命。--絕對不會讓妳去死的！而這是潮期櫻的青梅竹馬，詩音和千賀的想法。這是三個人，在生與死；友情與愛情的夾縫中前進的故事。",1,用戶明確要求「日本輕小說」且「不要奇幻元素」，僅想要「日常、青春」類。而推薦的書籍是「華文輕小說」，且劇情核心涉及「海獸大神」與「祭祀新娘」等超自然/奇幻設定，與用戶的排除條件相衝突。
q14,"想求各位大大們，有沒有推薦以百合、女生友情、男女愛情這類的日本輕小說呢?

不太想要有奇幻、科幻、后宮、異世界這元素，有點太過氾濫不太想看
只要日常、青春的就可以了，有發糖的和胃痛我都可以~",f269a414-6164-52da-a579-2e0e43f219cf,將放言說不會輸的高顏值女孩，全力征服的百合故事,みかみてれん,6.8,完結,"校園, 青春, 戀愛, 百合, 女性視角, 其他文庫, 日本輕小說",「主導權的爭奪!一場激烈的百合之戰，開幕!」大小姐學園的超級姊姊大人紅羽彩良，被美少女對手提出了決一勝負。在兩個月後的學園人氣投票之前，二人來做個了斷吧。,3,推薦書籍完全符合用戶的需求：它是日本輕小說，主題為百合與青春校園，且不含奇幻、科幻、後宮或異世界等不需要的元素，屬於典型的日常青春戀愛類。
q15,"喜歡的類型 是異世界 轉生 重生 穿越 校園異能 幻想世界 劍與魔法 主角最強 多後宮 戰鬥要夠中二 都行
夠套路
要男主 一定要有戰鬥 後宮 沒後宮也沒關係但要有女主 如果主角拿的是劍我會更開心
不接受有沒男主的 例如蜘蛛又怎樣 能力值平均 怕痛的我
不接受虐主的 除了re 0 是因為動畫入坑的 除非前面虐後面很爽的這樣可以例如平職
需要裝逼讓我看的會高潮的 所以無職轉生我看不下去因為太真實太哭逼了",cca37828-b781-5c63-867f-afd14456f193,終究只是怠惰惡役貴族,イコ,25.1,連載,"異世界, 後宮, 龍傲天, 轉生, 戰鬥, 魔法, 校園, 其他文庫, 日本輕小說",惡役為了幸福的怠惰而奮鬥琉克·休加洛·德斯庫斯托斯是一款成人戀愛策略模擬遊戲中的惡役貴族。他性格懶惰，明明擁有魔法天賦卻不願努力，暴飲暴食，最終成長為令人作嘔的肥胖癩蛤蟆般的角色。轉生成為這樣的琉克·休加洛·德斯庫斯托斯後，他保持著懶惰的性格，追求美麗與舒適，快樂地度過每一天。為了實現自己理想的怠惰生活，他決心走上反派路線，開拓屬於自己的未來。,3,推薦書籍高度契合用戶需求：包含異世界轉生、校園、魔法、男主最強（龍傲天）以及後宮等元素。劇情設定為典型的惡役貴族套路，符合用戶追求的「裝逼」感且不屬於虐主類作品，完全符合其核心意圖。
q16,"如題想看校園類型小說，不知道有無推薦
純現實的不要有奇幻元素，集數不多的佳",fc1f7bdb-433e-5e7f-92b5-2f9d3090630a,滿懷美夢的少年是現實主義者,おけまる,79.0,連載,"校園, 青春, 戀愛, 歡樂向, HJ文庫, 日本輕小說",「雙向的單戀」，令人好心焦。佐城涉暗戀同班的美少女——夏川愛華。他滿懷美夢，希望與她兩情相悅而積極地展開追求，即使遭受挫折也不氣餒。但是，就在某一天，他的夢突然醒了。「條件那麼好的女生……我根本高攀不起吧？」理解了現實之後，涉開始與愛華保持適當的距離。而這樣的態度反而令愛華茫然。「莫非……他討厭我了？」誤會讓愛華不知所措，開始表現出連自己都沒察覺的好感……！？雙向單戀的兩人之間彼此誤會、令人心癢難耐的青春戀愛喜劇，開幕！,3,該書完全符合使用者的需求：設定在校園，且為純現實的青春戀愛喜劇，不含任何奇幻元素。
q16,"如題想看校園類型小說，不知道有無推薦
純現實的不要有奇幻元素，集數不多的佳",1ff49511-7057-5bef-bd14-6f86b66ec458,成為陽光系的我專屬的青春至上主義,持崎湯葉,19.2,連載,"校園, 青春, 戀愛, 歡樂向, GA文庫, 日本輕小說",世界上的人類，大抵分成了「陽光系」與「陰鬱系」這兩種類型。為了歌頌有限的青春，能選擇的路只有一條。換言之──想受歡迎就成為陽光系吧。本是陰鬱系的我──上田橋汰靠著努力與毅力，終於成功邁入高中新生活，每天被陽光系包圍的日子過得再順遂不過。接下來只要再交個辣妹女朋友，人生就完美了──可是為什麼……對我感興趣的儘是些陰鬱女啊？說什麼想當辣妹所以染了粉紅色頭髮……不是，頂著一頭粉紅色頭髮怎麼看都更陰暗了吧！榮獲GA文庫大賞《金賞》之作，陰陽混合的全新青春輕喜劇！新青春的正確解答，這裡全都有。,3,該書完全符合使用者要求的校園類型，且內容為純現實的青春戀愛喜劇，不含任何奇幻元素，與使用者意圖高度契合。
q16,"如題想看校園類型小說，不知道有無推薦
純現實的不要有奇幻元素，集數不多的佳",4217545f-9fa6-5d00-a824-89cbbc8e708d,有誰規定了現實中不能有戀愛喜劇的？,初鹿野創,69.9,完結,"校園, 青春, 戀愛, 群像, 後宮, 歡樂向, 小學館, 日本輕小說",「想體驗有如戀愛喜劇的現實。」與女主以及好友角色一同度過充實的校園生活，輕小說嗜好者諸君想必都考慮過這種事吧。可惜現實中沒有此類戲劇化的展開。義妹之屬、青梅者流、現役偶像同級生包括神秘學姐甚或同性好友出現的可能性全無。如此這般，只好自己試著打造出理想。反覆分析練習必要事項，把現實染上戀愛喜劇的色彩。第十四回小學館輕小說大賞優秀賞受賞作——希望諸君能夠因此得到優秀的閱讀體驗。,3,該書為校園戀愛類型，且標題與簡介明確強調是在「現實」中追求戀愛喜劇，完全符合使用者要求的校園設定且無奇幻元素。
q16,"如題想看校園類型小說，不知道有無推薦
純現實的不要有奇幻元素，集數不多的佳",44018615-6478-568b-9849-d970bffc46da,我的漢化組偽娘高中生正在試圖與我拉近距離 ， 別開玩笑了,canyin,1.4,連載,"校園, 青春, 戀愛, 青春日常, 華文輕小說",三個人的青春胃疼故事。,3,該書標籤為校園、青春、日常，且內容描述為高中生之間的青春故事，完全符合使用者要求的「校園類型」且「無奇幻元素」的純現實設定。
q16,"如題想看校園類型小說，不知道有無推薦
純現實的不要有奇幻元素，集數不多的佳",b99645cf-9157-5356-bfac-54fd0c09e305,青梅竹馬是妹妹，景山北斗的哀與愛,野村美月,6.0,完結,"校園, 青春, 戀愛, 青梅竹馬, 小學館, 日本輕小說",小北，我很幸福哦。我只要有小北在就好了。高中生北斗明明有相思相愛的青梅竹馬，卻開始和漂亮古怪的高年級生冴音子交往。小學時相識，一起度過溫暖時光的青梅竹馬春，是北斗的親妹妹。北斗隱瞞著這件事，想要疏遠春。嬌小的春。愛哭的春。膽小的春。世界上最重要的想要保護的女孩是有血緣關係的妹妹，面對這樣的現實，痛苦著的北斗。痴情於北斗的春。兩人最終的結局是──『文學少女系列』作者野村美月老師的青春系列第二彈。,3,本書主題為高中校園戀愛，且內容純屬現實主義，完全符合使用者要求的「校園類型」且「無奇幻元素」的核心需求。
q16,"如題想看校園類型小說，不知道有無推薦
純現實的不要有奇幻元素，集數不多的佳",0ea3cf17-9a16-5aa0-b25e-2da863607bef,階梯島系列,河野裕,65.6,連載,"校園, 懸疑, 青春, 戀愛, 其他文庫, 日本輕小說",失去的東西是什麼？貫穿內心的青春懸疑小說。11月19日早上6點42分，我與她重逢了。比任何人都還要率真、正直、凜然的少女——真邊由宇。理應不該發生的相逢使我安定的高中生活驟然一變。奇妙的島嶼、連續塗鴉事件，其中隱藏的謎題是……我為何會在這裡？她有為何會來到此處？最終揭曉的真相，將殘酷的現實推入我倆的青春。「階梯島」系列就此揭開序幕。,3,該書標籤包含「校園」與「青春」，劇情設定在高中生活，且描述為懸疑小說，未見奇幻或超自然元素，符合使用者希望看「校園類型」且「純現實」的需求。
q17,"求推薦世界觀建構完整
主角很清楚當下該做甚麼
是不太希望主角輕鬆拿到一堆外掛這種的
然後也蠻喜歡主角大意、失誤或忘記重要信息導致危機感這種狀況發生
非戰鬥類主角也可以，感覺這類主角穿越的比較多?
但是如果是一個高中生通十八般武藝心理素質又特好的就不要",06172d0a-89bf-5f9d-9322-3aa217b5ad9b,扉之外,土橋真二郎,36.3,完結,"科幻, 遊戲, 鬥智, 大逃殺, 黑暗, 電擊文庫, 日本輕小說",原本應該是去遠足的千葉紀之，醒來的時候才發現和同班同學一起被關在沒看過的房間當中。在蘇醒學生們的混亂當中，突然出現名為蘇菲亞的人工智慧，向他們保證只要服從規則，便會保障他們的安危。但是，突然感到厭惡的千葉，連規則都沒有聽就拒絕了蘇菲亞的保護，並且漸漸的被同學孤立。在束縛和保護下的奇特生活就此開始……,3,該書屬於鬥智與大逃殺類，通常具有較完整的規則建構。主角在尚未了解規則的情況下就拒絕保護，導致被孤立並陷入危機，這精確符合使用者希望看到「主角因大意、失誤而產生危機感」的需求，且非那種全能且心理素質完美的模範生設定。
q17,"求推薦世界觀建構完整
主角很清楚當下該做甚麼
是不太希望主角輕鬆拿到一堆外掛這種的
然後也蠻喜歡主角大意、失誤或忘記重要信息導致危機感這種狀況發生
非戰鬥類主角也可以，感覺這類主角穿越的比較多?
但是如果是一個高中生通十八般武藝心理素質又特好的就不要",77f888a3-fb44-56a6-affc-bfab525da5a9,交叉連結,久追遙希,44.9,完結,"科幻, 遊戲, 鬥智, 大逃殺, 性轉, 青梅竹馬, MF文庫J, 日本輕小說",垂水夕凪這名少年個性陰沉又不喜與人為伍，但在過去舉辦的「傳說中的地下遊戲」中，他是全世界唯一通關的人。成為平凡的高中生後，他又因為某個原因，被迫參加新的地下遊戲「一百名高端玩家獵殺『公主』」──而且是以「公主」的身分。不僅如此，原本在遊戲中擔任「公主」的電腦神姬──春風，還跟夕凪交換了身體，前往現實世界。接二連三發生不得了的狀況，讓夕凪的人生產生急劇的變化。並且，夕凪得知遊戲中的「公主」死亡等同於春風死亡後，為了顛覆「已經註定的敗北」，他決定挑戰不容許犯下任何一個失誤的極致通關法！,3,這本書高度契合使用者的需求。首先，故事強調「不容許犯下任何一個失誤的極致通關法」，直接對應使用者喜歡「因失誤導致危機感」的偏好。其次，主角雖然有能力，但處於被獵殺的「公主」劣勢地位，且面對「註定的敗北」，符合不希望主角輕鬆拿外掛的要求。此外，鬥智類標籤顯示主角需有明確的行動邏輯，非單純依賴運氣或無敵設定的高中生。
q17,"求推薦世界觀建構完整
主角很清楚當下該做甚麼
是不太希望主角輕鬆拿到一堆外掛這種的
然後也蠻喜歡主角大意、失誤或忘記重要信息導致危機感這種狀況發生
非戰鬥類主角也可以，感覺這類主角穿越的比較多?
但是如果是一個高中生通十八般武藝心理素質又特好的就不要",af94309d-79d1-50fb-93cb-1d45bf4ae444,雖然生在貴族家庭打算離家過慢生活，但因種種原因反而出人頭地的傢伙,止流うず,18.4,完結,"奇幻, 轉生, 經營, 戰鬥, 後宮, kakuyomu, Web輕小說",夢想中的後宮生活！也會過慢生活()喔！！主角萊昂哈特·維克多對家中的女僕出手，導致她們懷孕，因此被驅逐出家門。他前往的目的地是被稱為魔之森的廣大S級迷宮。雖然遭到強大的怪物襲擊，但萊昂哈特憑藉轉生獲得的外掛能力和培養的魔法，擊敗了怪物們，獲得財寶，並且在王國中也逐漸晉升為貴族！,0,使用者明確表示不希望主角輕鬆獲得外掛，且喜歡有危機感、會失誤的劇情。然而，推薦書籍的簡介中明確提到主角憑藉「轉生獲得的外掛能力」擊敗怪物並出人頭地，屬於典型的高外掛爽文，與使用者的核心需求完全相反。
q18,"我最近剛看了龍王的工作的小說
雖然不懂將棋，但覺得對局的刻劃很棒
能看到將棋解說
也會側面描寫一些職業棋士、女流棋士的差別和情況

最喜歡的部分是銀子挑戰獎勵會那邊
書裡描寫的女性棋士會被小看的部分
那種低人一等、逆境求生的感覺做得很真實(?不會形容，總之很有代入感
銀子加油，不要輸給將棋星人!

希望各位能分享一些好看的將棋小說!!",f3152111-9b83-5580-b81d-798386eecd73,藍箱,七緒,5.8,連載,"校園, 青春, 競技, 戀愛, 歡樂向, 集英社, 日本輕小說",羽球隊的成員豬股大喜，暗戀著女子籃球隊的學姐・鹿野千夏。但千夏的父母卻因為出國工作，而把千夏交給老朋友豬股太太照顧。於是千夏就住進了豬股家。於是大喜將和暗戀的對象同住一個屋檐下，兩人的感情會因此而加溫嗎——？另一方面，千夏是籃球隊的明星球員，實力堅強。大喜則是正要起飛，正努力鍛煉，試圖打進全國高中大賽。他是否能在一年級時就打進全國高中大賽呢——？,0,用戶明確要求推薦「將棋小說」，但推薦的書籍《藍箱》是關於羽球與籃球的校園競技戀愛故事，與將棋完全無關。
q18,"我最近剛看了龍王的工作的小說
雖然不懂將棋，但覺得對局的刻劃很棒
能看到將棋解說
也會側面描寫一些職業棋士、女流棋士的差別和情況

最喜歡的部分是銀子挑戰獎勵會那邊
書裡描寫的女性棋士會被小看的部分
那種低人一等、逆境求生的感覺做得很真實(?不會形容，總之很有代入感
銀子加油，不要輸給將棋星人!

希望各位能分享一些好看的將棋小說!!",d2a64d5e-901b-5ba7-8645-ebcde712fc54,蘿球社！,蒼山サグ,192.4,完結,"校園, 競技, 青春, 歡樂向, 後宮, 電擊文庫, 日本輕小說",在進入高中同時，長谷川昴就因為社長與小女生交往而無法進行社團活動。明明與小學生相關的話題就已經是禁忌了，為什麼自己卻在不知不覺間，成了小學的女子籃球社教練呢！？「嗯？不用擔心小褲褲會曝光啦，你看！」「果然人家是個大塊頭！」「我喜歡大哥哥的背部。」「那個，差……差不多該進行指導了吧…」「很多事情都變的很有趣了呢，嘻嘻。」面對五名性格鮮明的少女們強烈的自我表現，昴雖然被耍得團團轉，但為了守護他們各自的意念，他終於下定決心……！就算是小學女生也同樣充滿煩惱。被一群這樣的女孩們包圍、戲弄——青春活躍的運動喜劇活力登場！,0,使用者明確要求推薦「將棋小說」，且在意對局刻劃及職業棋士的處境。而推薦的書籍《蘿球社！》是關於小學女子籃球的校園後宮喜劇，與將棋完全無關，僅在「競技」這一極其寬泛的標籤上有微小重疊，完全不符合使用者的核心需求。
q18,"我最近剛看了龍王的工作的小說
雖然不懂將棋，但覺得對局的刻劃很棒
能看到將棋解說
也會側面描寫一些職業棋士、女流棋士的差別和情況

最喜歡的部分是銀子挑戰獎勵會那邊
書裡描寫的女性棋士會被小看的部分
那種低人一等、逆境求生的感覺做得很真實(?不會形容，總之很有代入感
銀子加油，不要輸給將棋星人!

希望各位能分享一些好看的將棋小說!!",13eff114-8724-5064-9b5e-69b7fcd3f423,戰鬥！暴風少女！,佐佐原始緒,25.1,完結,"校園, 青春, 競技, 百合, Fami通文庫, 日本輕小說",這裡是受到聖母瑪莉亞庇佑的聖維莉塔絲女子學院。剛進入高中部的麻生廣海，因為與好友別離而感到失落，加上一成不變的高中生活，使得她鬱鬱寡歡。然而……!在廣海的面前，出現了五十嵐千果這陣瘋瘋狂的小暴風!自從廣海被卷進這陣暴風後，不知不覺中竟然加入了長曲棍球社，而且目標還是稱霸日本!……話說回來，長曲棍球是啥啊?我們學校有那種社團嗎??,0,用戶明確要求推薦「將棋小說」，而該書的主題是關於「長曲棍球」的競技小說，兩者在核心主題上完全不符。
q18,"我最近剛看了龍王的工作的小說
雖然不懂將棋，但覺得對局的刻劃很棒
能看到將棋解說
也會側面描寫一些職業棋士、女流棋士的差別和情況

最喜歡的部分是銀子挑戰獎勵會那邊
書裡描寫的女性棋士會被小看的部分
那種低人一等、逆境求生的感覺做得很真實(?不會形容，總之很有代入感
銀子加油，不要輸給將棋星人!

希望各位能分享一些好看的將棋小說!!",23c98bbc-8e41-5ddd-bb53-66929c6802c5,圈、叉與三角——王牌，就此展開,月本一,14.2,完結,"校園, 競技, 青春, 戀愛, 青梅竹馬, Fami通文庫, 日本輕小說",要我振臂高揮？行，看我把你擊飛！「把水泥隨便攪一攪就好了，簡稱就是懶覺BOY！COMEON！」入學典禮當天在河岸邊威風凜凜地叫住我、打扮成捕手一般的男人……是個變態。追尋著白球跑的青春我可是NOTHANK，我夢想中的高中生活可是混水摸魚的天堂啊～但是這個夢想在一瞬間就破滅了（完）。因為所以──被變態與金魚的詛咒（？）給搞成一團亂的我和她和偶爾出現的棒球間，懶散的日常生活愛情故事？歡樂揭幕！,0,使用者明確要求推薦「將棋小說」，而推薦的書籍內容是關於「棒球」的校園戀愛故事，兩者主題完全不符。
q16,"如題想看校園類型小說，不知道有無推薦
純現實的不要有奇幻元素，集數不多的佳",2fab755a-af40-5d53-92c3-62fe7122ab77,那個，其實，我還是第一次。距離和很好上床卻很純情的女友進行初體驗，還有87天,日々綴郎,11.5,完結,"校園, 青春, 戀愛, 歡樂向, 青梅竹馬, 富士見文庫, 日本輕小說",從裝作「非處」開始的青春誤解。為了不暴露只能擺出一副撲克臉。來看看他們二人真正「擁有經驗」的瞬間吧。這就是現在的現實系青春小說？還是會導向全新類型的戀愛？和「位於*******我們」對應的主人公情侶編織的青春戀愛喜劇，開幕！,3,該書標籤包含「校園」、「青春」、「戀愛」，且簡介中明確提到是「現實系青春小說」，完全符合使用者要求的校園類型且無奇幻元素的現實設定。
q16,"如題想看校園類型小說，不知道有無推薦
純現實的不要有奇幻元素，集數不多的佳",e304a304-3756-5d0b-ad9f-8763f983c1d2,我們真的想做的事情,白都久絽乃,10.2,完結,"校園, 青春, 戀愛, 職場, 小學館, 日本輕小說",進入這間學校後已過了數月。即使不多，我也交到了一些朋友，和女孩子們也相處得不錯。在我周圍的都是些充滿魅力的女孩子，令我感到有些不知所措，這大概是很奢侈的煩惱吧。不過隨著彼此關係越來越好，有件事我很在意。那就是這間學校是學習製作「給成年人看的媒體」，也就是成人媒體的專門學校。如果我喜歡的女孩子是「立志成為女優」，不管怎麼想，我的內心實在沒有自信能夠承受。目標兼顧情色與戀愛，煩惱的青春模樣！,3,該書設定在專門學校，完全符合使用者要求的「校園類型」且「純現實（無奇幻元素）」之核心意圖。
q18,"我最近剛看了龍王的工作的小說
雖然不懂將棋，但覺得對局的刻劃很棒
能看到將棋解說
也會側面描寫一些職業棋士、女流棋士的差別和情況

最喜歡的部分是銀子挑戰獎勵會那邊
書裡描寫的女性棋士會被小看的部分
那種低人一等、逆境求生的感覺做得很真實(?不會形容，總之很有代入感
銀子加油，不要輸給將棋星人!

希望各位能分享一些好看的將棋小說!!",14adc6a5-e646-5e75-adc1-40b57629704e,Stellar Step,林星悟,17.3,完結,"科幻, 競技, 青春, 百合, MF文庫J, 日本輕小說",世界因隕石災難而荒廢。被暴力地替換為戰爭的〈道具〉，被迫戰鬥的少女們被稱為「偶像」。但這不過是徒有其名。她們的舞台之上沒有笑容綻放。在這樣的世界，內心已死的最強少女·蓮與心中充滿感情的少女哈娜相遇了。哈娜以傳遞給大家閃閃發光為夢想，面帶笑容地歌唱，跳舞。在這一天嘗到了首敗的蓮心裡，產生了迄今為止都沒有感到過的感情。為了實現哈娜的夢想，蓮決定兩人一起扭轉這個世界。但她的命運殘酷而冰冷——。生於沒有色彩的世界中的，少女們的牽絆與愛的故事。,0,使用者明確要求推薦「將棋小說」，而推薦的書籍《Stellar Step》是一部關於末日世界、戰鬥偶像與少女羈絆的科幻競技作品，完全不涉及將棋內容，與用戶的核心需求完全不符。
q18,"我最近剛看了龍王的工作的小說
雖然不懂將棋，但覺得對局的刻劃很棒
能看到將棋解說
也會側面描寫一些職業棋士、女流棋士的差別和情況

最喜歡的部分是銀子挑戰獎勵會那邊
書裡描寫的女性棋士會被小看的部分
那種低人一等、逆境求生的感覺做得很真實(?不會形容，總之很有代入感
銀子加油，不要輸給將棋星人!

希望各位能分享一些好看的將棋小說!!",8c32c5e1-3516-563b-8e65-a587f9758d9e,明日華 －麻將餓狼傳－,吉村夜,9.7,完結,"青春, 競技, 戀愛, 集英社, 日本輕小說",追隨著憧憬的外祖父的背影，少年•明日華飛身進入了麻將世界。少年相信，其中有著消除對現狀的莫名不安的，真正的生活方式。與一名美女的邂逅，將少年領進了賭博的更深層次。那是完全沒想到過的一生一世的大對決。傾注一切的戰鬥結果是……！？就算是為了在自己身上下注的少女……狼要戰鬥！本格麻將小說登場！！,1,使用者明確要求推薦「將棋」小說，而推薦的書籍是關於「麻將」的小說。雖然兩者都屬於競技類遊戲小說，但核心主題完全不同，僅有表面上的類別關聯。
q19,"如題 最近看的書越來越多 總覺得自己也越來越挑了 希望有人能推薦一些好書
以下條件：
1. 女主是（外表）蘿莉（可愛的少御也是可以啦）
2.有戀愛的元素（後宮可以 但拜託不要無腦倒貼）
3.希望是異世界（不一定要穿越）
4.有傲嬌或無口或吃貨之類的屬性更好
拜託各位了",5894d043-8237-5551-abc3-ccf19b2faf54,反派千金對王子的本性一無所知,霜月せつ,36.1,完結,"轉生, 異世界, 戀愛, 病嬌, 大小姐, 女性視角, syosetu, Web輕小說",蓓爾蒂亞在與王子相親時，突然想起了自己的前世是一名日本女性，同時意識到自己轉生成了曾經玩過的乙女遊戲中的惡役千金。可是，她對遊戲劇情本身印象不深，而且只在乎自己的推——攻略對象之一的帥哥騎士！只知道關於自己推的知識的蓓爾蒂亞，將作為第二王子的未婚妻奮鬥下去！雖然對遊戲內容一知半解、但拚命努力著的惡役千金，和被她吸引的第二王子（然而是個病嬌），共同編織的戀愛物語。,2,該書符合異世界與戀愛元素，但女主設定為惡役千金，並未明確提及符合使用者要求的「蘿莉」或「可愛少御」之外貌特徵，且缺乏傲嬌、無口或吃貨等屬性描述，僅部分滿足需求。
q19,"如題 最近看的書越來越多 總覺得自己也越來越挑了 希望有人能推薦一些好書
以下條件：
1. 女主是（外表）蘿莉（可愛的少御也是可以啦）
2.有戀愛的元素（後宮可以 但拜託不要無腦倒貼）
3.希望是異世界（不一定要穿越）
4.有傲嬌或無口或吃貨之類的屬性更好
拜託各位了",788ffc92-c047-5dd0-a036-4f1cbd7361ef,雖然沒能成為騎士，但不知為何卻深受龍的喜愛。,みょん,7.2,完結,"奇幻, 異世界, 病嬌, 人外, 歡樂向, 戀愛, kakuyomu, Web輕小說",人與龍共存的國家——德拉戈尼斯王國，那裡生活著一名青年。本想成為騎士的他卻成為了調龍師，加深了與龍的羈絆，結果被龍族女王中意了。「……好像很奇怪吧？」青年這麼想的時候已經晚了，女王絕對不會讓他逃走。,2,該書符合異世界與戀愛元素，但簡介中並未明確提及女主具有「蘿莉」或「少御」的外型特徵。此外，標籤中的「病嬌」屬性可能與使用者希望「不要無腦倒貼」的偏好產生衝突，因此僅能視為部分符合。
q19,"如題 最近看的書越來越多 總覺得自己也越來越挑了 希望有人能推薦一些好書
以下條件：
1. 女主是（外表）蘿莉（可愛的少御也是可以啦）
2.有戀愛的元素（後宮可以 但拜託不要無腦倒貼）
3.希望是異世界（不一定要穿越）
4.有傲嬌或無口或吃貨之類的屬性更好
拜託各位了",2b4aff52-96e5-50f2-8cf4-a301b1fc92dc,聖者之牢,桂太郎,25.2,連載,"異世界, 戀愛, 病嬌, 推理, kakuyomu, Web輕小說",「您是我的主人，我的光，我的全部。」在給妹妹掃墓回來的路上，突然失去意識，醒來時發現倒在禮拜堂里的青年安藤隆。在那裡遇到了一位美麗的修女。那次相遇，既是一切的開始，也是一切的結束。——少女安靜地、一心一意地、狂亂地。,2,該書符合「異世界」與「戀愛」的核心要求，且女主角具有「安靜」的屬性，符合用戶對無口等屬性的偏好。然而，介紹中僅提到「美麗的修女」與「少女」，並未明確標記為「蘿莉」外表；此外，標籤中的「病嬌」屬性可能與用戶要求的「不要無腦倒貼」存在衝突（病嬌通常包含極端的依戀），因此給予 2 分。
q19,"如題 最近看的書越來越多 總覺得自己也越來越挑了 希望有人能推薦一些好書
以下條件：
1. 女主是（外表）蘿莉（可愛的少御也是可以啦）
2.有戀愛的元素（後宮可以 但拜託不要無腦倒貼）
3.希望是異世界（不一定要穿越）
4.有傲嬌或無口或吃貨之類的屬性更好
拜託各位了",a36db506-dbbe-5f28-8c5d-56b4a486adc1,命中注定被反派所愛,리틀빅,58.1,連載,"病嬌, 後宮, 轉生, 校園, 異世界, 魔法, 戰鬥, 戀愛, other, 韓國輕小說",我被最終BOSS求婚。,2,該書符合異世界設定與戀愛元素，滿足了部分核心要求。然而，提供的資訊中並未提及女主是否為「蘿莉」或「可愛少御」這一關鍵外貌條件，且角色屬性（病嬌）與用戶偏好的屬性（傲嬌、無口等）有所不同。
q19,"如題 最近看的書越來越多 總覺得自己也越來越挑了 希望有人能推薦一些好書
以下條件：
1. 女主是（外表）蘿莉（可愛的少御也是可以啦）
2.有戀愛的元素（後宮可以 但拜託不要無腦倒貼）
3.希望是異世界（不一定要穿越）
4.有傲嬌或無口或吃貨之類的屬性更好
拜託各位了",e5abcb9c-3acc-5374-ad51-c1645be5d41b,惡魔公女 ～悠哉惡魔の物語～,春の日びより,27.9,完結,"異世界, 轉生, 女性視角, 大小姐, 黑暗, 人外, 戀愛, syosetu, Web輕小說",——我夢見了一個、滿溢光輝的世界。家人、學校、友人、電車、公交、電影、書本。我在那個光之世界成長……最後在純白的房間中，被黑暗吞沒。夢醒之時，我已身處名為「惡魔界」的世界，化作一隻小小的惡魔。「——好想回去——」在我的心底，對光之世界的憧憬逐漸萌芽。然後終於，我跳進了眼前顯現的「召喚門」。再次醒來時，竟以人類嬰兒之姿降生於世。而我的誕生之地、與希望歸還的世界不同，居然是「神聖王國」。雖然擁有惡魔的力量，但嬰兒之身仍然太過孱弱。絕對要隱瞞住，自己是惡魔的事實——來吧，可愛的人類們啊~為我獻上、恐懼與絕望之花吧！,3,該書完全符合使用者的核心需求：1. 女主為轉生後的小惡魔及人類嬰兒，符合蘿莉/可愛少女設定；2. 標籤中包含戀愛元素；3. 明確為異世界轉生設定。雖然未提及具體的傲嬌或吃貨屬性，但已滿足所有主要條件。
q20,本人喜歡偏重人物心理描寫、人物互動和角色變化的作品，較偏執在人物塑造和刻劃上。劇情不要求設計得有多精妙，不影響觀感就好，就算是平鋪直述的也行。節奏快慢無妨，掌握恰當即可。本人對於自己的閱讀能力還算有信心，文字量稍微過多也沒差。大忌是拿膚淺粗俗爛造的刻板僵化人物作為行銷點。,bf92d0fe-fa4c-53dc-b50d-5f847fe341e8,4TEEN,石田衣良,10.6,完結,"校園, 青春, 戀愛, 群像, 其他文庫, 日本輕小說",月島，一個「今天」與「明天」共存的市鎮。劃開天際的摩天大樓、馬路上隨處可見的長屋和文字燒店鋪。現在與未來，交互穿插，融合，最後消失。我們在月島戀愛、受傷、踏上旅程，甚至和死亡擦身而過，然後，慢慢長大……詳實描寫14歲四人組一年間所遭遇的八個故事，刻畫「當下」的青春物語。,3,使用者核心需求在於人物心理描寫、互動與角色成長，且不追求複雜劇情。推薦書籍《4TEEN》強調「詳實描寫」與「刻畫」四人組在一年間的成長物語，涉及戀愛、受傷與成熟，其群像劇的設定與對青春期的細膩刻劃與使用者的需求高度契合。
q17,"求推薦世界觀建構完整
主角很清楚當下該做甚麼
是不太希望主角輕鬆拿到一堆外掛這種的
然後也蠻喜歡主角大意、失誤或忘記重要信息導致危機感這種狀況發生
非戰鬥類主角也可以，感覺這類主角穿越的比較多?
但是如果是一個高中生通十八般武藝心理素質又特好的就不要",8b106a04-5140-5b09-a70c-e8a348426360,奇岩館殺人案,高野結史,8.5,完結,"懸疑, 遊戲, 鬥智, 其他文庫, 日本輕小說",被聘請為臨時員工的佐藤，為了賺錢，接下了一份來路不明的高薪工作，卻被帶往與世隔絕的孤島上的「奇岩館」。在這裡，即使不是專業偵探，也必須成為偵探！佐藤先生從沒有推理經驗，但被困在這棟洋樓中，逐漸被逼迫學習如何推理，為了活下去，他必須在「偵探」找到他之前，先找出誰才是真正的偵探！隨著故事推進，不僅要思考兇手的動機，還要想辦法在「遊戲」中活下來，這不是壓力測試，這是真正的生存危機，心理與智慧都將面臨極大壓力。,3,該書主角佐藤並非擁有外掛的強者，而是缺乏推理經驗的普通人，符合使用者不希望主角輕鬆獲勝的要求。故事設定在孤島的生存遊戲中，強調心理壓力與生存危機，且主角並非完美的高中生，符合使用者對主角特質、非戰鬥類以及希望有危機感的偏好。
q19,"如題 最近看的書越來越多 總覺得自己也越來越挑了 希望有人能推薦一些好書
以下條件：
1. 女主是（外表）蘿莉（可愛的少御也是可以啦）
2.有戀愛的元素（後宮可以 但拜託不要無腦倒貼）
3.希望是異世界（不一定要穿越）
4.有傲嬌或無口或吃貨之類的屬性更好
拜託各位了",de1ba1d1-02ff-57e7-a06c-cd688a5ca54d,秒殺外掛太強了，異世界的傢伙們根本就不是對手。,藤孝剛志,146.7,完結,"異世界, 龍傲天, 戀愛, 歡樂向, 其他文庫, 日本輕小說",修學旅行的途中全班同學被自稱紫苑的賢者召喚到了異世界，並給予了學生們能成為賢者力量的「恩賜」，但是沒有獲得力量的壇之浦知千佳還有高遠夜霧居然被同學們當成魔物的誘餌拋棄在巴士里。存活下來的兩個人遭受到龍的襲擊，這時高遠夜霧冷靜的對著龍說「去死吧！」，龍便應聲倒下。史上最不講道理的外掛，開始橫行異世界。,1,該書符合「異世界」設定且標籤包含「戀愛」，但其核心賣點在於主角強大的秒殺能力（龍傲天），而非用戶首要要求的「蘿莉/少御」女主角設定，且缺乏對傲嬌、無口等特定屬性的強調，僅部分滿足要求。
q20,本人喜歡偏重人物心理描寫、人物互動和角色變化的作品，較偏執在人物塑造和刻劃上。劇情不要求設計得有多精妙，不影響觀感就好，就算是平鋪直述的也行。節奏快慢無妨，掌握恰當即可。本人對於自己的閱讀能力還算有信心，文字量稍微過多也沒差。大忌是拿膚淺粗俗爛造的刻板僵化人物作為行銷點。,37b0a724-08bb-5899-adcc-663bdee879c4,失落的花園,紅玉伊月,9.0,完結,"青春, 群像, 女性視角, 電擊文庫, 日本輕小說",和善溫柔的江香、愛打扮愛撒嬌的圓圓、帥氣迷人的小津、冷漠成熟的阿柴。纖細敏感、一不小心就會受傷的少女們，她們在花園裡看見了什麼……當離開花園的那一刻到來，她們又該如何面對？,3,該書標記為「群像」且強調少女們「纖細敏感」的心理狀態以及面對離別的成長，高度契合用戶對人物心理描寫、互動和角色變化的核心需求。雖然簡介中對角色的初步描述較為簡練，但整體基調傾向於角色驅動，符合用戶對人物塑造的重視。
q20,本人喜歡偏重人物心理描寫、人物互動和角色變化的作品，較偏執在人物塑造和刻劃上。劇情不要求設計得有多精妙，不影響觀感就好，就算是平鋪直述的也行。節奏快慢無妨，掌握恰當即可。本人對於自己的閱讀能力還算有信心，文字量稍微過多也沒差。大忌是拿膚淺粗俗爛造的刻板僵化人物作為行銷點。,4217545f-9fa6-5d00-a824-89cbbc8e708d,有誰規定了現實中不能有戀愛喜劇的？,初鹿野創,69.9,完結,"校園, 青春, 戀愛, 群像, 後宮, 歡樂向, 小學館, 日本輕小說",「想體驗有如戀愛喜劇的現實。」與女主以及好友角色一同度過充實的校園生活，輕小說嗜好者諸君想必都考慮過這種事吧。可惜現實中沒有此類戲劇化的展開。義妹之屬、青梅者流、現役偶像同級生包括神秘學姐甚或同性好友出現的可能性全無。如此這般，只好自己試著打造出理想。反覆分析練習必要事項，把現實染上戀愛喜劇的色彩。第十四回小學館輕小說大賞優秀賞受賞作——希望諸君能夠因此得到優秀的閱讀體驗。,1,使用者明確要求深層的人物心理描寫與角色演化，並強烈厭惡刻板僵化的人物塑造。而推薦書籍的核心設定是將現實打造為「戀愛喜劇」，且介紹中直接提到義妹、青梅竹馬等典型的輕小說刻板屬性，其傾向於對類型特徵的分析與模仿，而非深度的心理刻劃，與使用者需求相悖。
q20,本人喜歡偏重人物心理描寫、人物互動和角色變化的作品，較偏執在人物塑造和刻劃上。劇情不要求設計得有多精妙，不影響觀感就好，就算是平鋪直述的也行。節奏快慢無妨，掌握恰當即可。本人對於自己的閱讀能力還算有信心，文字量稍微過多也沒差。大忌是拿膚淺粗俗爛造的刻板僵化人物作為行銷點。,d34cfc4f-a0e7-590b-b393-4455408f46b2,四月是你的謊言 六人的練習曲,時海結以,6.7,完結,"校園, 青春, 戀愛, 群像, 音樂, 講談社, 日本輕小說",四月是你的謊言官方小說，由6個短故事組成，分別從各人的角度講述了和公生的故事像是原作最終話，小薰和渡的合影寫真的由來也描寫在內僅僅只是原作的細節補完。,3,使用者明確要求著重於人物心理描寫、互動與角色塑造，且不在意劇情是否精妙。本書作為《四月是你的謊言》的官方小說，採取多視角（六人練習曲）敘事，旨在深挖角色內心世界並補完人物關係，完美契合使用者對「人物刻劃」和「心理描寫」的核心需求，且該作品風格細膩，非膚淺刻板之作。
q20,本人喜歡偏重人物心理描寫、人物互動和角色變化的作品，較偏執在人物塑造和刻劃上。劇情不要求設計得有多精妙，不影響觀感就好，就算是平鋪直述的也行。節奏快慢無妨，掌握恰當即可。本人對於自己的閱讀能力還算有信心，文字量稍微過多也沒差。大忌是拿膚淺粗俗爛造的刻板僵化人物作為行銷點。,890c2a24-93c6-5102-8876-a86ff6f16305,少女不畢業,朝井遼,10.5,連載,"青春, 群像, 女性視角, 集英社, 日本輕小說",即將拆除的校園，不得不說的再見……畢業典禮這天，是所有師生向學校道別的日子，因為隔天，校園就要被拆除了。甜美酸澀的青春，將在此刻畫下句點。七名即將離校的少女，懷抱著糾結與不舍，在校園的各個角落，任由青春放送。充滿著仰慕、戀愛、夢想、成長、希望與懊悔的心情，她們該如何向心中重要的人事物道別？,3,用戶核心需求是深入的人物心理描寫、互動與角色刻劃，而該書標記為「群像」且介紹中強調了七名少女在畢業前夕複雜的情感（糾結、不舍、成長、懊悔等），高度契合用戶對角色塑造和心理探索的偏好。且其青春劇的性質通常不依賴複雜劇情，符合用戶對情節要求的低門檻。
q21,"最近剛看完三角距離無限為零
雖然胃在痛不過還是很喜歡三角戀這個要素
有人可以推薦一下類似的作品嗎?
當然不一定要三角戀 更多也行 只是想看這種描述男女主如何在戀愛中痛苦掙扎的小說
有糖更好 因為之後胃會更痛",719aa5fc-8788-5ad7-9464-f050ed26b6ab,身為邊緣人的我同時被四個人告白，一定是有什麼陰謀！,才羽しや,20.0,完結,"戀愛, 黑暗, 群像, 青春, 病嬌, 懸疑, 校園, kakuyomu, Web輕小說",我的同學是殺人鬼。瘋狂、血腥、暴力的學生×懸疑劇——。高中二年級的石橋，從一年級開始就一直貫徹「孤獨」的孤獨主義。在即將入梅的六月，石橋同時收到了四個女生的告白。第一個是安齋小蓮，是一個文靜的扎著丸子頭的園藝部成員。第二位的己斐西唯戀是開朗華麗的辣妹系班級委員。第三個喜屋武照沙，是誰都認可的美人凜然的弓道部。第四個人玖珠璃瑠葉，以眼鏡為特徵的文藝部。雖然每個女生都是在班級上數起來比較快的有魅力的少女，但是對於為了避免人際糾紛而一直「落單」的石橋來說，這個告白只能是可疑滿分。因為石橋知道了她們所有人的秘密。——執著、偏愛、殺人、暴力、瘋狂——與被吐露的四名少女的本性一起，石橋波瀾的六月即將拉開帷幕。※包含一部分暴力，殘酷描寫。,2,用戶希望尋找包含多角關係且描述戀愛中痛苦掙扎的作品。推薦書籍具有多角關係（四人告白）以及病嬌、黑暗等元素，能提供一種極端且扭曲的「掙扎與痛苦」，符合用戶對多角關係與情感痛苦的需求，但其風格更偏向懸疑與精神壓力而非單純的戀愛虐心，因此給予 2 分。
q21,"最近剛看完三角距離無限為零
雖然胃在痛不過還是很喜歡三角戀這個要素
有人可以推薦一下類似的作品嗎?
當然不一定要三角戀 更多也行 只是想看這種描述男女主如何在戀愛中痛苦掙扎的小說
有糖更好 因為之後胃會更痛",4e14ad90-44ee-5b48-af59-fa2461668010,那位對所有人都溫柔體貼的校園聖女，只在我身上留下齒痕,和鳳ハジメ,10.7,完結,"戀愛, 病嬌, 黑暗, kakuyomu, Web輕小說",因為對校園的聖女大人做出了×××，結果我們開始同居了。她是品行端正、對任何人都和藹可親的美女。作為學園理事的女兒，被譽為校園聖女的一條寺初雪，她有一個奇怪的癖好。「嗷嗚嗷嗚」「——啊，你還是像往常一樣毫不猶豫地咬上去啊」是的，當她和某個男同學，竹清吉久單獨在一起時，她會咬他的手指、手臂、頸項等，在他的身體上留下痕迹。「把我變成這樣淫蕩的女人，是你吧？」「我無話可說……」每天，留下咬痕的少女和被咬的少年。在他們的過去，則是一段加害者和受害者之間，被凌辱、被侵犯、成為性奴隸的關係，完全與現在相反。「請負起責任」「我以為會因為其他方向的罪責被追究，但初雪小姐的品味也很糟糕……」「是啊，因為從今天開始要和像你這樣的罪犯住在一起。除了品味糟糕外別無他法」「什麼，我怎麼沒聽說過!? 」被凌辱者束縛的少女，以及因扭曲的戀情而凌辱他人的少年。兩個人錯誤百出的不道德戀愛，為了真正結合，開始了同居生活。,0,LLM judge failed: Empty response from LLM
q21,"最近剛看完三角距離無限為零
雖然胃在痛不過還是很喜歡三角戀這個要素
有人可以推薦一下類似的作品嗎?
當然不一定要三角戀 更多也行 只是想看這種描述男女主如何在戀愛中痛苦掙扎的小說
有糖更好 因為之後胃會更痛",6200124d-4a54-53c5-90ec-db6ca557a0c5,墮落的女友 ～分手後的我和青梅竹馬的結局～,コアラvsラッコ,10.9,完結,"NTR, 戀愛, 青梅竹馬, 病嬌, 黑暗, kakuyomu, Web輕小說",輸的徹徹底底的青梅竹馬還有可能東山再起嗎？從傍晚在公園偶然看到的情景開始，我和她的關係發生了很大的變化。本來應該是兩個人的問題，但是最終還是將周圍的人也卷了進來這是一個分手後開始的故事,3,用戶明確表示喜歡「胃痛」感以及男女主角在戀愛中痛苦掙扎的描述，且不限於三角戀，甚至接受更多人參與的複雜關係。推薦的作品標記有 NTR、病嬌、黑暗，且劇情圍繞在分手後的扭曲關係與情感掙扎，能提供極強的「胃痛」效果，非常符合用戶的核心需求。
q21,"最近剛看完三角距離無限為零
雖然胃在痛不過還是很喜歡三角戀這個要素
有人可以推薦一下類似的作品嗎?
當然不一定要三角戀 更多也行 只是想看這種描述男女主如何在戀愛中痛苦掙扎的小說
有糖更好 因為之後胃會更痛",c70c40fb-6972-52a6-b0b8-d18253ba3eb5,拯救的美少女姊妹其實是病嬌,みょん,21.1,完結,"校園, 青春, 戀愛, 病嬌, 後宮, 歡樂向, kakuyomu, Web輕小說",這是來自病嬌一家沉重的愛。某一天，我幫助了住在附近的美少女姊妹和她們的母親。那便是一切的開始。一點點……一點點……她們的愛逐漸滲透入我的內心……而我選擇的道路是————,1,用戶明確尋找的是具有情感掙扎、心理痛苦（胃痛感）的戀愛作品，而推薦的書籍雖然包含多角關係（後宮），但標籤為「歡樂向」，其病嬌設定更傾向於特定的屬性快感而非情感上的痛苦掙扎，與用戶追求的沉重情感基調不符。
q19,"如題 最近看的書越來越多 總覺得自己也越來越挑了 希望有人能推薦一些好書
以下條件：
1. 女主是（外表）蘿莉（可愛的少御也是可以啦）
2.有戀愛的元素（後宮可以 但拜託不要無腦倒貼）
3.希望是異世界（不一定要穿越）
4.有傲嬌或無口或吃貨之類的屬性更好
拜託各位了",ae097c21-a698-5a2d-b7b4-9bcc929746a9,明明是貞操逆轉世界卻和想像中的不一樣？,イコ,39.4,完結,"校園, 青春, 戀愛, 病嬌, 青梅竹馬, 後宮, 妹妹, 轉生, 異世界, kakuyomu, Web輕小說",這是個憧憬著貞操逆轉世界的主人公雖然轉生了，但卻覺得現實和自己的理想有著差異的故事。,2,該書符合用戶要求的「異世界（轉生）」與「戀愛/後宮」元素。雖然標籤中沒有直接提到「蘿莉」，但包含「校園」、「青梅竹馬」與「妹妹」，暗示女性角色年齡較小且屬性多樣（如病嬌），與用戶對可愛少御或特定屬性的需求有較高重疊度，但缺乏對蘿莉屬性的明確確認。
q21,"最近剛看完三角距離無限為零
雖然胃在痛不過還是很喜歡三角戀這個要素
有人可以推薦一下類似的作品嗎?
當然不一定要三角戀 更多也行 只是想看這種描述男女主如何在戀愛中痛苦掙扎的小說
有糖更好 因為之後胃會更痛",daa3d018-53db-5c62-8886-f0b3409ec8fa,女主角們都想殺掉我,김마모,81.0,連載,"奇幻, 冒險, 黑暗, 群像, 後宮, 魔法, 病嬌, 戀愛, 校園, 青梅竹馬, other, 韓國輕小說",為了拯救陷入絕望的黑暗幻想遊戲世界，我強忍淚水毀滅了世界，並殺死魔王而得以回歸。現在，我打算利用「回歸特權」賜予我的系統視窗來拯救世界……但很不幸地，女主角們也覺醒了上一周目的記憶。真是該死。,2,使用者希望尋找描述戀愛中痛苦掙扎、具有「胃痛」感的作品。推薦的作品雖然是奇幻回歸設定，但其核心包含「病嬌」與「女主角因前世記憶而對男主產生極端情感（想殺掉他）」的衝突，符合使用者對情感折磨與痛苦關係的偏好，雖然類型偏向輕小說而非純愛劇，但情緒基調相符。
q21,"最近剛看完三角距離無限為零
雖然胃在痛不過還是很喜歡三角戀這個要素
有人可以推薦一下類似的作品嗎?
當然不一定要三角戀 更多也行 只是想看這種描述男女主如何在戀愛中痛苦掙扎的小說
有糖更好 因為之後胃會更痛",579b94e7-cffe-5a17-98d4-9fe6444f3af8,此戀暗黑,十文字青,10.5,連載,"奇幻, 校園, 戀愛, 黑暗, 歡樂向, MF文庫J, 日本輕小說",高良縊想星是一名殺死一人即可增加一條命的高中二年級男生，夢想是成為隨處可見的普通高中生。羊本朽奈是一名與人接觸即可殺死對方的高中二年級女生，同樣也不喜歡自己現在的道路。白森明日美是一名「普通」的高中二年級女生，可愛的出奇。不知為何，她對高良縊想星進行了表白，從而交往。殺人的事情根本不可能坦白，所以兩人的交往幾經周折，最終破裂。想要變得普通，想要對心動的女孩子誠實，卻無法實現。隨著想星在「工作」的場合見到了羊本朽奈——兩個扭曲而黑暗的靈魂開始貼近。「我已經殺死過你好幾次了」為了死多少次都無所謂，不更多殺一些的話──依賴殺人奪取性命的他和依賴觸碰即可奪命的她——些許暗黑的戀愛喜劇，開幕。,2,該作品包含三角關係，且主角們因為特殊的設定（殺人與奪命）而無法擁有平凡的戀愛，在渴望普通與接受扭曲自我之間掙扎，符合用戶想看「在戀愛中痛苦掙扎」的需求。雖然標籤有「歡樂向」，但其「暗黑」與「扭曲」的基調能提供一定的虐心感，但在純粹的情感折磨程度上可能與原作有所不同。
q21,"最近剛看完三角距離無限為零
雖然胃在痛不過還是很喜歡三角戀這個要素
有人可以推薦一下類似的作品嗎?
當然不一定要三角戀 更多也行 只是想看這種描述男女主如何在戀愛中痛苦掙扎的小說
有糖更好 因為之後胃會更痛",035f78c1-a220-5efd-9f7e-f309f0eb1cec,愛的禁行式,本谷有希子,9.0,完結,"戀愛, 黑暗, 妹妹, NTR, 其他文庫, 日本輕小說",「如果不把你的人生也糟蹋掉，那我出生在這個世上就沒有意義了。」以「兄妹」相稱的二人。「復仇」、「偷窺」、「憎恨」凝成曖昧的薄冰。他們小心翼翼地行走其上，步步維艱。就算輕薄的假象被殘忍撕裂。也要假裝閉上眼。假裝看不見。假裝正常。假裝可以。「你會後悔和我這種男人扯上關係嗎？」「我不後悔喔。」只要我還是受到憎恨的對象，哥哥就永遠不會離開我。,2,使用者核心需求是「戀愛中的痛苦掙扎」以及「胃痛感」。雖然推薦的作品沒有三角戀要素，但其描述的病態、扭曲且充滿憎恨的禁忌之戀，確實能提供強烈的心理壓迫感與情感掙扎，符合使用者對「痛苦」的追求。然而，其黑暗、禁忌（近親、NTR）的風格與《三角距離無限為零》的青春戀愛氛圍有較大出入，因此給予 2 分。
q21,"最近剛看完三角距離無限為零
雖然胃在痛不過還是很喜歡三角戀這個要素
有人可以推薦一下類似的作品嗎?
當然不一定要三角戀 更多也行 只是想看這種描述男女主如何在戀愛中痛苦掙扎的小說
有糖更好 因為之後胃會更痛",0bc9ed07-de9d-58dd-94e0-f8a9a64e397b,戀入膏肓,斜線堂有紀,17.2,完結,"黑暗, 懸疑, 犯罪, 戀愛, 青梅竹馬, 角川文庫, 日本輕小說",我的戀人是將150個以上的人逼到自殺的殺人犯──縱使你會下地獄，我也依然喜歡你。震撼全日本的教唆自殺遊戲「大藍閃蝶」，出現約150人以上的被害者。沒有人能預料到，遊戲首腦是位人見人愛的女高中生，寄河景。理應心地善良的少女是如何轉變成怪物的呢？她的青梅竹馬少年宮嶺，回想起讓命運變調的「首次殺人」。「即使全世界都饒不了你，我也會站在你這邊。」儘管注意到少女的變化，仍舊無法斷絕愛戀的少年會踏入何種地獄？,2,使用者核心需求是尋找描述男女主角在戀愛中「痛苦掙扎」且具有「胃痛感」的作品。雖然推薦書籍並非三角戀，但其描述的「愛上殺人犯」以及「即使進入地獄也無法斷絕愛戀」的情節，高度符合使用者想看戀愛中掙扎與痛苦的心理需求，具有強烈的情感撕裂感，符合核心意圖。
q21,"最近剛看完三角距離無限為零
雖然胃在痛不過還是很喜歡三角戀這個要素
有人可以推薦一下類似的作品嗎?
當然不一定要三角戀 更多也行 只是想看這種描述男女主如何在戀愛中痛苦掙扎的小說
有糖更好 因為之後胃會更痛",877b613c-e9b2-548f-b1ff-179cbf025fd0,關於同班同學太病嬌這檔事,浜辺夜空,0.7,連載,"校園, 戀愛, 病嬌, 後宮, 歡樂向, kakuyomu, Web輕小說",同班同學都是病嬌!? 充滿暗黑甜蜜氣息的後宮♡17歲的高中二年級生林暉久(はやし てるひさ)因被欺負而被分配到只有問題學生上課的M班。M班現在只有5名女學生，正是後宮狀態，在這裡暉久開始與一名黑色長髮女學生交往，為人生中第一次擁有女朋友而感到心動。但是，他漸漸發現，班上所有同學都是病嬌，於是一場地獄般的後宮生活就此展開。不過，每個女學生背後都隱藏著一些黑暗的過去……,1,使用者尋找的是具有深刻情感掙扎、痛苦且帶有『胃痛感』的戀愛作品。推薦的作品雖然包含多角關係（後宮），但其標籤為『歡樂向』，且病嬌設定傾向於屬性萌或喜劇化的地獄生活，與使用者渴望的純粹情感折磨與掙扎之氛圍不符，僅在多角關係這一點上有表面關聯。
q21,"最近剛看完三角距離無限為零
雖然胃在痛不過還是很喜歡三角戀這個要素
有人可以推薦一下類似的作品嗎?
當然不一定要三角戀 更多也行 只是想看這種描述男女主如何在戀愛中痛苦掙扎的小說
有糖更好 因為之後胃會更痛",04312584-aca8-5b5a-b15a-864f212fb2d3,電波系彼女,片山憲太郎,36.0,完結,"校園, 懸疑, 冒險, 黑暗, 戀愛, 集英社, 日本輕小說",不良少年的柔澤十被從未見過面的少女宣誓效忠，當他被這位名叫墮花雨的少女古怪行徑耍得團團轉時，也漸漸地接受了她的存在。另外在不知不覺之間，他們也和愛多管閑事的同班同學．紗月美夜之間建立起不可思議的三角關係。然而，自從被捲入街頭的連續殺人事件後，十開始對雨產生懷疑⋯⋯人性的扭曲將引發出一段駭人懸疑的案件！,3,推薦書籍明確提到建立了「三角關係」，且標記為「黑暗」並描述有「人性的扭曲」，符合使用者對三角戀以及戀愛中痛苦掙扎（胃痛感）的需求，雖然包含懸疑元素，但情感基調與使用者意圖契合。
q21,"最近剛看完三角距離無限為零
雖然胃在痛不過還是很喜歡三角戀這個要素
有人可以推薦一下類似的作品嗎?
當然不一定要三角戀 更多也行 只是想看這種描述男女主如何在戀愛中痛苦掙扎的小說
有糖更好 因為之後胃會更痛",d07e79aa-4aa9-5fa3-86ea-3ff4b997125e,怪異和我的戀愛物語,夜桜舞利花,15.7,完結,"奇幻, 戀愛, 病嬌, 女性視角, other, Web輕小說",「我愛你，深深地迷戀著你。」他拋棄了一切，知道這是一段不被允許的戀情。「我愛你。」對少女傾注瘋狂愛情的怪異，等待在其前方的到底是……？這是一個君臨頂點的怪異，以及被怪異看中的人類少女的──甜蜜又悲傷的戀愛故事──,2,雖然該書沒有明確提到三角戀，但標籤中的「病嬌」以及簡介中提到的「不被允許的戀情」與「甜蜜又悲傷」，符合使用者追求戀愛中痛苦掙扎及「先甜後苦」的情緒需求，在情感基調上具有較高的相關性。
q21,"最近剛看完三角距離無限為零
雖然胃在痛不過還是很喜歡三角戀這個要素
有人可以推薦一下類似的作品嗎?
當然不一定要三角戀 更多也行 只是想看這種描述男女主如何在戀愛中痛苦掙扎的小說
有糖更好 因為之後胃會更痛",49de2901-8d9c-52fe-b485-7a839e17bf66,劣者之痛,Zoisite,47.2,連載,"戀愛, 後宮, 病嬌, 偽娘, 歡樂向, syosetu, Web輕小說",御日陽火，長期暗戀著名為詩都的青梅竹馬，卻被另一個青梅竹馬，紅葉駿橫刀奪愛。可是，當他失戀後，卻在不知不覺之間開始受到眾女歡迎，並建立起了自己的後宮。,1,用戶明確尋求像《三角距離無限為零》那樣具有「胃痛」感、在戀愛中痛苦掙扎且氛圍沉重的作品。雖然推薦作品開頭包含失戀與三角關係，但其標籤為「歡樂向」且劇情走向為「後宮」，這與用戶渴望的虐心、掙扎的情感氛圍完全相反，僅在設定上有表面相似之處。
q22,"就是不後宮不NTR純純的戀愛作品 虐也行 比較希望校園類 其他類型也可以介紹看看 最近看一堆異世界後宮戰鬥有點膩了......
還有兄妹的作品 滿喜歡兄妹類型的 隨便丟一張圖",c22127f8-7494-5a5c-beb9-8537b8658087,買下的出租女友是妹妹？,douyueling,50.0,連載,"妹妹, 戀愛, 偽娘, 校園, 歡樂向, 青春日常, 華文輕小說",我妹在做出租女友？？不，這不應該啊。父母離婚後三年，我們也整整三年沒見了。但再怎麼樣，那傢伙也不應該墮落到這個地步。但出錢買下的出租女友，有著染成棕色的雙馬尾，圓滾滾的大眼睛，櫻桃小口，然後就是甜美又神秘的微笑，毫無疑問就是分別了三年的那傢伙的臉，這張臉我一輩子都不會忘記。真要命，為什麼會變成這樣。這難道是我的錯嗎？,3,使用者明確要求不後宮、不NTR的純戀愛作品，且特別提到喜歡「兄妹類型」以及「校園類」。推薦書籍《買下的出租女友是妹妹？》完全符合這些要求：包含兄妹設定、校園背景且為純戀愛向，完美契合使用者的核心需求。
q21,"最近剛看完三角距離無限為零
雖然胃在痛不過還是很喜歡三角戀這個要素
有人可以推薦一下類似的作品嗎?
當然不一定要三角戀 更多也行 只是想看這種描述男女主如何在戀愛中痛苦掙扎的小說
有糖更好 因為之後胃會更痛",d2750fa9-85fe-5fae-a477-f987fa550fd1,轉生到病嬌戀愛喜劇遊戲，那可怕的少女成為了我的妹妹,みょん,15.4,完結,"妹妹, 後宮, 校園, 戀愛, 病嬌, kakuyomu, Web輕小說",被病嬌、怪物還有恐怖的妹妹愛著那一天，當我見到那名少女時，我才意識到，這是一個遊戲世界。一個以戀愛喜劇為主題，有著恐怖設定的世界，而那位成為我妹妹的少女，就是殺死我的人。,1,使用者尋找的是像《三角距離無限為零》那種側重於深刻情感掙扎、虐心（胃痛）的戀愛故事。推薦的作品雖然包含後宮與病嬌要素，且有病嬌帶來的壓迫感，但其本質是「轉生」、「戀愛喜劇」與「遊戲世界觀」，其痛苦來源更多是病嬌屬性的恐怖感而非情感上的掙扎與折磨，與使用者的核心需求（情感上的虐心）僅有表面上的關聯。
q21,"最近剛看完三角距離無限為零
雖然胃在痛不過還是很喜歡三角戀這個要素
有人可以推薦一下類似的作品嗎?
當然不一定要三角戀 更多也行 只是想看這種描述男女主如何在戀愛中痛苦掙扎的小說
有糖更好 因為之後胃會更痛",aa31493b-13a9-5bc0-a730-aa2d38c1361a,與妳共墜地獄,替罪羊,26.5,連載,"百合, 青春, 校園, 戀愛, 黑暗, 女性視角, 青春日常, 華文輕小說",要說是怪癖也沒有任何問題。但……就是…………….有些人喜歡聞腳的味道；也有人喜歡咬指甲、咬吸管。總而言之，我的意思是--冬野悠奈這個人，喜歡燒傷的疤痕。沒有什麼特殊的緣由或是故事，只是單純的從書籍上的圖片看到了之後--著迷，自己都感到訝異的著迷，在網路上瘋狂搜索著相關的圖片，每每看見心臟便會砰砰直跳。而這個人的名字剛剛好跟我一模一樣，真是個令人難以相信的巧合。冬野悠奈在巧合下看見了同班同學臉上的傷疤。孤僻的她至此難以將視線從她身上離去。,1,使用者明確尋找「男女主」以及「三角戀」且具有「痛苦掙扎」感的作品。推薦書籍雖然具有「黑暗」與「戀愛」的要素，且氛圍較為沉重，但屬於「百合 (GL)」作品，不符合使用者對男女主角的設定要求，且劇情核心傾向於個體的病態執著而非多角關係中的情感掙扎。
q22,"就是不後宮不NTR純純的戀愛作品 虐也行 比較希望校園類 其他類型也可以介紹看看 最近看一堆異世界後宮戰鬥有點膩了......
還有兄妹的作品 滿喜歡兄妹類型的 隨便丟一張圖",a32cdf64-ea7c-56b9-853f-7a88e5f6b91a,戀愛什麼的，真是無聊透頂。,雲雀湯,34.2,連載,"校園, 青春, 戀愛, 青梅竹馬, 妹妹, 小學館, 日本輕小說",河合祐真有個小他一歲的青梅竹馬──倉本涼香，是他的好朋友晃成的妹妹。對祐真來說，涼香也像是自己的親妹妹一樣，即使成為了高中生，這點也不會改變。原本，他是這麼認為的……直到有一天，晃成對打工店裡的前輩動了心。低聲說了句「真蠢」的涼香，表示自己無法理解戀愛感情，而祐真也對戀愛懷抱著心理創傷。不過，他對於『那方面』的事情並不是沒有興趣。「接吻好像很舒服呢？」明知道這樣不對，兩人還是越過了那條界線。於是他們立下了一個約定──這段不純潔的關係，只維持到『真正喜歡的人』出現為止。,3,該作品完全符合使用者的需求：設定在校園，且並非異世界後宮戰鬥類。最重要的是，故事核心是關於像兄妹般的青梅竹馬關係，精準命中使用者提到的「兄妹類型」偏好，且不屬於後宮或NTR作品。
q22,"就是不後宮不NTR純純的戀愛作品 虐也行 比較希望校園類 其他類型也可以介紹看看 最近看一堆異世界後宮戰鬥有點膩了......
還有兄妹的作品 滿喜歡兄妹類型的 隨便丟一張圖",eecb6617-4999-53e2-9195-873797d6e004,三月，七日。,森橋賓果,19.6,完結,"校園, 青春, 戀愛, 妹妹, Fami通文庫, 日本輕小說","孤獨寂寞的少女．七日。扮演模範生的少年．三月。在高一的春天即將到來的某一天，與同班同學的接吻。是運命的捉弄亦或偶然，邂逅的兩人漸漸被對方所吸引──刻划出一段少年與少女，充滿了青澀與哀愁的愛情故事。青澀的愛喲,絕望的戀喲,悲傷的情喲.....",3,該作品完全符合用戶的所有需求：校園背景、純愛、非後宮且無NTR，包含用戶接受的虐心元素，且標籤明確包含「妹妹」，精準命中用戶對兄妹類型的喜好。
q22,"就是不後宮不NTR純純的戀愛作品 虐也行 比較希望校園類 其他類型也可以介紹看看 最近看一堆異世界後宮戰鬥有點膩了......
還有兄妹的作品 滿喜歡兄妹類型的 隨便丟一張圖",94848232-31af-5716-8db4-dc596eb01522,人生二周目的鏑木學姐,としぞう,7.4,連載,"校園, 青春, 戀愛, 歡樂向, 妹妹, 電擊文庫, 日本輕小說",「我叫鏑木美春，你未來的老婆！」隨處可見的平梵谷中生日宮友樹，有一天突然被萬眾矚目的天才美少女鏑木美春表白了。鏑木學姐看上去似乎是人生二周目……?!明明沒有見過面，鏑木學姐卻不斷接近搞得主人公小鹿亂撞——！反套路的超直球甜蜜戀愛小說開始了！,3,該作品完全符合用戶對「非後宮」、「非NTR」以及「校園戀愛」的核心需求，且風格與用戶想要擺脫的「異世界後宮戰鬥」截然不同。雖然主角關係是學姐而非兄妹，但符合用戶對校園純愛作品的高度偏好。
q23,"最近不知道要看什麼，想請大家推薦一些好看的作品

裝逼開掛類的
黑暗懸疑的
或是一些風格冷門的都還算喜歡
只有一個大前提，不要後宮，不要賣肉（好像變2個大前提了？
不喜歡那種明明男主沒幹什麼但每個女角都喜歡他，非得要的話2個是極限，而且劇情希望能別注重在他們愛來愛去互刷好感度卻又不決定人選的地方，如果是冒險類作品增加同伴的時候，可以的話別清一色都女的偶而也增加點男性同伴也好（都女的最後8成都變後宮
再來不要硬賣一些福利，例如某漫畫的黎斗摔，或者是洗澡時剛好開門，或者是組個樂團為了討老師歡心換了泳裝演奏……這種的不太能接受

喜歡偏向下剋上（不管是強者因未知原因被分到弱組還是靠努力爬上來把上位者打趴的都喜歡）
描寫內心戲多的（黑掉壞掉，或是溫馨感動的都喜歡）
不好意思這麼麻煩…因為總感覺現在大眾向的作品，開掛後宮福利都會有，希望能找到一些後宮福利少點的",7b841e53-780d-540f-b8f7-9f266b0afddd,謀殺克拉拉,小林泰三,11.2,完結,"奇幻, 懸疑, 黑暗, 鬥智, 大逃殺, 其他文庫, 日本輕小說",100%想像不能的真相，挑動神經的心理戰童話王國的邪惡殺人計畫，等待你「上線」破解！★經典童話《胡桃鉗》（暗黑版） ╳ 大逃殺GAME推理★暢銷話題作《謀殺愛麗絲》姊妹篇要是在地球找不到樂趣，不如前往「另一個世界」奪回屬於你的故事？理科研究生井森建，經常做詭異的夢。在夢裡，他是一隻叫「比爾」的蜥蜴，與名為愛麗絲的女孩和各種奇妙的生物，一起住在不可思議王國。然而，一天夜裡，他不小心迷路，來到國境外的一座翠綠的山上，遇見輪椅美少女克拉拉和老爺爺，對方提議：我們在「另一邊」也見個面吧。翌日早晨，井森果然在大學的校門前碰上自稱「克拉拉」的女生。她告訴井森，前陣子遭遇車禍，肇事者逃逸，之後就不斷收到恐嚇信，威脅要取她性命……井森該如何找出兇手，保護兩個世界的克拉拉？,3,使用者明確要求「黑暗懸疑」且「不要後宮賣肉」。推薦書籍《謀殺克拉拉》標籤包含黑暗、懸疑、鬥智與大逃殺，且劇情聚焦於心理戰與謀殺謎團，完全符合使用者對風格的需求，且從簡介來看並非後宮向作品，是非常契合的推薦。
q23,"最近不知道要看什麼，想請大家推薦一些好看的作品

裝逼開掛類的
黑暗懸疑的
或是一些風格冷門的都還算喜歡
只有一個大前提，不要後宮，不要賣肉（好像變2個大前提了？
不喜歡那種明明男主沒幹什麼但每個女角都喜歡他，非得要的話2個是極限，而且劇情希望能別注重在他們愛來愛去互刷好感度卻又不決定人選的地方，如果是冒險類作品增加同伴的時候，可以的話別清一色都女的偶而也增加點男性同伴也好（都女的最後8成都變後宮
再來不要硬賣一些福利，例如某漫畫的黎斗摔，或者是洗澡時剛好開門，或者是組個樂團為了討老師歡心換了泳裝演奏……這種的不太能接受

喜歡偏向下剋上（不管是強者因未知原因被分到弱組還是靠努力爬上來把上位者打趴的都喜歡）
描寫內心戲多的（黑掉壞掉，或是溫馨感動的都喜歡）
不好意思這麼麻煩…因為總感覺現在大眾向的作品，開掛後宮福利都會有，希望能找到一些後宮福利少點的",458ca0b5-d8a5-5371-bbe4-0b8dd57c444b,因為被捲入賭命遊戲，所以順勢把討厭的人殺了,中田かなた,22.2,完結,"鬥智, 懸疑, 遊戲, 大逃殺, 黑暗, HJ文庫, 日本輕小說",新井和馬清醒後，發現自己到了一個陌生的空間。憑空現身的『無名』表示，他必需和所有師生進行一場爭奪生存機會的遊戲。和馬衷心享受這種九死一生的危機，他要殺光每一個看不順眼的傢伙。他和超高校級的女演員‧鐵山徹子聯手，以毒辣的頭腦為武器，共同挑戰賭命的遊戲──。,3,該作品高度符合使用者對「黑暗懸疑」的需求，標籤包含大逃殺、鬥智與黑暗，且主角設定為享受危機、欲殺光討厭之人的性格，符合使用者提到的「黑掉壞掉」或心理描寫較多的偏好。此外，劇情核心在於生存遊戲與策略，並非典型的後宮賣肉作品，符合使用者對避開大眾向後宮福利劇的強烈要求。
q23,"最近不知道要看什麼，想請大家推薦一些好看的作品

裝逼開掛類的
黑暗懸疑的
或是一些風格冷門的都還算喜歡
只有一個大前提，不要後宮，不要賣肉（好像變2個大前提了？
不喜歡那種明明男主沒幹什麼但每個女角都喜歡他，非得要的話2個是極限，而且劇情希望能別注重在他們愛來愛去互刷好感度卻又不決定人選的地方，如果是冒險類作品增加同伴的時候，可以的話別清一色都女的偶而也增加點男性同伴也好（都女的最後8成都變後宮
再來不要硬賣一些福利，例如某漫畫的黎斗摔，或者是洗澡時剛好開門，或者是組個樂團為了討老師歡心換了泳裝演奏……這種的不太能接受

喜歡偏向下剋上（不管是強者因未知原因被分到弱組還是靠努力爬上來把上位者打趴的都喜歡）
描寫內心戲多的（黑掉壞掉，或是溫馨感動的都喜歡）
不好意思這麼麻煩…因為總感覺現在大眾向的作品，開掛後宮福利都會有，希望能找到一些後宮福利少點的",dbb93b6e-1b1b-52ab-8d12-9367da749fde,逃殺競技場,土橋真二郎,33.2,完結,"懸疑, 遊戲, 鬥智, 大逃殺, 黑暗, 電擊文庫, 日本輕小說",「請各位在門另一邊的競技場互相殘殺。」少女一醒來，眼前是前所未見的空間。有人給了她手槍和刀子，強制她與其他人互相殘殺。這是一場被籌畫好的殘忍死亡遊戲。被一同集結而來的三十人中，僅有一人能活下去──某日，高中生萩原悠人得知本應已自殺身亡的同學月島伊央，參加了名為「競技場」的死亡遊戲。雖然悠人和同班同學們一起從外部支援伊央，試圖成功破解遊戲……被一起集結至此的三十個人之間的共通點，將成為令人恐懼的真實攤在悠人一行人面前！令人目不轉睛的學園逃生懸疑小說！,3,該作品標籤包含「黑暗」、「懸疑」與「鬥智」，完全符合使用者對黑暗懸疑風格的喜好。且從大逃殺死亡遊戲的設定來看，劇情重心在於生存與破解謎題，而非後宮或福利情節，避開了使用者的雷區。雖然未明確提到「下剋上」或「開掛」，但鬥智類作品通常包含以弱勝強的過程，整體契合度很高。
q23,"最近不知道要看什麼，想請大家推薦一些好看的作品

裝逼開掛類的
黑暗懸疑的
或是一些風格冷門的都還算喜歡
只有一個大前提，不要後宮，不要賣肉（好像變2個大前提了？
不喜歡那種明明男主沒幹什麼但每個女角都喜歡他，非得要的話2個是極限，而且劇情希望能別注重在他們愛來愛去互刷好感度卻又不決定人選的地方，如果是冒險類作品增加同伴的時候，可以的話別清一色都女的偶而也增加點男性同伴也好（都女的最後8成都變後宮
再來不要硬賣一些福利，例如某漫畫的黎斗摔，或者是洗澡時剛好開門，或者是組個樂團為了討老師歡心換了泳裝演奏……這種的不太能接受

喜歡偏向下剋上（不管是強者因未知原因被分到弱組還是靠努力爬上來把上位者打趴的都喜歡）
描寫內心戲多的（黑掉壞掉，或是溫馨感動的都喜歡）
不好意思這麼麻煩…因為總感覺現在大眾向的作品，開掛後宮福利都會有，希望能找到一些後宮福利少點的",305bf018-b0cd-51eb-b156-6a5693cb9919,不法辯護人,師走透,37.0,完結,"懸疑, 鬥智, 黑暗, 角川文庫, 日本輕小說",★在正義與法律的矛盾間掙扎的新手辯護律師，碰上有「惡魔辯護人」之稱的老鳥律師，會激出何種火花？「我要拯救蒙受不白之冤的人！」新手辯護律師本多懷抱這樣的理想，卻在人生第一次的刑事法庭陷入苦戰，在無計可施之下，向有「惡魔辯護人」之稱的阿武隈求救。阿武隈不僅宣稱自己能一眼看穿他人的謊言，更用盡各種狡詐手段為被告辯護，頻頻挑戰本多的道德觀與認知……充滿謎團的阿武隈，究竟是如他自稱的「正義辯護人」？抑或是貨真價實的「惡魔辯護人」？老奸巨猾的老鳥律師VS.正義感十足的新手律師充滿計策與謀略的法庭審判大戲，登場！,3,該作品標籤包含「懸疑」與「黑暗」，完全符合使用者明確要求的「黑暗懸疑」類型。劇情聚焦於法律鬥智、謀略以及對道德觀的挑戰，且無任何後宮或賣肉傾向，精確避開了使用者最討厭的雷點。此外，資深律師的強大能力（類開掛）以及新人律師與前輩的對立衝突，也符合使用者對於「下克上」與「鬥智」的偏好，是非常契合的推薦。
q23,"最近不知道要看什麼，想請大家推薦一些好看的作品

裝逼開掛類的
黑暗懸疑的
或是一些風格冷門的都還算喜歡
只有一個大前提，不要後宮，不要賣肉（好像變2個大前提了？
不喜歡那種明明男主沒幹什麼但每個女角都喜歡他，非得要的話2個是極限，而且劇情希望能別注重在他們愛來愛去互刷好感度卻又不決定人選的地方，如果是冒險類作品增加同伴的時候，可以的話別清一色都女的偶而也增加點男性同伴也好（都女的最後8成都變後宮
再來不要硬賣一些福利，例如某漫畫的黎斗摔，或者是洗澡時剛好開門，或者是組個樂團為了討老師歡心換了泳裝演奏……這種的不太能接受

喜歡偏向下剋上（不管是強者因未知原因被分到弱組還是靠努力爬上來把上位者打趴的都喜歡）
描寫內心戲多的（黑掉壞掉，或是溫馨感動的都喜歡）
不好意思這麼麻煩…因為總感覺現在大眾向的作品，開掛後宮福利都會有，希望能找到一些後宮福利少點的",0f976b62-a126-5776-a52b-f61c6805950b,虛空之盒與零之麻理亞,御影瑛路,81.5,完結,"校園, 奇幻, 懸疑, 遊戲, 鬥智, 黑暗, 電擊文庫, 日本輕小說",三月，在這半吊子的時期到來的轉學生──音無彩矢。在被她驚人的美貌所震懾的教室里，她站上了講台，僅冷淡地道出了自己的姓名。整個教室都在等待她的下一句話，此時──「星野一輝」──不知道為何從她口中吐出我的名字。「我是為了摧毀你而存在於此的」接著，是突如其來的宣戰。以超然且堅決的態度放話後，靜靜露出微笑的她，到底心中有何盤算……!?,3,該作品符合使用者對「黑暗懸疑」與「內心戲（鬥智）」的需求。從簡介來看，故事核心在於對立與摧毀，而非典型的後宮或賣肉劇情，避開了使用者的雷點，且具備一定的心理博弈色彩，與使用者的偏好高度契合。
q23,"最近不知道要看什麼，想請大家推薦一些好看的作品

裝逼開掛類的
黑暗懸疑的
或是一些風格冷門的都還算喜歡
只有一個大前提，不要後宮，不要賣肉（好像變2個大前提了？
不喜歡那種明明男主沒幹什麼但每個女角都喜歡他，非得要的話2個是極限，而且劇情希望能別注重在他們愛來愛去互刷好感度卻又不決定人選的地方，如果是冒險類作品增加同伴的時候，可以的話別清一色都女的偶而也增加點男性同伴也好（都女的最後8成都變後宮
再來不要硬賣一些福利，例如某漫畫的黎斗摔，或者是洗澡時剛好開門，或者是組個樂團為了討老師歡心換了泳裝演奏……這種的不太能接受

喜歡偏向下剋上（不管是強者因未知原因被分到弱組還是靠努力爬上來把上位者打趴的都喜歡）
描寫內心戲多的（黑掉壞掉，或是溫馨感動的都喜歡）
不好意思這麼麻煩…因為總感覺現在大眾向的作品，開掛後宮福利都會有，希望能找到一些後宮福利少點的",0325c67d-059a-55c4-a80d-aef3a0b69cbd,六個說謊的大學生,淺倉秋成,13.1,完結,"職場, 青春, 黑暗, 懸疑, 鬥智, 角川文庫, 日本輕小說",迅速成長的IT企業祭出高薪，首次招募社會新鮮人，就讀大學三年級的波多野祥吾，與其他五名應屆畢業生，從五千人里一路脫穎而出，進入面試最後一關。公司提出的最終面試考題，是要他們在一個月內建立一個團隊，若表現優異，則六個人都可以得到工作。隨著相處時間越來越長，他們也建立起如同夥伴的情誼。就在六個大學生賭上未來生涯，進行最終面試的途中，意外在面試室的角落發現了六封信，上面各自寫著每個人的名字，打開其中一封，裡頭竟放著「○○是殺人犯」的告密信。告密文暗示：「在場的這六個人，都是不折不扣的人渣。」為了保住工作機會，他們試圖找出告密信的犯人真面目，一場單純的面試開始走調，變成互揭瘡疤、腥風血雨的人性角力，甚至讓前途光明的他們，留下一生無法抹去的傷疤。在最終面試的多年後，「犯人死掉」時，一切犯罪動機才正要揭開。,3,該作品完全符合使用者對「黑暗懸疑」的需求，且劇情核心在於人性博弈與心理揭露，滿足使用者喜歡「內心戲多」以及「非大眾化後宮套路」的要求。同時，從內容簡介來看，完全不含後宮、賣肉或低俗福利情節，嚴格遵守了使用者的禁忌條件。
q23,"最近不知道要看什麼，想請大家推薦一些好看的作品

裝逼開掛類的
黑暗懸疑的
或是一些風格冷門的都還算喜歡
只有一個大前提，不要後宮，不要賣肉（好像變2個大前提了？
不喜歡那種明明男主沒幹什麼但每個女角都喜歡他，非得要的話2個是極限，而且劇情希望能別注重在他們愛來愛去互刷好感度卻又不決定人選的地方，如果是冒險類作品增加同伴的時候，可以的話別清一色都女的偶而也增加點男性同伴也好（都女的最後8成都變後宮
再來不要硬賣一些福利，例如某漫畫的黎斗摔，或者是洗澡時剛好開門，或者是組個樂團為了討老師歡心換了泳裝演奏……這種的不太能接受

喜歡偏向下剋上（不管是強者因未知原因被分到弱組還是靠努力爬上來把上位者打趴的都喜歡）
描寫內心戲多的（黑掉壞掉，或是溫馨感動的都喜歡）
不好意思這麼麻煩…因為總感覺現在大眾向的作品，開掛後宮福利都會有，希望能找到一些後宮福利少點的",a25854bd-f858-5f1c-91e3-bf023d449633,奴隸區 我與23個奴隸,岡田伸一,14.6,連載,"懸疑, 犯罪, 鬥智, 黑暗, 獵奇, 其他文庫, 日本輕小說",二○一四年改編電影，期待度超越《詐欺遊戲》、《死亡筆記本》，全新懸疑生存遊戲小說系列登場！「只要獲得勝利，向對方提出任何要求都不會被拒絕──？」一則奇妙的網路傳言蔓延整個東京。「成為奴隸？」「可以提出任何要求？」「我也好想要一個聽從命令的女僕。」沒有人曉得SCM這項器具是怎麼出現的，只知道持有者之間可展開對決，落敗的一方將無法拒絕勝者的命令──因緣際會下得到SCM的二十四名男女，包括想要向變態復仇的女上班族、充滿野心的青年、為了得到男人的應召女、想賺大錢的暴力分子、領先他人研究SCM的神秘部落客……等，每個人在各種目的驅使之下反覆進行對決，意圖使對方臣服於自己。此時他們還沒察覺，乍看之下相當簡單的規則，會誘發人性走向無法想像的邪惡面……無法預測的劇情展開！最後露出燦爛笑容的人會是……,3,該作品完全符合使用者要求的「黑暗懸疑」與「風格冷門」，且其核心是心理鬥智與生存遊戲，而非後宮或福利向作品，避開了使用者最反感的雷點。此外，透過對決奪權的設定也符合「下剋上」的偏好，是非常精準的推薦。
q23,"最近不知道要看什麼，想請大家推薦一些好看的作品

裝逼開掛類的
黑暗懸疑的
或是一些風格冷門的都還算喜歡
只有一個大前提，不要後宮，不要賣肉（好像變2個大前提了？
不喜歡那種明明男主沒幹什麼但每個女角都喜歡他，非得要的話2個是極限，而且劇情希望能別注重在他們愛來愛去互刷好感度卻又不決定人選的地方，如果是冒險類作品增加同伴的時候，可以的話別清一色都女的偶而也增加點男性同伴也好（都女的最後8成都變後宮
再來不要硬賣一些福利，例如某漫畫的黎斗摔，或者是洗澡時剛好開門，或者是組個樂團為了討老師歡心換了泳裝演奏……這種的不太能接受

喜歡偏向下剋上（不管是強者因未知原因被分到弱組還是靠努力爬上來把上位者打趴的都喜歡）
描寫內心戲多的（黑掉壞掉，或是溫馨感動的都喜歡）
不好意思這麼麻煩…因為總感覺現在大眾向的作品，開掛後宮福利都會有，希望能找到一些後宮福利少點的",e0d10f97-aa20-5947-a1f0-be727422cd9e,謀殺愛麗絲,小林泰三,11.2,完結,"奇幻, 懸疑, 黑暗, 鬥智, 大逃殺, 女性視角, 電擊文庫, 日本輕小說",聽說，夜晚的夢境屬於不可思議王國，只是你／妳天天「上線」卻不曾覺察！忙碌的研究生栗棲川亞里，這陣子不得不寫起夢日記。一連幾天夢到不可思議王國和愛麗絲，她不禁產生一直住在那個世界的錯覺。昨晚坐在城牆上的蛋頭人摔得稀巴爛後，她赫然驚醒，匆匆趕往學校，得知綽號「雞蛋」的博士生墜樓身亡，導致實驗室完全停擺。這下論文火燒眉毛，她找怪咖同學井森幫忙，交談之間竟發現對方做著相同的夢！井森提出警告，兩個世界的人物必定存在特殊聯繫。亞里半信半疑，幾天後夢見獅鷲的嘴裡塞滿牡蠣窒息，不妙的預感成真，學校也有一位教授吃牡蠣中毒不治。更糟糕的是，夢中三月兔和瘋帽匠興緻勃勃展開偵探遊戲，在目擊證人白兔一口咬定下，將愛麗絲列為頭號嫌犯。一旦紅皇后砍掉愛麗絲的腦袋，地球的亞里會有何下場？心驚膽顫的她拉著井森，踏上洗刷冤屈的冒險之旅，然而，不可思議王國從來不講道理……「我好害怕。」「我非常激動，沒想到有這麼酷的事。」「我們都去過不可思議王國。那個時候，我的名字是○○，妳叫愛麗絲。」,3,該書高度符合用戶對「黑暗懸疑」與「風格冷門」的需求，且其女性視角、鬥智與大逃殺的設定完全避開了用戶極其反感的「後宮」與「賣肉福利」元素。雖然不一定是傳統意義上的「開掛」爽文，但其懸疑解謎的過程能滿足用戶對高品質劇情與內心戲的追求。
q23,"最近不知道要看什麼，想請大家推薦一些好看的作品

裝逼開掛類的
黑暗懸疑的
或是一些風格冷門的都還算喜歡
只有一個大前提，不要後宮，不要賣肉（好像變2個大前提了？
不喜歡那種明明男主沒幹什麼但每個女角都喜歡他，非得要的話2個是極限，而且劇情希望能別注重在他們愛來愛去互刷好感度卻又不決定人選的地方，如果是冒險類作品增加同伴的時候，可以的話別清一色都女的偶而也增加點男性同伴也好（都女的最後8成都變後宮
再來不要硬賣一些福利，例如某漫畫的黎斗摔，或者是洗澡時剛好開門，或者是組個樂團為了討老師歡心換了泳裝演奏……這種的不太能接受

喜歡偏向下剋上（不管是強者因未知原因被分到弱組還是靠努力爬上來把上位者打趴的都喜歡）
描寫內心戲多的（黑掉壞掉，或是溫馨感動的都喜歡）
不好意思這麼麻煩…因為總感覺現在大眾向的作品，開掛後宮福利都會有，希望能找到一些後宮福利少點的",d2ce9eeb-f83b-55c4-b467-28ea72d68e8b,金田一少年事件簿,天樹征丸,89.5,完結,"懸疑, 犯罪, 黑暗, 鬥智, 青梅竹馬, 講談社, 日本輕小說",金田一是大偵探金田一耕助的孫子，智商高達180的天才少年，在推理方面有極強的頭腦。和他的青梅竹馬美雪一起經歷了無數兇險的殺人事件,3,使用者明確表達對「黑暗懸疑」類作品的喜好，並強烈要求排除後宮與賣肉情節。《金田一少年事件簿》作為經典的懸疑推理作品，完全符合「黑暗」、「懸疑」與「鬥智」的標籤，且劇情核心在於破案而非後宮或福利，且主角具備天才特質（符合開掛/強者設定），高度符合使用者的核心需求。
q23,"最近不知道要看什麼，想請大家推薦一些好看的作品

裝逼開掛類的
黑暗懸疑的
或是一些風格冷門的都還算喜歡
只有一個大前提，不要後宮，不要賣肉（好像變2個大前提了？
不喜歡那種明明男主沒幹什麼但每個女角都喜歡他，非得要的話2個是極限，而且劇情希望能別注重在他們愛來愛去互刷好感度卻又不決定人選的地方，如果是冒險類作品增加同伴的時候，可以的話別清一色都女的偶而也增加點男性同伴也好（都女的最後8成都變後宮
再來不要硬賣一些福利，例如某漫畫的黎斗摔，或者是洗澡時剛好開門，或者是組個樂團為了討老師歡心換了泳裝演奏……這種的不太能接受

喜歡偏向下剋上（不管是強者因未知原因被分到弱組還是靠努力爬上來把上位者打趴的都喜歡）
描寫內心戲多的（黑掉壞掉，或是溫馨感動的都喜歡）
不好意思這麼麻煩…因為總感覺現在大眾向的作品，開掛後宮福利都會有，希望能找到一些後宮福利少點的",3cb62840-905d-5d4d-9a3b-aee4b6e06279,三分之一,木下半太,12.6,完結,"懸疑, 犯罪, 黑暗, 鬥智, 角川文庫, 日本輕小說",三個走投無路、面臨絕望困境的流氓——酒店店長阿修、酒店少爺柯吉、熟客健哥，為了一舉逆轉「失敗者人生」，於是大膽策畫銀行搶案，沒想到，卻因為錯手殺害人質，遭到警方追捕而躲進尚未營業的「甜心兔」酒店。原本說好三人平分的數億日圓現金，在貪念作崇下，成了內鬨、相互算計的導火線，充滿欺騙的談判，更險些演變成生死交關的拼搏。但，這爭得頭破血流、你死我活的三人卻不知道——搶銀行的幕後黑手，其實另有其人！最糟糕的是，如惡魔般殘暴的「甜心兔」老闆——破魔翔，以及素有「川崎巫婆」之稱、地下錢莊的老闆娘涉柿多見子，也正在眾人背後虎視眈眈……不能被識破的多重詭計、假意投誠的暗椿內鬼，在各方人馬你爭我奪之下，這筆鉅款最後究竟會落入誰的手裡！？,3,使用者明確要求「黑暗懸疑」以及「非後宮、無福利」的作品。推薦書籍《三分之一》標記為懸疑、犯罪、黑暗與鬥智，劇情聚焦於失敗者的犯罪、內鬨與權謀算計，完全符合使用者對黑暗風格與鬥智的需求，且從簡介來看並無後宮或賣肉成分，且主角群為男性，避開了使用者討厭的後宮套路，是非常適配的推薦。
q2,"不好意思,最近異世界需求大了,很想看異世界的故事不一定要轉生類但劍與魔法是必需的.. 已有蜘蛛子了,目前在找一些已經有結局的異世界小說 原本想看哥布林殺手的但是還沒完結啊.....超不想看到一半被中斷了 至少至少...像刀劍那種完了SAO篇再換ALO的方式我還可以接受 請問還有什麼戰鬥類已完結的異世界小說可以推介呢?",87fa8324-1931-5276-b6a5-c03dae2010a2,秋葉原地下城冒險奇譚,中野くみん,38.0,完結,"奇幻, 魔法, 冒險, 戰鬥, 其他文庫, 日本輕小說",秋葉原地城——這是突然出現在無線電會館遺址的新地城。地城內部是個充滿瑪娜、無法使用槍炮、精密儀器且存在魔法的神秘空間，其中怪物橫行並必須隨時與危險比鄰而居，正可說是「奇幻世界」的縮影，而有群追求新發現與刺激的『冒險家』正每天過著探索地城的生活……「快跑！快跑啊~~~~~！被抓到就死定啦！」主角祥真與莉央是利用暑假探索地城的高中生，以一場小小的因緣際會為契機，這兩位菜鳥冒險家將邁出成為傳說冒險家的小小一步。以秋葉原為舞台，交織日常與奇幻的新型態英雄史詩將揭開序幕！,2,使用者明確要求「異世界」設定且必須包含「劍與魔法」以及「戰鬥」。雖然本作屬於都市奇幻（現代世界出現地城）而非傳統的異世界轉移/轉生，但地城內部完全符合使用者對劍與魔法、戰鬥冒險的核心需求，滿足大部分關鍵要求，僅在「世界觀」的呈現方式上與典型異世界略有不同。
q2,"不好意思,最近異世界需求大了,很想看異世界的故事不一定要轉生類但劍與魔法是必需的.. 已有蜘蛛子了,目前在找一些已經有結局的異世界小說 原本想看哥布林殺手的但是還沒完結啊.....超不想看到一半被中斷了 至少至少...像刀劍那種完了SAO篇再換ALO的方式我還可以接受 請問還有什麼戰鬥類已完結的異世界小說可以推介呢?",e32da9ec-3e25-581a-9fe9-461a6685354d,銀月之書,枯野瑛,56.7,完結,"奇幻, 魔法, 戰鬥, 冒險, 戀愛, 富士見文庫, 日本輕小說",這是個騎士與公主的浪漫故事已經遠去。大陸被蒸汽機與槍炮所支配的時代。普通學生流卡·艾路蒙特與一位少女的相遇，引出了隱藏在歷史背後的不死魔法使間的鬥爭。纏繞著過去的藤蔓，延伸至今。早已種下種子，在利劍貫穿心臟的一刻，開始成長。傳說與現實交集而過。厭倦了漫長旅途的公主，在燃盡一切的火焰中離去。唯有不變的銀月，始終在天空注視。壞魔女被打倒，大家從此幸福地生活著……——所有故事，從這一頁拉開序幕。,1,用戶的核心需求是「異世界」故事，且明確要求必須包含「劍與魔法」與「戰鬥」。推薦的書籍雖然具備魔法、利劍與戰鬥元素，但從簡介來看屬於傳統奇幻小說而非異世界（穿越/轉生）類故事，未滿足用戶最基本的異世界意圖，僅在元素上有所重疊。
q2,"不好意思,最近異世界需求大了,很想看異世界的故事不一定要轉生類但劍與魔法是必需的.. 已有蜘蛛子了,目前在找一些已經有結局的異世界小說 原本想看哥布林殺手的但是還沒完結啊.....超不想看到一半被中斷了 至少至少...像刀劍那種完了SAO篇再換ALO的方式我還可以接受 請問還有什麼戰鬥類已完結的異世界小說可以推介呢?",7833bb45-650b-593d-b9b5-cdb89aea2cae,與勇者的你再一次由此開始,みかみてれん,12.1,完結,"奇幻, 魔法, 戰鬥, 冒險, 戀愛, 其他文庫, 日本輕小說",書店店員們絕佳好評！2019年最令人感動落淚的奇幻故事！這是未能獲得救贖的少女，以及一度接近放棄的青年，直到獲得幸福為止的物語──過去，勇者賽菈菲娜以生命為代價，拯救了世界。相對於此，曾是勇者同伴的獨臂青年約翰，現在則是在偏遠鄉村過著後悔的日子。因為，人稱劍神的約翰，選擇了逃走。──從王都前來拜訪約翰的使者，提出了「勇者還活著，如果你想救她的話，希望能與我們同行」的邀請。懷著一絲希望，約翰再度振作起來。這是未能獲得救贖的少女，以及一度接近放棄的青年，直到獲得幸福為止的故事──與身為勇者的你，再次從這裡開始。最令人感動的奇幻故事，在此揭開序幕!!,2,該書完全符合使用者要求的「劍與魔法」以及「戰鬥」核心元素。雖然使用者明確要求「異世界」故事，而本書屬於原生的奇幻世界設定（非從現實世界轉移或轉生），但考慮到使用者提到「不一定要轉生類」，且其核心需求在於劍與魔法的戰鬥物語，因此該書在氛圍與元素上高度匹配，僅在「異世界」的定義上略有偏差。
q2,"不好意思,最近異世界需求大了,很想看異世界的故事不一定要轉生類但劍與魔法是必需的.. 已有蜘蛛子了,目前在找一些已經有結局的異世界小說 原本想看哥布林殺手的但是還沒完結啊.....超不想看到一半被中斷了 至少至少...像刀劍那種完了SAO篇再換ALO的方式我還可以接受 請問還有什麼戰鬥類已完結的異世界小說可以推介呢?",cc4a69f8-b52c-5859-ad5b-22d7fe47a1b5,聖魔少女,林智明,70.7,完結,"奇幻, 魔法, 戰鬥, 冒險, 角川文庫, 日本輕小說",「不好意思，可以麻煩你去賣身體嗎？」果然。一開始是歌舞伎町，接著是某處的溫泉街。像這樣被用到不能再用的最後，就會被賣到某個陌生的國家……「天之門」忽然出現在東京上空，門的下方，有一名因身負二十億債務而被邪惡組織「魔殺商會」帶走的少女吾川鈴蘭。通過各種艱困考驗之後，鈴蘭終於成為稱職的跑腿，然而神的使者——「神殿協會」亟欲得到她，並派出無敵的第十一聖騎士團——目的是鈴蘭身上的「負相魔力」。為了爭奪鈴籣，神之使者VS屠神一族的壯烈戰鬥已然展開。神、魔、現代武器大觀以及日本刀。世界注目的全新戰鬥侍女動作輕小說，登場！,3,該作品符合使用者對「異世界」、「戰鬥類」以及「劍與魔法」的核心需求。故事描述主角從東京被帶往異世界，且包含魔法、聖騎士與刀劍等戰鬥元素，與使用者尋找的類型高度相符。
q2,"不好意思,最近異世界需求大了,很想看異世界的故事不一定要轉生類但劍與魔法是必需的.. 已有蜘蛛子了,目前在找一些已經有結局的異世界小說 原本想看哥布林殺手的但是還沒完結啊.....超不想看到一半被中斷了 至少至少...像刀劍那種完了SAO篇再換ALO的方式我還可以接受 請問還有什麼戰鬥類已完結的異世界小說可以推介呢?",3a4e0e6e-999d-520c-82e6-a6e0d555fcae,王者英雄戰記,稻葉義明,27.3,完結,"轉生, 奇幻, 冒險, 戀愛, Fami通文庫, 日本輕小說",平凡的高中生天城颯也在某天突然被丟進異界，那是一個眾神君臨，存在著魔法、幻獸與怪異的神話世界！為了尋找回到原本世界的「星門」，颯也跟同是「外來者」的戰國時代流浪武士、帶著守護天使的紐約市警、暗藏秘密的十字軍騎士一起挑戰探索充滿「瘴氣」的廢都。颯也一心想要同家，然而遇上了自稱是他命中注定的戀人——女神拉蔻兒之後，他陷入了無法預料的狀況中——！正宗神話奇幻冒險劇揭開序幕！,3,該書完全符合使用者要求的「異世界」、「劍與魔法」以及「戰鬥類」等核心需求。劇情涉及高中生被傳送到充滿魔法與幻獸的世界，並與武士、騎士等戰鬥角色一同探索，與使用者的興趣高度契合。
q2,"不好意思,最近異世界需求大了,很想看異世界的故事不一定要轉生類但劍與魔法是必需的.. 已有蜘蛛子了,目前在找一些已經有結局的異世界小說 原本想看哥布林殺手的但是還沒完結啊.....超不想看到一半被中斷了 至少至少...像刀劍那種完了SAO篇再換ALO的方式我還可以接受 請問還有什麼戰鬥類已完結的異世界小說可以推介呢?",642618d1-07a4-5e4a-9881-01a9a9e0facb,RPG WORLD -RPG·世界-,吉村夜,179.7,完結,"轉生, 魔法, 冒險, 龍傲天, 後宮, 人外, 富士見文庫, 日本輕小說",「那個，我居然進入了憧憬已久的劍與魔法的幻想世界！？究竟是何時進入的！？好厲害！真是好厲害啊！！！」普通的高中生，我——勇吾，回過神來的時候居然進入了正在玩的遊戲的世界之中。而且，LV居然是最上流。新認識的村裡的姑娘是超級美人。這一切都應該讓我樂到都不想回原來的世界了。雖說應該如此，但因為難以拒絕美人姊妹的委託，順勢就接下了迷宮任務。咦？但、但是這個世界裡有重置鍵或者復活的咒語嗎！？「唉，勇者也很不容易啊……」我們任務的未來會如何呢！？波瀾萬丈的RPG鬧劇，開關ON！,3,該書完全符合用戶要求的「異世界」設定以及「劍與魔法」的核心需求，且包含冒險與戰鬥（RPG世界），與用戶尋找的類型高度匹配。
q2,"不好意思,最近異世界需求大了,很想看異世界的故事不一定要轉生類但劍與魔法是必需的.. 已有蜘蛛子了,目前在找一些已經有結局的異世界小說 原本想看哥布林殺手的但是還沒完結啊.....超不想看到一半被中斷了 至少至少...像刀劍那種完了SAO篇再換ALO的方式我還可以接受 請問還有什麼戰鬥類已完結的異世界小說可以推介呢?",95cbd1d2-148a-5cb4-af51-b4faac668ba9,轉生成為魔劍,棚架ユウ,278.3,完結,"轉生, 戰鬥, 冒險, 旅行, 人外, 女兒, syosetu, Web輕小說",和貓耳少女共同邁向傳說吧！主打無機物的奇幻轉生物語就此揭開序幕。主角回過神來就發現自己身處異世界，更糟的是他並非轉生為人類而是一把劍（這就是所謂的劍人嗎？）而周遭還有一大群虎視眈眈的魔物，幸好主角立刻發揮他身為劍的能力狩獵這群魔物。不過就在主角稍作歇息將自己的身體（劍身）插入地面後居然動彈不得。此時眼前正好有一位看似奴隸的貓耳少女…,3,該書完全符合使用者要求的「異世界」、「劍與魔法」以及「戰鬥類」的核心需求。雖然使用者強烈希望看到已完結的作品，但根據評分指南要求忽略狀態（如是否完結）等硬性限制，僅就語義與類型相關性判斷，此書是非常契合的推薦。
q2,"不好意思,最近異世界需求大了,很想看異世界的故事不一定要轉生類但劍與魔法是必需的.. 已有蜘蛛子了,目前在找一些已經有結局的異世界小說 原本想看哥布林殺手的但是還沒完結啊.....超不想看到一半被中斷了 至少至少...像刀劍那種完了SAO篇再換ALO的方式我還可以接受 請問還有什麼戰鬥類已完結的異世界小說可以推介呢?",e87464cf-c1f4-5e2a-81ae-7a707af1a908,德爾菲尼亞戰記,茅田砂胡,286.5,完結,"奇幻, 冒險, 戰爭, 戀愛, 性轉, 轉生, 異世界, 其他文庫, 日本輕小說",被刺客追襲的飄泊戰士渥爾，與從異世界而來的迷途少女莉，兩個孤獨的戰士在刀鋒之中偶然相遇了。德爾菲尼亞王國的未來。與阿貝爾德倫大陸的命運因此而有劇烈的改變！被後世稱為「獅子王」與「姬將軍」的兩人冒險故事從此展開……,3,該書包含異世界、奇幻、戰鬥與戰爭元素，完全符合使用者要求的「異世界」、「劍與魔法」以及「戰鬥類」的核心需求。
q2,"不好意思,最近異世界需求大了,很想看異世界的故事不一定要轉生類但劍與魔法是必需的.. 已有蜘蛛子了,目前在找一些已經有結局的異世界小說 原本想看哥布林殺手的但是還沒完結啊.....超不想看到一半被中斷了 至少至少...像刀劍那種完了SAO篇再換ALO的方式我還可以接受 請問還有什麼戰鬥類已完結的異世界小說可以推介呢?",fe614ebf-35a9-5b3a-acd7-296b36708974,金之瞳與鐵之劍,虛淵玄,9.4,完結,"奇幻, 戰鬥, 冒險, 講談社, 日本輕小說",龍與劍，以及令人炫目的魔法世界。為了得到「屠龍者」的稱號，充滿野心的戰士·塔烏，與無欲無求的魔法師·琦亞開始了他們的旅程。結下男人之間深厚羈絆的兩位冒險者，在開始不久的旅途中便遭遇到了——？！虛淵玄執筆，高河弓作畫的華麗繪卷！幻想類輕小說的全新篇章就此展開！,3,該書設定於包含龍、劍與魔法的世界觀，且核心情節圍繞著戰士與魔法師的冒險與戰鬥（如追求屠龍者稱號），完全符合使用者要求的「劍與魔法」以及「戰鬥類」核心需求。根據指引忽略完結狀態的硬性限制，其類型與主題極為契合。
q2,"不好意思,最近異世界需求大了,很想看異世界的故事不一定要轉生類但劍與魔法是必需的.. 已有蜘蛛子了,目前在找一些已經有結局的異世界小說 原本想看哥布林殺手的但是還沒完結啊.....超不想看到一半被中斷了 至少至少...像刀劍那種完了SAO篇再換ALO的方式我還可以接受 請問還有什麼戰鬥類已完結的異世界小說可以推介呢?",a0d85343-bc48-52e6-860c-4009bb70a3dd,被召喚到異世界的我不能做色色事情的理由,大城功太,23.8,完結,"轉生, 歡樂向, 冒險, 後宮, 其他文庫, 日本輕小說",美少女冒險者米莉亞的魔法，將隱性宅高中生守口悠人召喚到他所憧憬的異世界。原本悠人在米莉亞的提議下，過著冒險者的生活，有天卻突然發覺他在使用魔法時會消耗的【MP】能力值上天賦異稟。悠人本來興奮地想靠著魔法外掛當上一流冒險者，但是這個異世界卻有些問題。MP不是所謂的【魔力值】而是【慾火力】──換句話說就是性慾!?在這個世界，性慾越是累積，MP就會隨之累積，進而能夠使用強力的魔法。為了讓悠人變強，米莉亞想靠色情的殺必死提高他的MP!?悠人的理性備受考驗的冒險者生活即將展開──！色情又糟糕的異世界奇幻故事！,1,用戶明確要求「戰鬥類」且具有「劍與魔法」元素的異世界小說，並提到《哥布林殺手》和《刀劍神域》作為參考。推薦的書籍雖然符合異世界與魔法的設定，但其核心定位是色情喜劇與後宮向，而非用戶追求的戰鬥冒險風格，意圖不符。
q3,"可以幫忙推薦幾部跟這部風格類似的輕小說
這部吸引我的地方有幾個:
1.男女主角純愛堅定不移
2.各種甜蜜的打情罵俏劇情
3.異世界轉生戰鬥、魔法
4.中間雖然各種虐，但最後還是排除萬難再一起",c40d173f-e628-5c0d-934d-4ef77e9b8544,轉生為豬公爵的我，這次要向你告白,合田拍子,94.5,完結,"轉生, 魔法, 戀愛, 後宮, 歡樂向, 富士見文庫, 日本輕小說",在大人氣動畫《舒亞．偶戲》中，有一個討人厭的角色，就是在魔法學園就讀的戴寧公爵家三子，人稱豬公爵。轉生為這種反派角色的我，繼續這樣下去就要直奔壞結局了!?……然而如果能運用熟知的動畫知識，以及「全屬性的魔法師」這神扯的無雙能力的話，就會成為學園的人氣角色，命運也應該會改變才對！然後，在動畫中豬公爵沒有能夠達成的小小心愿──「早安您好，史洛大人！」致已亡大國的公主大人、現為我的侍從、我所愛的夏洛特。我要成為配得上你的男人，一定要向你告白。,3,該書高度契合使用者的需求：1. 劇情核心為男主角對女主角夏洛特的堅定愛意，符合純愛設定；2. 標籤為歡樂向，且劇情涉及追求與告白，能滿足甜蜜打情罵俏的需求；3. 具備異世界轉生、魔法與戰鬥的完整設定；4. 故事設定為改變原有的「壞結局」，符合排除萬難在一起的敘事結構。儘管標籤有後宮，但主線情感集中在對單一對象的追求，與使用者核心意圖一致。
q3,"可以幫忙推薦幾部跟這部風格類似的輕小說
這部吸引我的地方有幾個:
1.男女主角純愛堅定不移
2.各種甜蜜的打情罵俏劇情
3.異世界轉生戰鬥、魔法
4.中間雖然各種虐，但最後還是排除萬難再一起",3bf11be6-a0a9-545d-95de-7f2a370cb524,一般士兵獲得了「無限再生」的轉生特典，結果被眾多美女盯上。,あおぞら,2.7,連載,"轉生, 異世界, 龍傲天, 後宮, kakuyomu, Web輕小說",為了不死而不斷戰鬥的他，與救下的美女們陷入了修羅場。轉生者零曾經體驗過一次死亡，因此——他不想再死去。於是，他向神獲得了名為「無限再生」的轉生特典。然而，零轉生的世界卻是一個擁有能夠將人類身體徹底消滅的強大魔法的世界。面對這樣的情況，零思考著……「———那就讓我的身體變得不會被任何魔法完全消滅吧。」他用一種肌肉腦，簡單粗暴的方式來應對。然而，這個方法竟然奇蹟般地成為了最佳選擇……結果———因為過於活躍，反而被眾多美女追著不放,1,用戶明確要求「純愛」且男女主角感情堅定，但推薦書籍標籤為「後宮」，且內容提到被「眾多美女」追著不放，與用戶的核心情感需求完全相反。雖然在異世界、轉生、魔法與戰鬥的設定上符合需求，但其浪漫主題與用戶要求的純愛風格相悖。
q3,"可以幫忙推薦幾部跟這部風格類似的輕小說
這部吸引我的地方有幾個:
1.男女主角純愛堅定不移
2.各種甜蜜的打情罵俏劇情
3.異世界轉生戰鬥、魔法
4.中間雖然各種虐，但最後還是排除萬難再一起",2c672d1c-f704-522d-b46e-d9b23ce3b39d,轉生貴族的異世界冒險錄,夜州,155.6,連載,"轉生, 魔法, 冒險, 龍傲天, 後宮, syosetu, Web輕小說",為了保護青梅竹馬的妹妹而被歹徒刺死的椎名和也，作為貴族的第三子凱因，轉生到了夢寐以求的劍與魔法的世界。這個世界的習俗是在五歲的時候進行神明的加護禮。結果加護的神力過於龐大，超界限的神力所孕育的是……,1,該書雖然符合「異世界轉生、魔法、戰鬥」的設定，但其標籤明確標記為「後宮」，這與使用者強烈要求的「純愛、男女主角堅定不移」完全相反。此外，這部作品屬於典型的龍傲天爽文，缺乏使用者渴望的「過程虐心但最後排除萬難在一起」的情感起伏。
q4,"由於自己的胃口比較獨特的原因，喜歡男主被拋置於各種不利的情節或者感情中，也是因為這樣，喜歡看那些讓人看完后心緒難以平靜的小說，就我看過的來說，無職，re0，妹妹人生，異世界迷宮最深等，在某種程度上來說都有慘烈的一部分（感情上或者情節上都是），也沒有一定要轉生異世界，現實日常要是能描繪出這些來也很好了。
尤其那種男主能不斷被放置在痛苦或者恐懼之中，一邊流露出作者思考的文字的小說，再好不過。",78b080ec-4873-5941-8328-345fb8535940,破碎的玻璃鞋碎片,열매(guoshi),105.3,連載,"轉生, 奇幻, 黑暗, 復仇, 女性視角, 鬥智, 群像, other, 韓國輕小說",美麗又溫柔的繼妹洛艾娜。因此而嫉妒的繼姐西斯艾。就像所有的童話故事一樣，幸福的結局總是屬於主角。而那個主角，並不是西斯艾。想要奪走洛艾娜的一切，卻反而失去了所有的西斯艾。「洛艾娜，你真的什麼都不知道嗎？」「我討厭你。」被逼入絕境的西斯艾，故意在洛艾娜面前跌了下去。然而……「初次見面，我叫洛艾娜。」這是夢嗎？難道是神為讓她再次嘗到痛苦的惡作劇？殘酷的現實再次上演。絕望至極。,2,用戶明確表達喜歡「男主」處於痛苦、恐懼或不利情節中的作品。推薦書籍在「絕望」、「殘酷現實」和「痛苦」等情感基調上與用戶需求高度契合，但該書為「女性視角」，與用戶對男主角的偏好不符，因此給予 2 分。
q4,"由於自己的胃口比較獨特的原因，喜歡男主被拋置於各種不利的情節或者感情中，也是因為這樣，喜歡看那些讓人看完后心緒難以平靜的小說，就我看過的來說，無職，re0，妹妹人生，異世界迷宮最深等，在某種程度上來說都有慘烈的一部分（感情上或者情節上都是），也沒有一定要轉生異世界，現實日常要是能描繪出這些來也很好了。
尤其那種男主能不斷被放置在痛苦或者恐懼之中，一邊流露出作者思考的文字的小說，再好不過。",da90371f-b940-5904-96a9-e2151f2c0a35,惡德偵探制裁社,松岡圭佑,9.1,連載,"懸疑, 犯罪, 復仇, 黑暗, 講談社, 日本輕小說",棺木中，紗崎玲奈的妹妹閉上雙眼。燒毀的下半身被白布小心覆蓋，遺體乍看純潔完整，宛如沉眠。但玲奈清楚她死了。數個月前，兩人還興高采烈地計畫環遊東京、吃可麗餅、買衣服、到迪士尼樂園，但自己永遠失去她了。警察救不了妹妹，瘋掉的媽媽及外遇的爸爸也無法保護妹妹－－害死她的人，就是偵探。然而，無人知曉偵探的身分，唯一手段僅有在偵探業中打聽。玲奈隻身進入偵探培訓學校。老師須磨康臣看不慣業界骯髒手段已久，成立「反偵探課」，延攬玲奈為獨一無二，制裁同業的偵探。玲奈手段俐落兇悍，很快成為業界的眼中釘，各路人馬設局陷害，她樂得血債血還！偵探適合長相平凡的人，玲奈面貌出色，反而難以自然融入各種環境，唯有一顆燃燒復仇之火的心。須磨不知少女能在這條路上走多遠，但他懷疑，若此時不伸出援手，少女將墮入無可挽回的犯罪地獄……可是玲奈早有覺悟，妹妹深愛的姊姊已一同陪葬，她捨棄笑容，放棄正派道路，在心靈外戴上鎧甲。傷痕是她的商標，暴力是她的榮耀，她和偵探鬥智與搏鬥，立誓找出害死妹妹的兇手－－如今，她就是從復仇之火中重生的怪物偵探！,1,使用者明確要求「男主」處於痛苦、恐懼或不利情境的小說，並追求心緒難平的慘烈感（如 Re:0）。推薦書籍雖然具有黑暗、復仇和悲劇元素，但主角為女性，且劇情傾向於主動出擊的復仇懸疑，而非使用者所追求的「主角被動承受痛苦」或「心靈被摧殘」的特定氛圍，僅在「黑暗基調」上有表面關聯。
q4,"由於自己的胃口比較獨特的原因，喜歡男主被拋置於各種不利的情節或者感情中，也是因為這樣，喜歡看那些讓人看完后心緒難以平靜的小說，就我看過的來說，無職，re0，妹妹人生，異世界迷宮最深等，在某種程度上來說都有慘烈的一部分（感情上或者情節上都是），也沒有一定要轉生異世界，現實日常要是能描繪出這些來也很好了。
尤其那種男主能不斷被放置在痛苦或者恐懼之中，一邊流露出作者思考的文字的小說，再好不過。",7b841e53-780d-540f-b8f7-9f266b0afddd,謀殺克拉拉,小林泰三,11.2,完結,"奇幻, 懸疑, 黑暗, 鬥智, 大逃殺, 其他文庫, 日本輕小說",100%想像不能的真相，挑動神經的心理戰童話王國的邪惡殺人計畫，等待你「上線」破解！★經典童話《胡桃鉗》（暗黑版） ╳ 大逃殺GAME推理★暢銷話題作《謀殺愛麗絲》姊妹篇要是在地球找不到樂趣，不如前往「另一個世界」奪回屬於你的故事？理科研究生井森建，經常做詭異的夢。在夢裡，他是一隻叫「比爾」的蜥蜴，與名為愛麗絲的女孩和各種奇妙的生物，一起住在不可思議王國。然而，一天夜裡，他不小心迷路，來到國境外的一座翠綠的山上，遇見輪椅美少女克拉拉和老爺爺，對方提議：我們在「另一邊」也見個面吧。翌日早晨，井森果然在大學的校門前碰上自稱「克拉拉」的女生。她告訴井森，前陣子遭遇車禍，肇事者逃逸，之後就不斷收到恐嚇信，威脅要取她性命……井森該如何找出兇手，保護兩個世界的克拉拉？,1,使用者明確尋求的是男主角處於極端不利、痛苦、恐懼或情感慘烈的作品（如 Re:Zero），並強調希望看到心緒難平的情感折磨。而推薦的《謀殺克拉拉》雖然標記為「黑暗」，但其核心劇情是懸疑、推理、心理戰與大逃殺遊戲，重點在於解謎與尋找兇手，而非著重於主角的心理崩潰或持續性的情感受難，與使用者的核心需求（受難向/虐心）不符，僅有表面上的「黑暗」風格重疊。
q4,"由於自己的胃口比較獨特的原因，喜歡男主被拋置於各種不利的情節或者感情中，也是因為這樣，喜歡看那些讓人看完后心緒難以平靜的小說，就我看過的來說，無職，re0，妹妹人生，異世界迷宮最深等，在某種程度上來說都有慘烈的一部分（感情上或者情節上都是），也沒有一定要轉生異世界，現實日常要是能描繪出這些來也很好了。
尤其那種男主能不斷被放置在痛苦或者恐懼之中，一邊流露出作者思考的文字的小說，再好不過。",8fce6cd6-8ea6-52bb-8eeb-08ec3ca42e03,黎明破曉的街道【事後清晨版】：東野圭吾筆下的「外遇」！,東野圭吾,13.4,完結,"懸疑, 黑暗, 犯罪, 復仇, 角川文庫, 日本輕小說",搞外遇的傢伙很傻，只因一時鬼迷心竅而偷吃，結果玩火自焚，毀掉自己辛苦建立的家庭，實在是愚蠢至極。當然世界上有許多美好的女性，身為男人想多看兩眼是理所當然，但偷看和連心都被偷走是兩碼子事。「搞外遇的傢伙很傻」，現在我卻不得不對自己說出這句話。已有家室的我，和同事秋葉談起婚外情。在她一次次欲拒還迎，我一次次窮追猛打之下，我們跨越了那條界線。那夜過後，秋葉告訴我，十五年前，她的母親因為父親外遇而悲憤自殺；三個月後，父親的外遇對象被發現陳屍家中，唯一待在現場的十六歲的她，成了最有可能犯案的兇手。現在追溯期就快要過了──在這棟鬧過命案的房子里，秋葉笑著對我說──到時候就告訴你全部的真相。走在黎明破曉的街道，我想起昨晚懷裡情人的體溫，想起家中等我解釋徹夜未歸的妻兒，想起曾經躺卧大理石茶几上的冰冷屍體，想起秋葉的那一句：要是敢外遇，我會殺了你⋯⋯,2,使用者偏好男主角處於痛苦、恐懼或不利境地，且看完後心緒難以平靜的作品。推薦的書籍雖然是懸疑犯罪小說，但其劇情設定讓男主角陷入外遇後的罪惡感、被操控的恐懼以及潛在的報復威脅中，符合「男主被拋置於不利情節/感情中」的需求。雖然其「慘烈」程度與使用者提到的《妹妹人生》或《Re:0》這類極端作品有所不同，但心理上的壓迫感與不安感與使用者需求相符。
q4,"由於自己的胃口比較獨特的原因，喜歡男主被拋置於各種不利的情節或者感情中，也是因為這樣，喜歡看那些讓人看完后心緒難以平靜的小說，就我看過的來說，無職，re0，妹妹人生，異世界迷宮最深等，在某種程度上來說都有慘烈的一部分（感情上或者情節上都是），也沒有一定要轉生異世界，現實日常要是能描繪出這些來也很好了。
尤其那種男主能不斷被放置在痛苦或者恐懼之中，一邊流露出作者思考的文字的小說，再好不過。",90072189-dc0f-56d3-9f97-498c8fd3c653,三崎黑鳥館白鳥館連續密室殺人,倉阪鬼一郎,7.6,完結,"懸疑, 黑暗, 犯罪, 復仇, 講談社, 日本輕小說",伏筆、伏筆，還是伏筆！全篇都是給讀者的挑戰書！！在為了復仇而建造的城堡中展開的大慘劇！ ！「請於4月9日（星期五）凌晨0:20光臨。期待與您見面的時刻。黑鳥館主人」收到這樣一封邀請函，東亞學藝大學的學生西大寺俊前往了名為黑鳥館的華麗洋館。據說所有的受邀者都是隨機選出的。然而，在從主人手中接過歡迎飲品後，西大寺卻在館內一個完全密閉的房間中離奇死亡！以這座被詛咒的館為舞台，殘酷的連續殺人事件即將揭開序幕！,1,使用者尋找的是強調男主角處於極端不利、痛苦、絕望情境且具有強烈情感衝擊的作品（類似 Re:Zero），而推薦的書籍是一部典型的密室推理懸疑小說，核心在於解謎與犯罪手法，而非對主角心理折磨或情感悲劇的深挖。雖然兩者都帶有「黑暗」色彩，但核心意圖完全不同。
q4,"由於自己的胃口比較獨特的原因，喜歡男主被拋置於各種不利的情節或者感情中，也是因為這樣，喜歡看那些讓人看完后心緒難以平靜的小說，就我看過的來說，無職，re0，妹妹人生，異世界迷宮最深等，在某種程度上來說都有慘烈的一部分（感情上或者情節上都是），也沒有一定要轉生異世界，現實日常要是能描繪出這些來也很好了。
尤其那種男主能不斷被放置在痛苦或者恐懼之中，一邊流露出作者思考的文字的小說，再好不過。",59aa8c46-fe18-584f-8aa2-02e9acacfdfb,大逃殺,高見廣春,35.1,完結,"遊戲, 鬥智, 黑暗, 獵奇, 驚悚, 大逃殺, 其他文庫, 日本輕小說",大逃殺題材開山鼻祖之作——挑戰人類想像力之極限、撼動人性道德界線驚悚大作！血淋淋呈現人性最終本能與慾望！「各位同學，你們班被選為今年『計畫』的對象啦。」每個中學生日夜憂懼的夢魘還是降臨到了他們身上。原本應該是一次留下美好青春回憶的國三畢業旅行，現在卻成了生命的畢業旅行。可是，要殘殺自己平時相處在一起的同班同學，那怎麼可能！？但你若不投入這場「遊戲計畫」，奮力一戰，就得被迫從人生舞台畢業！！！戰爭已經開始，你準備好了嗎？,3,用戶核心需求是希望看到男主角處於不利情境、遭受痛苦、恐懼且具有情感衝擊力的故事。推薦的《大逃殺》將角色置於必須殘殺同窗的極端絕望環境中，充滿了恐懼、痛苦與對人性的深刻思考，完全符合用戶對「慘烈」、「心緒難以平靜」以及「被放置在痛苦之中」的偏好。
q4,"由於自己的胃口比較獨特的原因，喜歡男主被拋置於各種不利的情節或者感情中，也是因為這樣，喜歡看那些讓人看完后心緒難以平靜的小說，就我看過的來說，無職，re0，妹妹人生，異世界迷宮最深等，在某種程度上來說都有慘烈的一部分（感情上或者情節上都是），也沒有一定要轉生異世界，現實日常要是能描繪出這些來也很好了。
尤其那種男主能不斷被放置在痛苦或者恐懼之中，一邊流露出作者思考的文字的小說，再好不過。",dbb93b6e-1b1b-52ab-8d12-9367da749fde,逃殺競技場,土橋真二郎,33.2,完結,"懸疑, 遊戲, 鬥智, 大逃殺, 黑暗, 電擊文庫, 日本輕小說",「請各位在門另一邊的競技場互相殘殺。」少女一醒來，眼前是前所未見的空間。有人給了她手槍和刀子，強制她與其他人互相殘殺。這是一場被籌畫好的殘忍死亡遊戲。被一同集結而來的三十人中，僅有一人能活下去──某日，高中生萩原悠人得知本應已自殺身亡的同學月島伊央，參加了名為「競技場」的死亡遊戲。雖然悠人和同班同學們一起從外部支援伊央，試圖成功破解遊戲……被一起集結至此的三十個人之間的共通點，將成為令人恐懼的真實攤在悠人一行人面前！令人目不轉睛的學園逃生懸疑小說！,2,用戶尋求男主角處於極端不利、痛苦或恐懼環境的小說，且偏好能帶來強烈情緒波動的黑暗風格。該書為殘酷的生存死亡遊戲，其「殘忍」、「恐懼」以及「互相殘殺」的設定符合用戶對「不利情節」的需求，能滿足其對黑暗基調的喜好。雖然簡介中未明確體現用戶特別強調的「作者思考的文字」，但整體氛圍與核心意圖高度契合。
q4,"由於自己的胃口比較獨特的原因，喜歡男主被拋置於各種不利的情節或者感情中，也是因為這樣，喜歡看那些讓人看完后心緒難以平靜的小說，就我看過的來說，無職，re0，妹妹人生，異世界迷宮最深等，在某種程度上來說都有慘烈的一部分（感情上或者情節上都是），也沒有一定要轉生異世界，現實日常要是能描繪出這些來也很好了。
尤其那種男主能不斷被放置在痛苦或者恐懼之中，一邊流露出作者思考的文字的小說，再好不過。",310726c1-f0e7-5a0a-ba4e-e8d73fb452c6,重生勇者面露冷笑，步上復仇之路,木冢ネロ,103.1,完結,"轉生, 奇幻, 戰鬥, 復仇, 人外, MF文庫J, 日本輕小說",被召喚到異世界成為勇者的我，到底做錯了什麼──宇景海人捫心自問。受到他人乞求協助，於是我成為勇者、打倒魔王，拯救了這個世界……所有隊伍成員卻彷佛說著我已經沒有用處般──背叛了我，將我設計成世界的敵人、變成人人喊打的對象。我被那些自己視為同伴、曾經苦樂與共的傢伙冠上莫須有的罪名，最後凄慘地死去。在臨死之際，比起祈求救贖，我選擇詛咒，我要千般、萬般折磨再殺掉那些傢伙──蘇醒之後，我發現自己帶著遭到背叛者殺害的記憶，回到了被召喚到異世界的那個時刻。公主、魔術師、聖女、騎士、商人和王……我一定會殺掉所有人！用最殘酷的方法，給予他們無可救贖的痛苦，讓其溺死在慘嚎的血之深淵!!我和共有復仇之心的獸人少女一起踏上旅途！異世界復仇勇者的奇幻故事！「────來，開始復仇吧。」,1,用戶的核心需求是希望男主角處於持續的痛苦、恐懼或不利的情感境遇中，並追求看完後心緒難平的沉重感（如《Re:0》或《妹妹人生》）。雖然推薦的小說開篇包含被背叛和慘死的悲劇元素，但其核心主題是「重生復仇」，這類小說的重點通常在於透過反擊獲得快感（爽感）與宣洩，而非持續地描寫痛苦與絕望。這與用戶追求的「被放置在痛苦中」且「心緒難平」的心理需求方向相反，僅在開篇設定上有表面上的重疊。
q4,"由於自己的胃口比較獨特的原因，喜歡男主被拋置於各種不利的情節或者感情中，也是因為這樣，喜歡看那些讓人看完后心緒難以平靜的小說，就我看過的來說，無職，re0，妹妹人生，異世界迷宮最深等，在某種程度上來說都有慘烈的一部分（感情上或者情節上都是），也沒有一定要轉生異世界，現實日常要是能描繪出這些來也很好了。
尤其那種男主能不斷被放置在痛苦或者恐懼之中，一邊流露出作者思考的文字的小說，再好不過。",2d8ed0e2-d82d-5231-85e8-2b48ad6c5639,黑暗醫院：消失的病患,知念實希人,12.1,完結,"懸疑, 犯罪, 其他文庫, 日本輕小說",一名持槍搶匪躲進醫院，同時要求院內醫師醫治自己射傷的女子。臨時值班的外科醫師•速水秀悟意外捲入此事件中，孤立無援的醫院中頓時上演生死一線的極限心理戰。速水在救治受傷女子後試圓逃離醫院，卻意外發現醫院內部不可告人的秘密，身陷院長與搶匪的殺意中。腹背受敵之際他突然失去意識，等他醒來後卻發現自己是唯一倖存者，也是嫌疑犯。當速水在偵訊中試圖拼湊殘缺記憶，描述卻和案發現場的情況有出入——那名受到槍擊的病患根本不存在……惡夢般的一晚、醫院的秘密、不存在的病患，究竟從何時開始才是現實？最終又會迎來什麼衝擊性的真相？,2,使用者偏好男主角處於極度不利、痛苦或恐懼情境的作品（如《Re:Zero》或《妹妹人生》），強調情感上的慘烈或心理上的煎熬。推薦的書籍雖然是懸疑犯罪類，但其設定讓男主角處於孤立無援、被追殺、記憶混亂且成為唯一嫌疑人的極限壓力狀態，符合「男主被放置在痛苦或恐懼之中」的訴求。不過，這本書的基調更偏向快節奏的心理戰與推理，而非使用者提到的那種深層情感摧毀或悲劇色彩，因此在「心緒難以平靜」的類型上略有偏差。
q4,"由於自己的胃口比較獨特的原因，喜歡男主被拋置於各種不利的情節或者感情中，也是因為這樣，喜歡看那些讓人看完后心緒難以平靜的小說，就我看過的來說，無職，re0，妹妹人生，異世界迷宮最深等，在某種程度上來說都有慘烈的一部分（感情上或者情節上都是），也沒有一定要轉生異世界，現實日常要是能描繪出這些來也很好了。
尤其那種男主能不斷被放置在痛苦或者恐懼之中，一邊流露出作者思考的文字的小說，再好不過。",3ef52b27-9ad1-5195-a2fa-16e42f9ce4ca,告白,湊佳苗,8.7,完結,"校園, 青春, 懸疑, 犯罪, 復仇, 黑暗, 其他文庫, 日本輕小說",森口是日本一所中學的教師，她經常將四歲的女兒愛美帶到學校照看。一天，愛美被發現死在校游泳池內，全校嘩然。痛失愛女的森口辭職。她沒有向警方報案，申請重新調查，而是在學生結業當天向全班同學告白，並宣告了自己的復仇計畫。原來，愛美並不是死於意外。面對老師冷酷瘋狂的復仇，同學們驚恐萬狀，惶惶不可終日……,2,使用者偏好看到男性角色處於痛苦、恐懼或不利的境地，且追求能引起心緒不安的黑暗氛圍。雖然《告白》的主導者是女教師，但故事的核心在於對男性學生進行殘酷的精神折磨與復仇，將其置於極大的恐懼與絕望之中，在氛圍和「讓男性角色受苦」這一點上高度契合使用者的獨特胃口。
q4,"由於自己的胃口比較獨特的原因，喜歡男主被拋置於各種不利的情節或者感情中，也是因為這樣，喜歡看那些讓人看完后心緒難以平靜的小說，就我看過的來說，無職，re0，妹妹人生，異世界迷宮最深等，在某種程度上來說都有慘烈的一部分（感情上或者情節上都是），也沒有一定要轉生異世界，現實日常要是能描繪出這些來也很好了。
尤其那種男主能不斷被放置在痛苦或者恐懼之中，一邊流露出作者思考的文字的小說，再好不過。",d0dc39c5-57d7-5e47-9263-4d8f992b19ed,食人轉移者的異世界復仇譚,kiki,55.5,完結,"異世界, 性轉, 百合, 復仇, 獵奇, 黑暗, syosetu, Web輕小說",『捕食』——那是吞噬他者，奪取能力的技能。被捲入班級轉移的白詰岬，遭到凄慘的霸凌被奪走了一切，由於異世界召喚的失敗就連性別都被奪走了，到最後以什麼技能都沒得到、被貼上「無能」的標籤告終。然而，當發現自己擁有著技能『捕食』的時候，其命運便驟然改變了。岬化為獲得力量的復仇之鬼，接連誘騙虐待過自己的班上同學，然後捕食——,2,用戶的核心需求是主角處於極端不利、痛苦或恐懼的境地，且追求情感上的衝擊感。推薦的小說中主角經歷了嚴重的霸凌、失去所有東西以及性別被奪走等極端慘烈的設定，非常符合用戶對「不利情節」和「黑暗/慘烈」的偏好。雖然該作後續轉向復仇（可能削弱了持續性的痛苦感），但其起點與基調與用戶需求高度契合。
q5,"如題，想找像是overlord、無職這種，有龐大世界，多個國家部落，文化特色分明，歷史背景完整，沉浸感和史詩感強的小說，請問各位有沒有推薦的？希望是劍與魔法的世界，有多不同種族、魔物的那種（其實我不太確定這類型叫什麼，異世界感覺不太對，但叫奇幻又好像太廣泛了？

有很多web小說我都有看過，像是轉生成魔劍、轉生龍蛋、哥布林，他們雖然世界都足夠龐大，但是都有個web小說的通病，就是讀起來會有割裂感，無法讓人帶入那個世界中
而轉生蜘蛛雖然沒有那種割裂感，但是世界觀卻不太夠了，就只簡單分成教皇、妖精、魔王而已，希望能看到更多人類國家間的關係，還有更多魔物亞人種族的故事設定",51d43d4d-0dba-5313-886e-d7b3286e9916,魔法使的搬運鋪,坂石游作,32.5,連載,"奇幻, 魔法, 冒險, 女性視角, 其他文庫, 日本輕小說",位於在王都一角，經營一間小小搬運鋪的少女蘇菲，是被譽為王國頂尖天才的魔法使。無論是什麼樣的行李，她都能輕鬆搬運，而這天也有收到一個特別的客人前來委託。某天，來到店裡的是希望能悄悄隱居的「年邁勇者」。不但滿屋的傢具與寶物都收拾到寶箱怪當中進行搬運，連受到詛咒的魔劍也完美封印。甚至還妥善幫忙解開他與想慰留他的人之間糾纏不清的緣分──？這是一個在劍與魔法的世界中，交織出邂逅與離別的奇幻故事。,1,使用者尋找的是具有龐大世界觀、深厚歷史背景、多國政治關係以及強烈史詩感的小說（如 Overlord 或無職轉生）。而推薦的《魔法使的搬運鋪》偏向於日常、溫馨的輕小說，重點在於小店的委託與邂逅，缺乏使用者要求的宏大敘事、複雜的種族文化設定與史詩感，僅在「劍與魔法」的基礎設定上有所重疊。
q5,"如題，想找像是overlord、無職這種，有龐大世界，多個國家部落，文化特色分明，歷史背景完整，沉浸感和史詩感強的小說，請問各位有沒有推薦的？希望是劍與魔法的世界，有多不同種族、魔物的那種（其實我不太確定這類型叫什麼，異世界感覺不太對，但叫奇幻又好像太廣泛了？

有很多web小說我都有看過，像是轉生成魔劍、轉生龍蛋、哥布林，他們雖然世界都足夠龐大，但是都有個web小說的通病，就是讀起來會有割裂感，無法讓人帶入那個世界中
而轉生蜘蛛雖然沒有那種割裂感，但是世界觀卻不太夠了，就只簡單分成教皇、妖精、魔王而已，希望能看到更多人類國家間的關係，還有更多魔物亞人種族的故事設定",4d38980a-26fa-561d-a6a2-b3aed1a196dc,殺死龍的方法,津守時生,60.0,完結,"奇幻, 魔法, 冒險, 戰鬥, 耽美, 少女文庫, 日本輕小說",在王室委託的消滅幻獸任務中，美貌的原聖騎士「閃光」亞肯傑爾遇到了一位身為幻獸獵人的少年——「血紅」烏蘭波克，在與同伴們踏上旅途時，兩個人命運的齒輪悄然地轉動了起來。人類與幻獸，陽與陰，千古的誓言，龍王與聖女王……這原本不相容的一切也在不覺間交織成宏大的篇章，劍與魔法與豪俠的幻想詩就此展開！,1,用戶明確要求具有宏大世界觀、複雜國家政治、深厚歷史背景且具備史詩感的作品（如《Overlord》或《無職轉生》）。推薦書籍雖然符合「劍與魔法」及「魔物」的基本設定，但從標籤（耽美、少女文庫）與簡介來看，其核心重點在於角色間的情感與冒險，而非宏觀的世界構築或地緣政治，無法滿足用戶對「龐大世界」與「文化特色分明」的核心需求，僅有表面上的類別重疊。
q5,"如題，想找像是overlord、無職這種，有龐大世界，多個國家部落，文化特色分明，歷史背景完整，沉浸感和史詩感強的小說，請問各位有沒有推薦的？希望是劍與魔法的世界，有多不同種族、魔物的那種（其實我不太確定這類型叫什麼，異世界感覺不太對，但叫奇幻又好像太廣泛了？

有很多web小說我都有看過，像是轉生成魔劍、轉生龍蛋、哥布林，他們雖然世界都足夠龐大，但是都有個web小說的通病，就是讀起來會有割裂感，無法讓人帶入那個世界中
而轉生蜘蛛雖然沒有那種割裂感，但是世界觀卻不太夠了，就只簡單分成教皇、妖精、魔王而已，希望能看到更多人類國家間的關係，還有更多魔物亞人種族的故事設定",8295f84e-e20b-5a4a-85df-db89f4b3839b,等級封頂的最強劍聖女碧翠斯也有弱點──其名為「噗噗」,鐮池和馬,94.4,連載,"奇幻, 魔法, 戰鬥, 後宮, 人外, 電擊文庫, 日本輕小說",此處是劍與魔法的異世界，同時也有無比巨大的地下迷宮在等待挑戰者。利用比咒文、魔法陣更加熟悉的類遊戲方式管理魔法，獲得最強寶座的碧翠絲，依然擁有煩惱。「噗咕咕──！！噗咻嚕嚕嚕……姆呀姆呀……」「噗、噗噗！STOP、STO───────P！！要被壓扁了啦!? 這、這種狀況，是、是要測試我、我的愛嗎……!? 」光是睡個午覺，就能把破表組的【劍聖女】耍著玩的傳說中男人『噗噗』究竟是什麼身分？此外，好像還有四位數等級的巨大龍族與傲慢的長壽少女出現，整體來說，這到底是什麼樣的異世界交流!?,1,使用者明確要求具有宏大世界觀、複雜國家關係、深厚歷史背景以及強烈史詩感的作品（如《Overlord》、《無職轉生》），且排斥缺乏沉浸感的輕小說通病。而推薦的書籍從簡介來看，屬於典型的輕小說風格，重點在於強大角色、後宮以及搞笑元素，缺乏對世界觀深度的描述，完全不符合使用者追求的「史詩感」與「完整文化設定」。
q6,很喜歡看戰爭或戰記類型的小說，不要有魔法一發收拾或莫名其妙的神器，也別機械降神，主角可以強但不要把對手變白癡，暑假到了求書來啃，斷尾或沒完結也沒關係。,c1b2d0f8-fea7-527e-84b0-a36f65b552c9,極東救世主傳說,仏ょも,33.5,連載,"轉生, 戰鬥, 戰爭, 末日, kakuyomu, Web輕小說",當少年駕馭那異形機體時――人類奪回世界的戰鬥拉開序幕。第二次世界大戰末期進行的惡魔召喚儀式，讓世界的樣貌徹底改變。自那之後一百年，成為世界支配者的惡魔，讓人類創造出魔裝機體以抗衡。在此背景下，擁有「另一個現代」記憶的少年・川上啓太，在進入軍校後，成功與一台無人能啟動的試作機達成適配。被緊急派往戰場的他，憑藉前世的知識，展現出顛覆既有常識的驚人戰果。――這正是人類奪回世界的戰鬥開端。,1,雖然該書屬於戰爭/戰鬥類，但設定包含「魔裝機體」、「惡魔召喚」以及利用「前世記憶」打破常識的金手指。這與用戶明確要求的「不要魔法」、「不要神器」以及「不要讓對手變白癡（反對單純靠設定碾壓）」的偏好相悖，更接近輕小說爽文而非用戶想要的嚴肅或策略性戰記。
q6,很喜歡看戰爭或戰記類型的小說，不要有魔法一發收拾或莫名其妙的神器，也別機械降神，主角可以強但不要把對手變白癡，暑假到了求書來啃，斷尾或沒完結也沒關係。,b48840e8-e567-56a8-863e-f603f56a169c,我是星際國家的英雄騎士！,三嶋與夢,36.3,連載,"轉生, 戰鬥, 戰爭, 經營, 歡樂向, 其他文庫, 日本輕小說",在位於星際國家昂格藍德帝國──邊陲地帶的班菲爾德伯爵家，少女艾瑪正以騎士的身分踏出了第一步。從小就憧憬著領主大人、立志成為騎士的她，卻在首次征戰犯了大錯，被貶至更為邊陲的行星──厄里亞斯。來到此地的艾瑪，被迫成為毫無幹勁、宛如累贅的部隊之隊長，只不過──「才不會就此死心呢。人家一定要成為正義的騎士！！」看到耿直地努力的她，有些人逐漸受到了感化。就在這時，厄里亞斯被查出是海盜們的據點，本星也送了精銳部隊前來支援，然而……！？一落千丈的少女騎士即將出人頭地的「星際國家」英雄譚，就此開幕！！,1,使用者明確要求的是嚴肅且邏輯合理、無機械降神或將對手低智化的戰記小說。推薦書籍雖然標記有「戰爭」與「戰鬥」，但其風格為「歡樂向」的輕小說英雄譚，且帶有「轉生」設定，這類作品通常傾向於輕鬆的劇情推演而非硬核的戰爭推演，與使用者追求的戰記風格相悖。
q6,很喜歡看戰爭或戰記類型的小說，不要有魔法一發收拾或莫名其妙的神器，也別機械降神，主角可以強但不要把對手變白癡，暑假到了求書來啃，斷尾或沒完結也沒關係。,98533937-24b3-51ea-bf94-26b6fb549011,噬魂盟約,極歛恆,58.0,連載,"戀愛, 戰鬥, 黑暗, 復仇, 異能, 戰爭, 原生幻想, 華文輕小說",被「國際英雄聯盟（IHA）」列為地球上最兇險的超能罪犯——【黃金惡魔（Golden Devil）】伊景能，在某天竟然主動提出要和聯盟合作？而他幫助英雄聯盟的唯一條件，竟然是和就任不到一年的海灣國英雄新人——【神風天使】莉莉安「同居」!?面對這個世界各國都無法應對的絕對戰力，「IHA」只能應許伊景能的要求。而令人意外地講求守信的他為了履行這份「盟約」，伊景能將會在英雄們遇上危機時，出手替他們對付那些危害超能社會治安的棘手怪物——「靈魔」，以及眾多盤據城市暗角、各懷鬼胎的黑暗勢力。至於他本次前來的目的，則是為了追查大批從日本運送而來、名為「容器」的高科技產物。該小型裝置是由惡名昭彰的全球性超能恐怖組織「審判日」所研發，能夠以神秘的運作方式收納「靈魔」並喚為己用，伊景能研判組織可能打算利用大量的「容器」在海灣國引發大型恐怖攻擊。不過為何「審判日」要挑上這座東方小島國創造混亂、以及【黃金惡魔（Golden Devil）】選擇與「IHA」締結盟約的原因，皆不得而知。在看似簡單的條件背後，伊景能究竟在暗中打著什麼如意算盤？身為全球頭號罪犯的他，又為何要孤身一人對抗世界？滿懷正義的英雄少女 × 世間最惡的超能反派——價值觀截然不同的兩人，究竟又會在同居生活中擦出什麼耀眼的火花呢？於命運交錯的華麗舞台「海灣國」上演的——壯闊而史詩的宿命序曲，隆重開幕。,1,用戶明確尋找的是硬核的戰爭或戰記類型小說，且強調排斥「一發收拾」或「龍傲天」式的設定。推薦書籍雖然標籤包含「戰爭」，但從內容簡介來看，其核心是超能力都市幻想、怪物戰鬥以及男女主角的同居戀愛劇情，屬於輕小說風格，與用戶追求的戰記氛圍及嚴肅的戰爭刻畫完全不符，僅有極淺層的標籤重疊。
q6,很喜歡看戰爭或戰記類型的小說，不要有魔法一發收拾或莫名其妙的神器，也別機械降神，主角可以強但不要把對手變白癡，暑假到了求書來啃，斷尾或沒完結也沒關係。,8006c46e-9958-5d68-846c-77e7220ff2a9,我是星際國家的惡德領主！,三嶋與夢,148.5,連載,"轉生, 戰鬥, 戰爭, 經營, 歡樂向, 其他文庫, 日本輕小說",星際國家昂格藍德帝國──出生在治理邊境行星的伯爵家、以小小年紀繼承了伯爵之位的黎恩，其實是一名轉生者。他省思了前世因為過於善良而屢遭壓榨的人生，決定在這一生成為掠奪他人的「惡德領主」，打算讓人民陷入水深火熱之中。然而──「這種鳥不生蛋的地方，連一滴油水都擠不出來啊！！」他所繼承下來的領地，是一片荒蕪到讓人不忍行惡的廢土！為了讓人民承受得起自己的壓榨，黎恩決定先為領地打造繁榮的基礎。而他雖然硬是擺出惡德領主的樣子，但不知為何，人民卻反而對他愈有好感……！？以惡德領主為志向，卻不知為何被當成名君崇敬的會錯意領地經營譚，就此開幕！！,1,使用者尋找的是嚴肅且具有邏輯的戰爭或戰記類小說，並明確要求不要將對手寫成白癡。而推薦的書籍是一部以「誤會」為核心的歡樂向輕小說，主軸在於領地經營與角色錯位，基調與使用者追求的戰爭史詩感不符，且這類作品通常包含大量將周圍人物刻意單純化或誤解的劇情，與使用者需求相悖。
q6,很喜歡看戰爭或戰記類型的小說，不要有魔法一發收拾或莫名其妙的神器，也別機械降神，主角可以強但不要把對手變白癡，暑假到了求書來啃，斷尾或沒完結也沒關係。,9a9c5479-d2ed-5b5d-97a7-f194ea2826d5,機動戰士高達戰記 Lost War Chronicles,林讓治,15.0,完結,"科幻, 機戰, 戰爭, 角川文庫, 日本輕小說",一年戰爭後期，被任命為MS特殊部隊第三小隊隊長的馬特·希里中尉，因為馬·克貝撤退時遺留下的「M資金」，與基西莉亞麾下的特務部隊食屍鬼隊扯上了關係。而另一邊，屬於吉翁軍外人部隊的年輕隊長肯·彼德施塔特少尉的命運也與M資金產生了聯繫。分屬敵我兩方的兩位年輕士兵，在戰場上能找到自己作戰的理由嗎？,3,用戶明確要求戰爭或戰記類小說，且排斥魔法、神器及機械降神等不合理設定。推薦的《機動戰士高達戰記》屬於科幻機戰戰爭類，側重於軍事作戰與士兵視角，沒有魔法或超自然力量，符合用戶對「硬核戰爭」且非無腦強大的需求，是非常契合的推薦。
q6,很喜歡看戰爭或戰記類型的小說，不要有魔法一發收拾或莫名其妙的神器，也別機械降神，主角可以強但不要把對手變白癡，暑假到了求書來啃，斷尾或沒完結也沒關係。,beacff5e-dbed-53e4-a0c7-13b73fcb2e8a,神兵編年史 Chronicle Legion,丈月城,41.4,連載,"機戰, 戰爭, 後宮, 集英社, 日本輕小說",皇女和少年相遇，決意反抗命運──！！二十世紀末，極東的島國『皇國日本』被複活的古羅馬英雄‧凱撒侵略，受到鄰國『東方羅馬帝國』實質上的支配！幫助凱撒成為最強征服者的力量，名為『巨兵軍團』。此乃列強各國充當主力兵器的神秘軍團，是有翼巨兵組成的軍勢。皇國日本的皇女‧藤宮志緒理內心懷有成為日本霸主的野心，如今她終於採取行動了。皇女選擇的心腹大將，是一個看起來平凡無奇的高中生‧橘征繼。然而，他也是從遠古之世重生的武人，和大英雄凱撒一樣偉大的『軍團長』……！！復活的英雄和美少女交織的壯烈幻想戰記，正式開幕！！,1,用戶明確要求避開「莫名其妙的神器」或「魔法一發收拾」等幻想元素，追求較為紮實的戰爭感。而推薦的書籍雖然屬於戰爭類型，但包含「神秘的巨兵軍團」以及「重生武人」等典型輕小說設定，且標記有「後宮」，其幻想色彩濃厚且設定上與用戶希望避開的「神器/超自然力量」高度重疊，調性不符。
q6,很喜歡看戰爭或戰記類型的小說，不要有魔法一發收拾或莫名其妙的神器，也別機械降神，主角可以強但不要把對手變白癡，暑假到了求書來啃，斷尾或沒完結也沒關係。,94882b80-7e21-50ec-a71d-660e5d7f5b41,異世界國家阿爾奇美拉 最弱之王與無雙大軍,蒼乃曉,16.8,連載,"轉生, 戰爭, 冒險, 龍傲天, 後宮, 其他文庫, 日本輕小說",在國家經營型VR遊戲《TACTICS CHRONICLES》中登上巔峰的國王（玩家）赫里昂，竟連同遊戲內的國家被傳送到異世界。在那裡，他發現原本是NPC的魔物大軍與一騎當千的軍團長們，如今變成擁有自我意志、自由行動的個體。隱藏身分，和部下出發探索的赫里昂碰上受到歧視與打壓，仍堅強抵禦巨大惡意的無辜半精靈族。被無端受難者的淚水所打動的他，醒悟到自己身為王者的身分，帶著憤怒做出決定——率領麾下十萬魔軍，以全力制裁暴行！「起來吧——我驕傲的人民啊！用你們的咆嘯進行回應的時候到了！」「「「「「喔喔喔喔喔喔喔喔喔喔喔喔喔——！！！」」」」」」當千軍萬馬的怒吼震撼世界時——無敵的魔物大軍將會群起進擊!!掀起狂熱的網路小說，經大幅修改潤色後，期待已久地書籍化！,1,使用者明確要求避開「一發收拾」、「無敵神器」以及將對手弱智化的龍傲天劇情，追求較具真實感或戰術性的戰爭小說。而推薦書籍標籤包含「龍傲天」，且簡介中強調「無雙大軍」、「無敵的魔物大軍」，屬於典型的強力主角碾壓流（Power Fantasy），極大機率存在使用者討厭的劇情設定，僅在「戰爭」主題上有表面關聯。
q6,很喜歡看戰爭或戰記類型的小說，不要有魔法一發收拾或莫名其妙的神器，也別機械降神，主角可以強但不要把對手變白癡，暑假到了求書來啃，斷尾或沒完結也沒關係。,f5f8e55f-09f1-5e68-a23b-8b1929c0230e,AHEAD Series 終焉的年代記,川上稔,251.1,完結,"科幻, 校園, 機戰, 戰爭, 戀愛, 電擊文庫, 日本輕小說",過去，世界曾與平行存在的10個異世界進行戰鬥，這場所謂的概念戰爭獲勝以來已經過了60年。由於一切事實遭到掩飾，所以現代的一般人們對此都毫無所知……高中生佐山御言在祖父死後，突然被巨大企業IAI傳喚。IAI告訴他，負面概念正在加速擴展，讓世界漸漸走向滅亡。為了防止情況繼續惡化，必須與各個異世界的殘存者進行交涉，要求他們解放手中的10個概念。於是，佐山便為了處理概念戰爭留下的許多遺恨，而掉進最後一戰的漩渦之中……,1,使用者明確要求避開「魔法一發收拾」、「莫名其妙的神器」以及「機械降神」，追求較為紮實的戰爭或戰記類小說。雖然推薦書籍標記有「戰爭」與「機戰」，但其核心設定圍繞在「概念戰爭」與「概念」的爭奪，這類設定在輕小說中通常傾向於特種能力或超自然力量，極可能包含使用者排斥的超能力/神器元素，且其校園輕小說的基調與使用者想「啃」的戰記風格不符。
q11,"最近人比較負面，
想看一些有共鳴的小說。
有沒有那種「我一個人爛就好了別搞其他人」的主角的輕小說？以前看大老師自暴自棄滿戳中我的。
宅宅現實找不到人取暖，希望能找輕小說取。",091bda7e-a3c8-5c8c-86ec-ff4cdba89510,只有成績還算優秀的我什麼都做不到,初雪染櫻,4.7,連載,"青春, 戀愛, 校園, 歡樂向, 青春日常, 華文輕小說",普通的青春，究竟是什麼模樣？獨居少年青木羽生曾以為，靠著速食與永遠做不完的習題，重複著每一天的自己，永遠無法觸及那名為「青春」的奢侈品。直到藤原玲奈帶著誤會與便當闖入、直到桐生詩織的秘密被他發現。於是，即將廢棄的文學社，連接起了三個孤獨的靈魂。於是，冰冷的出租屋有了溫度，寂靜的社團教室有了歡笑。這是一個關於誤會、秘密、陪伴，以及一點點變得不再普通的，普通青春故事。,2,使用者尋找的是類似《果青》大老師那種自我厭惡、以孤立自己來避免傷害他人的共鳴感，並希望能從作品中獲得溫暖。推薦書籍的主角同樣是感受到青春缺失、生活孤獨的少年，雖然基調較偏向溫馨治癒而非自暴自棄，但其「孤獨靈魂相互陪伴」的核心主題能滿足使用者想要尋找溫暖的需求，在情感基調上具有相當的相關性。
q11,"最近人比較負面，
想看一些有共鳴的小說。
有沒有那種「我一個人爛就好了別搞其他人」的主角的輕小說？以前看大老師自暴自棄滿戳中我的。
宅宅現實找不到人取暖，希望能找輕小說取。",7755b654-7a8c-593d-babe-cf9fcbe4a06a,果然我的青春戀愛喜劇搞錯了,渡航,268.0,完結,"校園, 青春, 戀愛, 歡樂向, 後宮, 妹妹, 小學館, 日本輕小說",「我的青春怎麼會變成這樣！」高中生八幡生性彆扭，不屈服於孤獨，沒有半個朋友，更不用提女朋友。對那些享受著青春的同班同學，他詛咒「他們都是騙子，通通給我爆炸吧！」關於未來的夢想，他宣稱要當「啃老族」——這樣一個傢伙被導師帶去全校第一美少女雪乃加入的「侍奉社」，平凡無奇的八幡與美少女的奇妙邂逅……這怎麼看都像是一場愛情喜劇吧！然而雪乃和八幡個性上的缺陷讓他們無法擦出愛情的火花。這是一則充滿錯誤的青春故事！,3,使用者在 query 中明確提到「大老師」的自暴自棄很戳中他，而推薦的書籍《果然我的青春戀愛喜劇搞錯了》正是該角色（比企谷八幡）的出處。主角的孤僻、對青春的厭惡以及透過自我犧牲解決問題的性格，完全符合使用者追求的共鳴感與「一個人爛就好」的需求。
q11,"最近人比較負面，
想看一些有共鳴的小說。
有沒有那種「我一個人爛就好了別搞其他人」的主角的輕小說？以前看大老師自暴自棄滿戳中我的。
宅宅現實找不到人取暖，希望能找輕小說取。",9e1c0b86-088d-5ea5-8b15-8649dd0a10f4,一個人也能活下去的！,曉雪,18.3,完結,"校園, 青春, 戀愛, 歡樂向, MF文庫J, 日本輕小說",「地球上根本不存在什麼個性好的美少女。」因為秉持這個信念，喜歡搞笑表演的少年織田慶人淪落到班級的最底層。他的心靈支柱是校內唯一跟他有交流的筆友‧書信之君。有一天，慶人和那位書信之君約好碰面──結果卻讓他後悔莫及。因為出現在他眼前的竟然是校內第一美少女湊千紗。對發誓就算淪為獨行俠，也絕不和美少女扯上關係的慶人，千紗提出一個出人意料的請求──「請跟我搭檔！」第十屆新人賞《佳作》，為您獻上獨行俠×高嶺之花的故事，「一個人也能活下去沒錯，但果然還是很難。」繫戀愛喜劇！,2,用戶明確表達目前心情負面，尋找的是能產生共鳴、具有「自暴自棄」或「我不願麻煩他人而選擇孤立」這種深層陰鬱特質的主角（如《大老師》的比企谷八萬）。推薦的小說雖然同樣設定為「獨行俠」且在校園底層，但其基調被標記為「歡樂向」的戀愛喜劇，缺乏用戶所追求的那種負面共鳴與深刻的自省感，僅在「孤獨」這一表面設定上契合。
q11,"最近人比較負面，
想看一些有共鳴的小說。
有沒有那種「我一個人爛就好了別搞其他人」的主角的輕小說？以前看大老師自暴自棄滿戳中我的。
宅宅現實找不到人取暖，希望能找輕小說取。",e19bd929-4957-5f1d-b45e-79f5ad4f80ff,我的青春被一群家裡蹲搞砸了,棺悠介,14.8,連載,"校園, 青春, 歡樂向, 青梅竹馬, 一迅社, 日本輕小說",遭到霸凌的蒼衣春哉，在小時候被大家所害怕的、擁有異名的美少女·瑞鳥紫羽所救。春哉原本希望能待在嚴厲又美麗的她身邊，但是卻因為必須轉學而與她分隔兩地。六年後，升上高中的春哉成長為受到眾人景仰的堅強男性。這時春哉回到過去和紫羽一起長大的地方，雖然和紫羽再度相遇，但是她卻變成了重度的家裡蹲……！？一迅社文庫新人獎，首次的大賞得獎作品登場！！,1,使用者明確要求尋找像《大老師》那樣「自我厭惡」、「一個人爛就好」且能產生共鳴的負面主角。而推薦的小說主角被描述為「受到眾人景仰的堅強男性」，與使用者的核心需求完全相反。雖然兩者都屬於校園青春類輕小說，但角色設定無法提供使用者想要的共鳴。
q6,很喜歡看戰爭或戰記類型的小說，不要有魔法一發收拾或莫名其妙的神器，也別機械降神，主角可以強但不要把對手變白癡，暑假到了求書來啃，斷尾或沒完結也沒關係。,5f03657c-f0f8-5352-8d4b-12b0d86b28c9,前線任務4,秋津透,24.0,完結,"科幻, 戰爭, 機戰, 其他文庫, 日本輕小說",敘述近未來的世界，由各區域國家所聯合而成的大型聯邦所掌握。零星的區域衝突不斷，於是各國都投入新一代的人型裝甲機器人武器的開發。故事就在人型裝甲機器人與操縱者血淚所交織而成的各場戰役中展開。轉自輕之國度,3,使用者明確要求戰爭或戰記類小說，且排斥魔法、神器等超自然/快餐式設定。推薦的《前線任務4》屬於近未來科幻機戰戰爭類，強調區域衝突、兵器開發以及戰役中的血淚，符合使用者對戰爭題材的需求，且設定基於科技而非魔法，符合其對邏輯與真實感的偏好。
q7,"想請大家推薦一些書單希望符合以下條件
1.已經完結
2.以感情為主
希望是讀的時候可以隨著角色情緒有所起伏。並且不要轉生開無雙。",faf617e1-1f4d-5794-97ea-9411185294e5,對我失去興趣的前女友和身為青梅竹馬的現女友，不知為何正在上演修羅場,急川回レ,15.3,完結,"校園, 青春, 戀愛, 歡樂向, 後宮, 角川文庫, 日本輕小說",學校第一冷漠系美女·夏川雫，她的戀愛偏差值是小學生水平？學校第一才女·夏川雫對她用來避開男人的偽裝戀人的小森翔太動了真情——「我們的關係就就此結束吧（譯：讓我們成為真正的戀人吧）！」和戀愛偏差值過低的夏川同學展開的空轉戀愛喜劇！,2,該書符合以感情（戀愛）為主且無轉生、無無雙的條件。然而，使用者明確提到希望有「情緒起伏」，而此書的標籤為「歡樂向」且劇情描述為「戀愛喜劇」，風格偏向輕快幽默，可能無法滿足使用者對深刻情感波動的需求。
q11,"最近人比較負面，
想看一些有共鳴的小說。
有沒有那種「我一個人爛就好了別搞其他人」的主角的輕小說？以前看大老師自暴自棄滿戳中我的。
宅宅現實找不到人取暖，希望能找輕小說取。",9015c824-aff5-5ced-b010-d311382175fd,別太愛我，孤狼不想開後宮。,凪木エコ,40.6,完結,"校園, 歡樂向, 青春, 戀愛, 後宮, 富士見文庫, 日本輕小說",不以孤獨為恥，痛恨屬於小團體而造成的壓力；獨處的時光是最奢侈的享受──秉持單身至上主義的高中生姬宮春一，原本盡情頌讚著他理想的校園生活。然而，學校里的完美女主角，美咲華梨卻說要幫助他交朋友，還被興趣超合得來的冷酷美人，羽鳥英玲奈纏上──春一哪能容忍單身生活遭到打擾的現況！「一個人很寂寞？要你們多管閑事，混帳！！」因為春一麻煩的個性，他主動一一拆掉旗標，卻不知道為什麼，獲得美少女們事與願違的盛讚，反而更受注目！彆扭孤狼開外掛的青春戀愛喜劇，堂堂揭開序幕！！,1,用戶明確表示目前心情負面，尋找的是能與其產生共鳴、具有「自暴自棄」或「自我犧牲式孤獨」特質的主角（如《果青》的大老師）。而推薦的書籍雖然同樣是「孤狼」設定，但其基調是「歡樂向」的後宮戀愛喜劇，主角對孤獨的定義是「奢侈的享受」與「單身至上主義」，而非用戶渴求的負面情感共鳴，兩者在情緒核心上截然不同。
q11,"最近人比較負面，
想看一些有共鳴的小說。
有沒有那種「我一個人爛就好了別搞其他人」的主角的輕小說？以前看大老師自暴自棄滿戳中我的。
宅宅現實找不到人取暖，希望能找輕小說取。",e4760006-0c16-5689-9e87-134eef2a9d92,四疊半宿舍，青春迷走,森見登美彥,14.7,完結,"科幻, 校園, 青春, 戀愛, 歡樂向, 角川文庫, 日本輕小說",我並非自呱呱墜地之初，就是這副慘樣啊！一定是哪裡走錯了！「我」是平凡無奇的大三生，曾肖想過上多采多姿的大學生活，但現實與妄想的距離卻遙遠無比——被損友小津拖著到處鬼混，沉溺在「印刷廠」優質的「代寫報告」服務，只能蜷縮在社團里黑暗的小角落，遲遲無法接近那位孤傲的黑髮學妹——明石。岌岌可危的悲慘大學生活，這不是我想像中的瑰麗人生啊！「我如果不認識你，一定能過得更充實。我會努力用功，和黑髮少女交往，盡情享受沒有半點缺陷的大學生活。」小津一如往常，露出形同妖怪的賊笑道：「這就是我的愛呀。」如果時光可以倒流，真想回去當個大一新鮮人！誤入四個平行世界，不斷輪迴，古怪詭異，夾雜一絲苦澀的青春故事。讓森見登美彥帶你一起探看宅男的青春妄想世界吧！,2,主角同樣是自覺生活悲慘、在現實與妄想中掙扎的青年，能提供強烈的自嘲共鳴，符合使用者尋找「共鳴」與「自暴自棄感」的需求。雖然主角的性格並非完全像大老師那樣採取「主動承擔惡名以保護他人」的社交策略，但其對於平庸現實的絕望與對人生走錯路的懊悔，與使用者的心境高度契合。
q11,"最近人比較負面，
想看一些有共鳴的小說。
有沒有那種「我一個人爛就好了別搞其他人」的主角的輕小說？以前看大老師自暴自棄滿戳中我的。
宅宅現實找不到人取暖，希望能找輕小說取。",1ff49511-7057-5bef-bd14-6f86b66ec458,成為陽光系的我專屬的青春至上主義,持崎湯葉,19.2,連載,"校園, 青春, 戀愛, 歡樂向, GA文庫, 日本輕小說",世界上的人類，大抵分成了「陽光系」與「陰鬱系」這兩種類型。為了歌頌有限的青春，能選擇的路只有一條。換言之──想受歡迎就成為陽光系吧。本是陰鬱系的我──上田橋汰靠著努力與毅力，終於成功邁入高中新生活，每天被陽光系包圍的日子過得再順遂不過。接下來只要再交個辣妹女朋友，人生就完美了──可是為什麼……對我感興趣的儘是些陰鬱女啊？說什麼想當辣妹所以染了粉紅色頭髮……不是，頂著一頭粉紅色頭髮怎麼看都更陰暗了吧！榮獲GA文庫大賞《金賞》之作，陰陽混合的全新青春輕喜劇！新青春的正確解答，這裡全都有。,1,用戶明確表示處於負面狀態，尋求像《果青》大老師那樣「認同自己很爛」、「自暴自棄」且不願強求融入集體的陰鬱系主角以獲得共鳴。然而，推薦的小說主角是透過努力從陰鬱系「成功轉變」為陽光系，且整體基調為歡樂向的青春喜劇，與用戶需要的「負面共鳴」與「孤獨感」完全相反，僅在校園青春主題上有表面關聯。
q11,"最近人比較負面，
想看一些有共鳴的小說。
有沒有那種「我一個人爛就好了別搞其他人」的主角的輕小說？以前看大老師自暴自棄滿戳中我的。
宅宅現實找不到人取暖，希望能找輕小說取。",c7e60c2a-8c96-5477-87fb-4ec0c1b874dd,耿直少年面對的青春不像戀愛喜劇那麼甜,慶野由志,16.9,完結,"校園, 歡樂向, 青春, 戀愛, 後宮, 集英社, 日本輕小說",「不會使用『謊言』與『官腔』這兩項基本武器的我，是個弱者。」心裡想的事情全部寫在臉上，還會不小心說出來的耿直高中生‧春先真太郎，與心儀的美少女轉學生‧神樂琴葉、熱衷於探索性愛的女孩‧十月九日、以及時時處於失控狀態的空殼美少女‧更級磷子等人過著青春的每一天。然而，學校里頻頻發生同學與老師突然失去意識的「連續昏倒事件」，就連磷子也陷入昏迷。就在這時，一名號稱「鏡子付喪神」的少女出現在真太郎家中，真太郎決定開始與擁有「映照內心姿態之力」的她一同生活。不料就在隔天，神樂突然登門造訪，還開口要求：「立刻把那名付喪神交給我」──！？優秀賞作家慶野由志×人氣繪師伍長聯手獻上，俗欲充腦的男主角，歌頌著充滿透明感的青春戀愛喜劇！,1,使用者尋找的是具有「自暴自棄」、「自我犧牲」或「孤獨共鳴」特質的主角（如《果青》的大老師），且心情較為負面需要情感共鳴。而推薦的書籍是一部校園後宮戀愛喜劇，雖然主角自認弱者，但其「耿直」屬性與使用者要求的「一個人爛就好」的陰暗/自省特質完全不同，且故事基調為歡樂向與後宮，無法提供使用者需要的負面共鳴或情感慰藉。
q11,"最近人比較負面，
想看一些有共鳴的小說。
有沒有那種「我一個人爛就好了別搞其他人」的主角的輕小說？以前看大老師自暴自棄滿戳中我的。
宅宅現實找不到人取暖，希望能找輕小說取。",fb3d36fb-44b2-54c7-af1d-42385af2e153,孤單北半球,douyueling,13.2,連載,"戀愛, 校園, 音樂, 青春, 群像, 歡樂向, 青春日常, 華文輕小說",電話一直著響著，但我沒有去接，所以轉入了自動留言。「你好，你好嗎？我無論如何都想打這通電話，發生了那種事，或許你已經不想再聽見我的聲音了，但有些事我不得不親口告訴你。就當做是餞別，希望你能好好聽著。」電話對面是老師，老師的聲音好像鐘聲一般在房間里迴響著。我打了老師。我愛上了老師。「明年我就要結婚了。」最後我和老師私奔了。這是一個始於夏天，終於夏天的，大海、青春、音樂與愛的故事——,1,使用者尋找的是具有「自我毀滅」、「自暴自棄」或「願意獨自承擔負面狀態以保護他人」這種特定心理共鳴的主角（類似《果青》的大老師），而推薦的書籍《孤單北半球》標籤為「歡樂向」，劇情核心是學生與老師的戀愛與私奔，屬於青春戀愛故事，缺乏使用者要求的那種陰鬱、自厭或社交孤立的共鳴感。
q11,"最近人比較負面，
想看一些有共鳴的小說。
有沒有那種「我一個人爛就好了別搞其他人」的主角的輕小說？以前看大老師自暴自棄滿戳中我的。
宅宅現實找不到人取暖，希望能找輕小說取。",55915b7d-d374-5159-86c2-cb70de1c0bc0,我果然不適合戀愛喜劇,oejnd,8.3,連載,"校園, 青春, 戀愛, 歡樂向, 青春日常, 華文輕小說",「應你的要求，我幫你申請了一個社團。」對此毫無印象的林一突然被這樣告知。雖然社團只是一個掛名的空殼，但裡面卻有著真正的美少女。在此之後伴隨著麻煩的青春日常拉下帷幕。這果然是戀愛喜劇吧？只有林一知道這個答案。,1,使用者明確要求具有「大老師」那種自暴自棄、孤獨且能產生負面情緒共鳴的主角。雖然推薦書籍的標題明顯在模仿《我的青春戀愛錯構定理》，但其標籤為「歡樂向」，且簡介描述的是典型的校園戀愛喜劇套路（美少女、社團、青春日常），缺乏使用者渴求的深層心理共鳴與孤獨感，僅有表面上的形式相似。
q11,"最近人比較負面，
想看一些有共鳴的小說。
有沒有那種「我一個人爛就好了別搞其他人」的主角的輕小說？以前看大老師自暴自棄滿戳中我的。
宅宅現實找不到人取暖，希望能找輕小說取。",f379efbb-7ad6-5052-9d13-9618c5006b2e,列島上的荒原狼,Zivs,7.4,連載,"推理, 戀愛, 懸疑, 歡樂向, 青春, 校園, 青春日常, 華文輕小說",因為狼的緣故而變得孤獨異常的普通少年，遇到了自己憧憬的戀愛對象，在以為能夠回歸正常時依然因為狼的介入而進一步滑向崩壞邊緣。與此同時，石見的共享乘車搶劫殺人案件再次發生。,1,使用者尋找的是像《果青》大老師那樣「自暴自棄」、「自我犧牲式孤獨」且能產生情感共鳴的特定角色類型。推薦書籍雖然提及主角孤獨且走向崩壞，但其標籤包含「歡樂向」，且劇情涉及「搶劫殺人案件」等推理懸疑元素，與使用者追求的校園日常、心理共鳴及特定的自毀特質偏差較大，僅在「孤獨」這一點上有表面關聯。
q12,"想找一些日常系小說類型，希望劇情節奏安排和對話有趣些。
其它元素能接受百合、戀愛、生活、學校類型，有談話間交流劇情。",48683163-6b11-5c72-8788-3b3d47e2eda5,為何我總是成為S級美女們的話題,脇岡こなつ,25.9,連載,"校園, 青春, 戀愛, 後宮, 歡樂向, 角川文庫, 日本輕小說",「──其實我，最近有一場宿命的邂逅。」「我最近滿常在注意我打工那裡的一個常客喔～」女高中生姬川沙羅、小日向凜、高森結奈，具有無與倫比的美貌，受到全班不分男女的敬重與欣羨，人稱「Ｓ級美少女」。這樣的人聊起戀情，自然引起了全班一片嘩然，只有最不起眼的赤崎晴也暗自焦急。其實她們聊的那個男的都是赤崎晴也啦！晴也說什麼也不想在學校里引人注意，開始設法撲滅她們對他的興趣，結果全部造成反效果……不起眼男生與「Ｓ級美女」的校園後宮喜劇，開幕。,3,該書屬於校園戀愛喜劇，完全符合用戶要求的「學校」、「戀愛」、「生活」等元素。其後宮喜劇的性質通常依賴大量有趣的對話與角色互動來推動劇情，與用戶希望「對話有趣」且「在談話間交流劇情」的需求高度契合。
q11,"最近人比較負面，
想看一些有共鳴的小說。
有沒有那種「我一個人爛就好了別搞其他人」的主角的輕小說？以前看大老師自暴自棄滿戳中我的。
宅宅現實找不到人取暖，希望能找輕小說取。",17ef916b-a250-5d6d-a36a-fe2f7a0983b1,CHOICE,y☆yy,1.4,連載,"戀愛, 青春, 歡樂向, 青春日常, 華文輕小說",「請別那麼優柔寡斷!」她對我說。「我也知道我比較年長，不應該那麼幼稚，應該退一步才是。」說喜劇不是說是胃痛也不是，但總之，滿歡樂的吧!,1,使用者明確表示目前情緒負面，尋找能引起共鳴、且主角具有「自暴自棄」或「一個人爛就好」特質的作品（如《果青》的大老師）。然而，推薦的小說標記為「歡樂向」且側重於戀愛與青春日常，其基調與使用者渴求的憂鬱共鳴感及特定角色設定完全不符。
q12,"想找一些日常系小說類型，希望劇情節奏安排和對話有趣些。
其它元素能接受百合、戀愛、生活、學校類型，有談話間交流劇情。",ec7550d9-0e52-57ed-9d11-7796140f082c,雙生子一起當「女朋友」不好嗎？,白井ムク,19.0,連載,"校園, 青春, 戀愛, 後宮, 歡樂向, 富士見文庫, 日本輕小說",「咦？告白的人是我耶！」「可是被告白的人是人家。」有時候輪流約會，有時候三人一起。雙生子同步進攻的戀愛喜劇！學年成績第一名的同年級美少女──宇佐見，性格正經是廣為人知的事，但她其實還有不同的一面。放學後會去遊樂場玩，還會露出天真無邪的笑容。為了和她增進情誼，我在校園裡陪伴她，放學後則和她一起玩，我們的感情分別在這兩個場所慢慢加深，而宇佐見終於在放學回家路上向我告白！我接受她的心意，之後在遊樂場也將心意傳達給她。這下子我們就兩情相悅了……才剛這麼想，卻又出現了另一位宇佐見！宇佐見千影與光莉──她們其實是雙胞胎！告白也同時成立？而且在兩人的提議之下，沒想到我竟然要和雙方交往？,3,推薦書籍為校園戀愛喜劇，完全符合用戶要求的日常系、校園、戀愛等元素，且標記為「歡樂向」，符合用戶希望對話有趣、節奏輕快的需求。
q12,"想找一些日常系小說類型，希望劇情節奏安排和對話有趣些。
其它元素能接受百合、戀愛、生活、學校類型，有談話間交流劇情。",12dcfc83-7add-56be-adfa-bcb355f4412c,少女愛上姊姊,キャラメルBOX,209.0,完結,"校園, 青春, 戀愛, 後宮, 偽娘, 遊戲劇本, 日本輕小說",(全年齡版遊戲線程劇情)梅雨季節的間歇，柔和的陽光穿過林蔭的縫隙，溫柔地照射在濕潤的石階上。被昨夜的雨淋濕的櫻樹綠葉晶瑩剔透，透著生機的新綠隨風搖曳。延伸到校舍的櫻樹群下，少女們嬌聲的談笑和輕快的步伐相映成趣。這幅光景，非常的清純，美麗，無瑕。這裡是聖應女學院——創設於明智十九年，是歷史悠久的女子學校。配合日本現代化的步伐。基於女性需要能夠學習與之身份相匹配的教養的場所為理念所創立的學校。以英國的貴族學校為原型，融入基督教教會學校的教育模式，這樣的傳統延續至今天。這也就是人們口中的「名媛學校」。,3,該小說設定在女子學校，包含校園、戀愛及青春元素，高度符合使用者要求的「日常」、「學校」、「戀愛」以及「百合」等偏好，是非常契合的推薦。
q12,"想找一些日常系小說類型，希望劇情節奏安排和對話有趣些。
其它元素能接受百合、戀愛、生活、學校類型，有談話間交流劇情。",37b495dd-bd16-5362-8332-4b9f9cc77d86,假裝被好友的催眠術催眠，被親吻後的我該怎麼辦？,シャルねる,8.6,完結,"青春, 戀愛, 百合, 歡樂向, kakuyomu, Web輕小說",……反正我才不會真的被催眠，所以打算假裝被催眠，看看她到底想對我做什麼。,3,該書標籤包含百合、戀愛、青春及歡樂向，完全符合使用者對百合、戀愛、學校類型的偏好。且其輕小說的設定與劇情起手式暗示了對話將是推動劇情的重心，符合使用者對日常系、有趣對話的需求。
q12,"想找一些日常系小說類型，希望劇情節奏安排和對話有趣些。
其它元素能接受百合、戀愛、生活、學校類型，有談話間交流劇情。",f9dbd3f1-6fca-50af-90a2-26043c31edc9,四人制姊妹百合物帳,石川博品,10.4,完結,"校園, 青春, 百合, 歡樂向, 講談社, 日本輕小說",「沙龍中的同伴如姊妹般相親相愛。」名門大小姐學校——閖村(Yuri Mura)學園高中里，存在著名為「沙龍」的友愛組織。學生們相聚其中，如姊妹般親愛和睦。御廚杜理子、佐用島紗智與時岡有希奈三人結成高雅的沙龍「百合種(Yuri Seeds)」，在「森林」中圖書館的閱覽室進行低調的活動。嚮往「百合種」的高一新生田北多惠想要加入其中，三位學姐向她提出的「秘密考試」究竟是什麼!? ——石川博品在此獻上「青春百合奇譚」。,3,該小說完全符合用戶的需求：屬於日常系校園風格，包含用戶接受的百合、生活與學校元素。其「沙龍」的設定強調角色間的交流與互動，符合用戶希望透過對話推動劇情且節奏有趣的期待。
q12,"想找一些日常系小說類型，希望劇情節奏安排和對話有趣些。
其它元素能接受百合、戀愛、生活、學校類型，有談話間交流劇情。",d5cf3bfb-62db-5fb8-931d-a48b5967c295,想要拿下難以攻陷的風紀委員長,風丸,32.3,完結,"校園, 青春, 百合, 歡樂向, kakuyomu, Web輕小說",三園女子學院的入學典禮當天，被黑色長髮的風紀委員長玲華提醒必須取下腕帶的清水未來。因為這件事，未來對玲華產生了興趣。完美無缺的前輩。她那冷靜的面具之下藏著些什麼呢。抱有攻略對方的惡趣味的未來，曾將許多男人玩弄於掌心，直到她看見了在樹蔭下接吻的女同學們，然後開始思索在女校是不是也可以做到同樣的事。難度肯定很大吧。不過正因如此，才有去做的價值。來吧，遊戲開始了。――想要拿下難以攻陷的風紀委員長。,3,該書的標籤（校園、百合、歡樂向）完全符合使用者要求的日常、學校、百合與戀愛元素。劇情設定聚焦於角色間的互動與「攻略」過程，非常契合使用者希望對話有趣且透過交流推進劇情的期待。
q13,"我很喜歡搞笑類，誤會系剛好能戳到我的笑點，
看了會有種「這群人的腦迴路到底怎麼長的」的感覺，（像電玩咖這種的）
當然不需要全程搞笑，後面進入主線開始嚴肅起來我還是能接受的（素晴、腦礙這種的）",c55b6ffa-4f23-5599-9bc6-f8efe7014b74,沒有與世界之暗戰鬥的秘密組織，所以我建立了一個（怒）,黒留ハガネ,12.8,連載,"校園, 異能, 歡樂向, 後宮, 其他文庫, 日本輕小說",佐護杵光於某一天忽然覺醒了超能力，而有一個盯上了他的力量的邪惡組織突如其來地出現──沒這回事。住在隔壁的青梅竹馬其實為驅魔師的子孫──才沒有這回事！神秘美少女轉學到班上──根本沒有這回事！！佐護對這過於和平的日常生活惱羞成怒，決定自己創造一個秘密組織。他找遍全日本，找到一名能幹美女‧鏑木栞作為他的副官，設立了秘密組織「天照」，也成功調度到了資金。待蓮見燈華、高橋翔太等新成員加入後，意圖毀滅世界的魔王終於現身──才怪！此時，佐護靈機一動，想出某個計畫……？由一名最強超能力者所自導自演的搞笑喜劇，就此開幕！！,3,使用者偏好搞笑、誤會系以及具有「奇特腦迴路」的設定。推薦書籍的主角因為現實生活太過和平，竟然決定「自導自演」建立一個秘密組織來創造戲劇效果，這種反常理的行為邏輯完全符合使用者對「腦迴路怎麼長的」以及搞笑喜劇的需求，且風格與使用者提到的作品相近。
q13,"我很喜歡搞笑類，誤會系剛好能戳到我的笑點，
看了會有種「這群人的腦迴路到底怎麼長的」的感覺，（像電玩咖這種的）
當然不需要全程搞笑，後面進入主線開始嚴肅起來我還是能接受的（素晴、腦礙這種的）",59b7683d-de7e-544e-94ed-76defa77eb94,（web版）沒有與世界之暗戰鬥的秘密組織，所以我建立了一個（怒）,黒留ハガネ,23.4,連載,"校園, 異能, 歡樂向, 後宮, syosetu, Web輕小說",佐護杵光於某一天忽然覺醒了超能力，而有一個盯上了他的力量的邪惡組織突如其來地出現──沒這回事。住在隔壁的青梅竹馬其實為驅魔師的子孫──才沒有這回事！神秘美少女轉學到班上──根本沒有這回事！！佐護對這過於和平的日常生活惱羞成怒，決定自己創造一個秘密組織。他找遍全日本，找到一名能幹美女‧鏑木栞作為他的副官，設立了秘密組織「天照」，也成功調度到了資金。待蓮見燈華、高橋翔太等新成員加入後，意圖毀滅世界的魔王終於現身──才怪！此時，佐護靈機一動，想出某個計畫……？由一名最強超能力者所自導自演的搞笑喜劇，就此開幕！！,3,該書被明確定義為「自導自演的搞笑喜劇」，其設定（主角因為世界太和平而憤怒，決定自己建立秘密組織）完全符合使用者要求的「腦迴路奇怪」以及「無厘頭搞笑」的風格，且這種自導自演的劇情極易產生使用者喜愛的「誤會系」笑點，與《素晴》等作品的氛圍高度契合。
q14,"想求各位大大們，有沒有推薦以百合、女生友情、男女愛情這類的日本輕小說呢?

不太想要有奇幻、科幻、后宮、異世界這元素，有點太過氾濫不太想看
只要日常、青春的就可以了，有發糖的和胃痛我都可以~",166eb971-0640-533c-bd44-b3a6abab48f1,「欸、原來我才是被吃掉的嗎!?」帥氣的我被後輩的犬系女友吃掉了,七斗七,6.7,連載,"校園, 青春, 百合, 歡樂向, 女性視角, 角川文庫, 日本輕小說",由「Vtuber」七斗七獻上的全新感官百合輕小說！在女子學校里，總會有那麼一位被公認為「超帥氣」的學生。那就是我，雨之音沙琴。正因為這樣的身份，我經常被同性告白。今天的對象，是最近才在粉絲群里見過的、像小狗一樣可愛的新生後輩——花華巡醬。她凝視著我的眼神，和其他同學有些不一樣，那讓我第一次感受到心跳加速……本以為會是這樣普通的展開，結果——「請成為我的雌性吧!!」——這對我這個一直被誇「帥氣」的人來說，可是生平第一次聽到的告白方式……而正是這場告白，成了我們關係表裡逆轉、日常翻轉的起點——全新感官百合輕小說，就此開幕！,3,該書完全符合用戶的所有要求：它是日本輕小說、屬於百合主題、設定在校園青春日常，且不含奇幻、科幻、後宮或異世界元素。
q15,"喜歡的類型 是異世界 轉生 重生 穿越 校園異能 幻想世界 劍與魔法 主角最強 多後宮 戰鬥要夠中二 都行
夠套路
要男主 一定要有戰鬥 後宮 沒後宮也沒關係但要有女主 如果主角拿的是劍我會更開心
不接受有沒男主的 例如蜘蛛又怎樣 能力值平均 怕痛的我
不接受虐主的 除了re 0 是因為動畫入坑的 除非前面虐後面很爽的這樣可以例如平職
需要裝逼讓我看的會高潮的 所以無職轉生我看不下去因為太真實太哭逼了",af94309d-79d1-50fb-93cb-1d45bf4ae444,雖然生在貴族家庭打算離家過慢生活，但因種種原因反而出人頭地的傢伙,止流うず,18.4,完結,"奇幻, 轉生, 經營, 戰鬥, 後宮, kakuyomu, Web輕小說",夢想中的後宮生活！也會過慢生活()喔！！主角萊昂哈特·維克多對家中的女僕出手，導致她們懷孕，因此被驅逐出家門。他前往的目的地是被稱為魔之森的廣大S級迷宮。雖然遭到強大的怪物襲擊，但萊昂哈特憑藉轉生獲得的外掛能力和培養的魔法，擊敗了怪物們，獲得財寶，並且在王國中也逐漸晉升為貴族！,3,該書完全符合使用者的核心需求：包含異世界轉生、男主角、最強外掛（能力值高）、後宮、戰鬥以及典型的套路化爽文劇情。且不包含使用者排斥的虐主或非男主元素，是非常匹配的推薦。
q15,"喜歡的類型 是異世界 轉生 重生 穿越 校園異能 幻想世界 劍與魔法 主角最強 多後宮 戰鬥要夠中二 都行
夠套路
要男主 一定要有戰鬥 後宮 沒後宮也沒關係但要有女主 如果主角拿的是劍我會更開心
不接受有沒男主的 例如蜘蛛又怎樣 能力值平均 怕痛的我
不接受虐主的 除了re 0 是因為動畫入坑的 除非前面虐後面很爽的這樣可以例如平職
需要裝逼讓我看的會高潮的 所以無職轉生我看不下去因為太真實太哭逼了",2b48967f-43f2-52aa-b2f5-99cd3464e890,其實，我乃最強？,澄守彩,47.9,連載,"轉生, 魔法, 龍傲天, 後宮, 妹妹, 人外, 講談社, 日本輕小說",家裡蹲某日突然轉生成了異世界的王子——剛這麼想，就被認定為最弱遭遇生命危機！巨大的野獸向我被拋棄的地點襲來，而我可以使用的魔法只有一種。為了迴避轉生幾天就死去的結局，我對魔法進行這樣那樣的嘗試之後……不知為何巨大的野獸變成了美少女，還成為了我的從者。不幸蜂擁而至，幸運也終於降臨，飽受折磨後之末我成為了貴族的養子。唯一能用的魔法萬能過頭了，理想的家裡蹲生活我來了，但是……先行的漫畫化也廣受好評！主角成名故事！,3,該書完美符合用戶的需求：包含異世界轉生、龍傲天（主角最強）、後宮要素，且屬於典型的套路向爽文，滿足用戶希望看到「裝逼」且不虐主的心理。雖然主角主修魔法而非劍術，但整體氛圍與核心意圖高度契合。
q15,"喜歡的類型 是異世界 轉生 重生 穿越 校園異能 幻想世界 劍與魔法 主角最強 多後宮 戰鬥要夠中二 都行
夠套路
要男主 一定要有戰鬥 後宮 沒後宮也沒關係但要有女主 如果主角拿的是劍我會更開心
不接受有沒男主的 例如蜘蛛又怎樣 能力值平均 怕痛的我
不接受虐主的 除了re 0 是因為動畫入坑的 除非前面虐後面很爽的這樣可以例如平職
需要裝逼讓我看的會高潮的 所以無職轉生我看不下去因為太真實太哭逼了",18f487eb-d9cb-5f5c-8c5b-31120d3e99fa,魔法★探險家 轉生為成人遊戲萬年男二又怎樣，我要活用遊戲知識自由生活,入棲,61.7,連載,"轉生, 魔法, 冒險, 龍傲天, 後宮, 角川文庫, 日本輕小說",★後宮×魔力無雙！自由自在享受成人遊戲世界的轉生魔法學園故事！★改編漫畫版由緋賀ゆかり老師作畫。「傳說的美少女遊戲」《魔法★探險家》。我轉生為這遊戲中身懷作弊技能又走桃花運的主角！──旁邊那位臉上掛著輕浮笑容又不走運的朋友角色。但是我擁有當初鑽研這款遊戲的知識，只要選擇最佳的行動，肯定也能把女角們對我的好感度提升到MAX！而且這個角色還有「魔力量世界第一」的隱藏作弊性能與獨一無二的特殊能力──「既然這樣，我乾脆不當主角的朋友，自由自在地過活吧！」,3,推薦書籍高度契合使用者的所有核心需求：包含男主轉生、幻想世界的魔法校園設定、龍傲天（最強主角）、後宮元素以及典型的套路爽文風格。且其基調為自由自在地享受生活，完全避開了使用者厭惡的「虐主」或「過於現實」的沉重感，是非常理想的匹配。
q15,"喜歡的類型 是異世界 轉生 重生 穿越 校園異能 幻想世界 劍與魔法 主角最強 多後宮 戰鬥要夠中二 都行
夠套路
要男主 一定要有戰鬥 後宮 沒後宮也沒關係但要有女主 如果主角拿的是劍我會更開心
不接受有沒男主的 例如蜘蛛又怎樣 能力值平均 怕痛的我
不接受虐主的 除了re 0 是因為動畫入坑的 除非前面虐後面很爽的這樣可以例如平職
需要裝逼讓我看的會高潮的 所以無職轉生我看不下去因為太真實太哭逼了",8a3cec36-3b54-570b-b80e-9b058aae85f1,關於人類是最強種族這件事,柑橘ゆすら,25.8,完結,"轉生, 魔法, 戰鬥, 後宮, 人外, 集英社, 日本輕小說",最強的條件是身為人類這件事！某天，我突然被召喚到劍與魔法的世界《艾特爾菲亞》。不知道為什麼，眼前的精靈美少女•莉亞稱呼只是平凡上班族的我為「人類大人」，還超級崇拜我!?沒想到，在召喚我的異世界中，人類竟然是『最古老且最強大的種族』！聽說，連我的一根頭髮都含有超規格的魔力，為了避免人們爭奪我的力量而發生紛爭，我決定跟莉亞一起打造可以安居的地方！在自家的地底下發現溫泉、用我的人類力量把史萊姆變成可愛的小女孩，靠著不管什麼願望都能實現的無敵人類力量，我決定要盡情享受無憂無慮的異世界生活！,3,該書高度契合使用者的需求：包含異世界、劍與魔法設定、男主角最強（無敵人類力量）、後宮傾向，且強調「無憂無慮」的生活，完全避開了使用者討厭的「虐主」或「太過真實」的情節，滿足使用者追求套路與爽快感（裝逼）的核心意圖。
q16,"如題想看校園類型小說，不知道有無推薦
純現實的不要有奇幻元素，集數不多的佳",e469c364-4074-5da8-a850-4e50ef5f08ef,關於被同班美少女拉進文學社這件事有點怪,虹彩異色,6.9,連載,"校園, 青春, 懸疑, 戀愛, 青春日常, 華文輕小說",本來打算度過平常生活的普通高中生洛敬文，受到同版美少女的邀請後，加入了一個頻臨解散，毫無存在感的文學社團。於是，本該平淡的生活暗起波瀾，除了平常可以和JK貼貼以外，接踵而來的是一些奇怪的事件……,3,該書主題為校園青春日常，完全符合使用者對「校園類型」的需求。雖然提到有「奇怪的事件」與「懸疑」標籤，但並未出現奇幻、魔法或超自然等奇幻元素，符合使用者要求的「純現實」設定。
q17,"求推薦世界觀建構完整
主角很清楚當下該做甚麼
是不太希望主角輕鬆拿到一堆外掛這種的
然後也蠻喜歡主角大意、失誤或忘記重要信息導致危機感這種狀況發生
非戰鬥類主角也可以，感覺這類主角穿越的比較多?
但是如果是一個高中生通十八般武藝心理素質又特好的就不要",a282d3f2-bf1e-56ee-bbc6-5b05a7818570,歡迎來到實力至上主義的教室,衣笠彰梧,403.9,連載,"校園, 鬥智, 青春, 戀愛, 後宮, MF文庫J, 日本輕小說",真正的實力、平等究竟為何？幾乎百分之百實現升學、就業目標的全國首屈一指的名校──高度育成高中。這間簡直如同樂園般的學校，真面目卻是唯有優秀者才能享受優待的實力至上主義學校！綾小路清隆被分配到最底層的D班，在那裡，他遇見了成績優異個性卻超難搞的美少女──堀北鈴音，和由體貼與溫柔所構成、天使般的少女──櫛田桔梗。與她們的相遇，使清隆的態度逐漸產生改變……,1,用戶明確表示不希望主角是「高中生且精通十八般武藝、心理素質特好」的完美類型，且喜歡看到主角因大意或失誤而產生危機感。而本書主角綾小路清隆正是典型的全能天才，心理素質極其強大且幾乎不犯錯，完全符合用戶想要避開的角色特徵。
q17,"求推薦世界觀建構完整
主角很清楚當下該做甚麼
是不太希望主角輕鬆拿到一堆外掛這種的
然後也蠻喜歡主角大意、失誤或忘記重要信息導致危機感這種狀況發生
非戰鬥類主角也可以，感覺這類主角穿越的比較多?
但是如果是一個高中生通十八般武藝心理素質又特好的就不要",64bb1ecd-c882-5dd0-b0db-59950e99b8c5,破除者,兔月山羊,50.1,完結,"科幻, 懸疑, 犯罪, 鬥智, 妹妹, 電擊文庫, 日本輕小說",將醜陋的人皮戴在臉上，自稱「恐懼之臉（ScareFace）」的謎樣男子佔據了一所高中，並挾持兩百名以上的學生做為人質。被找來擔任交涉人的，是目前在重大罪犯特殊收容所中服刑的某個少年──少年名為彼方。他不僅參與奪去百萬條人命的毒氣恐怖攻擊行動，還殺害了六十四名刑警，是已經被判處死刑的「惡魔」。一邊殺害人質，一邊提出不自然要求的兇殘挾持犯，以及不認為他人的性命有任何價值的冷酷惡魔，將展開一場令人汗濕掌心的智慧戰……！,2,主角設定為服刑中的少年罪犯，避開了使用者厭惡的「全能高中生」模板；故事主打「鬥智」且無外掛，符合使用者對心理博弈與危機感的追求。雖然其世界觀較聚焦於特定案件而非宏大建構，但整體特質與使用者對主角性格及劇情張力的要求高度契合。
q17,"求推薦世界觀建構完整
主角很清楚當下該做甚麼
是不太希望主角輕鬆拿到一堆外掛這種的
然後也蠻喜歡主角大意、失誤或忘記重要信息導致危機感這種狀況發生
非戰鬥類主角也可以，感覺這類主角穿越的比較多?
但是如果是一個高中生通十八般武藝心理素質又特好的就不要",5fad6e2f-d881-551c-9014-8a1aeec324ea,直到教室只剩下一個人,淺倉秋成,11.1,完結,"校園, 懸疑, 青春, 黑暗, 青梅竹馬, 角川文庫, 日本輕小說",「我在教室里太大聲了。我需要『調律』。再見。」短短一個月內，北楓高中接連發生學生自殺事件。他們都是班上的活躍分子，卻以各種死法陳屍在校園，並留下內容相同卻意味不明的遺書。這個被譽為「最棒的」班級，到底發生了什麼事？人心惶惶之際，垣內友弘從好友白瀨美月口中聽說：這一切都是「死神」的傑作，她自己就是下一個目標！友弘不相信，但沒過多久，一封神秘匿名信卻讓他啞口無言。信中不僅指定他成為「繼承人」，他更在一夕之間擁有「識破他人謊言」的能力。難道，「死神」真的存在？為了拯救美月與其他可能的受害者，友弘決定運用自己的異能，揪出躲在幕後操控一切的真兇。然而他不知道的是，「死神」所選中的人，都有一個共同的「特徵」；而被選中的下一個「祭品」也並非別人，而是正在妨礙這場死亡遊戲的他……在學校這個封閉的環境里，只要有一點小小的不滿，很可能就會蔓延成猜疑和傷害。面對階級的落差、霸凌的壓迫、對同儕的不認同，外表開朗活潑，內心卻深沉難測的少年少女，完全體現了青春期特有的歪斜與危險。然而，初心並未泯滅，死亡與殺戮也往往不是最終的結果，隨著碰撞、跨越直至成長，他們也將徹底斷絕崩壞的過往，重新找回混亂中的平衡，蛻變重生。,2,該書屬於校園懸疑類，主角並非全能的完美高中生，且劇情強調心理壓力、猜疑與危機感，符合使用者對「非戰鬥類」以及「非完美主角」的需求。雖然主角獲得了「識破謊言」的能力，這算是一種外掛，但屬於推理類作品中常見的單一功能設定，而非使用者反感的「輕鬆拿到一堆外掛」。世界觀規模較小（僅限校園），可能未完全滿足使用者對「世界觀建構完整」的期待（若其指的是宏大世界觀），但整體氛圍與主角特質相當契合。
q17,"求推薦世界觀建構完整
主角很清楚當下該做甚麼
是不太希望主角輕鬆拿到一堆外掛這種的
然後也蠻喜歡主角大意、失誤或忘記重要信息導致危機感這種狀況發生
非戰鬥類主角也可以，感覺這類主角穿越的比較多?
但是如果是一個高中生通十八般武藝心理素質又特好的就不要",e3288cf4-6b2e-59a4-8b40-6a5ed7083af0,彈丸論破Dangan Ronpa∕Zero,小高和剛,31.6,完結,"校園, 懸疑, 犯罪, 鬥智, 獵奇, 大逃殺, 講談社, 日本輕小說",基於「才能才是人類的希望」這一理念，聚集了各種《超高校級》的才能，私立希望之峰學園發生了學園史上最大最惡的事件……。向著不斷失去記憶的女高中生·音無涼子與《超高校級神經學者》松田夜助迫近而來的「危機」與「絕望」將會如何――！？讓所有懸疑愛好者為之沸騰的遊戲傑作「彈丸論破」閃耀的「前日譚」，由擔當原作劇本的小高和剛親自小說化。最棒的爆炸，在此開始——！,3,該書的主角音無涼子具有記憶喪失的設定，直接呼應了使用者提到的「因忘記重要信息而導致危機感」的特定偏好。此外，故事世界觀設定完整且壓抑，主角雖有才能但面臨極大生存壓力，並非輕鬆獲勝的外掛角色，且避開了「心理素質完美且全能」的高中生設定，與使用者需求高度契合。
q18,"我最近剛看了龍王的工作的小說
雖然不懂將棋，但覺得對局的刻劃很棒
能看到將棋解說
也會側面描寫一些職業棋士、女流棋士的差別和情況

最喜歡的部分是銀子挑戰獎勵會那邊
書裡描寫的女性棋士會被小看的部分
那種低人一等、逆境求生的感覺做得很真實(?不會形容，總之很有代入感
銀子加油，不要輸給將棋星人!

希望各位能分享一些好看的將棋小說!!",a6fd2ce2-2942-57d7-b67a-7d53cc617cb4,問題兒童的最終考驗,龍之湖太郎,81.9,連載,"轉生, 奇幻, 鬥智, 遊戲, 戰鬥, 歡樂向, 角川文庫, 日本輕小說",擁有「少許」特殊能力的少年·西鄉焰收到一封郵件。打開那封郵件的瞬間，焰被召喚到異世界！那裡是由神魔的遊戲·恩賜遊戲所支配的世界。被有著一對美妙兔耳的洛麗塔少女·黑兔所迎接的焰，立馬就要參加超大型的恩賜遊戲！？與一起被召喚到異世界的彩里鈴華、久藤彩鳥，還有闊別5年的逆迴十六夜共同挑戰甚至牽涉到現實世界的眾神遊戲！！,0,使用者明確要求推薦「將棋小說」，而推薦的書籍《問題兒童的最終考驗》是一部關於異世界、神魔遊戲與戰鬥的奇幻輕小說，與將棋完全無關。
q15,"喜歡的類型 是異世界 轉生 重生 穿越 校園異能 幻想世界 劍與魔法 主角最強 多後宮 戰鬥要夠中二 都行
夠套路
要男主 一定要有戰鬥 後宮 沒後宮也沒關係但要有女主 如果主角拿的是劍我會更開心
不接受有沒男主的 例如蜘蛛又怎樣 能力值平均 怕痛的我
不接受虐主的 除了re 0 是因為動畫入坑的 除非前面虐後面很爽的這樣可以例如平職
需要裝逼讓我看的會高潮的 所以無職轉生我看不下去因為太真實太哭逼了",b76b18e6-2ad3-5f21-8459-20c66452965f,新手教程開始前，為了讓BOSS角色們不被消滅我能做的幾件事,高橋炬燵,8.4,連載,"轉生, 奇幻, 戰鬥, 後宮, 歡樂向, 電擊文庫, 日本輕小說",「攻略」這個世界的BOSS，「攻略」一切的不講理吧！睜開眼時，男人已轉生到了大型RPG遊戲『精靈大戰地下城魔法』的世界中。然而，他不是主角，甚至連路人都不是。能力平庸，性能差勁，口頭禪是「嘿哈——」。他轉生成了命中注定要死在新手教程中的臭雜魚底層BOSS！不用說，他知道Dead End正在不久的將來等著自己。可更糟糕的是，最愛的姊姊也命中注定會死於疾病，知道了這事的男人會——「姊姊，我決定了。——我要將這個世界上不講理的約定俗成，一個不留地全部碾碎！」因此，男人決定利用前世的龐大遊戲知識，反抗正史（劇情）。然後，最強的隱藏BOSS，遊戲中最創傷路線的BOSS……他逐一將這個世界的BOSS們「攻略」，接著——！『第七屆Kakuyomu Web小說大賽』異世界奇幻部門《大賞》獲獎作！由BOSS角色們編織的「IF」故事，現在開幕！,3,該書完全符合用戶的核心需求：異世界轉生、男主視角、包含戰鬥與後宮元素。劇情設定為利用前世遊戲知識反抗命運、攻略BOSS，這類設定通常伴隨大量「裝逼」與「強勢成長」的爽感，且標記為「歡樂向」，避開了用戶不喜歡的虐主或過於沉重的氛圍。雖然未明確提到主角使用劍，但整體屬性與用戶追求的「套路爽文」高度契合。
q15,"喜歡的類型 是異世界 轉生 重生 穿越 校園異能 幻想世界 劍與魔法 主角最強 多後宮 戰鬥要夠中二 都行
夠套路
要男主 一定要有戰鬥 後宮 沒後宮也沒關係但要有女主 如果主角拿的是劍我會更開心
不接受有沒男主的 例如蜘蛛又怎樣 能力值平均 怕痛的我
不接受虐主的 除了re 0 是因為動畫入坑的 除非前面虐後面很爽的這樣可以例如平職
需要裝逼讓我看的會高潮的 所以無職轉生我看不下去因為太真實太哭逼了",961d1260-866f-581e-849f-97d8a2080066,奴隸們對我充滿期待與好評，害我無法壓榨她們,急川回レ,21.2,連載,"穿越, 奇幻, 經營, 後宮, 歡樂向, 電擊文庫, 日本輕小說",轉生到異世界的少年亞倫，獲得女神賜予的作弊能力【再生】。儘管他能治療任何傷口與疾病，卻沒什麼表現機會，因此他對奴隸少女們使用能力，打算過上悠哉的後宮生活。然而痊癒後的奴隸們太作弊，一轉眼就種出農作物與改善居住環境。接連失去表現機會的主角亞倫決定以現代知識與她們抗衡，奴隸們卻吸收知識，在商業上大獲成功。主角的存在感變得越來越薄弱了……？「亞倫什麼時候才會認可我們呢？」「我只是想跟美少女們嘿嘿嘿而已啊！」美少女奴隸們誤以為亞倫是優秀主人，不斷開拓領地！最後甚至把他拱上魔王寶座……？前所未有，從誤會開始的全自動開拓領地奇幻故事正式揭幕！,2,該書符合異世界、男主、後宮、奇幻等基本設定，且劇情歡樂不虐主，滿足用戶的基本篩選條件。然而，用戶強烈要求「中二戰鬥」與「強烈裝逼感」，而本作的核心在於「經營」與「誤會向喜劇」，主角的強大更多體現於被誤會而非主動地進行高能戰鬥或展現劍術，與用戶追求的快感類型略有偏差，因此給予 2 分。
q17,"求推薦世界觀建構完整
主角很清楚當下該做甚麼
是不太希望主角輕鬆拿到一堆外掛這種的
然後也蠻喜歡主角大意、失誤或忘記重要信息導致危機感這種狀況發生
非戰鬥類主角也可以，感覺這類主角穿越的比較多?
但是如果是一個高中生通十八般武藝心理素質又特好的就不要",4a16eb13-b61d-5b0e-bee2-d7b369732d3b,F級的暴君,御影瑛路,21.1,連載,"校園, 異能, 戰鬥, 鬥智, 後宮, 電擊文庫, 日本輕小說",如夜空中閃耀星斗的私立七星學園，在校生的成績極為優異，所有社團表現稱霸全國。然而實際上卻是採用嚴格的階級制度，以及連學生外貌都等級化的體制來管理學生，別名「弱肉強食學園」。在那裡由絕對強者──領導【都會獅】派系的【傲慢】神樂坂惠理香所統治。F級的教室里有一位抱持打倒惠理香，站上「頂點」以「暴君」之姿統治學園的危險野心家──「墮落天才」藤白神流……。智力與智力的相互對決，以下反上的故事就此展開！,1,使用者明確表示不希望主角是「心理素質特好且全能的高中生」，且希望世界觀建構完整。推薦書籍設定在校園階級制度中，世界觀較為狹小（僅限於學校）；主角雖為F級但被設定為「天才」，這類鬥智作品的主角通常具備極強的心理素質且較少出現真正的失誤，與使用者想避開的「完美高中生」特質過於接近，且缺乏使用者期待的宏大世界觀與危機感。
q17,"求推薦世界觀建構完整
主角很清楚當下該做甚麼
是不太希望主角輕鬆拿到一堆外掛這種的
然後也蠻喜歡主角大意、失誤或忘記重要信息導致危機感這種狀況發生
非戰鬥類主角也可以，感覺這類主角穿越的比較多?
但是如果是一個高中生通十八般武藝心理素質又特好的就不要",458ca0b5-d8a5-5371-bbe4-0b8dd57c444b,因為被捲入賭命遊戲，所以順勢把討厭的人殺了,中田かなた,22.2,完結,"鬥智, 懸疑, 遊戲, 大逃殺, 黑暗, HJ文庫, 日本輕小說",新井和馬清醒後，發現自己到了一個陌生的空間。憑空現身的『無名』表示，他必需和所有師生進行一場爭奪生存機會的遊戲。和馬衷心享受這種九死一生的危機，他要殺光每一個看不順眼的傢伙。他和超高校級的女演員‧鐵山徹子聯手，以毒辣的頭腦為武器，共同挑戰賭命的遊戲──。,2,該書主打「鬥智」與「大逃殺」，符合使用者希望主角依靠能力（頭腦）而非輕鬆獲得外掛的需求。主角雖然是學生，但其人設為享受危機且心機深沉，而非使用者排斥的「心理素質極好且全能的完美高中生」。雖然簡介未明確提及主角會因失誤導致危機，但其高風險的遊戲設定能提供使用者追求的緊張感。
q18,"我最近剛看了龍王的工作的小說
雖然不懂將棋，但覺得對局的刻劃很棒
能看到將棋解說
也會側面描寫一些職業棋士、女流棋士的差別和情況

最喜歡的部分是銀子挑戰獎勵會那邊
書裡描寫的女性棋士會被小看的部分
那種低人一等、逆境求生的感覺做得很真實(?不會形容，總之很有代入感
銀子加油，不要輸給將棋星人!

希望各位能分享一些好看的將棋小說!!",1100a74b-7de5-52fa-9187-f0b98661b596,Rapunzel之翼,土橋真二郎,11.6,完結,"科幻, 冒險, 戰鬥, 遊戲, 大逃殺, 電擊文庫, 日本輕小說",（如果有人撿到了這個手提箱，請絕對不要打開。裡面裝有對人類非常危險的武器。只要不打開就沒有危害）相澤邃一在混亂的事故現場被交付了一個被壓扁了的手提箱。裝在裡面的是，宛如正躬身抱膝的精緻人偶一般的……一絲不掛的少女。她究竟是危險的武器、還是某種道具、又或者是……鋼一手邊有著七枚棋子和地圖以及兔子布偶。帶著謎之少女、展開了漫無目的的生存「禁斷」遊戲！,0,用戶明確要求的是關於「將棋」的體育/專業對局小說，並重視對將棋文化與職業棋士處境的刻劃。推薦書籍雖在簡介中提到「棋子」，但其核心內容是科幻生存遊戲與大逃殺，與將棋小說完全無關，僅有極其表層的關鍵字重疊。
q18,"我最近剛看了龍王的工作的小說
雖然不懂將棋，但覺得對局的刻劃很棒
能看到將棋解說
也會側面描寫一些職業棋士、女流棋士的差別和情況

最喜歡的部分是銀子挑戰獎勵會那邊
書裡描寫的女性棋士會被小看的部分
那種低人一等、逆境求生的感覺做得很真實(?不會形容，總之很有代入感
銀子加油，不要輸給將棋星人!

希望各位能分享一些好看的將棋小說!!",d64364a4-7621-53d9-a099-839a4fb14f11,閃偶大叔與幼女前輩,岩澤藍,30.7,完結,"校園, 歡樂向, 後宮, 青梅竹馬, 電擊文庫, 日本輕小說",黑崎翔吾是一名把自己的熱情投注在女童向偶像街機遊戲《閃亮偶像》的高中生。就算被帶著小孩的父母「另眼看待」，他還是努力在自己居住的地區搶下遊戲排行冠軍寶座，卻要被突然出現的小學生新島千鶴奪走。「居然在我的地盤撒野！」「你有什麼意見嗎？」在這鄉下地區，只有在超市附設遊戲場里設置了一台《閃亮偶像》機台，翔吾與千鶴為了爭奪遊戲權而彼此對立。而他們碰上了有史以來最大的考驗。在這次的遊戲活動中，「朋友」是掌握關鍵的要素……！？,0,用戶明確要求推薦「將棋小說」，且對職業棋士的競爭與逆境求生感有強烈偏好。而推薦的書籍是關於「偶像街機遊戲」的校園喜劇，與將棋完全無關。
q19,"如題 最近看的書越來越多 總覺得自己也越來越挑了 希望有人能推薦一些好書
以下條件：
1. 女主是（外表）蘿莉（可愛的少御也是可以啦）
2.有戀愛的元素（後宮可以 但拜託不要無腦倒貼）
3.希望是異世界（不一定要穿越）
4.有傲嬌或無口或吃貨之類的屬性更好
拜託各位了",dba6332b-eac8-505f-a67b-58428ebef600,轉生成為只有死亡結局的邪惡貴族,馬路まんじ,7.2,完結,"轉生, 異世界, 後宮, 歡樂向, 少女文庫, 日本輕小說",一開始的時候，我只是想迴避被亞人殺害的命運……等到我回過神來——我已經將『反叛的戰乙女』的女主角收為女僕，構建了後宮！復仇系主人公——妖精公主夏洛特、犬耳獸人騎士愛麗希婭以及蘿莉吸血鬼汐葉菈從早上開始就會一起為我口，侍奉我！「早上好~！主人！我們舔得舒服嗎？」「哼，要不是主人，我可不會舔人類的JJ！嘶溜嘶溜」「啊啊~、主人的OO漲起來了~♪ 是不是要射出來了？」這是出於自保與偽善順勢而成的後宮情節。但現在，她們是我最重要的戀人！我會拼盡全力守護這份未來！,2,該書符合異世界、後宮以及蘿莉屬性（如蘿莉吸血鬼），且對話中展現了傲嬌屬性。然而，其內容顯然偏向成人色情（Smut），且女性角色對主角的服侍態度極其卑微，極大機率屬於用戶明確要求避開的「無腦倒貼」，因此雖然屬性契合，但品質與傾向可能不符用戶需求。
q20,本人喜歡偏重人物心理描寫、人物互動和角色變化的作品，較偏執在人物塑造和刻劃上。劇情不要求設計得有多精妙，不影響觀感就好，就算是平鋪直述的也行。節奏快慢無妨，掌握恰當即可。本人對於自己的閱讀能力還算有信心，文字量稍微過多也沒差。大忌是拿膚淺粗俗爛造的刻板僵化人物作為行銷點。,0cb47e2a-608c-5e87-99a9-b23dbe4e3673,To Heart 2,LEAF,188.7,完結,"校園, 青春, 戀愛, 後宮, 青梅竹馬, 遊戲劇本, 日本輕小說",(遊戲線程劇情純愛版)《TOHEART2》的世界是現實的，平和的。沒有很多所謂的宿命，也沒有太多的生死離別，更沒有非常起伏的情節。在這個世界所追求的是一種大家都能得到幸福的境界，所以結局自然而然的都可以說是GOODEND。但是常識告訴我們如果故事沒有「衝突」就無法進行，單純的文藝片不會被列為經典。所以這裡的衝突更多的體現在角色們的心理，一個個心理的變化，一個個心靈的爭執。或者可以說成是男女主角們心理的一個成熟的過程，如小牧的恐懼症到化解，會長的自閉到接受外界，由真的角色轉換到回歸本來等等都是在傳輸一個概念，那就是——人心的改變。,3,使用者明確要求著重於人物心理描寫、角色變化與互動，且對劇情複雜度要求不高。推薦書籍的介紹中特別強調衝突體現在角色的心理變化、心靈爭執以及心靈成長的過程，且劇情平和、無劇烈起伏，與使用者的核心需求高度契合。
q20,本人喜歡偏重人物心理描寫、人物互動和角色變化的作品，較偏執在人物塑造和刻劃上。劇情不要求設計得有多精妙，不影響觀感就好，就算是平鋪直述的也行。節奏快慢無妨，掌握恰當即可。本人對於自己的閱讀能力還算有信心，文字量稍微過多也沒差。大忌是拿膚淺粗俗爛造的刻板僵化人物作為行銷點。,1c7011ea-7d6b-5748-8826-3ef414a5c7c8,過往憧憬的人物設定已無人使用,詠井晴佳,11.7,完結,"科幻, 青春, 戀愛, 小學館, 日本輕小說",「響來」出現在十九歲的成央面前，那是他在十五歲時為了名澄俐乃所創作的虛擬角色。在響來的要求下，成央與俐乃終於得以重逢。成為藝人的十九歲俐乃如今雖然已經發光發熱，卻仍然孤獨地持續追尋棲身之地。看到她那副模樣，成央回想起自己留置在十五歲的感情。在保健室見到的「第一次」。只屬於兩人的甜蜜時光。以及，那個無法實現的約定。歷歷在目的往日憧憬與各種矛盾掙扎尖銳地刺進成央的內心。在現實與理想的對立之中，兩人終於明白響來之所以現身的意義——這是一部由徘徊迷茫的角色性格，以及人們心中的矛盾掙扎所交織而成的青春奇幻劇。,3,使用者強烈要求著重於人物心理描寫、角色刻劃與心路歷程的作品。推薦書籍的簡介中明確提到「徘徊迷茫的角色性格」、「心中的矛盾掙扎」以及「現實與理想的對立」，顯示該作的核心在於探討人物內心的複雜情感與心理衝突，而非單純追求精巧的劇情。這與使用者的核心需求高度契合。
q20,本人喜歡偏重人物心理描寫、人物互動和角色變化的作品，較偏執在人物塑造和刻劃上。劇情不要求設計得有多精妙，不影響觀感就好，就算是平鋪直述的也行。節奏快慢無妨，掌握恰當即可。本人對於自己的閱讀能力還算有信心，文字量稍微過多也沒差。大忌是拿膚淺粗俗爛造的刻板僵化人物作為行銷點。,1dc7b820-295d-50be-bdc6-216794a066b0,未完的故事,陽邊華,7.2,連載,"輕文學, 奇幻, 腦洞, 原生幻想, 華文輕小說",由各種想像構成的故事，故事就像人一樣多姿多彩，也像人一樣永遠不會迎來完結……,1,使用者明確要求對人物心理描寫、互動與塑造有深度刻劃的作品。而推薦書籍的簡介過於簡略且偏向意象化，僅提到故事如人般多姿多彩，完全沒有提及任何關於人物塑造、心理分析或角色成長的具體資訊，無法判斷是否符合使用者對高品質人設的要求。
q17,"求推薦世界觀建構完整
主角很清楚當下該做甚麼
是不太希望主角輕鬆拿到一堆外掛這種的
然後也蠻喜歡主角大意、失誤或忘記重要信息導致危機感這種狀況發生
非戰鬥類主角也可以，感覺這類主角穿越的比較多?
但是如果是一個高中生通十八般武藝心理素質又特好的就不要",bc4146b9-a3a9-50be-b7ca-058be95af10b,我的生存意義,赤月驅矢,64.1,連載,"懸疑, 黑暗, 獵奇, 末日, 後宮, 小學館, 日本輕小說",一但選擇了某人，沒被選上的人就必須犧牲。某日放學後，高中生斗和同時被兩名要好的同學告白。究竟該選擇誰才好，他的心裡早有答案，然而，平穩的日常卻在一夕之間崩壞。「看不見的牆」突然出現，學校被迫與外界隔離，學生們全困在「食人怪物」徘徊的校園內。「不願失去任何珍視之人」斗和為此拚命奮戰，但——緊湊懸疑、撼動靈魂的恐怖戰爭正式揭幕！！,1,用戶尋找世界觀完整、主角果斷但有缺陷（會失誤、大意）且無外掛的作品，並明確排斥完美的武術高中生。推薦書為校園生存懸疑類，雖然主角是高中生但描述為「拚命奮戰」，較不像完美戰神，且生存類設定通常較少輕易獲得外掛，符合部分基本方向。然而，簡介未能體現出世界觀的建構深度，也未明確提及主角具備「果斷但會失誤」的特定性格特徵，整體匹配度較為表面。
q20,本人喜歡偏重人物心理描寫、人物互動和角色變化的作品，較偏執在人物塑造和刻劃上。劇情不要求設計得有多精妙，不影響觀感就好，就算是平鋪直述的也行。節奏快慢無妨，掌握恰當即可。本人對於自己的閱讀能力還算有信心，文字量稍微過多也沒差。大忌是拿膚淺粗俗爛造的刻板僵化人物作為行銷點。,ffde8f2c-79b0-5e7a-9241-1eb4b856d7b8,便利店兄弟,町田苑香,20.5,連載,"職場, 治癒, 輕文學, 角川文庫, 日本輕小說",放棄摔角的男大生打工族、總是第一個光顧的壞脾氣老人、生活一成不變的補習班老師、周二來店享受秘密時光的中學少女、對超商有成見的彆扭退休老頭……人際關係的困境、夢想與現實的抉擇、人生下半場的迷惘，各式各樣的煩惱，在推門的音樂聲響起時，即將悄悄地發生變化──也許是一段意外的際遇，也許是能夠再次出發的契機，也許是一個嶄新的自己。今天，又有什麼樣的客人上門呢？,3,該書標記為「輕文學」與「治癒系」，簡介明確提到關注不同角色的心理困境、人際關係以及自我改變（如「嶄新的自己」），高度契合使用者對人物心理描寫、互動及角色變化的核心需求。其便利店日常的設定通常傾向於平實敘事，符合使用者對劇情不要求精妙、接受平鋪直述的偏好。
q23,"最近不知道要看什麼，想請大家推薦一些好看的作品

裝逼開掛類的
黑暗懸疑的
或是一些風格冷門的都還算喜歡
只有一個大前提，不要後宮，不要賣肉（好像變2個大前提了？
不喜歡那種明明男主沒幹什麼但每個女角都喜歡他，非得要的話2個是極限，而且劇情希望能別注重在他們愛來愛去互刷好感度卻又不決定人選的地方，如果是冒險類作品增加同伴的時候，可以的話別清一色都女的偶而也增加點男性同伴也好（都女的最後8成都變後宮
再來不要硬賣一些福利，例如某漫畫的黎斗摔，或者是洗澡時剛好開門，或者是組個樂團為了討老師歡心換了泳裝演奏……這種的不太能接受

喜歡偏向下剋上（不管是強者因未知原因被分到弱組還是靠努力爬上來把上位者打趴的都喜歡）
描寫內心戲多的（黑掉壞掉，或是溫馨感動的都喜歡）
不好意思這麼麻煩…因為總感覺現在大眾向的作品，開掛後宮福利都會有，希望能找到一些後宮福利少點的",84827afc-b5d8-5816-8446-4b5dd47f7953,獨眼少女,麻耶雄嵩,21.5,完結,"懸疑, 冒險, 黑暗, 戀愛, 其他文庫, 日本輕小說",身著古裝，手持摺扇；翡翠左眼，身姿凜然；究極之謎，究極的美少女；究極的傲嬌偵探——御陵美影，登場！十秒、二十秒……時間靜靜地流逝。少女依然紋風不動，只有從河面吹來的微風，拂動著她的黑髮和櫻花色的水干。——不久，少女再次睜開右眼，用充滿自信的聲音說：「我的左眼，能看透一切真相。」喪失了一切生存意義，自我放逐的大學生種田靜馬，來到了位在信州深山的棲苅村。傳說中，這裡曾是半神半人的女英雄「須輕」，以蓬萊之琴擊敗巨龍的場所；然而，放浪的靜馬對這故事一無所知，只是每天坐在龍首化成的巨岩上，順著龍吹起的落山風，漫無目的地仰望著蔚藍而狹窄的天空。直到，那名不可思議的少女出現……,3,作品標籤包含「懸疑」與「黑暗」，完全符合使用者提出的核心偏好之一。簡介中提到主角「喪失生存意義」且處於「自我放逐」狀態，暗示有較深的心路歷程與內心戲描寫，符合使用者需求。此外，從描述看屬於單一女主角的設定，並無後宮或賣肉傾向，避開了使用者的絕對禁忌。雖然沒有明顯的「開掛」或「下剋上」元素，但因使用者提供的是多項偏好選項（或），此作在氛圍與類型上是非常精準的匹配。
q24,"要求有點難找
希望推薦""戰爭+戀愛""要素的輕小說,不是戰""鬥""是戰""爭""
要完結了的,GOOD ENDING最好",a51880c5-a607-5a06-a203-6dfdf58bbb69,煉獄神盾,貴子潤一郎,47.7,完結,"奇幻, 異能, 戰爭, 戀愛, 富士見文庫, 日本輕小說",人類與魔族自古以來就持續上演著一場永無止境的正邪之爭，而只會降生於人類世界的ＬＡＤＹ．ＫＥＹ則是決定這場大戰的勝負關鍵。時至今日，一名手持退魔妖劍，身為虔誠基督教徒的少年，奉教皇敕命與魔族成員一同執行保護ＬＡＤＹ．ＫＥＹ的任務。只是他怎麼也沒料到，在短短三天當中，這項任務竟徹底改變了他的人生……,3,推薦書籍的標籤明確包含「戰爭」與「戀愛」，且劇情設定為人類與魔族之間決定勝負的大規模正邪之爭，符合使用者要求的「戰爭」而非單純「戰鬥」的核心意圖。
q24,"要求有點難找
希望推薦""戰爭+戀愛""要素的輕小說,不是戰""鬥""是戰""爭""
要完結了的,GOOD ENDING最好",6eecc711-f5ba-590c-a8b8-2fb85eedb6cb,AS～天使小夜曲,日本工畫堂工作室,45.9,完結,"奇幻, 冒險, 青春, 戀愛, 遊戲劇本, 日本輕小說",(遊戲劇情線程純愛版)啾、啾啾、啾啾啾。樹上的鳥兒清脆地唱著歌。蔭郁的森林灑滿了朝露。森林的林蔭中，陽光稀稀疏疏地灑落。今天應該也是炎熱的一天。舉目望向那遠方。──好像已經走了很遠很遠的路了。旅行。我正在旅行。不論去哪裡……漫長的旅行。走過幽暗蔭郁的森林，看過一望無際的海洋……踏遍風之國度、水之國度、火之國度、與土之國度，一個人的旅行。我很喜歡旅行。背著樂器，走過一個又一個的城市，像是渡鳥一樣的旅行。轉自輕之國度,0,使用者明確要求『戰爭+戀愛』且強調要的是大規模的『戰爭』而非單純的戰鬥。而推薦的書籍《AS～天使小夜曲》標籤與簡介均顯示其為奇幻、冒險與純愛故事，內容傾向於旅行與溫馨氛圍，完全沒有戰爭要素。
q24,"要求有點難找
希望推薦""戰爭+戀愛""要素的輕小說,不是戰""鬥""是戰""爭""
要完結了的,GOOD ENDING最好",6e794b6c-3c6d-5af0-84e4-f7dc64f9c826,精靈奴隸救國戰爭 王子想守護公主騎士,內田弘樹,9.5,完結,"奇幻, 歡樂向, 其他文庫, 日本輕小說",「必須做這種事才有辦法拆下詛咒項圈……所以，儘管釋放在姊姊的體內吧！」自從『帝國』將領土擴張至與『王國』的國境相鄰之後，沒多久便爆發外交危機，『帝國』最終竟以近乎偷襲的方式開戰，侵略『王國』。精靈公主騎士伊莉絲也是這場戰亂下的受害者，她被戴上了封印魔力的詛咒項圈，等著送給帝王，身命岌岌可危。「有一個方法能拆下『詛咒裝束』──就是請兩位結為一體。」為了自己的家族，與自己的身體、性命，伊莉絲必須與視為弟弟的泰德王子進行深度連結。從嘴巴、胸部、大腿，私密處到菊花──精靈公主騎士和王子從此歷經多次魚水之歡，兩人的羈絆真能拯救國家嗎？,3,該書包含帝國侵略王國的戰爭背景（符合使用者要求的非單純「戰鬥」而是「戰爭」的規模），且核心劇情圍繞在王子與公主的戀愛（及情色）關係，完全契合「戰爭+戀愛」的要素要求。
q24,"要求有點難找
希望推薦""戰爭+戀愛""要素的輕小說,不是戰""鬥""是戰""爭""
要完結了的,GOOD ENDING最好",5b3d5b15-c8fd-5799-8dc0-1508e95515ab,精靈奴隸解放戰爭 公主騎士與詛咒項圈,內田弘樹,10.1,完結,"奇幻, 歡樂向, 其他文庫, 日本輕小說",「至少第一次請直接♡進我體內……因為如果我們打輸這場戰爭……」自從『帝國』將領土擴張至與『王國』的國境相鄰之後，沒多久便爆發外交危機，『帝國』最終竟以近乎偷襲的方式開戰，侵略『王國』。精靈公主騎士艾莎，她的頸部、手腕、大腿、腳踝以及左右耳朵上都有配戴「詛咒裝束」。遭皇帝封住力量，被下放至競技場成為劍奴，甚至打算讓她淪為可悲的側室。「希望你……可以陪我做羞羞的事，來解除詛咒。」戰勝帝國軍的唯一方法，就是必須透過多種性交方式，設法解開艾莎身上的「詛咒裝束」。征服貞操、全力服侍、菊花，與受孕──精靈公主騎士和將軍為了解除詛咒，一場面臨各種快感的決戰就此開打！,1,雖然該書標題包含「戰爭」且背景設定為帝國侵略，但其核心內容是著重於色情要素（R18）的歡樂向作品，所謂的「戰爭」僅是作為解除詛咒（性行為）的背景設定，而非用戶所追求的宏觀戰爭敘事或具備戰爭氛圍的戀愛故事，僅具有表面上的關鍵字關聯。
q24,"要求有點難找
希望推薦""戰爭+戀愛""要素的輕小說,不是戰""鬥""是戰""爭""
要完結了的,GOOD ENDING最好",02168887-56c1-5d84-97e7-45c598799b28,Fate Apocrypha,東出佑一郎,84.2,完結,"奇幻, 魔法, 戰爭, 大逃殺, 戀愛, 其他文庫, 日本輕小說",曾經，在名為冬木的城市，七組魔術師與英靈展開了聖杯戰爭。但是，趁著第二次世界大戰的混亂，某一個魔術師將聖杯強行奪走了。又經過了數十年，象徵聖杯的尤格多米雷尼亞一族脫離了魔術協會，宣言自己組織的獨立。儘管憤怒的魔術協會派出了刺客，但卻被對方召喚出的SERVANT全部解決掉了。能夠對抗SERVANT的只有SERVANT。聖杯戰爭的系統被變更，七對七的空前絕後大規模戰爭——聖杯大戰爆發。另一方面，作為聖杯大戰審判的第十五位SERVANT——貞德·達爾克被召喚了出來。儘管她對於自己被召喚出來的事情抱有一些疑問，但還是奔赴了作為舞台的城市——圖利法斯。與《FATESTAYNIGHT》《FATEZERO》都有所不同的嶄新世界。外典：聖杯戰爭，正式開幕!,2,該作品雖然標題為「聖杯大戰」且包含戀愛要素，並具有陣營對抗的規模，但其核心性質仍偏向個體間的魔術戰鬥（Combat），而非使用者強調的軍事或大規模戰爭（War）。雖然部分符合，但可能未完全命中使用者對「戰爭」定義的特定需求。
q1,"現在對於小說的要求越來越高了，
而且慢慢的發現現在除了狗糧基本上都看不進去，
連以很喜歡的異世界主題都看不進去了，
好想念從前那個什麼都可以看得很快樂的自己

說回主題，希望可以找到沒看過的狗糧系小說，
可以接受小刀，但一定要無黃毛無牛頭人，
但背景自帶沈重的例如「戀愛光譜」「刮鬍」這一類的也不喜歡，
黨爭就...看情況吧但其實我也一般般",59b3fb4e-56d4-5b20-be36-3826cb61afdc,對孤僻又冷淡的女孩子說教以後，她變得超黏我的,向原三吉,16.2,連載,"校園, 青春, 戀愛, 歡樂向, 角川文庫, 日本輕小說",第五回カクヨム網路小說大獎戀愛喜劇部門特別獎得獎作品！平凡無奇的日常因為這個問題兒童的關係變得稍微有趣起來了－－模範生與問題兒童共同編織而成的戀愛喜劇！大楠直哉身為深受老師信賴的班級幹部，被賦予了一項難題──就是勸說獨來獨往的問題兒童・江南梨沙出席未來出路面談。當大楠出於義務向江南搭話後，對方卻態度決絕，令大楠將她的身影與過去的自己重疊，不由自主地向她嚴詞訓話。然而，不知為何，江南從那之後開始埋伏大楠，表示「一起回家吧」，對他糾纏不清。「因為我對你有興趣，想多認識你。」大楠與江南忽視其他人對社交絕緣體美少女・江南敞開心門大感震驚這件事，開始一段笨拙青澀的交流――模範生與問題兒童，個性南轅北轍的兩人共譜出一曲難訴衷情的揪心愛情故事。,3,用戶要求尋找純粹的「狗糧」系（甜寵）小說，明確排斥 NTR 以及沉重背景的設定。推薦的小說是一部校園戀愛喜劇，標籤為「歡樂向」，情節描述模範生與孤僻少女之間笨拙但甜蜜的互動，完全符合用戶對甜寵、無 NTR 且氣氛輕鬆的要求。
q2,"不好意思,最近異世界需求大了,很想看異世界的故事不一定要轉生類但劍與魔法是必需的.. 已有蜘蛛子了,目前在找一些已經有結局的異世界小說 原本想看哥布林殺手的但是還沒完結啊.....超不想看到一半被中斷了 至少至少...像刀劍那種完了SAO篇再換ALO的方式我還可以接受 請問還有什麼戰鬥類已完結的異世界小說可以推介呢?",135529b0-725c-5e4a-852a-d0b9426949ac,零之使魔,山口升,217.4,完結,"轉生, 魔法, 戰鬥, 冒險, 後宮, 大小姐, MF文庫J, 日本輕小說",一張開眼，我居然變成寵物(←不對，是使魔)！？「你是誰啊？」──才人一清醒便看見眼前有位可愛的女孩子正窺視著自己。張望四周後，發現是個陌生的地方，而且有許多穿得像是魔法師的人們，正圍在自己和女孩身旁。這位女孩──露易絲似乎是把才人當作使魔而「召喚」到異世界來了。面對滿臉狐疑的才人，露易絲說要訂下契約，便突然吻了才人。才剛生氣自己的初吻被奪走，才人的手背上就浮現了奇怪的文字，成為了露易絲的專屬使魔。毫無辦法的才人，只好和露易絲一起生活，然後一邊尋找回到原來世界的方法……,3,該書完全符合用戶的需求：是異世界故事、包含魔法與戰鬥元素，且該系列小說已經完結，滿足用戶不希望看到一半被中斷的核心要求。
q3,"可以幫忙推薦幾部跟這部風格類似的輕小說
這部吸引我的地方有幾個:
1.男女主角純愛堅定不移
2.各種甜蜜的打情罵俏劇情
3.異世界轉生戰鬥、魔法
4.中間雖然各種虐，但最後還是排除萬難再一起",6c4f2a2d-d168-5a84-bed7-82453774d339,我用物理開無雙後大受女生歡迎,kt60,19.4,連載,"轉生, 冒險, 後宮, 龍傲天, 人外, 其他文庫, 日本輕小說",天草樂斗在大樓屋頂上正考慮要自殺，沒想到卻轉生到異世界。他在鍊金術師身邊完成修行，正要一個人踏上旅程時，卻在森林中遭到強盜團團包圍。樂斗不費吹灰之力就打敗強盜，甚至還給予對方金錢，放他們一條生路。但是……強盜頭頭，巨乳犬耳少女夏露露卻搖著尾巴追了上來！抵達城鎮之後，公會最高負責人，貧乳狼耳的萊娜也喜歡上樂斗，兔耳美艷大姊蕾米娜亦強勢逼近……樂斗今天也同樣在異世界裡和獸耳美少女們和樂融融，同時還去迷宮探險了一番！自「成為小說吧」發跡，異世界甜甜膩膩冒險故事！,1,推薦書籍雖然符合「異世界轉生」與「甜膩」的設定，但其核心設定為「後宮」，與使用者強烈要求的「純愛堅定不移」完全相反。此外，該書屬於龍傲天爽文風格，缺乏使用者希望看到的「經歷虐心後排除萬難在一起」的情節，因此僅在背景設定上有部分重疊。
q3,"可以幫忙推薦幾部跟這部風格類似的輕小說
這部吸引我的地方有幾個:
1.男女主角純愛堅定不移
2.各種甜蜜的打情罵俏劇情
3.異世界轉生戰鬥、魔法
4.中間雖然各種虐，但最後還是排除萬難再一起",0d95d626-bc6e-511b-8e73-ec60f5eb8f44,聖劍使的禁咒詠唱,淡群赤光,232.5,完結,"校園, 魔法, 戰鬥, 後宮, 妹妹, GA文庫, 日本輕小說",「我有預感會遇見哥哥大人！」「我的唇……你不記得了吧。」前世為公主劍士，與兄長立下愛的誓約，擁有自己是其親妹妹記憶的少女早月；以及身為冥府魔女，在另一個前世常伴君側、與之並肩作戰的少女靜乃——跨越命運輪迴，同時與心愛的兩人邂逅的少年諸葉，夾在早月和靜乃之間左右為難！？而在能將前世記憶轉化為力量的轉生者學園中，史上首位兩股前世之力《劍聖×禁咒使》同時覺醒者諸葉，開始踏上無比奇特的命運旅程！為解救結下永世羈絆的兩名摯愛，與前世共鳴的學園劍斗＆魔法物語——寄宿在我的劍里吧，魔焰——如今，少年要在紛亂的現世，殺出一條血路！！,1,該作品雖然符合「異世界轉生、魔法、戰鬥」的設定要求，但其核心屬性為「後宮」，且劇情描述主角在兩名女性之間左右為難，與使用者最看重的「純愛堅定不移」完全相反，因此在最核心的情感需求上不匹配。
q4,"由於自己的胃口比較獨特的原因，喜歡男主被拋置於各種不利的情節或者感情中，也是因為這樣，喜歡看那些讓人看完后心緒難以平靜的小說，就我看過的來說，無職，re0，妹妹人生，異世界迷宮最深等，在某種程度上來說都有慘烈的一部分（感情上或者情節上都是），也沒有一定要轉生異世界，現實日常要是能描繪出這些來也很好了。
尤其那種男主能不斷被放置在痛苦或者恐懼之中，一邊流露出作者思考的文字的小說，再好不過。",06e49ac0-571b-584d-aca2-71bd61ed6922,黑牢城,米澤穗信,20.8,完結,"懸疑, 鬥智, 角川文庫, 日本輕小說",「官兵衛，這是只有你才能解決的詭異事件。」在近乎滴水不漏的閉鎖城池裡，意外的犯罪就這麼接連發生了……背叛織田信長的謀將·荒木村重被幽禁在地牢內的智將·黑田官兵衛在被戰事包圍、陷入四面楚歌困境的有岡城裡，另一場迎擊奇案的「推理」與「心理」攻防戰，就此展開。當謎團被解開的同時，歷史的變動與嶄新的世界面貌也即將在眾人的眼前揭曉。對神秘的事件採取抽絲剝繭般的拆解對彼此的內心進行試探與剖析對局勢的走向展開你來我往的較勁一個難以揣測其心思的謀反城主一個受困囹圄的戰國安樂椅偵探兩個人的推理，讓歷史的巨輪開始轉動了。,1,用戶的核心需求是尋找男主角處於極端痛苦、恐懼或情感慘烈的「虐心」作品（如 Re:0），追求的是情感上的衝擊與折磨。而推薦的《黑牢城》雖然設定在主角被囚禁、四面楚歌的不利環境中，但其核心類型是懸疑、鬥智與推理，重點在於邏輯攻防和解謎，而非情感上的摧殘或心理創傷，與用戶追求的「慘烈感」有明顯偏差。
q5,"如題，想找像是overlord、無職這種，有龐大世界，多個國家部落，文化特色分明，歷史背景完整，沉浸感和史詩感強的小說，請問各位有沒有推薦的？希望是劍與魔法的世界，有多不同種族、魔物的那種（其實我不太確定這類型叫什麼，異世界感覺不太對，但叫奇幻又好像太廣泛了？

有很多web小說我都有看過，像是轉生成魔劍、轉生龍蛋、哥布林，他們雖然世界都足夠龐大，但是都有個web小說的通病，就是讀起來會有割裂感，無法讓人帶入那個世界中
而轉生蜘蛛雖然沒有那種割裂感，但是世界觀卻不太夠了，就只簡單分成教皇、妖精、魔王而已，希望能看到更多人類國家間的關係，還有更多魔物亞人種族的故事設定",3a4e0e6e-999d-520c-82e6-a6e0d555fcae,王者英雄戰記,稻葉義明,27.3,完結,"轉生, 奇幻, 冒險, 戀愛, Fami通文庫, 日本輕小說",平凡的高中生天城颯也在某天突然被丟進異界，那是一個眾神君臨，存在著魔法、幻獸與怪異的神話世界！為了尋找回到原本世界的「星門」，颯也跟同是「外來者」的戰國時代流浪武士、帶著守護天使的紐約市警、暗藏秘密的十字軍騎士一起挑戰探索充滿「瘴氣」的廢都。颯也一心想要同家，然而遇上了自稱是他命中注定的戀人——女神拉蔻兒之後，他陷入了無法預料的狀況中——！正宗神話奇幻冒險劇揭開序幕！,1,使用者尋找的是具有深厚世界觀、複雜政治格局、文化特色分明且具史詩感的奇幻作品（如《Overlord》或《無職轉生》）。而推薦的《王者英雄戰記》從簡介來看，更傾向於典型的輕小說冒險劇，重點在於角色之間的互動與尋找回家的路，缺乏使用者強調的「龐大國家體系」、「歷史背景完整度」以及「深層的種族文化設定」，且其設定較為碎片化，無法滿足使用者對沉浸感與史詩感的追求。
q10,"像是果青友少這種的
年份的話最近三到五年為主
背景是校園戀愛喜劇為主
有複數女角讓男主多選一
啊不要開場就有女朋友鎖死的
那種我覺得其他女角只是浪費時間而已",eacc91aa-3254-5101-ba71-875fa48920e0,我曾經夢想擁有一個後宮，但我要的不是病嬌後宮！ 〜一群自稱被男朋友(？)NTR的女孩們一直纏著我，但她們卻完全把我當成自己的道具，這實在是讓我非常困擾？〜,あゆう,0.7,連載,"校園, 青春, 戀愛, 後宮, 病嬌, NTR, 復仇, 歡樂向, kakuyomu, Web輕小說",雖然只是個普通的男孩，但卻有點不普通的魅力。赤坂拓真是一個健全正常的高中生，他一直夢想擁有漫畫或動畫中那種不健全的後宮生活。但是，某一天，當他突然被一個班上的同學求助時，拓真的校園生活就被無法預料的騷動所包圍。那個同學求助的理由是【我的男朋友被女帝NTR了，所以希望你幫忙報仇】。即便不願意，但拓真還是勉強答應了幫忙。不過，事實上，那個女帝〘渡瀬彩音〙正是拓真暗戀的對象。而拓真則假裝在幫忙，實則是想證明彩音的清白。但是，越是想證明清白，受害女孩就越來越多。而且，不知為何，那些女孩們竟然都纏著拓真。深層次的【男朋友】的謎團也逐漸浮出水面。拓真的心意能傳達到嗎？還是……。,3,該書完全符合使用者的核心需求：設定在校園背景、屬於戀愛喜劇（歡樂向）、具有後宮/多女角供男主選擇的元素，且開場時男主為單身，並非處於鎖定女友的狀態。
q11,"最近人比較負面，
想看一些有共鳴的小說。
有沒有那種「我一個人爛就好了別搞其他人」的主角的輕小說？以前看大老師自暴自棄滿戳中我的。
宅宅現實找不到人取暖，希望能找輕小說取。",f9b27768-6d9c-567c-9432-2135a5b38752,這份心情總有一天會遺忘,住野夜,15.9,完結,"輕文學, 青春, 戀愛, 奇幻, 其他文庫, 日本輕小說",我們為什麼會相逢？高中生鈴木香彌對於平凡的日常感到厭倦。當他剛過完十六歲生日時，在深夜的公車站遇見只顯現指甲和眼睛的異世界少女「琪卡」。他們一次又一次地在深夜會面，發覺到彼此的世界存在著奇妙的同步現象，因此兩人便開始實驗──,1,使用者明確尋找具有「我一個人爛就好了」這種自我犧牲或自暴自棄特質的主角（類似《大老師》），而推薦的小說僅描述主角對日常感到厭倦並與異世界少女相遇，缺乏該特定的性格特質或核心心理共鳴，僅在「青春寂寞」的大方向上有淺層關聯。
q1,"現在對於小說的要求越來越高了，
而且慢慢的發現現在除了狗糧基本上都看不進去，
連以很喜歡的異世界主題都看不進去了，
好想念從前那個什麼都可以看得很快樂的自己

說回主題，希望可以找到沒看過的狗糧系小說，
可以接受小刀，但一定要無黃毛無牛頭人，
但背景自帶沈重的例如「戀愛光譜」「刮鬍」這一類的也不喜歡，
黨爭就...看情況吧但其實我也一般般",ec5b7465-622d-500e-ba2f-84ffbe9b80b8,冷淡孤高的轉校生在放學後，轉動備用鑰匙打開房門對我撒嬌,千羽十訊,7.6,連載,"校園, 青春, 戀愛, 歡樂向, GA文庫, 日本輕小說",終於到我們倆獨處了呢？這是一對不擅長人際交往的男女，在同一屋檐下發生的笨拙卻甜蜜的戀愛物語。香良洲空也覺得沒有必要和別人交流，對他人漠不關心。這樣討厭與人溝通的他，身旁來了一位轉校生。法緹瑪·克蕾雖然長得端莊秀麗，但是不愛說話對人很冷淡。雖然空也保持一如既往漠不關心的態度就好——可是沒想到會和她成為「一家人」。一起出門買東西，一起做飯。和其實是外婆養女的她開始了循序漸進的同居生活。但是不會再干涉彼此過多，因為彼此都知道他們有著不喜歡和人交流的共同點。可是喜歡的心意早已無法掩蓋——。這是一個同一屋檐下萌芽的戀愛物語。,3,用戶明確要求尋找「狗糧系」（甜寵）小說，且排斥 NTR（黃毛/牛頭人）以及沉重的背景設定。推薦的小說標記為「歡樂向」、「戀愛」，內容描述為笨拙且甜蜜的同居戀愛物語，完全符合用戶對純甜、無壓力、無背叛情節的要求。
q6,很喜歡看戰爭或戰記類型的小說，不要有魔法一發收拾或莫名其妙的神器，也別機械降神，主角可以強但不要把對手變白癡，暑假到了求書來啃，斷尾或沒完結也沒關係。,6ccf7ae0-e48e-51e7-b3bf-af7d02b0f3d9,少女同志，向敵人開槍吧,逢坂冬馬,21.0,完結,"戰爭, 黑暗, 青梅竹馬, 百合, 女性視角, 其他文庫, 日本輕小說",失去的生命再也回不來，沒有人能代替任何人活下去－－德蘇戰爭愈來愈白熱化的一九四二年，住在莫斯科近郊農村的少女謝拉菲瑪原本過著平靜的日子，有一天倏地戛然而止。母親葉卡捷琳娜和村民們慘死於突襲的德軍手中，險些也死於德軍槍下的謝拉菲瑪幸得蘇聯紅軍女性士兵伊麗娜救下。面對「妳要選擇戰鬥？還是選擇死亡？」的大哉問，謝拉菲瑪決定進入由伊麗娜擔任教官的訓練學校，成為一流的狙擊兵。為了向殺害母親的德國狙擊手和焚毀母親遺體的伊麗娜報仇……謝拉菲瑪日復一日與有著相同的遭遇、失去家人、選擇戰鬥的女性狙擊兵們一起訓練，直到被派往史達林格勒攻防戰的前線－－德蘇戰爭最關鍵的轉捩戰。經歷了許多人的死亡之後，謝拉菲瑪「真正的敵人」到底是誰？「倘若妳站在山丘上，請為我凝視遠方。」,3,使用者要求戰爭類小說且明確排斥魔法、神器或機械降神等超自然/作弊元素，傾向於寫實且對手有智商的設定。推薦書籍設定在第二次世界大戰的德蘇戰爭（史達林格勒攻防戰），屬於寫實的戰爭背景，且聚焦於狙擊手訓練與生存，完全符合使用者對「無魔法」、「非快餐式強大」以及「戰爭類型」的核心需求。
q8,"希望作品是
1.背景為現代
有槍砲炸藥之類的比較有代入感，對武俠/奇幻沒興趣，現代但有些微科幻/超能力要素沒關係
2.主角不是從0開始練等
漏漏長的成長過程會讓我想睡，大概是從看完鬥破蒼穹那公式化的遇強敵→隊友幫扛→遇到機運→變強反殺→前往下個城鎮→遇強敵，之後再也不想看這種了
3.主角非中二/死屁孩
不要太嚴重就好，隱殺主角偶爾也會屁孩一下但是是那種大人逗小鬼玩的感覺就不會反感",75e72a29-9f21-52ca-8dd7-952626e771b7,她宣告到：已至毀滅之時,久我悠真,11.0,完結,"懸疑, 犯罪, 異能, 電擊文庫, 日本輕小說",「你已至毀滅之時。」異能犯罪搜查〈零局〉，一個專門管制操控他人心靈的〈篡心者〉的機構。該機構里最年輕的領隊──有著狼耳兜帽這一特徵的世世結嘉，是個將毀滅罪犯視為生存意義的怪女孩。同為〈篡心者〉的她，擁有毀滅惡者的能力，和具備鑒識科學或法醫等專科技能的同伴們，一起狩獵著異能罪犯們。你問我是誰？我只是一個微不足道的人，是這傢伙的助手啦。擁有受神明眷顧的推理能力的世世結嘉，以及她的助手蒼井諒助。這是一部由這兩名異能搜查官進行挑戰的，犯罪心理懸疑小說。,3,作品背景為現代且包含異能要素，符合用戶對現代背景的需求；主角已是搜查領隊且擁有強大能力，避開了從零開始練級的成長公式；主角身份為專業搜查官，不符合用戶反感的死屁孩設定。整體高度契合用戶要求。
q11,"最近人比較負面，
想看一些有共鳴的小說。
有沒有那種「我一個人爛就好了別搞其他人」的主角的輕小說？以前看大老師自暴自棄滿戳中我的。
宅宅現實找不到人取暖，希望能找輕小說取。",befb8f4c-c95a-53e4-8dfd-ca084c540b8a,為渴望未得的你，獻上光之花束,汐見夏衛,11.9,完結,"校園, 青春, 戀愛, 輕文學, 角川文庫, 日本輕小說",唯有你，看到了真正的我——不論長相、個性、學業，一切都很平凡的高中生影子，認為自己只是「永遠的配角」。和她同班的真晝是萬眾矚目的偶像，課業和個性都完美無缺，是班上的風雲人物。光是存在就相當醒目的他，正是「永遠的主角」。影子本來對於與自己生活在不同世界的真晝感到自卑，刻意和他保持距離，卻因為一起擔任圖書委員，得知了他不為人知的一面——身為偶像的真晝擁有光鮮亮麗的容貌及形象，是因為他付出不懈的努力才得以維持。使真晝「特別」的從來不只是外表所見一切，影子對真晝逐漸改觀，但強烈的自卑同時也讓她變得更彆扭。厭倦平凡的自己，想逃離這樣的人生，如果能生為「他」不知道該有多好……自己是多麼地不懂得死心，一味強求。懷抱這樣想法的影子，在一次真晝吐露出「想變成普通人」的想法時與他發生爭執，認為彼此都是在「強求得不到的東西」而不歡而散。然而影子沒有想到，真晝真正渴望的，並不是他想要就能輕易獲得的「普通」……唐突的負面新聞報導使真晝形象大受打擊，網路上謠言四起，真晝從人人稱羨的偶像一夕成為網路攻擊的眾矢之的，激起影子想要守護真晝的心情。同時，他令人無從想像的陰暗過往也隨之浮上檯面……觸動心弦的結尾，令人淚流不止的青春純愛物語！,2,使用者尋找的是類似《我的青春戀愛錯覺》（大老師）那種具有自暴自棄傾向、透過自我否定來保護他人或維持距離的共鳴感。推薦的小說主角同樣具有強烈的自卑感，認為自己是「永遠的配角」且感到格格不入，能滿足使用者對「負面共鳴」的需求。雖然主角的設定更傾向於「自卑的平凡人」而非大老師那種「主動承擔惡名」的角色，但整體基調仍能提供尋求溫暖的讀者所需的情感支持。
q11,"最近人比較負面，
想看一些有共鳴的小說。
有沒有那種「我一個人爛就好了別搞其他人」的主角的輕小說？以前看大老師自暴自棄滿戳中我的。
宅宅現實找不到人取暖，希望能找輕小說取。",450b1b99-4dcb-5bca-afd0-ac991f0de98f,十八時,鳴籟琢磨,26.0,完結,"青春, 戀愛, 校園, 輕文學, 青春日常, 華文輕小說",在高二秋天經歷一系列事情之後，本以為不會改變的兩人的關係極速的變化。面對兩位截然不同的女生，處於選擇中的少年究竟能否摸清自己的心意。高考即將來臨，而她和他的關係到底會變成何種形式。這是中國高中生的校園故事，圍繞幾名角色展開的有關友情，有關戀情，有關將來，有關過去的青澀的物語。,1,使用者明確尋找像《果青》大老師那樣具有「自暴自棄」、「自我犧牲/孤立」特質且能產生負面共鳴的主角設定。而推薦的書籍《十八時》是一部典型的校園青春戀愛故事，側重於多角關係與青澀情感，缺乏使用者要求的特定角色原型與深層的情緒共鳴，僅在「輕小說」和「校園」這兩個標籤上有表面關聯。
q11,"最近人比較負面，
想看一些有共鳴的小說。
有沒有那種「我一個人爛就好了別搞其他人」的主角的輕小說？以前看大老師自暴自棄滿戳中我的。
宅宅現實找不到人取暖，希望能找輕小說取。",1bd764f2-ba40-5886-a2e4-81fbfc8780b2,毀滅前的香格里拉,凪良汐,13.0,完結,"科幻, 末日, 青春, 輕文學, 其他文庫, 日本輕小說",不知何時才會死亡的人生，突然註定在一個月後終結，我們是抱持著什麼心情活到現在，接下來，還能做些什麼呢？友樹是住在廣島的17歲高中生，在學校飽受霸凌，處在校園金字塔底層的他，每天假裝和平度日，其實對未來早已沒有任何期待。偶爾，他會想像有小行星從天而降，把一切歸零，把沒有希望的未來重置。本以為一切只是幻想。某一天，電視緊急插播「小行星撞擊地球」記者會，全人類收到通知，世界將在一個月後毀滅，人類即將滅亡。末日的消息公開後不到三天，全世界的倫理秩序就崩盤了，在日本，大眾運輸停滯，各地民眾紛紛暴動，超市與店家遭洗劫一空，殺人事件更是頻傳……此時，友樹暗戀的女孩雪繪決心要去東京聽最後一場演唱會，友樹偷偷陪伴前往，途中雪繪遭遇危險，友樹為了保護她挺身而出。在械鬥中，友樹漸漸無力反擊，突然間，一名陌生男人衝出來救了他。世界毀滅，倒數計時開始。總是盼望死亡的友樹，心情竟開始起了變化，如果能再活久一點點，好像也不錯……,2,主角友樹身處校園底層、受霸凌且對未來絕望，其設定與使用者提到的「負面」、「自暴自棄」以及大老師（比企谷八幡）的邊緣人屬性有很強的共鳴。雖然故事重心在於末日下的救贖，而非完全照搬大老師那種「主動承擔惡名」的邏輯，但其絕望感與對溫暖的渴望非常符合使用者目前的心境需求。
q11,"最近人比較負面，
想看一些有共鳴的小說。
有沒有那種「我一個人爛就好了別搞其他人」的主角的輕小說？以前看大老師自暴自棄滿戳中我的。
宅宅現實找不到人取暖，希望能找輕小說取。",b05f71f3-82d8-50ec-ae31-8313b7bfcd8d,余命一年的我，遇見了余命半年的妳,森田碧,11.0,完結,"奇幻, 校園, 懸疑, 青春, 戀愛, 輕文學, 其他文庫, 日本輕小說",——那段日子，是我最幸福的日子。既悲傷又夢幻，我們之間『期間限定的戀愛』開始了。高一冬天，早坂秋人罹患心臟病，被醫生告知已時日無多。絕望的秋人，在他就診的醫院裡遇上了住院中的春奈，她也因重病之故導致命不久矣。秋人隱瞞了自己的病情與春奈交談，對她述說不怕死時的神態產生興趣。自己是不是還可以去談一場戀愛呢？在如此自問的同時，他的日子也逐漸出現了變化——。這是一部集夢幻、凄美與溫情，令人不住落淚的究極純愛故事。,1,用戶明確要求尋找像《果青》大老師那樣具有「自我厭惡」且「傾向於獨自承擔負面角色以保護他人」的人設，追求的是一種社會心理層面的共鳴。而推薦的小說是一部關於絕症戀愛的催淚故事，雖然同樣包含悲傷和負面情緒，但其核心衝突在於生命時限而非性格特質或社交孤立，與用戶要求的特定主角人設並不匹配。
q11,"最近人比較負面，
想看一些有共鳴的小說。
有沒有那種「我一個人爛就好了別搞其他人」的主角的輕小說？以前看大老師自暴自棄滿戳中我的。
宅宅現實找不到人取暖，希望能找輕小說取。",61dfe1e2-c63f-5731-a0b4-eb0815a292b1,友情，親情，戀情所編織的青春,光子yexi,47.6,連載,"戀愛, 校園, 青春, 青春日常, 華文輕小說",【我一直覺得，自己是個自私的偽善者。】小時候，我在雪地中撿到了一個奄奄一息的女孩，一直沒有朋友的我因為渴望得到朋友而將她帶回家，和她成為了兄妹，並立下了無論身處何方，都一定會找到她的約定。然而我失約了，作為哥哥，我沒能保護好她，在那之後，我陷入了深深地自責中七年後，我升入了高中。就在我以為，高中生活也將和以往一樣，自己的青春終究只能在罪惡感和自責中度過的時候，意想不到的邂逅開始了……這是屬於一個自稱哥哥的少年——悠木星夜，以及他身邊的人們的友情，親情，戀情編織而成的青春故事。【致一直前進著的你】,3,使用者尋找能引起共鳴、且主角具有自我厭惡或傾向於自我孤立（類似《大老師》比企谷八幡）的輕小說。推薦書籍的主角同樣處於深刻的自責與罪惡感中，將自己定義為「自私的偽善者」，這種自我否定且不願在青春中尋求正常社交的心理狀態，與使用者的核心需求高度契合。
q11,"最近人比較負面，
想看一些有共鳴的小說。
有沒有那種「我一個人爛就好了別搞其他人」的主角的輕小說？以前看大老師自暴自棄滿戳中我的。
宅宅現實找不到人取暖，希望能找輕小說取。",7cea768c-0a1e-5c4f-bd4e-cfd0f34e70ba,在流放地,竹海,10.6,完結,"校園, 青春, 青春日常, 華文輕小說",這是一個關於校園青春的故事。這段青春沒有友情，沒有愛情，沒有親情。當少年進入了撫川一中這個以拔尖著稱的學校，掀開這個表面嘈雜熱鬧，被飾滿珠寶的幕布，看見的是深不見底的虛無。很多年以後，他把那段經歷稱作『在流放地』。,3,使用者尋找能引起負面共鳴、具有「孤僻/自暴自棄/與世界格格不入」特質的主角（如《大老師》的比企谷八幡）。推薦書籍《在流放地》的核心主題是校園中的虛無感、缺乏人際關係以及如同「流放」般的極度孤獨，在情感基調與孤立主角的設定上與使用者的需求高度契合，能提供所需的共鳴感。
q12,"想找一些日常系小說類型，希望劇情節奏安排和對話有趣些。
其它元素能接受百合、戀愛、生活、學校類型，有談話間交流劇情。",e46b116b-7754-5f54-a014-0894b38d1dbc,失戀同居 ～女同學拒絕了我的告白後，住進了我家？,常青藤,8.9,連載,"戀愛, 校園, 歡樂向, 青春, 治癒, 溫馨, JK, 青春日常, 華文輕小說",我——桐谷悠真，班裡的無名角，深知適時拋掉『麻煩』的重要性。她——花野結月，班裡的團寵，過著充實快樂的時光。某天我鼓起勇氣將情書塞給花野結月，被無情拋棄後徹底放下了這份感情。但她卻毫不講理地闖入我的生活——因為某些原因，花野結月住進了我家。我的心臟開始砰砰砰地狂跳，我不斷提醒自己：我已經被拒絕了。為什麼會這樣，我該如何是好！,3,該小說標記為「青春日常」、「校園」與「戀愛」，完全符合使用者對日常系及學校類型的需求。此外，「同居」的設定通常會包含大量角色間的對話與互動，契合使用者希望透過對話交流劇情且節奏有趣的偏好。
q11,"最近人比較負面，
想看一些有共鳴的小說。
有沒有那種「我一個人爛就好了別搞其他人」的主角的輕小說？以前看大老師自暴自棄滿戳中我的。
宅宅現實找不到人取暖，希望能找輕小說取。",dac2a897-0a9d-5f9f-9618-3341c7794f02,生若冬花的妳,こがらし輪音,9.7,完結,"輕文學, 校園, 青春, 女性視角, 角川文庫, 日本輕小說",★《天空之上的永恆約定》作者非寫不可的感人之作！★兩個生命觀與人生道路截然不同的人，卻因一場意外而靈魂互換……「明天死了也沒關係，這一生我不想留下任何遺憾。」從小罹患難治之症，在有限的生命里珍惜地過著每一天的赤月緣。「明天死了也沒關係，這一生我過得一點也不快樂。」背叛了摰友，每天置身在絕望深淵的國中少女戶張柊子。儘管走在截然不同的人生道路上，兩人的靈魂卻因為一場意外而互相調換。遇見想要尋死的少女後，緣感受到了某種命運的安排，進而發覺自己過去所畫的一幅畫作，竟是解開問題的關鍵……,1,使用者尋找的是像《果青》大老師那樣具有「社交孤立」、「自我犧牲式自暴自棄」特質的角色以獲得共鳴。推薦的書籍雖然包含絕望與求死等負面情緒，但其核心設定是「靈魂互換」與「生命教育」，屬於感人的輕文學，而非使用者要求的那種「一個人爛就好」的厭世/孤高型角色設定，共鳴點較為偏差。
q11,"最近人比較負面，
想看一些有共鳴的小說。
有沒有那種「我一個人爛就好了別搞其他人」的主角的輕小說？以前看大老師自暴自棄滿戳中我的。
宅宅現實找不到人取暖，希望能找輕小說取。",b1568d07-dfb3-569a-b5dd-d7f047dce719,尋愛少女成為共犯,淺浮此岸,5.1,完結,"校園, 戀愛, 青春, 青春日常, 華文輕小說",本該是如此充滿青春色彩的故事，卻被染上了渾濁的污漬。少女為了尋找愛情不惜摧毀自我，少年為了救贖自己而選擇幫助他人。病態的依賴，兩人互相消磨彼此來滿足空缺的靈魂。這是，只屬於我們——負罪者的故事，同時也只是扭曲者自我救贖的故事。「在這充滿了偽裝與欺騙的世界上，只要能和你一起，就算死我也在所不惜。」,1,使用者明確尋找的是類似《果青》比企谷八幡那種「自我犧牲、願意獨自承擔負面角色以保護他人」的孤獨感與角色設定。而推薦的小說描述的是一種「病態依賴」與「共同沉淪」的扭曲關係，其核心在於兩人互相消磨而非主角單方面承擔負面狀態，與使用者的核心需求（我一個人爛就好）在角色邏輯上有顯著差異。
q11,"最近人比較負面，
想看一些有共鳴的小說。
有沒有那種「我一個人爛就好了別搞其他人」的主角的輕小說？以前看大老師自暴自棄滿戳中我的。
宅宅現實找不到人取暖，希望能找輕小說取。",fe270e78-0cbf-57df-8ac4-76ebe0256fe0,青澀的傷痛與脆弱,住野夜,13.5,完結,"青春, 戀愛, 角川文庫, 日本輕小說",我們可以成為當初所期望的人嗎？我好想再見你一次。抱定主意絕不輕易和人親近的我，在大一那年的春天遇見了秋好壽乃。她老是不看場合說話，受盡周遭人們的白眼，卻又比誰都純真──我被秋好的理想和熱情所感染，和她一起創立了「摩艾」這個秘密組織。就這樣過了三年，那時和我暢談未來夢想的秋好已經不在了，而她說過的謊言仍然像荊棘一樣刺痛我的心。「我想要把秋好留下的謊言變成真實。」對我來說，這就代表著對世界的反抗……淋漓盡致地描寫出青春的爛燦和殘酷，《我想吃掉你的胰臟》作者住野夜全新創作！,2,用戶尋找的是像《果籃》大老師那種「自我厭惡、孤獨且不願牽連他人」的特定主角設定。推薦的小說主角同樣具有「不輕易親近他人」的特質，且整體基調憂鬱、探討青春的殘酷與傷痛，能滿足用戶對「共鳴」與「負面情緒」的需求。雖然在「我一個人爛就好」的自暴自棄邏輯上與大老師略有不同（此書更偏向失去後的哀悼與救贖），但氛圍與核心情感相當接近。
q12,"想找一些日常系小說類型，希望劇情節奏安排和對話有趣些。
其它元素能接受百合、戀愛、生活、學校類型，有談話間交流劇情。",042f8934-f224-54af-9245-f47ef233a2b4,班上的辣妹不知為何與我的義妹關係變得要好起來了。,佐波彗,28.1,連載,"校園, 青春, 戀愛, 歡樂向, 妹妹, 後宮, 富士見文庫, 日本輕小說",在滯留我家的期間不知不覺和她成為了戀人——！？身為高中生的我，名雲慎治有一個煩惱。因為家庭緣故而來到我家的義理的妹妹·紡希非常見外。無法縮短彼此距離的兩個人生活。在某一天，紡希帶來的「網友」改變了狀況。而那個網友則是在班上受歡迎的美少女辣妹·高良井結愛！？在我們一起度過的過程中，紡希敞開了心扉。並且我和結愛的距離無論是在學校還是家裡都在急速接近！？唯獨只有我知曉的結愛她那溫柔、怕寂寞以及顧家的一面。「我就好像明雲君的通勤妻子一樣呢。變成這樣也可以嗎？」「那樣不錯呢，慎哥我們三個人一起生活吧！」不是，雖然不是說……不行。我們一起回家，一起過夜。「結愛是我的戀人。」就連紡希都產生了這種誤會，但是不知為何結愛看上去很開心。每次滯留在我家中，那種關係就會逐漸變得更加真實——！？辣妹與義妹。我和兩個女生的溫馨甜蜜，無拘無束的調情戀愛喜劇。,3,此書屬於校園戀愛喜劇，完美契合用戶要求的學校、戀愛、生活等元素。劇情重點在於角色間的日常互動與對話（如調情與溫馨生活），符合用戶對「日常系」以及「對話有趣、透過交流推進劇情」的需求。
q12,"想找一些日常系小說類型，希望劇情節奏安排和對話有趣些。
其它元素能接受百合、戀愛、生活、學校類型，有談話間交流劇情。",79252066-5176-522f-898e-5a5c47f2fef0,金女友、銀女友還是普通女友？,田尾典丈,28.6,完結,"校園, 戀愛, 歡樂向, 後宮, 青梅竹馬, 其他文庫, 日本輕小說",「你掉的是這個黑髮女孩嗎？」個性逆來順受的神座木社，每天都被個性好勝的青梅竹馬——小野黑惠任意使喚。某天，黑惠意外掉進傳說「能實現願望」的泉水之中。社回答了泉之女神的問題後，卻被強塞了兩個與黑惠非常相似的金髮女孩「金惠」和銀髮女孩「銀花」！金惠和銀花毫不掩飾自己對社的好感，害得黑惠的心情比平常更差。走投無路的社，只好一邊忍耐三名女孩惹出的麻煩，一邊尋找讓她們恢複原狀的方法。和三名個性迥異的女孩共處，三位一體的熱鬧戀愛喜劇開幕！,3,該書為校園戀愛喜劇，劇情核心在於角色間的互動與日常鬧劇，符合使用者要求的「日常系」、「校園」、「戀愛」以及對「有趣對話」的期待，是非常契合的推薦。
q13,"我很喜歡搞笑類，誤會系剛好能戳到我的笑點，
看了會有種「這群人的腦迴路到底怎麼長的」的感覺，（像電玩咖這種的）
當然不需要全程搞笑，後面進入主線開始嚴肅起來我還是能接受的（素晴、腦礙這種的）",bd0bc50b-416d-59e1-830b-6b0228eb9f0e,就算是中二病也沒關係嘛！,翡翠ヒスイ,11.8,完結,"奇幻, 校園, 青春, 歡樂向, 電擊文庫, 日本輕小說",「嗚，身、身體好燙！？看、看來那傢伙的封印終於要！？」「哼哼……這也不怪你，人們接觸我的瘴氣會因此瘋狂也是莫可奈何的。」「確認到因果律的扭曲。異常事態。這個男人很危險，要求排除。」咦？等等、這群不知羞恥的傢伙在搞什麼？該不會是中二病？……因此而嚇到退縮的少女星美津奈琉（有活力的國中二年級生）莫名地敲定加入秘密組織〈零式機關〉。在那裡遇到的，是一群中二病癥狀超嚴重的少女……明亮又開心的中二病萬歲故事登場！,3,推薦書籍主打「中二病」設定，角色行為充滿妄想且邏輯脫離常軌，非常符合使用者要求的「腦迴路到底怎麼長的」以及搞笑、誤會系的口味，屬於高品質的匹配。
q14,"想求各位大大們，有沒有推薦以百合、女生友情、男女愛情這類的日本輕小說呢?

不太想要有奇幻、科幻、后宮、異世界這元素，有點太過氾濫不太想看
只要日常、青春的就可以了，有發糖的和胃痛我都可以~",060d78f4-264b-56c7-9182-4fdec9ab4953,少女妄想中,入間人間,11.5,完結,"輕文學, 青春, 戀愛, 百合, 女性視角, 電擊文庫, 日本輕小說",「我想，這應該就是我的初戀吧！」我總是追著那個人的身後，「嚮往」著她。在夢中，我和在海邊的那個女孩，度過了無可取代的美好時光。對於受過傷的那個人，無法傳達的秘密心情。她是我最喜歡的人，而她，或許正喜歡著除了我之外的某個人吧……入間人間最新創作，發生在少女與少女之間，一段段無可奈何卻令人憐惜的戀情。,3,該書完全符合使用者的需求：是日本輕小說，主題為百合與青春戀愛，且屬於日常校園設定，不含奇幻、科幻或異世界等元素，情節包含使用者可以接受的「胃痛」感，是非常精確的推薦。
q14,"想求各位大大們，有沒有推薦以百合、女生友情、男女愛情這類的日本輕小說呢?

不太想要有奇幻、科幻、后宮、異世界這元素，有點太過氾濫不太想看
只要日常、青春的就可以了，有發糖的和胃痛我都可以~",71d6c0eb-7359-57d1-a985-110f752e2c5f,請待在有光的地方,一穂ミチ,18.4,完結,"校園, 青春, 戀愛, 百合, 女性視角, 輕文學, 其他文庫, 日本輕小說",如果每天都比昨天更靠近一點點，我和妳，是不是就能無限趨近於「我們」？7歲的她們，個性和家庭背景天差地遠，卻成為相約公園裡的小小密友。15歲的她們，在同一所高中再會，維持著不想被正名又想被證明的關係。29歲的她們，彼此身邊都有了終身相許的人，命運竟讓她們再次遇見……社區公園的一處，每周三下午都會隨母親幽會被帶來的結珠，遇見了與她同樣年紀的果遠。在富裕卻冷漠的家庭里長大的結珠乖巧節制，生活貧困但自由的果遠則勇敢奔放，對於成長環境截然不同的兩人來說，彼此都是未曾知曉的另一個新世界。每周一起度過的數十分鐘，成為兩個女孩相守的秘密和唯一的快樂。一次見面時，果遠要結珠「待在有光的地方」等她，等到的卻是結珠的不告而別。多年後，兩人於高中再次相遇，不是小孩也還不是大人的這個年紀，讓她們既渴望靠近又害怕靠近。說是友情太過淺薄，稱為愛情太過平庸。這份感情到底是什麼？未等她們明白，就到了不得不離別的時刻；有光的地方在哪裡？她們還在摸索，卻已不得不長大成人……,3,該書完全符合用戶的需求：它是日本輕小說，主題為百合與女性情誼，屬於校園青春與日常類，且不含奇幻、科幻、後宮或異世界等禁忌元素。劇情涉及成長與情感糾葛，符合用戶提到的『發糖』或『胃痛』的心理預期。
q15,"喜歡的類型 是異世界 轉生 重生 穿越 校園異能 幻想世界 劍與魔法 主角最強 多後宮 戰鬥要夠中二 都行
夠套路
要男主 一定要有戰鬥 後宮 沒後宮也沒關係但要有女主 如果主角拿的是劍我會更開心
不接受有沒男主的 例如蜘蛛又怎樣 能力值平均 怕痛的我
不接受虐主的 除了re 0 是因為動畫入坑的 除非前面虐後面很爽的這樣可以例如平職
需要裝逼讓我看的會高潮的 所以無職轉生我看不下去因為太真實太哭逼了",83924061-a59c-5a2e-921b-fa9ec751b0cf,死亡後的再次転生，這算是好事嗎？,欞樺鹽,23.1,連載,"戰鬥, 奇幻, 異能, 戀愛, 後宮, 龍傲天, 格鬥, 群像, 冒險, 原生幻想, 華文輕小說",本該是臨死之人的我被告知可以再次轉生回原來的世界。在第一次轉生的世界中所向披靡，這次的第二次轉生我終於可以回到現代世界中。但與普通的世界好像又不同。異能者與妖精。古魔書與遺具。錯綜複雜的聯繫使我一步步挖掘這未知的深淵。於是，在這個怪異的世界裡，在這荒謬的事件中。我不斷見證。,3,該書高度符合用戶需求：包含轉生、異能、後宮、戰鬥等核心元素。標籤中的「龍傲天」直接對應用戶要求的「主角最強」與「裝逼」需求，且劇情設定為在異世界所向披靡後回到帶有異能的現代世界，符合用戶對校園/現代異能與幻想世界的喜好，且明確為男主視角。
q18,"我最近剛看了龍王的工作的小說
雖然不懂將棋，但覺得對局的刻劃很棒
能看到將棋解說
也會側面描寫一些職業棋士、女流棋士的差別和情況

最喜歡的部分是銀子挑戰獎勵會那邊
書裡描寫的女性棋士會被小看的部分
那種低人一等、逆境求生的感覺做得很真實(?不會形容，總之很有代入感
銀子加油，不要輸給將棋星人!

希望各位能分享一些好看的將棋小說!!",e3d1174b-ed53-5893-8127-f42cea67a150,如果杜拉,岩崎夏海,9.9,完結,"校園, 青春, 競技, 經營, 百合, 其他文庫, 日本輕小說",這是一部講述能幹的經理和棒球部成員一起向著甲子園奮鬥的青春小說。高中棒球部的女經理南為了做好經理這項工作，在書店購書時不小心錯買了德魯克的《管理》一書。剛開始讀的時候，因內容太深而難以理解的南十分後悔錯買了此書，而漸漸地，南能夠將書中理論活用到對棒球部的管理上來了。此書一面世便受到德魯克的讀者們、高中生和大學生、以及年輕的商業從業人員們的追捧。本書從2009年12月4日發行至2011年4月銷售突破200萬冊，2011年4月動畫化。本書以日本特有的漫畫風格以及輕小說式的寫作手法解讀了一代大師德魯克的管理學精髓，同時帶動了德魯克管理學書籍的銷售。,0,用戶明確要求推薦「將棋小說」，而推薦的書籍《如果杜拉》是關於「棒球」與「管理學」的青春小說，兩者在核心主題上完全不相關。
q11,"最近人比較負面，
想看一些有共鳴的小說。
有沒有那種「我一個人爛就好了別搞其他人」的主角的輕小說？以前看大老師自暴自棄滿戳中我的。
宅宅現實找不到人取暖，希望能找輕小說取。",7c6737cf-b321-5296-97c5-9732ce37f1f4,你不在的七月六日,愛轉筆的圓規,28.1,完結,"青春, 戀愛, 校園, 青春日常, 華文輕小說",靜止的秒針，懸於青春的屋檐。一個背負詛咒的少女，一個陷入秘密的少年。在凝固的時間裡，書頁翻動，花朵低語。誤解的荊棘，友情的微光，真相的迷宮。當錶盤歸零，世界在光中傾斜。一段關於救贖與告別，在時間縫隙中刻下的，青春物語。,1,使用者明確尋找具有特定性格（如《果青》大老師那樣自暴自棄、自我犧牲且孤僻）的主角以獲得共鳴。推薦的書籍雖然涉及青春與救贖，但從簡介來看更偏向奇幻戀愛與感傷風格，並未體現使用者要求的「我一個人爛就好」這種特定的社會孤立或自我厭惡的人格特質，僅在「青春、憂鬱」的大方向上有微弱關聯。
q15,"喜歡的類型 是異世界 轉生 重生 穿越 校園異能 幻想世界 劍與魔法 主角最強 多後宮 戰鬥要夠中二 都行
夠套路
要男主 一定要有戰鬥 後宮 沒後宮也沒關係但要有女主 如果主角拿的是劍我會更開心
不接受有沒男主的 例如蜘蛛又怎樣 能力值平均 怕痛的我
不接受虐主的 除了re 0 是因為動畫入坑的 除非前面虐後面很爽的這樣可以例如平職
需要裝逼讓我看的會高潮的 所以無職轉生我看不下去因為太真實太哭逼了",aba1ed65-8235-5492-ab8e-18c19a484046,異世界賢者的轉生無雙 ～用遊戲知識成為異世界最強～,進行諸島,26.9,連載,"轉生, 奇幻, 冒險, 龍傲天, 後宮, GA文庫, 日本輕小說",不幸病故的男性，在轉生之後看到的是——與他以前玩過的VRMMO非常類似的世界。然而，那個世界的居民們卻連基本技能都未能善加運用。「這個世界的人，連這麼簡單的事都不知道嗎？」轉生成為貧窮貴族家四男的艾爾特，雖對身處世界的技術力之低落感到困惑，仍決定要以冒險者的身份活下去。原本是最低階職業「新手」的艾爾特，靠著以往在遊戲中獲得的技術，陸續立下各種功業。不僅如此，艾爾特更活用「新手」可以轉成任何職業的特性，轉職成了這個世界上甚至還沒有人知道的最強職業「賢者」。擁有最高等級知識與最強實力的主角，所向披靡，無人能擋——！！！,3,推薦書籍完全符合用戶的需求：包含異世界轉生、男主最強（龍傲天）、後宮設定以及幻想世界背景。劇情走向屬於典型的套路化強勢碾壓（利用遊戲知識成為最強），沒有虐主情節，且符合用戶追求的「裝逼」與「所向披靡」的爽感。
q17,"求推薦世界觀建構完整
主角很清楚當下該做甚麼
是不太希望主角輕鬆拿到一堆外掛這種的
然後也蠻喜歡主角大意、失誤或忘記重要信息導致危機感這種狀況發生
非戰鬥類主角也可以，感覺這類主角穿越的比較多?
但是如果是一個高中生通十八般武藝心理素質又特好的就不要",fefadfbd-e10a-575b-9834-5412a37dfb6c,DoubleDown 以小博大的勘繰郎,西尾維新,7.3,完結,"懸疑, 鬥智, 女性視角, 講談社, 日本輕小說",在京都的河原町御池十字路口。在這裡，蘿蔔睦美偶然相識了虛野勘繰郎，他是一個以偵探為志願的奇妙少年。他正拿著望遠鏡專心地觀察聳立於十字路口的JDC（日本偵探俱樂部）大樓。沒想到這兩個人的相遇，竟是曾經奪走66條名偵探性命之「連續名偵探殺戮事件」重新啟動的瞬間。,3,該書標記為「鬥智」與「懸疑」，高度符合用戶對於非戰鬥類、強調邏輯博弈的需求。主角目標明確（志願成為偵探），且故事核心圍繞在名偵探被殺的高風險事件中，符合用戶希望有危機感、而非依靠外掛輕鬆獲勝的偏好。同時，這類鬥智小說通常會包含心理博弈與失誤風險，避開了用戶反感的「全能且心理素質完美的高中生」設定。
q18,"我最近剛看了龍王的工作的小說
雖然不懂將棋，但覺得對局的刻劃很棒
能看到將棋解說
也會側面描寫一些職業棋士、女流棋士的差別和情況

最喜歡的部分是銀子挑戰獎勵會那邊
書裡描寫的女性棋士會被小看的部分
那種低人一等、逆境求生的感覺做得很真實(?不會形容，總之很有代入感
銀子加油，不要輸給將棋星人!

希望各位能分享一些好看的將棋小說!!",85970638-a253-5f87-8e8e-5c954104cd43,在現代社會成為乙女遊戲的惡役千金有點不容易,二日市とふろう,113.9,連載,"轉生, 經營, 大小姐, 女性視角, syosetu, Web輕小說",轉生成以現代世界為背景的乙女遊戲中的惡役千金。不過，正因為是現代世界，惡役千金要過上悠閑生活更要花上萬分的努力，用上內政掛也會遭到來自日本近代史、現代經濟史以及全球經濟的衝擊。加油呀惡役千金！不要輸呀惡役千金！雖然太平洋戰爭戰敗收場、經濟泡沫爆破、金融危機來襲，但還是為了確切地過悠閑生活，把主人公和攻略對象放到一傍，自己投身於改變歷史和金錢戰爭的惡役千金桂華院瑠奈的奮鬥記。請注意本故事內容純屬虛構，如有類同實屬不幸(刪)巧合。,0,使用者明確要求推薦「將棋小說」，並強調對對局刻劃與女性棋手奮鬥過程的喜好。推薦的書籍是一部關於乙女遊戲惡役千金在現代社會進行經濟經營與歷史奮鬥的小說，完全不涉及將棋內容，與使用者核心需求完全不符。
q18,"我最近剛看了龍王的工作的小說
雖然不懂將棋，但覺得對局的刻劃很棒
能看到將棋解說
也會側面描寫一些職業棋士、女流棋士的差別和情況

最喜歡的部分是銀子挑戰獎勵會那邊
書裡描寫的女性棋士會被小看的部分
那種低人一等、逆境求生的感覺做得很真實(?不會形容，總之很有代入感
銀子加油，不要輸給將棋星人!

希望各位能分享一些好看的將棋小說!!",feaf9014-d86d-5739-a07b-4741a83ca567,公爵千金的本領,澪亞,97.2,完結,"轉生, 經營, 戀愛, 大小姐, 女性視角, 角川文庫, 日本輕小說",「這是乙女遊戲的結局場景？」我前世記憶復甦的時刻，正是反派角色的貴族千金（我）被壓在地板上，遭王子未婚夫解除婚約的場面……咦，現在的狀況已經來到對我而言是壞結局的場景了嗎？貴族千金艾莉絲——也就是我，好不容易從這個狀況脫身，並與身為公爵的父親交涉，最後父親將領地的管理交由我負責。活用前世的知識，從建立商會開始，為了設立銀行與學校而奔走的忙碌千金小姐的故事，在此開幕——,0,使用者明確要求推薦「將棋小說」，而推薦的書籍是一部關於轉生、領地經營與戀愛的乙女遊戲類輕小說，完全不涉及將棋或相關的競技元素，與使用者核心需求完全不符。
q18,"我最近剛看了龍王的工作的小說
雖然不懂將棋，但覺得對局的刻劃很棒
能看到將棋解說
也會側面描寫一些職業棋士、女流棋士的差別和情況

最喜歡的部分是銀子挑戰獎勵會那邊
書裡描寫的女性棋士會被小看的部分
那種低人一等、逆境求生的感覺做得很真實(?不會形容，總之很有代入感
銀子加油，不要輸給將棋星人!

希望各位能分享一些好看的將棋小說!!",63a496d7-4aba-5b89-947d-8e77c04e26b0,在現代社會變成女性向遊戲的反派千金有點傷腦筋啊,二日市とふろう,51.5,連載,"轉生, 經營, 大小姐, 女性視角, 其他文庫, 日本輕小說",2008年9月15日，雷曼兄弟倒閉引發全球性金融風暴。某名也淪落為同時代下輸家的女子――卻轉世成為背景是現代世界之女性向遊戲中的反派千金・桂華院瑠奈！？瑠奈出生於日本經濟泡沫破裂後、金融機構相繼倒閉之前，並生活在此歷史與正史稍微不同的世界中。之後藉由家中女僕煩惱能否就讀大學的一句話，得知桂華集團的財務狀況。若照這樣下去，自己將遭遇家門不幸的苦境。瑠奈為了拯救親朋好友，與身為執事的橘一同前往極東銀行，並將銀行分行經理・一條拖下水。瑠奈運用前世的知識投資高科技產業，並以獲得的鉅額財富度過往後生活，但卻也無法安心太久――「大小姐，請救救我們。」下跪磕頭的北海道開拓銀行行員揭開了日本經濟史上最大難關的序幕――因呆帳問題引發的企業相繼倒閉夢魘來襲。「那麼，就只剩下一個辦法了。」瑠奈為了力挽徒勞枉然之昔日『時代』狂瀾，施展了扭轉乾坤的一招，而那究竟是……！？發跡自「成為小說家吧」的現代反派千金日本重生傳奇，就此開幕！,0,用戶明確要求推薦「將棋小說」，並強調對將棋對局、職業棋士以及女性棋士克服逆境的刻劃感興趣。而推薦的書籍是一部關於現代金融投資、轉生反派千金的經營類小說，內容完全不涉及將棋，與用戶的核心需求完全不符。
q18,"我最近剛看了龍王的工作的小說
雖然不懂將棋，但覺得對局的刻劃很棒
能看到將棋解說
也會側面描寫一些職業棋士、女流棋士的差別和情況

最喜歡的部分是銀子挑戰獎勵會那邊
書裡描寫的女性棋士會被小看的部分
那種低人一等、逆境求生的感覺做得很真實(?不會形容，總之很有代入感
銀子加油，不要輸給將棋星人!

希望各位能分享一些好看的將棋小說!!",35489e14-2243-589b-92cd-f9bfaa10b2dd,生存遊戲GO!!,朝浦,12.7,連載,"競技, 戰鬥, 青春, 戀愛, 其他文庫, 日本輕小說",第一次體驗到這麼有趣的活動！這就是生存遊戲的奧妙之處！渾渾噩噩度日的青年貞夫與朋友阿筱偶然走進一間店……兩人才發現該處竟是生存遊戲專賣店。兩人不僅被店員姊妹花舞白菜花和璃良所吸引，更是被店內琳琅滿目的空氣槍勾起童心。在這之後，他們親身體會到旅行計畫的安排、在有限空間內宛若再次回到童年般來回奔走、吃著以空腹為調味料的咖哩，令人永生難忘的生存遊戲初體驗！基於興趣將一切創意都融入其中的正統派生存遊戲小說就此登場──！！,0,使用者明確要求推薦「將棋小說」，而推薦的書籍《生存遊戲GO!!》是關於生存遊戲（Airsoft）的競技小說，兩者主題完全不相關。
q18,"我最近剛看了龍王的工作的小說
雖然不懂將棋，但覺得對局的刻劃很棒
能看到將棋解說
也會側面描寫一些職業棋士、女流棋士的差別和情況

最喜歡的部分是銀子挑戰獎勵會那邊
書裡描寫的女性棋士會被小看的部分
那種低人一等、逆境求生的感覺做得很真實(?不會形容，總之很有代入感
銀子加油，不要輸給將棋星人!

希望各位能分享一些好看的將棋小說!!",2b5fbb72-e2d8-5516-8594-f9ab0d884511,企業☆女孩,神代創,10.3,連載,"轉生, 經營, 職場, 冒險, 後宮, Fami通文庫, 日本輕小說",平凡的上班族有村將人，某天突然穿越到了劍與魔法的世界。他才穿越不久，馬上就遭到盜賊襲擊，危急時刻，一位名叫莫妮卡的少女劍士出手救了他。之後，將人在與莫妮卡同行的妖精露卡的建議下，決定成立傭兵公司。他一邊以社長身分經營著公司，一邊開始尋找回到原來世界的線索，與此同時，躲在暗處企圖搞鬼的黑影也悄悄逼近——超人氣網頁遊戲冒險幻想RPG的官方小說登場！,0,使用者明確要求推薦關於「將棋」的小說，並希望能看到對局刻劃與職業棋士的描寫；而推薦的書籍是一部關於轉生到異世界經營傭兵公司的奇幻小說，兩者完全不相關。
q18,"我最近剛看了龍王的工作的小說
雖然不懂將棋，但覺得對局的刻劃很棒
能看到將棋解說
也會側面描寫一些職業棋士、女流棋士的差別和情況

最喜歡的部分是銀子挑戰獎勵會那邊
書裡描寫的女性棋士會被小看的部分
那種低人一等、逆境求生的感覺做得很真實(?不會形容，總之很有代入感
銀子加油，不要輸給將棋星人!

希望各位能分享一些好看的將棋小說!!",2dff5550-0db7-5d22-b87c-d04182c034c9,妹妹在超級戰隊就職,大橋崇行,14.3,完結,"經營, 職場, 妹妹, 宅文化, 其他文庫, 日本輕小說",這是一部刻畫了正義的英雄和女主角們的糾葛與煩惱的、面向成年人的戰隊英雄小說！赤羽透和妹妹葵成為了從小就嚮往的「人智戰隊Steiner」的隊員。加入後才發現，除了透以外，四位隊員全都是美少女。每一天都身處戰鬥中，這種生活本該充滿幸福。然而，現實卻很骨感。說到底，「人智戰隊Steiner」其實是一家公司。被任命為領隊的透，除了得意識到需要穩定的經營，還必須解決隊員們各自的煩惱。,0,使用者明確要求推薦『將棋小說』，且強調對局刻劃與職業棋士的處境。推薦的書籍則是關於『超級戰隊（特攝英雄）』的職場經營小說，兩者主題完全不相關。
q23,"最近不知道要看什麼，想請大家推薦一些好看的作品

裝逼開掛類的
黑暗懸疑的
或是一些風格冷門的都還算喜歡
只有一個大前提，不要後宮，不要賣肉（好像變2個大前提了？
不喜歡那種明明男主沒幹什麼但每個女角都喜歡他，非得要的話2個是極限，而且劇情希望能別注重在他們愛來愛去互刷好感度卻又不決定人選的地方，如果是冒險類作品增加同伴的時候，可以的話別清一色都女的偶而也增加點男性同伴也好（都女的最後8成都變後宮
再來不要硬賣一些福利，例如某漫畫的黎斗摔，或者是洗澡時剛好開門，或者是組個樂團為了討老師歡心換了泳裝演奏……這種的不太能接受

喜歡偏向下剋上（不管是強者因未知原因被分到弱組還是靠努力爬上來把上位者打趴的都喜歡）
描寫內心戲多的（黑掉壞掉，或是溫馨感動的都喜歡）
不好意思這麼麻煩…因為總感覺現在大眾向的作品，開掛後宮福利都會有，希望能找到一些後宮福利少點的",333e3529-64e0-5379-8d13-9b1ea27bc5f9,貪婪之羊,美輪和音,12.4,連載,"黑暗, 犯罪, 驚悚, 懸疑, 其他文庫, 日本輕小說",「這世上沒有真正無辜的人，只是，你扮演得好披著羊皮的狼嗎？」掐著我脖子的手、絆阻我逃走的腳，全是你嗎……你，是無辜的代罪羔羊？還是，披著羊皮的狼？到處都有飢餓的羊，頂著普通人的臉，普通地談笑，自然融入街頭。嫉妒、愛情、仇恨、金錢，無一不是美食佳肴，他們卻永遠不飽足。空蕩蕩的胸口與胃袋需要不停投喂，哪怕犯下不可饒恕的罪……,3,用戶明確要求『黑暗懸疑』且強烈排斥『後宮』與『賣肉福利』。推薦作品《貪婪之羊》標籤為黑暗、犯罪、驚悚、懸疑，且從簡介來看側重於人性剖析與犯罪心理，完全符合用戶對黑暗懸疑風格的偏好，且無任何後宮或福利傾向，是非常精準的推薦。
q1,"現在對於小說的要求越來越高了，
而且慢慢的發現現在除了狗糧基本上都看不進去，
連以很喜歡的異世界主題都看不進去了，
好想念從前那個什麼都可以看得很快樂的自己

說回主題，希望可以找到沒看過的狗糧系小說，
可以接受小刀，但一定要無黃毛無牛頭人，
但背景自帶沈重的例如「戀愛光譜」「刮鬍」這一類的也不喜歡，
黨爭就...看情況吧但其實我也一般般",7441e00c-6689-5c9e-a382-e5289b0fe791,不跟男生交往的話就無法轉大人了喔,午夜藍,26.4,完結,"校園, 青春, 戀愛, 歡樂向, 青春日常, 華文輕小說",寫給初戀的輕小說情書意外成為出道作，但作為情書的用途，這本輕小說沒派上任何用場，因為他告白被拒絕了。梁文也，高二生，與普通高中生不同的是，他有個隱藏的輕小說作家身份。但此時，他卻面臨了作家生涯的困境，那就是他的第二套書竟寫不出半個字！原因就出在女主角上，文也找不到像初戀那樣完美的蘿莉（體型）。為了解決困難，他在好朋友初夏的推薦下，邂逅了神秘的月兔仙女。「我是要帶給你們緣分的幸福之神。」願望實現了，月兔把梁文也的同班同學許若晴變成了幼女。秋末，那不可思議中帶點歡樂與些許青春惆悵的戀愛故事，正式開始……,3,用戶希望尋找純粹的「狗糧」系小說，要求無NTR、無沉重背景，且能接受少量小刀。推薦的小說標記為「歡樂向」、「戀愛」、「青春日常」，情節設定為輕鬆的校園戀愛與奇幻元素，符合用戶對甜蜜、非沉重氛圍的需求，且無任何違反禁忌（如黃毛/牛頭人）的跡象。
q4,"由於自己的胃口比較獨特的原因，喜歡男主被拋置於各種不利的情節或者感情中，也是因為這樣，喜歡看那些讓人看完后心緒難以平靜的小說，就我看過的來說，無職，re0，妹妹人生，異世界迷宮最深等，在某種程度上來說都有慘烈的一部分（感情上或者情節上都是），也沒有一定要轉生異世界，現實日常要是能描繪出這些來也很好了。
尤其那種男主能不斷被放置在痛苦或者恐懼之中，一邊流露出作者思考的文字的小說，再好不過。",d0416679-7387-5739-b2c1-7ea2c4bd667c,灰與幻想的格林姆迦爾,十文字青,260.9,連載,"轉生, 奇幻, 冒險, 戰鬥, 青春, 黑暗, 其他文庫, 日本輕小說",我們為什麼要這麼做……？哈爾希洛回過神來，才發現自己身處在黑暗當中，他完全不知道自己人在何處，也不明白這個地方是哪裡。他的身邊有一群和他一樣失去記憶，只記得自己名字的男女；而離開了地底後，等待著眾人的是一個「宛如遊戲」的世界。為求生存，哈爾希洛與自己有著相同境遇的夥伴們組成隊伍、學習技能，以義勇兵見習者的身分踏入了這個世界——「格林姆迦爾」。沒有人知道未來會遇見什麼……這一切，就是從灰燼之中所誕生的冒險譚。,3,使用者偏好男主角處於不利、痛苦、恐懼的處境，以及具有情感衝擊力和作者思考深度的作品。而《灰與幻想的格林姆迦爾》以寫實的生存鬥爭著稱，強調在殘酷世界中生存的無力感、對死亡的恐懼以及失去同伴的悲痛，而非典型的無敵龍傲天設定，非常符合使用者追求的「慘烈」、「處於不利情節」以及「心緒難以平靜」的氛圍。
q4,"由於自己的胃口比較獨特的原因，喜歡男主被拋置於各種不利的情節或者感情中，也是因為這樣，喜歡看那些讓人看完后心緒難以平靜的小說，就我看過的來說，無職，re0，妹妹人生，異世界迷宮最深等，在某種程度上來說都有慘烈的一部分（感情上或者情節上都是），也沒有一定要轉生異世界，現實日常要是能描繪出這些來也很好了。
尤其那種男主能不斷被放置在痛苦或者恐懼之中，一邊流露出作者思考的文字的小說，再好不過。",e18effb3-f366-5052-a4ea-ce54f6f52d7e,pulp,森橋賓果,36.5,完結,"奇幻, 冒險, 戰鬥, 青春, 戀愛, Fami通文庫, 日本輕小說",父親打得暴行、自殘的惡習、乏善可陳的日常生活——娘是個藉由割腕確認生存意義的少女，她在某天晚上被歹徒襲擊，而被一名美少年所救。她雖然對在黑暗中閃耀的日本刀以及少年冷淡的眼神心生懼怕，娘的內心卻被這名少年深深吸引，娘深信這名少年一定可以帶自己離開這個世界，可是……,2,用戶明確要求男主角被置於痛苦、恐懼或不利的情節中，而推薦書籍的簡介主要聚焦於女性角色的受難（家庭暴力、自殘、生存困境）。雖然該書的黑暗氛圍、壓抑感以及對痛苦的描寫與用戶追求的「心緒難以平靜」的體驗非常吻合，但受難主體與用戶要求的男主角不符，因此給予 2 分。
q4,"由於自己的胃口比較獨特的原因，喜歡男主被拋置於各種不利的情節或者感情中，也是因為這樣，喜歡看那些讓人看完后心緒難以平靜的小說，就我看過的來說，無職，re0，妹妹人生，異世界迷宮最深等，在某種程度上來說都有慘烈的一部分（感情上或者情節上都是），也沒有一定要轉生異世界，現實日常要是能描繪出這些來也很好了。
尤其那種男主能不斷被放置在痛苦或者恐懼之中，一邊流露出作者思考的文字的小說，再好不過。",28726830-879b-5aa2-ad44-dd3d5ef33e19,15X24,新城Kazma,65.7,完結,"懸疑, 冒險, 青春, 黑暗, 集英社, 日本輕小說",在迎來2005年除夕的東京，一個少年跟在網上認識的名為「17」的人相約一起死去。然而，跟「17」聯絡用的手機被偷走了。隨後手機中的某個自殺預告郵件在17歲的少男少女中傳播開來，他們以各自的理由開始尋找少年。另一方便，自殺預告郵件通過網路被大規模散播出去，連暴力團伙也被捲入其中……,2,用戶尋找的是讓男主角陷入不利、痛苦或恐懼情境，且能帶來強烈情感衝擊（心緒難以平靜）的作品。推薦書籍《15X24》以自殺預告為核心，涉及絕望的青少年、被偷走的手機以及混亂的追尋過程，其黑暗的青春基調與男主角處於不安、不利的處境符合用戶的需求，且屬於用戶接受的現實背景。
q4,"由於自己的胃口比較獨特的原因，喜歡男主被拋置於各種不利的情節或者感情中，也是因為這樣，喜歡看那些讓人看完后心緒難以平靜的小說，就我看過的來說，無職，re0，妹妹人生，異世界迷宮最深等，在某種程度上來說都有慘烈的一部分（感情上或者情節上都是），也沒有一定要轉生異世界，現實日常要是能描繪出這些來也很好了。
尤其那種男主能不斷被放置在痛苦或者恐懼之中，一邊流露出作者思考的文字的小說，再好不過。",29a142d1-fc31-5d75-9e3f-e312b46d19b9,哥布林殺手外傳：第一年,蝸牛くも,34.8,連載,"戰鬥, 冒險, 復仇, 黑暗, 後宮, 青梅竹馬, GA文庫, 日本輕小說",「你綽號啊──哥布林殺手（專殺小鬼之人）！」姊姊變得不再是姊姊後，過了三天，他決定行動。哥布林的襲擊，害少年失去最愛的姊姊及村莊。五年後，少年來到邊境城鎮的冒險者公會，成為冒險者。五年前失去歸處的少女，遇見了她的青梅竹馬。少年當上最低階，白瓷等級的冒險者，買來裝備，只身前往哥布林佔據為巢的洞窟──這是描述他如何被稱為哥布林殺手的故事。蝸牛くもX神奈月升的黑暗系奇幻巨作，前傳！,2,該書具有黑暗、復仇以及悲慘的開端（失去親人與家園），符合使用者對「不利情節」和「黑暗系」的需求。然而，該作的風格更偏向於冷靜的復仇與戰鬥，而非使用者特別強調的「不斷被置於痛苦與恐懼之中」以及「心緒難以平靜」的深層心理折磨（如 Re:Zero 類型的精神崩潰）。雖然主題相關，但在情感撕裂的程度上可能未達使用者的核心期待。
q4,"由於自己的胃口比較獨特的原因，喜歡男主被拋置於各種不利的情節或者感情中，也是因為這樣，喜歡看那些讓人看完后心緒難以平靜的小說，就我看過的來說，無職，re0，妹妹人生，異世界迷宮最深等，在某種程度上來說都有慘烈的一部分（感情上或者情節上都是），也沒有一定要轉生異世界，現實日常要是能描繪出這些來也很好了。
尤其那種男主能不斷被放置在痛苦或者恐懼之中，一邊流露出作者思考的文字的小說，再好不過。",0a5dc19f-8835-5b54-a966-6fba9b362d40,劍雨飛舞之時,max～～,16.6,連載,"戰鬥, 青春, 戀愛, 魔法, 冒險, 原生幻想, 華文輕小說",身為孤兒的空從小與世界上最強的冒險者之一——帕爾修一同生活，並以其為師，但是，15歲生日那天，突如其來的異變，改變了空的命運軌跡。空來到了冒險者學院最優秀的班級，遇到了那個人，在這裡，空將與其同學一起抒寫自己獨一無二的故事……,1,用戶明確尋求男主角處於極端痛苦、絕望或慘烈情節中的故事（如《Re:Zero》或《妹妹人生》），強調心理折磨與情感衝擊。而推薦書籍的簡介和標籤（青春、戀愛、冒險）顯示這是一部典型的奇幻學院成長小說，雖然提到「異變」，但整體基調傾向於傳統的冒險與成長，缺乏用戶所要求的「慘烈」或「絕望」的核心元素。
q4,"由於自己的胃口比較獨特的原因，喜歡男主被拋置於各種不利的情節或者感情中，也是因為這樣，喜歡看那些讓人看完后心緒難以平靜的小說，就我看過的來說，無職，re0，妹妹人生，異世界迷宮最深等，在某種程度上來說都有慘烈的一部分（感情上或者情節上都是），也沒有一定要轉生異世界，現實日常要是能描繪出這些來也很好了。
尤其那種男主能不斷被放置在痛苦或者恐懼之中，一邊流露出作者思考的文字的小說，再好不過。",d5330a73-8537-5c43-ac04-9c30e7a8b234,青春與惡魔,池田明季哉,44.4,完結,"校園, 奇幻, 青春, 戀愛, 電擊文庫, 日本輕小說",青春——這是因願望而焦躁，時而「中魔」的時期。那夜，我的青春與火焰一同誕生了——因忘拿手機而在夜中潛入學校的在原有葉，注意到了屋頂上閃耀的奇異光芒。因此他邂逅了於暗夜中燃燒的美少女——伊藤衣緒花。「如果你不乖乖聽話——就將你的人生破壞。」有葉受這話所威脅，而被迫與衣緒花打交道。不久，他漸漸知曉了乍看之下完美的她背負著何等心緒。身為模特的重壓，和對手之間的矛盾，跟蹤狂的陰影，以及隱藏著的孤獨與『願望』。「……我本應更相信衣緒花的。」夢想也好、願望也好、青春也好，都不是一兩句漂亮話便能了事的。被『惡魔』所附身的青春，其所歸所向究竟會在何方……,1,使用者明確要求男主角處於痛苦、恐懼或慘烈的處境（類似 Re:Zero 或《妹妹人生》的心理壓力與情感折磨）。推薦書籍雖然包含威脅和孤獨等元素，但從標籤（校園、戀愛）和簡介來看，更傾向於典型的輕小說青春戀愛劇，其「痛苦」程度與使用者追求的深度心理折磨有顯著差距，僅有淺層的衝突，不符合核心需求。
q6,很喜歡看戰爭或戰記類型的小說，不要有魔法一發收拾或莫名其妙的神器，也別機械降神，主角可以強但不要把對手變白癡，暑假到了求書來啃，斷尾或沒完結也沒關係。,292b8fe7-84fa-550c-b51b-13093b671f30,伊奇西亞諾戰物語 黑狼卿與天眼軍師,鳳乃一真,26.8,完結,"戰鬥, 戀愛, Fami通文庫, 日本輕小說",被譽為阿利翁皇國最強的黑狼卿文森特，憑藉其無人能敵的強悍令周圍的一切聞風喪膽，他唯一能夠放鬆下來的時候，只有隱藏容貌與鎮上的普通少女米婭見面的時候。就在這樣的日子裡，帝國的不敗軍師——天眼之鳳出現在守衛邊境的文森特面前。文森特最終與頭戴鐵面，據說擁有天眼的可怕軍師進行交戰，但難以置信的是，他在交戰中卻發現他的真面目卻是……！？兩名擁有雙重身份的最強人物所譜寫的戰略英雄譚，於此開幕！,3,該書主題為「戰物語」與「戰略英雄譚」，核心聚焦於最強武將與不敗軍師的對決，完全符合用戶對戰爭/戰記類小說的需求。簡介中強調戰略對抗，並未出現用戶排斥的「一發魔法」或「神器」等廉價設定，且雙強對決的設定符合用戶對於「主角可以強但對手不能白癡」的要求。
q4,"由於自己的胃口比較獨特的原因，喜歡男主被拋置於各種不利的情節或者感情中，也是因為這樣，喜歡看那些讓人看完后心緒難以平靜的小說，就我看過的來說，無職，re0，妹妹人生，異世界迷宮最深等，在某種程度上來說都有慘烈的一部分（感情上或者情節上都是），也沒有一定要轉生異世界，現實日常要是能描繪出這些來也很好了。
尤其那種男主能不斷被放置在痛苦或者恐懼之中，一邊流露出作者思考的文字的小說，再好不過。",e2f00e11-a92d-5369-88ca-5befc1adc48f,拚死迴避全滅結局。隊伍的精神出了問題。,雨糸雀,42.5,連載,"穿越, 奇幻, 魔法, 冒險, 後宮, 角川文庫, 日本輕小說",犧牲自己拯救了夥伴們以後——大家的感情都沉重過頭?!「——不要————?! 沃爾卡，不，不要死————！！」從日本轉生而來的冒險者沃爾卡。他在探索迷宮的過程中突然被強大的魔物襲擊，為保護隊友受到了瀕死的重傷。在那個瞬間，他終於意識到——這裡是他前世看過的黑暗幻想系漫畫世界，而他是會和同伴們全滅的路人角色。極其討厭壞結局的沃爾卡為了夥伴拚命戰鬥，奇蹟般地擊敗魔物。儘管失去了單眼單腳，但他仍為顛覆了隊伍全滅的命運而鬆了口氣。可是，隊伍里的少女們的狀態卻莫名變得古怪——「這次我絕對會保護好你！！所以求你了，不要拋棄我……！！」「我會一直在您身邊。——可以的吧，前輩？」「我已經決定了……要為你而死。」這是美好結局至上主義轉生者與對他懷有沉重感情的少女們的【致郁】異世界譚！,3,用戶偏好主角處於不利情境、情感痛苦或讓人心緒難平的「致郁」系作品。推薦書籍中，主角經歷了瀕死重傷（失去單眼單腳）的身體痛苦，且面對隊友們過於沉重、病態的執著感情，完全符合用戶對「男主被置於不利感情中」以及「心緒難以平靜」的需求，且作品自稱為【致郁】異世界譚，與用戶的核心意圖高度契合。
q7,"想請大家推薦一些書單希望符合以下條件
1.已經完結
2.以感情為主
希望是讀的時候可以隨著角色情緒有所起伏。並且不要轉生開無雙。",491791fe-676e-5b6e-8275-261c9bcc4a29,AI戀愛模擬遊戲,土橋真二郎,10.0,完結,"科幻, 懸疑, 戀愛, 人外, 電擊文庫, 日本輕小說",成功率百分之百的戀愛是存在的──因失戀而一蹶不振的大學生‧秋山明，接受由AI主導的戀愛模擬遊戲。交往的對象是安裝真實存在之女性資料的機器人。由於程式出錯，命中注定對象的相關資料全數「消失」。為了尋找該名女性的下落，以這場模擬約會為契機，逐漸解開眼前錯綜複雜的紅線。「──我是為了將已經斷掉的紅線重新接上，才會來到這裡。」一場宛如仲夏夜之夢的戀愛懸疑劇場就此展開。,3,該書以戀愛為核心，結合懸疑與科幻元素，能提供使用者希望的情緒起伏，且完全不涉及轉生或無雙設定，高度符合使用者的核心需求。
q7,"想請大家推薦一些書單希望符合以下條件
1.已經完結
2.以感情為主
希望是讀的時候可以隨著角色情緒有所起伏。並且不要轉生開無雙。",76f9422e-27c6-5de9-b5dc-b7064a315013,戀愛製造機,本田透,17.1,完結,"校園, 科幻, 青春, 戀愛, 歡樂向, MF文庫J, 日本輕小說",柳澤航是個過去差點變家裡蹲，但現在重新振作起來順利進入高中就讀的普通少年。然而入學第三天就因為不幸的事故，被同班的黑髮美少女˙龍宮雪名當成「變態」。為了對神秘學威興趣的地，航決定去調查神秘廢棄醫院的傳聞來挽回好感度！他在那裡發現了某樣裝置，經過一番調查後，沒想到當紅遊戲『戀愛製造機』女主角水無瀨美羽竟然實體化出現在眼前！「你和雪名同學的戀情就包在我身上！」她這話究竟是——？超越次元的戀愛喜劇，遊戲開始！轉自輕之國度,2,該書符合「感情為主」以及「非轉生無雙」的要求，但其定位為「歡樂向」的「戀愛喜劇」，可能較難滿足使用者希望在閱讀時有較強「情緒起伏」的心理需求，更傾向於輕鬆氛圍。
q7,"想請大家推薦一些書單希望符合以下條件
1.已經完結
2.以感情為主
希望是讀的時候可以隨著角色情緒有所起伏。並且不要轉生開無雙。",8cdccb75-f722-5dc4-a37a-8a6f0bb78df1,要知道有人愛你呀,河野裕,11.1,完結,"科幻, 戀愛, 女性視角, 其他文庫, 日本輕小說",千年之愛，一往情深。千年的愛戀與此刻心動的瞬間交織而成。這是一部極具現代感的流行幻想故事。千年前，某位女子拒絕了神的求婚，選擇與所愛之人一同承受輪迴轉世的詛咒。兩人歷經數世，在不同的時代相遇又別離。到了現代，帶著千年輪迴記憶的岡田杏早已放棄了尋找「命運的戀人」，與室友兼盜賊的祥子一起，享受著令和時代的生活！在人與神的奔走、跨越時空的愛與慾望混亂交織之中，這對最強搭檔悠然自得地走自己的路，展開屬於她們的故事！,3,該書核心主題為跨越千年的愛戀與輪迴，符合使用者要求的「以感情為主」以及「情緒起伏」的需求。雖然涉及輪迴轉世，但其性質是關於愛情的宿命與尋找，而非使用者排斥的「開無雙」龍傲天類型，因此高度符合使用者意圖。
q9,"想請各位大大推薦一下這類的輕小說或小說，大陸網文也可以（我就是看了某部大陸網路輕小說才想找一些這類型的故事來看

世界觀再細一點的話
就是那種奇幻元素並不普及於所有人，只有少部份人擁有特殊能力，或是一些非人種族不會輕易在人前現身，隱藏在人類社會中那種都市奇幻類型",6aa6bc55-3134-5b88-9c18-e8df5e5571ec,凡人探索者的愉快現代地下城生活,しば犬部隊,32.2,連載,"奇幻, 冒險, 戰鬥, 電擊文庫, 日本輕小說",ＴＩＰＳ€　成功討伐怪物種28號阿根廷巨鷹，你已獲得100點「經驗值」在有著地下城「巴別巨坑」，並且有超越人類智慧的「怪物」存在的這個世界，味山只人是個凡人探索者。他因為某起事件擁有了「能聽到攻略提示的異能」!?味山每天被夥伴，最強的探索者艾麗塔‧艾士菲拯救，身邊的人揶揄他是「艾麗塔的跟屁蟲」。不過他即將知曉，和「能聽到攻略提示的異能」一起獲得的「被解剖的部位『耳朵』的力量」，那是總有一天會毀滅世界，能擊敗眾多英雄的最強力量──！雖然現在還是一名凡人探索者，不過最後邁向絕對最強的冒險故事，在此揭開序幕！,1,使用者明確要求的是「奇幻元素不普及」且「隱藏在人類社會中」的都市奇幻設定。而推薦書籍雖然是現代背景，但其世界觀中存在知名的地下城「巴別巨坑」以及「探索者」這種職業，顯示奇幻元素在該世界中是公開且體制化的，而非隱藏在陰影下的秘密，與使用者的核心意圖不符。
q9,"想請各位大大推薦一下這類的輕小說或小說，大陸網文也可以（我就是看了某部大陸網路輕小說才想找一些這類型的故事來看

世界觀再細一點的話
就是那種奇幻元素並不普及於所有人，只有少部份人擁有特殊能力，或是一些非人種族不會輕易在人前現身，隱藏在人類社會中那種都市奇幻類型",c24a84f8-c2c2-52c2-abfe-cc095fdc80cc,奇幻貴公子,小野不由美,85.5,完結,"奇幻, 懸疑, 冒險, 驚悚, 女性視角, 講談社, 日本輕小說",谷山麻衣是個能在睡夢中預言或感應許多難以理解的事情的少女，她參加了學校一個社團－SPR－專門接手調查和靈異現象有關的案件。而SPR最特別的地方，就是不僅用超能力來解決事情，同時也從科學的角度去探討挖掘。其所長——涉谷一也是個冷酷英俊、頭腦聰明的超級自戀狂，所以也被稱為「那魯」。那魯身旁有位謎樣的守護者——小林，高大英挺但氣質陰沉，對於那魯是忠心耿耿，這樣的曖昧組合讓人忍不住會朝歪的方向想去，增添不少想像趣味。隨著故事的進行，陸陸續續加入了許多同伴，像是和尚、女巫、靈媒以及驅魔者，大家都在不同的案件里發揮所長盡一份力。,3,推薦書籍屬於典型的都市奇幻類，設定在現代社會中，僅有少數擁有超能力或靈異能力的人（如SPR社團成員）在隱蔽狀態下調查超自然現象，完全符合使用者要求的「奇幻元素不普及」、「少數人擁有能力」以及「隱藏在人類社會中」的核心需求。
q9,"想請各位大大推薦一下這類的輕小說或小說，大陸網文也可以（我就是看了某部大陸網路輕小說才想找一些這類型的故事來看

世界觀再細一點的話
就是那種奇幻元素並不普及於所有人，只有少部份人擁有特殊能力，或是一些非人種族不會輕易在人前現身，隱藏在人類社會中那種都市奇幻類型",4495df40-f7ee-5dd6-a710-63b03cceb8fe,狗與魔法的奇幻世界,田中羅密歐,13.3,完結,"奇幻, 魔法, 冒險, 小學館, 日本輕小說",「劍與魔法的大冒險」早已成為久遠的過去。曾經，偉大的始祖文明為大地帶來了繁榮。而後毀滅了。曾經，有過充滿了劍與冒險與神秘的時代。而後衰退了。如今，「新大陸」無比的和平。夢想著未曾有人踏足的大地，年輕人們外出冒險——這種陳年往事早已落後於這個時代了。現在的年輕人的夢想是——順利找到工作。主人公——鈦坦為了找到可以一生高枕無憂的宮廷工作，現在四處求職中。然而卻屢屢碰壁意氣消沉。名為健宇莫的中年男性出現在悲慘的鈦坦面前的，勸誘他踏上冒險的歧途。然而，現在早已不流行當冒險者了，因為填不飽肚子。健宇莫不停地說著「你有當冒險者的才能的」對鈦坦糾纏不休，鈦坦只好四處逃竄……,1,使用者明確要求的是「都市奇幻」類型，且強調奇幻元素需「隱藏在人類社會中」或「少數人擁有能力」的設定。而推薦的書籍設定在一個傳統的奇幻世界（新大陸），描述的是冒險時代衰退後的求職故事，完全不符合都市背景及隱藏身分的設定要求。
q9,"想請各位大大推薦一下這類的輕小說或小說，大陸網文也可以（我就是看了某部大陸網路輕小說才想找一些這類型的故事來看

世界觀再細一點的話
就是那種奇幻元素並不普及於所有人，只有少部份人擁有特殊能力，或是一些非人種族不會輕易在人前現身，隱藏在人類社會中那種都市奇幻類型",8573fcbf-1925-5c5c-b544-6b7913b11ab9,都市冒險王,勇嶺薰,42.9,連載,"奇幻, 冒險, 懸疑, 講談社, 日本輕小說",本書第一卷暫缺，本書卷與卷之間劇情相對獨立，可直接閱讀。天才貴公子＋熱血中學生＝？史上最強冒險二人組，轟動登場！這個世界就是這麼奇怪！有像我同班同學龍王創也這樣的富家少爺兼天才，也有像我——內藤內人這種糟糕到不行的普通傢伙。不過更奇怪的是，某個夜裡我竟然看到創也偷偷出現在我面前，而等我想用2.0的超級視力再看清楚時，他卻『咻』地一聲平空消失了！由於被創也的『瞬間移動』驚嚇過度，為了搞清楚一切，我只得接受他的挑戰！先是得硬擠進寬度只有五十公分的黑暗小巷，再以特殊鑰匙尋找埋伏著陷阱的神秘之門，更麻煩的是——我還得跟著創也進入恐怖的地下水道，一起尋找傳說中的神秘電玩高手……天啊！這麼緊張刺激的冒險生活，我的心臟會不會受不了啊？,3,該書設定在都市背景中，描述少數人（如擁有瞬間移動能力的龍王創也）擁有特殊能力，且這些奇幻元素隱藏在普通人的日常生活之下，完全符合使用者要求的「都市奇幻」以及「能力不普及、隱藏在人類社會中」的核心意圖。
q9,"想請各位大大推薦一下這類的輕小說或小說，大陸網文也可以（我就是看了某部大陸網路輕小說才想找一些這類型的故事來看

世界觀再細一點的話
就是那種奇幻元素並不普及於所有人，只有少部份人擁有特殊能力，或是一些非人種族不會輕易在人前現身，隱藏在人類社會中那種都市奇幻類型",57d8534f-1dcb-5fa0-9011-da0c0917fc83,世紀末冒險,高圓寺葵子,14.2,完結,"奇幻, 冒險, 歡樂向, 耽美, 其他文庫, 日本輕小說",BL小說，慎入！充滿活力的叛逆小子里因是火魔族的國王紅蓮王的兒子。火魔族王族有個特殊的體質，那就是初次的對像會決定魔力的強弱，可是他竟在這個重要關頭私自跑去人界，陰錯陽差地和人類……更糟糕的是，還被對方吃了霸王餐就跑了？惡魔王子里因只得與夥伴半人馬菲恩，迦樓羅族的卡拉一起，展開了一場世紀末大冒險，去尋找那個薄情漢！,1,使用者明確要求的是「都市奇幻」類型，強調非人種族或特殊能力隱藏在現代人類社會中的設定。而推薦的書籍雖然有非人種族進入人界的情節，但其核心是 BL 冒險故事，並非使用者所追求的都市隱秘世界觀，僅有極低且表層的關聯。
q9,"想請各位大大推薦一下這類的輕小說或小說，大陸網文也可以（我就是看了某部大陸網路輕小說才想找一些這類型的故事來看

世界觀再細一點的話
就是那種奇幻元素並不普及於所有人，只有少部份人擁有特殊能力，或是一些非人種族不會輕易在人前現身，隱藏在人類社會中那種都市奇幻類型",a1029df2-7f30-5c6f-a6b1-967c983d2669,不眠魔王與克蘿諾的世界,明月千里,40.8,完結,"校園, 奇幻, 冒險, 後宮, 青梅竹馬, GA文庫, 日本輕小說",「我與你立下了鮮血的契約，是不爭的事實。」「給我等一下！不要在眾目睽暌之下做引人誤會的發言好嗎！」在現代社會中，有一種稱為「世界」的異能，能夠訂立屬於自己的「法則」，而能夠行使這種異能的超能力者就稱為「世界使」。高中生神木凪夜遇見了一名自稱「魔王」的少女。「我的名字是禍刻克蘿諾。身為『魔王』之一，總有一天將會統治這個世界。」因為一場克蘿諾引起的無妄之災而遇害的阿夜，開始與她一同查明城市中發生的「神隱」事件之真相。捨棄「正義」的少年，與立志成為正派「魔王」的孤獨吸血鬼少女，將展開一場異世界交錯的校園奇幻劇！,3,該書設定在現代社會，且異能（世界使）僅由少部分人擁有，並包含隱藏在人類社會中的非人種族（吸血鬼/魔王），完全符合使用者要求的「都市奇幻」以及「奇幻元素不普及、隱藏在人類社會中」的核心需求。
q6,很喜歡看戰爭或戰記類型的小說，不要有魔法一發收拾或莫名其妙的神器，也別機械降神，主角可以強但不要把對手變白癡，暑假到了求書來啃，斷尾或沒完結也沒關係。,b2da8c6f-d10c-50b2-a681-f64b7a7eed1c,克羅洛戰記 轉移到異世界的我，最擅長的好像只有床上功夫,サイトウアユム,56.6,連載,"轉生, 戰鬥, 經營, 後宮, 人外, HJ文庫, 日本輕小說",「克羅洛大人。請讓我留在您身邊。」傳送到異世界三年後，克羅洛成為率領一千名亞人的指揮官，而且不知何故被推上前線迎擊一萬名敵軍!!歷經一番苦戰，好不容易擊退了敵人的克羅洛，這次又被推舉成為領主！！以現代日本的價值觀和貧乏的知識為武器，大刀闊斧地展開領地改革，與此同時，有愈來愈多的美女和美少女聚集到他身邊──「今晚請好好寵愛我吧。」「我的意思是你想對我怎樣都可以唷？」有戰鬥、有內政、有夜生活，百般忙亂的情色王道戰記！！,1,使用者明確追求的是具有深度、邏輯合理且排除低級套路（如對手白癡、機械降神）的戰爭/戰記小說。雖然推薦書籍標題包含「戰記」且涉及軍事對抗，但其核心定位是情色後宮輕小說（HJ文庫），重點在於夜生活與後宮經營，與使用者想要「啃」的嚴肅軍事文學意圖嚴重不符，僅有表面上的類別重疊。
q7,"想請大家推薦一些書單希望符合以下條件
1.已經完結
2.以感情為主
希望是讀的時候可以隨著角色情緒有所起伏。並且不要轉生開無雙。",7cfec2c1-c5da-539d-a1e7-7b11a8081fa7,你喜歡被可愛女生攻陷嗎？,天乃聖樹,49.7,完結,"青春, 戀愛, 歡樂向, 後宮, GA文庫, 日本輕小說","「北御門先生，這是遊戲喔——如果愛上對方，就會成為奴隸呢。」南條家掌控著日本黑社會。北御門帝落入南條家女兒——姬沙的陷阱裡面弱點也被掌握在對方手中。姬沙提議要玩一場「愛情遊戲」，一旦喜歡上對方就要認輸。帝未來將成為背負日本命運的政治家，且擁有未婚妻，必須與醜聞絕緣。他決定挑戰這個賭上彼此將來的遊戲,但姬沙的誘惑讓帝數度差點失去理性。理所當然地，他喜歡上了姬沙。而姬沙亦是如此……廢柴策略家的甜美愛情遊戲就此揭關序幕！",3,本書的核心主題為戀愛，且設定在現代青春背景，完全符合使用者要求「以感情為主」以及「不要轉生開無雙」的條件。劇情描述中關於愛情遊戲的拉扯與誘惑，能滿足使用者希望情緒有所起伏的需求。
q9,"想請各位大大推薦一下這類的輕小說或小說，大陸網文也可以（我就是看了某部大陸網路輕小說才想找一些這類型的故事來看

世界觀再細一點的話
就是那種奇幻元素並不普及於所有人，只有少部份人擁有特殊能力，或是一些非人種族不會輕易在人前現身，隱藏在人類社會中那種都市奇幻類型",f64d7574-0e21-5850-a78f-a4a32f5f2149,雖然世界變成怪物橫行 有可以依賴的貓就沒問題,よっしゃあっ！,10.9,連載,"奇幻, 末日, 冒險, 戰鬥, 女性視角, GA文庫, 日本輕小說",和三花貓哈爾同住的社會新鮮人九條菖蒲，在買晚餐回家的途中世界頓時風雲變色。完全變了樣的街道、襲擊人類的怪物，還有覺醒了天賦技能的人們──一片混亂之中，菖蒲和哈爾在機緣巧合之下成功解決一頭巨大怪物，而菖蒲的腦海里也那一瞬間響起了一個聲音。《九條菖蒲的LV自1提升至10》，《在混沌神域中初次成功討伐的結果已記錄──獲得討伐獎勵「檢索」技能》。菖蒲便在這個契機之下，運用檢索技能，在怪物橫行的現實世界裡絕地求生──甚至不單單只有菖蒲覺醒了技能，她的愛貓哈爾竟也得到了超有用的作弊級技能「變換」……!?和可愛又值得信賴的毛茸茸貓咪一起在這充滿危險怪物的世界闖蕩，大肆擼貓的全新生存故事正式展開！,1,用戶明確要求的是「都市奇幻」類型，且強調奇幻元素需「隱藏在人類社會中」且「非普及」。然而推薦的書籍屬於「末日/怪物入侵」設定，世界觀已變為怪物橫行的混亂狀態，而非將能力隱藏於正常社會中，與用戶的核心需求（隱秘的超自然社會）不符。
q9,"想請各位大大推薦一下這類的輕小說或小說，大陸網文也可以（我就是看了某部大陸網路輕小說才想找一些這類型的故事來看

世界觀再細一點的話
就是那種奇幻元素並不普及於所有人，只有少部份人擁有特殊能力，或是一些非人種族不會輕易在人前現身，隱藏在人類社會中那種都市奇幻類型",df19ed26-1199-54a3-adc9-57bbe99145bc,被貶職的【無能】宮廷魔法使，沒有魔法其實已是最強,すかいふぁーむ,7.1,連載,"奇幻, 冒險, 戰鬥, 龍傲天, 後宮, 集英社, 日本輕小說",在這個世界，只有到了25歲還保有童貞的人，才能夠成為魔法使——!?作為宮廷魔法使守護邊境城鎮的吉格，某天突然遭到解職。眾人瞧不起不會使用魔法的吉格，認為他是被王都貶黜的「無能之人」。實際上，吉格總是赤手空拳在進行討伐魔獸的任務，不過即便他告知事實，鎮長一行人依舊不願聽他解釋，他便被城鎮放逐。然而城鎮卻因此開始崩壞──……無處可去的吉格走在下起雨的森林中，遇到了一位名叫露璐娜的不可思議美少女。她似乎之前就知道吉格的身分，最後甚至打算和吉格一同以王都為目標!?被譏笑「無能」又被貶職的魔法使，在邊境和夥伴一起開無雙的崛起逆襲奇幻故事！,0,用戶明確要求的是「都市奇幻」類型，且強調奇幻元素需隱藏在人類社會中（少數人擁有能力、非人種族不輕易現身）。而推薦的書籍是典型的傳統西幻設定（宮廷魔法使、邊境城鎮、討伐魔獸），魔法在該世界觀中是公開且制度化的，完全不符合用戶對「隱藏於現代/人類社會」的核心需求。
q9,"想請各位大大推薦一下這類的輕小說或小說，大陸網文也可以（我就是看了某部大陸網路輕小說才想找一些這類型的故事來看

世界觀再細一點的話
就是那種奇幻元素並不普及於所有人，只有少部份人擁有特殊能力，或是一些非人種族不會輕易在人前現身，隱藏在人類社會中那種都市奇幻類型",76210a4e-206a-565a-9567-189f7ef4cf15,我家有個地下城,天羽伊吹清,12.3,連載,"奇幻, 歡樂向, 冒險, 妹妹, 電擊文庫, 日本輕小說",從某個時期開始世界上出現了大量的地下城，結果讓整個世界充斥了魔物與魔法。這樣非日常的景象已然成了現代社會日常生活的一部分。而在這個世界的某個角落，極為平凡的日暮坂兄妹剛搬入的新家……底下竟有一座巨大的地下城！於是個性令人遺憾的型男哥哥慧慈，便與吐槽哥哥不遺餘力的妹妹得藻，兩人一起戰戰兢兢地踏進了這座地下城……究竟這個遼闊的地下城以及其創造者「魔王」的秘密是……？而可愛的魔物女孩們，又是有著什麼樣不可告人的隱情……？喧鬧歡樂非日常系日常RPG動作喜劇，在此揭開序幕！,1,使用者明確要求奇幻元素「並不普及」、「隱藏在人類社會中」的都市奇幻設定，但推薦書籍描述的世界觀是魔物與魔法已成為「現代社會日常生活的一部分」，與使用者的核心需求（隱藏設定）正好相反。
q9,"想請各位大大推薦一下這類的輕小說或小說，大陸網文也可以（我就是看了某部大陸網路輕小說才想找一些這類型的故事來看

世界觀再細一點的話
就是那種奇幻元素並不普及於所有人，只有少部份人擁有特殊能力，或是一些非人種族不會輕易在人前現身，隱藏在人類社會中那種都市奇幻類型",0330617a-e715-5185-bcbb-fea2690204e8,副教授高槻彰良的推測,澤村御影,21.4,連載,"奇幻, 冒險, 懸疑, 異能, 角川文庫, 日本輕小說",★改編電視劇＆漫畫 超人氣作品★熱愛鄉野奇談副教授與身懷特殊能力學生★令人耳目一新的民俗學推理冒險！南轅北轍師生搭檔，挑戰「解釋」靈異現象和都市傳說謎團。節奏輕快的民俗學推理故事，即將開課！大學生深町尚哉具有鑒別謊言的特異能力，因此總是孑然一身。他將誤闖神秘祭典的兒時過往寫進報告後，竟被到處收集神怪事件的民俗學副教授高槻相中，成為其助手。而開心調查著鬧鬼凶宅和詛咒稻草人偶的高槻，其實也曾有過一段奇妙經歷──,3,該書設定為現代都市背景，且奇幻/靈異元素並非普及，而是由具有特殊能力的人（如能分辨謊言的學生）與研究民俗學的教授去調查隱藏在社會中的都市傳說與靈異現象，完全符合使用者要求的「都市奇幻」以及「少數人擁有能力且隱藏在人類社會中」的核心需求。
q9,"想請各位大大推薦一下這類的輕小說或小說，大陸網文也可以（我就是看了某部大陸網路輕小說才想找一些這類型的故事來看

世界觀再細一點的話
就是那種奇幻元素並不普及於所有人，只有少部份人擁有特殊能力，或是一些非人種族不會輕易在人前現身，隱藏在人類社會中那種都市奇幻類型",daa304d8-41df-5d57-8f6a-03db563cbc24,從路人角色開始的探索英雄譚,海翔,28.4,連載,"奇幻, 戰鬥, 冒險, 龍傲天, 後宮, 青梅竹馬, HJ文庫, 日本輕小說",從不起眼的底層探索者邁向成功之路！能力值低到堪稱路人角色的高中生•高木海斗是個平凡無奇的探索者，每天都在日本出現的迷宮中狩獵史萊姆，努力賺取零用錢的同時，也暗戀著身為班上女神的童年玩伴。有一天，在他面前出現了一隻從未見過的金色史萊姆。海斗在困惑之餘擊敗它後，居然得到了能召喚出神話級存在的從者卡片，此乃價值數億的超稀有道具！！當他下定決心進行召喚之後，一名美得超乎人類想像的女武神就此現身──從路人探索者蛻變成大人物吧！現代奇幻戰鬥故事開幕！,1,使用者明確要求的是「奇幻元素不普及」、「隱藏在人類社會中」的都市奇幻設定。而推薦的書籍雖然是現代背景的奇幻故事，但其設定為「日本出現迷宮」且主角身為「探索者」狩獵賺錢，顯示奇幻元素已在社會中普及化或制度化，而非隱藏狀態，與使用者的核心需求不符。
q9,"想請各位大大推薦一下這類的輕小說或小說，大陸網文也可以（我就是看了某部大陸網路輕小說才想找一些這類型的故事來看

世界觀再細一點的話
就是那種奇幻元素並不普及於所有人，只有少部份人擁有特殊能力，或是一些非人種族不會輕易在人前現身，隱藏在人類社會中那種都市奇幻類型",93029997-295e-50b2-856f-605fa73ed9d5,魔王都市,ロケット商會,27.7,連載,"奇幻, 冒險, 懸疑, 犯罪, 戰鬥, 小學館, 日本輕小說",人類與魔族的共存特區尼爾嘉．泰德──通稱魔王都市。在七名魔族所統治的這座城市，其中一王遭到殺害。失衡的情勢使社會陷入極度的緊張，認為事態非同小可的人類聯邦司法廳「不滅工房」決定派遣勇者之女奧爾塞莉莎前往魔王都市。與她搭檔的是人稱廢柴奇德的搜查官。勇者之女依法伸張正義，不良搜查官則不惜違法也要貫徹道義。在暴力與陰謀錯綜複雜的混沌都市，這對超乎常理的奇妙搭檔將展開搜查。兩人能阻止鬥爭，揪出幕後黑手嗎──世界毀滅級的犯罪懸疑，在此揭幕。,2,這本書屬於都市奇幻類型，且包含非人類種族與特殊能力，符合部分需求。但使用者明確要求「奇幻元素不普及」且「隱藏在人類社會中」，而本書設定為人類與魔族共存的「特區」，屬於公開的共存狀態，而非秘密隱藏，因此在核心設定上有所偏差。
q10,"像是果青友少這種的
年份的話最近三到五年為主
背景是校園戀愛喜劇為主
有複數女角讓男主多選一
啊不要開場就有女朋友鎖死的
那種我覺得其他女角只是浪費時間而已",6ccd2b9a-9429-5373-8b36-c2a154d6bf0d,這個△戀愛喜劇有獲得幸福的義務,榛名千紘,33.0,連載,"校園, 青春, 戀愛, 歡樂向, 後宮, 電擊文庫, 日本輕小說",「為什麼你會被麗良喜歡上啊！？」平凡的高中生·矢代天馬偶然得知同班的冷酷系美少女·皇凜華十分溺愛身為她兒時玩伴的清純系美少女·椿木麗良。之後天馬開始幫助凜華讓她和麗良的關係更加親密——「既然矢代君沒有在和凜華交往，那我能不能當你的女友候補呢？」「矢代，你做了什麼！？」然而麗良喜歡上了天馬，他和校內的兩位美少女發展成了三角關係！錯綜複雜的這段戀情究竟會如何……！？電擊小說大獎「金獎」獲獎作！戀愛喜劇史上最幸福的三角關係開始了！,3,該書完全符合使用者的需求：設定為校園戀愛喜劇，具有後宮/三角關係（多名女角可選），且開場男主角並未與任何角色鎖定關係，且風格與提到的青春校園作品相近。
q10,"像是果青友少這種的
年份的話最近三到五年為主
背景是校園戀愛喜劇為主
有複數女角讓男主多選一
啊不要開場就有女朋友鎖死的
那種我覺得其他女角只是浪費時間而已",ec7550d9-0e52-57ed-9d11-7796140f082c,雙生子一起當「女朋友」不好嗎？,白井ムク,19.0,連載,"校園, 青春, 戀愛, 後宮, 歡樂向, 富士見文庫, 日本輕小說",「咦？告白的人是我耶！」「可是被告白的人是人家。」有時候輪流約會，有時候三人一起。雙生子同步進攻的戀愛喜劇！學年成績第一名的同年級美少女──宇佐見，性格正經是廣為人知的事，但她其實還有不同的一面。放學後會去遊樂場玩，還會露出天真無邪的笑容。為了和她增進情誼，我在校園裡陪伴她，放學後則和她一起玩，我們的感情分別在這兩個場所慢慢加深，而宇佐見終於在放學回家路上向我告白！我接受她的心意，之後在遊樂場也將心意傳達給她。這下子我們就兩情相悅了……才剛這麼想，卻又出現了另一位宇佐見！宇佐見千影與光莉──她們其實是雙胞胎！告白也同時成立？而且在兩人的提議之下，沒想到我竟然要和雙方交往？,3,該書完全符合用戶的需求：背景為校園戀愛喜劇，具有複數女角（雙胞胎）且屬於後宮向，且開場並非單一女友鎖死，符合用戶希望有選擇空間且不浪費其他女角設定的偏好。
q10,"像是果青友少這種的
年份的話最近三到五年為主
背景是校園戀愛喜劇為主
有複數女角讓男主多選一
啊不要開場就有女朋友鎖死的
那種我覺得其他女角只是浪費時間而已",1b502f3d-cc40-59a9-87a5-1dcb4cd97e99,朋友以上出軌未滿的她們,飴月,9.2,連載,"校園, 青春, 戀愛, 歡樂向, 後宮, 大小姐, 富士見文庫, 日本輕小說",這段關係絕對不純……但，這實在不能告訴老家的由奈。「我喜歡你。超喜歡你」「我，就算異地也絕對不會分手的」綠屋四季有女朋友。才色兼備且身為大小姐的她深愛著四季。四季離開她來到了東京——「要是沒有我四季君會很困擾呢」「我，只會主動跟喜歡的人說話哦～？」「誒嘿嘿。阿四好久不見」入學後四季遇到了三位女同學。溫柔體貼會照顧人的櫻庭春，開朗明亮常捉弄他的夏川葵，於學校再會的舊相識秋晴涼。與個性孤立的四季有著相似煩惱的她們，漸漸對他有了好感，關係逐漸升溫。知道四季有女朋友卻依舊——這，這怎麼能算出軌！,1,該書雖然符合校園、戀愛喜劇以及後宮（多女角）的設定，但使用者明確要求「不要開場就有女朋友鎖死」，而本書的劇情核心正是男主角在已有女朋友的情況下與其他女角發展關係，直接觸犯了使用者最在意且明確排除的條件。
q10,"像是果青友少這種的
年份的話最近三到五年為主
背景是校園戀愛喜劇為主
有複數女角讓男主多選一
啊不要開場就有女朋友鎖死的
那種我覺得其他女角只是浪費時間而已",36ccfa19-6bea-58ec-9e43-87c085a268d0,好友角色的我怎麼可能大受歡迎？,世界一,26.2,連載,"校園, 歡樂向, 青春, 戀愛, 後宮, 其他文庫, 日本輕小說",我•友木優兒因為天生眼神兇狠，被貼上了不良少年的標籤。除了身為『主角角色』的池春馬以外，沒有人敢靠近我。本應如此――我卻忽然被人告白。「學長，你能不能和我交往呢？」而且，對方還是春馬的妹妹、位居校園金字塔頂端的美少女•池冬華。納悶不解的我問出了冬華向我告白的真正用意，並與她成為了『假戀人』，但她卻不分場合地黏著我！？我們之間的關係在學校中傳開來後，連春馬的青梅竹馬與美女老師也和我產生關聯。我身陷校園戀愛喜劇般的狀況之中，但她們怎麼可能會喜歡我……你問為什麼？因為好友角色的我怎麼可能大受歡迎？,3,此書完全符合用戶要求的校園戀愛喜劇設定，標籤包含「後宮」且劇情涉及多位女性角色（美少女、青梅竹馬、女老師），且開場的「假戀人」設定並非鎖死關係，符合用戶希望男主能多選一的偏好。
q11,"最近人比較負面，
想看一些有共鳴的小說。
有沒有那種「我一個人爛就好了別搞其他人」的主角的輕小說？以前看大老師自暴自棄滿戳中我的。
宅宅現實找不到人取暖，希望能找輕小說取。",30bbab1b-e790-50a4-b8ef-52873eb6a664,即使，這道淚光今晚就會從世界上消失,一條岬,8.6,完結,"輕文學, 校園, 青春, 戀愛, 女性視角, 其他文庫, 日本輕小說",再哭一次就好，徹底哭完這最後一次，所有的淚水都被留在今夜，幸福，就從明天開始……我叫成瀨透，是個平凡的大學生。但這樣的我，卻對一個「特別」的人一見鍾情。她叫綿矢泉，大我一歲，有著烏黑的短髮、深邃的眼睛，但不知為何，她美麗的臉龐上卻泛著悲傷……我想讓這張臉綻放只屬於我的笑容。「學姐，我……喜歡妳。」面對我的告白，她只是平淡的說：「要交往可以，但有個條件，不可以真心喜歡上我，你能遵守嗎？」我不知道這句話是什麼意思，但無論如何，我的答案只有：「好！」一場「虛幻」的戀愛就此展開──我們看似普通情侶，之間卻始終隔著一層紗，她總是靜默地深思，總是冷淡地回覆訊息，總是對我的溫柔很抗拒。直到我遇見學姐高中時的摯友日野真織，她罹患怪病，記憶每天都會重新歸零。在那本寫滿「過去」的日記里，我終於知曉了學姐那個說不出口的秘密……,1,使用者明確尋找像《果青》大老師那樣「自暴自棄」、「我一個人爛就好」的負面/孤僻主角以尋求共鳴。而推薦的小說是一部關於失憶與遺憾的純愛悲劇，主角設定為平凡的大學生，並不符合使用者要求的「自厭/社會邊緣人」角色特質，僅在「憂鬱氛圍」上有微弱的交集。
q11,"最近人比較負面，
想看一些有共鳴的小說。
有沒有那種「我一個人爛就好了別搞其他人」的主角的輕小說？以前看大老師自暴自棄滿戳中我的。
宅宅現實找不到人取暖，希望能找輕小說取。",ddb0320f-f636-5b55-8e26-f1be86d13e1c,青空與陰天,三秋縋,2.4,完結,"輕文學, 奇幻, 青春, 戀愛, JK, 電擊文庫, 日本輕小說",意外獲得操控他人身體能力的青年，自稱「清潔工」，並以操控他人自殺的形式殺人。這次，他的目標是個高中少女。但在他操控少女留下遺書之後，卻遭到突如其來的反抗……一邊是一心求死的少女，一邊是打算剝奪她「求死意志」的殺手。對少女來說，一段無比幸福又無比殘酷的夏天即將展開──,1,使用者尋找的是像《大老師》那樣「自暴自棄但不想牽連他人」的孤僻主角，以獲得共鳴與慰藉。而推薦書籍的主角是一名操縱他人自殺的殺手，其行為與「別搞其他人」的核心需求完全相反，且故事基調過於黑暗，不符合使用者尋求「取暖」與「共鳴」的意圖。
q11,"最近人比較負面，
想看一些有共鳴的小說。
有沒有那種「我一個人爛就好了別搞其他人」的主角的輕小說？以前看大老師自暴自棄滿戳中我的。
宅宅現實找不到人取暖，希望能找輕小說取。",3012c2d9-e2d0-54f6-a897-6d7a347c9eac,請別來管我 不知為何她想改變孤狼這沒救的高中生活,相崎壁際,17.9,連載,"轉生, 校園, 青春, 戀愛, 後宮, 妹妹, GA文庫, 日本輕小說",「開個脫孤的作戰會議吧。」這是個關於我與她的故事，最糟也是最棒的二周目高中的戀愛喜劇。戀愛，友情，燦爛的青春。我滿懷期待的高中生活——最終還是孤獨地結束了。然後迎來畢業典禮的前一天……。「不要死！七村同學！」為了保護讓模特都自愧不如的美女·花見辻空，我被卡車碾過而人生落下了帷幕……應該是這樣的。「應該是神明一時心血來潮吧」但是，以此事故為契機，我和花見辻同學一起回到了高中一年級的入學典禮那天。二周目的高中生活不再期待燦爛的青春，本想老老實實、孤零零地度過的……她提出不能這樣。「就由我來幫你脫孤」這是關於我在第二次高中生活的故事，最糟也是最棒的青春戀愛喜劇。,3,主角在二周目的人生中希望維持孤獨、不想被他人干涉的狀態，與使用者要求的「一個人爛就好」、「不搞其他人」以及提及的《果青》大老師（比企谷八萬）的人設高度契合。雖然故事走向是戀愛喜劇，但核心切入點完全符合使用者的共鳴需求。
q11,"最近人比較負面，
想看一些有共鳴的小說。
有沒有那種「我一個人爛就好了別搞其他人」的主角的輕小說？以前看大老師自暴自棄滿戳中我的。
宅宅現實找不到人取暖，希望能找輕小說取。",8bb81a74-5f80-5b8b-ab6b-fac982b80b02,喜歡愛情喜劇的主人公嗎？,利苗誓,152.5,連載,"青春, 戀愛, 校園, 大小姐, 輕文學, JK, 後宮, syosetu, Web輕小說",赤石悠人經常感到疑惑。「聰助～你今天也好帥哦～我最喜歡你了～」「是是是，你老是這麼說。」「等一下……你這傢伙！你剛才看了志緒的胸部吧!? 」「我……我哪有看！你為什麼每次都要打我啊！」為什麼能力和自己差不多的男人，會受到各種美少女青睞呢？赤石悠人想要找出原因。這是個受到五個美少女青睞，經常開後宮的戀愛喜劇主角(假主角)，以及對戀愛喜劇主角抱持批判態度，沒什麼特別之處，只是個配角的男學生（真主角）的故事。標榜合理主義的男學生，與各種各樣的人相處、學習、自嘲、痛苦、面對自我，逐漸成長。※主角對任何人都會做出致命一擊，所以個性很差。戀愛喜劇基本上會遵循王道。戀愛喜劇與文學要素的組合，是輕文藝（自認）。純文學的優點與戀愛喜劇的優點的混合作品（自認）,2,使用者尋找的是像《果青》大老師那樣，自認為「爛」且傾向於自我犧牲或孤立，而不願牽連他人的角色，以尋求負面情緒的共鳴。推薦的書籍中，主角同樣具有自嘲、批判現實、面對自我痛苦且與「王道主角」相對立的特質，在氛圍與設定上與《果青》有相似之處。然而，書中提到主角「對任何人都會做出致命一擊」且「個性很差」，這種主動的攻擊性與使用者要求的「我一個人爛就好了別搞其他人」的消極/被動特質有所出入，因此雖然方向接近，但並非完美契合。
q12,"想找一些日常系小說類型，希望劇情節奏安排和對話有趣些。
其它元素能接受百合、戀愛、生活、學校類型，有談話間交流劇情。",cee7f5c1-4f98-5c74-aaee-41532c375fad,初戀 Signal,玉置こさめ,2.3,完結,"校園, 青春, 戀愛, 百合, 其他文庫, 日本輕小說",櫻庭志乃在升學到三葉高中的時候遇到了清宮飛鳥。原本認為自己絕對不會和認真的飛鳥有所交集的志乃，卻被她說了一句「如果可以的話，能和我當朋友嗎？」……!?這是一部充滿心動與可愛的、性格截然相反的兩位女孩間甜蜜又令人心動的百合戀愛故事！,3,推薦書籍完全符合用戶要求的「百合」、「戀愛」、「校園」以及「日常」元素，且故事設定著重於性格截然不同的兩位少女間的互動與情感交流，與用戶希望看到有趣對話與日常節奏的需求高度契合。
q12,"想找一些日常系小說類型，希望劇情節奏安排和對話有趣些。
其它元素能接受百合、戀愛、生活、學校類型，有談話間交流劇情。",ca8a19e8-5a35-5100-85d8-33a5515d4dc6,與她女友的不純初戀,Akeo,16.7,連載,"校園, 青春, 戀愛, 百合, 女性視角, 電擊文庫, 日本輕小說",我和有女朋友的她同居——「我來教妳念書，作為交換，暑假前讓我住在妳家吧」如果這次考試再不及格，我的獨居生活就會結束。走投無路的我——雪，稀里糊塗地答應了學內第一美女——司的提議。但是，我親眼看見了。司在公園裡和同班的女生接吻。總是用曖昧的距離靠近我，讓我感到困擾的司，竟然已經有了「女朋友」。我的朋友弓莉說，就算是同性之間，同居這種行為也能算「劈腿」，因此強烈反對我們的同居，但司卻毫不在意。不過，我的成績的確有了進步，和司一起生活也逐漸變得有趣。「如果沒有戀愛感情，那就不算劈腿」或許是這樣，但————沒關係的，只要我依舊不懂愛情，大家就能一直幸福下去了吧？,3,推薦書籍完全符合用戶要求的「校園」、「戀愛」、「百合」以及「生活」元素。劇情設定為同居生活，屬於典型的日常系校園輕小說，且側重於角色間的情感互動與對話交流，高度契合用戶的搜索意圖。
q13,"我很喜歡搞笑類，誤會系剛好能戳到我的笑點，
看了會有種「這群人的腦迴路到底怎麼長的」的感覺，（像電玩咖這種的）
當然不需要全程搞笑，後面進入主線開始嚴肅起來我還是能接受的（素晴、腦礙這種的）",17ef916b-a250-5d6d-a36a-fe2f7a0983b1,CHOICE,y☆yy,1.4,連載,"戀愛, 青春, 歡樂向, 青春日常, 華文輕小說",「請別那麼優柔寡斷!」她對我說。「我也知道我比較年長，不應該那麼幼稚，應該退一步才是。」說喜劇不是說是胃痛也不是，但總之，滿歡樂的吧!,1,使用者明確要求的是「誤會系」以及具有「崩壞腦迴路」特質的強烈搞笑風格（如《素晴》），而推薦的書籍雖然標記為歡樂向，但其核心是青春戀愛與日常，且簡介中提到「說喜劇不是說是」，顯然缺乏使用者所追求的荒誕幽默感，僅有淺層的歡樂氛圍。
q13,"我很喜歡搞笑類，誤會系剛好能戳到我的笑點，
看了會有種「這群人的腦迴路到底怎麼長的」的感覺，（像電玩咖這種的）
當然不需要全程搞笑，後面進入主線開始嚴肅起來我還是能接受的（素晴、腦礙這種的）",99ff979c-146b-5703-8b32-1ca4b4aec097,田舍兄妹？,zzkr,5.1,連載,"青春, 戀愛, 歡樂向, 病嬌, 妹妹, 青春日常, 華文輕小說",我和妹妹回到父親的老家，夏日生活正式開始！隔壁的兩姊妹性格意外的反差。有些事情，哥哥現在還不知道呢。,1,用戶明確要求的是「誤會系」且角色邏輯獨特（腦迴路奇怪）的強烈搞笑作品（如《素晴》），而推薦的作品雖然標記為「歡樂向」，但從簡介來看，其核心更傾向於青春戀愛、日常以及病嬌元素，缺乏用戶所追求的荒誕喜劇感或由誤會驅動的笑點，僅有表面的類型重疊。
q13,"我很喜歡搞笑類，誤會系剛好能戳到我的笑點，
看了會有種「這群人的腦迴路到底怎麼長的」的感覺，（像電玩咖這種的）
當然不需要全程搞笑，後面進入主線開始嚴肅起來我還是能接受的（素晴、腦礙這種的）",59f93d90-8ef1-5c7e-8fd7-f519554217d2,戀人交換,冷涼富貴,16.6,連載,"校園, 青春, 戀愛, NTR, 歡樂向, kakuyomu, Web輕小說",有一天，我發現我的女友出軌了。然後，我正在想這到底是怎麼回事，綠我那個人的女朋友來找我，希望能交換情報。來得正好，就讓出軌者看看地獄的樣子吧。順便，也展望一下新的未來吧。就是這樣的故事。這是部捏他滿載的喜劇作品。,1,使用者明確要求「誤會系」且具有「荒謬腦迴路」的搞笑風格（如《素晴》），而推薦的作品雖然標榜為喜劇，但其核心主題是關於出軌、復仇與戀人交換，屬於特定口味的校園戀愛喜劇，缺乏使用者所尋求的誤會系元素與那種純粹的荒誕感，僅在「搞笑」這一大類上有表面交集。
q15,"喜歡的類型 是異世界 轉生 重生 穿越 校園異能 幻想世界 劍與魔法 主角最強 多後宮 戰鬥要夠中二 都行
夠套路
要男主 一定要有戰鬥 後宮 沒後宮也沒關係但要有女主 如果主角拿的是劍我會更開心
不接受有沒男主的 例如蜘蛛又怎樣 能力值平均 怕痛的我
不接受虐主的 除了re 0 是因為動畫入坑的 除非前面虐後面很爽的這樣可以例如平職
需要裝逼讓我看的會高潮的 所以無職轉生我看不下去因為太真實太哭逼了",5ee6f050-29e4-593e-b935-018f6cfb6a13,無屬性魔法的救世主,武藤健太,36.0,連載,"轉生, 魔法, 戰鬥, 龍傲天, 後宮, 其他文庫, 日本輕小說",一名男子因交通事故喪失性命，但是他在另一個世界重獲新生，以亞斯拉這個身分成功轉世，同時依然保有前世的記憶……他轉生到一個魔法高度發展的世界。在那個世界裡，每個人誕生時都會被授予一項屬性魔法，共分為火、水、風、土四種，另外還有僅授予特定種族的神聖魔法與暗黑魔法。在各種魔法中，最不受歡迎的是沒有任何屬性的無屬性魔法。亞斯拉被授予的恰恰就是無屬性魔法，他開始利用前世的知識與經驗，克服各種困難。他遇見了夥伴、找到自己在異世界的生活目標，而當他發現無屬性魔法的真正力量時，故事將急速發展──,3,推薦書籍完全符合使用者的核心需求：包含異世界轉生、男主角、後宮以及龍傲天（主角最強）屬性。劇情設定（初始被視為弱小的無屬性魔法，後反轉為最強力量）非常符合使用者要求的「套路」與「裝逼」快感，且屬於典型的幻想魔法世界，無虐主傾向，與使用者偏好高度契合。
q15,"喜歡的類型 是異世界 轉生 重生 穿越 校園異能 幻想世界 劍與魔法 主角最強 多後宮 戰鬥要夠中二 都行
夠套路
要男主 一定要有戰鬥 後宮 沒後宮也沒關係但要有女主 如果主角拿的是劍我會更開心
不接受有沒男主的 例如蜘蛛又怎樣 能力值平均 怕痛的我
不接受虐主的 除了re 0 是因為動畫入坑的 除非前面虐後面很爽的這樣可以例如平職
需要裝逼讓我看的會高潮的 所以無職轉生我看不下去因為太真實太哭逼了",04b89fa3-3287-5464-a469-d7c23f4817a6,貴族轉生 ～得天眷顧一出生就獲得最強力量～,三木なずな,23.1,連載,"轉生, 魔法, 戰鬥, 龍傲天, 後宮, 電擊文庫, 日本輕小說",世界最強的六歲小孩．諾亞，生來便是人生勝利組的皇帝第十三子，加上與生具來就擁有等級無上限，還能將追隨者的能力加到自身能力之上的作弊級技能。因為王位繼承順位排得相當後面，諾亞向來也是在自己的領地悠哉生活。然而他為人公正又具備聰明才智，年僅六歲便幫助了差點被賣掉的女僕、受到脅迫的歌手，更成功收服了水之魔劍利維坦。在每天自由自在的生活中，將最強的力量、最強的部下收於麾下。而就在此時，王位的繼承人選卻改為無關原先繼承順位與排名，由皇子彼此公平競爭。身懷最強力量，足智多謀又有夥伴的諾亞，能否勝過其他皇子，最終坐上擁有世上至高權力的皇帝寶座——！？,3,這本書完美符合用戶的所有需求：異世界轉生、男主角最強（龍傲天）、包含後宮元素、有戰鬥且主角使用魔劍。劇情設定為「人生勝利組」，具備強烈的作弊感與裝逼元素，完全沒有用戶排斥的虐主或過於現實的壓抑感，是極高匹配度的推薦。
q15,"喜歡的類型 是異世界 轉生 重生 穿越 校園異能 幻想世界 劍與魔法 主角最強 多後宮 戰鬥要夠中二 都行
夠套路
要男主 一定要有戰鬥 後宮 沒後宮也沒關係但要有女主 如果主角拿的是劍我會更開心
不接受有沒男主的 例如蜘蛛又怎樣 能力值平均 怕痛的我
不接受虐主的 除了re 0 是因為動畫入坑的 除非前面虐後面很爽的這樣可以例如平職
需要裝逼讓我看的會高潮的 所以無職轉生我看不下去因為太真實太哭逼了",44847a8f-cd5c-50a9-8701-2a5a70b08257,魔王陛下RETRY！,神埼黑音,11.8,連載,"轉生, 魔法, 戰鬥, 歡樂向, 龍傲天, 後宮, 其他文庫, 日本輕小說",最強魔王為異世界帶來恐怖與歡笑！平凡無奇的社會人士‧大野晶，在以人稱「魔王」的角色登入自己負責營運的遊戲時，竟穿越到了異世界。他在那裡遇到一個單腳不良於行的女孩，跟她一起展開了旅程，但各方不可能對擁有壓倒性力量的「魔王」置之不理。國家及聖女為了討伐魔王而盯上他，一行人所到之處不斷引發騷動。外表是魔王、內在卻是普通人，會錯意類型奇幻故事登場！,3,該書完全符合用戶的需求：包含異世界穿越、男主最強（龍傲天）、有戰鬥、有後宮標籤，且屬於典型的爽文套路，滿足用戶希望看到主角展現壓倒性力量（裝逼）的需求，且基調為歡樂向，不會有虐主的情節。
q15,"喜歡的類型 是異世界 轉生 重生 穿越 校園異能 幻想世界 劍與魔法 主角最強 多後宮 戰鬥要夠中二 都行
夠套路
要男主 一定要有戰鬥 後宮 沒後宮也沒關係但要有女主 如果主角拿的是劍我會更開心
不接受有沒男主的 例如蜘蛛又怎樣 能力值平均 怕痛的我
不接受虐主的 除了re 0 是因為動畫入坑的 除非前面虐後面很爽的這樣可以例如平職
需要裝逼讓我看的會高潮的 所以無職轉生我看不下去因為太真實太哭逼了",d53d3f99-ff2b-548b-a9ea-474e29ccfb67,八男？別鬧了！,Y.A,323.3,連載,"轉生, 魔法, 戰鬥, 龍傲天, 後宮, MF文庫J, 日本輕小說",一宮信吾是個平凡的二十五歲上班族，某天早上一覺醒來，卻發現自己換了一個截然不同的人生！他置身彷佛歐洲中世紀的魔法異世界，一個下級貴族的家庭里，並轉生為五歲男孩。然而他並非從此過著養尊處優的日子，因身為貧窮貴族排行第八的兒子，不但無法繼承家門和領地，連吃不吃得飽都成問題，還得學習魔法自力更生才行……,3,該書完全符合使用者的核心需求：男主角、異世界轉生、幻想世界的劍與魔法、龍傲天（最強）以及後宮設定。劇情走典型套路路線，且不屬於虐主類作品，符合使用者追求「裝逼」與快感的閱讀偏好。
q15,"喜歡的類型 是異世界 轉生 重生 穿越 校園異能 幻想世界 劍與魔法 主角最強 多後宮 戰鬥要夠中二 都行
夠套路
要男主 一定要有戰鬥 後宮 沒後宮也沒關係但要有女主 如果主角拿的是劍我會更開心
不接受有沒男主的 例如蜘蛛又怎樣 能力值平均 怕痛的我
不接受虐主的 除了re 0 是因為動畫入坑的 除非前面虐後面很爽的這樣可以例如平職
需要裝逼讓我看的會高潮的 所以無職轉生我看不下去因為太真實太哭逼了",ba805ca4-ac35-518f-94b9-0078ddb90cf5,穿越時空的龍王與邁向滅亡的魔女之國,舞阪洸,106.7,完結,"轉生, 魔法, 戰爭, 龍傲天, 後宮, MF文庫J, 日本輕小說",在這長年戰事不斷的世界，魔女遭人類追殺、排擠、攻打甚至消滅。某一天，有個男人穿越時空，從浴室天花板掉落「暗黑森林的魔女」荷麗歌恩面前。「你、你、你、你這傢伙是打哪裡來的？」「奶子！好大的奶子！」——一位來自異世界的男子貿然闖進日漸衰亡的魔女國度——「放肆，怎能亂揉他人胸部！」「巨乳巨乳巨乳！」——那名男子喪失記憶，擁有「龍王」之名，一身怪異打扮——「有有有男人在揉大姊的胸部！」「冷靜，烏琪！」——當「武力」遇上「魔法」，命運的齒輪開始逆轉！奇幻艷麗的戰世就此揭開序幕！,3,該書完全符合用戶的需求：包含異世界穿越、龍傲天（主角最強）、後宮、男主等核心元素。基調偏向典型輕小說套路，且強調武力與魔法的戰鬥，並無虐主傾向，完全對應用戶要求的「夠套路」與「裝逼」偏好。
q15,"喜歡的類型 是異世界 轉生 重生 穿越 校園異能 幻想世界 劍與魔法 主角最強 多後宮 戰鬥要夠中二 都行
夠套路
要男主 一定要有戰鬥 後宮 沒後宮也沒關係但要有女主 如果主角拿的是劍我會更開心
不接受有沒男主的 例如蜘蛛又怎樣 能力值平均 怕痛的我
不接受虐主的 除了re 0 是因為動畫入坑的 除非前面虐後面很爽的這樣可以例如平職
需要裝逼讓我看的會高潮的 所以無職轉生我看不下去因為太真實太哭逼了",f8f7bd34-91c7-5cea-b987-4161bbe0146b,再見龍生你好人生,永島ひろあき,258.7,連載,"轉生, 校園, 魔法, 龍傲天, 後宮, 人外, 其他文庫, 日本輕小說",最強最古的龍，厭倦了漫長的生命，故意死在來討伐自己的勇者們的手上。龍本以為這下就可以去到冥府永眠了，但回過神來，卻轉生成了人類的小孩。由龍變為人類，重新體會到活著的快樂的龍，決定作為人繼續生活下去。生為邊境農民孩子的龍，隱藏著靈魂中蘊含的偉大力量過著平淡的生活，但他遇見拉米亞族的少女、黑薔薇的妖精後，因對魔法的力量產生了興趣而去魔法學院上學。曾經是龍的這個人類，在魔法學院的生活中，與美麗而又強大的同學們，大地母神和吸血鬼女王、龍族女皇們成為了朋友，體會到了活著的喜悅與幸福。,3,推薦書籍與使用者需求高度契合：包含轉生、幻想世界、魔法校園、龍傲天（主角最強）以及後宮元素。劇情設定為最強龍轉生成人並進入學院，符合使用者追求的「套路」與「裝逼」感，且基調輕鬆無虐主情節，完全符合所有核心要求。
q15,"喜歡的類型 是異世界 轉生 重生 穿越 校園異能 幻想世界 劍與魔法 主角最強 多後宮 戰鬥要夠中二 都行
夠套路
要男主 一定要有戰鬥 後宮 沒後宮也沒關係但要有女主 如果主角拿的是劍我會更開心
不接受有沒男主的 例如蜘蛛又怎樣 能力值平均 怕痛的我
不接受虐主的 除了re 0 是因為動畫入坑的 除非前面虐後面很爽的這樣可以例如平職
需要裝逼讓我看的會高潮的 所以無職轉生我看不下去因為太真實太哭逼了",2c672d1c-f704-522d-b46e-d9b23ce3b39d,轉生貴族的異世界冒險錄,夜州,155.6,連載,"轉生, 魔法, 冒險, 龍傲天, 後宮, syosetu, Web輕小說",為了保護青梅竹馬的妹妹而被歹徒刺死的椎名和也，作為貴族的第三子凱因，轉生到了夢寐以求的劍與魔法的世界。這個世界的習俗是在五歲的時候進行神明的加護禮。結果加護的神力過於龐大，超界限的神力所孕育的是……,3,推薦書籍完全符合用戶的所有核心需求：包含異世界轉生、劍與魔法設定、男主龍傲天（最強）、後宮元素且劇情套路化。且該作屬於典型的爽文（裝逼），沒有虐主情節，完全避開了用戶不喜歡的『太真實/太哭逼』的風格，是非常理想的匹配。
q20,本人喜歡偏重人物心理描寫、人物互動和角色變化的作品，較偏執在人物塑造和刻劃上。劇情不要求設計得有多精妙，不影響觀感就好，就算是平鋪直述的也行。節奏快慢無妨，掌握恰當即可。本人對於自己的閱讀能力還算有信心，文字量稍微過多也沒差。大忌是拿膚淺粗俗爛造的刻板僵化人物作為行銷點。,b07daab6-b979-58f6-8bed-d008920f2832,少女夜行,宇佐美真琴,11.3,完結,"奇幻, 懸疑, 群像, 治癒, 其他文庫, 日本輕小說",在這片蒼鬱卻瀰漫不祥氣息的山林之間，彷彿連空氣與時間都被一股潛藏其中、讓人心生畏懼的沉重束縛感所凍結。只要靠近城山一帶，或許，你就會和這裡的住民一樣，被那難以解釋的神秘力量所禁錮了。囿於市中心的城山魔界，彷徨於黑夜之中。這些被夢魘所束縛之人，是否能迎來獲得救贖的時刻──圍繞著魔性之地「城山」的八段人生際遇，看似互不相關，其實都被人生百態所煉製的宿命枷鎖給牽引著。由人性的慾念、貪婪、愛恨、迷惘、執著等諸多拼圖所拼湊而出的灰暗群像劇，在洋溢著奇想、妖異氛圍，讓人不寒而慄的「城山」力量的驅動之下，靜靜地等候著下一個進入命運牢籠的主角。你，會成為下一個迷途之人嗎？,3,用戶明確要求注重人物心理描寫、角色塑造與變化的作品，且不追求複雜劇情。推薦書籍《少女夜行》被描述為一部探討人性慾念、貪婪、愛恨等深層情感的「灰暗群像劇」，強調透過多段人生際遇來呈現人性百態，這與用戶對人物刻劃和心理深度的需求高度契合。
q17,"求推薦世界觀建構完整
主角很清楚當下該做甚麼
是不太希望主角輕鬆拿到一堆外掛這種的
然後也蠻喜歡主角大意、失誤或忘記重要信息導致危機感這種狀況發生
非戰鬥類主角也可以，感覺這類主角穿越的比較多?
但是如果是一個高中生通十八般武藝心理素質又特好的就不要",cbc17656-270f-50e7-94fc-254760904fd1,不要再發獃了，請認真戰鬥！！！,喪布萊,34.3,連載,"冒險, 戰鬥, 奇幻, 魔法, 異世界, 原生幻想, 華文輕小說",「你有著詛咒...」這時少女可能無法相信，對她來說這簡短的一句話改變了這世上所有人的命運。「神明」們之間惡劣的互相殘殺告一段落，人們迎來了短暫的和平時光。在這珍貴的和平之下隱藏的是因過去留下的無數悲劇與一場又一場的精彩的故事。人們相信那些扭曲的回憶已經成為過去式，無數的人們選擇只為自己而活。戰鬥、冒險、奇蹟、與魔法在這樣的世界裡，只有真正的英雄才配在故事中留下自己的名字。舊時代的殘黨們蠢蠢欲動，信仰神的使徒正尋找著醒神的方法，為戰爭而活的「人」尋找起了新的戰爭，在這個和平卻又充滿危機的世界裡究竟會誕生怎樣的英雄呢？您能來一起見證嗎？,1,推薦書籍的簡介過於籠統，僅描述了世界觀的大框架，完全沒有提及主角的具體性格、目標或是否擁有外掛。雖然書名暗示主角可能缺乏專注（可能符合用戶希望看到主角「大意、失誤」的偏好），且標籤為「原生幻想」避開了用戶排斥的「全能穿越高中生」設定，但整體資訊不足以證明其能滿足用戶對「世界觀完整」及「主角明確目標」的核心需求。
q20,本人喜歡偏重人物心理描寫、人物互動和角色變化的作品，較偏執在人物塑造和刻劃上。劇情不要求設計得有多精妙，不影響觀感就好，就算是平鋪直述的也行。節奏快慢無妨，掌握恰當即可。本人對於自己的閱讀能力還算有信心，文字量稍微過多也沒差。大忌是拿膚淺粗俗爛造的刻板僵化人物作為行銷點。,a420a390-57f9-5594-b1ac-1b981ec7d44e,漢匈英傑——白狼,許家球,17.1,連載,"奇幻, 戰爭, 復仇, 群像, 原生幻想, 華文輕小說",西漢與匈奴大戰在即，由一座邊境城鎮異變引發的，圍繞著一個異族白髮青年展開的一系列故事。從個人視角，以一隅窺見那個戰爭動蕩年代下的眾生群像。,2,使用者核心需求在於深度的角色塑造、人物互動與心理描寫，且明確表示對劇情複雜度要求不高。推薦書籍標記為「群像」劇，且簡介提到透過個人視角觀察戰爭年代下的「眾生群像」，這在創作方向上與使用者追求的人物刻劃與互動高度契合。雖然簡介未明確提到心理描寫的深度，但群像劇通常較注重多角色的塑造而非單一主角的快節奏推演，符合使用者偏好。
q20,本人喜歡偏重人物心理描寫、人物互動和角色變化的作品，較偏執在人物塑造和刻劃上。劇情不要求設計得有多精妙，不影響觀感就好，就算是平鋪直述的也行。節奏快慢無妨，掌握恰當即可。本人對於自己的閱讀能力還算有信心，文字量稍微過多也沒差。大忌是拿膚淺粗俗爛造的刻板僵化人物作為行銷點。,7213b3e9-9f19-5abf-9d72-9757e6a308af,就算明天見不到今天的你,彌生志郎,12.1,完結,"青春, 戀愛, 群像, 腦洞, 妹妹, MF文庫J, 日本輕小說",「我喜歡你。」夏祭之夜，由良統哉被妹妹告白了，還被奪走了初吻。但是，統哉並不清楚她到底是誰。要說為何，因為她的身體里寄宿著三位少女的人格，而且現在還正在玩著『籠目猜人遊戲』……。目前尚不知曉她們當中到底哪個才是真正的人格，而要變回普通女孩子的話，只有一種方法。那就是其他人格實現自己的願望，然後從這個世界消失——於是，從這夏祭的夜晚開始，少女們各自追逐著自己的夢想。一名少女奏響了音樂，一名少女全力地奔跑，一名少女編織著戀愛。即便自己是虛假的人格，也依然堅持活出自己的精彩，直到最後——馳走於當下的四人青春群像劇，在此開幕。,2,用戶明確要求著重於人物心理描寫、角色變化與塑造，且不追求複雜劇情。推薦書籍為「群像劇」，核心在於多重人格對自我實現的追求以及隨之而來的消失與成長，其重點在於角色的情感弧光而非單純的劇情反轉，與用戶對人物驅動故事的偏好相符。然而，由於該作屬於輕小說，在文字深度上是否能完全避開用戶忌諱的「膚淺刻板」仍有不確定性，因此給予 2 分。
q21,"最近剛看完三角距離無限為零
雖然胃在痛不過還是很喜歡三角戀這個要素
有人可以推薦一下類似的作品嗎?
當然不一定要三角戀 更多也行 只是想看這種描述男女主如何在戀愛中痛苦掙扎的小說
有糖更好 因為之後胃會更痛",24920839-cf41-5cfd-b74b-62c7b41fc5ec,傻白甜女朋友你要嗎？,七條剛,10.5,連載,"校園, 歡樂向, 戀愛, 後宮, GA文庫, 日本輕小說",老好人的高中生征斗有一天，不斷地幫助有困難的3個少女香乃，澪，琉璃-僅僅聊了5分鐘就墜入愛河的她們，三個人同時向征斗告白了。是的，少女們因為簡單的事情就會喜歡上對方，是「簡單的」女孩子=「簡單」！窮途末路想讓征斗回頭的「簡單」們，征斗被這股勢頭無處可逃地逼到絕境。但是征斗，不能簡單地和她們交往的理由-「我們的食客」系列作者贈送的「不要墜入愛河」愛情喜劇開幕！,1,用戶明確要求尋找具有「胃痛感」、描述男女主在戀愛中「痛苦掙扎」的作品，而推薦的書籍是一部「歡樂向」的後宮喜劇，基調輕快且角色設定為簡單的「傻白甜」，與用戶追求的情感虐心與掙扎完全相反，僅在「多人戀愛」這一要素上有表面重疊。
q21,"最近剛看完三角距離無限為零
雖然胃在痛不過還是很喜歡三角戀這個要素
有人可以推薦一下類似的作品嗎?
當然不一定要三角戀 更多也行 只是想看這種描述男女主如何在戀愛中痛苦掙扎的小說
有糖更好 因為之後胃會更痛",7cfec2c1-c5da-539d-a1e7-7b11a8081fa7,你喜歡被可愛女生攻陷嗎？,天乃聖樹,49.7,完結,"青春, 戀愛, 歡樂向, 後宮, GA文庫, 日本輕小說","「北御門先生，這是遊戲喔——如果愛上對方，就會成為奴隸呢。」南條家掌控著日本黑社會。北御門帝落入南條家女兒——姬沙的陷阱裡面弱點也被掌握在對方手中。姬沙提議要玩一場「愛情遊戲」，一旦喜歡上對方就要認輸。帝未來將成為背負日本命運的政治家，且擁有未婚妻，必須與醜聞絕緣。他決定挑戰這個賭上彼此將來的遊戲,但姬沙的誘惑讓帝數度差點失去理性。理所當然地，他喜歡上了姬沙。而姬沙亦是如此……廢柴策略家的甜美愛情遊戲就此揭關序幕！",1,使用者明確要求尋找具有「胃痛」、「痛苦掙扎」等強烈情感衝突的戀愛作品。雖然推薦的書籍具備多角關係（未婚妻與女主角），但其標記為「歡樂向」且描述為「甜美愛情遊戲」，整體基調與使用者追求的虐心、掙扎感完全相反，僅在「多角關係」這一點上有表面關聯。
q21,"最近剛看完三角距離無限為零
雖然胃在痛不過還是很喜歡三角戀這個要素
有人可以推薦一下類似的作品嗎?
當然不一定要三角戀 更多也行 只是想看這種描述男女主如何在戀愛中痛苦掙扎的小說
有糖更好 因為之後胃會更痛",ff3cf726-e940-59e0-80e2-a6b6f6a3a583,生存以上，戀愛未滿 ～ 在日本難以維持生計的我怎能與你們戀愛,中正,13.7,連載,"戀愛, 後宮, 校園, 歡樂向, 妹妹, JK, 蘿莉, 群像, 宅文化, 青春, 青春日常, 華文輕小說",因雙親離世而被迫滯留日本的中國留學生澤野軒，正在用秒錶掐算著人生的每一秒：清晨在為便利店的日結狂奔，為了生計放學後在料亭中打工到最終電車，深夜靠心靈寄託的虛擬主播「鹿乃」續命，還要供養尚在中國的妹妹。正當他以為自己早被生存壓力榨乾了心跳，身邊卻突然傳來了無數心跳信號——元氣滿滿的學妹真澄來瑠點著腳尖展示著「絕對領域」的校服，甜甜的聲音賽過蜜糖：「前輩！來瑠也考上東京都立了！這下前輩真成來瑠的前輩了！」溫柔羞澀優等生班長萩原咲良紅著臉遞交出自己的筆記，輕輕的問道：「數學輔導的約定，還作數嗎？」小壞打工搭檔青山真空晃著萌袖笑著調侃道：「軒君，猜到今天胖次顏色就免單哦？要作弊看看嗎？」兄控妹妹澤野星洛突襲的宣言道：「老哥！我也考上東京都立了！今晚開始同居吧——」現充辣妹綾瀨奈奈子撕下社交面具，指尖輕輕划過他的課本：「軒，這道戀愛方程式…可以手把手教人家嗎？」蘿莉唱見星野彩音縮在播音室角落，軟萌的聲線與軟萌的鹿乃完美重疊：「哥哥……可以陪彩音唱歌嗎？」青梅天然呆大小姐，直球交換生後輩也將陸續加入戰局?!不是?! 我還要打工啊喂！下個月的房租要交不上了！當生存與心跳的警報同時拉響——這場東京都立的戀愛生存戰。拒絕BE！一場混亂紛擾的戀愛喜劇就此展開！,1,用戶明確表示喜歡「胃痛」、在戀愛中「痛苦掙扎」的氛圍，即使是多角戀也希望有情感上的煎熬。然而，推薦的作品標籤為「歡樂向」，且簡介中明確提到「拒絕BE」，屬於輕鬆的後宮校園喜劇，與用戶追求的虐心與掙扎的核心意圖完全相反，僅在「多角關係」這一點上有表面上的重疊。
q21,"最近剛看完三角距離無限為零
雖然胃在痛不過還是很喜歡三角戀這個要素
有人可以推薦一下類似的作品嗎?
當然不一定要三角戀 更多也行 只是想看這種描述男女主如何在戀愛中痛苦掙扎的小說
有糖更好 因為之後胃會更痛",b8ed28b3-2a02-525b-a5bf-5022fb70819d,玩樂關係,葵關南,25.0,連載,"校園, 青春, 戀愛, 歡樂向, 富士見文庫, 日本輕小說",每個人都有自己的秘密，保持玩玩的關係的戀愛喜劇，開幕！常盤孤太郎是桌游吧『Kurumaza』的代理店長，愛上了打工的辣妹女高中生小鳥游米芙露。她說「如果不搖骰子，就不能開始戀情哦」，但是她有男朋友所以不能表白！,1,用戶明確尋找的是具有「痛苦掙扎」、「虐心」且會導致「胃痛感」的情感作品。雖然推薦的作品設定中包含第三方（女主角有男友）的元素，但其標籤為「歡樂向」且定位為「戀愛喜劇」，與用戶追求的沉重、掙扎的情感氛圍完全相反。
q21,"最近剛看完三角距離無限為零
雖然胃在痛不過還是很喜歡三角戀這個要素
有人可以推薦一下類似的作品嗎?
當然不一定要三角戀 更多也行 只是想看這種描述男女主如何在戀愛中痛苦掙扎的小說
有糖更好 因為之後胃會更痛",83864b87-e68b-5537-9c7f-1fb784df516e,超強度可愛間諜戰 ～優柔寡斷的黑姬小姐～,方波見咲,9.9,完結,"校園, 青春, 戀愛, 間諜, 歡樂向, MF文庫J, 日本輕小說",因一名「乍看普通」高中生所展開的緊張感MAX「欺詐愛」戀愛喜劇正式開幕！「我想和凡田同學更加親密嘛！」身為高中生便可以操縱秘密情報機構的天才少女，橘黑姬正身陷初戀之中。為接近喜歡的人，她濫用組織的力量，試圖運用超高級的間諜技術接觸對方。「……有誰在監視我嗎？」她的初戀對象，凡田純一注意到了這一行為。這位乍看平凡的男子高中生，其實身懷秘密……？「我……我想和凡田做朋友！」與此同時，殺手少女·芹沢明希星接到組織的命令，開始接觸凡田。完全不懂交友的她的行為，將掀起驚天波瀾！里世界的命運因高中生三角關係變得搖擺不定，超正統的學園間諜戀愛喜劇，開幕！,1,使用者明確表示想要尋找像《三角距離無限為零》那樣包含「痛苦掙扎」、「虐心」以及讓「胃在痛」的戀愛作品。雖然推薦的作品包含三角關係，但其標籤為「歡樂向」且定位為「戀愛喜劇」，與使用者追求的沉重情感掙扎氛圍完全相反，僅在「三角戀」這一表面要素上重合。
q22,"就是不後宮不NTR純純的戀愛作品 虐也行 比較希望校園類 其他類型也可以介紹看看 最近看一堆異世界後宮戰鬥有點膩了......
還有兄妹的作品 滿喜歡兄妹類型的 隨便丟一張圖",cc71fe80-bda8-54e9-8a2e-dc504a1f44c0,心靈感應 x 超妹妹,douyueling,6.6,連載,"妹妹, 戀愛, 轉生, 青春, 校園, 青春日常, 華文輕小說",「哈嘍大哥，有沒有想你妹妹我啊？」什麼？？我的雙胞胎妹妹，在不小心（誒嘿）過世後，轉生成了別人家的妹妹然後我家父母在又有了孩子後，那孩子居然是別人家妹妹的轉生誒嘿～因為雙胞胎的心靈感應，我能和死後去了另一個世界的妹妹的靈魂對話「大哥啊，現在不是很流行的嘛，異世界轉生！」「你索性就轉生去異世界不好嗎！」「誒嘿～但人家功德不夠嘛，所以大哥～要好好幫人家積攢功德哦！」「自己的債自己去還！」「不要太愛我哦，我已經是死人啦！」「你這傢伙，怎麼從以前開始說話就沒個邏輯！」誒嘿～～！「像你這樣子，如果在我以前的公司，早就挨罵了哦！」「咦！嬰兒說話了！照理說是我新妹妹的小嬰兒，突然變得在教訓我了！」「哥哥……你在哪裡……快來救我……」「好好，哥哥在這裡。」「別碰我你這個變態！你才不是我哥哥！」咦?!,3,使用者明確要求純愛、非後宮/NTR、校園類且特別喜歡兄妹題材。該推薦作品標籤包含「妹妹」、「戀愛」、「校園」，內容聚焦於兄妹之間的互動，完美符合使用者的核心需求。
q24,"要求有點難找
希望推薦""戰爭+戀愛""要素的輕小說,不是戰""鬥""是戰""爭""
要完結了的,GOOD ENDING最好",da9017b0-a866-5044-85d6-c265a455f594,星塵中隊 離星空最近之處,foca,16.0,完結,"奇幻, 戰爭, 妹妹, 人外, Fami通文庫, 日本輕小說",「看，那顆星星就是我喲。我呀，會一直在那邊等著哥哥來接我，一直……」將無法守護妹妹的悔恨藏於心中，駕駛新型戰鬥機投入戰爭的鄉守真人，擊墜了一台詭異的美軍戰鬥機，而在其中的竟是自稱「來自外星的使者」的少女琉美艾兒！受到少女指名負責照顧她的鄉守，也因將這名來自異星的美麗少女身影與妹妹重疊而困擾不已，難道她是妹妹的……？在世界盡頭島嶼的戰時愛情ADV，動人心弦小說化登場！！,3,該書明確包含「戰爭」背景（駕駛戰鬥機投入戰爭）以及「戀愛」要素（戰時愛情故事），完全符合使用者對「戰爭+戀愛」且區分於單純「戰鬥」的核心需求。
q23,"最近不知道要看什麼，想請大家推薦一些好看的作品

裝逼開掛類的
黑暗懸疑的
或是一些風格冷門的都還算喜歡
只有一個大前提，不要後宮，不要賣肉（好像變2個大前提了？
不喜歡那種明明男主沒幹什麼但每個女角都喜歡他，非得要的話2個是極限，而且劇情希望能別注重在他們愛來愛去互刷好感度卻又不決定人選的地方，如果是冒險類作品增加同伴的時候，可以的話別清一色都女的偶而也增加點男性同伴也好（都女的最後8成都變後宮
再來不要硬賣一些福利，例如某漫畫的黎斗摔，或者是洗澡時剛好開門，或者是組個樂團為了討老師歡心換了泳裝演奏……這種的不太能接受

喜歡偏向下剋上（不管是強者因未知原因被分到弱組還是靠努力爬上來把上位者打趴的都喜歡）
描寫內心戲多的（黑掉壞掉，或是溫馨感動的都喜歡）
不好意思這麼麻煩…因為總感覺現在大眾向的作品，開掛後宮福利都會有，希望能找到一些後宮福利少點的",788f3512-190a-5a0b-97ef-5f0ec2d300b0,B.A.D事件簿,綾里惠史,217.1,完結,"奇幻, 異能, 獵奇, 驚悚, 黑暗, Fami通文庫, 日本輕小說",「如果不到那種能任意殺人的程度，怎麼算得上是瘋狂呢？」單手拿著巧克力的她這麼說著。既傲慢又冷酷，也是個任性的偏食者——繭墨阿座化，十四歲的超能少女。手持紅色紙傘，身穿歌德蘿莉風的服裝的她面帶微笑，笑容像是要使我徹底陷入絕望一般。然而，在盛開的櫻花樹下，她這麼對我說：「留在我身邊吧。」,3,該作品的標籤包含「黑暗」、「驚悚」、「獵奇」及「異能」，高度符合使用者對「黑暗懸疑」以及「風格冷門」的需求。簡介展現了強烈的心理描寫與陰鬱氛圍，且從屬類別（Fami通文庫、驚悚獵奇）來看，並不屬於典型的後宮或賣肉向作品，與使用者的避雷需求相符。
q1,"現在對於小說的要求越來越高了，
而且慢慢的發現現在除了狗糧基本上都看不進去，
連以很喜歡的異世界主題都看不進去了，
好想念從前那個什麼都可以看得很快樂的自己

說回主題，希望可以找到沒看過的狗糧系小說，
可以接受小刀，但一定要無黃毛無牛頭人，
但背景自帶沈重的例如「戀愛光譜」「刮鬍」這一類的也不喜歡，
黨爭就...看情況吧但其實我也一般般",3b940ec1-df92-5b56-8a20-0ea8fcf88027,試著向準備跳下去的同班同學提議「和我XX吧」,赤月ヤモリ,14.4,連載,"校園, 青春, 戀愛, 歡樂向, 電擊文庫, 日本輕小說",我的初戀對象，古賀胡桃。因不像高中生的美貌和性格引起了嫉妒而被孤立了，然後——在她因飽受欺凌差點從屋頂上跳下去之際，我能做的就是——「和我做愛吧！」「……變態……」「也許吧！但是這樣好嗎？如果死在這裡，你人生最後一幕就是「來自變態的告白搭訕」了，這會破壞氣氛吧！」「……你、你對我做了什麼！真是個變態！」「這是有原因的。對，因為我是世界上最愛你的！我們結婚吧！！！」「誒、誒～～…………？？」拚命地呼喊愛，在這個世界上創造你的容身之處！由戀愛喜劇史上最笨又直率的主角&沉默易害羞的冷酷JK上演的100%糖度的戀愛喜劇開幕！,3,使用者明確要求「狗糧系」小說，且排斥 NTR（黃毛/牛頭人）以及過於沈重的背景設定。推薦書籍標記為「歡樂向」且強調「100%糖度」的戀愛喜劇，完全符合使用者對甜蜜內容的需求。雖然開篇涉及霸凌與自殺企圖，但從簡介看其基調為快節奏的戀愛喜劇，而非沈重的心理創傷劇，且使用者表示可接受「小刀」，因此整體符合其核心意圖。
q4,"由於自己的胃口比較獨特的原因，喜歡男主被拋置於各種不利的情節或者感情中，也是因為這樣，喜歡看那些讓人看完后心緒難以平靜的小說，就我看過的來說，無職，re0，妹妹人生，異世界迷宮最深等，在某種程度上來說都有慘烈的一部分（感情上或者情節上都是），也沒有一定要轉生異世界，現實日常要是能描繪出這些來也很好了。
尤其那種男主能不斷被放置在痛苦或者恐懼之中，一邊流露出作者思考的文字的小說，再好不過。",6b6dd8f1-3a0d-50ba-b670-f067fe1443a6,血腥武器,築地俊彥,10.1,連載,"冒險, 犯罪, 戰鬥, 青春, 集英社, 日本輕小說",比炸彈、金錢都還重要的是「同伴」——！！在世界各地散佈殺人武器的父親死後，留給信崎流壹的是鉅額遺產，和散落全球的武器流通門路。流壹成長在一個有人死在眼前也完全不足為奇的環境當中，然而只是一介高中生的他，卻決定要回收父親售出的武器，並將這件事作為此生的目標。流壹的性命雖然屢屢受到威脅，不過他反將自己和愛耍笨的超強駭客及經歷無數戰役的女殺手之間那份「同伴情誼」奉為信條。此外他還收購了自己就讀的學校，更與日本政府和俄羅斯黑幫為敵。流壹選擇投身隨時都可能讓自己灰飛煙滅的黑社會。一群既歡樂又危險的同伴，震撼全世界的犯罪暴力硬派動作物語，就此拉開序幕。,1,用戶的核心需求是追求男主處於極端不利、痛苦、恐懼或情感崩潰的情境（如《Re:Zero》或《妹妹人生》類型的虐心/絕望感）。而推薦的書籍《血腥武器》雖然包含危險和犯罪元素，但其基調是「硬派動作」、「同伴情誼」以及「歡樂又危險」，屬於典型的動作冒險類輕小說，缺乏用戶所要求的心理折磨、絕望感或深沉的情感痛苦，僅在「處境危險」這一點上有極淺的關聯。
q4,"由於自己的胃口比較獨特的原因，喜歡男主被拋置於各種不利的情節或者感情中，也是因為這樣，喜歡看那些讓人看完后心緒難以平靜的小說，就我看過的來說，無職，re0，妹妹人生，異世界迷宮最深等，在某種程度上來說都有慘烈的一部分（感情上或者情節上都是），也沒有一定要轉生異世界，現實日常要是能描繪出這些來也很好了。
尤其那種男主能不斷被放置在痛苦或者恐懼之中，一邊流露出作者思考的文字的小說，再好不過。",65d7a323-6d55-56b0-a06b-9d827909c7ec,哥布林殺手,蝸牛くも,180.9,連載,"戰鬥, 冒險, 復仇, 黑暗, 後宮, 青梅竹馬, GA文庫, 日本輕小說",「我眼中只有哥布林。」這是一個只能殺死哥布林的男人祈禱自己成為「冒險者」的故事。「我無法拯救世界。我只能殺死哥布林。」據說，在邊境的公會中，有一個男人，他是僅憑獵殺哥布林便將自己的名次提升至銀（第三級）的稀有存在……一名成為冒險者的女神官初次組隊，在她身陷險境時，出手相助的正是那名被稱為「哥布林殺手」的男人。他不擇手段、不惜一切代價，僅為剿滅哥布林。女神官為他所擺布，女接待員對他心懷感激，他青梅竹馬的養牛妹在等待著他。就在那時，一名聽聞了他的事迹的精靈少女出現，向他提出了委託——超人氣網路作品終於成書！蝸牛くも和神奈月升獻上的黑暗幻想劇，開幕！,1,使用者明確要求男主角處於不利、痛苦、恐懼或情感崩潰的狀態（如《Re:Zero》或《妹妹人生》中的心理折磨），而《哥布林殺手》雖然標榜黑暗幻想且世界觀殘酷，但其男主角是一個極其冷靜、專業且掌控局面的強者，並非處於被動受苦或情感掙扎的狀態，與使用者的核心意圖（追求男主受難/心緒難平）不符，僅在「黑暗氛圍」上有微小交集。
q4,"由於自己的胃口比較獨特的原因，喜歡男主被拋置於各種不利的情節或者感情中，也是因為這樣，喜歡看那些讓人看完后心緒難以平靜的小說，就我看過的來說，無職，re0，妹妹人生，異世界迷宮最深等，在某種程度上來說都有慘烈的一部分（感情上或者情節上都是），也沒有一定要轉生異世界，現實日常要是能描繪出這些來也很好了。
尤其那種男主能不斷被放置在痛苦或者恐懼之中，一邊流露出作者思考的文字的小說，再好不過。",7d0818dd-efdb-57e1-a43f-054d26c08fd2,失意男子異世旅行譚,MAAMA,56.4,連載,"異世界, 病嬌, 轉生, 旅行, 原生幻想, 華文輕小說","瀕臨絕望的年輕男子在自裁中感到後悔，卻在已無法回頭時從腦中收到了一聲陌生的請求——為我找到活下去的意義吧。男子在答應了祂的請求後，來到了背離常識的異界，如同綠洋的哥布林，病態偏執的邊境女武神，想要利用男子達成目的的總督，同樣失意的精靈公主，擁有天地般壽命的精靈老朽，對異族帶著惡意的矮人，承載著世間全數火焰力量的矮人家主，背負著臟污血脈的巨人後裔，主宰著帝國的少年帝王，無時無刻處於發情期的犬人，想要虐殺男子的各路「神明」。「我即""死之齒輪""，因此，我不會像你一般任性死去，若你能幫我和那群自詡為神明的雜種捎個話——請靜候你們的死亡。可千萬別忘了。」高大瘦削的男子拔出爛鐵槍，向著眼前的碎肉說道，但它是否能聽到了要它捎的話？鬼知道。但男子知道，這即為他要為祂做的——弒神。拍拍身後的駝龍，擦拭沾上血污的槍頭，男子再次踏著步伐，開始了新一段旅程。（由於作者已經不是寄宿高中生，現純情男大。你們寶貴的閱讀和評論即為我最大的動力。）",3,使用者明確表示喜歡男主角處於不利、痛苦或恐懼的處境，並提到希望看到心緒難以平靜的慘烈情節。推薦書籍的男主角起始於絕望與自裁，在異世界中面對病嬌角色以及想要「虐殺」他的神明，且標籤包含「病嬌」，高度契合使用者對男主受苦以及情感衝擊的需求。
q6,很喜歡看戰爭或戰記類型的小說，不要有魔法一發收拾或莫名其妙的神器，也別機械降神，主角可以強但不要把對手變白癡，暑假到了求書來啃，斷尾或沒完結也沒關係。,7c02ebf3-f6f3-5d74-a135-c0d98f2c001b,雷轟,押井守,8.8,完結,"戰爭, Fami通文庫, 日本輕小說",在南北戰爭因英法的介入，而造成美國分裂成兩個國家的一百年後的北越上空，主角醐堂後備中尉一面思索著這場戰爭的意義，一面朝地面的目標進行轟炸。就在某一天，他的忍耐到了極限，然後他決定開著他的愛機去做某件空前絕後的大事……電影界的鬼才導演押井守花了六年寫出的新形式軍事小說，將呈現給各位讀者一段不一樣的歷史！,3,使用者明確要求戰爭或戰記類小說，且排斥魔法、神器及機械降神等奇幻元素。推薦書籍《雷轟》是一部以美國南北戰爭後百年為背景的架空軍事小說，聚焦於空中轟炸與戰爭意義的思考，完全符合使用者對純軍事/戰爭類型的需求，且無任何奇幻元素。
q4,"由於自己的胃口比較獨特的原因，喜歡男主被拋置於各種不利的情節或者感情中，也是因為這樣，喜歡看那些讓人看完后心緒難以平靜的小說，就我看過的來說，無職，re0，妹妹人生，異世界迷宮最深等，在某種程度上來說都有慘烈的一部分（感情上或者情節上都是），也沒有一定要轉生異世界，現實日常要是能描繪出這些來也很好了。
尤其那種男主能不斷被放置在痛苦或者恐懼之中，一邊流露出作者思考的文字的小說，再好不過。",3b414822-3512-521d-aaa0-45781ec24897,戰鬥司書,山形石雄,111.9,完結,"奇幻, 異能, 戰鬥, 冒險, 黑暗, 集英社, 日本輕小說",殺了哈繆絲·梅瑟塔——這是一個將死者的一生製成「書」，並收藏在圖書館的世界。一位被奪走記憶，胸口被埋設爆彈的少年克里歐·東尼斯，他的生存目的便是殺死世界上最強的武裝司書——哈繆絲·梅瑟塔。然而，某一天他得到一本關於美麗公主的「書」，並對公主一見鍾情，而這份感情卻將克里歐捲入更浩大的紛爭中……,1,用戶的核心需求是追求「男主受難」、「情緒折磨」以及「慘烈的情感/情節」，傾向於像《Re:Zero》那樣具有強烈心理衝擊和絕望感的小說。雖然《戰鬥司書》標記為「黑暗」且男主處境不利（記憶喪失、體內有炸彈），但其本質仍是以戰鬥、冒險為主的輕小說，缺乏用戶要求的深層心理折磨和持續的痛苦氛圍，僅在「處境不利」這一點上有表面關聯。
q6,很喜歡看戰爭或戰記類型的小說，不要有魔法一發收拾或莫名其妙的神器，也別機械降神，主角可以強但不要把對手變白癡，暑假到了求書來啃，斷尾或沒完結也沒關係。,a13bd4da-27cf-574c-83b5-f6778cbc6d7e,軍師無所不知,タンバ,60.5,連載,"轉生, 戰爭, 後宮, 其他文庫, 日本輕小說",我·榑井幸人在臨死之際許了願。如果有來生，我想成為一個熟知他人的人——當我再次醒來時，已然身處於戰爭中的異世界。臨死前的願望遭到曲解，我被賦予了某種外掛技能。王子·狄奧路德將我撿回，成為軍師的我，不但抓住被稱為「至高無上少女」的絕世美女蘇菲亞的心，還和與狄奧路德處於敵對立場的姊姊·美女將軍輝夜一對一單挑，並在與鄰國的戰爭中獲得勝利——,1,雖然該書標籤包含「戰爭」，但使用者明確要求不要有「外掛技能」或「機械降神」，而本書簡介直接提到主角被賦予了「外掛技能」。此外，其後宮向的輕小說風格與使用者追求的嚴肅戰記類小說意圖不符，對手被輕易擊敗的可能性高，與使用者要求之「不要把對手變白癡」相悖。
q6,很喜歡看戰爭或戰記類型的小說，不要有魔法一發收拾或莫名其妙的神器，也別機械降神，主角可以強但不要把對手變白癡，暑假到了求書來啃，斷尾或沒完結也沒關係。,aeb403bc-a1f8-57e4-82b6-85acb52174cf,突西亞戰記 十二騎士團的反叛軍師,大黑尚人,23.3,連載,"復仇, 戰爭, 後宮, 妹妹, 富士見文庫, 日本輕小說",號稱西方大陸突西亞最強的格拉尼亞帝國〈黑天騎士團〉，身為其中一員的席昂遭到祖國出賣，家破人亡。誓言復仇的少年苦心求得了勝過「武」之力的「知」之力，並承襲軍師亞特倫之名，決心向帝國復仇。而位在東部的耶路薩姆王國，眼下正面臨帝國的威脅。是要抗戰？還是求和？分裂為為兩派的主張讓王國陷入內亂危機。此時漂流到海邊的席昂，遇見了侍奉抗戰派代表人物蘿潔麗安公主的女騎士賽蓮，錫安在接受對方照料的同時，也隱瞞自己的身分，就此隨行在賽蓮身邊，然而無人能預料到這次邂逅，正是日後撼動大陸史的「突西亞大戰」序曲－－此刻，反撲的戰記揭開幕簾！！,3,使用者明確要求戰爭/戰記類小說，且強調厭惡「魔法一發收拾」、「神器」或「機械降神」，傾向於重視策略與智鬥。推薦的《突西亞戰記》核心設定即為「知之力」勝過「武之力」，主角定位為軍師，著重於軍事戰術與復仇計畫，高度契合使用者對戰爭類型及非無腦強大的核心需求。
q7,"想請大家推薦一些書單希望符合以下條件
1.已經完結
2.以感情為主
希望是讀的時候可以隨著角色情緒有所起伏。並且不要轉生開無雙。",a06c2393-3a46-514e-a90b-d6e342db4b4a,東雲侑子系列,森橋賓果,28.5,完結,"校園, 青春, 戀愛, Fami通文庫, 日本輕小說",「我究竟，想和東雲成為何種關係呢……」對任何事都提不起勁、漠不關心地過著每一天的高中生三並英太，只因「好像很輕鬆」的理由便選擇擔任圖書委員。面對同為委員的東雲侑子那毫無熱度的冷靜情緒，英太始終覺得與自己的空虛感頗為相似，但在偶然發現了她的秘密後，英太才理解到東雲與自己其實截然不同。然而，由於這個秘密縮短了兩人之間的距離，理應喪失的情感似乎再度充塞胸口……「2013這本輕小說最厲害！」TOP8，「書店店員最愛輕小說大賞」TOP4！早熟的少年少女攜手共譜──焦慮又苦澀的青春愛情故事。,3,該書為校園戀愛類輕小說，重點在於少年少女之間的情感發展與內心掙扎，完全符合用戶要求的「以感情為主」、「情緒起伏」以及「不要轉生開無雙」的條件。
q10,"像是果青友少這種的
年份的話最近三到五年為主
背景是校園戀愛喜劇為主
有複數女角讓男主多選一
啊不要開場就有女朋友鎖死的
那種我覺得其他女角只是浪費時間而已",79252066-5176-522f-898e-5a5c47f2fef0,金女友、銀女友還是普通女友？,田尾典丈,28.6,完結,"校園, 戀愛, 歡樂向, 後宮, 青梅竹馬, 其他文庫, 日本輕小說",「你掉的是這個黑髮女孩嗎？」個性逆來順受的神座木社，每天都被個性好勝的青梅竹馬——小野黑惠任意使喚。某天，黑惠意外掉進傳說「能實現願望」的泉水之中。社回答了泉之女神的問題後，卻被強塞了兩個與黑惠非常相似的金髮女孩「金惠」和銀髮女孩「銀花」！金惠和銀花毫不掩飾自己對社的好感，害得黑惠的心情比平常更差。走投無路的社，只好一邊忍耐三名女孩惹出的麻煩，一邊尋找讓她們恢複原狀的方法。和三名個性迥異的女孩共處，三位一體的熱鬧戀愛喜劇開幕！,3,該書完全符合使用者的需求：背景為校園戀愛喜劇，具有複數女角（金髮、銀髮及原版青梅竹馬）供男主選擇，且開場並未鎖定女友關係，符合所有核心條件。
q11,"最近人比較負面，
想看一些有共鳴的小說。
有沒有那種「我一個人爛就好了別搞其他人」的主角的輕小說？以前看大老師自暴自棄滿戳中我的。
宅宅現實找不到人取暖，希望能找輕小說取。",b1de6fe5-461b-598f-a334-6bcd730f79c6,我永遠不會忘記，燦爛一瞬間的妳,冬野夜空,8.4,完結,"校園, 青春, 戀愛, 輕文學, 其他文庫, 日本輕小說",不准你愛上我，但我卻喜歡上你了……對不起。全力活在當下的她，與凝視著她的我，戀愛的有效期限，倒數計時開始──父親死後，我繼承了他的相機，我一直在思考攝影的意義，是什麼讓他願意為此付出生命呢──直到遇見了妳。妳是風靡全班的人氣王，我是沉默孤僻的邊緣人，我們身處不同的世界，而我手中的照相機，是兩個世界唯一的連繫。就這樣，我成了妳的專屬攝影師，一起看過銀河，一同賞過夜海，共享夏日的水果，約好在冬天重遊舊地。沒有人知道，看似開朗的妳其實早已時日無多，但我很清楚，自己唯一能做的，是用每一下快門，記錄屬於妳的每一個當下。將每個微笑的「妳」保存在照片中，再帶著「妳」一起走向未來。但這段關係，卻建立在一個「殘酷」的約定上：我不能愛上妳，在妳死後也不能為妳落淚。不願面對的現實逐步逼近，我……能遵守約定嗎？,1,用戶明確尋找的是像《大老師》那樣具有「自暴自棄」或「自我犧牲式孤僻」邏輯的主角（即：透過讓自己扮演反派或受損來解決問題）。推薦的小說雖然主角也是邊緣人，但核心主題是「限時戀愛」與「病弱悲劇」，屬於典型的純愛催淚作，缺乏用戶要求的特定人格特質與社交邏輯，僅在「邊緣人」這一點上有表面重疊。
q11,"最近人比較負面，
想看一些有共鳴的小說。
有沒有那種「我一個人爛就好了別搞其他人」的主角的輕小說？以前看大老師自暴自棄滿戳中我的。
宅宅現實找不到人取暖，希望能找輕小說取。",c402c745-a7cb-5554-b575-54a09ace59f5,家庭教室,伊東歌詞太郎,13.4,完結,"輕文學, 校園, 青春, 黑暗, 其他文庫, 日本輕小說",課業、同儕、家庭、自我……懷抱著不同煩惱的少年們，和真誠以對的家庭教師。原本在補習班打工的大學生灰原巧，在學生父親的介紹下，開始擔任起家庭教師。造訪的家庭與指導的學生，各自懷抱著不同的煩惱，有的因家庭煩心，有的為課業苦惱，而有的孩子，獨自與巨大的苦痛搏鬥無人可訴說。而身為家庭教師的灰原，則始終以坦率真摯的態度，陪伴著他們……一個個看似獨立的故事，交織出令人動容的結局。,2,使用者尋找的是像《大老師》那樣「自暴自棄」、「一個人承受負面情緒」且具有強烈自我厭惡感的主角類型，以獲得共鳴。而《家庭教室》雖然同樣探討青春期的黑暗、孤獨與煩惱，且能提供情感上的慰藉與共鳴，但其主角設定是「陪伴並救贖他人的家庭教師」，而非使用者渴求的「自毀型主角」。雖然主題契合（負面情緒、共鳴），但角色屬性不完全匹配。
q11,"最近人比較負面，
想看一些有共鳴的小說。
有沒有那種「我一個人爛就好了別搞其他人」的主角的輕小說？以前看大老師自暴自棄滿戳中我的。
宅宅現實找不到人取暖，希望能找輕小說取。",1ed6669f-cd56-5653-b09f-e096266b6284,明日的我將迎風前行,幹路加,14.7,完結,"輕文學, 青春, 職場, 校園, 角川文庫, 日本輕小說",僅僅一次的失敗，就讓人失去了夢想和置身之處——「要不要試著想像一下未來的自己？」川嶋有人十分崇拜在離島診所工作的叔叔，因而立志成為醫生。然而，他試圖搶救嚴重過敏發作的轉學生卻不幸失敗，導致轉學生留下了後遺症。有人被罪惡感和絕望壓得喘不過氣，過起足不出戶的日子。在叔叔的勸說下，有人決定前往北海道的離島──照羽尻島生活。在這座被稱為「海鳥樂園」的小島上，整所高中只有五名學生，包括在島上出生長大的誠和涼學姐，以及和有人一樣不是本島人、有著「特殊原因」的桃花和陽學長。儘管小島生活讓有人感到困惑，時而也會起反抗之心，但漸漸地，有人也開始向前邁出步伐。然而，突如其來的告別以及殘酷的真相無預警地降臨……,2,用戶尋找的是像《大老師》那樣具有「自我犧牲式孤立」或「自暴自棄」特質的主角以尋求共鳴。推薦的小說主角同樣處於絕望、足不出戶且深受罪惡感折磨的狀態，在「負面情緒」與「社會孤立」這兩點上能與用戶產生強烈共鳴。雖然其核心更偏向於「創傷治癒」而非大老師那種「刻意扮演反派」的性格，但對於目前心情低落、尋找溫暖的用戶來說，依然是非常契合的選擇。
q11,"最近人比較負面，
想看一些有共鳴的小說。
有沒有那種「我一個人爛就好了別搞其他人」的主角的輕小說？以前看大老師自暴自棄滿戳中我的。
宅宅現實找不到人取暖，希望能找輕小說取。",604ee884-4341-5c94-bd86-174f87a2d339,校園小說 School/Fiction,骷髏人,11.5,連載,"校園, 青春, 奇幻, 科幻, 推理, 青春日常, 華文輕小說",這是受困於校園的少年少女間，發生的小小故事。,1,使用者尋找的是具有特定性格（如《果青》大老師那種自我犧牲、孤獨且不願牽連他人的特質）且能產生情感共鳴的小說。推薦書籍的介紹過於簡略，僅提到校園背景與多種類型，完全沒有提及角色性格或能對應使用者情緒需求的內容，僅在「校園/青春」這一表面標籤上有微弱關聯。
q12,"想找一些日常系小說類型，希望劇情節奏安排和對話有趣些。
其它元素能接受百合、戀愛、生活、學校類型，有談話間交流劇情。",7261fc80-d6c1-5505-864c-55bd765eb818,TS聖女今天也在變得聖潔（雌墮）！ ～和美少女們的悠哉日常～,緑茶わいん,60.5,連載,"轉生, 性轉, 百合, 魔法, kakuyomu, Web輕小說",一覺醒來竟成了遊戲里的聖女!? 還要和境遇相似的美少女們一起共同生活!?身為男高中生的「我（俺 ）」，一天早上醒來，發現自己變成了過去玩過的遊戲里的美少女聖女。得知還有其他境遇相似的人之後，他在國家的推薦下，決定在專為「變身者」們準備的合租公寓里開始新生活。然而，在那裡等待著他（她？）的卻是一群個性十足的美女和美少女們——？這是一部以奇幻風格呈現的悠閑日常少女喜劇。,3,本書明確標記為「悠閑日常少女喜劇」，完全符合使用者對日常系、百合以及生活類型的需求，且劇情核心在於美少女間的共同生活與互動，與使用者希望透過對話交流推進劇情的意圖高度一致。
q11,"最近人比較負面，
想看一些有共鳴的小說。
有沒有那種「我一個人爛就好了別搞其他人」的主角的輕小說？以前看大老師自暴自棄滿戳中我的。
宅宅現實找不到人取暖，希望能找輕小說取。",d83b07d7-643b-59b1-b351-2fe32a8e2755,願她帶著笑容而逝,喜友名トト,42.9,完結,"奇幻, 校園, 青春, 戀愛, 輕文學, 電擊文庫, 日本輕小說",為了實現她的心愿，我開始祈求她的死期。基於某種原因，大學生夏希決定隱藏真心，扮演眾人的開心果。對這樣的他直言不諱的人，是永遠面無表情，臉上從來不見笑容的少女更紗。夏希對更紗產生興趣，努力想把她逗笑，卻漸漸被她吸引。可是，她卻有個「無法微笑」的理由——「只要一笑，我就會死。」面對更紗坦誠的殘酷事實，夏希會給出什麼答案？超乎想像的結局，將溫暖每一位讀者的心。,1,使用者明確要求尋找具有「自暴自棄」、「自我犧牲式孤僻」特質的主角（如《大老師》的比企谷八萬），追求的是一種特定的孤獨共鳴。推薦書籍的主角雖然也採取「隱藏真心」的社交面具，但其行為是為了扮演開心果，且故事核心在於與患有特殊疾病少女的悲戀與救贖，屬於催淚療癒系，而非使用者所尋求的「我一個人爛就好了」的厭世/自毀式共鳴。兩者僅在「青春憂鬱」與「面具」等元素上有表面交集。
q11,"最近人比較負面，
想看一些有共鳴的小說。
有沒有那種「我一個人爛就好了別搞其他人」的主角的輕小說？以前看大老師自暴自棄滿戳中我的。
宅宅現實找不到人取暖，希望能找輕小說取。",995c3393-f6a2-5ed8-b414-fc53199e26c3,無法成為女神的陸君,田丸久深,8.7,完結,"校園, 青春, 戀愛, 青梅竹馬, 輕文學, 其他文庫, 日本輕小說",無論是誰，都會覺得陸是個隨處可見的十七歲高中男生。但只有我知道，真正的「他／她」是什麼樣子——高中生的一花和陸除了是青梅竹馬，也是共享著秘密的兩個人。每天放學，陸總會在一花的房間里，將她打扮得宛如漂亮的洋娃娃。而一花也毫無保留地接受著這樣的陸，並深深依戀著他。洋裝、裙子、化妝、漂亮或是可愛的東西——這些被認為只適合女孩子的辭彙，正是陸最喜歡的東西。但由於過去的經歷，陸的喜好成了永遠無法公開，只能與一花分享的秘密。本以為這樣的時光會持續到永遠，直到陸突然在一花唇上落下一吻，驚慌失措的她逃出家門，卻忘記追出來的陸身上正穿著一件裙子，這時同班的井口同學目睹了一切——對性傾向、自我和他人目光感到迷茫的少年少女，該如何在碰撞和傷痕中，尋得真實的自己與戀心？——這是關於逐漸面對自我的四篇青春成長物語。,1,用戶明確尋找的是像《果青》大老師那樣，具有「自暴自棄」、「自我犧牲」或「以承擔負面形象來解決問題」特質的主角（即「我一個人爛就好了」）。而推薦的書籍核心在於「性別認同」、「隱藏真實自我」以及「自我接納」的成長故事。雖然兩者都涉及孤獨感與青春期的迷茫，但主角的行為邏輯與性格特質與用戶要求的「自毀式共鳴」並不相符，僅在「邊緣感」上有表面上的重疊。
q11,"最近人比較負面，
想看一些有共鳴的小說。
有沒有那種「我一個人爛就好了別搞其他人」的主角的輕小說？以前看大老師自暴自棄滿戳中我的。
宅宅現實找不到人取暖，希望能找輕小說取。",da1295d6-34b6-5774-95e8-629bc5cc3a79,夕陽下殉情,douyueling,21.4,完結,"校園, 青春, 青春日常, 華文輕小說",我一直在等待著……在這個誰都不會來的房間里……高中二年級的十月，學園祭正如火如荼地展開，我卻因被二班的石門撞破在化學準備室內拉琴的事而暗自憂鬱。面對若無其事闖進秘密基地的石門，我既無法趕走他，也無法面對他。畫不出來了……這麼述說的石門究竟……孤寂幽靜的校園內，畫筆和琴弓交織而成的青春物語。,2,使用者尋找的是像《果青》大老師那樣具有「自我厭惡」、「孤僻」且「不願牽連他人」特質的主角，以尋求情感共鳴。推薦的小說描述主角在孤寂的校園中獨自活動且心情憂鬱，在氛圍感和「孤獨感」上與使用者需求相符，但簡介中並未明確體現出大老師那種強烈的「我一個人爛就好了」的自毀/自嘲式價值觀，更多是傾向於憂鬱的青春故事。因此屬於部分符合。
q12,"想找一些日常系小說類型，希望劇情節奏安排和對話有趣些。
其它元素能接受百合、戀愛、生活、學校類型，有談話間交流劇情。",5458577f-d18c-5dc9-8fce-4134baa29703,這間教室被不回家社佔領了,岡崎登,78.4,完結,"校園, 奇幻, 歡樂向, 後宮, 青梅竹馬, 妹妹, MF文庫J, 日本輕小說",人畜無害的普通高中生（不過是個妹控）柊木夕也，為了拿回白天忘在教室的手機，夜裡偷偷地潛回了學校。在那裡，他竟然遇到了兩名美少女！！！「......嘎嗚......領地」（其中一名美少女這麼說）「呼哈哈哈，那就讓你見識下吧，死靈魔法師的秘密」（另外一個美少女這麼說）而且看樣子，她們倆似乎就住在學校里......贈與大家普通到渣的妹控高中生與兩位稍稍有些非日常的美少女在學校活動室的同居生活戀愛喜劇————《這間活動室被不回家部佔領了》,3,該書屬於校園戀愛喜劇，且劇情核心在於活動室的同居生活，高度符合使用者對「日常」、「學校」、「生活」類型的需求。其歡樂向的設定通常伴隨大量有趣的對話與角色互動，符合使用者希望對話有趣且有交流劇情的意圖。雖然標記有奇幻元素，但從簡介來看是作為喜劇調劑，不影響其日常系的整體屬性。
q12,"想找一些日常系小說類型，希望劇情節奏安排和對話有趣些。
其它元素能接受百合、戀愛、生活、學校類型，有談話間交流劇情。",be1d080c-31c0-5dc6-9546-3cac1ac6ec1f,小春原日和的育成日記,五十嵐雄策,50.1,完結,"校園, 青春, 戀愛, 歡樂向, 妹妹, 電擊文庫, 日本輕小說",存在感超級薄弱又土氣的普通少女小春原日和，突然決定要轉入貴族女校私立姬乃宮女學院高中部。希望同公寓的晴崎佑介能讓她成為千金小姐型，開始了與公寓住戶們（社會廢人X3）一起努力的奮鬥生活……,3,該書屬於校園、青春與戀愛類型，情節聚焦於日常的育成過程，完全符合使用者對「日常系」、「學校」及「生活」類型的需求。且其「歡樂向」的設定與角色互動（社會廢人輔導少女）暗示了有趣的對話與節奏，與使用者意圖高度匹配。
q13,"我很喜歡搞笑類，誤會系剛好能戳到我的笑點，
看了會有種「這群人的腦迴路到底怎麼長的」的感覺，（像電玩咖這種的）
當然不需要全程搞笑，後面進入主線開始嚴肅起來我還是能接受的（素晴、腦礙這種的）",442b3047-7429-5b92-9b5f-392daf9cbac8,本格萌童話,本田透,10.2,完結,"歡樂向, 其他文庫, 日本輕小說",屢遭暗算也不改其脫線個性的天然呆女孩——白雪公主變身就會成為美少女的眼鏡娘——灰姑娘只因為長相醜陋就丟掉性命的可憐人——大野狼和七隻小羊戴上小紅帽的可愛簡直是種罪孽——小紅帽為了心愛妹妹獻出一切的哥哥——糖果屋轉自輕之國度,3,用戶偏好搞笑類、具有奇特邏輯（腦迴路）的角色以及誤會系情節。推薦書籍標記為「歡樂向」，且其設定將經典童話角色進行反差與脫線的改造（如脫線的白雪公主），符合用戶對於角色性格古怪、充滿喜劇感的喜好。
q13,"我很喜歡搞笑類，誤會系剛好能戳到我的笑點，
看了會有種「這群人的腦迴路到底怎麼長的」的感覺，（像電玩咖這種的）
當然不需要全程搞笑，後面進入主線開始嚴肅起來我還是能接受的（素晴、腦礙這種的）",ba4198ee-4a72-5bac-8986-d85259f7e71a,我媽轉世啦,嗝嗝,9.0,完結,"青春, 戀愛, 轉生, 歡樂向, 原生幻想, 華文輕小說",父母雙亡的悲慘青年徐東靠著剪輯視頻為生，這一天，一位七歲的小蘿莉來到他家中，自稱是他母親，徐東懵了。,1,用戶明確要求的是「誤會系」且具有「腦迴路奇特」的強烈搞笑風格（如《素晴》），而推薦書籍雖然標記為「歡樂向」，但從簡介來看更傾向於設定奇特的溫馨或青春輕小說，缺乏用戶強調的荒誕誤會感與混亂的邏輯笑點，僅在「搞笑」這一大類上有淺層重疊。
q13,"我很喜歡搞笑類，誤會系剛好能戳到我的笑點，
看了會有種「這群人的腦迴路到底怎麼長的」的感覺，（像電玩咖這種的）
當然不需要全程搞笑，後面進入主線開始嚴肅起來我還是能接受的（素晴、腦礙這種的）",7bd66ca8-c172-5594-aea2-4cd156dfc66b,琉璃色的瞎扯淡日常,伊達康,49.1,完結,"校園, 奇幻, 歡樂向, 青春, 後宮, MF文庫J, 日本輕小說",「裝傻的話就要吐槽，不是你們那個世界的規則嗎？」紺野孝巳是受到靈障所苦的高中一年級生。某天，他前往拜訪校內知名的靈能力少女‧有動琉璃所屬的『除靈(OHARAI)研究社』──結果其真面目竟然是『搞笑(OWARAI)研究社』！琉璃從一連串謎樣的對話中認同孝巳的搞笑天賦，當下強迫他入社。而素有「靈導師」稱號的學校第一美少女鴫原翠也在此時現身──「哼，『靈媒女』這種稱號給翠就好了。我只要有『爆笑王』和『青鶴高中小姐』的稱號就夠了。」「這兩個是能同時並存的嗎！？」圍繞著靈體與搞笑的超日常即將揭幕，對美少女們吐槽到飽的青春喜劇──火力全開！,3,使用者偏好搞笑且具有「奇葩腦迴路」的作品（如《電玩咖》），而《琉璃色的瞎扯淡日常》的核心在於角色對搞笑（漫才）的異常執著與充滿吐槽的對話，其角色行事邏輯極其獨特，完美契合使用者對「腦迴路」和搞笑系的需求。
q16,"如題想看校園類型小說，不知道有無推薦
純現實的不要有奇幻元素，集數不多的佳",78a40117-cbe9-5c1b-946d-72752f7412b5,顏值主義教室,三河ごーすと,9.7,連載,"校園, 青春, 妹妹, 音樂, 富士見文庫, 日本輕小說",不論是音樂、舞蹈或是時尚感——一所聚集了各式天才的藝術學校，私立繚蘭高中。實際上這是一間依賴「顏值」評斷一切的學校。我的妹妹，池袋詩歌是個百分之一萬的家裡蹲，沒有我這個哥哥的話，生活就不能自理，在這所學校裡面可以說得上是墊底的那種人物。但我知道，在網路上從不露臉的歌唱大神，實際上就是詩歌！詩歌的歌聲，將會顛覆這所學校的常識——！,3,使用者尋找純現實的校園類小說且不含奇幻元素。該推薦書籍設定於藝術高中，主題圍繞在音樂與外貌主義，屬於純現實校園背景，完全符合使用者的核心需求。
q17,"求推薦世界觀建構完整
主角很清楚當下該做甚麼
是不太希望主角輕鬆拿到一堆外掛這種的
然後也蠻喜歡主角大意、失誤或忘記重要信息導致危機感這種狀況發生
非戰鬥類主角也可以，感覺這類主角穿越的比較多?
但是如果是一個高中生通十八般武藝心理素質又特好的就不要",df13b445-029c-57d2-bb19-60c0c7ad3f38,金錢＆智慧,稲波翔,14.9,連載,"轉生, 經營, 後宮, 其他文庫, 日本輕小說",夢想成為稀有後宮之王的高中生──近江帝羅，他在某一天飛到了一個充滿女人的異世界。但他感到喜悅也只有在那轉瞬之間，第一個遇見的少女魔法師──艾莉米亞突然向他發動攻擊，並且將他強行帶回到商會。在商會裡，就連小女孩也將他當作種馬兼寵物對待──這裡是個女尊男卑的世界。「為什麼我是寵物啊！這裡是商店對吧？我可是擁有你們所不知道的世界的知識喔！」「是嗎？那麼，你就試著以你那自豪的知識賺錢吧，只要賺到一枚金幣就好。」「少瞧不起人了啊啊啊啊啊啊啊！」用地球人的睿智和男子氣概，讓這群女人刮目相看！這是一個痛快淋漓的後宮型奇幻故事！,0,用戶明確表示不希望主角輕鬆獲得外掛，且喜歡主角因失誤而產生危機感。而推薦書籍屬於典型的「後宮爽文」，主角依賴「地球人的睿智（知識外掛）」來讓他人刮目相看，且標榜「痛快淋漓」，與用戶追求的危機感與反外掛需求完全相反。此外，主角身分也是用戶提及的避雷點（高中生）。
q17,"求推薦世界觀建構完整
主角很清楚當下該做甚麼
是不太希望主角輕鬆拿到一堆外掛這種的
然後也蠻喜歡主角大意、失誤或忘記重要信息導致危機感這種狀況發生
非戰鬥類主角也可以，感覺這類主角穿越的比較多?
但是如果是一個高中生通十八般武藝心理素質又特好的就不要",52b7bc49-f84f-57f0-91c8-39aaab4a8249,超人高中生們即便在異世界裡也能從容生存,海空陸,53.9,連載,"轉生, 戰鬥, 冒險, 經營, 群像, GA文庫, 日本輕小說",「我們就悠哉地上吧，不然可能會不小心摧毀異世界昵。」七名高中生捲入了飛機事故，他們醒來之後，發現自己身處於另一個世界之中。那是一個存在著魔法丶獸人，時代近似於中世紀的異世界。一行人遭遇如此突髮狀況——完全沒有陷入混亂（！？）他們為所欲為，例如在沒有電力的世界中造了核子發電廠；稍微出外打拚一下，就掌握了整個大城市的經濟；甚至是為了拯救飽受惡政欺壓的恩人，與作惡多端的貴族來上一場戰爭！？沒錯，他們不是普通的高中生，而是各自立於政治丶經濟丶科學丶醫學等領域頂點的超人高中生！這群夢幻隊伍擁有地球最高度的智慧與技術，他們將肆無忌憚地動用超高科技，編織出一段異世界革命傳說！,0,該書完全命中用戶的避雷點。用戶明確表示不希望看到「心理素質特好的高中生」以及「輕鬆拿到外掛/過於順利」的劇情，且渴望看到主角因失誤導致的危機感。而本作的主角群正是心理素質極強、處之泰然的超人高中生，且劇情主軸是利用頂尖知識在異世界「從容生存」並肆意揮灑，缺乏用戶要求的危機感與挫折感。
q17,"求推薦世界觀建構完整
主角很清楚當下該做甚麼
是不太希望主角輕鬆拿到一堆外掛這種的
然後也蠻喜歡主角大意、失誤或忘記重要信息導致危機感這種狀況發生
非戰鬥類主角也可以，感覺這類主角穿越的比較多?
但是如果是一個高中生通十八般武藝心理素質又特好的就不要",51fdb025-252e-5af2-901c-8637720c2db8,弗雷姆王國興亡記,疏陀陽,95.0,連載,"轉生, 經營, 後宮, 其他文庫, 日本輕小說",一不注意就與上班途中買的咖啡一起，來到異世界旅遊了。「嗯...我並不是勇者什麼的...但是...！」只是平凡銀行員的主人公松代浩太，來到的地方卻是中世紀歐洲風的異世界！在這裡沒有魔王、邪惡帝國也沒有在營業。但在這和平的上，逼近浩太的魔掌是。赤字國債！暴跌的股價、貨幣崩潰再加上債務不履行的風暴衍生的問題，還有保守派元老們的狡獪更是讓大陸向著饑荒和戰爭更進了一步。要對抗這遠超魔王以上的強敵，浩太只能依賴天生的智慧和勇氣！,3,該書主角為銀行員而非高中生，且故事核心聚焦於經濟經營與政治鬥爭而非戰鬥，完全符合使用者對「非戰鬥類主角」且「非完美高中生」的偏好。主角依賴專業知識（銀行業經驗）而非系統或神賜外掛來解決赤字國債、通貨崩潰等問題，且其面對的經濟危機與政治權謀符合使用者對世界觀完整度以及危機感的期待。
q17,"求推薦世界觀建構完整
主角很清楚當下該做甚麼
是不太希望主角輕鬆拿到一堆外掛這種的
然後也蠻喜歡主角大意、失誤或忘記重要信息導致危機感這種狀況發生
非戰鬥類主角也可以，感覺這類主角穿越的比較多?
但是如果是一個高中生通十八般武藝心理素質又特好的就不要",741790a9-246a-50ee-8ec3-59f866ec148c,Pick me up! ★1英雄的生存方法,헤르모드,155.2,完結,"奇幻, 冒險, 戰鬥, other, 韓國輕小說",極高難度的手機遊戲《Pick me up！》世界排名第五的大師「洛基」在挑戰迷宮時失去了意識。（什麼？我成了遊戲角色？）當他醒來時，變成了等級1、星級1的英雄「韓．伊斯拉特」。為了回到地球，洛基必須帶領初學者大師和英雄們突破100層的迷宮塔！「你，惹錯人了。」不容許任何一次失敗的大師洛基強力Carry！,2,主角作為頂尖玩家，符合「清楚當下該做什麼」且非高中生的要求。雖然主角具備專業知識，但起始等級極低且處於高難度生存環境，並非輕鬆獲得外掛。然而，主角設定為能強力Carry的大師，可能與使用者希望看到「主角大意、失誤導致危機」的偏好有所衝突，因此給予 2 分。
q17,"求推薦世界觀建構完整
主角很清楚當下該做甚麼
是不太希望主角輕鬆拿到一堆外掛這種的
然後也蠻喜歡主角大意、失誤或忘記重要信息導致危機感這種狀況發生
非戰鬥類主角也可以，感覺這類主角穿越的比較多?
但是如果是一個高中生通十八般武藝心理素質又特好的就不要",08693c4c-c697-58dd-818a-5ac7f3a7aefe,底層領主的錯誤英雄譚,馬路まんじ,10.0,完結,"異能, 經營, 戀愛, 歡樂向, syosetu, Web輕小說",「（為了不叛逆）巴結領民嗎！」經營荒廢最惡劣的領地，開始了！犯罪分子和異教徒橫行的荒廢最惡劣的土地·貝巴倫領。年輕繼承家族領地成為領主的莉澤，為了不被邪惡的領民殺害，做出了一個決定。那就是——討好領民！如果將被視為「僅賦予王室和貴族的神之力」的魔法用於領民，就能夠獲得幸福的生活！……但不知何時領民卻被祭起為「反叛國家者」！？「「「來吧，莉澤大人，讓我們消滅邪惡國王！」」」「（怎麼會變成這樣！？）」由不經思考的領主所經營的最惡劣的領地經營故事，拉開序幕！,2,這本書符合使用者對於「非完美主角」以及「因失誤/大意導致危機」的需求，主角的行為造成了巨大的誤解並將局面導向不可控的方向。此外，主角並非典型的全能高中生。然而，該作屬於「歡樂向」且主角被描述為「不經思考」，這與使用者希望主角「很清楚當下該做什麼」的期待存在一定衝突，且誤會向的劇情可能被視為一種變相的「輕鬆獲利」。
q17,"求推薦世界觀建構完整
主角很清楚當下該做甚麼
是不太希望主角輕鬆拿到一堆外掛這種的
然後也蠻喜歡主角大意、失誤或忘記重要信息導致危機感這種狀況發生
非戰鬥類主角也可以，感覺這類主角穿越的比較多?
但是如果是一個高中生通十八般武藝心理素質又特好的就不要",56759e9f-d50a-5aa8-b023-8e9990978a17,必勝迷宮的經營方法,雪だる,80.5,連載,"轉生, 歡樂向, 經營, 後宮, 人外, 其他文庫, 日本輕小說",鳥野和也受到貿然來訪公寓的女神露娜委託，負責經營異世界的迷宮。和也不甘不願成為迷宮主宰後，第一項工作就是訓練哥布林與史萊姆。2天後，由劍士丶魔術師丶原為公主的奴隸等人所組成的隊伍侵入迷宮。和也雖與哥布林等怪物們一起迎撃……但卻不僅要修建露天澡堂，還得教育妖精少女……迷宮主宰今天也超級忙碌！由「成為小說家吧」發跡而大受歡迎的迷宮奇幻故事！,1,用戶明確要求作品需有「危機感」、主角會因為「大意或失誤」導致困境，且不希望主角輕鬆獲得外掛。然而，推薦的書籍標籤為「歡樂向」且包含「後宮」，劇情描述偏向輕鬆的迷宮經營與日常互動，與用戶追求的緊張感與硬核設定完全相反，僅在「非戰鬥類主角」這一點上勉強相符，整體契合度極低。
q18,"我最近剛看了龍王的工作的小說
雖然不懂將棋，但覺得對局的刻劃很棒
能看到將棋解說
也會側面描寫一些職業棋士、女流棋士的差別和情況

最喜歡的部分是銀子挑戰獎勵會那邊
書裡描寫的女性棋士會被小看的部分
那種低人一等、逆境求生的感覺做得很真實(?不會形容，總之很有代入感
銀子加油，不要輸給將棋星人!

希望各位能分享一些好看的將棋小說!!",bd7970a2-4884-509b-9c68-d62856732ac1,幻想之花向死而生,taikong,22.4,連載,"奇幻, 冒險, 懸疑, 復仇, 妹妹, 黑暗, 鬥智, 異能, 大逃殺, 溫馨, 原生幻想, 華文輕小說",一個陰暗壓抑，略有點瘋狂的故事。重生者間殘酷的生存遊戲，開始了。戰鬥吧，戰鬥到最後一刻！向自己、向敵人、向世界、向命運！,0,使用者明確要求尋找關於「將棋」的小說，且在意職業棋士的描寫與逆境奮鬥的感覺。推薦的書籍是一部奇幻、黑暗風格的生存遊戲（大逃殺）小說，與將棋完全無關。
q20,本人喜歡偏重人物心理描寫、人物互動和角色變化的作品，較偏執在人物塑造和刻劃上。劇情不要求設計得有多精妙，不影響觀感就好，就算是平鋪直述的也行。節奏快慢無妨，掌握恰當即可。本人對於自己的閱讀能力還算有信心，文字量稍微過多也沒差。大忌是拿膚淺粗俗爛造的刻板僵化人物作為行銷點。,4bbc4b33-30e5-57fe-bf6b-7bf770a36209,重生,朝井遼,11.6,完結,"青春, 戀愛, 群像, 其他文庫, 日本輕小說",重考生小梢因為羨慕雙胞胎姊姊既聰明又漂亮，藉故假扮成姊姊參與電影拍攝。電影最後一幕，女主角將跳崖自殺。在跳下的前一刻，小梢一面想著重考以及暗戀的補習班老師，一面俯瞰這個寬廣的世界，突然領悟自己並不是想要成為姊姊，而是想與現在的自己有所不同。於是這一躍，彷若重生。五個二十歲左右的男女，同時懷抱著這個年紀特有的開朗與迷惘——意外被好友親吻，不知該如何是好的內向女孩；明知不可能，仍想追求同班美女的魯蛇男大生；試圖透過畫畫來面對家庭關係瓦解的美術大學學生；因為雙胞胎姊姊長得美而感到自卑的重考生；自覺天分有限，依然邊打工邊努力練習的舞蹈學校學生；面對看不清的未來，他們將焦躁與不安轉換為力量，踏出屬於自己的「第一步」。,3,使用者核心需求在於深刻的人物心理描寫、角色變化以及對人物塑造的重視。推薦書籍《重生》是一部群像劇，重點在於多位年輕人面對自卑、家庭崩潰、天分限制等心理困境，並在迷惘中尋找自我並成長（重生）的過程。這種著重於內心掙扎與角色成長的敘事風格，完全符合使用者對「人物塑造」與「角色變化」的偏好，且不依賴複雜劇情，是非常契合的推薦。
q21,"最近剛看完三角距離無限為零
雖然胃在痛不過還是很喜歡三角戀這個要素
有人可以推薦一下類似的作品嗎?
當然不一定要三角戀 更多也行 只是想看這種描述男女主如何在戀愛中痛苦掙扎的小說
有糖更好 因為之後胃會更痛",4d3fcad4-1206-5ccb-9d73-37ef63eaa03a,雖然我被同年級兩大美少女甩了，但不知為何她們似乎愛上我了。,あおぞら,20.3,完結,"校園, 青春, 戀愛, 後宮, 妹妹, 歡樂向, kakuyomu, Web輕小說",「妳們兩個明明甩了我吧？」「嗯。」「……為什麼會跟著我？」【本篇完結】【隨意更新番外篇】我——佐佐木瑛太，想要一個女朋友。原因是，周圍的情侶越來越多，還有跟我結成非戀愛同盟的兩個好友也各自有了女朋友。因此，我向同年級裡最可愛的兩位美少女告白了。然而，結果本應該是慘敗——但卻……「……妳們兩個在幹嘛？」「啊，瑛太君……呃，其實……」「我們在跟蹤你，沒有其他意思。還有，給我午餐。」「妳們這樣明明就有其他意思吧！居然能說出沒有的話來！？而且我今天不是說了沒有午餐嗎！？」不知不覺中，卻莫名其妙地被她們所喜愛。真的是為什麼呢？◯每一話大約1500字左右。◯感謝在各類別日間、週間、月間排名第一！！◯感謝在各類別年間排名第十！！◯感謝300萬PV！,1,使用者明確要求尋找在戀愛中「痛苦掙扎」且帶有情感衝突的作品（類似於『胃痛』感），但推薦的小說標記為「歡樂向」，且從簡介來看是典型的輕小說後宮喜劇，缺乏使用者渴求的情感深度與痛苦掙扎，僅在「多人戀愛」這一表面要素上有所重疊。
q21,"最近剛看完三角距離無限為零
雖然胃在痛不過還是很喜歡三角戀這個要素
有人可以推薦一下類似的作品嗎?
當然不一定要三角戀 更多也行 只是想看這種描述男女主如何在戀愛中痛苦掙扎的小說
有糖更好 因為之後胃會更痛",f2459e2b-5aa2-58c1-8279-c21574b758c8,妹妹監護人,月見草平,19.9,連載,"校園, 青春, 歡樂向, 後宮, 妹妹, MF文庫J, 日本輕小說",我、天乃翔太是理科型。屬於不管什麼東西都會從科學角度考慮的超級理論派。這樣的我現在就要找心上人告白。對象是同年級的成績優秀·容姿端麗的一片愛同學。據計算成功率是0.00001％。「我喜歡你」做好玉碎覺悟後將心意傳達出來……。「交往也沒關係哦、如果跟我這種木星人也行的話」——搞錯告白對象了orz那位是愛同學的妹妹「自稱·木星人」而聞名學校的一片戀。正當我想著要解開誤會之際、這時卻被愛同學一把涕淚地拜託說「請與我一起保護妹妹吧！」……！？從這天起、我與愛同學一同照顧電波妹妹·一片戀的「妹妹監護人」日子開始了！照顧看護系三角戀愛喜劇第一彈！,1,使用者明確尋找的是具有「痛苦掙扎」、「胃痛」感的情感糾葛作品，而推薦的作品標記為「歡樂向」且定義為「喜劇」。雖然兩者都包含「三角戀」要素，但故事基調與使用者渴望的虐心感完全相反，僅有表面上的設定重疊。
q21,"最近剛看完三角距離無限為零
雖然胃在痛不過還是很喜歡三角戀這個要素
有人可以推薦一下類似的作品嗎?
當然不一定要三角戀 更多也行 只是想看這種描述男女主如何在戀愛中痛苦掙扎的小說
有糖更好 因為之後胃會更痛",c3c99d71-277c-5706-a039-3e72a6fe4df3,崇尚自由的我，不想出演戀愛喜劇,只是你手太涼,7.1,連載,"校園, 戀愛, 歡樂向, 青春日常, 華文輕小說",柊星夜，崇尚自由主義者，目標是過上洒脫無憂的自由生活。戀愛？是致命的毒藥，是完全禁止觸碰的存在。與可愛病嬌的學園偶像；冷淡毒舌的美麗書友；反差御姐的同班辣妹；又愛又恨的小惡魔學妹們的——青春戀愛喜劇正式上演。,1,用戶明確要求尋找描述男女主在戀愛中「痛苦掙扎」、「胃痛」且具有虐心感的作品。然而，推薦的作品標記為「歡樂向」且定位為「戀愛喜劇」，其基調與用戶追求的虐心氛圍完全相反。儘管該書包含多角關係，但核心情感需求（掙扎與痛苦）並不匹配。
q23,"最近不知道要看什麼，想請大家推薦一些好看的作品

裝逼開掛類的
黑暗懸疑的
或是一些風格冷門的都還算喜歡
只有一個大前提，不要後宮，不要賣肉（好像變2個大前提了？
不喜歡那種明明男主沒幹什麼但每個女角都喜歡他，非得要的話2個是極限，而且劇情希望能別注重在他們愛來愛去互刷好感度卻又不決定人選的地方，如果是冒險類作品增加同伴的時候，可以的話別清一色都女的偶而也增加點男性同伴也好（都女的最後8成都變後宮
再來不要硬賣一些福利，例如某漫畫的黎斗摔，或者是洗澡時剛好開門，或者是組個樂團為了討老師歡心換了泳裝演奏……這種的不太能接受

喜歡偏向下剋上（不管是強者因未知原因被分到弱組還是靠努力爬上來把上位者打趴的都喜歡）
描寫內心戲多的（黑掉壞掉，或是溫馨感動的都喜歡）
不好意思這麼麻煩…因為總感覺現在大眾向的作品，開掛後宮福利都會有，希望能找到一些後宮福利少點的",981a6dfb-5bc3-56dd-bbcd-f43caf52d5a6,白夜行,東野圭吾,34.5,完結,"懸疑, 黑暗, 集英社, 日本輕小說",因為被奪走太陽，只能行走在白夜之中；然而當白夜來到盡頭之際，又將有什麼在等待著？他們為什麼如此輕易地抹煞別人的性命？他們為什麼毫無愧疚地奪取別人的靈魂？,3,推薦作品《白夜行》高度符合用戶對「黑暗懸疑」以及「內心戲多」的要求。同時，該作品完全不含後宮、賣肉或低俗福利情節，嚴格遵守了用戶設定的禁忌項。雖然它不屬於「開掛裝逼」類，但用戶是以「或」來列舉喜好，因此在懸疑與心理描寫方面的極高契合度足以使其成為優秀推薦。
q23,"最近不知道要看什麼，想請大家推薦一些好看的作品

裝逼開掛類的
黑暗懸疑的
或是一些風格冷門的都還算喜歡
只有一個大前提，不要後宮，不要賣肉（好像變2個大前提了？
不喜歡那種明明男主沒幹什麼但每個女角都喜歡他，非得要的話2個是極限，而且劇情希望能別注重在他們愛來愛去互刷好感度卻又不決定人選的地方，如果是冒險類作品增加同伴的時候，可以的話別清一色都女的偶而也增加點男性同伴也好（都女的最後8成都變後宮
再來不要硬賣一些福利，例如某漫畫的黎斗摔，或者是洗澡時剛好開門，或者是組個樂團為了討老師歡心換了泳裝演奏……這種的不太能接受

喜歡偏向下剋上（不管是強者因未知原因被分到弱組還是靠努力爬上來把上位者打趴的都喜歡）
描寫內心戲多的（黑掉壞掉，或是溫馨感動的都喜歡）
不好意思這麼麻煩…因為總感覺現在大眾向的作品，開掛後宮福利都會有，希望能找到一些後宮福利少點的",8499c511-2156-59dd-9053-f53d96d8ba8c,「殺人城」系列,北山猛邦,58.2,完結,"懸疑, 犯罪, 黑暗, 其他文庫, 日本輕小說",世界毀滅的剎那，你會和誰人同生共死？「那一刻」悄悄降臨的瞬間，倘若你忽然明白了誰是你最該守護的人……為了那個人，你，會去殺人嗎？過去、現在、未來——鑲嵌著三個巨大時鐘的「鍾城」、鍾城附近時隱時現的人面樹、地下室牆上浮現出的無數人臉、長睡不醒的美女、神秘鐘聲敲響的午夜、禮拜堂裡面的無頭死屍、美女房間內兩個新被砍下的人頭……無法通行的情況之下，殺人如何完成？,3,使用者明確表示喜歡「黑暗懸疑」類作品，且極端排斥後宮與賣肉福利。推薦的作品《殺人城》標籤為懸疑、犯罪、黑暗，且內容涉及死屍、殺人等陰森元素，完全符合使用者對黑暗懸疑風格的需求，且從簡介來看並無後宮或福利傾向，是高度匹配的推薦。
q24,"要求有點難找
希望推薦""戰爭+戀愛""要素的輕小說,不是戰""鬥""是戰""爭""
要完結了的,GOOD ENDING最好",038038e0-06aa-5488-9e8c-e7d3fb0e9446,在最後一刻，我放棄了那些想要消滅我這個勇者的叛徒。,サドガワイツキ,3.5,完結,"奇幻, 冒險, 戀愛, NTR, 復仇, 青梅竹馬, kakuyomu, Web輕小說",全隊伍都被王子給寢取了嗎？那我就不戰鬥了，再見！！！勇者隊伍，包含青梅竹馬的戀人，全都被那個王子給睡了！！！―――所以，就在與魔王的最後決戰，確定勝利的最後關頭，我翻臉了，讓他們自己去死吧wwwwww被振作起來的魔王軍正在攻打王國？沒有勇者的你們一定會被無情屠戮和虐待吧？？ 與我無關！！！！！難道這裡還有能讓我脫身的保險嗎？怎麼可能wwww那麼，請儘快去死吧。,0,使用者明確要求的是「戰爭+戀愛」要素，且強調要的是大規模的「戰爭」而非單純的「戰鬥」。而推薦的書籍核心主題是「復仇」與「NTR（寢取）」，劇情集中於背叛與報復，完全不符合使用者對戰爭浪漫史的期待。
q24,"要求有點難找
希望推薦""戰爭+戀愛""要素的輕小說,不是戰""鬥""是戰""爭""
要完結了的,GOOD ENDING最好",89c53260-86f8-5f24-afaa-167f01c86c45,唯一的心愿,入間人間,10.7,完結,"戀愛, 懸疑, 復仇, 黑暗, 電擊文庫, 日本輕小說",與她相識是在彷彿還是昨日的學生時代。不需要付諸語言，我們也知道彼此的心意總是相通，這就是我們一直以來的日常。然後今天，我鼓起全部的勇氣，向她提出了求婚。我從下方惶恐地一點一點抬起臉，窺視她的反應，不料拜見到了非常稀罕的景象。她咧著嘴，露出看起來很壞心眼的滿臉傻笑。也就是、「我願意」、的意思？太好了！……就在這麼想的瞬間，沒想到竟然、竟然發生了那樣的事。接著，我的另一個人生就此開始。,1,用戶明確要求「戰爭+戀愛」的組合，且強調必須是「戰爭」而非單純的戰鬥。該書雖然包含「戀愛」要素，但其標籤和簡介顯示其核心主題為「懸疑、復仇、黑暗」，完全沒有涉及戰爭背景，不符合用戶的核心需求。
q24,"要求有點難找
希望推薦""戰爭+戀愛""要素的輕小說,不是戰""鬥""是戰""爭""
要完結了的,GOOD ENDING最好",0cb47e2a-608c-5e87-99a9-b23dbe4e3673,To Heart 2,LEAF,188.7,完結,"校園, 青春, 戀愛, 後宮, 青梅竹馬, 遊戲劇本, 日本輕小說",(遊戲線程劇情純愛版)《TOHEART2》的世界是現實的，平和的。沒有很多所謂的宿命，也沒有太多的生死離別，更沒有非常起伏的情節。在這個世界所追求的是一種大家都能得到幸福的境界，所以結局自然而然的都可以說是GOODEND。但是常識告訴我們如果故事沒有「衝突」就無法進行，單純的文藝片不會被列為經典。所以這裡的衝突更多的體現在角色們的心理，一個個心理的變化，一個個心靈的爭執。或者可以說成是男女主角們心理的一個成熟的過程，如小牧的恐懼症到化解，會長的自閉到接受外界，由真的角色轉換到回歸本來等等都是在傳輸一個概念，那就是——人心的改變。,0,使用者明確要求「戰爭+戀愛」且強調不是單純的戰鬥，但推薦的書籍《To Heart 2》是典型的校園純愛作品，簡介中甚至強調世界觀「平和」、沒有生死離別，與使用者需求的戰爭要素完全不符。
q24,"要求有點難找
希望推薦""戰爭+戀愛""要素的輕小說,不是戰""鬥""是戰""爭""
要完結了的,GOOD ENDING最好",21a50e19-8c91-55f2-b292-2a70544a965a,那年夏天，在夢境尾聲墜入愛河,冬野夜空,7.3,完結,"科幻, 青春, 戀愛, 其他文庫, 日本輕小說",如果人生可以重來，我願意付出任何代價，換取與你再次相愛……「我真的好喜歡你……」這是在這個世界最後的聲音，最後的一句話。雖然淚流滿面，但依然帶著笑容。只留下這句話的聲音後，世界終結了。這場漫長的夢，終於划下句點……才剛入學，我就對鋼琴技術高超的學長一見鍾情，溫柔的他甚至只因我說了「喜歡鋼琴」，就親切指導初次見面的我。當鼓起勇氣與他一起參加演奏會，並在美麗的向日葵花田中向他告白，他終於回應了我的心意。滿心期待著幸福的未來，沒想到一場車禍卻瞬間粉碎了這一切。我因為受傷而半身不遂，學長也失去了他能彈出優美音樂的手。然而，就在這個黑暗的時刻，我的手機突然出現一則訊息——如果可以改變過去的選擇，妳會怎麼做？這就是妳期望的夢境，卻也是讓妳苦苦盼望的虛假世界。即使這樣，妳也要墜入這場夢裡嗎？那一刻，我獲得了一個改變命運、與心愛的他重新相愛的機會，但在這場有時限的夢境里，他卻徹底忘了我，以及我們的愛情……,0,使用者明確要求「戰爭+戀愛」且強調必須是大規模的「戰爭」而非單純的戰鬥。而推薦的書籍是一部關於車禍、夢境與遺憾的青春純愛小說，完全不涉及戰爭要素，與用戶的核心需求不符。
q1,"現在對於小說的要求越來越高了，
而且慢慢的發現現在除了狗糧基本上都看不進去，
連以很喜歡的異世界主題都看不進去了，
好想念從前那個什麼都可以看得很快樂的自己

說回主題，希望可以找到沒看過的狗糧系小說，
可以接受小刀，但一定要無黃毛無牛頭人，
但背景自帶沈重的例如「戀愛光譜」「刮鬍」這一類的也不喜歡，
黨爭就...看情況吧但其實我也一般般",35040b47-e497-5c5c-96d1-519b04b43963,我可以對無比賢惠的妻子撒嬌嗎？,斧名田マニマニ,13.4,完結,"青春, 戀愛, syosetu, Web輕小說",「新山湊人君……！是，是否……能讓我成為你的妻子呢……？」被學園第一的美少女 花江凜戀 求婚，在莫名其妙的時候開始了我的新婚生活。我那非常可愛的妻子，每天都很高興地跟在我後面，甚至一刻也不想離開我身邊。在清潔、洗滌、烹飪、縫紉和一般家務方面都很完美，就像一個專業人士一樣，擁有妻子的所有技能。除此以外，她還非常投入。「為了湊人君能過一輩子快樂的生活，我試著通過投資積累了一筆財產。隨便花吧……!」這樣過度的服務也是家常便飯。此外，當我說一句表揚的話『太棒了』時，她就會像翻板一樣搖動她那看不見的尾巴，這很可愛。是的，在我面前的凜子，就像非常喜歡主人的小狗一樣。但是，不能自滿。這是契約結婚——。她並不是愛上我了。——明明是這樣，當我問她「為什麼要為我付出那麼多」時，她鼓起臉頰說道:「湊人，你太遲鈍了……」。呃……我們做的是契約結婚吧……?這是一個從零交往日結婚開始，只是一味幸福的單相思愛情故事。,3,用戶尋找的是純粹的「狗糧」系小說，且明確要求無 NTR（黃毛/牛頭人）及無沈重背景。推薦的書籍是一部關於新婚生活、妻子賢惠且充滿甜蜜互動的純愛故事，氣氛輕鬆愉快，完全符合用戶對「甜度高」且「無壓力」的需求。
q1,"現在對於小說的要求越來越高了，
而且慢慢的發現現在除了狗糧基本上都看不進去，
連以很喜歡的異世界主題都看不進去了，
好想念從前那個什麼都可以看得很快樂的自己

說回主題，希望可以找到沒看過的狗糧系小說，
可以接受小刀，但一定要無黃毛無牛頭人，
但背景自帶沈重的例如「戀愛光譜」「刮鬍」這一類的也不喜歡，
黨爭就...看情況吧但其實我也一般般",97d58d5f-fcc2-50f8-9d6b-94b3aeb5dd62,甩掉出軌的女友後，被學園第一美少女搶回家,マキダノリヤ,15.2,連載,"戀愛, 校園, 妹妹, 青梅竹馬, 角川文庫, 日本輕小說",「騙人……的吧？」目擊了人生中第一個女朋友莉愛的出軌現場的新世，直接發送「分手吧」的信息，結束了這一切。正心情低落時，被邀請去聯誼會上湊數。新世承受不住那份疏離感，離開坐位走出包廂，卻被追在後頭的學園第一美少女·雙葉憐奈突然吻了上來——「因為有你參加，我才會來聯誼會的哦。」就這樣被她帶回了家中！？積極引領著新世的她在兩人獨處時，共享那份笨拙甜美……「和我交往吧。不……口誤了。請你和我交往吧——」與專情的她一起，重新開始這場略帶成熟氣息的戀愛喜劇！（簡介僅供參考）,3,用戶核心需求是「狗糧系（甜寵）」且明確要求「無黃毛/無牛頭人（NTR）」以及「無沉重背景」。推薦的小說雖然開篇涉及前女友出軌，但主角立即分手並與專情的女主角展開甜美戀愛，符合「甩掉渣女後獲得幸福」的爽文甜寵路線，且屬於校園戀愛喜劇，並非沉重主題。整體符合用戶對甜寵與避雷的需求。
q1,"現在對於小說的要求越來越高了，
而且慢慢的發現現在除了狗糧基本上都看不進去，
連以很喜歡的異世界主題都看不進去了，
好想念從前那個什麼都可以看得很快樂的自己

說回主題，希望可以找到沒看過的狗糧系小說，
可以接受小刀，但一定要無黃毛無牛頭人，
但背景自帶沈重的例如「戀愛光譜」「刮鬍」這一類的也不喜歡，
黨爭就...看情況吧但其實我也一般般",cf613ab1-39ca-5ac0-98d6-782d18bcf717,我和隔壁班美少女共度甜蜜校園生活，但事到如今實在無法承認當初搞錯了告白對象,サトウとシオ,20.7,連載,"校園, 青春, 戀愛, 歡樂向, 電擊文庫, 日本輕小說",「我喜歡妳，請跟我交往！」高中生龍膽光太郎人生中空前絕後的告白！本想豁出去和自己的暗戀對象桑島深雪表明心意，不料遇到命運的捉弄，搞錯了告白的對象……沒想到對方卻說──「我很樂意和光太郎同學交往！」學校第一美少女遠山花戀居然答應了，事情以兩情相悅收場？再加上同學們對兩人成為情侶喜聞樂見，在眾人熱切祝福下，光太郎已經無法回頭！這是場因誤會展開，只好假戲真作的戀愛。而這個「不是第一選擇的女主角」有辦法擄獲男主角的心嗎？精彩不斷的校園戀愛喜劇，就此開幕！,3,用戶明確要求尋找「狗糧系」（甜蜜戀愛）且無 NTR、無沉重背景的小說。推薦的小說是一部校園戀愛喜劇，標籤為「歡樂向」，劇情主打甜蜜的校園生活，且沒有任何沉重或壓抑的設定，完全符合用戶對輕鬆、甜蜜讀物的需求。
q1,"現在對於小說的要求越來越高了，
而且慢慢的發現現在除了狗糧基本上都看不進去，
連以很喜歡的異世界主題都看不進去了，
好想念從前那個什麼都可以看得很快樂的自己

說回主題，希望可以找到沒看過的狗糧系小說，
可以接受小刀，但一定要無黃毛無牛頭人，
但背景自帶沈重的例如「戀愛光譜」「刮鬍」這一類的也不喜歡，
黨爭就...看情況吧但其實我也一般般",58c2f74e-a3fa-574e-96f3-117081a55e0d,甩掉出軌的女友後，被學園第一美少女搶回家【Web版】,マキダノリヤ,7.1,連載,"校園, 青春, 戀愛, 妹妹, 青梅竹馬, kakuyomu, Web輕小說",「騙人……的吧？」目擊了人生中第一個女朋友莉愛的出軌現場的新世，直接發送「分手吧」的信息，結束了這一切。正心情低落時，被邀請去聯誼會上湊數。新世承受不住那份疏離感，離開坐位走出包廂，卻被追在後頭的學園第一美少女·雙葉憐奈突然吻了上來——「因為有你參加，我才會來聯誼會的哦。」就這樣被她帶回了家中！？積極引領著新世的她在兩人獨處時，共享那份笨拙甜美……「和我交往吧。不……口誤了。請你和我交往吧——」與專情的她一起，重新開始這場略帶成熟氣息的戀愛喜劇！（簡介僅供參考）,3,使用者尋找純粹的「狗糧」甜寵小說，且明確要求無 NTR（牛頭人/出軌）以及無沈重背景。本作雖然開頭設定是主角被出軌，但其核心劇情是迅速與專情的校園美少女展開甜美戀情，且基調為輕快的校園戀愛喜劇，而非沈重文學，完全符合使用者想要「看狗糧」以獲得快樂的核心意圖。
q1,"現在對於小說的要求越來越高了，
而且慢慢的發現現在除了狗糧基本上都看不進去，
連以很喜歡的異世界主題都看不進去了，
好想念從前那個什麼都可以看得很快樂的自己

說回主題，希望可以找到沒看過的狗糧系小說，
可以接受小刀，但一定要無黃毛無牛頭人，
但背景自帶沈重的例如「戀愛光譜」「刮鬍」這一類的也不喜歡，
黨爭就...看情況吧但其實我也一般般",45ada104-dd5a-53bd-9fd8-1f743f225297,把洗髮精放在喜歡與討厭之間,瀨那和章,9.1,完結,"青春, 戀愛, 群像, 女性視角, 電擊文庫, 日本輕小說",★生活於神戶的三姊妹，她們各自的戀愛物語。戀愛總是趁我們不注意時把心帶走──七年前，年紀比我小的男生向我告白。我們持續著手也無法讓他牽的戀人關係，而我又喜歡上另一個人──（把洗髮精放在喜歡與討厭之間）。以神戶為故事背景，共同生活的三姊妹各自戀情的開始、現在與結束。透過三則短篇故事描寫度過同樣時光的三人戀情，組成一段揪心卻溫柔的愛情物語。戀愛總是趁我們不注意時，若無其事地把心帶走。,2,使用者明確要求「狗糧系」（甜寵）小說，且能接受小刀但排斥沈重背景與NTR。推薦書籍屬於青春戀愛類，雖然標榜「揪心卻溫柔」且涉及戀情的結束，符合「小刀」的範圍，且無明顯的NTR或沈重設定。但其基調偏向苦甜的青春群像，而非純粹的甜寵「狗糧」，因此在滿足度上略有落差。
q2,"不好意思,最近異世界需求大了,很想看異世界的故事不一定要轉生類但劍與魔法是必需的.. 已有蜘蛛子了,目前在找一些已經有結局的異世界小說 原本想看哥布林殺手的但是還沒完結啊.....超不想看到一半被中斷了 至少至少...像刀劍那種完了SAO篇再換ALO的方式我還可以接受 請問還有什麼戰鬥類已完結的異世界小說可以推介呢?",3458ae43-0d9e-5ea8-b6ee-79daa0eae949,治癒魔法的錯誤使用法 ～奔赴戰場的回復要員～,くろかた,113.7,完結,"轉生, 冒險, 歡樂向, 龍傲天, 後宮, 人外, MF文庫J, 日本輕小說",平凡的高中生兔里在返家途中，巧遇學生會長鈴音及同班同學一樹，不過此時三人卻被突然出現的魔法陣吞噬，並轉移至異世界去了。為了拯救王國免於魔王軍的侵擾，三人以『勇者』的身分被召喚到這個世界——可是擁有勇者素質的只有一樹與鈴音，兔里純粹是遭到了波及！不過自從在兔里身上發現了稀有屬性的『治癒魔法使』潛能後，情況一下子完全改變了。自稱救命團團長的女性羅絲強行帶走兔里，逼迫他加入救命團。在那裡等著兔里的是凶神惡煞的同僚，以及操使著『治癒魔法的錯誤使用法』進行訓練的地獄生活——打破常識的『回復要員』展開一連串的異世界奇幻冒險，充滿笑料與戰鬥場面的輕喜劇正式開幕！！,2,該書完全符合用戶對「異世界」、「劍與魔法」以及「戰鬥類」的需求，情節包含大量戰鬥與訓練。然而，用戶在需求中多次強調希望能找「已完結」的小說以避免閱讀中斷，而此作品目前尚未完結，因此未能滿足該項關鍵要求。
q4,"由於自己的胃口比較獨特的原因，喜歡男主被拋置於各種不利的情節或者感情中，也是因為這樣，喜歡看那些讓人看完后心緒難以平靜的小說，就我看過的來說，無職，re0，妹妹人生，異世界迷宮最深等，在某種程度上來說都有慘烈的一部分（感情上或者情節上都是），也沒有一定要轉生異世界，現實日常要是能描繪出這些來也很好了。
尤其那種男主能不斷被放置在痛苦或者恐懼之中，一邊流露出作者思考的文字的小說，再好不過。",b6d87167-162c-5ca9-b397-68b9a4ef81ed,他人事,平山夢明,11.5,完結,"懸疑, 驚悚, 黑暗, 集英社, 日本輕小說",遇到有人發生車禍卻漠不關心還看一旁看笑話的男人。決心殺害有暴力傾向的繭居兒子並支解其屍體的父親。闖進獨居女人屋子進行摔角遊戲虐待致死的鄰居男孩。假裝尋死者來誘惑並愚弄欲自殺女子的冷血年輕男子。無法溝通的他人逐漸侵襲而來，是何等恐怖？刻劃人性黑暗，挑動潛在恐懼，爆發感官刺激，導向極限狀態的14篇作品。曾被平成國民作家宮部美幸描述為「超級異形大師」，芥川賞得主中原昌也稱他是「現代最狂放的重血腥作家」，妖怪作家京極夏彥則說他是既瘋狂又細膩，前衛文學研究家柳下毅一郎更是乾脆，直截了當的讚頌他為神！他就是素有「寫實怪談的超級巨星」之稱的平山夢明，《他人事》是繼平山夢明獲得2007年度「這本推理小說真厲害！」第一名之後的最新力作！,3,用戶的核心需求是尋找能帶來心理壓力、讓主角處於痛苦/恐懼之中且氛圍黑暗、讓人心緒難以平靜的作品。推薦的《他人事》是一部刻畫人性黑暗、挑動潛在恐懼且包含殘酷情節的短篇集，其主題與用戶追求的「慘烈」、「不安」以及「極限狀態」高度吻合，且符合用戶對現實日常（寫實怪談）也能接受的設定。
q4,"由於自己的胃口比較獨特的原因，喜歡男主被拋置於各種不利的情節或者感情中，也是因為這樣，喜歡看那些讓人看完后心緒難以平靜的小說，就我看過的來說，無職，re0，妹妹人生，異世界迷宮最深等，在某種程度上來說都有慘烈的一部分（感情上或者情節上都是），也沒有一定要轉生異世界，現實日常要是能描繪出這些來也很好了。
尤其那種男主能不斷被放置在痛苦或者恐懼之中，一邊流露出作者思考的文字的小說，再好不過。",5f2fb600-d0ed-5787-8610-17dcaa7b154f,多出來的第六人,原浩,10.8,完結,"懸疑, 驚悚, 黑暗, 其他文庫, 日本輕小說",沒有一個好人的密室靈異X推理！「我們本來是五個人，現在卻出現了第六個人!? 」可疑的人到底是誰？橫溝正史推理＆恐怖大獎得獎作家原浩戰慄巨作！暗處、暴風雨、山莊、壞人與「山之眼」，請來親自確認到底發生什麼事！──原浩暴風雨之夜。一輛車載著結束「某項任務」的男人們疾駛。即將開上山頂時，車輛捲入土石流中翻覆。夥伴之一當場喪命，幸免於難的五人為了躲雨，逃入附近的宅邸，不料卻開啟了另一場惡夢……從震撼的開場，高潮迭起、屏息凝氣的劇情發展，到意外的結局。讓人想要一口氣看完！！,1,用戶尋求的是主角在情感或情節上遭受極端痛苦、慘烈且具有心理壓迫感的作品（如《Re:Zero》或《妹妹人生》），重點在於「虐主」與心靈折磨。而推薦的小說雖然具有「黑暗」與「驚悚」標籤，但其核心是密室推理與懸疑解謎，側重於劇情反轉與恐怖氛圍，而非深挖主角的個體痛苦或情感崩潰，與用戶的核心意圖僅有表層的氛圍重疊。
q4,"由於自己的胃口比較獨特的原因，喜歡男主被拋置於各種不利的情節或者感情中，也是因為這樣，喜歡看那些讓人看完后心緒難以平靜的小說，就我看過的來說，無職，re0，妹妹人生，異世界迷宮最深等，在某種程度上來說都有慘烈的一部分（感情上或者情節上都是），也沒有一定要轉生異世界，現實日常要是能描繪出這些來也很好了。
尤其那種男主能不斷被放置在痛苦或者恐懼之中，一邊流露出作者思考的文字的小說，再好不過。",9bf96ceb-b831-5056-bb7c-bae6e61a5372,墮天使拷問刑,飛鳥部勝則,25.9,完結,"校園, 懸疑, 黑暗, 驚悚, 戀愛, 其他文庫, 日本輕小說",因為事故失去了雙親的初中一年級學生如月拓馬被母親家族收養，但在那裡，崇拜魔法的祖父卻死於密室。幾年前，三個女性成員圍繞著祖父和鎮長之位發生了斬首事件。這兩起異常死亡被傳言是由祖父召喚惡魔所致。在這樣一個被詛咒的小鎮上，拓馬對喃喃自語『想去月球』的少女江留美麗產生了好感。他們不知道殘忍的斬首事件將再次發生……,2,使用者明確表示喜歡男主角處於痛苦、恐懼或不利情境的黑暗向作品，追求「心緒難以平靜」的閱讀體驗。推薦書籍《墮天使拷問刑》具有「黑暗」、「驚悚」標籤，且劇情涉及殘忍的斬首事件、密室死亡與被詛咒的小鎮，整體氛圍與使用者對慘烈、不安情節的需求高度吻合。雖然簡介未詳細描述男主受苦的程度，但其類型與基調非常接近使用者要求的方向。
q5,"如題，想找像是overlord、無職這種，有龐大世界，多個國家部落，文化特色分明，歷史背景完整，沉浸感和史詩感強的小說，請問各位有沒有推薦的？希望是劍與魔法的世界，有多不同種族、魔物的那種（其實我不太確定這類型叫什麼，異世界感覺不太對，但叫奇幻又好像太廣泛了？

有很多web小說我都有看過，像是轉生成魔劍、轉生龍蛋、哥布林，他們雖然世界都足夠龐大，但是都有個web小說的通病，就是讀起來會有割裂感，無法讓人帶入那個世界中
而轉生蜘蛛雖然沒有那種割裂感，但是世界觀卻不太夠了，就只簡單分成教皇、妖精、魔王而已，希望能看到更多人類國家間的關係，還有更多魔物亞人種族的故事設定",976ff783-ecfe-5198-9a1a-90358a4b9ade,偽惡之王,二階堂紘嗣,21.1,連載,"奇幻, 魔法, 戰鬥, 冒險, 後宮, MF文庫J, 日本輕小說",市容特異的都市．戴榮。是由自古傳承而來魔法與最新之科學技術融合於此的奇鋼齒輪之都。歷史悠久、堅守傳統的格萊姆斯魔法學院里，眾多有才之後生，通過魔力與智力的嚴格選拔而入學。連恩是學院里唯一一名未擁有魔力之普通人。然而──「我要與你決鬥！」刺出魔槍劍、發出此宣言的轉學生少女．莉莉亞則是繼連恩之後，進入學院就讀的第二名ＬＥＶＥＬ０之人！『我打算，建立我自己的國度。』受到某種契約及枷鎖所束縛的連恩，當他與『少女們』相遇之時，所有的齒輪開始轉動，正義也連帶受到欺瞞──正統魔法世界幻想物語，就此展開！,1,使用者明確要求具有龐大世界觀、多國文化特色、深厚歷史背景以及多種族設定的史詩感作品（如Overlord、無職轉生）。而推薦的《偽惡之王》主要設定在一個特定的魔法都市與學院，劇情重點在於主角的成長、校園生活以及後續建國，其規模感與世界觀的複雜度在簡介中並未體現出足以媲美上述作品的史詩感，且缺乏對多種族、多國家文化衝突的描述，僅滿足於基本的奇幻/魔法元素。
q5,"如題，想找像是overlord、無職這種，有龐大世界，多個國家部落，文化特色分明，歷史背景完整，沉浸感和史詩感強的小說，請問各位有沒有推薦的？希望是劍與魔法的世界，有多不同種族、魔物的那種（其實我不太確定這類型叫什麼，異世界感覺不太對，但叫奇幻又好像太廣泛了？

有很多web小說我都有看過，像是轉生成魔劍、轉生龍蛋、哥布林，他們雖然世界都足夠龐大，但是都有個web小說的通病，就是讀起來會有割裂感，無法讓人帶入那個世界中
而轉生蜘蛛雖然沒有那種割裂感，但是世界觀卻不太夠了，就只簡單分成教皇、妖精、魔王而已，希望能看到更多人類國家間的關係，還有更多魔物亞人種族的故事設定",fe614ebf-35a9-5b3a-acd7-296b36708974,金之瞳與鐵之劍,虛淵玄,9.4,完結,"奇幻, 戰鬥, 冒險, 講談社, 日本輕小說",龍與劍，以及令人炫目的魔法世界。為了得到「屠龍者」的稱號，充滿野心的戰士·塔烏，與無欲無求的魔法師·琦亞開始了他們的旅程。結下男人之間深厚羈絆的兩位冒險者，在開始不久的旅途中便遭遇到了——？！虛淵玄執筆，高河弓作畫的華麗繪卷！幻想類輕小說的全新篇章就此展開！,1,用戶的核心需求是「龐大的世界觀」、「多國政治關係」、「文化特色分明」以及「深厚的歷史史詩感」。雖然推薦作品屬於劍與魔法的奇幻類，且由專業作家虛淵玄執筆，能有效避免用戶不喜歡的「web小說割裂感」，但從簡介來看，故事重心在於兩名主角的個人冒險與屠龍目標，並未提及宏大的國家體系或複雜的世界設定，未能命中用戶對「史詩規模」的核心要求。
q6,很喜歡看戰爭或戰記類型的小說，不要有魔法一發收拾或莫名其妙的神器，也別機械降神，主角可以強但不要把對手變白癡，暑假到了求書來啃，斷尾或沒完結也沒關係。,311d79ea-d840-51c1-a10b-13f934795e5b,光刃魔王與月影少女軍師,桜崎あきと,14.6,連載,"奇幻, 戰爭, 後宮, 妹妹, 青梅竹馬, HJ文庫, 日本輕小說",艾爾席里雅王國遭到軍事大國鍔魯馬吉亞帝國侵略。王國中最出色的「六魔將」之首兼魔術能手——里克特，為了反擊，潛入帝國之中，巧遇肩負帝國軍師職務的天才少女愛露榭。得知戰爭背後陰謀的兩位英雄，為了替兩人的祖國開拓出新的命運，決定聯手迎擊陰謀。嶄新的王道奇幻戰記，輝煌揭開序幕！！,1,用戶明確要求避開「魔法一發收拾」、「機械降神」以及「將對手變白癡」的設定，追求較為嚴肅或具策略性的戰記。而推薦的書籍標記為「王道奇幻」且主角設定為「魔王」與「魔術能手」，加上後宮、妹妹等輕小說標籤，極大機率包含用戶排斥的強大魔力碾壓或龍傲天情節，僅在「戰爭」主題上有表面重疊，並不符合用戶的深層需求。
q6,很喜歡看戰爭或戰記類型的小說，不要有魔法一發收拾或莫名其妙的神器，也別機械降神，主角可以強但不要把對手變白癡，暑假到了求書來啃，斷尾或沒完結也沒關係。,ee1586e1-8c51-5532-9699-eedccd36a73a,記錄的地平線,橙乃麻麻理,175.9,連載,"轉生, 奇幻, 戰鬥, 經營, 鬥智, 後宮, Fami通文庫, 日本輕小說",這裡是遊戲的世界嗎？抑或是——異世界!?3萬名日本玩家，受困於歷史悠久的在線遊戲——「幻境神話」的世界！與怪物的戰鬥、失去味道的食物、絕對不會死亡的際遇。直到昨天還只是遊戲的「劍與魔法之世界」，從今天起成為「現實世界」。在混亂的局勢之中，自負為獨行俠的城惠，即將與老友直繼以及美少女刺客曉，從廢墟城市「秋葉原」改革這個世界！,2,使用者尋找的是戰爭或戰記類小說，且特別要求邏輯嚴謹、拒絕機械降神或低智對手。《記錄的地平線》雖然核心主題是異世界經營與社會建設，但其戰鬥部分極其強調戰術協作、角色分工與鬥智，且設定嚴謹，符合使用者對於「對手不白癡」以及「非一發收拾」的要求。然而，該書並非純粹的戰爭史詩，而偏向奇幻經營與政治外交，在類型匹配度上稍有偏差。
q6,很喜歡看戰爭或戰記類型的小說，不要有魔法一發收拾或莫名其妙的神器，也別機械降神，主角可以強但不要把對手變白癡，暑假到了求書來啃，斷尾或沒完結也沒關係。,bd7970a2-4884-509b-9c68-d62856732ac1,幻想之花向死而生,taikong,22.4,連載,"奇幻, 冒險, 懸疑, 復仇, 妹妹, 黑暗, 鬥智, 異能, 大逃殺, 溫馨, 原生幻想, 華文輕小說",一個陰暗壓抑，略有點瘋狂的故事。重生者間殘酷的生存遊戲，開始了。戰鬥吧，戰鬥到最後一刻！向自己、向敵人、向世界、向命運！,1,用戶的核心需求是「戰爭或戰記」類型的作品，並排斥誇張的魔法或神器。推薦的書籍屬於「大逃殺」與「異能」奇幻類，劇情聚焦於重生者的生存遊戲而非大規模戰爭，且包含異能設定，與用戶要求的戰爭類型及低魔/無魔傾向不符。
q8,"希望作品是
1.背景為現代
有槍砲炸藥之類的比較有代入感，對武俠/奇幻沒興趣，現代但有些微科幻/超能力要素沒關係
2.主角不是從0開始練等
漏漏長的成長過程會讓我想睡，大概是從看完鬥破蒼穹那公式化的遇強敵→隊友幫扛→遇到機運→變強反殺→前往下個城鎮→遇強敵，之後再也不想看這種了
3.主角非中二/死屁孩
不要太嚴重就好，隱殺主角偶爾也會屁孩一下但是是那種大人逗小鬼玩的感覺就不會反感",e82e2dc2-de41-5f71-bab6-a617d1d14b73,閃靈特攻隊,青樹佑夜,23.0,完結,"校園, 異能, 戰鬥, 冒險, 富士見文庫, 日本輕小說",暗藏陰謀的神秘組織、覺醒的超能力者，我們的現實世界，正在崩壞……『我想要過不平凡的人生！』你的請求，上天聽到了……世界上真的有『超能力者』嗎？這對身為平凡中學生的我而言，簡直是難以置信的事啊！但、但、但，那個出現在我房間的裸體美少女，絕對不可能是幻覺吧？！什麼？妳說這叫做『靈魂出竅』，是超能力的一種？還說妳和夥伴們正被一個叫做『綠屋』的神秘組織追捕，需要我的幫助？好吧……心中湧起了平常沒有的膽量。就算真的被幽靈誘惑也無所謂，我的好奇心已經戰勝一切了！可是，在看到她那奄奄一息的夥伴，還有兩個拿槍衝進來的男子之後，我、我可以反悔嗎？這種刺激的生活真的不適合我啊……,1,背景符合現代且有超能力與槍械要素，滿足第一項要求。然而，主角被設定為「平凡中學生」且有「渴望不平凡人生」的傾向，這極高機率會涉及用戶明確排斥的「從0開始成長」過程以及「中二/死屁孩」的青少年特質，與用戶的核心需求嚴重相悖。
q9,"想請各位大大推薦一下這類的輕小說或小說，大陸網文也可以（我就是看了某部大陸網路輕小說才想找一些這類型的故事來看

世界觀再細一點的話
就是那種奇幻元素並不普及於所有人，只有少部份人擁有特殊能力，或是一些非人種族不會輕易在人前現身，隱藏在人類社會中那種都市奇幻類型",a235a47c-14a5-5eeb-b9a3-6e32ce2f7544,Over Image超異能遊戲,游佐真弘,42.3,完結,"校園, 奇幻, 異能, 戰鬥, 後宮, 青梅竹馬, MF文庫J, 日本輕小說",失去色彩的世界，純白的世界，所有景物被染成同一顏色的世界──原本一如往常走在上學途中的少年彩，突然被傳送到那樣一個超乎現實的世界。在那裡，他目擊到兩名少女正在戰鬥的光景，一人是操縱電擊、未曾謀面的金髮少女（巨乳）；另一人則是操縱影子的高中學姊魅影鬽黑（貧乳）。而在回到現實世界後，金髮少女竟以轉學生的身份出現在彩的面前，她自稱是為了實現願望而戰的遊戲『OverImage（超越想像）』的參加者，要求彩成為她的同伴──。「簡單說就是給你兩個選擇，看你要成為我的敵人？還是當個無害的小市民？」。獲得新人獎的年輕新進作家為您送上嶄新的學園戰鬥動作劇。,3,這本書完全符合用戶要求的「都市奇幻」設定。故事背景為現代校園，且異能（OverImage 遊戲參加者）僅限於少數人，並隱藏在一般人類社會中運行，與用戶描述的「奇幻元素不普及」、「少數人擁有特殊能力」且「隱藏在人類社會」的核心需求高度契合。
q9,"想請各位大大推薦一下這類的輕小說或小說，大陸網文也可以（我就是看了某部大陸網路輕小說才想找一些這類型的故事來看

世界觀再細一點的話
就是那種奇幻元素並不普及於所有人，只有少部份人擁有特殊能力，或是一些非人種族不會輕易在人前現身，隱藏在人類社會中那種都市奇幻類型",087313cb-59ac-5e47-95cc-9ba4a0f00ac2,EME RED,瀧川武司,19.4,連載,"奇幻, 冒險, 異能, 戰鬥, 戀愛, 富士見文庫, 日本輕小說",擁有特殊異能的少女，與身負強大力量少年的初次邂逅!少女在閃光中哭喊。雷光四處亂竄，撕裂大地、毀壞圍牆、燒斷電線，將四周破壞殆盡。少年在這陣由巨響與雷光組成的驚濤駭浪之中奮力向前，只為拯救這名少女。EME短篇作品集RED系列強勁開跑!,3,書籍描述中提到「電線」、「圍牆」等現代都市元素，且核心設定為少數人擁有「特殊異能」，符合使用者要求的都市奇幻（Urban Fantasy）設定以及特殊能力非普及化的要求。
q9,"想請各位大大推薦一下這類的輕小說或小說，大陸網文也可以（我就是看了某部大陸網路輕小說才想找一些這類型的故事來看

世界觀再細一點的話
就是那種奇幻元素並不普及於所有人，只有少部份人擁有特殊能力，或是一些非人種族不會輕易在人前現身，隱藏在人類社會中那種都市奇幻類型",b6037e6f-bc9b-5d6b-bbef-979d990034e3,EME　Black,瀧川武司,24.3,連載,"奇幻, 冒險, 異能, 戰鬥, 戀愛, 富士見文庫, 日本輕小說",「我想看海。」少女說了，說她這輩子從來沒有看過海。少年看著她的表情看得出神。她清澈的眼神中，映出了對廣大蔚藍的海洋的嚮往。「……等我們出了這裡，你愛怎麼看都行，想看海簡單得很……」然而少年——乾紅太郎心裡卻很清楚。他很清楚要從這個有著無數怪物潛伏的黑暗迷宮當中脫逃出去，將是多麼地困難。從池袋到新宿之間，有著一條巨大的地下街，裡頭突然出現了大群開始攻擊人們的怪物——現象生物。而在一行人之中，就只有專門負責暗中處理怪異事件的八百萬機關所派來的GA紅，以及他的老前輩黑部，能夠處理這個神秘事件。紅到底有沒有辦法護送少女逃出生天呢？頂尖動作小說的第一彈作品隆重登場！轉自輕之國度,3,該作品設定在現代都市（池袋與新宿），且明確提到存在一個「暗中處理」怪異事件的機關，符合使用者要求的都市奇幻類型，以及奇幻元素不普及、能力者少數且隱藏在人類社會中的核心設定。
q9,"想請各位大大推薦一下這類的輕小說或小說，大陸網文也可以（我就是看了某部大陸網路輕小說才想找一些這類型的故事來看

世界觀再細一點的話
就是那種奇幻元素並不普及於所有人，只有少部份人擁有特殊能力，或是一些非人種族不會輕易在人前現身，隱藏在人類社會中那種都市奇幻類型",ab6b240d-0f56-552c-8253-a1ad6fe1b89f,Everlasting,古宮九時,5.8,完結,"奇幻, 異能, 戰鬥, 百合, 女性視角, 其他文庫, 日本輕小說",「你無法獲得幸福的世界，究竟有沒有延續下去的意義呢。」在自古以來就被異形秘密侵略的地方都市，川瀬良市裡，存在著跟異形《鵺》戰鬥的異能集團「廢城機關」。其中被稱為最強的異能者，第二位的亞貴妃有著最珍視的摯友……名為命的少女。祈願著她的幸福，一個人暗中戰鬥。但是命是為了殺死亞貴妃，從幼年時期就送到亞貴妃身邊的暗殺者。,3,推薦書籍完全符合用戶的需求：設定在都市背景（都市奇幻），且奇幻元素（異形與異能者）對一般大眾並不普及，採取隱藏在人類社會中暗中戰鬥的模式，精準匹配用戶對「少數人擁有特殊能力」與「非人種族隱藏在人類社會」的設定要求。
q9,"想請各位大大推薦一下這類的輕小說或小說，大陸網文也可以（我就是看了某部大陸網路輕小說才想找一些這類型的故事來看

世界觀再細一點的話
就是那種奇幻元素並不普及於所有人，只有少部份人擁有特殊能力，或是一些非人種族不會輕易在人前現身，隱藏在人類社會中那種都市奇幻類型",04492e8a-ed22-53ae-9712-ea1af610252c,Shadow Taker,三上延,18.6,連載,"奇幻, 校園, 異能, 戰鬥, 戀愛, 電擊文庫, 日本輕小說",從異世界逃來的怪物，為了具現化只能寄宿在人類心靈縫隙中，它們驅使人類、捕食人類，藉由人類逐漸強化自己的力量，最終取代人類。只是它們也並非那麼的團結……,3,使用者尋找的是「都市奇幻」類型，且強調奇幻元素不普及、非人種族隱藏在人類社會中。推薦書籍《Shadow Taker》描述來自異世界的怪物寄宿在人類心靈縫隙中，隱藏在人類社會中捕食並取代人類，完全符合使用者對「隱藏於人類社會中的非人種族」及「都市奇幻」的核心需求。
q9,"想請各位大大推薦一下這類的輕小說或小說，大陸網文也可以（我就是看了某部大陸網路輕小說才想找一些這類型的故事來看

世界觀再細一點的話
就是那種奇幻元素並不普及於所有人，只有少部份人擁有特殊能力，或是一些非人種族不會輕易在人前現身，隱藏在人類社會中那種都市奇幻類型",7515134a-d3bc-523a-a610-93fd76a1911e,魔界歸來的劣等能力者,たすろう,55.4,連載,"奇幻, 戰鬥, 異能, 龍傲天, 後宮, HJ文庫, 日本輕小說",利用超乎常人的才能，顛覆最弱體質的限制！！堂杜祐人是無法使用靈力和魔力的吊車尾異能者。但這樣的他其實是曾經前往魔界，暗中殺死魔神的「最強」少年！！祐人在高中入學時參加了異能者認定測驗，被認為是劣等能力者的他，遭到旁人冷眼相待。然而就學過程中，祐人和瑪麗安及瑞穗這兩名天才美少女逐漸變得熟絡，並且進一步在測驗中展現技壓群雄的實力，不自覺地吸引了大家的目光──！！面對襲擊兩名美少女的兇惡敵人，「最弱」卻也是魔神殺手的少年即將大開無雙！劣等×最強的異能動作小說就此拉開序幕！！,3,該書設定在現代社會，且僅有少部分人擁有「異能」，符合使用者要求的都市奇幻背景以及「特殊能力者僅為少數」的核心需求。雖然文中提到有「認定測驗」，暗示異能者在特定體系中被管理，但整體仍屬於使用者尋找的都市異能類型。
q9,"想請各位大大推薦一下這類的輕小說或小說，大陸網文也可以（我就是看了某部大陸網路輕小說才想找一些這類型的故事來看

世界觀再細一點的話
就是那種奇幻元素並不普及於所有人，只有少部份人擁有特殊能力，或是一些非人種族不會輕易在人前現身，隱藏在人類社會中那種都市奇幻類型",e0126523-d564-5051-be89-0484a564c424,SCAR EDGE,三田誠,34.2,完結,"奇幻, 異能, 戰鬥, 戀愛, 富士見文庫, 日本輕小說",黑色的，手套。少年戴著彷彿手銬一般的黑色手套。「你……是……」千尋茫然地呢喃著。世界一片赤紅。塗上鮮血的日常早已崩壞。那兒，千尋所憧憬的黑色手套的少年站立著。『魂』的存在被證明、人類大半被刻上<烙印>的未來。女子高中生，緋原·千尋·蘭卡斯特與烙印局的搜查官·絆相遇。他是由於<烙印>的副作用出現的特殊能力「傷」的持有者，同時，也是千尋自幼時便無法忘卻之人。另一方面，絆了解到本應死亡的姊姊·未冬依然活著，以及有關於她烙印系統的事情……心之「傷」成為力量！Neo·Psycho·action登場！,3,該書屬於都市奇幻類型，設定中僅有部分人擁有特殊的「傷」能力，且存在專門管理此類能力的機構（烙印局），符合使用者要求的「非普及能力」以及「隱藏在人類社會中的特殊力量」之核心需求。
q9,"想請各位大大推薦一下這類的輕小說或小說，大陸網文也可以（我就是看了某部大陸網路輕小說才想找一些這類型的故事來看

世界觀再細一點的話
就是那種奇幻元素並不普及於所有人，只有少部份人擁有特殊能力，或是一些非人種族不會輕易在人前現身，隱藏在人類社會中那種都市奇幻類型",7197b2f5-30f3-5542-90e9-1be40223c3e4,超能力師事務所,譽田哲也,14.4,完結,"異能, 懸疑, 其他文庫, 日本輕小說",銷量破300萬冊《草莓之夜》系列作家，首度挑戰幽默詼諧的人性推理劇！看似無敵的超能力，也難以化解糾結的情感謎團……所以，該解決的是人與人之間的問題吧！犯罪的陰影，比不上人心的幽暗可怕。在架空的東京都，「超能力師」是一種被官方認定的職業，超能力者可以透過日本超能力師協會的檢定考試，成為合法執業的一級或二級超能力師。一級超能力師增山圭太郎，為了讓成長過程中傷痕纍纍的超能力者有個安身立命之處，於是創設了「增山超能力師事務所」，讓各懷絕技的超能力師齊聚一堂，以超能力謀生及幫助人們的同時，也能展現最真實的自己。隨著一件一件委託案順利的解決，超能力師之間的羈絆也逐漸加深……增山為有雙重人格的文乃築起正義的堡壘，但碰上了發火能力特強的悅子，他該怎麼辦呢？阿健和篤志的宅心聲，是否有人願意傾聽？身分證欄為「男性」的俏麗實習生明美，到底喜歡當男還是當女？還有，千萬別小看大嬸級成員朋江的直覺力……透視、遠距離讀心、意念阻擋、瞬間移動、心靈照相、放火、物體媒介感應……請看充滿想像力與power的超能力師，全面真心出擊！,3,推薦書籍完全符合使用者要求的「都市奇幻」類型。故事設定在現代都市（架空的東京都），且超能力並非人人擁有，而是由少數特定人群（超能力師）持有並在社會中活動，高度契合使用者對「少部分人擁有特殊能力」且「隱藏/存在於人類社會中」的設定需求。
q9,"想請各位大大推薦一下這類的輕小說或小說，大陸網文也可以（我就是看了某部大陸網路輕小說才想找一些這類型的故事來看

世界觀再細一點的話
就是那種奇幻元素並不普及於所有人，只有少部份人擁有特殊能力，或是一些非人種族不會輕易在人前現身，隱藏在人類社會中那種都市奇幻類型",3ae03cd6-b0a3-5307-8149-863886ca30f4,魔界都市,菊地秀行,12.9,完結,"奇幻, 異能, 戰鬥, 其他文庫, 日本輕小說",日本奇幻文豪菊地秀行成名作！東京最繁華的新宿地區毀於魔震，成為魔界的大門！日本政府下令以最高戒備隔離，稱為法外地區！妖獸、超能力犯罪集團充斥的魔界都市新宿就此誕生！念法對抗超科技！惡魔對抗戰鬥機器人！熱血、豪快的冒險篇章於焉展開！,2,該書雖然屬於都市奇幻類型，且包含異能與非人種族，但其設定是將新宿變成一個被政府隔離、充滿妖獸的「法外地區」魔界，屬於較為公開且極端的異空間設定，而非使用者所要求的「隱藏在人類社會中」或「非普及」的秘密都市奇幻設定，因此在核心氛圍上有所出入。
q10,"像是果青友少這種的
年份的話最近三到五年為主
背景是校園戀愛喜劇為主
有複數女角讓男主多選一
啊不要開場就有女朋友鎖死的
那種我覺得其他女角只是浪費時間而已",60078bef-8306-5b35-8211-b39fbc5d2c71,為什麼我的青春戀愛喜劇里只有怪物女主,音塚雪見,35.7,完結,"校園, 戀愛, 後宮, 歡樂向, kakuyomu, Web輕小說",只有我知道她們的真實身份（真的）（絕望）（誰來救救我）化野曜是個再普通不過的高中生，他期待著一段戀愛喜劇。不求太多，只想要個女朋友。然後他竟然坐到了以美少女著稱的草壁菜菜花的鄰座！周圍投來的嫉妒目光如同散彈槍般密集。他以為一段波瀾壯闊的故事就要開始了——然而……「呃，希望你不要跟我有任何牽扯。」曜一臉厭惡地開始全力與菜菜花保持距離。然而，與他的意願相反，那些『怪物』女主角們卻不斷增加。嫉妒的目光越來越多，SAN值卻在持續下降。曜能否度過一段普通的戀愛喜劇呢？今天他依然在不斷祈禱。………………但是，這大概是不可能的。這個世界真是無情啊。,3,該書完全符合用戶的需求：背景為校園戀愛喜劇，具有「後宮」標籤且描述中提到多位女主角，符合複數女角供選擇的要求，且開場並未設定鎖死的女朋友，與用戶希望的「果青友少」類型的青春戀愛喜劇風格一致。
q11,"最近人比較負面，
想看一些有共鳴的小說。
有沒有那種「我一個人爛就好了別搞其他人」的主角的輕小說？以前看大老師自暴自棄滿戳中我的。
宅宅現實找不到人取暖，希望能找輕小說取。",70d96984-b222-5995-8ad1-ff1d65778b31,秋葉少年,將吉,8.7,完結,"青春, 腦洞, 宅文化, 歡樂向, 講談社, 日本輕小說",這樣的青春實在太美好了，就算不是宅男宅女，也會痛哭流涕吧！星期天，秋葉原的步行者天國，可說是某種混沌的極北之地。這個御宅族聚集之聖地，充斥著各式各樣的都市傳說——有手持機關槍的女僕咖啡廳、有以獵殺御宅族為樂的遊戲團體、傳說中進入二次元世界的秋葉原護照～～來秋葉原買東西的少年，會遇上什麼樣奇妙的事件呢？,1,使用者明確表達目前心情負面，尋找能產生共鳴、具有「自暴自棄」或「自我犧牲/孤立」特質的主角（如《大老師》），追求的是心理層面的共鳴與慰藉。而推薦的《秋葉少年》標記為「歡樂向」，內容側重於秋葉原的都市傳說與奇妙事件，屬於輕鬆搞笑的風格，與使用者要求的沉重、自我剖析的氛圍完全不符。
q11,"最近人比較負面，
想看一些有共鳴的小說。
有沒有那種「我一個人爛就好了別搞其他人」的主角的輕小說？以前看大老師自暴自棄滿戳中我的。
宅宅現實找不到人取暖，希望能找輕小說取。",a72394b6-9020-5b3d-96dc-5f4d5410c994,電波男,本田透,21.5,完結,"青春, 戀愛, 宅文化, 其他文庫, 日本輕小說",戀愛這玩意是啥啊？可以吃嗎？在現實世界裡，戀愛這玩意是實際存在的東西嗎？我倒是沒有見過。在現在的日本里，戀愛就宛如使這個世上擁有最高價值、最棒且最令人感到愉悅的東西，而像我這種無法戀愛的男人則是被貼上「不受歡迎的人類」這種標籤，簡直就像是被當作人生的失敗者、跟不上社會的脫隊者似的被對待著。事實並非如比！雖然從表面上看來，御宅族在「戀愛」這個市場中失敗了。然而，事實上，御宅族是藉由「以『萌』來取代『戀愛』」的市場，來對這個沒有愛情的腐敗社會發動革命。御宅族將被社會所認可，成為熱門的運動～～為了活下去從現在起變身成宅男吧！,2,使用者尋找的是能產生共鳴、且具有「自我厭棄/自暴自棄」特質（類似《果青》大老師）的主角。推薦的《電波男》同樣描述了社會邊緣人的孤獨感以及宅男在現實社會中的挫敗感，能滿足使用者對「宅宅」與「失敗者」身份的共鳴需求，但其基調更傾向於對宅文化的詮釋而非完全對應大老師那種「我一個人爛就好了」的自我犧牲心理，因此給予 2 分。
q11,"最近人比較負面，
想看一些有共鳴的小說。
有沒有那種「我一個人爛就好了別搞其他人」的主角的輕小說？以前看大老師自暴自棄滿戳中我的。
宅宅現實找不到人取暖，希望能找輕小說取。",8b8ccb73-f5b3-57a7-afaf-57cdcc0b2a0e,戀文的技術,森見登美彥,11.2,完結,"青春, 宅文化, 其他文庫, 日本輕小說",我不是廢柴男！即使我學無所成，即使我愛無所依，即使我被眾人流放到海邊，即使我頹廢到底……但我依然要大聲呼喊——我不是廢柴男！！！我正在進行「寫信達人修鍊」。等我出關的那一天，天下所有的美少女都會被我的情書俘獲。曾經嘲笑我的螻蟻們，受死吧！！！,1,用戶尋找的是像《果青》大老師那樣，能引起共鳴、帶有自暴自棄感且傾向於獨自承擔負面狀態的主角。推薦的小說雖然主角也是社會邊緣人，但其核心動機是為了「俘獲美少女」與「向嘲笑者復仇」，屬於典型的逆襲類劇情，缺乏用戶渴求的那種孤獨共鳴與自省的氛圍，僅在「宅/廢柴」設定上有表面相似之處。
q11,"最近人比較負面，
想看一些有共鳴的小說。
有沒有那種「我一個人爛就好了別搞其他人」的主角的輕小說？以前看大老師自暴自棄滿戳中我的。
宅宅現實找不到人取暖，希望能找輕小說取。",b8026622-9339-5fe0-a4b5-9f55960cda0a,歡迎加入NHK！,瀧本龍彥,11.7,完結,"青春, 戀愛, 宅文化, JK, 角川文庫, 日本輕小說",我發現了。我之所以大學中輟、找不到工作、又變成現在最流行的家裡蹲，一切都是邪惡組織NHK搞的鬼！……但就算是這樣也改變不了現狀。突然，一位清純的少女小岬出現在持續蹲在家裡腐爛中的我眼前。[你被選中來參加我的計畫了。]喂，這到底是在搞啥鬼啊？能夠解救我們被性、暴力、毒品污染的未來的是愛？毒品污染的未來的是愛？還是勇氣？抑或友情？驚愕的家裡蹲動作小說，在此誕生！,3,使用者希望能找到能引起共鳴、主角處於「自暴自棄」或「一個人腐爛」狀態的作品。推薦的《歡迎加入NHK！》描述的主角正是典型的家裡蹲（Hikikomori），其對社會的格格不入、自我厭惡以及在孤獨中掙扎的狀態，與使用者提到的「我一個人爛就好」以及對《大老師》的共鳴高度契合，是非常精準的推薦。
q11,"最近人比較負面，
想看一些有共鳴的小說。
有沒有那種「我一個人爛就好了別搞其他人」的主角的輕小說？以前看大老師自暴自棄滿戳中我的。
宅宅現實找不到人取暖，希望能找輕小說取。",92c9ed5d-9822-534d-a5fc-29228e75a663,五專少女,顏客卿人,15.4,連載,"戀愛, 青春, 冒險, 宅文化, 原生幻想, 華文輕小說",(部分設定參考涼宮春日系列，不定時更新。)【栩嫿，夢想是讓世界回歸普通！】初次見面，栩嫿就異常亢奮。大家的生活其實都蠻普通的，對吧？可是這個所謂的「普通女孩」卻不這麼想。在這個讓人大跌眼鏡的世界裡發生什麼都是有可能的。總而言之，這是一個不普通美少女與無趣男子在奇異世界中追求普通的故事。,1,使用者尋找的是像《果青》比企谷八幡那樣具有「自我犧牲式負面」或「孤高自嘲」特質的主角以尋求共鳴。而推薦的《五專少女》雖然同樣屬於輕小說且涉及宅文化，但從簡介來看，其基調傾向於奇幻設定下的青春戀愛，並未展現出使用者要求的「一個人爛就好」的陰鬱或自暴自棄的心理特質，僅有表面上的類別重疊。
q11,"最近人比較負面，
想看一些有共鳴的小說。
有沒有那種「我一個人爛就好了別搞其他人」的主角的輕小說？以前看大老師自暴自棄滿戳中我的。
宅宅現實找不到人取暖，希望能找輕小說取。",ff3cf726-e940-59e0-80e2-a6b6f6a3a583,生存以上，戀愛未滿 ～ 在日本難以維持生計的我怎能與你們戀愛,中正,13.7,連載,"戀愛, 後宮, 校園, 歡樂向, 妹妹, JK, 蘿莉, 群像, 宅文化, 青春, 青春日常, 華文輕小說",因雙親離世而被迫滯留日本的中國留學生澤野軒，正在用秒錶掐算著人生的每一秒：清晨在為便利店的日結狂奔，為了生計放學後在料亭中打工到最終電車，深夜靠心靈寄託的虛擬主播「鹿乃」續命，還要供養尚在中國的妹妹。正當他以為自己早被生存壓力榨乾了心跳，身邊卻突然傳來了無數心跳信號——元氣滿滿的學妹真澄來瑠點著腳尖展示著「絕對領域」的校服，甜甜的聲音賽過蜜糖：「前輩！來瑠也考上東京都立了！這下前輩真成來瑠的前輩了！」溫柔羞澀優等生班長萩原咲良紅著臉遞交出自己的筆記，輕輕的問道：「數學輔導的約定，還作數嗎？」小壞打工搭檔青山真空晃著萌袖笑著調侃道：「軒君，猜到今天胖次顏色就免單哦？要作弊看看嗎？」兄控妹妹澤野星洛突襲的宣言道：「老哥！我也考上東京都立了！今晚開始同居吧——」現充辣妹綾瀨奈奈子撕下社交面具，指尖輕輕划過他的課本：「軒，這道戀愛方程式…可以手把手教人家嗎？」蘿莉唱見星野彩音縮在播音室角落，軟萌的聲線與軟萌的鹿乃完美重疊：「哥哥……可以陪彩音唱歌嗎？」青梅天然呆大小姐，直球交換生後輩也將陸續加入戰局?!不是?! 我還要打工啊喂！下個月的房租要交不上了！當生存與心跳的警報同時拉響——這場東京都立的戀愛生存戰。拒絕BE！一場混亂紛擾的戀愛喜劇就此展開！,1,使用者尋找的是能產生共鳴、具有「自暴自棄」或「自覺是爛人」特質的主角（類似《果青》的大老師），傾向於對社會或人際關係有消極且深刻的洞察。而推薦的書籍雖然主角面臨生存壓力（貧窮），但本質上是一部典型的後宮戀愛喜劇（歡樂向），重點在於多位女性角色的追求與戀愛發展，而非心理上的共鳴或孤獨感的探討，與使用者的核心需求（尋找負面情緒的共鳴與特定性格主角）偏差較大。
q11,"最近人比較負面，
想看一些有共鳴的小說。
有沒有那種「我一個人爛就好了別搞其他人」的主角的輕小說？以前看大老師自暴自棄滿戳中我的。
宅宅現實找不到人取暖，希望能找輕小說取。",759c32d4-f4cf-5417-84ba-2c62e6dcf579,AI少女今天也在觀測我的人生,光子yexi,19.4,連載,"青春, 戀愛, 歡樂向, 宅文化, 青春日常, 華文輕小說",「初次見面，我是來自公元2500年的高適應性人工智慧，代號——露比亞。」「從此刻起，我的全部機能與存在意義，將為您而運作。」性格內向的特攝兼二次元宅的大學生市谷悠人，在一次打工回家後遇到了來自未來的AI美少女露比亞，她自稱來自極度效率化的、感情荒漠一般的未來，她的創造者為了收集人類最原始的情感而派她回到了過去。本以為自己的大學生活會開啟二次元經典戀愛劇情的市谷悠人，卻完全沒想到自己將在大學中開啟的將會是意想不到的邂逅……——這是一個關於「妄想」成真的宅男與他的「非常規」夥伴們共同譜寫的、喧鬧又溫暖的青春物語。【我想要的根本不是這樣的生活啊！】,1,使用者明確尋找像《果青》比企谷八幡那樣具有「自暴自棄」、「自嘲」且「寧願獨自爛掉也不想牽連他人」的負面共鳴感。推薦的書籍雖然主角也是內向宅男，但其基調是「喧鬧又溫暖」的青春喜劇，屬於典型的由外部角色（AI少女）帶領主角走出舒適圈的治癒系劇情，缺乏使用者渴求的陰鬱共鳴與特定的主角性格特徵。
q11,"最近人比較負面，
想看一些有共鳴的小說。
有沒有那種「我一個人爛就好了別搞其他人」的主角的輕小說？以前看大老師自暴自棄滿戳中我的。
宅宅現實找不到人取暖，希望能找輕小說取。",57384539-8290-5b3f-a09a-0781222a5008,正在等待鈴波亞美,塗田一帆,5.9,完結,"青春, 職場, 懸疑, 宅文化, 其他文庫, 日本輕小說",「我認為Vtuber這個概念遲早有天會消失。」2019年，一個名為「鈴波亞美」的新人Vtuber，因為其「破天荒」的舉動，再加上一些機緣巧合，使得她就此爆紅，成為Vtuber界的巨星。然而，到了她一周年紀念直播當天，她卻消失無蹤……是意外？還是陰謀？一位有可能是任何人的「鈴波亞美」忠實無名粉絲，為了找回心中的支柱，開始在Vtuber社群上組織起「正在等待鈴波亞美」的活動，並每日播放鈴波亞美一年來直播的影片紀錄。誰也沒想到，因為一群網路酸民的嘲諷，使得這位無名粉絲開始在網路上尋找鈴波亞美的蹤跡。粉絲的努力能夠獲得回報嗎？鈴波亞美真的會回到忠誠於她的粉絲們面前嗎？由元宇宙時代的網路文化創造出感人肺腑的故事。,1,使用者明確要求尋找像《果青》大老師那樣「自暴自棄」、「我一個人爛就好」的自我犧牲或孤僻型主角，以尋求情緒共鳴。而推薦的書籍重點在於尋找失蹤的 Vtuber 以及粉絲之間的羈絆，屬於懸疑與感人故事，主角的特質與使用者的核心需求（自毀傾向或厭世共鳴）不符，僅在「宅文化」與「孤獨感」上有淺層交集。
q11,"最近人比較負面，
想看一些有共鳴的小說。
有沒有那種「我一個人爛就好了別搞其他人」的主角的輕小說？以前看大老師自暴自棄滿戳中我的。
宅宅現實找不到人取暖，希望能找輕小說取。",e73dbf88-7351-546d-9f85-a4df9dd01b48,我們沒有故事,水澤夢,17.7,連載,"校園, 青春, 宅文化, 百合, 女性視角, 其他文庫, 日本輕小說",在某所鄉下高中上學的女生甲田八薙希、岩永木櫻和這所高中的教師神本白雪，這三人是特攝宅夥伴。今天放學後，三人也在小說部里興高采烈地友好聊著特攝。某天，白雪提議去參加在東京舉辦的假面騎士活動。這是八薙希和木櫻的初次東京旅行。三人趕緊開始設定計畫，但……？這是並沒什麼故事內容的極其普通的特攝飯的故事。,1,使用者明確要求尋找具有「自暴自棄」、「我一個人爛就好了」這類消極且能產生共鳴的角色（如《大老師》），而推薦的小說是一部關於特攝宅友誼的輕鬆日常作品，缺乏使用者渴望的憂鬱氛圍與特定的角色特質，僅在「宅文化」與「輕小說」形式上有表面關聯。
q11,"最近人比較負面，
想看一些有共鳴的小說。
有沒有那種「我一個人爛就好了別搞其他人」的主角的輕小說？以前看大老師自暴自棄滿戳中我的。
宅宅現實找不到人取暖，希望能找輕小說取。",18e3eb4a-1984-5ee7-9316-d7baf009c958,造夢同人志,坂東真紅郎,5.9,完結,"青春, 戀愛, 歡樂向, 宅文化, 其他文庫, 日本輕小說",夏天。這是同人界中，戰鬥的季節。這是網點紙的碎片，輕易黏在滿是汗水肌膚上的討厭季節。這是各式各樣的同人活動於各處活躍展開的季節。不管是畫的人、賣的人、買的人，都會因為這個有如祭典的預感而滿心雀躍。滿身大汗地將同人本售完。或是為了得到想要的作品而奔走於會場當中。即便是短暫的瞬間，依然耀眼而火熱地燃燒。在那之後殘留下來的，只有純白的灰燼。燃燒過後，不會留下什麼廢氣。僅殘留下純白，留下名為慾望的的灰燼……,1,使用者尋找的是具有「自暴自棄」、「自我犧牲」或「負面共鳴」特質的主角（如《大老師》），而推薦的書籍《造夢同人志》標籤為「歡樂向」，內容側重於同人創作的熱情與快感，與使用者需求的低落、負面情緒共鳴完全不符，僅在「宅文化」這一點有表面關聯。
q11,"最近人比較負面，
想看一些有共鳴的小說。
有沒有那種「我一個人爛就好了別搞其他人」的主角的輕小說？以前看大老師自暴自棄滿戳中我的。
宅宅現實找不到人取暖，希望能找輕小說取。",9cf182ad-bd41-530a-8d61-fe29ce519320,獻上我的青春，撥開你的劉海,凪木エコ,29.9,完結,"校園, 歡樂向, 青春, 戀愛, 後宮, 富士見文庫, 日本輕小說",桃山太郎的兒時玩伴莎琉是雙色瞳的金髮混血美少女，但是她其實有個致命的缺點──「如果要被別人看到我的眼睛，我還不如去死……」沒錯！她有嚴重的社交恐懼！！為了幫助莎琉，太郎想出了劃時代的方法：「讓她開直播，變身美少女實況主建立自信」！閑聊、角色扮演、遊戲實況、模擬約會……全部都要直播，讓她習慣被注目！,1,使用者尋找的是像《果青》大老師那樣具有自暴自棄、自我犧牲或深沉孤獨感的「負面共鳴」主角，希望能透過主角的消極狀態獲得安慰。而推薦的小說雖然涉及社交恐懼，但其基調為「歡樂向」，且情節核心是主角積極地幫助女主角克服恐懼並建立自信，與使用者要求的「我一個人爛就好了」的自毀/孤僻氛圍完全相反。
q11,"最近人比較負面，
想看一些有共鳴的小說。
有沒有那種「我一個人爛就好了別搞其他人」的主角的輕小說？以前看大老師自暴自棄滿戳中我的。
宅宅現實找不到人取暖，希望能找輕小說取。",17f3911a-8b97-5a28-bc63-386b182a04d4,曾經對我造成過精神創傷的女性們又開始關注我，但可惜的是為時已晚【Web版】,御堂ユラギ,40.3,連載,"校園, 青春, 戀愛, 後宮, 歡樂向, 青梅竹馬, syosetu, Web輕小說",在這個戀愛喜劇之中，一切的一切都已經太晚了。我，九重雪兔，一直以來女人緣都很差。從很久以前開始我就不斷地被捲入各種麻煩事中，跟老媽的關係生疏了，被老姐給討厭了，自以為跟青梅竹馬是兩情相悅的關係卻在向她告白前被甩掉了，最後為此而傷心的我還落得了個被人用假告白開涮的下場。於是我的感情徹底崩壞，一切都為時已晚了——「是我的錯……這一切都是因為我——」「我很抱歉阿雪！那個其實不是你想的那樣——」可不知為何，那些曾經對我造成過精神創傷的女性們又開始關注起我來了……這是一部因為渾身傷痕纍纍而無法接受他人善意的少年，與那些傷害了他的女性們之間所發生的，從為時已晚開始卻完全無法展開的誤會繫戀愛喜劇！,3,使用者尋找能產生共鳴、具有「自暴自棄」或「自我孤立」特質的主角（如《果青》的大老師）。推薦的小說主角同樣擁有精神創傷、感情崩壞且無法接受他人善意，其「為時已晚」的孤絕感與使用者尋找的「一個人爛就好」的心理狀態高度契合，符合使用者希望在輕小說中尋找情感寄託的需求。
q11,"最近人比較負面，
想看一些有共鳴的小說。
有沒有那種「我一個人爛就好了別搞其他人」的主角的輕小說？以前看大老師自暴自棄滿戳中我的。
宅宅現實找不到人取暖，希望能找輕小說取。",8b3428ef-1ca2-5f18-a6c2-b95c14f0963e,我的腐女友,ペんだふ,13.7,完結,"青春, 戀愛, 歡樂向, 宅文化, 日本文學, 少女文庫, 日本輕小說",什麼是「宅」？什麼又是「腐」？乍看之下毫無關係，但似乎又是一體兩面。將超人氣部落格的內容集結成冊，在日本熱銷50萬冊的本書，藉由原是平凡大學生的作者與腐女友的「對戰記實」，讓你更了解「腐女」。由於內容中有許多跟御宅族有關的題材與辭彙，請你在閱讀時務必遵照正確的使用方法與用量。比我大兩歲的女友…………是個腐女。,1,用戶尋求的是能產生情感共鳴、具有自暴自棄或自我厭惡特質（類似《果青》大老師）的主角，以對應其目前的負面心情。而推薦的作品是一部關於宅男與腐女戀愛的歡樂向作品，雖然同樣涉及宅文化，但情感基調與用戶需要的「共鳴感」與「孤獨感」完全不符，僅有表面上的宅文化關聯。
q12,"想找一些日常系小說類型，希望劇情節奏安排和對話有趣些。
其它元素能接受百合、戀愛、生活、學校類型，有談話間交流劇情。",7286fee7-39b2-57bc-91f0-65b60d0e3049,驚爆草莓,公野櫻子,5.5,連載,"校園, 青春, 戀愛, 百合, 電擊文庫, 日本輕小說",阿斯特拉艾亞的山丘上，建有三家女子學校。聖密亞特爾女子學園、聖史皮卡女子學院、聖露·利姆女子學校。而且，在那片土地的盡頭是三家學校共用的宿舍----草莓宿舍。阿斯特拉艾亞的山丘…那裡是不允許男子踏入的神聖領域…因為某些事情而被編入聖密亞特爾女子學園四年級（由於初高中統一教育，其實相當於高中1年級）的渚砂心中充滿了對新校園生活的期待與不安。在入學第一天與所有人都憧憬的「艾特瓦魯」（法語中為「星星」的意思。艾特瓦魯是作為管束3校的學生會一切的存在，在3校的學生中位於至高點具有無比的權利與威望，與此同時也負擔著沉重的責任與義務）的花園靜馬相遇。在被其美貌深深吸引的瞬間，身體不由自主地無法動彈了。另一方面，靜馬溫柔地注視著如此的渚砂，並伸出雙手漸漸靠近渚砂的臉龐，然後…！？年級和學校各不相同卻蘊含各種各樣回憶的只有少女的百合校園生活。在如此秘密的花園中發生的事情，你是否也來窺探一下…？,3,推薦書籍完全符合用戶要求的「百合」、「校園」、「戀愛」以及「生活」等元素，且設定在女子學校與宿舍的日常互動中，高度契合用戶對日常系小說的搜尋意圖。
q12,"想找一些日常系小說類型，希望劇情節奏安排和對話有趣些。
其它元素能接受百合、戀愛、生活、學校類型，有談話間交流劇情。",f269a414-6164-52da-a579-2e0e43f219cf,將放言說不會輸的高顏值女孩，全力征服的百合故事,みかみてれん,6.8,完結,"校園, 青春, 戀愛, 百合, 女性視角, 其他文庫, 日本輕小說",「主導權的爭奪!一場激烈的百合之戰，開幕!」大小姐學園的超級姊姊大人紅羽彩良，被美少女對手提出了決一勝負。在兩個月後的學園人氣投票之前，二人來做個了斷吧。,3,推薦書籍完全符合使用者提到的「百合」、「戀愛」、「校園」等元素。雖然劇情設定為競爭關係，但其輕小說的性質與校園背景通常包含大量日常互動與對話，高度契合使用者的搜尋意圖。
q11,"最近人比較負面，
想看一些有共鳴的小說。
有沒有那種「我一個人爛就好了別搞其他人」的主角的輕小說？以前看大老師自暴自棄滿戳中我的。
宅宅現實找不到人取暖，希望能找輕小說取。",1f000822-7129-5a9b-a990-6a61e497e811,電波女與青春男,入間人間,118.7,完結,"校園, 青春, 戀愛, 歡樂向, 後宮, 妹妹, 電擊文庫, 日本輕小說",我的獲得青春點數計畫（具體來說，就是與女孩子共度酸酸甜甜的高中生活大作戰），就在這個傳說有外星人監視的城鎮里展開。據說「地球被盯上了」。與我同住一個屋檐下，卷著棉被的電波女．藤和艾莉歐如此說道。她是導致我青春點數低落的主因，也是妨礙本計畫的根源。即使是天然治癒系爽朗健康女孩．流流、連模特兒看了也會嚇一跳的高挑（角色扮演）少女．前川同學的邂逅，使我的青春點數急速上升，但身上卷著棉被的電波女卻不知為何待在我身邊…………我的青春到底是怎麼回事？,1,使用者尋找的是像《果青》大老師那樣自暴自棄、自我犧牲且具有強烈共鳴感的陰鬱主角。而推薦的《電波女與青春男》雖然也是校園輕小說，但基調偏向歡樂、戀愛與後宮向，缺乏使用者要求的「一個人爛就好」的自我厭惡或深刻的情感共鳴，兩者在情感基調上完全不符。
q11,"最近人比較負面，
想看一些有共鳴的小說。
有沒有那種「我一個人爛就好了別搞其他人」的主角的輕小說？以前看大老師自暴自棄滿戳中我的。
宅宅現實找不到人取暖，希望能找輕小說取。",78bcc604-9082-5f13-af5d-024d3356d4ac,高達創戰者,あすか正太,14.8,連載,"科幻, 機戰, 青春, 宅文化, 角川文庫, 日本輕小說",我，模型店家的兒子，伊織誠想作為高達模型鬥士，和父親一樣進行高達模型對決。夢想著參加世界大賽但是對戰水平奇差。然後某一天，在我面前出現了操作技術卓越的少年嶺司！,0,用戶尋找的是能引起負面情緒共鳴、具有自暴自棄或自我孤立特質的主角（類似《果青》的大老師），而推薦的《高達創戰者》是一部關於模型對戰、熱血夢想與友情的作品，基調正向且缺乏用戶要求的情感共鳴與角色特質。
q12,"想找一些日常系小說類型，希望劇情節奏安排和對話有趣些。
其它元素能接受百合、戀愛、生活、學校類型，有談話間交流劇情。",d7e9caf0-fb28-553d-b74d-a9c9ce6175c1,女友最近有點怪,saky,15.3,完結,"校園, 戀愛, 青春, 溫馨, 青春日常, 華文輕小說",在大學時，交到了人生中第一位女朋友。她腦袋聰明，身材嬌小，性格彆扭。與她一起的生活曾如同夢見的戀愛喜劇……最近卻越發不對勁了。這是一個和稍微有些奇怪的女孩一起生活下去的故事。,3,推薦書籍完全符合用戶要求的「日常系」、「戀愛」與「校園」元素，且簡介中提到「戀愛喜劇」以及與女孩共同生活的日常，非常契合用戶對有趣對話和生活化劇情的期待。
q12,"想找一些日常系小說類型，希望劇情節奏安排和對話有趣些。
其它元素能接受百合、戀愛、生活、學校類型，有談話間交流劇情。",58c1897e-e6ab-50a8-bee8-d71ba9ff0935,那個我一直在意的女孩子好像喜歡我,タイロク,10.7,完結,"校園, 青春, 戀愛, 百合, kakuyomu, Web輕小說",我想和你成為朋友（戀人）！這是兩情相悅!?「各務原（かがみはら）是班裡的委員長，才色兼備又高冷，不過她意外地表情豐富又有點憨憨。我想和這樣的各務原交朋友」「綾崎（あやさき）同學對每個人都很溫柔而且很可愛。她照顧人周到，朋友也很多，是個類型和我完全不同的存在。我想和這樣的綾崎成為戀人」————這是，我們的故事。是想與之成為朋友的我（綾崎）和我（各務原）的故事。,3,推薦書籍完全符合用戶對「校園」、「戀愛」、「百合」以及「日常」的需求。劇情描述著重於兩位少女的互動與情感發展，非常符合用戶希望透過對話交流劇情且節奏輕鬆的日常系設定。
q13,"我很喜歡搞笑類，誤會系剛好能戳到我的笑點，
看了會有種「這群人的腦迴路到底怎麼長的」的感覺，（像電玩咖這種的）
當然不需要全程搞笑，後面進入主線開始嚴肅起來我還是能接受的（素晴、腦礙這種的）",9d3ba1a0-6c37-5fde-a47f-4d0bb0237292,愛玩王子,片瀨由良,39.6,連載,"校園, 奇幻, 戰鬥, 歡樂向, 戀愛, 女性視角, 少女文庫, 日本輕小說",從魔界來到人間的迷你小王子，遇上了少根筋的女高中生！兩人居然莫名其妙有了婚約？想要解除婚約而一起回到魔界的兩個人，卻發現只有解開神秘咒語才能如願！兩人因此踏上冒險之途。看書里傲嬌王子跟傻呼呼小妹的搞笑對話＋驚險刺激的魔龍之斗，偶爾還有高大挺拔的魔王爸爸＆冷酷帶點俏皮的王室管家來插花，到底兩個人的命運會如何呢？,1,用戶明確要求「誤會系」以及像《素晴》那樣具有「腦迴路奇特」的荒誕搞笑風格。而《愛玩王子》雖然標記為歡樂向且有搞笑對話，但其核心是典型的少女向戀愛喜劇（傲嬌王子與傻氣少女的互動），缺乏用戶所追求的強烈荒誕感或由誤會驅動的劇本結構，僅在「搞笑」這一寬泛類別上有所重疊。
q15,"喜歡的類型 是異世界 轉生 重生 穿越 校園異能 幻想世界 劍與魔法 主角最強 多後宮 戰鬥要夠中二 都行
夠套路
要男主 一定要有戰鬥 後宮 沒後宮也沒關係但要有女主 如果主角拿的是劍我會更開心
不接受有沒男主的 例如蜘蛛又怎樣 能力值平均 怕痛的我
不接受虐主的 除了re 0 是因為動畫入坑的 除非前面虐後面很爽的這樣可以例如平職
需要裝逼讓我看的會高潮的 所以無職轉生我看不下去因為太真實太哭逼了",3c7258ef-3d13-5f1a-b84a-566b841b66d8,失格紋的最強賢者 ～世界最強的賢者為了變得更強而轉生了～,進行諸島,22.5,連載,"轉生, 戰鬥, 魔法, 龍傲天, 後宮, GA文庫, 日本輕小說",在某個世界，有個魔法戰鬥的造詣到達顛峰境界，甚至被冠以【賢者】稱號的人。為了追求最強的戰術，悉數研究過世界上存在的各種魔法和戰術後，他被迫面對『自己身上的紋章刻印不適合魔法戰鬥』這個殘酷的現實。於是，他將自己的靈魂封印並且轉生到未來世界。成功轉生為少年馬丁亞斯──擁有『最適合魔法戰鬥的紋章』。「──好！成功啦！！」他總算得到了『最適合魔法戰鬥的紋章』。然而，這個紋章在未來居然被視為「失格紋」！！他來到一個將『最適合魔法戰鬥的紋章』視為「失格紋」，低水準魔法理論猖獗的世界。擁有「失格紋」的馬丁亞斯，之後和擁有「榮光紋」的少女琉璃，以及擁有「常魔紋」的阿爾瑪相遇，進入王立第二學園就讀，並在此接連發揮過去被稱為【賢者】的實力──！！,3,該書完美契合使用者的所有要求：包含轉生、男主最強、幻想世界、校園設定、後宮以及戰鬥元素。特別是「被視為失格的紋章實際上最強」的設定，完全符合使用者追求的「裝逼」與「套路」快感，且非虐主劇情。
q17,"求推薦世界觀建構完整
主角很清楚當下該做甚麼
是不太希望主角輕鬆拿到一堆外掛這種的
然後也蠻喜歡主角大意、失誤或忘記重要信息導致危機感這種狀況發生
非戰鬥類主角也可以，感覺這類主角穿越的比較多?
但是如果是一個高中生通十八般武藝心理素質又特好的就不要",8fad303b-880a-5abe-8754-57a0e48f706d,橫溝碧的無倫理遊戲破壞方法,樞木緣,10.0,連載,"懸疑, 鬥智, 遊戲, 大逃殺, MF文庫J, 日本輕小說",簡而言之。死亡遊戲應該在開始之前就解決。我叫是江戶川殺戮，是個偵探。……你說我的名起的很莫名其妙？我也覺得。因為我也搞不懂。我是一名活躍在SNS的名偵探，真名橫溝碧，因為妹妹把生活費花光了，讓我的生活陷入了困境。不得已，我只好參加大企業主辦的逃脫遊戲，賺取獎金。然而，這場遊戲的幕後竟然在進行著死亡遊戲。一場賭上性命和巨款的互相殘殺即將揭開序幕。但由於我加入了這場遊戲，他們就沒得這麼順利了。——原本應該是這樣。我以秒為單位阻止所有玩家互相殘殺，並用手銬將死亡遊戲的主持人少女姬野心音和我銬在一起，一同當作人質。然後我鑽規則的漏洞，以所有玩家生存為目標，讓遊戲通關。正當我在恣意妄為時，我被死亡遊戲的幕後黑手盯上了。他開始不分青紅皂白的想要不擇手段地殺了我。不過，要是他有辦法殺掉我的話，就試試看啊。身為名偵探的我，怎麼可能會在死亡遊戲這種事件中輸掉呢？,1,主角雖然是非戰鬥類且目標明確，但其人設屬於極度自信、能迅速掌控局面且能輕易鑽漏洞破局的天才偵探，這與使用者希望看到「主角會大意、失誤導致危機感」以及「不希望主角心理素質過好/太完美」的要求完全相反。雖然符合部分表面條件，但核心調性不符。
q17,"求推薦世界觀建構完整
主角很清楚當下該做甚麼
是不太希望主角輕鬆拿到一堆外掛這種的
然後也蠻喜歡主角大意、失誤或忘記重要信息導致危機感這種狀況發生
非戰鬥類主角也可以，感覺這類主角穿越的比較多?
但是如果是一個高中生通十八般武藝心理素質又特好的就不要",eaa9a222-778f-58ca-adb9-3d33c60d20fb,明智少年的詭辯,道端さつと,23.9,連載,"校園, 懸疑, 歡樂向, 青梅竹馬, Fami通文庫, 日本輕小說",我，小林修司，有三個青梅竹馬的夥伴──但很可惜，都是笨蛋。「小林同學。你就是這起事件的犯人！」明智京太郎今天也一如往常地說出自己的詭辯台詞（又在亂來了）。「好厲害！名推理！」文美今天也一如往常地在一旁幫腔附和（文美……是白痴嗎）。「不要欺負我哥哥！」連明智的妹妹二重也一如往常地大叫，還不斷對我重覆使出飛身踢擊（到底在搞什麼）。「京太郎！提出證據來啊！」看來我也只能一如往常地自己解開真相（別再把我當成犯人了，我明明就是被害者啊）……第13屆ENTAME大賞優秀獎，名偵探【→笨蛋】與我【→(無辜的)嫌疑犯】嶄新的校園冒險推理！,1,用戶希望尋找具有完整世界觀、有危機感且主角會因失誤而陷入困境的作品，並明確表示不喜歡完美的龍傲天。推薦的書籍是一部「歡樂向」的校園推理輕小說，基調輕鬆幽默，缺乏用戶追求的緊張感與深厚的世界觀建構，僅在「非戰鬥類主角」這一點上有微小重疊，與用戶的核心需求不符。
q18,"我最近剛看了龍王的工作的小說
雖然不懂將棋，但覺得對局的刻劃很棒
能看到將棋解說
也會側面描寫一些職業棋士、女流棋士的差別和情況

最喜歡的部分是銀子挑戰獎勵會那邊
書裡描寫的女性棋士會被小看的部分
那種低人一等、逆境求生的感覺做得很真實(?不會形容，總之很有代入感
銀子加油，不要輸給將棋星人!

希望各位能分享一些好看的將棋小說!!",7831a5ed-fdfd-5054-a788-c688b541b945,吹響吧！上低音號,武田綾乃,107.9,完結,"校園, 音樂, 競技, 青春, 女性視角, 青梅竹馬, 其他文庫, 日本輕小說",「為什麼只拿到金牌就高興成這樣？我們的目標明明是進軍全國啊！」管樂大賽結束，久美子與隊友都為金牌開心不已時，只有首席小號手麗奈萬分不甘心的說出這句話。久美子一直在意麗奈的話，因此刻意選了北宇治高中就讀。卻在開學第一天，命運般地在管樂社再次遇見麗奈。在京阪宇治站不遠處有座宇治橋，過橋後往左轉，便可通到平等院。久美子很喜歡這條林立歷史悠久的茶坊及日式點心店的街道，光是烘焙茶的香氣乘著風飄來，就足以讓久美子的心裡舒坦。她也喜歡坐在宇治神社附近的堤防上，望著閃閃發光的正紅色朝霧橋，感覺好極了。這片風景如同北宇治高中管樂社過去的光輝燦爛戰績，但，那已經是以前的事了。在新任老師的嚴厲指導下，大家再次專註於演奏上，而管樂社的問題也漸漸浮現……主動求辭的社員、一觸即發的獨奏爭奪戰、二年級與三年級間不可說出的往事，以及，久美子當時回答麗奈的那句話……在管樂社進軍全國大賽之前，要先團結所有人的心！洋溢著華麗樂章、酸甜青春、波濤洶湧的高中生活即將邁開序章！,0,使用者明確要求推薦「將棋小說」，且強調對將棋對局、職業棋士社會地位及逆境求生的描寫。推薦的書籍《吹響吧！上低音號》雖然同樣涉及競技與努力，但主題是管樂社的音樂競賽，與將棋完全無關，不符合使用者核心需求。
q17,"求推薦世界觀建構完整
主角很清楚當下該做甚麼
是不太希望主角輕鬆拿到一堆外掛這種的
然後也蠻喜歡主角大意、失誤或忘記重要信息導致危機感這種狀況發生
非戰鬥類主角也可以，感覺這類主角穿越的比較多?
但是如果是一個高中生通十八般武藝心理素質又特好的就不要",6cc0a819-6a1e-569f-ae0c-0449d0048933,純白千金的諜報員,桜生懷,18.7,連載,"轉生, 間諜, 鬥智, 大小姐, 富士見文庫, 日本輕小說",拉普達是能夠成功執行一切任務的某國頂峰諜報人員。他所轉生的異世界，是唯一讓他內心動容、撕心裂肺的小說『薄命的羅瑟琳』的世界。因此，他知道——千金羅瑟琳、這個故事的主角、他最愛的少女將迎來凄慘至極的結局。「我一定要改變這個愚蠢至極的結局」連同極密情報在內，作為「作品的設定」，拉普達全部一清二楚。知曉世界未來的他，將盡數使出一切暗中力量，〈改編〉少女的死亡——！榮獲第34次FANTASIA大賞《金獎》的謀略幻想故事就此開幕！,1,主角雖然不是高中生且目標明確，但其設定為「頂尖諜報員」且擁有對原著世界設定的完整掌握（預知未來），這屬於使用者不希望看到的「外掛」類型。此外，介紹中強調主角能成功執行所有任務，與使用者渴望的「因大意或失誤而產生危機感」的劇情走向相反，過於完美且缺乏挫折感。
q18,"我最近剛看了龍王的工作的小說
雖然不懂將棋，但覺得對局的刻劃很棒
能看到將棋解說
也會側面描寫一些職業棋士、女流棋士的差別和情況

最喜歡的部分是銀子挑戰獎勵會那邊
書裡描寫的女性棋士會被小看的部分
那種低人一等、逆境求生的感覺做得很真實(?不會形容，總之很有代入感
銀子加油，不要輸給將棋星人!

希望各位能分享一些好看的將棋小說!!",9d27eaf2-7f4c-57c8-ad6b-f7fca2993c18,強風吹拂,三浦紫苑,24.9,完結,"青春, 競技, 日本文學, 其他文庫, 日本輕小說",長跑的目標不是更快，而是更強。「明明這麼痛苦，這麼難過，為什麼就是不能放棄跑步？因為全身細胞都在蠢蠢欲動，想要感受強風迎面吹拂的滋味。」寬政大學宿舍「竹青庄」的十名舍友湊成雜牌長跑隊，在隊長清瀨灰二的魔鬼訓練下，從零開始向日本歷史最悠久的長跑接力賽「箱根驛傳」挺進 。這十名大學生包括兩名田徑隊逃兵、一對神經大條又聒噪的雙胞胎、俊帥漫畫宅男、尼古丁中毒的萬年留級生、邏輯超強的毒舌精英、不愛跑步的黑人留學生、老實好青年、百發百中猜謎王。這些「選手」剛開始時連自己是田徑隊都不知道，且一半成員沒有長跑經驗。他們能否創造「箱根驛傳」史上最大奇蹟？不到最後一棒，沒人知道答案。,1,用戶明確要求推薦「將棋小說」，而推薦的書籍《強風吹拂》是關於長跑（馬拉松）的競技小說。雖然兩者在「競技精神」和「克服逆境」的主題上有共同點，但核心主題完全不符，僅有極其淺層的關聯。
q18,"我最近剛看了龍王的工作的小說
雖然不懂將棋，但覺得對局的刻劃很棒
能看到將棋解說
也會側面描寫一些職業棋士、女流棋士的差別和情況

最喜歡的部分是銀子挑戰獎勵會那邊
書裡描寫的女性棋士會被小看的部分
那種低人一等、逆境求生的感覺做得很真實(?不會形容，總之很有代入感
銀子加油，不要輸給將棋星人!

希望各位能分享一些好看的將棋小說!!",a952a0db-20de-5b15-b060-a06f626481e3,利里耶國騎士團與辛德瑞拉的弦音,瑚池ことり,80.4,連載,"奇幻, 戰鬥, 戀愛, 妹妹, 女性視角, 集英社, 日本輕小說",騎士組隊，互相擊碎頭盔上的命石以一決勝負——取代「戰爭」的「戰鬥競技會」決定各國命運已有三百年。尼娜雖然出生在優秀騎士輩出的村莊，卻無法像周圍的少女那樣舞刀弄劍，一直被嘲笑是個「廢物」。但是，發現尼娜射箭才能的利希特，勸說其加入騎士團…!?,1,使用者明確要求的是「將棋小說」，而推薦的書籍是一部奇幻戰鬥小說，完全不涉及將棋。雖然兩者在「女性被輕視並在逆境中奮鬥」的主題上有一定的共鳴，但這僅屬於邊緣的切入點，未能滿足使用者的核心需求。
q18,"我最近剛看了龍王的工作的小說
雖然不懂將棋，但覺得對局的刻劃很棒
能看到將棋解說
也會側面描寫一些職業棋士、女流棋士的差別和情況

最喜歡的部分是銀子挑戰獎勵會那邊
書裡描寫的女性棋士會被小看的部分
那種低人一等、逆境求生的感覺做得很真實(?不會形容，總之很有代入感
銀子加油，不要輸給將棋星人!

希望各位能分享一些好看的將棋小說!!",37bf7d89-f217-5561-b310-407303c1f133,玉高社交舞社歡迎您,三萩千夜,9.9,完結,"校園, 競技, 青春, 戀愛, 後宮, 角川文庫, 日本輕小說",遭受食物誘惑而被拐進「社交舞社」的雪也，在三名個性十足的女社員啟蒙下，逐漸深陷社交舞的樂趣當中——！不過好巧不巧，為了社團存亡而決定參加競技賽的雪也，竟和社內唯一不擅應付的冰山美人·璃子共組，對抗起競技舞社……！？讓你讀了心舞足蹈！舞蹈×戀愛喜劇揮灑出的青春塗鴉，起跑<Start>！,1,用戶明確要求推薦「將棋小說」，且對將棋的對局刻劃與職業棋士的處境感興趣。推薦的書籍主題是「社交舞」，雖然同樣屬於競技類作品，但核心主題與將棋完全無關，僅有極其表面的「競技」關聯。
q20,本人喜歡偏重人物心理描寫、人物互動和角色變化的作品，較偏執在人物塑造和刻劃上。劇情不要求設計得有多精妙，不影響觀感就好，就算是平鋪直述的也行。節奏快慢無妨，掌握恰當即可。本人對於自己的閱讀能力還算有信心，文字量稍微過多也沒差。大忌是拿膚淺粗俗爛造的刻板僵化人物作為行銷點。,f9b27768-6d9c-567c-9432-2135a5b38752,這份心情總有一天會遺忘,住野夜,15.9,完結,"輕文學, 青春, 戀愛, 奇幻, 其他文庫, 日本輕小說",我們為什麼會相逢？高中生鈴木香彌對於平凡的日常感到厭倦。當他剛過完十六歲生日時，在深夜的公車站遇見只顯現指甲和眼睛的異世界少女「琪卡」。他們一次又一次地在深夜會面，發覺到彼此的世界存在著奇妙的同步現象，因此兩人便開始實驗──,2,用戶明確要求側重於人物心理描寫、互動與角色塑造，且排斥膚淺的刻板人物。推薦作品標記為「輕文學」，其劇情設定聚焦於兩個邊緣個體的相遇、日常的厭倦以及情感的同步，這類作品通常較注重內心世界的挖掘與情感流動，符合用戶對「人物互動」與「心理狀態」的偏好。雖然簡介較短，無法完全確認人物刻畫的深度是否達到用戶的高標準，但整體方向高度契合。
q20,本人喜歡偏重人物心理描寫、人物互動和角色變化的作品，較偏執在人物塑造和刻劃上。劇情不要求設計得有多精妙，不影響觀感就好，就算是平鋪直述的也行。節奏快慢無妨，掌握恰當即可。本人對於自己的閱讀能力還算有信心，文字量稍微過多也沒差。大忌是拿膚淺粗俗爛造的刻板僵化人物作為行銷點。,84e1daf5-aa5d-5a8d-b51d-ea15b7659f05,妳最後留下的歌,一條岬,9.9,完結,"校園, 青春, 戀愛, 輕文學, 角川文庫, 日本輕小說",在鄉下小鎮和祖父母一起生活的我，唯一的興趣就是寫詩。原本預期自己會過著平凡一生的我，遇見了同班的遠坂綾音。得知我的秘密興趣之後，綾音邀我「一起寫歌」，自此刻起，我的人生開始產生變化。綾音因為「某種理由」無法寫歌詞，我便代她作詞，由她來唱。隨著四季流轉，我從她那裡得到無數珍寶，然而……由擅長描繪戀愛男女細膩心境的一條岬獻上，今年春天最令人淚流不止的動人戀曲！,3,用戶明確要求偏重人物心理描寫、互動與角色塑造，且不要求劇情複雜。推薦書籍被標記為「輕文學」，且簡介中明確提到作者「擅長描繪戀愛男女細膩心境」，劇情核心聚焦於兩人的情感互動與心境變化，與用戶的核心需求高度匹配。
q21,"最近剛看完三角距離無限為零
雖然胃在痛不過還是很喜歡三角戀這個要素
有人可以推薦一下類似的作品嗎?
當然不一定要三角戀 更多也行 只是想看這種描述男女主如何在戀愛中痛苦掙扎的小說
有糖更好 因為之後胃會更痛",593175e2-9d66-555e-8197-d5f71656ca55,失戀後，原本冷淡的青梅竹馬變得溫柔嬌甜,七烏未奏,13.3,連載,"校園, 青春, 戀愛, 後宮, 青梅竹馬, 講談社, 日本輕小說",高中男生澤渡悠經歷痛苦的失戀後病倒了。此時出現在面前照顧他的人，是之前關係莫名變差、住在隔壁的青梅竹馬──白雪心愛。「妳怎麼會突然跑來照顧我──」「嫌煩的話我就回去啰？」從那天開始，原本疏遠的兩人逐漸拉近距離。與心愛的相處治癒了悠受創的內心，也讓他受到對方吸引──這是由失去戀情的男孩與始終單戀他的青梅竹馬所譜出的、甜美哀傷又令人心焦的愛情故事。,3,使用者希望尋找描述戀愛中「痛苦掙扎」且具有多角關係（或類似三角戀）的作品，並提到希望有糖但氛圍哀傷。推薦的小說開篇即是「痛苦的失戀」，且標記有「後宮」暗示多角情感糾葛，劇情描述為「甜美哀傷又令人心焦」，高度符合使用者對情感拉扯與心酸氛圍的需求。
q22,"就是不後宮不NTR純純的戀愛作品 虐也行 比較希望校園類 其他類型也可以介紹看看 最近看一堆異世界後宮戰鬥有點膩了......
還有兄妹的作品 滿喜歡兄妹類型的 隨便丟一張圖",4ecda86f-b1ce-52b8-8646-9083502f4ce3,逃離學校!,谷川流,64.0,完結,"校園, 奇幻, 戀愛, 妹妹, 電擊文庫, 日本輕小說",超能力者齊聚一堂的、深山裡的學校──第三EMP學園。我沒有超能力，卻待在這裡念書，為什麼會這樣呢？答案很明顯。因為我後面跟著一個輕飄飄的幽靈少女，而她現在就在我的背後。她的名字叫春奈，是我的妹妹，六年前死於一場車禍。可是她死後的第二天卻成了幽靈，然後開始不斷地纏著我。春奈雖然是鬼魂，身體竟然會隨著年歲增長，所以外表很符合年齡。但問題是她的內心……！是因為想念哥哥呢？還是過於依賴？或是因為戀兄癖……還有，第三EMP學園的超能力者為什麼都是些怪咖──？……這種環境，這種學校，我要趕快脫離這裡！,3,該作品完全符合使用者的多項核心需求：設定在校園、主打純愛（非後宮）、且特別包含了使用者明確表示喜歡的「兄妹」關係，且並非使用者感到膩味的異世界後宮戰鬥類，是非常精準的推薦。
q22,"就是不後宮不NTR純純的戀愛作品 虐也行 比較希望校園類 其他類型也可以介紹看看 最近看一堆異世界後宮戰鬥有點膩了......
還有兄妹的作品 滿喜歡兄妹類型的 隨便丟一張圖",3aec5cb6-b058-5807-85fa-b5c1ddcc8af8,好友的妹妹似乎願意協助我創作成人小說,あきらあかつき,34.3,連載,"青春, 戀愛, 歡樂向, 妹妹, 角川文庫, 日本輕小說",「學長你這部小說的女主角……是以我為參考對吧？」高中生——金衛龍太郎正在撰寫一部以好友的妹妹水無月鈴音為雛型的成人小說，可是某天卻被鈴音於網路上發現正在連載的這部成人小說，甚至被鈴音質問。由於擅自把人當作成人小說的靈感來源，因此龍太郎趕忙道歉，不過鈴音竟表示「若能幫上學長的忙，就算你用色眯眯的眼神注視我也沒關係……」，並且大膽掀起裙子讓龍太郎盡情觀察她的纖纖玉腿，還主動提出會幫忙實現各種變態情境，諸如朗讀成人小說、主從立場互換的玩法等等……與好友那正在就讀高中的妹妹談一場超變態戀愛的校園喜劇就此開演。,3,該作品完全符合使用者要求的「非後宮」且為「校園類」設定。雖然是「好友的妹妹」而非親兄妹，但符合使用者提到的「兄妹類型」偏好，且避開了使用者厭倦的異世界與戰鬥元素，是非常精準的推薦。
q24,"要求有點難找
希望推薦""戰爭+戀愛""要素的輕小說,不是戰""鬥""是戰""爭""
要完結了的,GOOD ENDING最好",0ef90e5e-cd79-51dc-9ba3-95812f60d469,馬法爾年代記,田中芳樹,33.6,完結,"奇幻, 戰爭, 戀愛, 其他文庫, 日本輕小說",大陸歷1091年2月，「北方之雄」馬法爾帝國正與鄰國處於交戰狀態。在戰場中，突然傳來皇帝駕崩之急報，總司令官卡爾曼雖已獲得勝利，卻放棄追擊，急速趕回帝都奧諾古爾城的父王身邊，爭取帝位繼承權！環繞著王座的混亂迷局，使卡爾曼、蒙契爾、利德宛三位昔日的同窗好友的再次相逢，介入了一條名為「野心」的巨龍。再怎麼豪華的王座，也容不下二個野心共存……　幻想歷史故事，馬法爾年代記三部曲由此展開。,3,該書標籤明確包含「戰爭」與「戀愛」，且內容描述涉及帝國間的交戰、軍事指揮與政權爭奪，符合使用者強調的「戰爭」而非單純「戰鬥」的規模感與核心需求。
q24,"要求有點難找
希望推薦""戰爭+戀愛""要素的輕小說,不是戰""鬥""是戰""爭""
要完結了的,GOOD ENDING最好",35c561f9-a902-5567-b1ca-eba5d095b583,從被子彈擊中的戰場消失吧,上川景,25.9,完結,"科幻, 戰爭, 機戰, 人外, 富士見文庫, 日本輕小說",機甲車四處橫行、子彈魔法散落──東國與西國的戰爭已長達百年。東國的少年士兵雷鷹‧蘭滋被逼到絕境，射出一枚陌生的子彈，殺死了敵方將校——剎那間，世界為之一變。戰場被他熟悉的士官學校所取代，他甚至看到了理應死亡的同學。當雷鷹陷入困惑之時，製作了這顆子彈、名為艾亞的少女對他說：「這是惡魔的子彈，可以重新建構（reprogram）出被擊中的人從一開始就不存在的世界。你想繼續使用它嗎？」面對毫無止境的戰場，雷鷹做出的決定是——「我要用這子彈結束一切，改變一切。」擊穿世界的規則，少年與少女的戰鬥即將開始——榮獲第31屆富士見Fantasia大獎的軍事奇幻作品！,3,該作品明確包含大規模的「戰爭」背景（百年戰爭、軍事奇幻），而非單純的個體戰鬥，且劇情核心為少年與少女的共同奮鬥與羈絆，符合使用者要求的「戰爭+戀愛」要素。
q1,"現在對於小說的要求越來越高了，
而且慢慢的發現現在除了狗糧基本上都看不進去，
連以很喜歡的異世界主題都看不進去了，
好想念從前那個什麼都可以看得很快樂的自己

說回主題，希望可以找到沒看過的狗糧系小說，
可以接受小刀，但一定要無黃毛無牛頭人，
但背景自帶沈重的例如「戀愛光譜」「刮鬍」這一類的也不喜歡，
黨爭就...看情況吧但其實我也一般般",a059c55b-dae4-5e2e-8b5d-e8dd7f822016,TS的廢柴社畜想要被愛,wvyvu,5.7,連載,"性轉, 百合, 戀愛, 遊戲, 治癒, 原生幻想, 華文輕小說",睡醒之後發現自己變成了美少女。「如果不在一個月內找到女朋友性別就會固定下來。」找個女朋友什麼的...啊啊啊啊啊啊啊好麻煩啊啊啊啊啊。不如就這樣算了。,3,用戶尋找的是純甜的「狗糧」小說，明確要求無NTR（黃毛/牛頭人）且不喜歡沉重的背景設定。推薦書籍標記為「戀愛」與「治癒」，且簡介呈現出輕鬆、輕快且帶有喜劇色彩的基調，符合用戶希望尋找輕鬆甜文、避免沉重壓抑的需求。
q1,"現在對於小說的要求越來越高了，
而且慢慢的發現現在除了狗糧基本上都看不進去，
連以很喜歡的異世界主題都看不進去了，
好想念從前那個什麼都可以看得很快樂的自己

說回主題，希望可以找到沒看過的狗糧系小說，
可以接受小刀，但一定要無黃毛無牛頭人，
但背景自帶沈重的例如「戀愛光譜」「刮鬍」這一類的也不喜歡，
黨爭就...看情況吧但其實我也一般般",2765a2aa-fcb7-514b-bcde-151d8c567361,因為『你不是一家人』而被精英家庭驅逐的我，治癒我的是十二年後重逢的童年玩伴。,たかた,15.6,完結,"戀愛, 青梅竹馬, 青春, 校園, 治癒, kakuyomu, Web輕小說",父母是官僚，哥哥是醫生，妹妹是天才兒童的精英家庭的次男少年瀧本遙，在望子成龍的家庭的重壓下，沒能考上名牌大學。被趕到了從小疏遠的外婆家。遠處是山，近處是田，走幾步就是海和墓地。到了連巴士都無法正常行駛的鄉下，遙不知所措，就在這時，出現了一位穿制服的少女。「咦？難道是遙哥？」出現在眼前的，是住在外婆家隔壁，小時候經常一起玩的少女，早谷三久。兩人再次成為鄰居，以此為契機，遙逐漸治癒了在嚴酷的家庭環境中磨損的心靈。,3,使用者尋找的是「狗糧系」（甜寵）且無NTR、無沉重背景的治癒小說。推薦的書籍標籤包含「戀愛」、「青梅竹馬」與「治癒」，劇情重點在於主角在鄉下與童年玩伴重逢並獲得心靈治癒，符合使用者希望逃避壓力、尋求甜蜜舒適閱讀體驗的需求，且無任何違背禁忌（如黃毛/NTR）的跡象。
q1,"現在對於小說的要求越來越高了，
而且慢慢的發現現在除了狗糧基本上都看不進去，
連以很喜歡的異世界主題都看不進去了，
好想念從前那個什麼都可以看得很快樂的自己

說回主題，希望可以找到沒看過的狗糧系小說，
可以接受小刀，但一定要無黃毛無牛頭人，
但背景自帶沈重的例如「戀愛光譜」「刮鬍」這一類的也不喜歡，
黨爭就...看情況吧但其實我也一般般",731aeac8-feb3-5f63-84dc-eb25256c3207,活了100萬次的你,七月隆文,7.5,完結,"科幻, 青春, 戀愛, 治癒, 角川文庫, 日本輕小說",美櫻活了一百萬次經歷了各種各樣的人生，現在是日本的女高中生。無盡的生命使得心靈枯萎，一切都變得無所謂。直到那天，從學校的屋頂縱身一躍，被同級生光太救起的瞬間。美櫻被笑著說「我希望你能活下去」的光太強烈吸引，2人成為戀人。但這並非偶然，是超越了遙遠的時空，再次相遇的命運——。用100萬回生命貫穿的一心一意的戀愛物語。,3,用戶的核心需求是尋找「狗糧系」（純愛/甜蜜）小說，且嚴格要求無 NTR/黃毛。推薦的小說標記為「治癒」與「一心一意的戀愛物語」，完全符合純愛且無牛頭人的要求。雖然劇情涉及輪迴與自殺，但屬於用戶可接受的「小刀」範圍，且其核心基調是救贖與戀愛，而非沈重的壓抑感，與用戶需求高度匹配。
q1,"現在對於小說的要求越來越高了，
而且慢慢的發現現在除了狗糧基本上都看不進去，
連以很喜歡的異世界主題都看不進去了，
好想念從前那個什麼都可以看得很快樂的自己

說回主題，希望可以找到沒看過的狗糧系小說，
可以接受小刀，但一定要無黃毛無牛頭人，
但背景自帶沈重的例如「戀愛光譜」「刮鬍」這一類的也不喜歡，
黨爭就...看情況吧但其實我也一般般",63ee4ad7-741f-567b-b79e-1a57d4b3fe4c,笨蛋妖精請等等我,繪空事丶,14.4,連載,"戀愛, 青春, 治癒, 青春日常, 華文輕小說",我有一個同班同學，她是個笨蛋。是個能顛覆人類想像的笨蛋。是個無論被老師罵過多少次都記不住教訓的笨蛋。是個奮不顧身跳進染缸，渾身浸滿笨蛋色彩的笨蛋。是我所戀慕的笨蛋。同時。也是眼裡沒有我的笨蛋。,3,用戶尋找的是純粹的「狗糧」系（甜寵）小說，且明確要求排除黃毛、NTR 以及沉重的背景設定。推薦的小說標記為「戀愛」、「治癒」、「青春日常」，且簡介呈現出輕快、單純的校園戀愛氛圍，完全符合用戶對無壓力、甜美故事的需求。
q1,"現在對於小說的要求越來越高了，
而且慢慢的發現現在除了狗糧基本上都看不進去，
連以很喜歡的異世界主題都看不進去了，
好想念從前那個什麼都可以看得很快樂的自己

說回主題，希望可以找到沒看過的狗糧系小說，
可以接受小刀，但一定要無黃毛無牛頭人，
但背景自帶沈重的例如「戀愛光譜」「刮鬍」這一類的也不喜歡，
黨爭就...看情況吧但其實我也一般般",560f1c1d-437e-5453-aea9-04f0dee83402,法式甜點幸福堂書店,秦本幸彌,8.3,連載,"戀愛, 治癒, 女性視角, 其他文庫, 日本輕小說",熱鬧的商店街上，「法式甜點幸福堂書店」開張了！結合書籍與甜點，這裡將滿足所有愛書人和蛋糕控，修復每一顆傷痕纍纍的心。爽口的生乳酪塔，安慰了深受婆媳問題困擾的志保；苦甜巧克力蛋糕，拯救了與丈夫漸行漸遠的仁美；柔軟的草莓鮮奶油蛋糕，讓心力交瘁的母親亞理紗重獲新生……安子很慶幸自己做出了正確的決定。就在不久前，她經營的書店生意每下愈況，於是她大膽地向型男甜點師阿創提議「合作」，讓兩家原本瀕臨倒閉的店合而為一，成為可以一邊看書、一邊享用蛋糕的甜點書店。看著顧客失意前來、滿足離去，成了安子最幸褔的事。但她萬萬沒有想到，最需要療癒心靈的人，其實是一直在身邊的「他」……,3,使用者明確要求「狗糧系（甜寵）」小說，且排斥牛頭人（NTR）與沉重背景。推薦的小說標記為「戀愛」與「治癒」，劇情核心在於經營甜點書店以及男女主角之間的感情發展，氣氛輕快且溫馨，完全符合使用者想要避開沉重主題、追求純粹甜蜜療癒的需求。
q1,"現在對於小說的要求越來越高了，
而且慢慢的發現現在除了狗糧基本上都看不進去，
連以很喜歡的異世界主題都看不進去了，
好想念從前那個什麼都可以看得很快樂的自己

說回主題，希望可以找到沒看過的狗糧系小說，
可以接受小刀，但一定要無黃毛無牛頭人，
但背景自帶沈重的例如「戀愛光譜」「刮鬍」這一類的也不喜歡，
黨爭就...看情況吧但其實我也一般般",6ece8b87-fdc3-5a55-9f72-b5ea3d934e7e,只有我能看見的青梅竹馬,支倉,39.4,連載,"校園, 治癒, 戀愛, 青梅竹馬, 青春日常, 華文輕小說",嵐，西城外國語中學普通的高二學生。「我要你幫我個忙，讓十個人獲得幸福。」死去的青梅竹馬突然造訪他的房間，毫不客氣地要求道。從那天起，本來枯燥無味的校園生活有了些許變化。這是一個關於戀愛、友情、回憶、成長與死亡始於夏天，而終於夏天的故事。,2,用戶明確表示目前只能看進純粹的「狗糧」小說，且排斥沉重背景（如《戀愛光譜》）。推薦書籍雖然標記為「治癒」和「戀愛」，但核心設定是「死去的青梅竹馬」以及關於「死亡」的故事。這類設定通常帶有強烈的感傷色彩（Bittersweet），雖然可能在用戶可接受的「小刀」範圍內，但與用戶目前追求的輕快、純甜需求相比，仍有過於沉重的風險，因此判定為部分符合。
q1,"現在對於小說的要求越來越高了，
而且慢慢的發現現在除了狗糧基本上都看不進去，
連以很喜歡的異世界主題都看不進去了，
好想念從前那個什麼都可以看得很快樂的自己

說回主題，希望可以找到沒看過的狗糧系小說，
可以接受小刀，但一定要無黃毛無牛頭人，
但背景自帶沈重的例如「戀愛光譜」「刮鬍」這一類的也不喜歡，
黨爭就...看情況吧但其實我也一般般",caf6ce42-9c67-5315-a128-1de8a295e882,自炊男子與女子高中生,茜ジュン,63.6,完結,"校園, 青春, 戀愛, 歡樂向, kakuyomu, Web輕小說",「兩個人一起做飯，一起用餐，一定會更加溫暖。」靠著父母寄來的生活費一個人生活的大學生·家森夕為了節省伙食費，雖然嫌麻煩也在自己做著飯。雖說做飯不是他的興趣、特長什麼的，但某一天，當他順勢以親手做的料理來招待住在隔壁的女高中生旭日真晝時，被其稱呼為「哥哥」，兩人很奇妙地親近了起來。而且少女說：「我好久沒吃到這麼溫暖的飯菜了。」因為某種原因，她似乎平常過著只吃超市和便利店買來的飯菜的飲食生活……？僅僅，只是偶爾的一起做飯，一起用餐。但這一點點的日常變化慢慢地改變了兩個人——這部愛情喜劇，有著與之相稱的溫柔的味道。,3,用戶明確要求尋找「狗糧系」（甜寵）小說，且排斥 NTR（黃毛/牛頭人）以及沈重的背景設定。推薦的小說標記為「歡樂向」且劇情圍繞著日常做飯與溫馨戀愛，風格溫柔且輕快，完全符合用戶對純甜、無壓力且無背叛情節的需求。
q1,"現在對於小說的要求越來越高了，
而且慢慢的發現現在除了狗糧基本上都看不進去，
連以很喜歡的異世界主題都看不進去了，
好想念從前那個什麼都可以看得很快樂的自己

說回主題，希望可以找到沒看過的狗糧系小說，
可以接受小刀，但一定要無黃毛無牛頭人，
但背景自帶沈重的例如「戀愛光譜」「刮鬍」這一類的也不喜歡，
黨爭就...看情況吧但其實我也一般般",ca01aca2-1ca4-599f-b3ec-444aa8f436df,救了想一躍而下的女高中生會發生什麼事？,岸馬きらく,27.2,完結,"校園, 青春, 戀愛, 歡樂向, 角川文庫, 日本輕小說",為了維持可以免除學費的優待生資格，結城佑介的高中生活只有讀書和打工這兩件事。某天，他心中猛烈興起「想要女朋友」的念頭。有了這股想法後，他在回家路上忽然湧現出寂寞的心情。此時他不經意地往上一看，竟發現有個少女想從廢棄大樓的屋頂一躍而下。「妳為什麼要做傻事啊！」「因為我……已經沒有……生存的意義了……」「等等，美少女尋短未免也太可惜了吧。」「……？」「與其要輕生，不如當我的女朋友吧。」「咦？」在這場奇妙的相遇後，結城便和神秘美少女──初白小鳥展開了全新的日常與戀愛。與墜入絕望深淵的女高中生，共譜暖洋洋的同居生活。,3,用戶要求「狗糧系」且無NTR、不希望背景過於沈重的作品。推薦書籍雖然開端涉及自殺，但標籤為「歡樂向」，且劇情描述為「暖洋洋的同居生活」，符合用戶對甜蜜戀愛的追求，且不屬於用戶提到的那類沉重風格（如《刮鬍》），是相當匹配的選擇。
q3,"可以幫忙推薦幾部跟這部風格類似的輕小說
這部吸引我的地方有幾個:
1.男女主角純愛堅定不移
2.各種甜蜜的打情罵俏劇情
3.異世界轉生戰鬥、魔法
4.中間雖然各種虐，但最後還是排除萬難再一起",304a8579-22ed-5eee-bc4b-76bb5f5816db,田中家全員轉生,豬口,54.1,連載,"轉生, 奇幻, 戀愛, 歡樂向, 大小姐, 女性視角, 電擊文庫, 日本輕小說",即使在異世界，也要永遠在一起。廢柴一家＋4隻貓的異世界轉生譚，熱鬧開幕！最愛平凡生活的田中家在某一天因為地震全數罹難。然後轉生成異世界的貴族家庭。飼養的貓咪們也變成巨大毛孩轉生，一家人齊聚一堂！但是他們的領地位於邊陲地帶。雖是既有魔物出沒，也有茶會的不得了世界，但是為了守護與貓咪們的生活，一家人努力奮鬥！雖然悠閑卻確實地改變周遭，日子變得越來越開心──一家無雙的轉生譚開演！,1,推薦書籍的核心在於「全家人」共同轉生的家庭羈絆與歡樂日常，而用戶明確要求的是「男女主角」之間堅定不移、經歷虐心後再在一起的純愛劇情。雖然兩者都包含異世界、魔法與戀愛標籤，但情感基調與核心衝突完全不符，僅有表面上的設定重疊。
q3,"可以幫忙推薦幾部跟這部風格類似的輕小說
這部吸引我的地方有幾個:
1.男女主角純愛堅定不移
2.各種甜蜜的打情罵俏劇情
3.異世界轉生戰鬥、魔法
4.中間雖然各種虐，但最後還是排除萬難再一起",186ddfc8-a934-5f4a-bc51-a0af888f95c6,在森林邊煮果醬,小鳩子鈴,18.8,完結,"異世界, 轉生, 戀愛, 歡樂向, 女性視角, syosetu, Web輕小說",休假中還被叫去工作的我遭遇了事故被召喚到了異世界。機會難得，就在這個有魔法和妖精的世界裡享受慢生活吧！不開口的話就是氣質型美女，思考方式相當直接（也沒有魔力）的三十歲女性一邊煮果醬、一邊和親切的人們來往，一邊談戀愛的故事。,1,推薦書籍雖然符合異世界、轉生與戀愛等基礎設定，但其核心風格為「慢生活」與「歡樂向」，缺乏使用者明確要求的「戰鬥」元素以及「中間過程較虐」的劇情起伏，與使用者追求的劇烈情感波動與戰鬥氛圍相悖。
q3,"可以幫忙推薦幾部跟這部風格類似的輕小說
這部吸引我的地方有幾個:
1.男女主角純愛堅定不移
2.各種甜蜜的打情罵俏劇情
3.異世界轉生戰鬥、魔法
4.中間雖然各種虐，但最後還是排除萬難再一起",afad5875-615b-5f89-addb-6a7200a79962,好想過窮奢極侈的生活！轉生後絕不容許貧窮，用魔法改革領地,みわかず,23.6,連載,"轉生, 魔法, 經營, 戀愛, 大小姐, 女性視角, 其他文庫, 日本輕小說",瑟蕾絲緹雅在五歲的生日勃然大怒。因為一撞到頭想起前世的記憶，發現還是一貧如洗。然後在怒火中學會了魔法。明明是女性向遊戲的壞人大小姐，怎能接受不能奢侈！？肆意活用貴重的魔法改革領地，迴避家道沒落和處刑命運的瑟蕾絲緹雅。且看以民為先的壞人大小姐橫衝直撞的窩心故事！,1,推薦書籍雖然符合異世界轉生與魔法的設定，且標記有戀愛元素，但其核心主軸在於領地經營、追求奢侈生活以及迴避處刑，並非使用者所強調的「堅定純愛」、「甜蜜打情罵俏」或「排除萬難在一起」的情感導向故事，與使用者要求的風格落差較大。
q3,"可以幫忙推薦幾部跟這部風格類似的輕小說
這部吸引我的地方有幾個:
1.男女主角純愛堅定不移
2.各種甜蜜的打情罵俏劇情
3.異世界轉生戰鬥、魔法
4.中間雖然各種虐，但最後還是排除萬難再一起",6a34e9b1-6c10-5bfa-aa09-e02645abffee,軍人少女，要潛入皇立魔法學校了 ～女性向遊戲？我可沒聽說耶？～,冬瀨,28.6,連載,"轉生, 校園, 魔法, 戀愛, 大小姐, 女性視角, 少女文庫, 日本輕小說",菈捷驅使著前世的記憶，15歲便以錫安皇國的菁英軍人而聲名大噪，某天從上司──無情宰相閣下口中，收到下一個任務，竟要她以學生之姿，潛入聖托利奧爾皇立魔法學園，守護達官顯貴子女們的未來！？當軍中生活搖身一變成閃耀光彩的校園生活，菈捷雖感困惑也逐漸適應之際，友人柯娜突然說「這裡是女性向遊戲的世界，我則是壞人大小姐。」而且若不迴避最糟的劇本上演，菈捷也會一同毀滅！？從那天起，菈捷從後台登上舞台(？)開始破解事件，卻陸續發生了遊戲中不曾見過的徵兆──！？徹底活用前世知識，與軍中培養的技能，一定會讓這次的任務，成功收場！軍人菈捷的異世界轉生戀愛喜劇開演♪,2,該推薦書籍符合使用者對「異世界轉生」、「魔法」、「戰鬥」以及「戀愛」的設定要求。然而，使用者特別強調的是「純愛堅定不移」與「經歷虐心後排除萬難在一起」的情感深度，而推薦書籍的風格更偏向於「女性向遊戲」、「校園戀愛喜劇」，情感基調較為輕鬆，可能無法完全滿足使用者對深刻虐戀與堅定純愛的特定心理需求。
q3,"可以幫忙推薦幾部跟這部風格類似的輕小說
這部吸引我的地方有幾個:
1.男女主角純愛堅定不移
2.各種甜蜜的打情罵俏劇情
3.異世界轉生戰鬥、魔法
4.中間雖然各種虐，但最後還是排除萬難再一起",507d4862-88fb-5e0a-bb7f-439e14a0be05,轉生大聖女的悠閑異世界紀行,四葉夕卜,24.3,連載,"轉生, 百合, 異世界, 溫馨, kakuyomu, Web輕小說",在睡眠時間幾乎為零的黑心企業工作的花捲比留音，因為內心的純真而受到女神的眷顧，轉生到異世界。 由於女神的眷顧，魔力異常地多，聖魔法也異常地萬能。咦，這種用法沒人用過嗎？「你有成為聖女的才能。」只想要在蓬鬆的被窩裡盡情睡覺的比留音，打算利用聖魔法偷懶……但周圍對她的評價卻越來越高。這樣下去，不就和前世一樣，忙得不可開交了嗎？糟了。非常糟。而且好想睡覺。據說，如果成為大聖女，就能得到自己的教堂，過著自由自在的生活。「我要成為大聖女，在被窩裡滾一整天。」她為了過著悠閑的生活而努力成為大聖女……咦，好像很忙？而且感覺受到很多人崇拜……這不是我想要的……這個故事，是關於一個悠哉悠哉地享受慢活，卻變成傳奇的犯困大聖女的故事——,1,雖然該書符合『異世界轉生』與『魔法』的設定，但與用戶的核心需求嚴重不符：用戶要求的是『男女主角』的純愛，而此書標記為『百合』；用戶追求的是『中間虐心、最後在一起』的情感起伏，而此書走的是『悠閒慢生活』與『溫馨』風格，缺乏對應的情感張力。
q3,"可以幫忙推薦幾部跟這部風格類似的輕小說
這部吸引我的地方有幾個:
1.男女主角純愛堅定不移
2.各種甜蜜的打情罵俏劇情
3.異世界轉生戰鬥、魔法
4.中間雖然各種虐，但最後還是排除萬難再一起",882f18fa-be28-5ccb-bfdd-e452214b936e,佐佐木與文鳥小嗶,ぶんころり,147.7,連載,"魔法, 異能, 戰鬥, 龍傲天, 大小姐, JC, MF文庫J, 日本輕小說",在寵物店買的可愛文鳥竟是從異世界轉生而來的著名賢者。佐佐木被賦予了超越世界的機會和強大的魔法力量，開始將現代物品帶到異世界進行買賣。在世界之間來回穿梭──賺賺錢、做做魔法訓練，偶爾品嘗美食──以如此悠然愜意的生活為目標。然而，某天他卻在從公司回家的路上，遇到了異能力者。儘管憑著得自賢者的魔法解決了異能戰鬥，卻使得他的實力受到注目，因而被內閣府超常現象對策局挖角，決定轉行成為國家公務員……？異世界幻想×異能戰鬥×年齡差戀愛喜劇（？）。還有魔法少女、JC鄰居、JK同事、貴族、蘿莉BBA、王子等等……這是為您獻上所有屬性、在異世界和現代日本之間來回穿梭的故事。,1,該作品雖然符合異世界、魔法與戰鬥的設定，但其核心重點在於跨世界的貿易與異能政治，而非使用者強烈要求的「堅定純愛」與「虐後圓滿」的情感線。其戀愛元素傾向於多元屬性的喜劇，與使用者追求的純愛深情風格不符。
q3,"可以幫忙推薦幾部跟這部風格類似的輕小說
這部吸引我的地方有幾個:
1.男女主角純愛堅定不移
2.各種甜蜜的打情罵俏劇情
3.異世界轉生戰鬥、魔法
4.中間雖然各種虐，但最後還是排除萬難再一起",573f7939-f128-56c6-aa10-18f7d5ce5e8d,魔法少女，與你相戀,meag耿鬼,9.5,完結,"戀愛, 奇幻, 青春, 校園, 魔法, 原生幻想, 華文輕小說",明見佑一與水靜雪奈，兩人是彼此相依的青梅竹馬，隱瞞著戀情並互相依靠著生活，是一對平平無奇的的大學生。雖然也有過痛苦和挫折，但兩人只要意識到對方的陪伴，就可以平凡的度過每一天。有一天，他們與不可思議的寶石、無人的世界以及一位神秘男子相遇，開始了一段神奇的相遇。成為魔法少女，保護重要的人。這是一個有關溫暖與戀情，飽含奇蹟與愛的，魔法故事。,2,該書在純愛、甜蜜氛圍以及魔法奇幻元素上與用戶需求高度契合。雖然設定並非「異世界轉生」而是現代校園奇幻，但仍包含魔法與保護摯愛的戰鬥元素，且具有克服挫折的情感線，基本滿足大部分核心需求。
q4,"由於自己的胃口比較獨特的原因，喜歡男主被拋置於各種不利的情節或者感情中，也是因為這樣，喜歡看那些讓人看完后心緒難以平靜的小說，就我看過的來說，無職，re0，妹妹人生，異世界迷宮最深等，在某種程度上來說都有慘烈的一部分（感情上或者情節上都是），也沒有一定要轉生異世界，現實日常要是能描繪出這些來也很好了。
尤其那種男主能不斷被放置在痛苦或者恐懼之中，一邊流露出作者思考的文字的小說，再好不過。",719aa5fc-8788-5ad7-9464-f050ed26b6ab,身為邊緣人的我同時被四個人告白，一定是有什麼陰謀！,才羽しや,20.0,完結,"戀愛, 黑暗, 群像, 青春, 病嬌, 懸疑, 校園, kakuyomu, Web輕小說",我的同學是殺人鬼。瘋狂、血腥、暴力的學生×懸疑劇——。高中二年級的石橋，從一年級開始就一直貫徹「孤獨」的孤獨主義。在即將入梅的六月，石橋同時收到了四個女生的告白。第一個是安齋小蓮，是一個文靜的扎著丸子頭的園藝部成員。第二位的己斐西唯戀是開朗華麗的辣妹系班級委員。第三個喜屋武照沙，是誰都認可的美人凜然的弓道部。第四個人玖珠璃瑠葉，以眼鏡為特徵的文藝部。雖然每個女生都是在班級上數起來比較快的有魅力的少女，但是對於為了避免人際糾紛而一直「落單」的石橋來說，這個告白只能是可疑滿分。因為石橋知道了她們所有人的秘密。——執著、偏愛、殺人、暴力、瘋狂——與被吐露的四名少女的本性一起，石橋波瀾的六月即將拉開帷幕。※包含一部分暴力，殘酷描寫。,2,用戶明確表示喜歡男主被置於不利、痛苦或恐懼中的情節，以及具有「慘烈」感的氛圍。推薦的書籍包含「病嬌」、「殺人」、「暴力」與「瘋狂」等標籤，且劇情設定為邊緣男主被四名擁有危險秘密的少女包圍，極大機率會陷入恐懼與被動的處境，符合用戶對「不利情節」與「黑暗氛圍」的需求。雖然其風格可能更偏向懸疑與病嬌，而非如《Re:Zero》般深沉的絕望感，但核心意圖高度契合。
q4,"由於自己的胃口比較獨特的原因，喜歡男主被拋置於各種不利的情節或者感情中，也是因為這樣，喜歡看那些讓人看完后心緒難以平靜的小說，就我看過的來說，無職，re0，妹妹人生，異世界迷宮最深等，在某種程度上來說都有慘烈的一部分（感情上或者情節上都是），也沒有一定要轉生異世界，現實日常要是能描繪出這些來也很好了。
尤其那種男主能不斷被放置在痛苦或者恐懼之中，一邊流露出作者思考的文字的小說，再好不過。",9b7f2516-e714-52b7-aaca-1cb8b89ac948,屍戀,夏野園子,12.8,完結,"懸疑, 犯罪, 黑暗, 獵奇, 驚悚, 大逃殺, 其他文庫, 日本輕小說",某個城市接連出現部份肉體遭到切除的屍首。被害人全都來自同一所高中，某個升學班的學生。而從被害人家中，竟然找出其他被害人的部份屍塊……隨著調查進行，十八年前發生的監禁滅門懸案也跟著浮上檯面。而班上最美麗的少女，卻被發現有著與當時的倖存者相同的長相？同學之間互相猜疑、殘殺、終至步上瘋狂，只為了滿足自身性癖，切下死者的屍體帶走──人都有理性，但是也有許多人憎恨理性。想想看，你最想要的是部位是……？,1,使用者追求的是男主角在情感或情節上陷入絕望、痛苦及受難的「虐心」體驗（如《Re:Zero》或《妹妹人生》），並希望看到角色在恐懼中掙扎以及作者的思考。而推薦的書籍《屍戀》雖然同樣屬於黑暗風格，但其核心在於「獵奇」、「犯罪」與「驚悚」，重點是屍體切除、瘋狂與性癖，屬於感官衝擊與懸疑推理，而非使用者所尋求的心理受難或情感折磨。兩者僅在「氛圍陰暗」這一點上有表面交集，核心需求不符。
q4,"由於自己的胃口比較獨特的原因，喜歡男主被拋置於各種不利的情節或者感情中，也是因為這樣，喜歡看那些讓人看完后心緒難以平靜的小說，就我看過的來說，無職，re0，妹妹人生，異世界迷宮最深等，在某種程度上來說都有慘烈的一部分（感情上或者情節上都是），也沒有一定要轉生異世界，現實日常要是能描繪出這些來也很好了。
尤其那種男主能不斷被放置在痛苦或者恐懼之中，一邊流露出作者思考的文字的小說，再好不過。",e0cbe969-3b36-593e-aeea-e8341f4faaed,願你手擁幸福【Web版】,ショーン田中,177.3,完結,"奇幻, 戰鬥, 黑暗, 復仇, 後宮, 病嬌, 青梅竹馬, syosetu, Web輕小說",在救世之旅中同行的路易斯在隊伍之中他的工作是，雜務和守夜被女性成員們疏遠，每天承受著冰冷的視線只有青梅竹馬的阿莉珥諾的存在，將他聯繫在了隊伍之中即使，她被人稱救世者的男人俘獲了心在失意和惰性之中度過的每一天在那之中出現的身影宣告道『給你帶來僅有一次的機會。塗寫一切，重繪人生這種繪卷的機會。』,3,用戶明確表示喜歡男主角被置於不利情節、痛苦、恐懼或情感慘烈的情況中。推薦書籍的簡介描述男主在隊伍中被疏遠、僅有的精神支柱（青梅竹馬）也被奪走，處於失意與惰性的絕望狀態，完全符合用戶對「男主處於不利情節」以及「情感慘烈」的核心需求。
q4,"由於自己的胃口比較獨特的原因，喜歡男主被拋置於各種不利的情節或者感情中，也是因為這樣，喜歡看那些讓人看完后心緒難以平靜的小說，就我看過的來說，無職，re0，妹妹人生，異世界迷宮最深等，在某種程度上來說都有慘烈的一部分（感情上或者情節上都是），也沒有一定要轉生異世界，現實日常要是能描繪出這些來也很好了。
尤其那種男主能不斷被放置在痛苦或者恐懼之中，一邊流露出作者思考的文字的小說，再好不過。",89c53260-86f8-5f24-afaa-167f01c86c45,唯一的心愿,入間人間,10.7,完結,"戀愛, 懸疑, 復仇, 黑暗, 電擊文庫, 日本輕小說",與她相識是在彷彿還是昨日的學生時代。不需要付諸語言，我們也知道彼此的心意總是相通，這就是我們一直以來的日常。然後今天，我鼓起全部的勇氣，向她提出了求婚。我從下方惶恐地一點一點抬起臉，窺視她的反應，不料拜見到了非常稀罕的景象。她咧著嘴，露出看起來很壞心眼的滿臉傻笑。也就是、「我願意」、的意思？太好了！……就在這麼想的瞬間，沒想到竟然、竟然發生了那樣的事。接著，我的另一個人生就此開始。,3,用戶明確表示喜歡看男主角處於不利情境、痛苦或恐懼之中，且傾向於心緒難平、具有「慘烈」感的作品。推薦書籍的標籤包含「黑暗」與「復仇」，且簡介描述了從幸福求婚瞬間崩潰並開啟「另一個人生」的劇烈轉折，非常符合用戶對於男主陷入絕境與情感衝擊的偏好。
q5,"如題，想找像是overlord、無職這種，有龐大世界，多個國家部落，文化特色分明，歷史背景完整，沉浸感和史詩感強的小說，請問各位有沒有推薦的？希望是劍與魔法的世界，有多不同種族、魔物的那種（其實我不太確定這類型叫什麼，異世界感覺不太對，但叫奇幻又好像太廣泛了？

有很多web小說我都有看過，像是轉生成魔劍、轉生龍蛋、哥布林，他們雖然世界都足夠龐大，但是都有個web小說的通病，就是讀起來會有割裂感，無法讓人帶入那個世界中
而轉生蜘蛛雖然沒有那種割裂感，但是世界觀卻不太夠了，就只簡單分成教皇、妖精、魔王而已，希望能看到更多人類國家間的關係，還有更多魔物亞人種族的故事設定",83924061-a59c-5a2e-921b-fa9ec751b0cf,死亡後的再次転生，這算是好事嗎？,欞樺鹽,23.1,連載,"戰鬥, 奇幻, 異能, 戀愛, 後宮, 龍傲天, 格鬥, 群像, 冒險, 原生幻想, 華文輕小說",本該是臨死之人的我被告知可以再次轉生回原來的世界。在第一次轉生的世界中所向披靡，這次的第二次轉生我終於可以回到現代世界中。但與普通的世界好像又不同。異能者與妖精。古魔書與遺具。錯綜複雜的聯繫使我一步步挖掘這未知的深淵。於是，在這個怪異的世界裡，在這荒謬的事件中。我不斷見證。,1,用戶明確要求的是具有龐大世界觀、深厚歷史背景、多國政治糾葛且具備史詩感的「劍與魔法」高奇幻作品。而推薦的小說設定在現代世界的變體（都市奇幻），重點在於挖掘都市中的怪異事件與能力者，與用戶追求的古典奇幻世界體系及宏大敘事完全不符，僅在「轉生」與「奇幻」有表面上的重疊。
q5,"如題，想找像是overlord、無職這種，有龐大世界，多個國家部落，文化特色分明，歷史背景完整，沉浸感和史詩感強的小說，請問各位有沒有推薦的？希望是劍與魔法的世界，有多不同種族、魔物的那種（其實我不太確定這類型叫什麼，異世界感覺不太對，但叫奇幻又好像太廣泛了？

有很多web小說我都有看過，像是轉生成魔劍、轉生龍蛋、哥布林，他們雖然世界都足夠龐大，但是都有個web小說的通病，就是讀起來會有割裂感，無法讓人帶入那個世界中
而轉生蜘蛛雖然沒有那種割裂感，但是世界觀卻不太夠了，就只簡單分成教皇、妖精、魔王而已，希望能看到更多人類國家間的關係，還有更多魔物亞人種族的故事設定",bb8a5ff7-ebec-5ef0-bbdd-0bb3c6131d0d,怪人的沙拉碗,平坂読,66.0,連載,"魔法, 冒險, 戀愛, 歡樂向, 群像, 小學館, 日本輕小說",貧窮偵探•鏑矢惣助在跟蹤途中，遇見了會使用魔術的異世界皇女莎拉。惣助受情勢所逼，和莎拉展開了同居生活，不過莎拉很快地便習慣了現代日本的生活模式。另一方面，跟著莎拉傳送到現代日本來的女騎士莉薇亞，則是以遊民的身分，過起意外充滿歡樂的日子。這兩個異世界人積極勇敢地面對生命的態度，也日漸對惣助、鬼畜律師、分手業者、宗教家等生活在這塊土地上的奇葩人士們造成影響──平坂読×カントク聯手為這個時代打造的天下無雙群像喜劇，堂堂登場！,0,使用者明確要求具有龐大世界觀、史詩感、完整歷史背景且設定在『劍與魔法世界』的小說。而推薦的書籍是『逆異世界』設定，故事主軸發生在現代日本，屬於輕鬆的群像喜劇，完全不符合使用者對世界觀深度、史詩感及奇幻背景的需求。
q6,很喜歡看戰爭或戰記類型的小說，不要有魔法一發收拾或莫名其妙的神器，也別機械降神，主角可以強但不要把對手變白癡，暑假到了求書來啃，斷尾或沒完結也沒關係。,40cc5613-6aee-5421-b1e0-55fd13d3ffa0,神明渴求著遊戲。挑戰眾神之少年的終極鬥智競技,細音啟,49.2,連載,"遊戲, 鬥智, 冒險, 後宮, MF文庫J, 日本輕小說",人類VS眾神，至高無上的奇幻系鬥智競技！至高無上的眾神為了打發無聊而舉辦的究極鬥智競技──「眾神的遊戲」。從漫長冬眠中醒來的前神明少女蕾茜，一開口就做出如此宣言：「把這時代最會玩『遊戲』的人帶過來吧！」被帶來見她的是被譽為「近年最強新人」的少年斐伊。兩人一同挑戰的「眾神的遊戲」由於難度過高，尚未有人類成功通關。因為神明極為任性，非但不合理，有時還無法以常理來推斷。但是，正因如此有挑戰性，不打從心底樂於其中就太可惜了！天才遊戲少年、前神明少女與其他夥伴，合作挑戰最強神明的究極鬥智競技，即將開幕！,0,使用者明確要求的是「戰爭或戰記」類型的作品，而推薦的書籍屬於「鬥智遊戲」與「奇幻」類，核心主題完全不符，且書中涉及神明等奇幻元素，與使用者希望避開的傾向相反。
q6,很喜歡看戰爭或戰記類型的小說，不要有魔法一發收拾或莫名其妙的神器，也別機械降神，主角可以強但不要把對手變白癡，暑假到了求書來啃，斷尾或沒完結也沒關係。,cabcb274-9402-5607-b041-c42e3e4cb3ca,異度傳說 失落的一年,NAMCO,1.4,完結,"科幻, 戰爭, 機戰, 其他文庫, 日本輕小說",星團聯邦間權力的對抗，玩家將在戰役中發現一樁不尋常的恐怖陰謀...人類在捨棄地球後，便在外太空的行星各自組成新的國家，這些數以萬計的行星國家所構成的宇宙文明，就是星團聯邦。某一天，宇宙間突然出現了一個具有強大力量卻來路不明的團體，即使星團聯邦如此巨大的組織，也無法避免受到神秘集團Gnosis的攻擊，讓人類遭受到瀕臨滅絕的危機。於是星團聯邦也開始了一連串對抗GNOSIS的行動。,3,用戶明確要求戰爭或戰記類小說，且排斥魔法設定與低劣的劇情（如機械降神、對手白癡）。推薦書籍標籤包含「戰爭」與「機戰」，屬於科幻戰爭背景，符合用戶對戰爭類型的核心需求，且避開了用戶不喜歡的傳統奇幻魔法設定，是非常適合的推薦。
q6,很喜歡看戰爭或戰記類型的小說，不要有魔法一發收拾或莫名其妙的神器，也別機械降神，主角可以強但不要把對手變白癡，暑假到了求書來啃，斷尾或沒完結也沒關係。,dde11f91-2b1a-5ab5-b06b-a87e7dddf007,遊戲人生 NO GAME NO LIFE,榎宮佑,176.6,連載,"轉生, 遊戲, 鬥智, 冒險, 歡樂向, 妹妹, MF文庫J, 日本輕小說",空與白既是尼特族又是家裡蹲，但是在網路上卻是被奉為都市傳說的天才遊戲玩家兄妹。稱世界為「爛遊戲」的兩人，某一天被自稱是『神』的少年召喚至異世界，那是個戰爭為神所禁止，只能『用遊戲決定一切』的世界——沒錯，甚至連國界也是一樣。被其他種族逼至絕境，只剩下最後都市的『人類種』，空與白這兩個廢人兄妹能夠成為異世界的『人類救世主』嗎？『……來吧，開始遊戲吧。』,0,使用者明確要求的是「戰爭或戰記」類型的小說，且希望避免魔法或神力干預。而《遊戲人生》的核心設定是「禁止戰爭」且一切由遊戲決定，屬於奇幻鬥智類而非軍事戰爭類，與使用者的核心意圖完全相反。
q6,很喜歡看戰爭或戰記類型的小說，不要有魔法一發收拾或莫名其妙的神器，也別機械降神，主角可以強但不要把對手變白癡，暑假到了求書來啃，斷尾或沒完結也沒關係。,c72bd837-de8b-5294-9350-a78c06cc1cf4,地雷格力高,青崎有吾,13.9,完結,"校園, 遊戲, 鬥智, 女性視角, 角川文庫, 日本輕小說",由推理小說界旗手呈現的頭腦對決小說！在頰白高中就讀的射守矢真兔是一位擅長勝負對決的女高中生。為了爭奪文化祭屋頂的使用權，她不惜冒險爬上設置了陷阱的樓梯（「地雷格力高」），為了拯救卡牌部的困境，她挑戰了使用百人一首圖片牌進行的神經衰弱（「和尚衰弱」）。持續被捲入種種奇特遊戲中的她，她的命運和比賽的結果又將何去何從？,0,使用者明確要求的是「戰爭或戰記」類型的小說，而推薦的書籍是關於「校園鬥智與遊戲」的輕小說，兩者在主題、背景與核心意圖上完全不相關。
q6,很喜歡看戰爭或戰記類型的小說，不要有魔法一發收拾或莫名其妙的神器，也別機械降神，主角可以強但不要把對手變白癡，暑假到了求書來啃，斷尾或沒完結也沒關係。,593db363-b098-5f3a-bf40-107abdaf27f8,寂靜魔女 索姆斯沒人要中隊Reboot,築地俊彥,28.4,完結,"科幻, 機戰, 戰爭, 百合, 女性視角, 角川文庫, 日本輕小說",1939年。在正體不明的敵人「涅洛伊」侵略北歐之際，各國決定派遣被稱為魔女的魔女們。活躍在扶桑海事變中，成為國民英雄的穴拭智子，夢想著在激戰區卡爾斯蘭大顯身手，心中雀躍不已，但她的派遣目的地卻是遠離最前線的邊境國家索穆斯。「哼！ 你等著瞧吧！ 我要給你看個明白！」傷心欲絕的智子一個人奮起反擊軍部，但是被降職的這片土地上聚集的魔女都是各國的異類。沒有「幹勁」，沒有「能力」，沒有「毅力」。被稱為「沒人要的孩子」的少女們守護世界的戰鬥，現在開始了——,1,用戶明確要求避開魔法一發收拾、莫名其妙的神器以及機械降神，追求的是較為嚴謹或硬派的戰爭/戰記小說。推薦的書籍雖然標籤含有「戰爭」與「機戰」，但其設定涉及「魔女」，且從介紹看來具有濃厚的輕小說特徵（如「沒人要的中隊」等典型模版），與用戶希望「啃」的嚴肅戰記風格不符，且容易觸發用戶對魔法/超自然能力的排斥感。
q11,"最近人比較負面，
想看一些有共鳴的小說。
有沒有那種「我一個人爛就好了別搞其他人」的主角的輕小說？以前看大老師自暴自棄滿戳中我的。
宅宅現實找不到人取暖，希望能找輕小說取。",0dd411bf-fb39-5160-86fe-5a7517d4d71a,家裡蹲的弟弟,葦舟ナツ,15.9,完結,"青春, 戀愛, 電擊文庫, 日本輕小說",這個故事，給予了無處可去的念想以容身之所。若是讀完這本書後，你沒有絲毫感觸的話那麼在某種意義上，我覺得這是一件非常幸福的事——三秋縋,3,用戶目前心情負面，尋找能產生共鳴、具有孤獨感或自我犧牲傾向（類似《果青》大老師）的邊緣人主角。推薦書籍由擅長描寫憂鬱、心碎與孤獨感的三秋縋所著，且標題提及「家裡蹲」，在角色設定與情感基調上高度契合用戶追求的「共鳴」與「宅系孤獨」需求。
q11,"最近人比較負面，
想看一些有共鳴的小說。
有沒有那種「我一個人爛就好了別搞其他人」的主角的輕小說？以前看大老師自暴自棄滿戳中我的。
宅宅現實找不到人取暖，希望能找輕小說取。",127c9325-192f-58c5-b50d-c2924550c70a,一廂情願的思念無法傳達，最終只能煙消雲散,バネ屋,12.7,完結,"NTR, 戀愛, kakuyomu, Web輕小說",我的思念原來無足輕重，終究只是我的一廂情願。『我要讓這個人幸福。為了守護這恬靜的睡顏，我什麼都願意做。』 我曾發下如此誓言，並最終與她結婚了。然而，這份思念卻最終並未傳達給她。由全心付出的生活中構築起的幸福，因對方的背叛而輕易地土崩瓦解。在絕望與空虛之中，我又該走向何方？難道我，就真的無法獲得幸福嗎？在苦惱掙扎的前方，會有幸福在等待著我嗎？————————————————The NTR Strikes Back本文概括來說就是一句話，『放棄助人情結，尊重他人命運』,1,使用者尋找的是像《果青》大老師那樣，具有「為了不牽連他人而選擇自我孤立/自毀」這種特定性格特質的角色，以尋求共鳴與心靈慰藉。而推薦的書籍核心在於被背叛（NTR）後的絕望與創傷，雖然同樣具有負面基調，但主角的處境是「被動的受害者」而非「主動選擇爛掉的處世哲學」。此外，NTR 題材通常會增加心理壓力，與使用者希望「取暖」的初衷相悖。
q11,"最近人比較負面，
想看一些有共鳴的小說。
有沒有那種「我一個人爛就好了別搞其他人」的主角的輕小說？以前看大老師自暴自棄滿戳中我的。
宅宅現實找不到人取暖，希望能找輕小說取。",7fc28361-676c-50b3-861d-96636d547442,幸福移動餐車營業中！,高森美由紀,7.9,完結,"美食, 治癒, 輕文學, 其他文庫, 日本輕小說",柴田拓海是這部移動廚房餐車「＆」的主人。每天開著餐車來到不同地點，使用精心準備的當地食材，為許多煩惱的客人親手捏制美味的健康飯糰。市川茉奈在一家販售健康用品與食品的公司上班，私底下有個不為人知的煩惱：她是個「小胃王」，連一人份的餐點都吃不完，總被大家嫌棄。直到有一天，看見同事手中拿著一個飯糰，海苔香與飯香讓她走向了那台命運的移動餐車。讓茉奈吃驚的是，餐車裡站著的老闆，居然是童年時期的同學柴田拓海。茉奈發現，拓海製作的是讓人吃了之後會恢複元氣、無論面對工作或生活都變得更加愉快的飯糰。而拓海想要製作的料理，是全家都能吃的美味飯糰。他相信透過自己親手捏制的飯糰與心意，可以為更多人帶來幸福。後來，拓海邀茉奈休假時來餐車幫忙，茉奈協助拓海招呼客人、改良菜單標示與餐車設計，還為「＆」的店名延伸成「together：飯與菜的結合，人與人一同吃飯」。書中除了描寫兩人共同經營餐車，載著幸福飯糰前往青森各地美麗景點的時光，也有許多關於客人和茉奈同事的溫馨小故事……這時，拓海意外與昔日的廚師同事和也重逢，茉奈察覺到兩人過去的糾葛，並且因和也的出現，更了解拓海的過去。然而茉奈面臨到即將調去商品課的升職令，一旦調動就無法繼續來幫忙。最終她的選擇會是……,1,使用者明確要求能產生共鳴的、具有「自暴自棄」或「一個人爛就好了」特質的主角（如《果青》的大老師），尋求的是一種從負面情緒中獲得理解的共鳴感。而推薦的書籍是一部純粹的治癒系美食小說，主角設定正面且旨在為他人帶來幸福，與使用者要求的角色原型完全相反，無法提供該使用者所尋求的特定共鳴。
q11,"最近人比較負面，
想看一些有共鳴的小說。
有沒有那種「我一個人爛就好了別搞其他人」的主角的輕小說？以前看大老師自暴自棄滿戳中我的。
宅宅現實找不到人取暖，希望能找輕小說取。",252911f6-a03d-57b1-a7cb-8a6bccfe10c7,不幹了！我開除了黑心公司,北川惠海,10.8,完結,"奇幻, 職場, 青春, 戀愛, 治癒, 電擊文庫, 日本輕小說",──人，究竟是為了什幺而工作？受黑心公司摧殘、身心俱疲的隆，在跳軌自殺時，被名為「YAMAMOTO」的男子拯救了。隆對自稱是他小學同學的這名男子敞開心房，卻在受到對方不少幫助後，才發現真正的同學旅居海外。為何素不相識的陌生人，願意不計一切幫忙自己？當在意的隆用男子的名字在網路上搜尋後，發現一則男子在三年前因工作繁重而自殺的新聞……人生，是為了自己與自己重要的人而活。這篇溫柔的故事，給所有疲憊的上班族向前的勇氣。,2,用戶尋找的是像《大老師》那樣具有「自我犧牲/自暴自棄」特質且能產生共鳴的主角，而推薦的小說雖同樣涉及負面情緒（黑心公司、自殺傾向）與治癒主題，但其核心在於從職場壓力中解脫與自我救贖，而非用戶明確要求的「我一個人爛就好了」這種特定的人格特質或社交模式。雖然氛圍相近，但角色原型不完全符合。
q12,"想找一些日常系小說類型，希望劇情節奏安排和對話有趣些。
其它元素能接受百合、戀愛、生活、學校類型，有談話間交流劇情。",4bea7886-c394-5ce4-8495-73ee2a649d27,我與她,常青藤,5.9,完結,"戀愛, 校園, 青春, 歡樂向, 青梅竹馬, 治癒, 溫馨, 青春日常, 華文輕小說",我常常看天上的雲，她常常畫手中的畫。她的世界少了一半，儘管如此，她還是樂觀地笑著。我想，我必須寫下點什麼東西來記錄我與她的經歷，於是用蒼白無力的文字堆疊成這本《我與她》。這是一個，我難以忘卻的故事。,3,該書標籤包含「青春日常」、「校園」、「戀愛」及「歡樂向」，完全符合使用者對日常系、學校及戀愛元素的請求，且輕小說風格通常注重對話與生活化情節，與使用者需求高度匹配。
q14,"想求各位大大們，有沒有推薦以百合、女生友情、男女愛情這類的日本輕小說呢?

不太想要有奇幻、科幻、后宮、異世界這元素，有點太過氾濫不太想看
只要日常、青春的就可以了，有發糖的和胃痛我都可以~",c57fb8b6-128e-5b09-a9fc-910dc5e8ffd1,摩卡奇諾 ～小學生百合短篇集～,綾加奈,8.4,完結,"校園, 青春, 百合, 溫馨, 青梅竹馬, syosetu, Web輕小說",這是以小學生之間的感情為主題的短篇小說集。互相認為彼此閃閃發光，想要成為彼此的特別「秋天的小星星」自己最討厭的頭髮被一見鍾情了「吶，我的太陽公公」為了交到戀人時不會搞砸，開始與朋友接吻了「笨拙的我們今天也在練習親親」為了成為你的特別，我顧不上任何形式。「成為你特別的唯一一個無趣方法」最喜歡的姊姊的結婚對象出現了「姊姊的新娘」向只將周圍人當做背景的天才少女報一箭之仇「關於大早川花鷄這位少女」由月野二美所述說的姊妹回憶「五醬傳說」等等，共計九作的短篇收錄其中。小小的身體中所溢滿的巨大感情的故事。（在百合姬與PIXIV中的百合文藝小說大賽中的一部分應徵作品進行加筆修正後，再附加上四篇新內容。）,3,該書主題為百合、校園與青春，完全符合使用者對百合及日常青春的需求，且不含奇幻、科幻、后宮或異世界等排斥元素，是非常精確的推薦。
q15,"喜歡的類型 是異世界 轉生 重生 穿越 校園異能 幻想世界 劍與魔法 主角最強 多後宮 戰鬥要夠中二 都行
夠套路
要男主 一定要有戰鬥 後宮 沒後宮也沒關係但要有女主 如果主角拿的是劍我會更開心
不接受有沒男主的 例如蜘蛛又怎樣 能力值平均 怕痛的我
不接受虐主的 除了re 0 是因為動畫入坑的 除非前面虐後面很爽的這樣可以例如平職
需要裝逼讓我看的會高潮的 所以無職轉生我看不下去因為太真實太哭逼了",fe974300-b9dd-5195-8275-fde930e1bbd3,落第賢者的學院無雙 ~二度轉生的最強賢者於400年後的世界以魔劍御天下~,白石新,7.5,連載,"轉生, 魔法, 校園, 龍傲天, 後宮, 角川文庫, 日本輕小說",自絕望過去400年後——世界將被賢者征服。自現代轉生後，大賢者埃弗塔爾窮極一生研究魔導。但是得知才能受限的他，至死都充滿了絕望和悔恨。他原封不動地攜帶前世獲得的魔法知識和力量再次轉生到400年後的世界，並再次向魔導之顛揚帆起航。而且，400年的時間裡，魔法文明不斷衰退，他的魔法居然可以被稱為跨越次元的奇蹟——！「不好意思，我早就不做人了！」進入世界最強魔法學院的大賢者，所到之處，敵人不存！轉世賢者的爽快學院幻想譚，開幕！,3,該書完全符合用戶的所有要求：包含轉生、校園、幻想世界、劍與魔法等元素；主角設定為最強（龍傲天），且有後宮標籤；劇情主打「爽快」且具有強烈的裝逼/無雙傾向，完全避開了用戶不喜歡的虐主或過於現實的沉重感。與用戶需求的匹配度極高。
q15,"喜歡的類型 是異世界 轉生 重生 穿越 校園異能 幻想世界 劍與魔法 主角最強 多後宮 戰鬥要夠中二 都行
夠套路
要男主 一定要有戰鬥 後宮 沒後宮也沒關係但要有女主 如果主角拿的是劍我會更開心
不接受有沒男主的 例如蜘蛛又怎樣 能力值平均 怕痛的我
不接受虐主的 除了re 0 是因為動畫入坑的 除非前面虐後面很爽的這樣可以例如平職
需要裝逼讓我看的會高潮的 所以無職轉生我看不下去因為太真實太哭逼了",4a3a0d8b-b29c-5feb-bad6-0c582508ae1c,在異世界獲得超強能力的我，在現實世界照樣無敵 ～等級提升改變人生命運～,美紅,121.5,連載,"轉生, 校園, 魔法, 龍傲天, 後宮, 其他文庫, 日本輕小說",天上優夜是個從小便飽受殘忍對待的少年，在他對人生絕望時，『通往異世界的大門』竟為他打開了！大門的另一頭，是兇惡魔物橫行的【大魔境】──第一次進入異世界的優夜，獲得強到犯規的能力，他接連討伐魔物，等級一再上升……最後脫胎換骨變成擁有最強體能、無懈可擊的少年！在異世界裡，他從魔物手中救出公主，成為全國上下人們熱烈討論的話題人物……？在現實世界中，也有許多女孩子開始對他展開熱烈追求……！？異世界×現實世界，等級提升的少年在兩個世界大開外掛──逆轉人生的奇幻故事，就此拉開序幕！,3,該書完美契合用戶的所有核心需求：包含異世界、校園、最強主角（龍傲天）、後宮以及戰鬥元素。情節設定為從受欺負到獲得超強能力後逆轉人生，完全符合用戶要求的「裝逼」與「爽快感」，且明確為男主視角，無虐主傾向。
q17,"求推薦世界觀建構完整
主角很清楚當下該做甚麼
是不太希望主角輕鬆拿到一堆外掛這種的
然後也蠻喜歡主角大意、失誤或忘記重要信息導致危機感這種狀況發生
非戰鬥類主角也可以，感覺這類主角穿越的比較多?
但是如果是一個高中生通十八般武藝心理素質又特好的就不要",25e307af-c351-551f-950d-824bcde44978,少女撿骨師,八千子,62.4,連載,"懸疑, 推理, 原生幻想, 華文輕小說",西方鑒識科學 x 東方民俗信仰！繼承家中撿骨(二次葬)事業的美少女，即將解開各種離奇難解的事件——★人氣插畫家VOFAN擔綱人設、封面！★好評推薦奇幻小說家（喬治馬丁地球人獎首屆得主）／余卓軒奇幻、驚悚、浪漫、科幻全方位作家／星子「本故事不會以驚悚嚇人的案件為賣點，更為著重在人情方面，希望能讓推理小說普遍灰暗的風格中映照更多人性曙光。」——新生代小說家／八千子★本書《地火明疑》獲得108年度文化部青年創作補助【內容簡介】我和妹妹一槭經營父親留下的禮儀公司，過著生意慘淡的貧窮生活。在這樣的某一天，安排近日開棺撿骨的家屬突然來訪——對方的孫女宣稱，她妹妹無法從爺爺過世的傷痛中走出，一直堅信著爺爺會復活，而且隨著開棺日接近，行為變得越來越詭異。一槭察覺事有蹊蹺，在「復活」背後隱藏的謎團究竟是？另一方面，附近的巡警翁叔給我看了兩張照片，照片上是焦黑的木板，詭異的是上頭卻留有人形輪廓般的印記。沒過多久，同樣的木板接連被發現，案情逐漸往連續殺人案的可能發展……,2,該書主角為專業的撿骨師，而非使用者排斥的「全能高中生」，且設定結合了鑑識科學與民俗信仰，具備獨特且完整的世界觀建構。故事屬於推理懸疑類，非戰鬥導向，且不涉及輕鬆獲取外掛的設定。雖然簡介中未明確提到主角會失誤，但此類作品通常透過調查過程中的線索缺失或誤判來營造危機感，與使用者的核心需求高度契合。
q17,"求推薦世界觀建構完整
主角很清楚當下該做甚麼
是不太希望主角輕鬆拿到一堆外掛這種的
然後也蠻喜歡主角大意、失誤或忘記重要信息導致危機感這種狀況發生
非戰鬥類主角也可以，感覺這類主角穿越的比較多?
但是如果是一個高中生通十八般武藝心理素質又特好的就不要",70e8a2e9-e384-56b0-8118-f296ed9cca71,戀與禁忌的述語論理,井上真偽,15.9,完結,"懸疑, 戀愛, 推理, 講談社, 日本輕小說",真相乃是，可以演算的。大學生詠彥前來拜訪他身為天才數理邏輯學家的小姨，硯小姐。為了讓這位三十多歲的單身美女，證明本應被名偵探決了的殺人事件之真相解。詠彥一次次帶來了不同的案件——「親手製作的料理是殺意還是祝福？」「『幽靈的證明』能否鎖定絞殺犯的身份？」「雙胞胎中『哪一個』犯下了兇案？」——以及解決這些案件的，個性過於鮮明的名偵探們。站在人類所有思維活動之頂點的數理邏輯學家硯小姐，能否將全部謎題一一證明!?,1,用戶希望看到完整世界觀，以及主角雖然有能力但會因大意或失誤而產生危機感的劇情，且明確排斥無敵的高中生設定。推薦的書籍是一部現代背景的邏輯推理小說，雖然符合「非戰鬥類」且避開了「無敵高中生」的設定，但其核心在於天才邏輯學家解決謎題，缺乏用戶所追求的「因失誤導致危機」的張力，且現實背景的世界觀並不符合用戶對「世界觀建構」的期待。
q17,"求推薦世界觀建構完整
主角很清楚當下該做甚麼
是不太希望主角輕鬆拿到一堆外掛這種的
然後也蠻喜歡主角大意、失誤或忘記重要信息導致危機感這種狀況發生
非戰鬥類主角也可以，感覺這類主角穿越的比較多?
但是如果是一個高中生通十八般武藝心理素質又特好的就不要",c5e8dd20-ee8f-5369-ab90-fe6cb93e3408,上癮謎題,白井智之,24.0,完結,"懸疑, 驚悚, 獵奇, 黑暗, 其他文庫, 日本輕小說",只要填飽肚子，推理起來就萬無一失的名偵探艾力克斯，某天突然跟媽媽一起消失了。三個月後，身為艾力克斯助手的小說家提姆，到酒吧去見黑幫老大霍爾。很久以前，艾力克斯和提姆曾在非洲惹惱了霍爾，幾乎可以說是經歷了九死一生的危機，好不容易才逃出生天。這次，把艾力克斯抓走的，難道是霍爾嗎？（美食偵探消失了）偶像派大胃王小丸子在參加「海蟑螂大胃王比賽」的時候，不幸過世了。存放海蟑螂的桶子里，似乎被下了毒。在活動中擔任主持人的肉汁進，為了查明真相開始動起來了……（小豆豆與強寶）異想天開的故事設定、技巧絕妙的鋪排，造就徹底炸裂的精采故事！,1,使用者明確要求『世界觀建構完整』且傾向於『主角會因大意或失誤導致危機感』的劇情。推薦的書籍《上癮謎題》是一部懸疑驚悚的短篇集/系列推理小說，其重點在於奇葩的設定與推理技巧，而非深厚的世界觀建構，也未體現出使用者要求的『主角因失誤而陷入危機』的特定角色成長或劇情模式。雖然避開了『全能高中生』的雷點，但與核心需求契合度較低，僅有初步的類型重疊。
q17,"求推薦世界觀建構完整
主角很清楚當下該做甚麼
是不太希望主角輕鬆拿到一堆外掛這種的
然後也蠻喜歡主角大意、失誤或忘記重要信息導致危機感這種狀況發生
非戰鬥類主角也可以，感覺這類主角穿越的比較多?
但是如果是一個高中生通十八般武藝心理素質又特好的就不要",7b841e53-780d-540f-b8f7-9f266b0afddd,謀殺克拉拉,小林泰三,11.2,完結,"奇幻, 懸疑, 黑暗, 鬥智, 大逃殺, 其他文庫, 日本輕小說",100%想像不能的真相，挑動神經的心理戰童話王國的邪惡殺人計畫，等待你「上線」破解！★經典童話《胡桃鉗》（暗黑版） ╳ 大逃殺GAME推理★暢銷話題作《謀殺愛麗絲》姊妹篇要是在地球找不到樂趣，不如前往「另一個世界」奪回屬於你的故事？理科研究生井森建，經常做詭異的夢。在夢裡，他是一隻叫「比爾」的蜥蜴，與名為愛麗絲的女孩和各種奇妙的生物，一起住在不可思議王國。然而，一天夜裡，他不小心迷路，來到國境外的一座翠綠的山上，遇見輪椅美少女克拉拉和老爺爺，對方提議：我們在「另一邊」也見個面吧。翌日早晨，井森果然在大學的校門前碰上自稱「克拉拉」的女生。她告訴井森，前陣子遭遇車禍，肇事者逃逸，之後就不斷收到恐嚇信，威脅要取她性命……井森該如何找出兇手，保護兩個世界的克拉拉？,2,主角是理科研究生而非全能高中生，符合使用者對主角設定的需求。故事涉及心理戰、推理與大逃殺，具有高度危機感且非單純的戰鬥類作品，且沒有提及輕鬆獲得外掛。雖然簡介未明確指出主角會因大意而失誤，但整體調性與使用者的偏好（非戰鬥、有危機感、非完美主角）相當接近。
q17,"求推薦世界觀建構完整
主角很清楚當下該做甚麼
是不太希望主角輕鬆拿到一堆外掛這種的
然後也蠻喜歡主角大意、失誤或忘記重要信息導致危機感這種狀況發生
非戰鬥類主角也可以，感覺這類主角穿越的比較多?
但是如果是一個高中生通十八般武藝心理素質又特好的就不要",ba0790bb-98ef-5b2f-b088-98474f624cf2,怪盜弗拉努爾的巡迴,西尾維新,35.2,連載,"懸疑, 鬥智, 犯罪, 講談社, 日本輕小說",令和的怪盜，解謎也是犯行的一部分。已故父親的真實身份是舉世聞名的大怪盜——!?身為家中長子的「我」，為了受傷的弟妹與親愛的奶媽而繼承名號，成為第二代怪盜弗拉努爾。開始進行物歸原主的「歸還活動」。下一個目標是天才研究者集結的海底大學。原本以為可以順利潛入，然而唯一逮捕過初代弗拉努爾的幹練刑警，以及新世代名偵探都阻擋在「我」的面前，還發生了不可能的犯罪！第二代怪盜弗拉努爾能否解開許多謎題完成任務？震撼的怪盜推理作品就此開幕！,3,這本書屬於鬥智與懸疑類，符合使用者對「非戰鬥類主角」及「非全能高中生」的偏好。故事強調解謎與面對強大對手（幹練刑警、名偵探），而非依賴外掛輕鬆獲勝，且劇情中提到原以為順利卻遭遇阻礙，能提供使用者期待的危機感與挑戰性。雖然世界觀建構的完整度從簡介無法完全確定，但整體氛圍與主角設定高度契合使用者的核心需求。
q17,"求推薦世界觀建構完整
主角很清楚當下該做甚麼
是不太希望主角輕鬆拿到一堆外掛這種的
然後也蠻喜歡主角大意、失誤或忘記重要信息導致危機感這種狀況發生
非戰鬥類主角也可以，感覺這類主角穿越的比較多?
但是如果是一個高中生通十八般武藝心理素質又特好的就不要",dbb93b6e-1b1b-52ab-8d12-9367da749fde,逃殺競技場,土橋真二郎,33.2,完結,"懸疑, 遊戲, 鬥智, 大逃殺, 黑暗, 電擊文庫, 日本輕小說",「請各位在門另一邊的競技場互相殘殺。」少女一醒來，眼前是前所未見的空間。有人給了她手槍和刀子，強制她與其他人互相殘殺。這是一場被籌畫好的殘忍死亡遊戲。被一同集結而來的三十人中，僅有一人能活下去──某日，高中生萩原悠人得知本應已自殺身亡的同學月島伊央，參加了名為「競技場」的死亡遊戲。雖然悠人和同班同學們一起從外部支援伊央，試圖成功破解遊戲……被一起集結至此的三十個人之間的共通點，將成為令人恐懼的真實攤在悠人一行人面前！令人目不轉睛的學園逃生懸疑小說！,2,該書標籤為「鬥智」與「懸疑」，符合使用者不希望主角依賴外掛、追求策略思考的需求。主角雖為高中生，但定位於破解遊戲與支援，而非使用者排斥的「全能武藝高手」。大逃殺類作品通常具有高度緊張感且容易出現因失誤導致的危機，與使用者喜好相符。然而，簡介中對「世界觀建構完整度」的描述不足，無法確定是否完全滿足該項核心要求。
q17,"求推薦世界觀建構完整
主角很清楚當下該做甚麼
是不太希望主角輕鬆拿到一堆外掛這種的
然後也蠻喜歡主角大意、失誤或忘記重要信息導致危機感這種狀況發生
非戰鬥類主角也可以，感覺這類主角穿越的比較多?
但是如果是一個高中生通十八般武藝心理素質又特好的就不要",fd7faa70-9932-5cf1-85fc-75a87f322abd,密室殺人遊戲,歌野晶午,50.5,完結,"懸疑, 犯罪, 鬥智, 講談社, 日本輕小說",頭狂人、044APD、AXE、殘虐君、伴道全教授——有著奇妙綽號五人在網上開展殺人推理遊戲競賽。對殺人方式、密室詭計、不在場證明等進行推理。與普通競賽唯一不同的是，他們在網上進行的推理競賽，是由出題人親自實行以真實世界的殺人案為藍本進行推理的……,2,該書屬於鬥智與懸疑類，符合使用者對「非戰鬥類主角」及「不希望有外掛」的需求。主角群身為推理競賽者，符合「清楚該做什麼」的特質，且鬥智類作品通常包含因資訊偏差或失誤而產生的危機感，避開了使用者討厭的「全能高中生」設定。唯在「世界觀建構」方面，此類現代懸疑作品的建構深度通常不如奇幻或科幻作品，可能未完全滿足使用者對世界觀完整度的期待。
q18,"我最近剛看了龍王的工作的小說
雖然不懂將棋，但覺得對局的刻劃很棒
能看到將棋解說
也會側面描寫一些職業棋士、女流棋士的差別和情況

最喜歡的部分是銀子挑戰獎勵會那邊
書裡描寫的女性棋士會被小看的部分
那種低人一等、逆境求生的感覺做得很真實(?不會形容，總之很有代入感
銀子加油，不要輸給將棋星人!

希望各位能分享一些好看的將棋小說!!",ff3cf726-e940-59e0-80e2-a6b6f6a3a583,生存以上，戀愛未滿 ～ 在日本難以維持生計的我怎能與你們戀愛,中正,13.7,連載,"戀愛, 後宮, 校園, 歡樂向, 妹妹, JK, 蘿莉, 群像, 宅文化, 青春, 青春日常, 華文輕小說",因雙親離世而被迫滯留日本的中國留學生澤野軒，正在用秒錶掐算著人生的每一秒：清晨在為便利店的日結狂奔，為了生計放學後在料亭中打工到最終電車，深夜靠心靈寄託的虛擬主播「鹿乃」續命，還要供養尚在中國的妹妹。正當他以為自己早被生存壓力榨乾了心跳，身邊卻突然傳來了無數心跳信號——元氣滿滿的學妹真澄來瑠點著腳尖展示著「絕對領域」的校服，甜甜的聲音賽過蜜糖：「前輩！來瑠也考上東京都立了！這下前輩真成來瑠的前輩了！」溫柔羞澀優等生班長萩原咲良紅著臉遞交出自己的筆記，輕輕的問道：「數學輔導的約定，還作數嗎？」小壞打工搭檔青山真空晃著萌袖笑著調侃道：「軒君，猜到今天胖次顏色就免單哦？要作弊看看嗎？」兄控妹妹澤野星洛突襲的宣言道：「老哥！我也考上東京都立了！今晚開始同居吧——」現充辣妹綾瀨奈奈子撕下社交面具，指尖輕輕划過他的課本：「軒，這道戀愛方程式…可以手把手教人家嗎？」蘿莉唱見星野彩音縮在播音室角落，軟萌的聲線與軟萌的鹿乃完美重疊：「哥哥……可以陪彩音唱歌嗎？」青梅天然呆大小姐，直球交換生後輩也將陸續加入戰局?!不是?! 我還要打工啊喂！下個月的房租要交不上了！當生存與心跳的警報同時拉響——這場東京都立的戀愛生存戰。拒絕BE！一場混亂紛擾的戀愛喜劇就此展開！,0,使用者明確要求推薦『將棋小說』，且對對局刻劃與職業棋士的描寫感興趣。而推薦的書籍是一部校園後宮戀愛喜劇，內容與將棋完全無關，完全不符合使用者的核心需求。
q18,"我最近剛看了龍王的工作的小說
雖然不懂將棋，但覺得對局的刻劃很棒
能看到將棋解說
也會側面描寫一些職業棋士、女流棋士的差別和情況

最喜歡的部分是銀子挑戰獎勵會那邊
書裡描寫的女性棋士會被小看的部分
那種低人一等、逆境求生的感覺做得很真實(?不會形容，總之很有代入感
銀子加油，不要輸給將棋星人!

希望各位能分享一些好看的將棋小說!!",5a0193bb-c824-57b7-adbc-aa8a282ad90d,精英 ELITE,三月みどり,9.8,完結,"音樂, 校園, 青春, 戀愛, 青梅竹馬, 女性視角, MF文庫J, 日本輕小說",我──綾瀨咲是個認真的人，從小就乖乖聽媽媽的話，也很拚命練習演戲。我也很用功念書，成功地成為大家認同的「模範生」。我的演技會變得更好更棒，長大之後會成為大明星！我一直以為這樣的夢想也一定會實現。可是，「模範生」的演技被說乏善可陳，我身為童星的工作越來越少了。我一直靠收到的粉絲信鼓勵自己不要放棄，繼續努力──但看到七瀨玲奈的演技後，我終於明白了──啊啊，這就是所謂的「天才」。苦惱的模範生為了再次向前邁進的青春在此揭開序幕！,0,用戶明確要求推薦「將棋小說」，且強調對將棋對局刻劃與職業棋士環境的興趣。而推薦的書籍《精英 ELITE》主題是關於演戲、校園與青春成長，完全不涉及將棋，與用戶的核心意圖完全不符。
q18,"我最近剛看了龍王的工作的小說
雖然不懂將棋，但覺得對局的刻劃很棒
能看到將棋解說
也會側面描寫一些職業棋士、女流棋士的差別和情況

最喜歡的部分是銀子挑戰獎勵會那邊
書裡描寫的女性棋士會被小看的部分
那種低人一等、逆境求生的感覺做得很真實(?不會形容，總之很有代入感
銀子加油，不要輸給將棋星人!

希望各位能分享一些好看的將棋小說!!",83924061-a59c-5a2e-921b-fa9ec751b0cf,死亡後的再次転生，這算是好事嗎？,欞樺鹽,23.1,連載,"戰鬥, 奇幻, 異能, 戀愛, 後宮, 龍傲天, 格鬥, 群像, 冒險, 原生幻想, 華文輕小說",本該是臨死之人的我被告知可以再次轉生回原來的世界。在第一次轉生的世界中所向披靡，這次的第二次轉生我終於可以回到現代世界中。但與普通的世界好像又不同。異能者與妖精。古魔書與遺具。錯綜複雜的聯繫使我一步步挖掘這未知的深淵。於是，在這個怪異的世界裡，在這荒謬的事件中。我不斷見證。,0,使用者明確要求推薦關於「將棋」的小說，且在意對局刻劃與職業棋士的描寫。推薦的書籍是一部關於轉生、異能與戰鬥的奇幻輕小說，完全沒有涉及將棋或相關主題，與用戶意圖毫無關聯。
q18,"我最近剛看了龍王的工作的小說
雖然不懂將棋，但覺得對局的刻劃很棒
能看到將棋解說
也會側面描寫一些職業棋士、女流棋士的差別和情況

最喜歡的部分是銀子挑戰獎勵會那邊
書裡描寫的女性棋士會被小看的部分
那種低人一等、逆境求生的感覺做得很真實(?不會形容，總之很有代入感
銀子加油，不要輸給將棋星人!

希望各位能分享一些好看的將棋小說!!",0709f004-b688-5e64-be70-6ef7de47f300,食戟之靈 ～a la carte～,伊藤美智子,12.1,連載,"美食, 校園, 青春, 競技, 群像, 集英社, 日本輕小說",「遠月學園」放連假了！住在極星寮里的學生們，各自安排了假期計畫。幸平要回老家，一色學長則是留下來照顧極星田，惠要參加「鄉土料理研究會」的集訓……大家的假期似乎還是和料理脫離不了關係？在假期中又會發生什麼事呢？收錄了『惠的旅程』、『巧的庶民對決』、『失落的食譜』、『靜謐的極星寮』和番外篇『魔法☆高麗菜』等短篇，揭露他們在住宿研習結束後的連續假期里所發生的故事。,0,用戶明確要求推薦關於「將棋」的小說，而推薦的書籍《食戟之靈 ～a la carte～》是關於美食與烹飪競技的作品，兩者主題完全不相關。
q18,"我最近剛看了龍王的工作的小說
雖然不懂將棋，但覺得對局的刻劃很棒
能看到將棋解說
也會側面描寫一些職業棋士、女流棋士的差別和情況

最喜歡的部分是銀子挑戰獎勵會那邊
書裡描寫的女性棋士會被小看的部分
那種低人一等、逆境求生的感覺做得很真實(?不會形容，總之很有代入感
銀子加油，不要輸給將棋星人!

希望各位能分享一些好看的將棋小說!!",aeeef4c9-0b14-5851-bd57-0cd6974d7591,K官方小說,合作,60.2,完結,"奇幻, 異能, 戰鬥, 群像, 講談社, 日本輕小說",五卷小說作者分別是：古橋秀之來樂零宮澤龍生壁井有可子字野耕平「青之王」宗像禮司、拔劍！「Scepter4」——以青色王盟與青之王宗像禮司為中心的故事，在此揭開序幕。由「青之王」宗像禮司率領的反超能者維安組織「Scepter4」。其隊部一隅，一間幾乎被遺忘的資料室中，駐守著一名擁有巨大身軀的獨臂男子，善條剛毅。散發不容小覷氣勢的他，原來是會效忠上一代「青之王」的拔刀術達人。住深夜無人的道場內指導新進隊員楠原剛劍術的善條。此時，室長宗像禮司帶著莫測高深的淺笑出現在他們面前。「『惡鬼善條』的劍術指導——能不能也和我分享一下呢。」,0,使用者明確要求推薦「將棋小說」，並希望看到關於對局刻劃及棋士生活的內容。而推薦的書籍《K官方小說》是一部關於異能、戰鬥與奇幻的輕小說，與將棋完全無關。
q18,"我最近剛看了龍王的工作的小說
雖然不懂將棋，但覺得對局的刻劃很棒
能看到將棋解說
也會側面描寫一些職業棋士、女流棋士的差別和情況

最喜歡的部分是銀子挑戰獎勵會那邊
書裡描寫的女性棋士會被小看的部分
那種低人一等、逆境求生的感覺做得很真實(?不會形容，總之很有代入感
銀子加油，不要輸給將棋星人!

希望各位能分享一些好看的將棋小說!!",bb8a5ff7-ebec-5ef0-bbdd-0bb3c6131d0d,怪人的沙拉碗,平坂読,66.0,連載,"魔法, 冒險, 戀愛, 歡樂向, 群像, 小學館, 日本輕小說",貧窮偵探•鏑矢惣助在跟蹤途中，遇見了會使用魔術的異世界皇女莎拉。惣助受情勢所逼，和莎拉展開了同居生活，不過莎拉很快地便習慣了現代日本的生活模式。另一方面，跟著莎拉傳送到現代日本來的女騎士莉薇亞，則是以遊民的身分，過起意外充滿歡樂的日子。這兩個異世界人積極勇敢地面對生命的態度，也日漸對惣助、鬼畜律師、分手業者、宗教家等生活在這塊土地上的奇葩人士們造成影響──平坂読×カントク聯手為這個時代打造的天下無雙群像喜劇，堂堂登場！,0,使用者明確要求推薦『將棋小說』，且特別提到喜歡職業棋士的刻劃與逆境求生的主題。推薦的書籍《怪人的沙拉碗》是一部關於魔法與異世界人的群像喜劇，與將棋完全無關。
q18,"我最近剛看了龍王的工作的小說
雖然不懂將棋，但覺得對局的刻劃很棒
能看到將棋解說
也會側面描寫一些職業棋士、女流棋士的差別和情況

最喜歡的部分是銀子挑戰獎勵會那邊
書裡描寫的女性棋士會被小看的部分
那種低人一等、逆境求生的感覺做得很真實(?不會形容，總之很有代入感
銀子加油，不要輸給將棋星人!

希望各位能分享一些好看的將棋小說!!",c102ef4e-7688-5bdd-b563-e9638fc502ad,要聊聊戀話題嗎,三上康明,7.9,連載,"校園, 青春, 戀愛, 群像, 其他文庫, 日本輕小說",地方小城的冬天。高中生檜山滿在補習班裡，與三位素不相識的學生被分到了同一間教室——一場考試中的突然停電，將四人聯繫在了一起。一次微不足道、本應轉瞬即逝的偶然事件，卻讓他們由此相遇，彼此吸引。抬頭望去，雪花正從灰色的天空飄落……聖誕夜，神野若葉說道：「我一直覺得，只要相信，奇蹟或許就會發生……但若是不信，那麼即便奇蹟真的降臨，也只會被當作……偶然。僅有一次的、令人傷感的偶然。」十七歲的年紀，他們為未來而深深煩惱，也為戀愛而傾盡全力。這是一段充滿懷舊氣息的純愛故事。,0,使用者明確要求推薦關於「將棋」的小說，且在意對局刻劃與職業棋士的生存狀態。推薦的書籍是一部純粹的校園青春戀愛故事，完全沒有涉及將棋或任何相關元素，與使用者意圖完全不符。
q18,"我最近剛看了龍王的工作的小說
雖然不懂將棋，但覺得對局的刻劃很棒
能看到將棋解說
也會側面描寫一些職業棋士、女流棋士的差別和情況

最喜歡的部分是銀子挑戰獎勵會那邊
書裡描寫的女性棋士會被小看的部分
那種低人一等、逆境求生的感覺做得很真實(?不會形容，總之很有代入感
銀子加油，不要輸給將棋星人!

希望各位能分享一些好看的將棋小說!!",0a16a5cf-8dee-57bb-8c9f-82b94a6af83f,世上最好的青梅竹馬,우비람,86.8,連載,"奇幻, 轉生, 青梅竹馬, 後宮, 戰鬥, 戀愛, 群像, novelengine, 韓國輕小說",出身名門的我背叛了武林，加入天魔最後破滅。這一世我是否能走上正軌？,0,使用者明確要求推薦與「將棋」相關的小說，但推薦的書籍是一部關於武林轉生與戰鬥的奇幻韓國輕小說，兩者在主題、類型與核心意圖上完全不相關。
q20,本人喜歡偏重人物心理描寫、人物互動和角色變化的作品，較偏執在人物塑造和刻劃上。劇情不要求設計得有多精妙，不影響觀感就好，就算是平鋪直述的也行。節奏快慢無妨，掌握恰當即可。本人對於自己的閱讀能力還算有信心，文字量稍微過多也沒差。大忌是拿膚淺粗俗爛造的刻板僵化人物作為行銷點。,7441e00c-6689-5c9e-a382-e5289b0fe791,不跟男生交往的話就無法轉大人了喔,午夜藍,26.4,完結,"校園, 青春, 戀愛, 歡樂向, 青春日常, 華文輕小說",寫給初戀的輕小說情書意外成為出道作，但作為情書的用途，這本輕小說沒派上任何用場，因為他告白被拒絕了。梁文也，高二生，與普通高中生不同的是，他有個隱藏的輕小說作家身份。但此時，他卻面臨了作家生涯的困境，那就是他的第二套書竟寫不出半個字！原因就出在女主角上，文也找不到像初戀那樣完美的蘿莉（體型）。為了解決困難，他在好朋友初夏的推薦下，邂逅了神秘的月兔仙女。「我是要帶給你們緣分的幸福之神。」願望實現了，月兔把梁文也的同班同學許若晴變成了幼女。秋末，那不可思議中帶點歡樂與些許青春惆悵的戀愛故事，正式開始……,1,使用者明確要求深層的人物心理描寫與角色成長，且特別強調厭惡「刻板僵化」的人物設定。推薦的作品是一部典型的輕小說，其設定（將女同學變為幼女）屬於高度公式化且標籤化的套路，傾向於輕鬆歡樂的氛圍，而非深度的心理挖掘，與使用者的核心需求嚴重不符，甚至觸及使用者的避雷點。
q20,本人喜歡偏重人物心理描寫、人物互動和角色變化的作品，較偏執在人物塑造和刻劃上。劇情不要求設計得有多精妙，不影響觀感就好，就算是平鋪直述的也行。節奏快慢無妨，掌握恰當即可。本人對於自己的閱讀能力還算有信心，文字量稍微過多也沒差。大忌是拿膚淺粗俗爛造的刻板僵化人物作為行銷點。,61dfe1e2-c63f-5731-a0b4-eb0815a292b1,友情，親情，戀情所編織的青春,光子yexi,47.6,連載,"戀愛, 校園, 青春, 青春日常, 華文輕小說",【我一直覺得，自己是個自私的偽善者。】小時候，我在雪地中撿到了一個奄奄一息的女孩，一直沒有朋友的我因為渴望得到朋友而將她帶回家，和她成為了兄妹，並立下了無論身處何方，都一定會找到她的約定。然而我失約了，作為哥哥，我沒能保護好她，在那之後，我陷入了深深地自責中七年後，我升入了高中。就在我以為，高中生活也將和以往一樣，自己的青春終究只能在罪惡感和自責中度過的時候，意想不到的邂逅開始了……這是屬於一個自稱哥哥的少年——悠木星夜，以及他身邊的人們的友情，親情，戀情編織而成的青春故事。【致一直前進著的你】,3,用戶核心需求是深入的人物心理描寫、互動與角色變化，且不在意劇情是否複雜。推薦作品的簡介明確提到主角對自我的心理定義（自私的偽善者）以及深層的自責感，並強調透過友情、親情、戀情來編織故事，這高度符合用戶對「人物塑造」與「心理刻劃」的偏好，且青春日常類作品通常較偏重人物互動而非複雜劇情，與用戶需求契合。
q20,本人喜歡偏重人物心理描寫、人物互動和角色變化的作品，較偏執在人物塑造和刻劃上。劇情不要求設計得有多精妙，不影響觀感就好，就算是平鋪直述的也行。節奏快慢無妨，掌握恰當即可。本人對於自己的閱讀能力還算有信心，文字量稍微過多也沒差。大忌是拿膚淺粗俗爛造的刻板僵化人物作為行銷點。,9c57a510-c12c-5fb0-aad1-9ef41e9c20b6,你的故事,三秋縋,13.3,完結,"輕文學, 科幻, 青春, 戀愛, 其他文庫, 日本輕小說",因為某種差錯，被植入了架空的青春時代記憶的孤獨青年·天谷千尋在那個夏天與並非實際存在的青梅竹馬·夏凪燈花相逢。「看來你忘卻了很多啊」——對疑惑不解的千尋，燈花如是說道。這是一段在相逢前就一直持續著，在開始前卻已然拉下帷幕的泡沫之戀。,3,用戶的核心需求是深度的人物心理描寫、互動與角色塑造，且排斥膚淺刻板的人物。推薦書籍標記為「輕文學」，且其劇情設定（虛構記憶、孤獨青年、泡沫之戀）傾向於探討情感與存在感，具有較強的心理探索潛力，符合用戶對角色刻劃而非純劇情驅動的偏好。
q22,"就是不後宮不NTR純純的戀愛作品 虐也行 比較希望校園類 其他類型也可以介紹看看 最近看一堆異世界後宮戰鬥有點膩了......
還有兄妹的作品 滿喜歡兄妹類型的 隨便丟一張圖",44035ea4-d0d3-5c7b-83a2-733b029d68b8,妹妹的美少女朋友是個不諳世事的不良JK 照顧她後反倒纏上了我,マリパラ,7.3,連載,"青春, 戀愛, JK, 妹妹, 歡樂向, 富士見文庫, 日本輕小說",哥哥就是那個讓我成長為大人的男人！結婚吧！戀愛經驗為零的大學生上條司的房間，成了升入高中以不良少女出道的妹妹和她的朋友們的聚會場所。有一天，他發現床上鼓起一團，掀開被子一看，妹妹的朋友中最漂亮的美少女繪梨花正在睡覺。「啊，對不起……我生理期來了感到特別困」「說得太赤裸裸了……」上條司無法對不諳世事又自由奔放的她置之不理，給她灌輸禮儀和常識。愛上上條司的繪梨花毫不掩飾「喜歡」的心情而發起攻勢！另一方面上條司也為拚命學習的她的坦率而感動……。不良少女JK與好管閑事大學生的戀愛生活，開幕！,3,使用者要求非後宮、非NTR的純愛作品，偏好校園設定且對兄妹相關主題感興趣。推薦作品為校園純愛，主角與妹妹的朋友發展感情，完全避開了使用者厭煩的異世界、後宮與戰鬥元素，符合其核心需求。
q18,"我最近剛看了龍王的工作的小說
雖然不懂將棋，但覺得對局的刻劃很棒
能看到將棋解說
也會側面描寫一些職業棋士、女流棋士的差別和情況

最喜歡的部分是銀子挑戰獎勵會那邊
書裡描寫的女性棋士會被小看的部分
那種低人一等、逆境求生的感覺做得很真實(?不會形容，總之很有代入感
銀子加油，不要輸給將棋星人!

希望各位能分享一些好看的將棋小說!!",f3ddf4a9-1f91-5d20-888d-34023f2cf9c0,不覺得村莊建造遊戲的NPC也是活生生的人嗎？,晝熊,45.4,完結,"奇幻, 遊戲, 經營, 群像, syosetu, Web輕小說",超過30歲的家裡蹲兼啃老族「良夫」收到了寄件人不明的包裹，內容物是名為『命運之村』的遊戲光碟，認為是靠抽獎的興趣而得到的遊戲，以輕鬆的心情載入遊戲，開始了能與真人版相提並論的精美CG(數點陣圖像)之遊戲。遊戲內的所有村民都是高性能的AI(人工智慧)，雖然對他們猶如真人般的舉動感到困惑，但還是沉迷於此遊戲；在那個遊戲內，「良夫」成為了引導村民的命運之神此一立場，但是在遊戲里能做的只有一天一次的神諭可以下達指示，村民們感謝的心情將會轉化為點數，可以用來施展奇蹟之力。像神明般被崇拜的自己與現實中丟人現眼的自己，苦惱於這種落差的同時，時而拯救村民、時而被村民感化，良夫的現實世界也開始好轉。,0,使用者明確要求推薦關於「將棋」的小說，而推薦的書籍是一部關於村莊建造遊戲與AI NPC的奇幻經營小說，兩者在主題、內容和核心意圖上完全沒有任何關聯。
q18,"我最近剛看了龍王的工作的小說
雖然不懂將棋，但覺得對局的刻劃很棒
能看到將棋解說
也會側面描寫一些職業棋士、女流棋士的差別和情況

最喜歡的部分是銀子挑戰獎勵會那邊
書裡描寫的女性棋士會被小看的部分
那種低人一等、逆境求生的感覺做得很真實(?不會形容，總之很有代入感
銀子加油，不要輸給將棋星人!

希望各位能分享一些好看的將棋小說!!",7213b3e9-9f19-5abf-9d72-9757e6a308af,就算明天見不到今天的你,彌生志郎,12.1,完結,"青春, 戀愛, 群像, 腦洞, 妹妹, MF文庫J, 日本輕小說",「我喜歡你。」夏祭之夜，由良統哉被妹妹告白了，還被奪走了初吻。但是，統哉並不清楚她到底是誰。要說為何，因為她的身體里寄宿著三位少女的人格，而且現在還正在玩著『籠目猜人遊戲』……。目前尚不知曉她們當中到底哪個才是真正的人格，而要變回普通女孩子的話，只有一種方法。那就是其他人格實現自己的願望，然後從這個世界消失——於是，從這夏祭的夜晚開始，少女們各自追逐著自己的夢想。一名少女奏響了音樂，一名少女全力地奔跑，一名少女編織著戀愛。即便自己是虛假的人格，也依然堅持活出自己的精彩，直到最後——馳走於當下的四人青春群像劇，在此開幕。,0,使用者明確要求推薦關於「將棋」的小說，而推薦的書籍是一部關於多重人格與青春戀愛的輕小說，完全沒有涉及將棋或任何相關的競技元素，與用戶意圖完全不符。
q24,"要求有點難找
希望推薦""戰爭+戀愛""要素的輕小說,不是戰""鬥""是戰""爭""
要完結了的,GOOD ENDING最好",e97d6e05-f651-5ab7-9049-0245ae18d59b,劍之女王與烙印之子,杉井光,97.3,完結,"奇幻, 異能, 戰鬥, 冒險, 戀愛, MF文庫J, 日本輕小說",少年背負著詛咒，那是吞噬他人命運的野獸之印。遍野屍骸的戰場上，少年遇見了少女。紅髮少女沐浴著鮮血，舞動巨劍，凄然的笑靨散發懾人光彩。在殺戮中微笑，睡夢中哭泣，這是少女肩上的沉重命運。然而少年卻吞噬了少女的死兆，扭曲了未來。兩個註定與死亡為伍的靈魂在絕望中相遇，在劍風與血花交織的樂章中，看見少年少女凄艷壯闊的傳說！,3,該書明確包含戀愛要素，且劇情背景設定在「遍野屍骸的戰場」，符合用戶對於「戰爭」而非單純「戰鬥」的環境需求，與核心意圖高度匹配。
q24,"要求有點難找
希望推薦""戰爭+戀愛""要素的輕小說,不是戰""鬥""是戰""爭""
要完結了的,GOOD ENDING最好",86980959-20d1-5936-a774-8ac7b0abd6f0,龍背上的騎兵,映島巡,12.1,完結,"奇幻, 戰鬥, 復仇, 黑暗, 戀愛, 其他文庫, 日本輕小說",任憑翅膀閃耀著光芒，巨大的飛鳥在空中翩翩起舞。一層稀薄的雲彩飄浮在蔚藍的天空中，抬眼望去，每個方位都是那麼寬廣。美麗，彷彿與其正下方的光景並不屬於同一個世界。此起彼伏的怒號抑或夾帶著血霧的飛沬，都無法沾染到它的任何角落，肆意飛揚的沙塵。也難以遮蔽這一獨好的視野。,3,該作品不僅包含戀愛要素，且核心劇情圍繞著大規模的戰爭、軍事策略與政治鬥爭，精確符合使用者強調的「戰爭」而非單純「戰鬥」的需求，是非常契合的推薦。
q24,"要求有點難找
希望推薦""戰爭+戀愛""要素的輕小說,不是戰""鬥""是戰""爭""
要完結了的,GOOD ENDING最好",8abb0fa8-af2a-515e-be02-b32ab24fd33c,吾等即戰爭：魔法少女們的1944,二十五小時,6.9,完結,"百合, 奇幻, 冒險, 魔法, 戰鬥, 黑暗, 科幻, 戰爭, 原生幻想, 華文輕小說",1944 年秋，尼德蘭的天空被鋼鐵與硝煙劈開——「魔法少女，準備無傘空降！」她們隸屬於「國際反法西斯魔法少女聯盟」，是對抗納粹帝國「魔女軍團」的最後防線。在如幻想般宏大的「市場花園行動」中，四名性格迥異的魔法少女——愛麗絲、索菲亞、奈芙蒂斯和拉克希米，將用自己的生命戰鬥至最後一刻。魔法的秘密，戰爭的真相，也將在這場旅程中得到解答。這是 1944 年的秋天，是市場花園行動的 120 小時，是四個少女用魔力與眼淚，去守一座遙遠的橋的故事。,3,該作品明確包含「戰爭」要素，且背景設定在1944年的第二次世界大戰（市場花園行動），符合使用者要求的「戰爭而非單純戰鬥」的設定；同時標籤中的「百合」滿足了「戀愛」的需求，與使用者核心意圖高度匹配。
q5,"如題，想找像是overlord、無職這種，有龐大世界，多個國家部落，文化特色分明，歷史背景完整，沉浸感和史詩感強的小說，請問各位有沒有推薦的？希望是劍與魔法的世界，有多不同種族、魔物的那種（其實我不太確定這類型叫什麼，異世界感覺不太對，但叫奇幻又好像太廣泛了？

有很多web小說我都有看過，像是轉生成魔劍、轉生龍蛋、哥布林，他們雖然世界都足夠龐大，但是都有個web小說的通病，就是讀起來會有割裂感，無法讓人帶入那個世界中
而轉生蜘蛛雖然沒有那種割裂感，但是世界觀卻不太夠了，就只簡單分成教皇、妖精、魔王而已，希望能看到更多人類國家間的關係，還有更多魔物亞人種族的故事設定",e87464cf-c1f4-5e2a-81ae-7a707af1a908,德爾菲尼亞戰記,茅田砂胡,286.5,完結,"奇幻, 冒險, 戰爭, 戀愛, 性轉, 轉生, 異世界, 其他文庫, 日本輕小說",被刺客追襲的飄泊戰士渥爾，與從異世界而來的迷途少女莉，兩個孤獨的戰士在刀鋒之中偶然相遇了。德爾菲尼亞王國的未來。與阿貝爾德倫大陸的命運因此而有劇烈的改變！被後世稱為「獅子王」與「姬將軍」的兩人冒險故事從此展開……,3,使用者尋找的是具有龐大世界觀、詳盡歷史背景、多國政治博弈且沉浸感強的史詩奇幻作品。而《德爾菲尼亞戰記》以其嚴謹的軍事設定、宏大的大陸格局以及深刻的國家間關係著稱，正好彌補了使用者提到的許多 web 小說缺乏的「整體感」與「政治深度」，高度契合使用者對「史詩感」與「完整世界觀」的需求。
q8,"希望作品是
1.背景為現代
有槍砲炸藥之類的比較有代入感，對武俠/奇幻沒興趣，現代但有些微科幻/超能力要素沒關係
2.主角不是從0開始練等
漏漏長的成長過程會讓我想睡，大概是從看完鬥破蒼穹那公式化的遇強敵→隊友幫扛→遇到機運→變強反殺→前往下個城鎮→遇強敵，之後再也不想看這種了
3.主角非中二/死屁孩
不要太嚴重就好，隱殺主角偶爾也會屁孩一下但是是那種大人逗小鬼玩的感覺就不會反感",6972147d-4c3d-5683-ba9d-ebbd4eaba5fc,日常生活中的異能戰鬥,望公太,123.2,完結,"異能, 戰鬥, 歡樂向, 後宮, 青梅竹馬, GA文庫, 日本輕小說",包括我在內的文藝社五人，在半年前覺醒了相當不得了的力量。於是我們涉足了波瀾壯闊學園異能戰鬥的世界──才怪！「什麼事都沒發生嘛！」雖然覺醒了異能，但日常還是無可挑剔的和平生活。既沒有打算毀滅世界的組織！也沒有異能戰爭！更沒有勇者與魔王的存在！所以我們身上的超級異能只能像這樣，「黑炎之龍長出鬍子啦！」隨意浪費才能般地使用了。可是不斷憧憬異能戰鬥的我是明白的，真正戰爭的時刻……「啥？你是笨蛋嗎？」拿神技來玩樂的平穩日常。不過光這樣是不會結束的新．異能戰鬥＆戀愛喜劇，開幕！,2,作品設定為現代且主角已覺醒強大能力，完全避開了使用者最反感的「從0開始練等」與公式化成長過程。雖然缺乏槍砲炸藥的硬核代入感，且主角嚮往戰鬥的特質可能略帶中二，但整體符合現代背景與非成長流的核心需求。
q8,"希望作品是
1.背景為現代
有槍砲炸藥之類的比較有代入感，對武俠/奇幻沒興趣，現代但有些微科幻/超能力要素沒關係
2.主角不是從0開始練等
漏漏長的成長過程會讓我想睡，大概是從看完鬥破蒼穹那公式化的遇強敵→隊友幫扛→遇到機運→變強反殺→前往下個城鎮→遇強敵，之後再也不想看這種了
3.主角非中二/死屁孩
不要太嚴重就好，隱殺主角偶爾也會屁孩一下但是是那種大人逗小鬼玩的感覺就不會反感",5d91a752-3e47-5b81-944a-0b1cf429617e,EscApe SpeEd,九岡望,31.5,連載,"科幻, 戰鬥, 冒險, 人外, 電擊文庫, 日本輕小說",昭和一〇一年夏，廢墟的街道「盡天」。被失控的戰鬥兵器襲擊的葉葉，與在棺材中沉睡的少年邂逅了。對於沒有命令就不會行動的少年，少女請求他救救自己。而這成為了少女和少年締結「主從的契約」的瞬間。少年是名為九曜的軍隊最強兵器「鬼蟲」的「蜂」。由於是兵器而缺乏感情的九曜，葉葉把這樣的他作為一名人類進行交流。二人的心意漸漸相通。但是平穩的日常卻被同是鬼蟲的「蜻蛉」龍膽的襲來而打破！？以封鎖的街道為舞台，最強的兵器間不斷展開的nonestopaction（無盡的動作劇）。第18回電擊小說大賞「大賞」受賞作。,3,作品設定為類現代/近未來廢墟且包含戰鬥兵器，符合用戶對現代背景與槍砲要素的需求；主角設定為「軍隊最強兵器」，直接跳過從零開始的成長過程，避免了用戶厭惡的公式化練等劇情；主角作為缺乏感情的兵器，不屬於中二或死屁孩類型。整體高度契合用戶的所有要求。
q8,"希望作品是
1.背景為現代
有槍砲炸藥之類的比較有代入感，對武俠/奇幻沒興趣，現代但有些微科幻/超能力要素沒關係
2.主角不是從0開始練等
漏漏長的成長過程會讓我想睡，大概是從看完鬥破蒼穹那公式化的遇強敵→隊友幫扛→遇到機運→變強反殺→前往下個城鎮→遇強敵，之後再也不想看這種了
3.主角非中二/死屁孩
不要太嚴重就好，隱殺主角偶爾也會屁孩一下但是是那種大人逗小鬼玩的感覺就不會反感",9b7ef7d7-6ba6-50f3-b8df-a1f9979771f0,THE THIRD,星野亮,89.7,連載,"科幻, 冒險, 戰鬥, 戀愛, 富士見文庫, 日本輕小說",在經歷了被稱為「大戰」的大破壞之後，世界的大半部分被沙漠所覆蓋。人類的生活圈子大幅度地減少，世界被稱為天宙眼——額頭上擁有第3顆紅色眼睛的超人類TheThird所支配。在環境殘酷的沙漠之中，生活著一個堅強的少女……她的名字叫做：火乃香。在一次沙漠護航中，她和一個金髮綠眼的男子相遇，命運的齒輪開始轉動……,1,使用者明確要求「現代背景」且對奇幻/武俠沒興趣，而推薦作品的設定是「大戰後被沙漠覆蓋」的末世科幻世界，與現代都市背景相去甚遠。雖然使用者接受微科幻/超能力要素，但此作的末世氛圍與使用者追求的現代代入感不符。
q8,"希望作品是
1.背景為現代
有槍砲炸藥之類的比較有代入感，對武俠/奇幻沒興趣，現代但有些微科幻/超能力要素沒關係
2.主角不是從0開始練等
漏漏長的成長過程會讓我想睡，大概是從看完鬥破蒼穹那公式化的遇強敵→隊友幫扛→遇到機運→變強反殺→前往下個城鎮→遇強敵，之後再也不想看這種了
3.主角非中二/死屁孩
不要太嚴重就好，隱殺主角偶爾也會屁孩一下但是是那種大人逗小鬼玩的感覺就不會反感",0790cb4c-8fb4-527f-a2a2-2cd64ef4c985,Revenger』s High 復仇成癮,呂暇郁夫,15.9,完結,"科幻, 異能, 戰鬥, 復仇, 小學館, 日本輕小說",第13屆小學館輕小說大獎，優秀獎得獎作！！因一種名為沙塵的有害物質引起的『塵禍』，文明遭受過一次毀滅的近未來。能夠吸收沙塵並轉化為異能力的『沙塵能力者』。在這個偉大都市裡，丘米一邊追尋著在過去結仇的復仇對象『笑面怪客』的行蹤，一邊過著只為復仇而活的生活。丘米追查情報並踏入了某間教會，在那裡被治安維護組織『肅清官』的大人物波奇·泰達拉抓住了。丘米本來命懸一線，波奇卻向他提出了一個出乎意料的提議，他接受了之後開始暫時協助肅清官。被派遣到他身邊的隊友，是「之前搭檔關係總是遭到解除」的問題人物希爾薇。性格和出身都完全相反的兩人，一開始還互相排斥，而後來……以酣暢淋漓的文風所編織出的，獨一無二且令人窒息的世界觀！！將既是王道的搭檔，又是「異端」的兩人描繪得栩栩如生的嶄新人物設定，一定會令讀者嘆為觀止！請享受這個由實力派新人主筆的近未來科幻復仇故事！！,3,作品設定為近未來科幻都市，符合使用者對現代/微科幻背景的需求，且避開了不感興趣的武俠/奇幻。主角丘米已具備異能力且有明確的復仇目標，並被招募為肅清官，並非從零開始的練等成長流。此外，故事基調為復仇與搭檔戰鬥，主角性格較為成熟且有目標，符合非死屁孩的要求。
q3,"可以幫忙推薦幾部跟這部風格類似的輕小說
這部吸引我的地方有幾個:
1.男女主角純愛堅定不移
2.各種甜蜜的打情罵俏劇情
3.異世界轉生戰鬥、魔法
4.中間雖然各種虐，但最後還是排除萬難再一起",78ceb48c-7f64-5e0a-a706-1332712f7018,帶著智慧型手機闖蕩異世界,冬原パトラ,323.9,連載,"轉生, 魔法, 戰鬥, 龍傲天, 後宮, HJ文庫, 日本輕小說",手拿智慧型手機，在異世界展開的溫馨冒險故事！因為神明的失誤而死去的望月冬夜，在異世界開啟了第二人生。他擁有被神明提高能力的身體，以及在異世界也能使用的智慧型手機。他發揮著善良的天性，與許多人們相遇，結識重要摯友。在經歷這些過程的途中，主角在不知不覺間得知這個世界的秘密。他繼承了古代文明的遺產、跟樂天的世界之王們攜手合作，悠哉地環遊著世界——,1,推薦書籍雖然符合「異世界轉生」、「魔法」與「戰鬥」的設定，但與用戶的核心情感需求完全相反。用戶明確要求「純愛堅定不移」且有「虐心後再在一起」的情節，而該書是典型的「後宮」設定且風格偏向輕鬆溫馨，缺乏用戶追求的純愛羈絆與情感起伏。
q4,"由於自己的胃口比較獨特的原因，喜歡男主被拋置於各種不利的情節或者感情中，也是因為這樣，喜歡看那些讓人看完后心緒難以平靜的小說，就我看過的來說，無職，re0，妹妹人生，異世界迷宮最深等，在某種程度上來說都有慘烈的一部分（感情上或者情節上都是），也沒有一定要轉生異世界，現實日常要是能描繪出這些來也很好了。
尤其那種男主能不斷被放置在痛苦或者恐懼之中，一邊流露出作者思考的文字的小說，再好不過。",4a8d7507-464a-5c50-a215-792a1b936ccb,不可逆性加虐,野水はた,24.0,完結,"百合, JK, 黑暗, kakuyomu, Web輕小說",從欺凌者和被欺凌者重逢的那天起，兩人的日常便開始走向瘋狂。刺傷、勒緊、灼燒、溺水。儘管如此依舊無法分開，因為互為彼此唯一的依靠。「想要你……再對我做那天的事」「我一直想為傷害了你而道歉」「我喜歡疼痛」「我想贖罪。已經不會再做那種事了」「那麼，我可要說出去了哦？瑠莉醬的秘密」「――――」人，是無法改變的。不正常的我，與不正常的瑠莉醬。那天徹底誤入歧途的我們，從一開始就註定走向這樣的結局。「所以，今天也會答應我的請求吧……對吧？」在廁所隔間里，在空無一人的教室里，在我的房間里……我們延續著那一天的故事。,2,用戶明確表示喜歡「男主」處於痛苦、不利或恐懼的境地，並追求心緒難以平靜的沉重感。推薦書籍在「黑暗」、「虐心」、「極端痛苦」等氛圍上高度契合用戶的需求，但該書為「百合」作品，主角為女性，未能滿足用戶對「男主」的特定偏好，因此給予 2 分。
q5,"如題，想找像是overlord、無職這種，有龐大世界，多個國家部落，文化特色分明，歷史背景完整，沉浸感和史詩感強的小說，請問各位有沒有推薦的？希望是劍與魔法的世界，有多不同種族、魔物的那種（其實我不太確定這類型叫什麼，異世界感覺不太對，但叫奇幻又好像太廣泛了？

有很多web小說我都有看過，像是轉生成魔劍、轉生龍蛋、哥布林，他們雖然世界都足夠龐大，但是都有個web小說的通病，就是讀起來會有割裂感，無法讓人帶入那個世界中
而轉生蜘蛛雖然沒有那種割裂感，但是世界觀卻不太夠了，就只簡單分成教皇、妖精、魔王而已，希望能看到更多人類國家間的關係，還有更多魔物亞人種族的故事設定",c994ecdc-847b-5fb9-b66e-55702ccdcfd0,永生者的終末冒險筆記,菜花不放鹽,28.7,連載,"異世界, 戀愛, 魔法, 戰鬥, 冒險, 原生幻想, 華文輕小說",那一日，終焉的魔女重新降臨人間……為了讓渣滓們得到應有的懲罰，一無所有的萊特，與魔女簽下永生不滅的契約，踏上復仇的旅途。本該窮盡一生達成的復仇，卻因捲入次神的紛爭而倉促滑稽地落幕。輕易失去人生目標的萊特，應最高魔法使之邀前往西斯特學院，用自己獨一無二的禁忌力量，守護暴風雨前夜早已動蕩不安的古老國度。在那裡等待著的，是與尚未知曉命運之沉重的、同齡少年少女的邂逅……,1,使用者明確要求具有『龐大世界觀』、『複雜國家政治關係』、『強烈史詩感』且『文化特色分明』的作品，並希望避開缺乏深度的輕小說割裂感。推薦的作品雖然符合『劍與魔法』的基調，但從簡介來看，其核心劇情集中在『復仇』、『學院生活』與『守護單一國度』，屬於較典型的輕小說設定，缺乏對宏大世界建構、多元種族文化或深厚歷史背景的描述，無法滿足使用者對史詩感與深度沉浸感的核心需求。
q8,"希望作品是
1.背景為現代
有槍砲炸藥之類的比較有代入感，對武俠/奇幻沒興趣，現代但有些微科幻/超能力要素沒關係
2.主角不是從0開始練等
漏漏長的成長過程會讓我想睡，大概是從看完鬥破蒼穹那公式化的遇強敵→隊友幫扛→遇到機運→變強反殺→前往下個城鎮→遇強敵，之後再也不想看這種了
3.主角非中二/死屁孩
不要太嚴重就好，隱殺主角偶爾也會屁孩一下但是是那種大人逗小鬼玩的感覺就不會反感",7c20698e-bcb7-5d8d-ad33-8169b28d2d29,神諭學園的超越者,秋堂カオル,13.4,連載,"校園, 異能, 戰鬥, 歡樂向, 後宮, GA文庫, 日本輕小說",『本座決定要帶來變革。』大約一年前，突如其來的「神諭」，使美景原高中的學生們成為超脫人類範疇的《超越者》。以成為最強為目標的超異能戰鬥，就此揭開序幕——！！在這種狂熱的氣氛下，始終懶散度曰的渡良瀨文乃，偶然幫助了沒有獲得任何力量的《無能》天枷杏奈。人稱不戰敗的文乃，其真正的能力其實是《六行視》。那是能夠閱讀這個以小說形式寫成的世界，進而加以校正的力量！「妳知道嗎？這裡是個爛到不行的小說世界喔？」「那你就跟我一起以最強為目標吧！」對一切都感到絕望的少年，遇見對一切都懷抱希望的少女時，故事開始有了轉變！,3,作品設定為現代校園且包含超能力要素，符合用戶對背景的要求。主角設定為『不戰敗』且擁有能校正世界的能力，避免了用戶厭惡的從零開始、公式化的練等成長過程。主角性格傾向於懶散且對世界有抽離感，並非中二屁孩，與用戶需求高度契合。
q8,"希望作品是
1.背景為現代
有槍砲炸藥之類的比較有代入感，對武俠/奇幻沒興趣，現代但有些微科幻/超能力要素沒關係
2.主角不是從0開始練等
漏漏長的成長過程會讓我想睡，大概是從看完鬥破蒼穹那公式化的遇強敵→隊友幫扛→遇到機運→變強反殺→前往下個城鎮→遇強敵，之後再也不想看這種了
3.主角非中二/死屁孩
不要太嚴重就好，隱殺主角偶爾也會屁孩一下但是是那種大人逗小鬼玩的感覺就不會反感",70b5a22b-934f-57c5-9434-3e2ef67c203b,罪惡王冠外傳 亡池的公主,砂阿久雁,6.6,完結,"科幻, 異能, 戰鬥, 其他文庫, 日本輕小說",——集以外還有擁有「王的能力」的人!?反抗組織「葬儀社」獲得了一段視頻。畫面中出現了一個與神秘武裝集團戰鬥的人物。在被逼入絕境的時刻，那個人將自己的右臂插入自己的胸口——隨即，伴隨著耀眼的光芒閃過，在手中出現了一件銀色發光的「虛空」物體——。,3,作品背景為現代科幻且包含異能戰鬥，符合用戶對現代背景、微科幻/超能力的需求。從簡介看，主角已具備強大能力並直接進入戰鬥狀態，避開了用戶極其反感的「從零開始練等」或公式化的成長過程，高度符合其核心需求。
q8,"希望作品是
1.背景為現代
有槍砲炸藥之類的比較有代入感，對武俠/奇幻沒興趣，現代但有些微科幻/超能力要素沒關係
2.主角不是從0開始練等
漏漏長的成長過程會讓我想睡，大概是從看完鬥破蒼穹那公式化的遇強敵→隊友幫扛→遇到機運→變強反殺→前往下個城鎮→遇強敵，之後再也不想看這種了
3.主角非中二/死屁孩
不要太嚴重就好，隱殺主角偶爾也會屁孩一下但是是那種大人逗小鬼玩的感覺就不會反感",54d93034-d161-5c63-8377-ebbc2d7d1119,RISING RYDEEN異能對決,初美陽一,102.5,完結,"校園, 異能, 戰鬥, 後宮, 青梅竹馬, 富士見文庫, 日本輕小說",「呼……讓你見識見識，風啊！怒吼吧！」「──然後呢？這就是你的異能嗎……？」下野根隆良，十五歲，性別男。他長久以來嚮往成為擁有異能的異能者（Stranger），在一名自稱亞莉雅的爆乳美女引導之下，他所得到的能力竟是……最低等級的『貧弱異能』!?就在這個時候，擁有『最強異能』的金髮少女雷轟魅神，轉學到隆良就讀的學校，她這麼說了「你是我的僕人，沒有拒絕的權利。」「──開、開什麼玩笑！」榮獲第23屆Fantasia大獎「大獎」＋「讀者獎」兩項大獎的得獎作品，竟是貧弱異能VS最強異能!?當代無雙的異能戰鬥動作劇（？）!!,1,雖然作品背景為現代異能設定，符合使用者對背景的要求；但主角被設定為「最低等級的貧弱異能」，這極大機率會走向使用者明確表示反感的「從零開始練等」或「公式化成長」劇情。此外，15歲的校園設定與僕人關係，與使用者希望主角非「死屁孩」且具有成年人氛圍的需求不符。
q11,"最近人比較負面，
想看一些有共鳴的小說。
有沒有那種「我一個人爛就好了別搞其他人」的主角的輕小說？以前看大老師自暴自棄滿戳中我的。
宅宅現實找不到人取暖，希望能找輕小說取。",da0b808b-3916-52e9-b936-a7edd2befe4c,Alone Together,本多孝好,11.9,完結,"黑暗, 其他文庫, 日本輕小說",如果你擁有一種力量，喚醒的不是愛，而是恐懼；得到的不是救贖，而是地獄……你怎麼辦？柳瀨只要集中注意力，他的腦波就像一面鏡子。越孤獨的人，越可以用意志來感受對方真正的想法，輟學的殺人嫌疑犯、憂鬱的家庭主婦、失業的中年男人……他儘力控制，壓抑這股力量，因為那些被隱藏的，醜陋不堪的內在，說出來，沒有人可以面對。柳瀨不清楚什麼時候開始會有這種天賦，是從父親自殺之後嗎？還是開始保護立花櫻之後？八卦雜誌社不斷糾纏想要扒糞寫獨家？然而為什麼當對方逼得越緊，柳瀨卻越發現黏附在自身的巨大秘密，要保護的立花櫻突然消失不見……柳瀨疑惑了，自己所擁有的能力，反而無法去探測身邊親近的人？獨特的力量，是把他推向醜陋、不堪的深淵？或是讓他因理解人性而能夠更溫柔面對這個世界……,3,使用者尋找的是具有「自我犧牲式孤獨」或「我一個人爛掉就好」這種能產生共鳴的負面/憂鬱氛圍作品（如《大老師》）。推薦的書籍《Alone Together》主角同樣處於極度的孤獨中，且擁有能看穿人性醜陋的力量並選擇壓抑，這種「承擔黑暗以保護他人/維持現狀」的設定與使用者的心理需求（共鳴、孤獨感、自我封閉）高度契合，雖然風格較黑暗，但符合其尋求的情緒共振。
q11,"最近人比較負面，
想看一些有共鳴的小說。
有沒有那種「我一個人爛就好了別搞其他人」的主角的輕小說？以前看大老師自暴自棄滿戳中我的。
宅宅現實找不到人取暖，希望能找輕小說取。",170fd196-a716-556c-aefd-f51f23aa73a5,桔梗花與無聲的雨,Y-J-K,7.8,完結,"青春, 治癒, 青梅竹馬, 青春日常, 華文輕小說",他是一座孤島，沉默是唯一的語言。她是一團火焰，用了八年時間，試圖溫暖那片冰封的海。黑瀨瞬的世界，自八歲起就按邏輯與靜默運行。情感是無效代碼，回憶是缺失的欄位。唯有那個像夏日陽光般吵鬧的青梅竹馬赤坂陽菜，是他灰色世界裡唯一被允許的「背景噪音」。他以為生活會永遠如此，直到那個轉校生的出現——白羽雪希，擁有月光般銀白長發的少女，帶著與他記憶中同樣顏色的桔梗花，悄然歸來。她的一個微笑，一個眼神，就能在他死寂的心湖投下石子，引發連他自己都無法理解的震顫。她說：「我們曾是童年玩伴。」他卻問：「我們……認識嗎？」面對他全然陌生的目光，她只是微笑，眼底卻藏著深不見底的悲傷與決絕。她知道，歸來不是為了重續舊緣，而是為了一場遲到的懺悔，一個必須說出的真相。而當那個真相伴隨著河灘上盛開的桔梗花被殘忍揭開，八年構築的平靜假象瞬間分崩離析……他遺忘的過去，她背負的罪孽，她守護的現在。一場始於夏天的無聲驚雷，終將在另一個夏日，落下淹沒一切的暴雨。在這場關於記憶、愧疚與陪伴的戰爭中，誰才是最終能觸碰他冰凍之心的人？,2,使用者尋找的是具有「我一個人爛就好了」這種自毀式、自嘲式社交邏輯的主角（類似《果青》的大老師）。推薦的小說主角雖然同樣被描述為「孤島」且情感缺失，符合孤獨與需要取暖的基調，但劇情核心更偏向於記憶、罪孽與救贖的治癒系故事，而非使用者明確要求的那種特定性格邏輯。雖然在氛圍上有一定的共鳴點，但並未完全精準命中該特定人設。
q12,"想找一些日常系小說類型，希望劇情節奏安排和對話有趣些。
其它元素能接受百合、戀愛、生活、學校類型，有談話間交流劇情。",cb6f0301-83a6-58c5-8ffb-c998be59c3ac,這段青春存在隱情！,岸本和葉,16.7,連載,"校園, 青春, 戀愛, 歡樂向, 青梅竹馬, 後宮, 電擊文庫, 日本輕小說",高嶺之花是由努力以及謊言構成的。雖然有很多朋友，但是沒有摯友。運動和學習都很一般——自稱「不會表裡不一的高中生」的我花城夏彥，因為注意到自己憧憬的學生會長，八重樫可能沒有穿內褲的關係而被帶到了學生會室！體育會的王牌•一之瀨日和，天才肌（與生俱來的天才）的年上副會長•紫藤愛麗絲，沉默寡言，非常聰明的雙葉椿姬……在那裡，我目睹了謳歌璀璨青春的鳳明高中學生會的『隱情』。「距離畢業還有八個月，花城同學也要來幫忙！」「誒！那你是真的沒有穿嗎！！？」成績，朋友關係，面子——一切都是為了「完美的高中生活」。她們在那段璀璨的青春背後扼殺自己的個性，然後將我捲入她們的學生會活動之中！？任誰都會羨慕的快樂青春背後，或許藏著努力與謊言也不一定——與完美（？）的她們共度的秘密，偽裝的校園戀愛喜劇，開幕！,3,本書為校園戀愛喜劇，包含校園、青春、戀愛等元素，且劇情重點在於學生會成員間的互動與對話，非常符合使用者對「日常系」、「學校類型」以及「對話有趣」的需求。
q12,"想找一些日常系小說類型，希望劇情節奏安排和對話有趣些。
其它元素能接受百合、戀愛、生活、學校類型，有談話間交流劇情。",166eb971-0640-533c-bd44-b3a6abab48f1,「欸、原來我才是被吃掉的嗎!?」帥氣的我被後輩的犬系女友吃掉了,七斗七,6.7,連載,"校園, 青春, 百合, 歡樂向, 女性視角, 角川文庫, 日本輕小說",由「Vtuber」七斗七獻上的全新感官百合輕小說！在女子學校里，總會有那麼一位被公認為「超帥氣」的學生。那就是我，雨之音沙琴。正因為這樣的身份，我經常被同性告白。今天的對象，是最近才在粉絲群里見過的、像小狗一樣可愛的新生後輩——花華巡醬。她凝視著我的眼神，和其他同學有些不一樣，那讓我第一次感受到心跳加速……本以為會是這樣普通的展開，結果——「請成為我的雌性吧!!」——這對我這個一直被誇「帥氣」的人來說，可是生平第一次聽到的告白方式……而正是這場告白，成了我們關係表裡逆轉、日常翻轉的起點——全新感官百合輕小說，就此開幕！,3,推薦書籍完全符合用戶的需求：包含校園、百合、戀愛等元素，且屬於輕鬆歡樂的日常系風格。從標題和簡介來看，其對話風格幽默且具有反差感，符合用戶對「對話有趣」以及「談話間交流劇情」的偏好。
q8,"希望作品是
1.背景為現代
有槍砲炸藥之類的比較有代入感，對武俠/奇幻沒興趣，現代但有些微科幻/超能力要素沒關係
2.主角不是從0開始練等
漏漏長的成長過程會讓我想睡，大概是從看完鬥破蒼穹那公式化的遇強敵→隊友幫扛→遇到機運→變強反殺→前往下個城鎮→遇強敵，之後再也不想看這種了
3.主角非中二/死屁孩
不要太嚴重就好，隱殺主角偶爾也會屁孩一下但是是那種大人逗小鬼玩的感覺就不會反感",233399b7-9f14-5c33-b9f6-231ee6467c1d,罪惡王冠 REQUIEM SCORE,ゆうきりん,35.4,完結,"科幻, 異能, 戰鬥, 戀愛, 其他文庫, 日本輕小說",2039年，日本處於無政府狀態，並受GHQ統治。為將這樣的日本從GHQ的統治中解放出來，擁有這樣的意志的「葬儀社」的領袖恙神涯進行了搶奪某個圓筒的作戰。執行作戰的是EGOIST的少女歌姬·楪祈。祈在任務中受傷，在她療傷的地方，她與名叫櫻滿集的少年相遇了——。大人氣TV動畫《罪惡王冠》在原作的視角上創新，備受期待的小說化！,2,作品背景設定在2039年的近未來日本，符合用戶要求的現代感、科幻與異能要素，且非武俠或奇幻設定。劇情方向為反抗軍與統治者的對抗，避開了用戶討厭的公式化練級成長路徑。但主角仍是從普通少年突然獲得力量的「從0開始」類型，且性格包含典型的青少年掙扎，可能無法完全滿足用戶對「非中二/非死屁孩」及「非成長過程」的嚴格要求。
q12,"想找一些日常系小說類型，希望劇情節奏安排和對話有趣些。
其它元素能接受百合、戀愛、生活、學校類型，有談話間交流劇情。",a9c461ae-d9df-573f-831d-2dc149ce941c,STITCH裁縫少女,相內円,9.3,連載,"校園, 青春, 歡樂向, 百合, 女性視角, HJ文庫, 日本輕小說",利用進入上乃原高校就讀的機會，茜夕下定決心要進入裁縫社。在這裡碰上了身材嬌小卻毒舌的山吹美晴、外表冷酷卻有著妄想症的桔梗葵、迷糊社長淺蔥法子、以及同時身兼田徑社社員的小麥空。五位少女時而縫縫布偶、時而外出採購，透過多彩多姿的社團活動將閃亮而愉快的日常生活點綴成日記風格的小說。榮獲第4回NovelJapan大賞·金賞的校園喜劇作品！,3,該書為典型的校園日常喜劇，完美契合使用者要求的「日常系」、「學校」、「生活」以及「百合」元素，且劇情聚焦於社團成員間的互動與對話，高度符合使用者的核心需求。
q17,"求推薦世界觀建構完整
主角很清楚當下該做甚麼
是不太希望主角輕鬆拿到一堆外掛這種的
然後也蠻喜歡主角大意、失誤或忘記重要信息導致危機感這種狀況發生
非戰鬥類主角也可以，感覺這類主角穿越的比較多?
但是如果是一個高中生通十八般武藝心理素質又特好的就不要",9d13aa06-ef98-5791-91b4-ad68d9af23cc,失憶之後，集體共犯的我們之間展開了死亡遊戲,森林吉祥物,37.3,連載,"懸疑, 大逃殺, 奇幻, 腦洞, 推理, 群像, 原生幻想, 華文輕小說",「我們會落得現在的這個處境，有三種可能——」「第一種，事實真的如死神所說，我們各自，或集體因為某些目的，而合作起來，不顧危險與後果地冒險。」「第二種，偷竊未絢之足的其實不是我們，而另有其人，那個人或那些人，為了躲避死神的懲罰，而選擇將這份罪行嫁禍給我們。」「還有第三，這是最令人震撼、也是最最戲劇性的妄想——」某戲劇的惡魔，彷彿為將要入睡的孩子講起睡前故事，道聲晚安一般的輕聲細語——「你們說，這會不會其實是神大人，一手策劃的呢……」在全世界唯一存在超自然現象的島嶼——克里斯汀島，有著一件就像平行線相交一般永遠不可能發生的事——一個兩百多年來無人侵犯的禁忌之罪——而一覺醒來的他們，竟然被告知不僅是禁忌的罪人，還是集體共犯。完全失去記憶的他們，同時被因此而再現的神明降下懲罰：為時91天的自相殘殺生存遊戲。個性、身份、才能、人生各異，原本就像相隔遙遠的星系般難以置信會集合在一起的這十三人，此時竟然在這樣的情況、緣由之下被聯繫在一起。就彷彿猴子在打字機上隨意打字，打出莎士比亞著作。比全世界唯一充滿超自然能力的島嶼更離奇，發生概率無限接近於零的不可能事件——在殘酷遊戲進行的這91天里，存在於他們之中的這般離奇的事實，卻一一浮現……,3,該書設定為「失憶」後的死亡遊戲，極其符合使用者希望看到「因忘記重要信息導致危機感」的需求。且作為群像推理懸疑劇，傾向於角色間的心理博弈而非單純的外掛碾壓，避開了使用者厭惡的「完美高中生」設定。世界觀建構在一個特定的超自然島嶼上，具有一定的完整度。整體氛圍與使用者追求的緊張感與非傳統強大主角的設定高度契合。
q17,"求推薦世界觀建構完整
主角很清楚當下該做甚麼
是不太希望主角輕鬆拿到一堆外掛這種的
然後也蠻喜歡主角大意、失誤或忘記重要信息導致危機感這種狀況發生
非戰鬥類主角也可以，感覺這類主角穿越的比較多?
但是如果是一個高中生通十八般武藝心理素質又特好的就不要",7adabb36-e3cc-59c8-8640-ff6ca4f6d1f0,獻給孩子的歌,明神默,10.3,完結,"奇幻, 懸疑, 鬥智, 日本文學, 其他文庫, 日本輕小說",當心愿實現時，災難悄悄降臨：失蹤案、殺人案隨之發生。一名金髮碧眼的旅行商人，有如遭逢魔女捉弄，捲入多起案件。響徹孩童歌聲的小鎮，住著以美妙聲線換取「賭博絕不落敗」之力的女性；美麗海岸的城市，躲著相愛卻無法在一起的男女；光明照不進的貧民窟，有誘拐孩子的怪物；現身時必帶來死亡的男人，身懷一把能切開人類和影子的匕首。災難和願望是一體兩面，不許願的人，才能看破魔女的遊戲！和魔女的鬥智，在這塊魔法之地展開。然而，最大的災厄，出現在誰也沒有預料到的地方……,3,該書高度符合使用者的需求：1. 主角設定為『旅行商人』，完全避開了使用者反感的『全能高中生』設定。2. 故事核心為『鬥智』且強調『不許願的人才能看破遊戲』，符合不希望主角依賴外掛、需靠思考行動的需求。3. 懸疑與鬥智的標籤暗示了劇情中會有危機與反轉，符合使用者對危機感的偏好。4. 簡介中提及多個具有特殊規則的場景，顯示世界觀建構較為完整。
q19,"如題 最近看的書越來越多 總覺得自己也越來越挑了 希望有人能推薦一些好書
以下條件：
1. 女主是（外表）蘿莉（可愛的少御也是可以啦）
2.有戀愛的元素（後宮可以 但拜託不要無腦倒貼）
3.希望是異世界（不一定要穿越）
4.有傲嬌或無口或吃貨之類的屬性更好
拜託各位了",946dbb29-6572-5a91-b847-9bc7a53c4b04,附身在百合小說里的反派,컵라면값인생,99.7,完結,"異世界, 奇幻, 戀愛, 後宮, novelengine, 韓國輕小說",「真想好好談一場戀愛。」這是我死前的最後一個願望。但為什麼偏偏附身到了百合小說里呢？我的戀愛談不成，只能看別人談個夠了。,1,該書符合用戶對「異世界」以及「戀愛/後宮」的需求，但完全沒有提到女主是否具備「蘿莉」或「可愛少御」的外表（這是用戶的第一項首要條件），且未提及傲嬌或無口等屬性，僅在類型上大致相符，缺乏核心特徵的匹配。
q19,"如題 最近看的書越來越多 總覺得自己也越來越挑了 希望有人能推薦一些好書
以下條件：
1. 女主是（外表）蘿莉（可愛的少御也是可以啦）
2.有戀愛的元素（後宮可以 但拜託不要無腦倒貼）
3.希望是異世界（不一定要穿越）
4.有傲嬌或無口或吃貨之類的屬性更好
拜託各位了",0cca4c98-c580-585e-ad52-d36f63f3f7f7,等級只有1級但固有技能是最強,三木なずな,91.6,連載,"奇幻, 異世界, 戰鬥, 戀愛, 後宮, 歡樂向, syosetu, Web輕小說",在黑心公司工作到精疲力盡的佐藤亮太在回過神時就已經轉移到了異世界。但是，明明難得來到了異世界，亮太不僅能力全都是F「最弱等級」，而且還背負了等級被固定在1級的不幸。原本不管怎麼努力也好等級都無法提升的…但是，亮太擁有著特殊能力。那就是在這個所有物品都可以通過打倒迷宮裡的怪物掉落得到的世界裡，掉落率全都是S等級的超級固有技能！從怪物身上掉落出本不該存在於那個世界的超能道具，知道這點的亮太用能力提升道具把狀態提升至滿值。雖然等級只有1級，但以固有技能卻是最強的！,2,書籍符合『異世界』與『戀愛/後宮』的條件，但簡介中完全沒有提到女主是否為『蘿莉/少御』或具備特定的性格屬性（傲嬌、無口等），未能確認是否滿足用戶最重視的角色設定需求。
q19,"如題 最近看的書越來越多 總覺得自己也越來越挑了 希望有人能推薦一些好書
以下條件：
1. 女主是（外表）蘿莉（可愛的少御也是可以啦）
2.有戀愛的元素（後宮可以 但拜託不要無腦倒貼）
3.希望是異世界（不一定要穿越）
4.有傲嬌或無口或吃貨之類的屬性更好
拜託各位了",ab0a7397-f433-5df7-be10-fc2a5a6ec7ad,配角在學院中生存 (三流反派的學院生存記),코리타,168.9,連載,"轉生, 校園, 青春, 戀愛, 後宮, 異世界, 熱血, other, 韓國輕小說",我穿越成了我喜歡的遊戲中的一個三流配角。而且已經落魄退場了。我沒有什麼野心，只想拿到畢業證書。但這個世界似乎不打算讓我如願。,2,該書符合使用者要求的「異世界」與「戀愛/後宮」元素，但書名與簡介中完全沒有提及女主是否為「蘿莉」或具有「傲嬌、無口、吃貨」等特定屬性。由於使用者明確表示自己變得較挑剔且將女主外貌列為首要條件，此推薦僅滿足部分設定，未能確認核心角色偏好。
q21,"最近剛看完三角距離無限為零
雖然胃在痛不過還是很喜歡三角戀這個要素
有人可以推薦一下類似的作品嗎?
當然不一定要三角戀 更多也行 只是想看這種描述男女主如何在戀愛中痛苦掙扎的小說
有糖更好 因為之後胃會更痛",87c9326d-ca76-528b-b6ed-c5b957e590a2,扭曲佔有與病態愛欲彼此交織的青梅竹馬,犬甘あんず,9.2,完結,"百合, 校園, 青梅竹馬, kakuyomu, Web輕小說",作為青梅竹馬的羽地花凪每次告白失敗後，水原由真都會用各種方法安慰她。由真對花凪抱有扭曲的獨佔欲，每次花凪被拒絕後回到自己身邊，她都會有一種陰暗的滿足感。而花凪則對由真懷有病態的愛欲，為了讓由真嫉妒，她不斷做出毫無意義的告白。在扭曲而病態的感情相互碰撞的過程中，兩人漸漸意識到了彼此真實的心意……。這是兩個懷有錯綜複雜的沉重感情的女孩子，在相互渴求的過程中彼此碰撞的故事。,3,使用者核心需求是尋找在戀愛中痛苦掙扎、情感沉重且具備複雜心理博弈的作品。推薦的作品雖然是百合設定，但其描述的「扭曲獨佔欲」、「病態愛欲」以及「沉重的感情碰撞」高度符合使用者對情感糾結與痛苦掙扎的偏好。
q21,"最近剛看完三角距離無限為零
雖然胃在痛不過還是很喜歡三角戀這個要素
有人可以推薦一下類似的作品嗎?
當然不一定要三角戀 更多也行 只是想看這種描述男女主如何在戀愛中痛苦掙扎的小說
有糖更好 因為之後胃會更痛",e33f2c4c-0d85-5eb2-bc09-bab8b5f1b4fe,妳是無法死去的染灰魔女,ハイヌミ,26.8,完結,"轉生, 奇幻, 黑暗, 病嬌, 後宮, 角川文庫, 日本輕小說",我決定成為對永恒生命絕望的女孩那「不願死去」的理由——我是自稱世間屈指可數的大魔法使的纖瘦少女伊娜莉雅的弟子。與態度囂張卻懶得出門又毫無防備的「師傅大人」和平的二人生活，在某日崩潰而散。因為不死魔女間的戰爭開始了——。,1,使用者明確尋找的是著重於戀愛中的痛苦掙扎、三角或多角關係的情感作品。推薦書籍雖然標有「後宮」和「病嬌」，可能包含情感衝突，但其核心劇情聚焦於黑暗奇幻、不死者的絕望以及魔女之間的戰爭，與使用者追求的「戀愛掙扎」核心意圖僅有表面上的標籤重疊，缺乏足夠的類比性。
q17,"求推薦世界觀建構完整
主角很清楚當下該做甚麼
是不太希望主角輕鬆拿到一堆外掛這種的
然後也蠻喜歡主角大意、失誤或忘記重要信息導致危機感這種狀況發生
非戰鬥類主角也可以，感覺這類主角穿越的比較多?
但是如果是一個高中生通十八般武藝心理素質又特好的就不要",2d8ed0e2-d82d-5231-85e8-2b48ad6c5639,黑暗醫院：消失的病患,知念實希人,12.1,完結,"懸疑, 犯罪, 其他文庫, 日本輕小說",一名持槍搶匪躲進醫院，同時要求院內醫師醫治自己射傷的女子。臨時值班的外科醫師•速水秀悟意外捲入此事件中，孤立無援的醫院中頓時上演生死一線的極限心理戰。速水在救治受傷女子後試圓逃離醫院，卻意外發現醫院內部不可告人的秘密，身陷院長與搶匪的殺意中。腹背受敵之際他突然失去意識，等他醒來後卻發現自己是唯一倖存者，也是嫌疑犯。當速水在偵訊中試圖拼湊殘缺記憶，描述卻和案發現場的情況有出入——那名受到槍擊的病患根本不存在……惡夢般的一晚、醫院的秘密、不存在的病患，究竟從何時開始才是現實？最終又會迎來什麼衝擊性的真相？,3,這本書高度符合使用者對主角特質的需求：主角是專業醫師而非完美高中生（非戰鬥類、無外掛），且劇情核心圍繞在記憶缺失、資訊不對稱所導致的危機感與心理戰，完全契合使用者喜歡「因遺忘重要信息而產生危機」的設定。雖然世界觀規模較小（限於醫院），但其邏輯建構與懸疑氛圍足以滿足使用者對結構完整度的要求。
q19,"如題 最近看的書越來越多 總覺得自己也越來越挑了 希望有人能推薦一些好書
以下條件：
1. 女主是（外表）蘿莉（可愛的少御也是可以啦）
2.有戀愛的元素（後宮可以 但拜託不要無腦倒貼）
3.希望是異世界（不一定要穿越）
4.有傲嬌或無口或吃貨之類的屬性更好
拜託各位了",73b82f44-5640-544b-b6cf-b5353eabd32c,我理想中的異世界生活,上原りょう,6.8,連載,"異世界, 後宮, 歡樂向, 其他文庫, 日本輕小說",「蜜月旅行！大家一起去泡溫泉吧！」我轉生到異世界變成獸耳少年諾倫了！與貓耳米西雅、狐耳琦瑟、兔耳拉比梅亞三人共渡理想後宮蜜月！,2,該書符合異世界設定且包含後宮與可愛的獸耳少女，滿足了用戶對背景和女主外型的基本要求。然而，簡介中提到的「理想後宮蜜月」強烈暗示這是一部願望滿足向的作品，極有可能包含用戶明確排斥的「無腦倒貼」元素，因此分數下調。
q21,"最近剛看完三角距離無限為零
雖然胃在痛不過還是很喜歡三角戀這個要素
有人可以推薦一下類似的作品嗎?
當然不一定要三角戀 更多也行 只是想看這種描述男女主如何在戀愛中痛苦掙扎的小說
有糖更好 因為之後胃會更痛",7332d34d-2cbb-5795-82aa-9f8f112531d1,「現在才說喜歡我，已經太遲了！」我在放學後的教室里這樣說。隔天，欺負我的青梅竹馬卻變得超級甜蜜……？,悠/陽波ゆうい,1.3,完結,"戀愛, 青梅竹馬, 歡樂向, 校園, 病嬌, kakuyomu, Web輕小說",「喂，有誰給我青梅竹馬吃了什麼奇怪的東西嗎？」青梅竹馬的樣子很奇怪……從昨天開始就不對勁了。「涼夜，我不想離開你……」「我想一起洗澡！！」「……不吻我就不讓開。」優菜，妳怎麼了!?妳可不是這樣的角色啊!?,1,用戶明確表達想看包含三角戀、情感掙扎且具有「虐心」感（胃在痛）的作品。然而，推薦的書籍標記為「歡樂向」，且劇情描述偏向甜蜜的青梅竹馬反轉，缺乏用戶所追求的痛苦掙扎與複雜的情感衝突，基調完全不符。
q1,"現在對於小說的要求越來越高了，
而且慢慢的發現現在除了狗糧基本上都看不進去，
連以很喜歡的異世界主題都看不進去了，
好想念從前那個什麼都可以看得很快樂的自己

說回主題，希望可以找到沒看過的狗糧系小說，
可以接受小刀，但一定要無黃毛無牛頭人，
但背景自帶沈重的例如「戀愛光譜」「刮鬍」這一類的也不喜歡，
黨爭就...看情況吧但其實我也一般般",ca760fb1-611d-54e1-914b-77c7041a9c66,甩了劈腿女友之後，我被全校第一美少女打包帶回家了,マキダノリヤ,16.1,連載,"校園, 青春, 戀愛, 歡樂向, 後宮, 角川文庫, 日本輕小說",「不、不會吧……？」目睹這輩子交的第一位女朋友──莉愛的劈腿現場，新世當場發了訊息告訴她『我們分手吧」，親手結束了一切。意志消沉的他受邀參加了聯誼，但在那場聯誼中，誰能跟誰在一起似乎是事前就安排好的。新世在聯誼上感覺很不自在，於是悄悄地離席。這時候，追著他出來的是全校第一美少女──雙葉憐奈。憐奈冷不防地吻了他，還說自己參加聯誼是為了與新世相見。然後，新世竟然就這樣被憐奈帶回家去了!? 憐奈雖然積極地領導，但是與新世單獨相處的時候，卻只能笨拙地撒嬌……「選我吧。不，應該說……請選擇我。」與專情的她攜手重新來過，有一點成熟大人風味的純愛喜劇！,3,使用者希望尋找輕鬆、甜蜜的「狗糧」小說，且明確要求無牛頭人（NTR）且背景不可過於沉重。該推薦書籍雖然開篇涉及劈腿，但那是作為主角擺脫舊情、開啟新戀情的觸發點，主線定位為「純愛喜劇」且標記為「歡樂向」，完全符合使用者對甜蜜戀愛與輕鬆氛圍的需求。
q1,"現在對於小說的要求越來越高了，
而且慢慢的發現現在除了狗糧基本上都看不進去，
連以很喜歡的異世界主題都看不進去了，
好想念從前那個什麼都可以看得很快樂的自己

說回主題，希望可以找到沒看過的狗糧系小說，
可以接受小刀，但一定要無黃毛無牛頭人，
但背景自帶沈重的例如「戀愛光譜」「刮鬍」這一類的也不喜歡，
黨爭就...看情況吧但其實我也一般般",bbc366e4-be89-5323-8277-dfc820c933c5,僅我知曉放學後的聖女不單只是尊貴,戶冢陸,10.4,連載,"校園, 青春, 戀愛, 歡樂向, 富士見文庫, 日本輕小說",甜蜜、珍貴、兩人青春的開始——「你也要來嗎？」那時是晚上十一點。平凡的高中生·倉木大和從便利店回家的路上與被稱為聖女的同班美少女·白瀨聖良同學相遇。大和答應她的邀請，與她一同在深夜的街市消磨時間，以那一天為契機二人加深了交流。第一次一起玩飛鏢遊戲、借CD、一起吃遍各種拉麵……聖良那偶爾撒嬌又有點小孩子氣的一面讓大和無聊的日常生活染上色彩。「那個時候，大和能跟我一起來真的是太好了」大和與低調的聖女一起度過的甜蜜、珍貴、青春與戀愛的故事就此拉開帷幕——。,3,使用者明確要求「狗糧系」小說，且排斥沉重背景、NTR（黃毛/牛頭人），傾向於輕鬆甜蜜的作品。推薦的小說標籤為「歡樂向」、「戀愛」，內容描述為甜蜜的校園青春戀愛故事，完全符合使用者對「純甜」、「無沉重設定」的需求，是非常理想的匹配。
q3,"可以幫忙推薦幾部跟這部風格類似的輕小說
這部吸引我的地方有幾個:
1.男女主角純愛堅定不移
2.各種甜蜜的打情罵俏劇情
3.異世界轉生戰鬥、魔法
4.中間雖然各種虐，但最後還是排除萬難再一起",66709571-07a9-5578-985b-c8fece41bc12,轉生為七女兒開始的異世界生活 ～聽說擁有萬能魔力在貴族社會也能輕鬆生活!? ～,四葉夕卜,49.4,連載,"奇幻, 冒險, 百合, 異世界, kakuyomu, Web輕小說",女子高中生鹿波米莉婭轉生為貴族的七女兒，夢想著過上平穩的生活。但是轉生地點是貧窮的鄉下貴族。領主是一根筋，母親是消極主義，長女是陰鬱的性格，次女是多次出軌的壞女人，女婿是個蘿莉控，而自己馬上要與貧窮的商人家訂婚……情況比前世更差。「逃離領地，過平靜的生活！」為了得到安穩的生活，她每天都在修鍊魔法，然後悄悄進入了王國女子學院學習。來吧，開始第二人生，交到可愛的朋友，一起開烤肉派對！——這麼想著，因為萬能的魔力，周圍人的評價變得一發不可收拾。「爵位？不需要！」「謁見？太麻煩！」我行我素的米莉婭並不在乎這些，她的目標只是用萬能魔力悠閑地度過平靜的日子。,1,推薦書籍雖然符合「異世界轉生」和「魔法」的設定，但完全不符合使用者最核心的需求：男女主角之間的純愛、打情罵俏以及經歷波折後在一起的浪漫劇情。此外，該書標記為「百合」，與使用者期待的男女主角關係不符。
q3,"可以幫忙推薦幾部跟這部風格類似的輕小說
這部吸引我的地方有幾個:
1.男女主角純愛堅定不移
2.各種甜蜜的打情罵俏劇情
3.異世界轉生戰鬥、魔法
4.中間雖然各種虐，但最後還是排除萬難再一起",4ab3cdb5-95d2-5432-a4f9-8edc0f97e6c7,轉生附體炮灰♂角色的我絕不放棄TS！,不破ふわり,54.4,連載,"轉生, 性轉, 歡樂向, 校園, 奇幻, 戰鬥, 魔法, 蘿莉, 異能, kakuyomu, Web輕小說",既然要轉生的話那當然是要成為美少女。男子死後轉生到了自己愛看的現代迷宮系漫畫的世界。然而轉生成的是炮灰♂角色。「為什麼我不是女孩子呀……！」要轉生的話變成美少女更好。男子在心中懷抱著如此理所當然的真理，以炮灰♂角色（沒有出場戲份）的身份為了達成自己的目的而活下去。目標是成功奪取到原作一年後發生的TS事件。然後是得償所願地變成美少女！這就是活在現代迷宮世界的探索者的故事。同時也是被TS願望燒壞大腦的男子的故事。另外，因為TS願望而去女裝，讓原作所有勢力將其視為未知的新勢力而警戒這一點就暫且先不考慮吧。,1,雖然推薦書籍包含異世界轉生、魔法與戰鬥元素，但其核心主題是關於「性轉 (TS)」的搞笑劇情，完全缺乏使用者要求的「男女主角純愛」、「甜蜜打情罵俏」以及「克服困難在一起」的浪漫情感線，與使用者的核心意圖不符。
q3,"可以幫忙推薦幾部跟這部風格類似的輕小說
這部吸引我的地方有幾個:
1.男女主角純愛堅定不移
2.各種甜蜜的打情罵俏劇情
3.異世界轉生戰鬥、魔法
4.中間雖然各種虐，但最後還是排除萬難再一起",efa4b42a-5d1b-5515-9deb-2dd8b0e75310,伊甸回憶錄,高木鳴,5.4,連載,"奇幻, 轉生, 魔法, 戀愛, 龍傲天, 原生幻想, 華文輕小說",轉生後可以控制物理規律？從教學樓頂摔下（？）來的中國高中生竟然轉生到了異世界。不具備魔法天賦的他卻成為了世人所禁忌的存在…伊甸乃人間天堂，但其仍處於常世。,2,推薦書籍符合異世界轉生、魔法與戀愛的設定，滿足了用戶對世界觀的要求。然而，簡介中並未提及男女主角是否具有「純愛堅定」、「甜蜜打情罵俏」或「先虐後圓滿」的具體情感發展特徵，因此僅能確定部分匹配。
q3,"可以幫忙推薦幾部跟這部風格類似的輕小說
這部吸引我的地方有幾個:
1.男女主角純愛堅定不移
2.各種甜蜜的打情罵俏劇情
3.異世界轉生戰鬥、魔法
4.中間雖然各種虐，但最後還是排除萬難再一起",6eacb1fb-2586-5d01-8f94-e1fdfa6fb02c,英雄與魔女的轉生戀愛喜劇,雨宮和希,15.5,連載,"轉生, 校園, 戀愛, 歡樂向, 青梅竹馬, 青春, 講談社, 日本輕小說",平凡的高中生·白石護道有個『秘密』——那就是他擁有前世的記憶。在與這裡不同的另一個世界，護道曾是拯救人類的『英雄』。儘管如此，這也是前世的事情了。今世本應過著非常普通的學生生活，但由於班裡出現的轉校生椎名麻衣，平凡的日子徹底改變了。她和護道一樣是個轉生者，是曾經讓異世界陷入災難的『魔女』。雖然在前世兩人互相殘殺過好幾次，護道尋思著事到如今又有何貴幹呢，麻衣說道：「——沒有你，我就活不下去！」「……啊？」第11回講談社輕小說文庫新人獎《佳作》獲獎作。從異世界轉生到現代日本的老好人英雄和廢柴魔女扭曲的青春戀愛喜劇！,2,這部作品符合「轉生」、「純愛/戀愛」以及「打情罵俏（戀愛喜劇）」的元素，且主角在前世具有英雄與魔女的身分，對應了使用者提到的戰鬥與魔法背景。然而，故事的主要舞台是「現代校園」而非「異世界」，在戰鬥與魔法的實踐程度（即設定場景）上與使用者的核心需求有所偏差。
q4,"由於自己的胃口比較獨特的原因，喜歡男主被拋置於各種不利的情節或者感情中，也是因為這樣，喜歡看那些讓人看完后心緒難以平靜的小說，就我看過的來說，無職，re0，妹妹人生，異世界迷宮最深等，在某種程度上來說都有慘烈的一部分（感情上或者情節上都是），也沒有一定要轉生異世界，現實日常要是能描繪出這些來也很好了。
尤其那種男主能不斷被放置在痛苦或者恐懼之中，一邊流露出作者思考的文字的小說，再好不過。",e746c6db-0b59-5896-93a9-f4dcb59ea443,剪刀男,殊能將之,16.3,完結,"懸疑, 犯罪, 驚悚, 講談社, 日本輕小說",迷戀著美少女的體溫，卻又憧憬死亡的懷抱……徘徊在強烈的殺人慾望和自殺願望的陰暗夾縫中，連續殺人犯「剪刀男」終於找到了完美的第三名犧牲者。正欲下手之際，卻陰錯陽差地成了屍體發現人！「我可以承認殺了前兩人，但絕對不想因為沒做的事情被抓！」於是剪刀男決定挺身而出，找出真正的兇手。剪刀男究竟能不能在警方找上門前，揪出真兇？同時順利地自殺成功，達成擁抱死亡的願望？,1,用戶追求的是「虐心」或男主處於極端痛苦、絕望境地的作品（如《Re:Zero》、《妹妹人生》），強調的是情感上的摧殘與精神上的折磨。而《剪刀男》雖然基調陰暗且男主處於被警方追捕的危機中，但其核心屬性是「犯罪懸疑」與「驚悚」，男主的痛苦更多來自於精神病態與生存壓力，而非用戶所渴望的那種宿命感或情感上的劇烈衝突，與用戶的核心需求存在偏差。
q6,很喜歡看戰爭或戰記類型的小說，不要有魔法一發收拾或莫名其妙的神器，也別機械降神，主角可以強但不要把對手變白癡，暑假到了求書來啃，斷尾或沒完結也沒關係。,59aa8c46-fe18-584f-8aa2-02e9acacfdfb,大逃殺,高見廣春,35.1,完結,"遊戲, 鬥智, 黑暗, 獵奇, 驚悚, 大逃殺, 其他文庫, 日本輕小說",大逃殺題材開山鼻祖之作——挑戰人類想像力之極限、撼動人性道德界線驚悚大作！血淋淋呈現人性最終本能與慾望！「各位同學，你們班被選為今年『計畫』的對象啦。」每個中學生日夜憂懼的夢魘還是降臨到了他們身上。原本應該是一次留下美好青春回憶的國三畢業旅行，現在卻成了生命的畢業旅行。可是，要殘殺自己平時相處在一起的同班同學，那怎麼可能！？但你若不投入這場「遊戲計畫」，奮力一戰，就得被迫從人生舞台畢業！！！戰爭已經開始，你準備好了嗎？,1,用戶明確要求的是「戰爭或戰記」類型的小說，而《大逃殺》雖然涉及殘酷的生存鬥爭且符合「無魔法、無神器」的設定，但其核心屬性是「生存遊戲」與「心理驚悚」，而非軍事戰爭或戰記類作品，與用戶的核心意圖僅有部分邊緣相關。
q10,"像是果青友少這種的
年份的話最近三到五年為主
背景是校園戀愛喜劇為主
有複數女角讓男主多選一
啊不要開場就有女朋友鎖死的
那種我覺得其他女角只是浪費時間而已",ee887a96-2271-523f-ba0b-523297424cdc,合奏女孩！,日日日,26.5,完結,"校園, 青春, 戀愛, 歡樂向, 百合, 其他文庫, 日本輕小說",歡迎來到君咲學院！在風光明媚的大自然環繞中，有一間私立君咲學院，直到去年為止仍是歷史悠久的女子學校，但受到時代影響，如今正要轉型為男女合校，而你正是轉學進入君咲學院，校內唯一的男學生。這時有可能舉行的「學生會長重選」正好在校內造成話題，而你遇上的便是現任學生會長鶴海妃麻里，以及其「競爭對手候補人」的少女們。敬請盡情享受發生在君咲學院，波濤洶湧的日常生活。,3,該書設定為男女合校後唯一的男學生，身邊圍繞著多位女性角色（學生會長及其競爭對手），完全符合用戶要求的「校園戀愛喜劇」、「複數女角多選一」以及「開場沒有鎖死女友」的核心需求。
q11,"最近人比較負面，
想看一些有共鳴的小說。
有沒有那種「我一個人爛就好了別搞其他人」的主角的輕小說？以前看大老師自暴自棄滿戳中我的。
宅宅現實找不到人取暖，希望能找輕小說取。",83788293-8fbb-538c-828f-8c6675df510e,再見宣言,三月みどり,7.5,完結,"音樂, 校園, 青春, 戀愛, MF文庫J, 日本輕小說",只要不會被當就好了，不用天天去上學也沒差。不過，該念書時還是念一下，也跟其他人一樣上大學，畢業後就當個上班族之類……我窩在家裡耍廢，想像著這種平凡無奇的未來。但在高中最後一年的春天，我遇見了妳，深深受到妳的影響。理應完全相反的兩人邂逅且互相吸引。在戀愛與實現夢想的天平兩頭搖擺不定，兩人做出的選擇是──面對真正的自己，揮別徒具表面的昨天，在青春時期恣意綻放！,2,主角最初「在家耍廢」、「只要不被當掉就好」的消極狀態，與使用者提到的「一個人爛就好」以及對孤獨感的共鳴有一定的重合。雖然故事後續傾向於青春成長與救贖，與大老師那種極端且自虐的自暴自棄風格略有出入，但仍能滿足使用者尋找「邊緣人/宅宅」視角輕小說的需求。
q11,"最近人比較負面，
想看一些有共鳴的小說。
有沒有那種「我一個人爛就好了別搞其他人」的主角的輕小說？以前看大老師自暴自棄滿戳中我的。
宅宅現實找不到人取暖，希望能找輕小說取。",84e1daf5-aa5d-5a8d-b51d-ea15b7659f05,妳最後留下的歌,一條岬,9.9,完結,"校園, 青春, 戀愛, 輕文學, 角川文庫, 日本輕小說",在鄉下小鎮和祖父母一起生活的我，唯一的興趣就是寫詩。原本預期自己會過著平凡一生的我，遇見了同班的遠坂綾音。得知我的秘密興趣之後，綾音邀我「一起寫歌」，自此刻起，我的人生開始產生變化。綾音因為「某種理由」無法寫歌詞，我便代她作詞，由她來唱。隨著四季流轉，我從她那裡得到無數珍寶，然而……由擅長描繪戀愛男女細膩心境的一條岬獻上，今年春天最令人淚流不止的動人戀曲！,1,使用者明確要求尋找像《果青》大老師那樣具有「自我厭惡」、「不願牽連他人」或「自暴自棄」特質的主角以尋求共鳴。而推薦的小說是一部典型的青春戀愛催淚作，重點在於男女主角的羈絆與情感交流，並非使用者要求的特定性格設定，無法提供所需的心理共鳴。
q15,"喜歡的類型 是異世界 轉生 重生 穿越 校園異能 幻想世界 劍與魔法 主角最強 多後宮 戰鬥要夠中二 都行
夠套路
要男主 一定要有戰鬥 後宮 沒後宮也沒關係但要有女主 如果主角拿的是劍我會更開心
不接受有沒男主的 例如蜘蛛又怎樣 能力值平均 怕痛的我
不接受虐主的 除了re 0 是因為動畫入坑的 除非前面虐後面很爽的這樣可以例如平職
需要裝逼讓我看的會高潮的 所以無職轉生我看不下去因為太真實太哭逼了",68d559e6-811c-53b2-933d-0221ce8d6092,雖然我是註定沒落的貴族 閑來無事只好來深究魔法,三木なずな,10.0,連載,"轉生, 魔法, 冒險, 龍傲天, 後宮, 其他文庫, 日本輕小說",一名在半夜喝酒的男子，一覺醒來竟發現自己變成了小孩。而且自己還從此成為異世界貴族家的五男，連恩。儘管這突如其來的狀況讓男子不知所措，但由於一直以來對魔法懷抱的憧憬，加上不需要工作，因此男子很快便開始享受起這份能盡情練習魔法的愉快生活。而似乎擁有魔法天份的他，不僅迅速學會了屬性魔法，還陸續學會如何召喚精靈並獲得優秀從魔，甚至藉由「道具箱」、「異空間」等魔法蓋起房子，無論多麼困難的魔法都能迅速精通。為了從註定沒落的貴族家獨立，而成為冒險者的男子，曾幾何時已是世界首屈一指的魔術師，甚至還成為了地位更勝從前的大貴族。以最強貴族為主角，逍遙隨性的魔法奇幻故事！,3,該書完全符合用戶的需求：包含異世界轉生、男主最強（龍傲天）、後宮設定以及魔法幻想世界。情節走向屬於輕鬆的強者成長路徑，沒有虐主情節，符合用戶要求的「裝逼」與「套路」感，且非非人類主角，是非常精準的推薦。
q18,"我最近剛看了龍王的工作的小說
雖然不懂將棋，但覺得對局的刻劃很棒
能看到將棋解說
也會側面描寫一些職業棋士、女流棋士的差別和情況

最喜歡的部分是銀子挑戰獎勵會那邊
書裡描寫的女性棋士會被小看的部分
那種低人一等、逆境求生的感覺做得很真實(?不會形容，總之很有代入感
銀子加油，不要輸給將棋星人!

希望各位能分享一些好看的將棋小說!!",ba402ac8-1695-55ad-9b92-7b54c482e86a,八咫烏系列,阿部智里,74.6,完結,"奇幻, 懸疑, 戀愛, 女性視角, 其他文庫, 日本輕小說",在櫻花紛落的絢爛宮殿，浪漫奇譎的選妃之爭，將揭開序幕！由「八咫烏」一族所支配的世界「山內」，正進行著下任統治者「金烏」的選妃活動。相互爭權的東南西北四大貴族，分別派出了各家千金，誰家得以入主後宮，將大幅影響今後的權力分配，也因此形成各種陰謀、企圖與愛情所捲起的混亂漩渦。各具魅力的千金，帶著如春夏秋冬般分明的特質競逐妃位。但事實上，她們的背後藏著許多秘事……有如源氏物語般華美的宮廷背後，暗藏著不斷擴大的詭計。究竟誰能雀屏中選呢？無法預測的反轉！即使穿上如此美麗的華服，妳還是妳，永遠都是最堅強、最漂亮的人！,0,使用者明確要求推薦關於「將棋」的小說，並特別提到對對局刻劃及女性棋士處境的關注。而推薦的《八咫烏系列》是一部奇幻宮廷權謀小說，內容與將棋完全無關。
q18,"我最近剛看了龍王的工作的小說
雖然不懂將棋，但覺得對局的刻劃很棒
能看到將棋解說
也會側面描寫一些職業棋士、女流棋士的差別和情況

最喜歡的部分是銀子挑戰獎勵會那邊
書裡描寫的女性棋士會被小看的部分
那種低人一等、逆境求生的感覺做得很真實(?不會形容，總之很有代入感
銀子加油，不要輸給將棋星人!

希望各位能分享一些好看的將棋小說!!",152e7e0b-b19b-5096-ba14-cb6038ae46f4,ONE PIECE novel HEROINES 航海王 女英雄們的故事,江坂純,4.7,連載,"奇幻, 冒險, 戰鬥, 群像, 女性視角, 集英社, 日本輕小說",於時裝秀登台的娜美、協助可亞拉和薩波解讀黏土板的羅賓、因一封情書而盛傳謠言的薇薇、與密佛格爭奪紅酒的培羅娜等等，此小說短篇集以女性角色為主角，描寫本篇中所沒有的、關於她們的魅力！,0,使用者明確要求推薦「將棋小說」，而推薦的書籍是《航海王》的女性角色短篇集，兩者在主題、類型與核心內容上完全沒有關聯。
q17,"求推薦世界觀建構完整
主角很清楚當下該做甚麼
是不太希望主角輕鬆拿到一堆外掛這種的
然後也蠻喜歡主角大意、失誤或忘記重要信息導致危機感這種狀況發生
非戰鬥類主角也可以，感覺這類主角穿越的比較多?
但是如果是一個高中生通十八般武藝心理素質又特好的就不要",8b4da5d2-c564-550f-a69f-54b7db5632ab,靠心理學的異世界後宮建國記,ゆうきゆう,22.9,完結,"轉生, 歡樂向, 戀愛, 後宮, MF文庫J, 日本輕小說",難波心太是個雖然非常喜歡女生，卻懷有女性恐懼症（兼溝通障礙），甚至無法好好和女生交談，天生走狗屎運的高中男生。他在一次意外中來到異世界，睜開眼睛時發現自己身上只有一本心理學書籍。心太廢寢忘餐地將那本書鉅細靡遺地熟讀，並發誓要靠心理學知識在這個世界活下去，但是──？這是個沒獲得任何能力或技能，當然也沒有財富和地位的少年，僅靠自己和心理學成長蛻變的故事。平凡無奇又無權無勢的少年僅靠一己之力接二連三地攻陷少女的芳心，最後甚至可能成為國王？全新風格戀愛攻略後宮奇幻故事，就此揭開序幕！,1,主角雖然沒有強大外掛且並非全能高中生（符合部分條件），但本書標籤為「歡樂向」且核心在於「後宮戀愛」，缺乏使用者明確要求的「完整世界觀」以及因失誤而產生的「危機感」。整體基調與使用者追求的緊張感與建構感不符，僅有表面上的設定重疊。
q24,"要求有點難找
希望推薦""戰爭+戀愛""要素的輕小說,不是戰""鬥""是戰""爭""
要完結了的,GOOD ENDING最好",c108ce09-2d58-51b6-a2e4-6eecf6af8243,利維坦的戀人,犬村小六,51.3,完結,"科幻, 異能, 戰鬥, 戀愛, 小學館, 日本輕小說",2027年，來歷不明的病毒為人類帶來了一場空前的毀滅性浩劫，全世界只有1%的人得以倖存。半世紀後的日本，身為新興移民市鎮．調布新町的守護者，善於練氣的久坂由紀在一次掃蕩強盜的任務中，與一名擁有不死之身的少年在二子玉川的鐵橋上展開了一場天翻地覆的激戰。同是「特進種」的兩人就此結下了不解之緣。日後，由紀率領成了部下的少年組成馬車隊前往採集物資，途中遭到來自姬路移民地、奉命前來尋找由紀下落的鳥邊野大隊趁虛而入，水火不容的兩人將如何化解性命之危？,1,作品包含戀愛要素，且背景設定在末日後的衝突世界，但其內容描述傾向於個體間的「戰鬥」與掃蕩強盜，而非使用者明確要求的大規模「戰爭」，且標籤亦標註為「戰鬥」而非「戰爭」，與核心需求不符。
q24,"要求有點難找
希望推薦""戰爭+戀愛""要素的輕小說,不是戰""鬥""是戰""爭""
要完結了的,GOOD ENDING最好",2ea499e4-d80d-55b5-a0bc-db65e20164e5,赤色羅曼史,藤原佑,72.8,完結,"校園, 奇幻, 戰鬥, 黑暗, 戀愛, 電擊文庫, 日本輕小說",長年隱居深山的非人『一族』為了種族存續的問題如今分裂成了兩派。內亂的戰火也因此延燒到人類的世界。一介平梵谷中生的霧澤景介自碰上落荒而逃的一族首領之女．枯葉的那一天起，命運便出現了巨大的轉折。一樁詭異玄妙的事件從此將他帶進理當只存在於民間傳說的妖魔世界。面對未知的種種，景介將如何抉擇……？,2,該書包含種族分裂導致的「內亂戰火」以及「戀愛」要素，符合使用者要求的核心組合。然而，標籤中包含「校園」且強調「戰鬥」，且劇情描述傾向於超自然奇幻，可能與使用者強調的「不是戰鬥而是戰爭」（通常指大規模軍事或政治衝突）在氛圍上有落差，因此給予 2 分。
q24,"要求有點難找
希望推薦""戰爭+戀愛""要素的輕小說,不是戰""鬥""是戰""爭""
要完結了的,GOOD ENDING最好",6816b94a-cf20-52af-8803-81dd1742f572,遙遠時空3,KOEI,71.0,完結,"轉生, 奇幻, 戰鬥, 戀愛, 青梅竹馬, 女性視角, 遊戲劇本, 日本輕小說",(遊戲線程劇情)本作與前兩代不同，不再只是借用平安時代的背景所創造出的模糊時段，而是明確的借用了源氏與平家戰爭這一明確的歷史事實。遙3人物里也有多位是歷史上鼎鼎大名的人物，當然造型什麼的並不與史實完全相同……而人設的巨大變化、部分八葉性格的顛覆以及女主角的女王化，這樣符合時代潮流的改革與創新使遙久系列再次邁上一個高峰。,3,該作品明確提及背景為歷史上的「源氏與平家戰爭」，符合使用者強調的「戰爭」而非單純「戰鬥」的要素，且標籤包含戀愛，完全符合用戶對戰爭與戀愛結合的核心需求。
